Date,Open,High,Low,Close,Adj Close,Volume
2020-12-31,119.70999908447266,121.05999755859375,119.16000366210938,120.91000366210938,112.74871063232422,1747800
2021-01-04,121.30000305175781,121.80000305175781,116.8499984741211,118.04000091552734,110.0724105834961,3472100
2021-01-05,118.26000213623047,119.27999877929688,117.0999984741211,118.66999816894531,110.65987396240234,2112700
2021-01-06,121.0,124.7300033569336,120.80999755859375,123.05999755859375,114.75355529785156,5861500
2021-01-07,124.0999984741211,125.69000244140625,117.3499984741211,121.66000366210938,113.84586334228516,8696600
2021-01-08,122.06999969482422,122.19999694824219,119.5199966430664,121.77999877929688,113.9581527709961,2934500
2021-01-11,120.41999816894531,121.41000366210938,119.38999938964844,121.05999755859375,113.28439331054688,3311000
2021-01-12,122.0,122.31999969482422,120.72000122070312,121.62000274658203,113.80842590332031,2671300
2021-01-13,121.5999984741211,123.88999938964844,121.16000366210938,122.4000015258789,114.53832244873047,3678300
2021-01-14,122.6500015258789,124.5,122.08999633789062,123.77999877929688,115.82968139648438,3404700
2021-01-15,122.4800033569336,122.86000061035156,121.70999908447266,122.1500015258789,114.3044204711914,3948200
2021-01-19,125.48999786376953,128.05999755859375,124.23999786376953,126.75,118.60894012451172,5818500
2021-01-20,127.19000244140625,129.5399932861328,127.06999969482422,128.94000244140625,120.65827178955078,4090200
2021-01-21,128.2899932861328,128.88999938964844,126.0999984741211,127.43000030517578,119.2452621459961,3654900
2021-01-22,125.73999786376953,127.05999755859375,124.87999725341797,126.13999938964844,118.03813171386719,2954800
2021-01-25,124.23999786376953,125.0,120.31999969482422,121.1500015258789,113.36861419677734,6156700
2021-01-26,118.75,120.29000091552734,115.72000122070312,116.1500015258789,108.68978118896484,8932500
2021-01-27,114.86000061035156,116.80000305175781,112.0999984741211,114.08999633789062,106.76207733154297,5816900
2021-01-28,117.43000030517578,120.37999725341797,116.5999984741211,118.97000122070312,111.32864379882812,5788500
2021-01-29,117.73999786376953,118.38999938964844,115.80999755859375,116.26000213623047,108.79270935058594,5059300
2021-02-01,117.69999694824219,119.29000091552734,117.0,117.02999877929688,109.51325988769531,3359800
2021-02-02,118.29000091552734,122.41999816894531,118.27999877929688,120.69999694824219,112.94754028320312,4036700
2021-02-03,120.08000183105469,120.9800033569336,119.55999755859375,120.44000244140625,112.70423889160156,2782500
2021-02-04,120.98999786376953,125.41000366210938,120.80000305175781,124.9000015258789,116.87776947021484,3915900
2021-02-05,126.62000274658203,127.33999633789062,125.62999725341797,126.27999877929688,118.16912841796875,3184200
2021-02-08,126.87000274658203,128.39999389648438,126.75,127.98999786376953,119.76929473876953,3360900
2021-02-09,127.6500015258789,127.66000366210938,126.19999694824219,126.68000030517578,118.54345703125,2175000
2021-02-10,127.62999725341797,128.6999969482422,126.83999633789062,128.22999572753906,119.99386596679688,2929100
2021-02-11,127.44999694824219,129.1199951171875,126.9800033569336,128.30999755859375,120.0687255859375,3733000
2021-02-12,128.19000244140625,130.4600067138672,128.0,129.6199951171875,121.29459381103516,2873300
2021-02-16,128.91000366210938,130.91000366210938,128.25,130.67999267578125,122.28651428222656,2730600
2021-02-17,130.0800018310547,131.16000366210938,128.44000244140625,128.55999755859375,120.30268859863281,3088800
2021-02-18,127.48999786376953,128.8300018310547,126.08000183105469,128.49000549316406,120.23717498779297,2269700
2021-02-19,129.49000549316406,133.36000061035156,129.49000549316406,131.7100067138672,123.25037384033203,3419500
2021-02-22,131.50999450683594,136.47000122070312,131.3699951171875,135.9499969482422,127.21805572509766,3923100
2021-02-23,136.47000122070312,138.30999755859375,134.27999877929688,136.94000244140625,128.1444549560547,4814400
2021-02-24,137.1999969482422,140.9499969482422,136.80999755859375,139.88999938964844,130.9049835205078,4099500
2021-02-25,140.6199951171875,140.63999938964844,136.3699951171875,137.0800018310547,128.2754669189453,3607500
2021-02-26,137.10000610351562,138.25,133.7899932861328,135.25999450683594,126.57233428955078,3654800
2021-03-01,138.17999267578125,139.77000427246094,138.1199951171875,138.7100067138672,129.80076599121094,2972100
2021-03-02,138.24000549316406,140.19000244140625,138.0800018310547,139.25,130.30604553222656,2929100
2021-03-03,140.0,144.25,140.0,142.58999633789062,133.43153381347656,4393700
2021-03-04,142.14999389648438,144.11000061035156,139.9499969482422,142.67999267578125,133.5157470703125,4461700
2021-03-05,144.66000366210938,147.9600067138672,142.0800018310547,147.3300018310547,137.8671112060547,5048300
2021-03-08,147.27999877929688,151.4600067138672,146.72000122070312,150.27000427246094,140.61822509765625,4283400
2021-03-09,148.5800018310547,149.0800018310547,144.11000061035156,145.10000610351562,135.7803497314453,5806100
2021-03-10,145.6999969482422,148.2899932861328,145.44000244140625,146.75,137.32437133789062,3049800
2021-03-11,146.0,147.82000732421875,145.1300048828125,147.75,138.26010131835938,3147700
2021-03-12,149.10000610351562,150.63999938964844,148.02000427246094,148.5399932861328,138.99929809570312,2420100
2021-03-15,148.0399932861328,148.9199981689453,146.02999877929688,146.99000549316406,137.54896545410156,2586300
2021-03-16,147.25,147.25999450683594,142.82000732421875,143.3000030517578,134.09593200683594,4031000
2021-03-17,144.75999450683594,144.82000732421875,141.89999389648438,144.67999267578125,135.38731384277344,3278500
2021-03-18,145.49000549316406,145.5,142.07000732421875,142.5800018310547,133.42222595214844,3173600
2021-03-19,141.89999389648438,141.94000244140625,139.74000549316406,140.7100067138672,131.6723175048828,5098300
2021-03-22,139.49000549316406,140.99000549316406,138.80999755859375,139.9499969482422,130.96109008789062,2274100
2021-03-23,138.94000244140625,139.5,135.1300048828125,136.0800018310547,127.33966064453125,4905400
2021-03-24,137.97000122070312,140.0399932861328,137.61000061035156,138.4199981689453,129.52938842773438,2638900
2021-03-25,137.9499969482422,142.52999877929688,136.75999450683594,142.27999877929688,133.14144897460938,2766400
2021-03-26,143.74000549316406,143.97999572753906,141.0500030517578,143.72999572753906,134.4983367919922,2687500
2021-03-29,141.97999572753906,143.07000732421875,140.30999755859375,142.3699951171875,133.22569274902344,2220600
2021-03-30,142.89999389648438,144.47999572753906,142.61000061035156,143.49000549316406,134.2737274169922,2034500
2021-03-31,142.97999572753906,143.25999450683594,141.35000610351562,141.44000244140625,132.75326538085938,2957300
2021-04-01,142.33999633789062,144.6300048828125,142.2100067138672,144.57000732421875,135.69102478027344,2629200
2021-04-05,146.91000366210938,147.47999572753906,145.61000061035156,146.05999755859375,137.08949279785156,2960100
2021-04-06,145.97999572753906,146.52999877929688,144.3800048828125,146.14999389648438,137.1739501953125,2851200
2021-04-07,147.4199981689453,148.36000061035156,145.72000122070312,147.1300048828125,138.0937957763672,2399500
2021-04-08,146.8000030517578,147.16000366210938,144.67999267578125,147.0399932861328,138.00930786132812,2295600
2021-04-09,148.2100067138672,148.44000244140625,146.69000244140625,147.77999877929688,138.703857421875,1783400
2021-04-12,147.25999450683594,147.77000427246094,146.41000366210938,147.57000732421875,138.50674438476562,1869000
2021-04-13,146.5500030517578,146.60000610351562,143.83999633789062,145.99000549316406,137.02381896972656,2132100
2021-04-14,145.80999755859375,148.75,145.6999969482422,147.4199981689453,138.36593627929688,2141800
2021-04-15,147.50999450683594,148.58999633789062,145.5,148.52999877929688,139.40777587890625,2901200
2021-04-16,149.7100067138672,150.4499969482422,148.69000244140625,149.99000549316406,140.77813720703125,3480000
2021-04-19,149.19000244140625,149.50999450683594,147.8000030517578,148.5399932861328,139.41709899902344,2259100
2021-04-20,147.2100067138672,147.5,144.50999450683594,145.10000610351562,136.1884765625,2526700
2021-04-21,144.0,147.3800048828125,143.02000427246094,147.17999267578125,138.1407012939453,2161700
2021-04-22,147.57000732421875,148.9199981689453,145.8699951171875,147.16000366210938,138.1219482421875,3247300
2021-04-23,141.5399932861328,144.97999572753906,140.67999267578125,144.3300018310547,135.4657440185547,6395300
2021-04-26,146.8000030517578,151.1199951171875,145.55999755859375,150.33999633789062,141.1066436767578,4821100
2021-04-27,150.6999969482422,150.8800048828125,148.85000610351562,150.36000061035156,141.12539672851562,2692100
2021-04-28,150.67999267578125,153.4600067138672,149.44000244140625,152.5399932861328,143.17153930664062,2584500
2021-04-29,153.85000610351562,155.0800018310547,152.08999633789062,154.6300048828125,145.1331787109375,2636000
2021-04-30,153.60000610351562,154.0399932861328,152.47999572753906,153.35000610351562,143.93177795410156,2712700
2021-05-03,154.58999633789062,156.0500030517578,154.00999450683594,154.8000030517578,145.2926788330078,2726200
2021-05-04,154.47999572753906,155.74000549316406,152.83999633789062,154.52999877929688,145.03929138183594,3025100
2021-05-05,154.8699951171875,156.72999572753906,154.32000732421875,156.38999938964844,146.78506469726562,3001600
2021-05-06,156.86000061035156,157.50999450683594,154.02000427246094,156.8800048828125,147.24497985839844,2798800
2021-05-07,155.61000061035156,159.25999450683594,155.33999633789062,158.97999572753906,149.21597290039062,2617800
2021-05-10,159.75,160.69000244140625,158.5,158.67999267578125,148.9343719482422,2987600
2021-05-11,156.4600067138672,157.7899932861328,153.64999389648438,154.42999267578125,144.94541931152344,3900100
2021-05-12,154.72000122070312,155.89999389648438,152.07000732421875,152.3000030517578,142.94625854492188,3487400
2021-05-13,152.41000366210938,154.80999755859375,151.80999755859375,154.0800018310547,144.61695861816406,2269700
2021-05-14,155.38999938964844,157.94000244140625,154.52999877929688,157.14999389648438,147.49842834472656,1892700
2021-05-17,157.0500030517578,157.3800048828125,155.8800048828125,156.86000061035156,147.22622680664062,1541400
2021-05-18,157.36000061035156,158.3000030517578,154.86000061035156,154.99000549316406,145.47103881835938,2417800
2021-05-19,152.07000732421875,154.77999877929688,151.72000122070312,154.72999572753906,145.22703552246094,3526800
2021-05-20,155.47000122070312,156.25,153.92999267578125,155.52999877929688,145.9778289794922,3031100
2021-05-21,156.6999969482422,158.80999755859375,156.35000610351562,156.8699951171875,147.23553466796875,3424100
2021-05-24,157.6999969482422,158.91000366210938,156.9499969482422,158.63999938964844,148.8968963623047,1956900
2021-05-25,159.07000732421875,160.0800018310547,157.74000549316406,158.00999450683594,148.30557250976562,2484200
2021-05-26,158.16000366210938,159.3800048828125,157.3699951171875,158.5800018310547,148.84059143066406,3731600
2021-05-27,159.97999572753906,160.2899932861328,158.85000610351562,159.74000549316406,149.9293212890625,2828400
2021-05-28,160.25999450683594,160.63999938964844,158.86000061035156,160.1300048828125,150.29539489746094,2436400
2021-06-01,162.50999450683594,164.11000061035156,161.5500030517578,163.75999450683594,153.7024688720703,3827800
2021-06-02,164.61000061035156,165.69000244140625,163.32000732421875,164.1199951171875,154.04031372070312,3384600
2021-06-03,163.67999267578125,165.4199981689453,162.82000732421875,164.52000427246094,154.41575622558594,2454800
2021-06-04,165.0,165.72999572753906,163.32000732421875,165.0,154.86627197265625,3239300
2021-06-07,165.6300048828125,166.64999389648438,165.3699951171875,165.9199981689453,155.72975158691406,2516400
2021-06-08,164.86000061035156,167.13999938964844,163.6300048828125,166.50999450683594,156.2834930419922,2486300
2021-06-09,165.27000427246094,166.13999938964844,163.8000030517578,164.08999633789062,154.0121307373047,2700100
2021-06-10,165.17999267578125,165.2100067138672,162.1199951171875,162.22999572753906,152.26638793945312,3024500
2021-06-11,163.0,164.5399932861328,162.50999450683594,164.50999450683594,154.40634155273438,1630100
2021-06-14,164.3000030517578,164.8800048828125,163.11000061035156,163.80999755859375,153.7493438720703,2125700
2021-06-15,163.92999267578125,166.89999389648438,163.8000030517578,166.27000427246094,156.0582733154297,3726100
2021-06-16,165.77999877929688,166.64999389648438,164.27000427246094,164.67999267578125,154.56593322753906,3281300
2021-06-17,165.97000122070312,166.0,160.52999877929688,162.1300048828125,152.1725311279297,4194400
2021-06-18,158.6999969482422,159.6699981689453,157.25,158.1699981689453,148.4556884765625,6900200
2021-06-21,160.0800018310547,165.2100067138672,159.1300048828125,164.89999389648438,154.7723846435547,3681400
2021-06-22,163.4199981689453,165.24000549316406,162.4600067138672,164.5,154.39697265625,2697600
2021-06-23,165.02999877929688,166.86000061035156,164.7899932861328,166.02000427246094,155.8236541748047,2327600
2021-06-24,167.05999755859375,168.5800018310547,166.41000366210938,168.2100067138672,157.87911987304688,2417100
2021-06-25,168.4499969482422,170.41000366210938,168.4499969482422,169.4499969482422,159.04298400878906,9186000
2021-06-28,168.6199951171875,168.85000610351562,163.1999969482422,164.77999877929688,154.65977478027344,3433400
2021-06-29,165.57000732421875,166.32000732421875,163.22999572753906,164.25,154.16229248046875,2785900
2021-06-30,163.6999969482422,166.16000366210938,163.6999969482422,165.22999572753906,155.08212280273438,2331800
2021-07-01,165.64999389648438,167.3699951171875,164.69000244140625,166.94000244140625,157.09596252441406,2685900
2021-07-02,167.6999969482422,168.97999572753906,167.00999450683594,168.5,158.56399536132812,2028700
2021-07-06,172.5399932861328,172.5399932861328,167.8000030517578,169.55999755859375,159.56146240234375,4688100
2021-07-07,169.60000610351562,174.75999450683594,169.3800048828125,170.97999572753906,160.897705078125,3998900
2021-07-08,166.9499969482422,170.0399932861328,165.58999633789062,167.5,157.6229248046875,4628400
2021-07-09,170.0,172.30999755859375,169.2100067138672,171.94000244140625,161.80113220214844,3175200
2021-07-12,170.07000732421875,174.10000610351562,169.8800048828125,173.60000610351562,163.3632354736328,3154100
2021-07-13,174.0,174.74000549316406,172.4199981689453,172.6199951171875,162.44100952148438,2675000
2021-07-14,172.86000061035156,174.5500030517578,171.00999450683594,172.52000427246094,162.34689331054688,3123100
2021-07-15,171.13999938964844,173.25999450683594,171.10000610351562,172.85000610351562,162.65748596191406,3448200
2021-07-16,173.74000549316406,173.7899932861328,169.5399932861328,170.00999450683594,159.98492431640625,4359800
2021-07-19,165.64999389648438,166.3800048828125,161.47999572753906,162.80999755859375,153.20953369140625,6739800
2021-07-20,162.94000244140625,169.5800018310547,162.57000732421875,168.8699951171875,158.91217041015625,4243700
2021-07-21,170.74000549316406,173.6199951171875,169.74000549316406,172.50999450683594,162.3375244140625,3384500
2021-07-22,172.25,173.2100067138672,169.0500030517578,170.89999389648438,160.8224334716797,3335900
2021-07-23,176.52999877929688,179.6699981689453,172.9499969482422,173.17999267578125,162.9679718017578,6326600
2021-07-26,173.25,175.42999267578125,172.3000030517578,172.61000061035156,162.431640625,3115900
2021-07-27,170.4600067138672,175.1199951171875,169.9600067138672,172.94000244140625,162.7421417236328,7922600
2021-07-28,173.0,173.4499969482422,169.7100067138672,170.02000427246094,159.99429321289062,7961700
2021-07-29,171.38999938964844,173.82000732421875,171.0,171.9499969482422,161.81056213378906,3186900
2021-07-30,172.32000732421875,173.24000549316406,169.82000732421875,170.52999877929688,160.47425842285156,3441900
2021-08-02,171.13999938964844,173.36000061035156,168.75999450683594,169.27000427246094,159.28858947753906,2895700
2021-08-03,169.75,170.2899932861328,165.3000030517578,169.0399932861328,159.07211303710938,3642000
2021-08-04,168.3000030517578,170.44000244140625,167.32000732421875,168.05999755859375,158.14991760253906,3544400
2021-08-05,168.66000366210938,170.52999877929688,168.32000732421875,169.6300048828125,159.62733459472656,2535400
2021-08-06,170.52999877929688,172.85000610351562,169.74000549316406,171.36000061035156,161.25534057617188,2828700
2021-08-09,170.35000610351562,171.1199951171875,168.7899932861328,170.77999877929688,160.7095184326172,2560200
2021-08-10,170.72999572753906,171.6999969482422,168.67999267578125,169.49000549316406,159.4955596923828,3389500
2021-08-11,169.4499969482422,170.72999572753906,168.6699981689453,170.6699981689453,160.6060028076172,3843400
2021-08-12,170.02000427246094,170.11000061035156,167.97000122070312,168.52000427246094,158.58279418945312,3372800
2021-08-13,168.08999633789062,168.3000030517578,165.61000061035156,166.0800018310547,156.2866973876953,4157700
2021-08-16,164.77000427246094,165.89999389648438,162.6300048828125,165.75,155.97608947753906,3845400
2021-08-17,164.75999450683594,166.35000610351562,163.35000610351562,164.64999389648438,154.94100952148438,7631600
2021-08-18,163.8300018310547,165.13999938964844,162.05999755859375,162.1300048828125,152.569580078125,3563700
2021-08-19,160.16000366210938,161.08999633789062,157.3300018310547,159.02999877929688,149.6523895263672,4256400
2021-08-20,158.85000610351562,159.99000549316406,158.05999755859375,159.75,150.32994079589844,3075000
2021-08-23,161.22999572753906,161.85000610351562,160.11000061035156,160.4499969482422,150.98866271972656,2006300
2021-08-24,160.60000610351562,161.89999389648438,160.19000244140625,161.1999969482422,151.69442749023438,2377600
2021-08-25,161.8800048828125,167.22999572753906,160.5,166.17999267578125,156.3807373046875,3579900
2021-08-26,165.97000122070312,166.5,164.3800048828125,165.50999450683594,155.750244140625,3164700
2021-08-27,165.35000610351562,168.88999938964844,165.16000366210938,168.64999389648438,158.705078125,3002300
2021-08-30,168.16000366210938,168.3000030517578,164.2100067138672,164.25999450683594,154.573974609375,2582100
2021-08-31,164.10000610351562,166.42999267578125,163.72000122070312,165.9600067138672,156.17373657226562,3536300
2021-09-01,166.33999633789062,167.27999877929688,164.1300048828125,164.44000244140625,154.74339294433594,2569000
2021-09-02,165.0500030517578,165.0800018310547,161.13999938964844,162.0500030517578,152.4942626953125,4350600
2021-09-03,160.75,161.27999877929688,158.1699981689453,159.3000030517578,149.90647888183594,4206500
2021-09-07,158.8699951171875,160.66000366210938,158.57000732421875,159.72000122070312,150.30169677734375,3779000
2021-09-08,159.19000244140625,159.25999450683594,156.8000030517578,158.92999267578125,149.55825805664062,3056700
2021-09-09,158.77999877929688,162.14999389648438,158.5399932861328,159.38999938964844,149.99114990234375,3295800
2021-09-10,161.1699981689453,161.4600067138672,158.38999938964844,158.72000122070312,149.3606719970703,2943700
2021-09-13,160.63999938964844,161.8000030517578,159.75,161.4499969482422,151.9296417236328,3192500
2021-09-14,162.67999267578125,165.8300018310547,158.77999877929688,159.47999572753906,150.07583618164062,4281500
2021-09-15,160.02000427246094,162.30999755859375,159.2100067138672,161.33999633789062,151.82615661621094,2933100
2021-09-16,163.10000610351562,164.5,162.1999969482422,162.6300048828125,153.04013061523438,2765000
2021-09-17,161.57000732421875,164.25,161.57000732421875,163.9199981689453,154.25401306152344,6390600
2021-09-20,159.36000061035156,162.13999938964844,157.9499969482422,160.57000732421875,151.10157775878906,5976900
2021-09-21,161.91000366210938,165.35000610351562,161.69000244140625,163.27000427246094,153.64239501953125,3480600
2021-09-22,165.6199951171875,168.6199951171875,164.89999389648438,167.49000549316406,157.61354064941406,3562800
2021-09-23,169.49000549316406,174.10000610351562,169.30999755859375,173.36000061035156,163.1373748779297,4399200
2021-09-24,173.3699951171875,176.0,173.3000030517578,175.72000122070312,165.3582305908203,2680400
2021-09-27,177.6699981689453,178.8000030517578,176.3300018310547,176.77000427246094,166.34629821777344,3703300
2021-09-28,175.49000549316406,177.24000549316406,172.69000244140625,173.13999938964844,162.9303741455078,3862200
2021-09-29,172.88999938964844,172.97999572753906,170.39999389648438,171.5399932861328,161.42471313476562,2726100
2021-09-30,172.17999267578125,172.36000061035156,167.41000366210938,167.52999877929688,157.65115356445312,3088200
2021-10-01,168.5,175.1199951171875,168.47999572753906,173.94000244140625,163.6831817626953,3956000
2021-10-04,173.8800048828125,177.22999572753906,171.8800048828125,172.66000366210938,162.4786376953125,3613900
2021-10-05,173.42999267578125,176.05999755859375,172.63999938964844,174.75999450683594,164.454833984375,2629400
2021-10-06,172.5500030517578,174.89999389648438,169.89999389648438,173.39999389648438,163.1750030517578,2922200
2021-10-07,175.5,176.8699951171875,173.6999969482422,174.2899932861328,164.4202423095703,3578800
2021-10-08,173.85000610351562,176.97999572753906,173.52999877929688,175.14999389648438,165.23159790039062,2375300
2021-10-11,175.7899932861328,176.7899932861328,173.3300018310547,173.4600067138672,163.63726806640625,2499200
2021-10-12,173.61000061035156,176.55999755859375,173.10000610351562,174.91000366210938,165.005126953125,3069500
2021-10-13,172.77999877929688,174.08999633789062,167.0800018310547,168.72000122070312,159.1656951904297,5608100
2021-10-14,171.0,172.3800048828125,169.80999755859375,171.50999450683594,161.7976837158203,3061900
2021-10-15,173.77000427246094,177.77000427246094,173.14999389648438,175.80999755859375,165.85421752929688,3043900
2021-10-18,175.5800018310547,177.61000061035156,174.3300018310547,176.82000732421875,166.80702209472656,2623300
2021-10-19,177.72999572753906,178.0,176.25999450683594,177.30999755859375,167.2692413330078,1400100
2021-10-20,176.9499969482422,179.77000427246094,176.2100067138672,179.60000610351562,169.42959594726562,2398500
2021-10-21,179.5800018310547,179.7899932861328,176.00999450683594,177.47000122070312,167.42018127441406,3313800
2021-10-22,185.0,189.02999877929688,182.1999969482422,187.0800018310547,176.48597717285156,6026100
2021-10-25,186.72999572753906,187.2100067138672,181.8300018310547,182.30999755859375,171.986083984375,3889600
2021-10-26,183.4199981689453,183.5,177.52000427246094,180.9499969482422,170.70314025878906,3832200
2021-10-27,180.10000610351562,183.72999572753906,177.91000366210938,178.02999877929688,167.94850158691406,3309900
2021-10-28,178.39999389648438,179.22999572753906,173.02000427246094,174.61000061035156,164.7221221923828,4865700
2021-10-29,175.6300048828125,176.6699981689453,173.0399932861328,173.77999877929688,163.9391632080078,3455400
2021-11-01,174.5800018310547,176.07000732421875,173.33999633789062,174.2100067138672,164.34481811523438,2250400
2021-11-02,175.0,175.1999969482422,172.57000732421875,173.1699981689453,163.36367797851562,3252900
2021-11-03,172.6999969482422,173.8300018310547,171.75,172.61000061035156,162.83544921875,3831200
2021-11-04,172.1300048828125,174.02000427246094,171.66000366210938,172.52999877929688,162.75991821289062,3315400
2021-11-05,176.17999267578125,177.7899932861328,175.35000610351562,176.69000244140625,166.6843719482422,3936000
2021-11-08,178.07000732421875,182.08999633789062,177.7899932861328,180.0500030517578,169.85409545898438,3392000
2021-11-09,179.75999450683594,181.19000244140625,178.42999267578125,179.86000061035156,169.67483520507812,3203300
2021-11-10,179.36000061035156,183.47999572753906,179.36000061035156,181.38999938964844,171.11822509765625,3296700
2021-11-11,181.99000549316406,182.72999572753906,180.74000549316406,181.3000030517578,171.0332794189453,2119700
2021-11-12,180.7100067138672,182.3800048828125,179.64999389648438,181.88999938964844,171.58987426757812,2390200
2021-11-15,182.52999877929688,183.92999267578125,182.0399932861328,183.1300048828125,172.7596893310547,1748300
2021-11-16,183.39999389648438,183.39999389648438,179.74000549316406,180.9199981689453,170.67483520507812,3299200
2021-11-17,181.17999267578125,181.74000549316406,178.1999969482422,179.61000061035156,169.4390106201172,3543500
2021-11-18,180.0,180.3699951171875,175.83999633789062,176.2100067138672,166.23155212402344,4011500
2021-11-19,173.72999572753906,175.27000427246094,171.83999633789062,173.5399932861328,163.71275329589844,4456500
2021-11-22,174.99000549316406,175.25,170.88999938964844,170.89999389648438,161.22222900390625,4651700
2021-11-23,171.3000030517578,171.9499969482422,167.8300018310547,170.85000610351562,161.17507934570312,5890300
2021-11-24,168.47999572753906,171.97999572753906,167.89999389648438,171.61000061035156,161.8920440673828,3590600
2021-11-26,165.08999633789062,165.24000549316406,154.5,156.82000732421875,147.93959045410156,6804200
2021-11-29,160.75,161.41000366210938,154.33999633789062,157.86000061035156,148.92066955566406,6258500
2021-11-30,155.08999633789062,155.8699951171875,151.6999969482422,152.3000030517578,143.675537109375,7444900
2021-12-01,156.10000610351562,157.07000732421875,149.88999938964844,150.05999755859375,141.56236267089844,6145500
2021-12-02,151.67999267578125,157.91000366210938,151.4600067138672,156.77000427246094,147.89239501953125,6289300
2021-12-03,158.0800018310547,158.3300018310547,153.6300048828125,155.94000244140625,147.109375,4069300
2021-12-06,159.07000732421875,162.74000549316406,158.0500030517578,160.67999267578125,151.58099365234375,4141900
2021-12-07,164.5,169.16000366210938,164.16000366210938,166.9499969482422,157.49588012695312,5124500
2021-12-08,167.97999572753906,170.5399932861328,167.27999877929688,168.92999267578125,159.3638153076172,4042400
2021-12-09,167.85000610351562,168.8300018310547,166.5500030517578,168.02000427246094,158.50534057617188,2245300
2021-12-10,169.3800048828125,170.5800018310547,165.9600067138672,167.02999877929688,157.57138061523438,2768500
2021-12-13,166.39999389648438,166.39999389648438,161.99000549316406,163.3000030517578,154.05262756347656,3477600
2021-12-14,162.13999938964844,165.25999450683594,161.05999755859375,162.85000610351562,153.62811279296875,2964200
2021-12-15,162.7100067138672,163.0500030517578,158.52999877929688,162.24000549316406,153.05262756347656,5013000
2021-12-16,164.0,165.17999267578125,161.89999389648438,163.0,153.76963806152344,4900100
2021-12-17,161.0,161.32000732421875,156.9499969482422,160.00999450683594,150.94895935058594,9576800
2021-12-20,157.0,158.2100067138672,153.77999877929688,155.88999938964844,147.06222534179688,3839600
2021-12-21,157.75,161.0500030517578,157.52000427246094,160.91000366210938,151.79798889160156,3722400
2021-12-22,160.52999877929688,163.1699981689453,160.4499969482422,162.47000122070312,153.26963806152344,2877700
2021-12-23,163.86000061035156,166.39999389648438,163.58999633789062,164.19000244140625,154.8922576904297,3140500
2021-12-27,165.0,165.0,162.52999877929688,164.38999938964844,155.0808868408203,1687300
2021-12-28,163.60000610351562,166.1300048828125,163.60000610351562,164.41000366210938,155.09976196289062,2035300
2021-12-29,164.6199951171875,164.92999267578125,163.25999450683594,163.8300018310547,154.5526123046875,2082200
2021-12-30,164.6199951171875,165.8000030517578,164.0,164.16000366210938,154.86392211914062,1632900
2021-12-31,164.10000610351562,165.1699981689453,163.25,163.60000610351562,154.3356170654297,1743600
2022-01-03,164.50999450683594,168.39999389648438,164.39999389648438,168.2100067138672,158.68455505371094,3236400
2022-01-04,169.72000122070312,174.0500030517578,169.60000610351562,173.61000061035156,163.77879333496094,4799500
2022-01-05,174.7100067138672,176.30999755859375,171.5,171.75999450683594,162.0335235595703,4491900
2022-01-06,172.5399932861328,173.69000244140625,169.75,172.89999389648438,163.5183563232422,2649400
2022-01-07,172.49000549316406,175.36000061035156,171.86000061035156,174.3800048828125,164.91807556152344,3043000
2022-01-10,176.2100067138672,176.2100067138672,170.5,173.74000549316406,164.3127899169922,4269400
2022-01-11,174.5399932861328,175.72000122070312,172.49000549316406,175.3800048828125,165.86380004882812,2762700
2022-01-12,176.22999572753906,176.82000732421875,174.1699981689453,174.47000122070312,165.00318908691406,3224300
2022-01-13,174.9199981689453,176.3800048828125,172.85000610351562,173.2899932861328,163.88719177246094,3808800
2022-01-14,168.7100067138672,168.7100067138672,164.7100067138672,168.39999389648438,159.26251220703125,6508500
2022-01-18,167.91000366210938,168.94000244140625,164.83999633789062,166.1699981689453,157.15354919433594,4336300
2022-01-19,166.72999572753906,166.72999572753906,161.1699981689453,161.38999938964844,152.6328887939453,3592000
2022-01-20,161.1199951171875,164.57000732421875,159.4600067138672,160.9199981689453,152.1884002685547,4205600
2022-01-21,159.9499969482422,161.8800048828125,157.67999267578125,158.74000549316406,150.12669372558594,3779100
2022-01-24,155.82000732421875,159.4499969482422,152.85000610351562,158.92999267578125,150.30633544921875,5405000
2022-01-25,166.13999938964844,174.47000122070312,159.66000366210938,173.11000061035156,163.71697998046875,13320800
2022-01-26,176.9499969482422,179.22000122070312,173.02999877929688,175.32000732421875,165.80703735351562,8257300
2022-01-27,176.6999969482422,178.1999969482422,170.6300048828125,171.89999389648438,162.5725860595703,3649900
2022-01-28,171.75999450683594,177.2100067138672,169.77000427246094,177.05999755859375,167.45263671875,4271500
2022-01-31,175.91000366210938,180.1300048828125,175.22000122070312,179.82000732421875,170.06289672851562,5524300
2022-02-01,179.9199981689453,184.0399932861328,179.0,183.5399932861328,173.5810089111328,3471200
2022-02-02,182.50999450683594,184.5800018310547,181.63999938964844,184.16000366210938,174.16737365722656,2841400
2022-02-03,184.8000030517578,185.8000030517578,182.32000732421875,184.0399932861328,174.05389404296875,3380900
2022-02-04,184.91000366210938,188.67999267578125,184.17999267578125,185.85000610351562,175.7656707763672,4075800
2022-02-07,185.6300048828125,188.91000366210938,184.75,187.8699951171875,177.67605590820312,3260800
2022-02-08,188.0800018310547,194.52999877929688,187.61000061035156,194.0,183.4734344482422,5133900
2022-02-09,194.3000030517578,198.72000122070312,194.3000030517578,196.39999389648438,185.74322509765625,4614200
2022-02-10,196.36000061035156,198.22999572753906,194.61000061035156,195.50999450683594,184.90150451660156,4511100
2022-02-11,195.42999267578125,197.1999969482422,190.4499969482422,191.80999755859375,181.40228271484375,4834900
2022-02-14,192.25999450683594,194.14999389648438,190.9199981689453,192.35000610351562,181.91302490234375,3841300
2022-02-15,194.64999389648438,198.36000061035156,194.17999267578125,197.97999572753906,187.23751831054688,4134300
2022-02-16,197.5,199.5500030517578,197.24000549316406,198.3800048828125,187.61578369140625,4122600
2022-02-17,195.6300048828125,197.3800048828125,194.27000427246094,195.7100067138672,185.09066772460938,3051700
2022-02-18,194.9199981689453,197.75,194.1999969482422,194.8800048828125,184.30569458007812,2806300
2022-02-22,195.17999267578125,196.14999389648438,191.75,192.44000244140625,181.99810791015625,3420600
2022-02-23,194.35000610351562,194.4499969482422,188.5500030517578,188.9499969482422,178.69744873046875,3562100
2022-02-24,180.47000122070312,188.5,179.0500030517578,188.35000610351562,178.1300048828125,5886600
2022-02-25,189.66000366210938,194.25,189.4600067138672,193.7100067138672,183.19920349121094,5426200
2022-02-28,189.6300048828125,195.1300048828125,189.22999572753906,194.5399932861328,183.98414611816406,5787800
2022-03-01,194.6699981689453,194.77000427246094,176.77000427246094,178.05999755859375,168.39834594726562,8562500
2022-03-02,179.7899932861328,182.24000549316406,178.10000610351562,180.30999755859375,170.52630615234375,4058800
2022-03-03,182.11000061035156,183.4499969482422,178.72999572753906,179.88999938964844,170.1290283203125,3339900
2022-03-04,176.6199951171875,176.8300018310547,170.82000732421875,172.9499969482422,163.565673828125,5348600
2022-03-07,170.1300048828125,170.75999450683594,159.0800018310547,159.1300048828125,150.49549865722656,7760400
2022-03-08,160.52000427246094,166.2899932861328,155.72000122070312,160.0500030517578,151.36561584472656,7058900
2022-03-09,168.02000427246094,170.72999572753906,166.7100067138672,168.64999389648438,159.49896240234375,4788200
2022-03-10,165.58999633789062,170.9600067138672,164.8300018310547,169.60000610351562,160.3973846435547,3840900
2022-03-11,171.75,172.30999755859375,167.6300048828125,167.89999389648438,158.78968811035156,3000000
2022-03-14,171.3300018310547,174.7100067138672,169.7100067138672,172.7899932861328,163.41433715820312,4614600
2022-03-15,173.58999633789062,178.3000030517578,173.3699951171875,176.0399932861328,166.48797607421875,3827300
2022-03-16,179.17999267578125,182.75999450683594,176.3000030517578,180.61000061035156,170.8099822998047,5239300
2022-03-17,180.17999267578125,187.7100067138672,180.05999755859375,186.97000122070312,176.8249053955078,6398900
2022-03-18,188.69000244140625,191.0,184.83999633789062,190.72000122070312,180.37142944335938,8744100
2022-03-21,190.77000427246094,191.5,187.55999755859375,189.08999633789062,178.82984924316406,3166200
2022-03-22,190.5,194.35000610351562,190.05999755859375,191.3300018310547,180.94830322265625,3007000
2022-03-23,188.8300018310547,189.6199951171875,185.17999267578125,186.02000427246094,175.926513671875,3664600
2022-03-24,186.61000061035156,189.3699951171875,185.6999969482422,188.88999938964844,178.64071655273438,2424400
2022-03-25,190.41000366210938,191.25999450683594,189.0,190.27999877929688,179.9552764892578,1871900
2022-03-28,189.9499969482422,189.9499969482422,186.2899932861328,189.6999969482422,179.40673828125,3043700
2022-03-29,192.3300018310547,194.0,190.36000061035156,190.94000244140625,180.5795135498047,2764100
2022-03-30,191.38999938964844,192.10000610351562,188.39999389648438,189.75999450683594,179.46353149414062,2278000
2022-03-31,189.52999877929688,191.11000061035156,186.94000244140625,187.0,176.853271484375,3801600
2022-04-01,188.1999969482422,189.4199981689453,186.27999877929688,187.1699981689453,177.0140838623047,2647000
2022-04-04,187.6199951171875,188.5,185.58999633789062,187.66000366210938,177.4774932861328,2971400
2022-04-05,187.49000549316406,190.83999633789062,184.8000030517578,185.39999389648438,175.340087890625,2974700
2022-04-06,184.49000549316406,184.8699951171875,181.72999572753906,183.7100067138672,173.74179077148438,3143300
2022-04-07,181.52000427246094,183.27000427246094,179.11000061035156,182.38999938964844,172.98304748535156,4062400
2022-04-08,183.0,186.72000122070312,181.92999267578125,183.6999969482422,174.2255096435547,3075600
2022-04-11,181.05999755859375,182.44000244140625,177.25,177.57000732421875,168.41163635253906,4816800
2022-04-12,176.57000732421875,179.25,174.7100067138672,175.5399932861328,166.48634338378906,4348900
2022-04-13,174.22999572753906,180.02000427246094,174.0,179.58999633789062,170.32748413085938,2980600
2022-04-14,179.27000427246094,182.47000122070312,178.67999267578125,181.16000366210938,171.81654357910156,2667100
2022-04-18,181.3300018310547,185.88999938964844,181.0,184.47999572753906,174.96527099609375,2182700
2022-04-19,185.00999450683594,188.08999633789062,184.7100067138672,187.1699981689453,177.5165557861328,2713800
2022-04-20,188.3300018310547,190.14999389648438,187.63999938964844,188.4600067138672,178.74002075195312,2256200
2022-04-21,190.94000244140625,192.4199981689453,184.5800018310547,185.74000549316406,176.16029357910156,3973200
2022-04-22,185.42999267578125,185.5500030517578,180.32000732421875,180.5399932861328,171.22845458984375,4373700
2022-04-25,179.97999572753906,184.25999450683594,177.99000549316406,184.10000610351562,174.60484313964844,4408900
2022-04-26,183.25,183.91000366210938,178.5399932861328,178.64999389648438,169.4359588623047,3728100
2022-04-27,177.66000366210938,179.41000366210938,175.5,177.6300048828125,168.46856689453125,4085800
2022-04-28,180.35000610351562,183.88999938964844,177.61000061035156,181.97999572753906,172.59417724609375,2703200
2022-04-29,180.08999633789062,182.30999755859375,174.3300018310547,174.7100067138672,165.6991424560547,3210100
2022-05-02,174.64999389648438,174.8800048828125,167.50999450683594,171.6199951171875,162.76853942871094,3881800
2022-05-03,173.0,174.0,170.3300018310547,172.11000061035156,163.23324584960938,3152300
2022-05-04,172.22000122070312,178.1699981689453,171.1999969482422,177.82000732421875,168.64874267578125,2930400
2022-05-05,176.63999938964844,176.75999450683594,169.3300018310547,171.00999450683594,162.18997192382812,2987100
2022-05-06,169.1699981689453,169.99000549316406,165.00999450683594,167.14999389648438,158.529052734375,3129800
2022-05-09,165.02999877929688,166.02000427246094,160.3800048828125,161.02000427246094,152.71522521972656,4485200
2022-05-10,163.4199981689453,164.72999572753906,158.38999938964844,161.8300018310547,153.4834747314453,3014800
2022-05-11,161.72999572753906,164.94000244140625,159.0399932861328,159.38999938964844,151.1692657470703,2644300
2022-05-12,155.60000610351562,157.16000366210938,149.8800048828125,153.27000427246094,145.3649444580078,5314800
2022-05-13,155.9600067138672,160.08999633789062,155.8800048828125,158.75,150.56231689453125,3625100
2022-05-16,157.41000366210938,158.74000549316406,154.32000732421875,156.42999267578125,148.3619842529297,2811300
2022-05-17,161.07000732421875,162.75999450683594,158.39999389648438,161.85000610351562,153.5023956298828,2928100
2022-05-18,160.7899932861328,160.85000610351562,155.39999389648438,156.10000610351562,148.04901123046875,2697700
2022-05-19,153.57000732421875,156.4600067138672,153.25,154.0,146.0572967529297,2768300
2022-05-20,154.35000610351562,154.8000030517578,149.7100067138672,153.24000549316406,145.33648681640625,2982500
2022-05-23,156.61000061035156,159.55999755859375,156.02000427246094,159.0399932861328,150.83734130859375,2726600
2022-05-24,157.2899932861328,157.97000122070312,152.9199981689453,155.6300048828125,147.60325622558594,2817800
2022-05-25,157.13999938964844,161.75999450683594,156.07000732421875,160.50999450683594,152.23155212402344,4381000
2022-05-26,162.6999969482422,166.77000427246094,162.6999969482422,165.3699951171875,156.8408966064453,2463900
2022-05-27,167.0800018310547,169.67999267578125,166.0399932861328,169.60000610351562,160.8527069091797,2157500
2022-05-31,167.94000244140625,170.77999877929688,167.0399932861328,168.82000732421875,160.11294555664062,4123500
2022-06-01,168.6999969482422,169.3699951171875,163.83999633789062,165.75999450683594,157.2107696533203,2276400
2022-06-02,166.13999938964844,169.19000244140625,165.92999267578125,169.13999938964844,160.41644287109375,1707000
2022-06-03,166.89999389648438,168.0399932861328,165.97999572753906,166.8300018310547,158.22557067871094,1390700
2022-06-06,169.10000610351562,170.25999450683594,166.27000427246094,167.02000427246094,158.40579223632812,1486000
2022-06-07,164.63999938964844,169.47999572753906,164.4499969482422,168.69000244140625,159.9896697998047,2083100
2022-06-08,166.75,168.63999938964844,165.19000244140625,165.9600067138672,157.40045166015625,2313900
2022-06-09,166.22000122070312,166.57000732421875,160.92999267578125,160.97999572753906,152.67727661132812,2273800
2022-06-10,157.25999450683594,157.8800048828125,154.36000061035156,154.4199981689453,146.45565795898438,2733300
2022-06-13,149.86000061035156,151.02999877929688,145.3800048828125,146.2899932861328,138.74493408203125,4156500
2022-06-14,145.9499969482422,147.39999389648438,143.25,144.60000610351562,137.14215087890625,3574800
2022-06-15,146.69000244140625,147.88999938964844,143.44000244140625,146.22000122070312,138.67857360839844,3327800
2022-06-16,142.58999633789062,142.60000610351562,136.49000549316406,137.5,130.40830993652344,4815100
2022-06-17,138.0,145.55999755859375,137.58999633789062,144.17999267578125,136.74375915527344,10033600
2022-06-21,148.6999969482422,148.6999969482422,144.16000366210938,144.75999450683594,137.29385375976562,3518800
2022-06-22,142.22999572753906,146.35000610351562,141.33999633789062,144.38999938964844,136.9429473876953,3419000
2022-06-23,144.52000427246094,144.6300048828125,139.47000122070312,141.64999389648438,134.34429931640625,3915000
2022-06-24,141.6300048828125,146.27000427246094,141.0,146.14999389648438,138.61216735839844,8957200
2022-06-27,147.99000549316406,148.77000427246094,143.9499969482422,144.2899932861328,136.84812927246094,3151500
2022-06-28,146.0800018310547,149.50999450683594,141.85000610351562,142.19000244140625,134.85643005371094,2649300
2022-06-29,141.64999389648438,141.67999267578125,138.4499969482422,139.47000122070312,132.27670288085938,4164900
2022-06-30,136.6999969482422,139.8699951171875,134.3000030517578,138.6199951171875,131.96253967285156,4123500
2022-07-01,138.07000732421875,140.88999938964844,137.47000122070312,140.39999389648438,133.65707397460938,2625300
2022-07-05,137.22000122070312,139.64999389648438,135.64999389648438,139.64999389648438,132.9430694580078,4057000
2022-07-06,139.2899932861328,140.5,137.85000610351562,138.14999389648438,131.51515197753906,4401300
2022-07-07,140.17999267578125,142.1699981689453,139.14999389648438,141.02999877929688,134.25682067871094,4258000
2022-07-08,141.74000549316406,143.11000061035156,139.72000122070312,141.75999450683594,134.95175170898438,3631800
2022-07-11,140.47000122070312,142.30999755859375,139.83999633789062,140.5800018310547,133.82838439941406,2373600
2022-07-12,137.52999877929688,141.88999938964844,137.05999755859375,139.17999267578125,132.4956512451172,4047400
2022-07-13,136.83999633789062,140.02000427246094,136.36000061035156,139.39999389648438,132.70509338378906,2753800
2022-07-14,135.6999969482422,137.24000549316406,134.1199951171875,136.47999572753906,129.9253387451172,4600200
2022-07-15,139.7100067138672,143.11000061035156,138.8699951171875,142.47999572753906,135.6371612548828,3296600
2022-07-18,144.33999633789062,146.0500030517578,141.52000427246094,142.3300018310547,135.49436950683594,3330300
2022-07-19,144.39999389648438,147.92999267578125,144.39999389648438,147.77999877929688,140.68260192871094,3372300
2022-07-20,146.8699951171875,149.10000610351562,146.3699951171875,148.92999267578125,141.77737426757812,2802300
2022-07-21,148.2100067138672,150.3300018310547,146.4499969482422,150.17999267578125,142.9673614501953,4683000
2022-07-22,159.00999450683594,160.8800048828125,152.6199951171875,153.00999450683594,145.6614532470703,9298400
2022-07-25,154.25,154.77999877929688,151.2100067138672,153.7899932861328,146.40402221679688,4213800
2022-07-26,152.72999572753906,153.5,148.83999633789062,149.8300018310547,142.63418579101562,2812700
2022-07-27,151.60000610351562,152.72000122070312,147.27000427246094,151.6300048828125,144.34771728515625,5029100
2022-07-28,151.75999450683594,152.64999389648438,147.5399932861328,152.13999938964844,144.83322143554688,3587900
2022-07-29,152.3699951171875,154.3800048828125,151.2899932861328,154.02000427246094,146.62298583984375,3197900
2022-08-01,152.83999633789062,154.77000427246094,151.8000030517578,153.3300018310547,145.96609497070312,2295600
2022-08-02,152.02000427246094,153.3000030517578,150.83999633789062,151.60000610351562,144.31919860839844,2562900
2022-08-03,154.07000732421875,156.0399932861328,153.30999755859375,155.42999267578125,147.9652099609375,2609300
2022-08-04,156.02000427246094,157.7100067138672,155.25999450683594,156.8699951171875,149.33604431152344,3693300
2022-08-05,156.47999572753906,158.0399932861328,156.0,157.50999450683594,149.94532775878906,2513600
2022-08-08,159.0,160.7899932861328,156.94000244140625,157.27999877929688,149.72640991210938,3080700
2022-08-09,157.63999938964844,158.94000244140625,157.27000427246094,158.8000030517578,151.1734161376953,2997900
2022-08-10,161.77000427246094,164.2100067138672,161.63999938964844,162.44000244140625,154.63853454589844,3225400
2022-08-11,164.36000061035156,164.9199981689453,162.17999267578125,162.99000549316406,155.16213989257812,1968200
2022-08-12,164.47000122070312,166.0,163.27999877929688,165.83999633789062,157.87522888183594,1942600
2022-08-15,164.27999877929688,166.05999755859375,163.75999450683594,165.39999389648438,157.45639038085938,1852800
2022-08-16,165.0,165.97999572753906,163.9600067138672,165.35000610351562,157.40879821777344,1876000
2022-08-17,163.3000030517578,164.47999572753906,162.1999969482422,163.89999389648438,156.0284423828125,1804100
2022-08-18,163.92999267578125,164.99000549316406,163.33999633789062,164.64999389648438,156.7423858642578,1397700
2022-08-19,163.5,163.92999267578125,162.00999450683594,162.24000549316406,154.4481658935547,1895400
2022-08-22,158.97999572753906,159.19000244140625,156.97999572753906,157.6999969482422,150.12619018554688,1969300
2022-08-23,158.0,159.60000610351562,157.1999969482422,157.3300018310547,149.7739715576172,2885200
2022-08-24,157.02999877929688,159.55999755859375,156.2899932861328,159.1300048828125,151.4875030517578,2029200
2022-08-25,160.0,162.3300018310547,158.77999877929688,162.22999572753906,154.4386444091797,1936300
2022-08-26,163.2100067138672,163.58999633789062,157.19000244140625,157.30999755859375,149.7549285888672,2373700
2022-08-29,155.8800048828125,156.50999450683594,154.41000366210938,154.5399932861328,147.11795043945312,2693600
2022-08-30,155.63999938964844,156.1199951171875,152.89999389648438,154.66000366210938,147.2322235107422,2104500
2022-08-31,155.55999755859375,156.3699951171875,151.83999633789062,152.0,144.699951171875,3271600
2022-09-01,150.82000732421875,151.3699951171875,147.64999389648438,151.11000061035156,143.8527069091797,2425200
2022-09-02,153.47999572753906,153.97999572753906,148.92999267578125,149.7899932861328,142.59608459472656,2028500
2022-09-06,150.0,151.30999755859375,146.5500030517578,148.60000610351562,141.46327209472656,2797600
2022-09-07,148.39999389648438,152.6999969482422,148.3800048828125,152.25,144.93792724609375,1766400
2022-09-08,150.9199981689453,153.69000244140625,149.50999450683594,153.52000427246094,146.14694213867188,3399200
2022-09-09,154.4499969482422,158.58999633789062,154.3000030517578,158.44000244140625,150.8306427001953,3543500
2022-09-12,159.5,163.4499969482422,159.33999633789062,162.4499969482422,154.6480712890625,4146300
2022-09-13,158.13999938964844,159.80999755859375,154.83999633789062,155.35000610351562,147.8890838623047,3519800
2022-09-14,156.17999267578125,157.55999755859375,153.5,156.3000030517578,148.79342651367188,2840200
2022-09-15,156.42999267578125,158.7899932861328,155.89999389648438,156.1300048828125,148.63162231445312,2371600
2022-09-16,154.0800018310547,154.0800018310547,150.50999450683594,153.0800018310547,145.7280731201172,6527200
2022-09-19,151.25,155.47999572753906,150.6999969482422,155.36000061035156,147.89857482910156,2472500
2022-09-20,153.5800018310547,154.58999633789062,152.1300048828125,153.47999572753906,146.10890197753906,1725900
2022-09-21,154.6699981689453,154.80999755859375,148.66000366210938,148.7100067138672,141.56796264648438,2599900
2022-09-22,148.82000732421875,148.88999938964844,142.47000122070312,143.02999877929688,136.16073608398438,3249400
2022-09-23,140.77999877929688,141.9600067138672,138.08999633789062,140.25999450683594,133.52377319335938,3035600
2022-09-26,140.0399932861328,141.2899932861328,136.6999969482422,137.4499969482422,130.8487091064453,3808700
2022-09-27,139.44000244140625,140.3800048828125,136.10000610351562,137.49000549316406,130.88681030273438,2828700
2022-09-28,138.5,141.17999267578125,136.52000427246094,140.55999755859375,133.80938720703125,5269500
2022-09-29,138.38999938964844,138.9499969482422,135.83999633789062,137.7899932861328,131.1724090576172,2280700
2022-09-30,137.39999389648438,138.6699981689453,134.6199951171875,134.91000366210938,128.4307403564453,3717200
2022-10-03,137.9499969482422,140.77000427246094,134.9199981689453,140.02000427246094,133.29531860351562,2677100
2022-10-04,143.02999877929688,145.5500030517578,143.02999877929688,145.4600067138672,138.47402954101562,2408800
2022-10-05,142.9199981689453,145.2899932861328,142.0800018310547,144.3699951171875,137.43641662597656,2073800
2022-10-06,143.0500030517578,145.05999755859375,142.1300048828125,142.3800048828125,135.54196166992188,2526000
2022-10-07,140.4199981689453,141.2899932861328,138.0800018310547,139.0,132.3242950439453,2579600
2022-10-10,140.00999450683594,140.3800048828125,136.64999389648438,137.50999450683594,130.90585327148438,2893400
2022-10-11,136.3699951171875,139.2100067138672,135.38999938964844,137.35000610351562,130.7535400390625,2588700
2022-10-12,137.30999755859375,138.4499969482422,136.11000061035156,136.74000549316406,130.17283630371094,2397400
2022-10-13,131.35000610351562,142.5500030517578,130.64999389648438,141.5500030517578,135.26622009277344,5232300
2022-10-14,142.9600067138672,143.8800048828125,136.13999938964844,136.80999755859375,130.73667907714844,3871900
2022-10-17,140.5800018310547,142.22000122070312,140.08999633789062,141.5399932861328,135.25665283203125,3139300
2022-10-18,146.1300048828125,147.0500030517578,143.5500030517578,145.99000549316406,139.50912475585938,3963300
2022-10-19,145.42999267578125,147.07000732421875,142.60000610351562,143.97000122070312,137.5788116455078,2803900
2022-10-20,144.0,147.32000732421875,142.14999389648438,142.4199981689453,136.09759521484375,4319300
2022-10-21,140.99000549316406,141.32000732421875,132.2100067138672,140.0399932861328,133.8232421875,11755400
2022-10-24,141.3000030517578,143.7899932861328,140.3699951171875,141.6300048828125,135.34268188476562,4299600
2022-10-25,142.47999572753906,147.44000244140625,141.60000610351562,147.02000427246094,140.49337768554688,3889100
2022-10-26,147.55999755859375,149.5,146.47000122070312,146.8800048828125,140.35963439941406,3559100
2022-10-27,148.44000244140625,149.7100067138672,146.41000366210938,146.97000122070312,140.4456024169922,2101300
2022-10-28,146.55999755859375,150.91000366210938,146.0500030517578,150.44000244140625,143.76158142089844,3383100
2022-10-31,150.0,150.3000030517578,148.32000732421875,148.4499969482422,141.8599090576172,3042900
2022-11-01,149.9600067138672,150.6300048828125,146.6300048828125,147.0800018310547,140.55075073242188,2675500
2022-11-02,146.5800018310547,149.02999877929688,143.3699951171875,143.5,137.12965393066406,2851600
2022-11-03,141.08999633789062,142.1999969482422,138.77000427246094,139.30999755859375,133.12564086914062,3960500
2022-11-04,142.39999389648438,146.36000061035156,141.0,144.72000122070312,138.2955322265625,3322100
2022-11-07,146.1999969482422,147.5399932861328,143.75999450683594,146.97999572753906,140.4551544189453,2918000
2022-11-08,147.44000244140625,151.33999633789062,147.13999938964844,150.1999969482422,143.53224182128906,3846000
2022-11-09,149.47000122070312,149.47000122070312,145.66000366210938,145.86000061035156,139.38491821289062,2425500
2022-11-10,152.7899932861328,155.7899932861328,151.30999755859375,154.75,147.8802490234375,4701600
2022-11-11,156.49000549316406,158.8800048828125,154.6999969482422,154.88999938964844,148.01400756835938,3714600
2022-11-14,153.3699951171875,156.5,153.05999755859375,154.1300048828125,147.2877655029297,3666500
2022-11-15,156.9600067138672,157.35000610351562,152.32000732421875,153.88999938964844,147.05845642089844,2916900
2022-11-16,154.2100067138672,155.91000366210938,151.85000610351562,152.57000732421875,145.79702758789062,2635300
2022-11-17,150.0,151.05999755859375,149.22000122070312,150.63999938964844,143.95269775390625,2769600
2022-11-18,152.25,153.75999450683594,150.94000244140625,152.5,145.7301025390625,2631300
2022-11-21,152.25,153.4600067138672,151.88999938964844,152.80999755859375,146.02638244628906,2003500
2022-11-22,154.10000610351562,155.14999389648438,153.2899932861328,154.5800018310547,147.71778869628906,2124600
2022-11-23,153.8300018310547,154.99000549316406,152.8800048828125,153.92999267578125,147.0966339111328,1404400
2022-11-25,153.52000427246094,154.47000122070312,153.1699981689453,154.14999389648438,147.3068389892578,665800
2022-11-28,152.69000244140625,153.77999877929688,150.3699951171875,150.8699951171875,144.17247009277344,1782900
2022-11-29,150.9600067138672,154.47000122070312,150.52999877929688,154.4199981689453,147.56488037109375,2655700
2022-11-30,153.83999633789062,157.58999633789062,151.47999572753906,157.58999633789062,150.5941925048828,3914700
2022-12-01,157.72000122070312,158.8699951171875,154.75,157.5,150.50816345214844,2670300
2022-12-02,155.22000122070312,157.27999877929688,155.0,156.75,149.7914581298828,2285400
2022-12-05,155.9600067138672,159.4499969482422,155.5500030517578,156.0800018310547,149.15118408203125,3013100
2022-12-06,155.75,158.33999633789062,153.32000732421875,154.6999969482422,147.83248901367188,3285100
2022-12-07,154.55999755859375,156.99000549316406,154.30999755859375,154.77000427246094,147.8993682861328,2879800
2022-12-08,155.88999938964844,156.4199981689453,153.4499969482422,154.1199951171875,147.27822875976562,1632400
2022-12-09,153.99000549316406,155.13999938964844,152.6199951171875,153.89999389648438,147.06796264648438,1761200
2022-12-12,154.25999450683594,157.75999450683594,154.0,157.30999755859375,150.3266143798828,2773900
2022-12-13,160.6199951171875,161.5500030517578,156.16000366210938,157.52000427246094,150.52725219726562,3110500
2022-12-14,157.57000732421875,158.6199951171875,153.83999633789062,154.11000061035156,147.26864624023438,3556200
2022-12-15,151.64999389648438,152.27999877929688,146.47000122070312,150.22000122070312,143.55136108398438,4282200
2022-12-16,148.58999633789062,148.58999633789062,144.14999389648438,146.3000030517578,139.80535888671875,4510600
2022-12-19,146.0399932861328,146.74000549316406,143.66000366210938,145.00999450683594,138.57261657714844,2546000
2022-12-20,144.99000549316406,146.5,144.25,145.6999969482422,139.2319793701172,1607800
2022-12-21,147.05999755859375,147.77999877929688,146.3699951171875,147.10000610351562,140.5698699951172,2107100
2022-12-22,146.0500030517578,146.6999969482422,142.72000122070312,145.30999755859375,138.8592987060547,2901100
2022-12-23,145.22999572753906,147.13999938964844,144.52000427246094,147.02000427246094,140.49337768554688,1671800
2022-12-27,147.2899932861328,147.86000061035156,145.6699981689453,146.38999938964844,139.89134216308594,1858500
2022-12-28,146.2100067138672,146.82000732421875,143.94000244140625,144.00999450683594,137.6169891357422,1490200
2022-12-29,145.0800018310547,147.6199951171875,144.39999389648438,147.32000732421875,140.78005981445312,1758500
2022-12-30,146.00999450683594,147.92999267578125,145.72999572753906,147.75,141.1909942626953,2247200
2023-01-03,149.5399932861328,150.4499969482422,145.72999572753906,147.1199951171875,140.58892822265625,2762200
2023-01-04,148.55999755859375,151.9600067138672,148.55999755859375,150.5399932861328,143.85711669921875,2620400
2023-01-05,147.16000366210938,148.72000122070312,146.02000427246094,146.42999267578125,140.41461181640625,2505700
2023-01-06,147.74000549316406,150.42999267578125,145.47999572753906,150.1699981689453,144.00094604492188,3077400
2023-01-09,151.35000610351562,152.4499969482422,150.10000610351562,150.39999389648438,144.22152709960938,3219400
2023-01-10,150.50999450683594,152.17999267578125,149.27999877929688,152.0,145.75575256347656,2198400
2023-01-11,152.3000030517578,154.11000061035156,152.27000427246094,153.9199981689453,147.596923828125,3113600
2023-01-12,154.75999450683594,155.75,152.39999389648438,154.9199981689453,148.55584716796875,3322400
2023-01-13,153.24000549316406,156.25,152.3000030517578,155.75999450683594,149.36131286621094,2391300
2023-01-17,155.5399932861328,156.10000610351562,153.3699951171875,153.75,147.43392944335938,3073400
2023-01-18,154.49000549316406,154.75999450683594,150.32000732421875,150.4199981689453,144.24070739746094,2762400
2023-01-19,146.61000061035156,148.0,144.1999969482422,146.85000610351562,140.81735229492188,3852300
2023-01-20,147.9600067138672,151.77999877929688,147.72000122070312,151.60000610351562,145.37222290039062,3954800
2023-01-23,152.0,155.05999755859375,151.5500030517578,154.0,147.6736297607422,3608700
2023-01-24,152.9199981689453,156.6699981689453,152.66000366210938,155.3300018310547,148.948974609375,2348500
2023-01-25,153.49000549316406,157.05999755859375,153.3699951171875,156.77000427246094,150.32980346679688,2916500
2023-01-26,157.64999389648438,158.22999572753906,154.2899932861328,155.8800048828125,149.47640991210938,3640300
2023-01-27,166.8000030517578,175.5399932861328,165.5,172.30999755859375,165.23143005371094,13997300
2023-01-30,174.7899932861328,177.86000061035156,172.50999450683594,172.66000366210938,165.5670928955078,10240700
2023-01-31,172.91000366210938,175.30999755859375,171.89999389648438,174.92999267578125,167.74383544921875,5170900
2023-02-01,173.3800048828125,175.1199951171875,171.92999267578125,173.61000061035156,166.47805786132812,3725200
2023-02-02,174.16000366210938,175.22000122070312,171.0800018310547,173.1300048828125,166.01779174804688,6895500
2023-02-03,171.55999755859375,180.39999389648438,171.2100067138672,178.86000061035156,171.51235961914062,5305100
2023-02-06,176.74000549316406,177.75,175.69000244140625,176.47999572753906,169.23011779785156,3397800
2023-02-07,175.0500030517578,179.02999877929688,174.75,178.6999969482422,171.35894775390625,3526300
2023-02-08,179.75,180.10000610351562,177.8800048828125,179.0,171.64663696289062,2926500
2023-02-09,179.14999389648438,182.0800018310547,178.47999572753906,179.3699951171875,172.0014190673828,3557900
2023-02-10,178.57000732421875,179.72999572753906,176.49000549316406,179.25,171.88636779785156,2586200
2023-02-13,179.24000549316406,181.3800048828125,178.27999877929688,181.3300018310547,173.88095092773438,3102400
2023-02-14,180.30999755859375,182.14999389648438,178.7899932861328,181.02000427246094,173.58363342285156,2325900
2023-02-15,178.9199981689453,180.74000549316406,178.5,180.6699981689453,173.2480010986328,1501200
2023-02-16,179.47999572753906,179.8800048828125,177.67999267578125,177.94000244140625,170.63015747070312,1899100
2023-02-17,176.0500030517578,177.61000061035156,174.66000366210938,177.3000030517578,170.01646423339844,2355300
2023-02-21,175.1199951171875,176.5,173.32000732421875,173.47999572753906,166.3533935546875,2713300
2023-02-22,173.55999755859375,176.02000427246094,172.92999267578125,174.6999969482422,167.5232696533203,2468800
2023-02-23,175.24000549316406,176.60000610351562,172.86000061035156,175.13999938964844,167.9451904296875,2575300
2023-02-24,173.69000244140625,174.94000244140625,172.19000244140625,174.25,167.0917510986328,1667400
2023-02-27,175.52999877929688,175.69000244140625,173.0800018310547,173.3000030517578,166.18077087402344,1909000
2023-02-28,174.00999450683594,175.33999633789062,173.5800018310547,173.99000549316406,166.8424530029297,2301400
2023-03-01,173.50999450683594,177.1999969482422,173.00999450683594,175.91000366210938,168.6835479736328,2566500
2023-03-02,174.0399932861328,175.8300018310547,172.66000366210938,175.33999633789062,168.136962890625,1795000
2023-03-03,176.00999450683594,179.38999938964844,175.22999572753906,179.08999633789062,171.73294067382812,2875600
2023-03-06,178.55999755859375,180.52000427246094,178.4600067138672,179.05999755859375,171.70416259765625,2730700
2023-03-07,178.6699981689453,178.89999389648438,175.0800018310547,175.32000732421875,168.1177978515625,2906400
2023-03-08,175.8300018310547,176.22000122070312,173.57000732421875,174.8300018310547,167.64791870117188,2101400
2023-03-09,179.60000610351562,180.27000427246094,171.9600067138672,172.1199951171875,165.04925537109375,4349400
2023-03-10,170.8300018310547,170.8300018310547,164.83999633789062,165.6999969482422,158.89297485351562,5104300
2023-03-13,161.49000549316406,161.99000549316406,157.4199981689453,157.6300048828125,151.15452575683594,6123200
2023-03-14,161.5,164.32000732421875,160.8800048828125,163.91000366210938,157.17652893066406,5284000
2023-03-15,157.91000366210938,159.9600067138672,155.92999267578125,159.80999755859375,153.2449493408203,6100800
2023-03-16,158.05999755859375,161.9199981689453,156.10000610351562,160.72999572753906,154.1271514892578,4737300
2023-03-17,158.22000122070312,158.64999389648438,154.89999389648438,156.52000427246094,150.09011840820312,7447200
2023-03-20,158.3699951171875,160.69000244140625,157.57000732421875,158.74000549316406,152.21890258789062,3054300
2023-03-21,162.94000244140625,164.57000732421875,161.6999969482422,164.55999755859375,157.79981994628906,3986800
2023-03-22,164.6300048828125,166.77000427246094,162.5,162.75,156.06419372558594,4367300
2023-03-23,162.6699981689453,166.24000549316406,160.82000732421875,162.75999450683594,156.07379150390625,3727500
2023-03-24,160.52000427246094,160.7100067138672,157.82000732421875,159.77999877929688,153.2161865234375,2588700
2023-03-27,163.9499969482422,164.47000122070312,161.8300018310547,163.1199951171875,156.41897583007812,3984300
2023-03-28,162.2100067138672,162.58999633789062,158.19000244140625,159.2100067138672,152.66964721679688,4883700
2023-03-29,161.6999969482422,164.19000244140625,161.0800018310547,163.58999633789062,156.86968994140625,3884800
2023-03-30,163.9600067138672,164.9600067138672,161.80999755859375,162.41000366210938,155.7381591796875,2644800
2023-03-31,163.6699981689453,165.0800018310547,161.75,164.9499969482422,158.17379760742188,3594300
2023-04-03,164.11000061035156,165.24000549316406,162.67999267578125,163.77999877929688,157.05186462402344,2704400
2023-04-04,165.00999450683594,165.19000244140625,160.8300018310547,162.55999755859375,155.88197326660156,2063500
2023-04-05,160.55999755859375,161.60000610351562,160.19000244140625,161.0800018310547,155.0350341796875,2346800
2023-04-06,160.6300048828125,160.7899932861328,158.22999572753906,158.8300018310547,152.86944580078125,3754500
2023-04-10,158.0399932861328,161.1699981689453,157.8000030517578,161.13999938964844,155.09275817871094,2372600
2023-04-11,161.6699981689453,162.5800018310547,160.32000732421875,161.8300018310547,155.7568817138672,2742300
2023-04-12,163.22000122070312,163.22000122070312,158.8699951171875,159.2899932861328,153.3121795654297,2817600
2023-04-13,159.8000030517578,162.4199981689453,158.97999572753906,162.3000030517578,156.20924377441406,2729000
2023-04-14,164.24000549316406,164.77000427246094,161.4600067138672,163.22000122070312,157.09471130371094,2618100
2023-04-17,161.94000244140625,163.74000549316406,160.88999938964844,163.7100067138672,157.5663299560547,2622300
2023-04-18,164.60000610351562,165.0500030517578,163.27999877929688,164.39999389648438,158.23040771484375,2444500
2023-04-19,164.3699951171875,166.5500030517578,163.74000549316406,164.9499969482422,158.75978088378906,3768600
2023-04-20,159.0,163.75,154.00999450683594,163.27999877929688,157.15245056152344,10832400
2023-04-21,163.02000427246094,164.77000427246094,161.22999572753906,163.77999877929688,157.63368225097656,3882500
2023-04-24,164.22999572753906,164.3000030517578,160.39999389648438,160.58999633789062,154.56338500976562,2473500
2023-04-25,158.91000366210938,159.25,155.97000122070312,156.1199951171875,150.26113891601562,3421300
2023-04-26,155.77000427246094,157.25999450683594,155.0800018310547,155.72000122070312,149.8761749267578,2789100
2023-04-27,156.5399932861328,158.6999969482422,155.91000366210938,158.4499969482422,152.5037078857422,2143500
2023-04-28,157.3000030517578,161.3800048828125,156.8800048828125,161.33999633789062,155.28524780273438,2380100
2023-05-01,161.85000610351562,161.85000610351562,158.67999267578125,159.32000732421875,153.34107971191406,1803600
2023-05-02,158.35000610351562,158.35000610351562,151.91000366210938,153.25,147.49884033203125,4925600
2023-05-03,153.25999450683594,154.97999572753906,151.83999633789062,152.2100067138672,146.49789428710938,2655300
2023-05-04,151.02999877929688,151.25,147.39999389648438,148.80999755859375,143.22547912597656,3997900
2023-05-05,151.2899932861328,153.32000732421875,151.1199951171875,152.64999389648438,146.92137145996094,2223200
2023-05-08,153.41000366210938,154.5800018310547,152.9499969482422,153.0399932861328,147.2967529296875,2271600
2023-05-09,152.0,153.72999572753906,151.8800048828125,153.3800048828125,147.6239776611328,2322700
2023-05-10,153.61000061035156,154.6699981689453,147.9499969482422,148.67999267578125,143.10032653808594,4602600
2023-05-11,147.97000122070312,148.5,146.27999877929688,147.99000549316406,142.43626403808594,2900300
2023-05-12,149.32000732421875,149.32000732421875,147.08999633789062,147.92999267578125,142.37850952148438,2320000
2023-05-15,148.17999267578125,150.2100067138672,147.92999267578125,150.0,144.37081909179688,2271900
2023-05-16,150.19000244140625,152.41000366210938,148.3699951171875,148.41000366210938,142.8404998779297,1960200
2023-05-17,149.82000732421875,152.88999938964844,149.3000030517578,152.08999633789062,146.38238525390625,2446500
2023-05-18,152.25,154.1199951171875,151.05999755859375,153.47999572753906,147.72021484375,2629800
2023-05-19,154.57000732421875,154.9199981689453,152.13999938964844,152.9499969482422,147.21011352539062,2258600
2023-05-22,153.6699981689453,155.89999389648438,153.27999877929688,155.50999450683594,149.6740264892578,2483800
2023-05-23,154.47000122070312,155.75999450683594,152.5,152.55999755859375,146.8347625732422,2928400
2023-05-24,151.5,151.6999969482422,150.1199951171875,150.72000122070312,145.06381225585938,2308400
2023-05-25,149.60000610351562,151.5,149.3699951171875,151.0800018310547,145.41030883789062,3234300
2023-05-26,152.80999755859375,158.25,152.52999877929688,157.24000549316406,151.33912658691406,4015400
2023-05-30,157.14999389648438,158.9499969482422,156.66000366210938,158.00999450683594,152.08023071289062,3268200
2023-05-31,157.6699981689453,159.60000610351562,156.25999450683594,158.55999755859375,152.60960388183594,5588500
2023-06-01,159.05999755859375,163.99000549316406,158.22999572753906,162.72000122070312,156.61346435546875,4087200
2023-06-02,164.99000549316406,169.85000610351562,164.49000549316406,168.55999755859375,162.23428344726562,4820500
2023-06-05,168.24000549316406,168.24000549316406,165.8300018310547,167.42999267578125,161.14671325683594,2870900
2023-06-06,167.85000610351562,172.64999389648438,167.5,171.82000732421875,165.37196350097656,3631500
2023-06-07,173.64999389648438,173.64999389648438,170.6999969482422,171.5500030517578,165.11212158203125,2789000
2023-06-08,170.64999389648438,171.52999877929688,169.55999755859375,171.13999938964844,164.71746826171875,2354400
2023-06-09,171.94000244140625,172.22000122070312,170.94000244140625,171.72000122070312,165.27574157714844,2200900
2023-06-12,172.00999450683594,173.92999267578125,171.92999267578125,173.63999938964844,167.12364196777344,2609600
2023-06-13,174.41000366210938,176.1199951171875,174.2100067138672,175.13999938964844,168.56735229492188,2480400
2023-06-14,176.02000427246094,177.0399932861328,173.38999938964844,174.47000122070312,167.92251586914062,2326100
2023-06-15,171.41000366210938,174.52999877929688,169.57000732421875,173.80999755859375,167.2872772216797,2797600
2023-06-16,174.1999969482422,174.5800018310547,171.5500030517578,172.2100067138672,165.74732971191406,4616900
2023-06-20,171.0,171.22000122070312,168.3300018310547,169.41000366210938,163.05239868164062,2865700
2023-06-21,169.10000610351562,169.10000610351562,166.9499969482422,167.9199981689453,161.61830139160156,2813600
2023-06-22,167.27999877929688,168.5,165.22999572753906,168.25999450683594,161.94557189941406,2755900
2023-06-23,166.0,168.60000610351562,165.74000549316406,168.07000732421875,161.7626953125,4214400
2023-06-26,168.52999877929688,170.5,167.05999755859375,167.11000061035156,160.83871459960938,2507100
2023-06-27,166.35000610351562,168.3800048828125,166.17999267578125,168.19000244140625,161.87818908691406,2433900
2023-06-28,167.25999450683594,169.8699951171875,167.1999969482422,169.77999877929688,163.4085235595703,2289000
2023-06-29,170.5800018310547,172.30999755859375,170.32000732421875,172.0800018310547,165.62217712402344,2899200
2023-06-30,174.24000549316406,175.08999633789062,173.3300018310547,174.1999969482422,167.6626739501953,3371300
2023-07-03,174.3000030517578,176.3300018310547,173.6999969482422,175.44000244140625,168.85609436035156,1700200
2023-07-05,174.3800048828125,176.57000732421875,174.0399932861328,175.57000732421875,168.9812469482422,2487800
2023-07-06,171.74000549316406,172.30999755859375,168.22999572753906,170.94000244140625,165.0891571044922,3157300
2023-07-07,169.1300048828125,171.57000732421875,168.6699981689453,169.8000030517578,163.9882049560547,2145300
2023-07-10,169.86000061035156,171.8300018310547,169.4499969482422,171.7100067138672,165.8328399658203,1865600
2023-07-11,172.5,175.5800018310547,172.32000732421875,174.63999938964844,168.6625518798828,2281900
2023-07-12,177.0,177.91000366210938,174.30999755859375,174.3300018310547,168.36314392089844,2305800
2023-07-13,175.4199981689453,176.10000610351562,173.89999389648438,174.24000549316406,168.27622985839844,2080400
2023-07-14,175.36000061035156,175.66000366210938,172.52000427246094,173.38999938964844,167.45530700683594,1829500
2023-07-17,172.94000244140625,176.25999450683594,172.83999633789062,175.38999938964844,169.3868408203125,2144100
2023-07-18,175.19000244140625,178.44000244140625,174.42999267578125,178.0399932861328,171.94613647460938,2685700
2023-07-19,178.25,178.7899932861328,176.30999755859375,177.1199951171875,171.05764770507812,2749100
2023-07-20,175.55999755859375,177.22000122070312,174.0500030517578,177.11000061035156,171.04798889160156,3940700
2023-07-21,172.1699981689453,173.33999633789062,167.4199981689453,170.22000122070312,164.39381408691406,9102100
2023-07-24,167.58999633789062,169.0,166.92999267578125,167.7899932861328,162.0469512939453,4979900
2023-07-25,167.35000610351562,168.9499969482422,166.4199981689453,166.5,160.8011016845703,3286700
2023-07-26,166.1699981689453,168.42999267578125,166.05999755859375,167.75,162.0083465576172,2352000
2023-07-27,168.52999877929688,168.5399932861328,163.1699981689453,163.60000610351562,158.00039672851562,3944200
2023-07-28,165.2899932861328,166.5800018310547,164.63999938964844,165.42999267578125,159.76776123046875,2925900
2023-07-31,166.50999450683594,168.99000549316406,166.50999450683594,168.8800048828125,163.09967041015625,3345900
2023-08-01,167.9499969482422,169.80999755859375,167.25999450683594,169.64999389648438,163.84329223632812,2340100
2023-08-02,167.27999877929688,167.75,166.0500030517578,166.75,161.04257202148438,2236200
2023-08-03,165.83999633789062,166.66000366210938,165.02999877929688,166.41000366210938,160.71421813964844,1708700
2023-08-04,166.52999877929688,168.10000610351562,165.05999755859375,165.41000366210938,159.74842834472656,2256000
2023-08-07,166.85000610351562,167.3300018310547,166.13999938964844,166.9600067138672,161.24539184570312,2027200
2023-08-08,164.89999389648438,165.99000549316406,163.58999633789062,165.8699951171875,160.19268798828125,2102900
2023-08-09,165.94000244140625,166.2899932861328,163.5,163.82000732421875,158.21286010742188,2445200
2023-08-10,164.7100067138672,166.5,162.72000122070312,163.5399932861328,157.9424285888672,2556000
2023-08-11,162.6699981689453,165.77999877929688,162.60000610351562,165.27000427246094,159.6132354736328,2102500
2023-08-14,164.3300018310547,166.47999572753906,163.77000427246094,166.0800018310547,160.39553833007812,1827300
2023-08-15,164.38999938964844,164.80999755859375,161.6999969482422,161.91000366210938,156.36825561523438,2447600
2023-08-16,161.27000427246094,162.9600067138672,160.63999938964844,160.75999450683594,155.2576141357422,1994900
2023-08-17,161.91000366210938,162.61000061035156,160.3800048828125,160.5800018310547,155.08375549316406,2473000
2023-08-18,159.22999572753906,160.8000030517578,158.94000244140625,160.22999572753906,154.7457275390625,2139500
2023-08-21,160.8800048828125,161.64999389648438,160.0800018310547,160.8800048828125,155.3734893798828,2070500
2023-08-22,160.75999450683594,161.25999450683594,158.61000061035156,159.0800018310547,153.63511657714844,2255500
2023-08-23,159.3300018310547,160.0800018310547,158.6999969482422,159.44000244140625,153.98280334472656,2042500
2023-08-24,159.00999450683594,161.4199981689453,157.74000549316406,157.7899932861328,152.3892364501953,2468600
2023-08-25,158.44000244140625,159.63999938964844,157.3300018310547,158.32000732421875,152.90109252929688,2969200
2023-08-28,158.97999572753906,160.91000366210938,158.75999450683594,159.19000244140625,153.74134826660156,2509900
2023-08-29,158.88999938964844,160.7899932861328,158.3000030517578,160.24000549316406,154.7554168701172,2175800
2023-08-30,160.27000427246094,161.86000061035156,160.1199951171875,160.1699981689453,154.68780517578125,3039900
2023-08-31,160.66000366210938,160.94000244140625,157.74000549316406,157.99000549316406,152.58241271972656,3653900
2023-09-01,159.07000732421875,160.16000366210938,158.7100067138672,159.6199951171875,154.1566162109375,2195500
2023-09-05,160.11000061035156,161.86000061035156,159.35000610351562,160.0,154.5236053466797,4151000
2023-09-06,159.07000732421875,159.83999633789062,156.86000061035156,158.0,152.59205627441406,2949200
2023-09-07,157.25999450683594,157.6300048828125,156.07000732421875,156.77999877929688,151.4138641357422,2617400
2023-09-08,157.02000427246094,157.7899932861328,156.7100067138672,157.42999267578125,152.04159545898438,1931300
2023-09-11,158.3699951171875,159.16000366210938,157.39999389648438,157.8300018310547,152.42787170410156,2611100
2023-09-12,157.64999389648438,159.72000122070312,157.4499969482422,158.5,153.07496643066406,2659000
2023-09-13,159.33999633789062,160.6999969482422,158.6199951171875,159.13999938964844,153.6930389404297,2976700
2023-09-14,160.57000732421875,161.9600067138672,160.0,161.77999877929688,156.24266052246094,3209900
2023-09-15,162.02999877929688,164.3300018310547,161.82000732421875,163.75,158.14527893066406,7273600
2023-09-18,163.7899932861328,163.9499969482422,159.35000610351562,159.6300048828125,154.16629028320312,2413400
2023-09-19,159.0500030517578,159.8699951171875,158.4499969482422,159.35000610351562,153.8958740234375,2230700
2023-09-20,160.0,160.1999969482422,156.8800048828125,157.22999572753906,151.84840393066406,1969700
2023-09-21,155.8300018310547,156.8699951171875,154.44000244140625,154.7100067138672,149.41468811035156,2712100
2023-09-22,155.0,155.0399932861328,152.9199981689453,153.0800018310547,147.84043884277344,2380600
2023-09-25,152.2100067138672,153.30999755859375,151.75,153.22999572753906,147.98532104492188,2434400
2023-09-26,151.75,152.9600067138672,150.16000366210938,151.1199951171875,145.94754028320312,2332100
2023-09-27,151.5,151.5,148.97000122070312,149.89999389648438,144.76931762695312,3705400
2023-09-28,149.77000427246094,150.8800048828125,149.02000427246094,150.22999572753906,145.0880126953125,3489800
2023-09-29,151.4499969482422,151.69000244140625,148.6699981689453,149.19000244140625,144.08363342285156,3579400
2023-10-02,148.4199981689453,149.89999389648438,148.07000732421875,149.47999572753906,144.3636932373047,2657600
2023-10-03,148.5,149.17999267578125,144.30999755859375,145.0500030517578,140.0853271484375,4184100
2023-10-04,145.89999389648438,146.9199981689453,144.39999389648438,146.6300048828125,141.6112518310547,3476700
2023-10-05,145.5800018310547,147.5399932861328,144.77000427246094,147.08999633789062,142.63916015625,2706200
2023-10-06,146.7100067138672,150.35000610351562,146.13999938964844,149.32000732421875,144.80169677734375,3204600
2023-10-09,147.60000610351562,149.4499969482422,147.4199981689453,148.82000732421875,144.3168182373047,2279400
2023-10-10,149.5,151.72999572753906,149.0,150.92999267578125,146.3629608154297,2909100
2023-10-11,151.42999267578125,152.80999755859375,149.75999450683594,151.50999450683594,146.92539978027344,1727000
2023-10-12,152.5,152.72000122070312,150.11000061035156,151.27999877929688,146.70237731933594,2377200
2023-10-13,152.9199981689453,154.13999938964844,150.42999267578125,151.10000610351562,146.52781677246094,2951500
2023-10-16,152.3699951171875,153.41000366210938,151.2100067138672,152.7899932861328,148.16665649414062,2586300
2023-10-17,151.55999755859375,154.72999572753906,151.5,154.38999938964844,149.71827697753906,3919400
2023-10-18,153.1199951171875,153.58999633789062,151.1300048828125,151.52999877929688,146.94480895996094,2632200
2023-10-19,150.41000366210938,156.0500030517578,149.00999450683594,149.6199951171875,145.09259033203125,4642200
2023-10-20,144.6999969482422,147.94000244140625,141.44000244140625,141.57000732421875,137.28619384765625,8268100
2023-10-23,141.5,145.85000610351562,140.91000366210938,144.58999633789062,140.2147979736328,5313500
2023-10-24,145.85000610351562,146.50999450683594,143.5399932861328,144.4199981689453,140.04994201660156,3521100
2023-10-25,144.08999633789062,144.83999633789062,143.22999572753906,143.52000427246094,139.1771697998047,2841400
2023-10-26,143.3699951171875,144.91000366210938,142.99000549316406,143.33999633789062,139.00262451171875,3378000
2023-10-27,143.85000610351562,143.9600067138672,141.02999877929688,141.30999755859375,137.03404235839844,3442500
2023-10-30,142.72000122070312,143.86000061035156,141.72999572753906,143.27000427246094,138.9347381591797,3303300
2023-10-31,143.3300018310547,146.67999267578125,143.07000732421875,146.02999877929688,141.61123657226562,3737200
2023-11-01,146.49000549316406,146.82000732421875,145.13999938964844,146.4499969482422,142.0185089111328,2332600
2023-11-02,148.3300018310547,150.91000366210938,148.3300018310547,150.85000610351562,146.28538513183594,3108400
2023-11-03,152.5800018310547,153.8800048828125,152.39999389648438,152.75999450683594,148.13755798339844,2667700
2023-11-06,152.60000610351562,153.07000732421875,151.50999450683594,152.99000549316406,148.3606414794922,2490000
2023-11-07,152.97000122070312,153.7899932861328,152.35000610351562,152.97999572753906,148.35092163085938,1583300
2023-11-08,152.97000122070312,153.8000030517578,152.42999267578125,153.00999450683594,148.3800506591797,1804500
2023-11-09,153.67999267578125,154.16000366210938,152.0500030517578,152.3699951171875,147.75938415527344,2052900
2023-11-10,153.0399932861328,154.47999572753906,152.10000610351562,154.3800048828125,149.70855712890625,2088100
2023-11-13,154.0800018310547,155.25999450683594,153.5,154.33999633789062,149.66978454589844,1753600
2023-11-14,156.60000610351562,157.9199981689453,156.02999877929688,156.91000366210938,152.1620330810547,2968600
2023-11-15,157.52999877929688,159.44000244140625,157.0,159.42999267578125,154.6057586669922,3272600
2023-11-16,159.64999389648438,160.10000610351562,157.97000122070312,159.0500030517578,154.2372589111328,3749100
2023-11-17,159.91000366210938,162.5800018310547,159.91000366210938,162.55999755859375,157.6410369873047,2975800
2023-11-20,162.91000366210938,164.64999389648438,162.75999450683594,163.85000610351562,158.89202880859375,3242900
2023-11-21,163.64999389648438,164.1199951171875,161.72999572753906,162.2899932861328,157.3791961669922,2759700
2023-11-22,163.27999877929688,164.67999267578125,162.85000610351562,163.7899932861328,158.8338165283203,2527500
2023-11-24,164.55999755859375,165.22000122070312,163.97000122070312,164.4199981689453,159.4447784423828,950700
2023-11-27,163.75999450683594,164.52000427246094,163.32000732421875,164.0399932861328,159.07626342773438,2146400
2023-11-28,163.9199981689453,165.97999572753906,163.61000061035156,165.66000366210938,160.6472625732422,2117800
2023-11-29,166.39999389648438,168.72000122070312,166.39999389648438,167.42999267578125,162.36366271972656,2720200
2023-11-30,168.0,171.1699981689453,167.52999877929688,170.77000427246094,165.6026153564453,4253100
2023-12-01,170.6699981689453,174.33999633789062,170.30999755859375,173.75999450683594,168.5021209716797,3412000
2023-12-04,172.86000061035156,175.30999755859375,172.66000366210938,173.25,168.00758361816406,3631000
2023-12-05,172.10000610351562,172.7100067138672,165.92999267578125,170.67999267578125,165.51531982421875,6452500
2023-12-06,171.72999572753906,172.3800048828125,167.17999267578125,167.50999450683594,162.44125366210938,3890700
2023-12-07,168.4600067138672,169.22000122070312,167.74000549316406,168.6199951171875,163.51766967773438,2797100
2023-12-08,168.33999633789062,169.1300048828125,167.57000732421875,168.42999267578125,163.33340454101562,2681300
2023-12-11,168.39999389648438,169.50999450683594,167.86000061035156,168.38999938964844,163.29464721679688,2811400
2023-12-12,168.38999938964844,171.0800018310547,167.77000427246094,171.0399932861328,165.86444091796875,2946200
2023-12-13,171.2100067138672,174.66000366210938,170.14999389648438,174.55999755859375,169.2779083251953,3207700
2023-12-14,175.74000549316406,179.89999389648438,175.60000610351562,178.86000061035156,173.44778442382812,4548100
2023-12-15,177.5399932861328,181.17999267578125,177.5,180.50999450683594,175.04786682128906,7139200
2023-12-18,181.3800048828125,182.83999633789062,181.02999877929688,182.75999450683594,177.22979736328125,2814400
2023-12-19,183.2100067138672,185.77000427246094,183.19000244140625,185.75,180.1293182373047,3978300
2023-12-20,185.35000610351562,185.64999389648438,180.5399932861328,180.64999389648438,175.18365478515625,4020700
2023-12-21,181.8300018310547,185.2100067138672,181.8300018310547,184.7899932861328,179.19837951660156,3496800
2023-12-22,185.63999938964844,186.3699951171875,184.6300048828125,185.57000732421875,179.9547882080078,2782600
2023-12-26,185.9600067138672,186.17999267578125,185.1300048828125,185.9600067138672,180.3330078125,1230000
2023-12-27,186.13999938964844,187.1300048828125,185.6199951171875,187.05999755859375,181.3997039794922,1825400
2023-12-28,187.1199951171875,188.07000732421875,187.0,187.8000030517578,182.1173095703125,1486100
2023-12-29,187.75,188.3000030517578,186.52999877929688,187.33999633789062,181.67120361328125,1915000
2024-01-02,186.49000549316406,188.74000549316406,186.07000732421875,188.30999755859375,182.6118621826172,2236600
2024-01-03,186.67999267578125,187.49000549316406,185.58999633789062,186.32000732421875,180.68209838867188,2720500
2024-01-04,186.00999450683594,188.57000732421875,185.75999450683594,187.13999938964844,182.0635528564453,2777500
2024-01-05,186.82000732421875,189.50999450683594,186.52000427246094,189.05999755859375,183.93145751953125,2243300
2024-01-08,188.22000122070312,189.3300018310547,186.3800048828125,189.2100067138672,184.0774383544922,3442100
2024-01-09,187.8300018310547,187.99000549316406,186.33999633789062,186.77000427246094,181.70359802246094,2055500
2024-01-10,185.02999877929688,186.10000610351562,183.6699981689453,184.97000122070312,179.9524383544922,2757800
2024-01-11,185.00999450683594,185.36000061035156,182.0399932861328,185.02999877929688,180.01080322265625,3493300
2024-01-12,185.8300018310547,186.41000366210938,181.9499969482422,182.0399932861328,177.10191345214844,3366300
2024-01-16,181.00999450683594,181.14999389648438,178.82000732421875,180.97000122070312,176.06094360351562,4142900
2024-01-17,179.4499969482422,181.60000610351562,179.0,181.0,176.09010314941406,2377600
2024-01-18,180.10000610351562,180.19000244140625,177.80999755859375,179.7899932861328,174.91294860839844,3215200
2024-01-19,181.0,183.3800048828125,179.41000366210938,183.1699981689453,178.20123291015625,3388900
2024-01-22,184.25999450683594,186.77000427246094,184.05999755859375,185.00999450683594,179.9913330078125,3145100
2024-01-23,185.67999267578125,186.02000427246094,184.80999755859375,185.47000122070312,180.43885803222656,2327600
2024-01-24,187.08999633789062,188.4199981689453,185.72999572753906,185.82000732421875,180.77938842773438,3052500
2024-01-25,186.44000244140625,188.3300018310547,186.42999267578125,188.07000732421875,182.9683074951172,3472500
2024-01-26,192.5399932861328,204.77000427246094,192.25999450683594,201.42999267578125,195.96592712402344,13555400
2024-01-29,201.91000366210938,202.89999389648438,199.07000732421875,200.86000061035156,195.411376953125,4935500
2024-01-30,200.5,204.44000244140625,200.41000366210938,204.14999389648438,198.6121368408203,4284600
2024-01-31,202.39999389648438,205.32000732421875,200.66000366210938,200.74000549316406,195.29464721679688,3495000
2024-02-01,200.36000061035156,203.47000122070312,199.8800048828125,203.22000122070312,197.7073516845703,3028300
2024-02-02,203.38999938964844,206.97000122070312,203.0,206.41000366210938,200.81085205078125,3393000
2024-02-05,205.49000549316406,206.72000122070312,203.4199981689453,205.94000244140625,200.35360717773438,3099300
2024-02-06,205.44000244140625,207.0800018310547,204.0,205.64999389648438,200.07144165039062,3255300
2024-02-07,207.0800018310547,209.14999389648438,205.60000610351562,209.0800018310547,203.40841674804688,3272100
2024-02-08,208.25,211.33999633789062,207.9499969482422,211.2100067138672,205.48062133789062,4136600
2024-02-09,211.5500030517578,214.25,210.41000366210938,212.47000122070312,206.70645141601562,4785100
2024-02-12,212.25,214.00999450683594,211.61000061035156,212.25999450683594,206.50213623046875,4041400
2024-02-13,210.22000122070312,210.97000122070312,207.61000061035156,209.6699981689453,203.98240661621094,3381700
2024-02-14,211.14999389648438,211.2899932861328,208.82000732421875,210.89999389648438,205.17904663085938,2770800
2024-02-15,211.47000122070312,213.1199951171875,210.64999389648438,212.52999877929688,206.76483154296875,2644500
2024-02-16,212.52999877929688,214.2899932861328,211.8699951171875,212.55999755859375,206.7940216064453,2831300
2024-02-20,211.0,213.75,210.27999877929688,212.49000549316406,206.72593688964844,3341700
2024-02-21,211.60000610351562,212.69000244140625,209.10000610351562,210.88999938964844,205.1693115234375,2599400
2024-02-22,212.47999572753906,215.5500030517578,212.47999572753906,213.99000549316406,208.1852264404297,3027800
2024-02-23,215.0,216.32000732421875,214.25999450683594,214.55999755859375,208.73976135253906,2617000
2024-02-26,213.4199981689453,217.5399932861328,213.25,216.9600067138672,211.07467651367188,2684500
2024-02-27,217.42999267578125,218.0800018310547,216.3000030517578,217.97999572753906,212.06698608398438,2428100
2024-02-28,217.17999267578125,219.1999969482422,216.75999450683594,218.02999877929688,212.11563110351562,2599200
2024-02-29,218.99000549316406,219.74000549316406,217.64999389648438,219.4199981689453,213.46792602539062,5186500
2024-03-01,219.30999755859375,220.3800048828125,218.42999267578125,219.66000366210938,213.701416015625,2342800
2024-03-04,219.07000732421875,219.5800018310547,217.24000549316406,218.91000366210938,212.97177124023438,2625300
2024-03-05,217.44000244140625,218.89999389648438,216.1199951171875,217.1999969482422,211.30813598632812,2672300
2024-03-06,217.6199951171875,219.2899932861328,217.27000427246094,218.4499969482422,212.52423095703125,2727900
2024-03-07,221.00999450683594,224.69000244140625,220.80999755859375,223.4199981689453,217.3594207763672,2974100
2024-03-08,223.0399932861328,224.89999389648438,222.83999633789062,223.3699951171875,217.31077575683594,2242800
2024-03-11,221.9199981689453,222.36000061035156,218.2899932861328,220.19000244140625,214.217041015625,2808200
2024-03-12,221.24000549316406,223.44000244140625,219.63999938964844,222.64999389648438,216.61029052734375,2067700
2024-03-13,223.13999938964844,223.49000549316406,221.8699951171875,222.80999755859375,216.76596069335938,2693100
2024-03-14,224.27999877929688,224.2899932861328,219.10000610351562,220.47000122070312,214.48944091796875,2417900
2024-03-15,220.97999572753906,221.60000610351562,217.22000122070312,218.4600067138672,212.5339813232422,5267900
2024-03-18,219.89999389648438,221.72999572753906,218.99000549316406,220.97000122070312,214.97589111328125,1893000
2024-03-19,221.0500030517578,221.9499969482422,219.3699951171875,221.69000244140625,215.67636108398438,1817600
2024-03-20,221.49000549316406,228.05999755859375,221.22999572753906,227.91000366210938,221.7276153564453,2249700
2024-03-21,229.11000061035156,231.69000244140625,228.99000549316406,229.1199951171875,222.90480041503906,3523700
2024-03-22,229.0500030517578,230.5399932861328,225.91000366210938,225.9600067138672,219.8305206298828,2284700
2024-03-25,225.33999633789062,226.99000549316406,225.22999572753906,226.02999877929688,219.8986358642578,2119500
2024-03-26,226.6199951171875,226.8699951171875,224.32000732421875,224.4600067138672,218.37118530273438,2106400
2024-03-27,227.1999969482422,228.0,225.13999938964844,227.75,221.5719451904297,2153100
2024-03-28,228.4600067138672,228.4600067138672,226.33999633789062,227.69000244140625,221.51358032226562,2295800
2024-04-01,227.44000244140625,228.57000732421875,226.8300018310547,227.61000061035156,221.435791015625,1616700
2024-04-02,226.3699951171875,226.97000122070312,224.58999633789062,225.52999877929688,219.41221618652344,1984500
2024-04-03,225.80999755859375,227.25999450683594,225.25,226.6300048828125,220.48233032226562,2070100
2024-04-04,229.13999938964844,229.67999267578125,219.2100067138672,219.58999633789062,214.29519653320312,3035300
2024-04-05,220.0,223.1199951171875,219.52000427246094,222.4600067138672,217.09603881835938,1827900
2024-04-08,223.4600067138672,224.85000610351562,223.1300048828125,224.11000061035156,218.70623779296875,1401200
2024-04-09,222.99000549316406,223.92999267578125,217.97000122070312,219.83999633789062,214.53919982910156,3503000
2024-04-10,217.50999450683594,219.5,215.52000427246094,217.64999389648438,212.4019775390625,3115000
2024-04-11,217.5,219.1699981689453,214.50999450683594,218.1999969482422,212.93873596191406,3139000
2024-04-12,217.0,218.27999877929688,216.1199951171875,218.1999969482422,212.93873596191406,2441200
2024-04-15,221.88999938964844,222.72999572753906,216.82000732421875,218.39999389648438,213.13389587402344,3459000
2024-04-16,217.6999969482422,219.3800048828125,216.50999450683594,218.33999633789062,213.07533264160156,4176700
2024-04-17,219.55999755859375,220.27999877929688,216.52000427246094,217.6699981689453,212.42149353027344,2256800
2024-04-18,218.25999450683594,221.4499969482422,217.17999267578125,217.5,212.255615234375,3901500
2024-04-19,218.83999633789062,231.60000610351562,218.83999633789062,231.0399932861328,225.4691162109375,7573700
2024-04-22,232.02999877929688,235.3699951171875,227.69000244140625,233.0,227.38186645507812,5151300
2024-04-23,234.77000427246094,239.4199981689453,233.6699981689453,238.9600067138672,233.1981658935547,4684500
2024-04-24,238.27000427246094,240.5500030517578,237.97000122070312,239.1199951171875,233.35430908203125,4429200
2024-04-25,238.1300048828125,238.4499969482422,235.41000366210938,237.10000610351562,231.3830108642578,3329000
2024-04-26,236.0,236.9199981689453,234.4199981689453,235.63999938964844,229.9582061767578,2993300
2024-04-29,236.58999633789062,239.1199951171875,235.63999938964844,238.9199981689453,233.15911865234375,3696300
2024-04-30,237.8800048828125,239.61000061035156,233.77000427246094,234.02999877929688,228.3870391845703,3564300
2024-05-01,233.22000122070312,235.13999938964844,231.22999572753906,231.4600067138672,225.87901306152344,4176000
2024-05-02,233.5800018310547,233.9499969482422,230.91000366210938,232.5,226.8939208984375,2734900
2024-05-03,233.25999450683594,233.35000610351562,229.1300048828125,230.77000427246094,225.2056427001953,3203100
2024-05-06,232.3000030517578,234.57000732421875,231.32000732421875,234.3300018310547,228.67979431152344,2259600
2024-05-07,235.5,236.0,233.41000366210938,234.66000366210938,229.0018310546875,2084300
2024-05-08,234.39999389648438,236.85000610351562,233.52000427246094,236.24000549316406,230.5437469482422,2501900
2024-05-09,235.9600067138672,239.3800048828125,235.55999755859375,239.13999938964844,233.3738250732422,3166300
2024-05-10,240.5,243.5399932861328,240.30999755859375,242.3000030517578,236.4576416015625,2590800
2024-05-13,242.9499969482422,243.5399932861328,238.10000610351562,238.64999389648438,232.89561462402344,2768800
2024-05-14,238.14999389648438,242.08999633789062,238.10000610351562,241.52999877929688,235.7061767578125,2387300
2024-05-15,241.6300048828125,242.8699951171875,240.25,241.6999969482422,235.87210083007812,2013400
2024-05-16,241.72000122070312,243.35000610351562,240.85000610351562,241.32000732421875,235.5012664794922,2605900
2024-05-17,242.8000030517578,243.19000244140625,241.89999389648438,242.82000732421875,236.965087890625,1848700
2024-05-20,243.11000061035156,244.41000366210938,242.10000610351562,242.3000030517578,236.4576416015625,1983200
2024-05-21,242.33999633789062,243.5800018310547,241.33999633789062,243.0800018310547,237.2187957763672,1825800
2024-05-22,242.91000366210938,243.47000122070312,239.52999877929688,240.08999633789062,234.30091857910156,2292700
2024-05-23,240.8300018310547,240.8300018310547,235.1199951171875,235.4600067138672,229.78256225585938,3272600
2024-05-24,236.86000061035156,240.07000732421875,236.69000244140625,238.17999267578125,232.4369354248047,1624200
2024-05-28,237.75,238.47000122070312,235.8800048828125,237.25,231.5293731689453,2315400
2024-05-29,235.4499969482422,237.66000366210938,234.6699981689453,235.94000244140625,230.25099182128906,2711300
2024-05-30,236.3699951171875,237.32000732421875,234.97999572753906,237.22000122070312,231.5001220703125,2386300
2024-05-31,238.0,240.19000244140625,235.91000366210938,240.0,234.2130889892578,5102500
2024-06-03,240.17999267578125,241.36000061035156,233.52999877929688,236.8800048828125,231.16831970214844,2677200
2024-06-04,236.38999938964844,240.0,235.72999572753906,237.25,231.5293731689453,2512100
2024-06-05,236.25,237.6999969482422,233.6999969482422,234.69000244140625,229.0311279296875,2925100
2024-06-06,234.7899932861328,236.39999389648438,232.6999969482422,233.35000610351562,227.7234344482422,2709600
2024-06-07,232.41000366210938,234.1199951171875,231.7100067138672,232.6699981689453,227.05982971191406,2212500
2024-06-10,231.9499969482422,233.9199981689453,230.60000610351562,232.44000244140625,226.8353729248047,2933500
2024-06-11,231.63999938964844,231.63999938964844,224.2100067138672,224.52999877929688,219.11610412597656,3168100
2024-06-12,227.42999267578125,228.39999389648438,222.8300018310547,224.0399932861328,218.6378936767578,3091100
2024-06-13,223.41000366210938,223.75,220.74000549316406,222.19000244140625,216.83253479003906,3011300
2024-06-14,221.3800048828125,225.63999938964844,221.33999633789062,224.82000732421875,219.3991241455078,2373800
2024-06-17,224.1999969482422,228.47000122070312,224.02000427246094,228.27000427246094,222.7659149169922,2426700
2024-06-18,227.5800018310547,229.30999755859375,226.77000427246094,229.30999755859375,223.78085327148438,2176500
2024-06-20,228.55999755859375,231.67999267578125,226.44000244140625,230.2100067138672,224.6591339111328,2968100
2024-06-21,231.11000061035156,231.11000061035156,227.5,230.3800048828125,224.8250274658203,5064300
2024-06-24,231.67999267578125,233.89999389648438,230.2100067138672,231.47000122070312,225.88877868652344,2152600
2024-06-25,230.86000061035156,231.3000030517578,228.5399932861328,230.58999633789062,225.0299530029297,3206800
2024-06-26,230.0399932861328,232.49000549316406,229.13999938964844,230.67999267578125,225.11781311035156,3151900
2024-06-27,229.7899932861328,230.3300018310547,227.3699951171875,228.39999389648438,222.8927764892578,2264200
2024-06-28,229.25,233.60000610351562,228.74000549316406,231.5500030517578,225.96682739257812,3901100
2024-07-01,232.3300018310547,234.8000030517578,231.5500030517578,233.80999755859375,228.1723175048828,2792700
2024-07-02,233.5500030517578,236.19000244140625,232.97000122070312,235.97000122070312,230.2802734375,1871700
2024-07-03,236.5,237.5800018310547,235.19000244140625,235.7100067138672,230.0265655517578,1365900
2024-07-05,235.7100067138672,236.6999969482422,233.55999755859375,235.6300048828125,230.6333770751953,2488300
2024-07-08,236.22999572753906,239.5,233.75999450683594,234.50999450683594,229.53713989257812,2638600
2024-07-09,234.97000122070312,239.1999969482422,234.1199951171875,237.75,232.70840454101562,1943400
2024-07-10,236.57000732421875,239.4499969482422,235.6199951171875,238.92999267578125,233.86337280273438,2203000
2024-07-11,238.8699951171875,239.9499969482422,236.9600067138672,238.75,233.68722534179688,1868700
2024-07-12,238.97000122070312,240.25999450683594,237.22999572753906,238.6300048828125,233.5697784423828,2612200
2024-07-15,240.4499969482422,244.66000366210938,240.4499969482422,244.0,238.82589721679688,3054400
2024-07-16,244.13999938964844,249.75999450683594,243.8000030517578,249.6300048828125,244.3365020751953,3074600
2024-07-17,248.80999755859375,250.83999633789062,247.3800048828125,249.9600067138672,244.6595001220703,2471900
2024-07-18,250.8000030517578,253.72999572753906,247.75999450683594,249.1999969482422,243.91561889648438,4053300
2024-07-19,241.8000030517578,243.3800048828125,237.64999389648438,242.3800048828125,237.240234375,5750400
2024-07-22,243.00999450683594,245.61000061035156,239.89999389648438,244.75,239.5599822998047,2590000
2024-07-23,246.9600067138672,248.99000549316406,245.0399932861328,246.89999389648438,241.6643829345703,2564000
2024-07-24,245.0,245.6199951171875,240.6699981689453,240.99000549316406,235.8797149658203,2838100
2024-07-25,240.0,244.9600067138672,239.38999938964844,240.17999267578125,235.0869140625,3828800
2024-07-26,241.92999267578125,246.38999938964844,241.8800048828125,245.88999938964844,240.6758270263672,2174400
2024-07-29,246.6300048828125,247.9600067138672,244.30999755859375,247.88999938964844,242.63339233398438,2059300
2024-07-30,249.4600067138672,253.67999267578125,249.22999572753906,252.47999572753906,247.12606811523438,2498800
2024-07-31,253.11000061035156,256.239990234375,252.42999267578125,253.0399932861328,247.67416381835938,2180700
2024-08-01,253.85000610351562,255.0,246.41000366210938,248.67999267578125,243.40663146972656,3929700
2024-08-02,244.50999450683594,244.64999389648438,230.0500030517578,232.27999877929688,227.35440063476562,6902600
2024-08-05,226.63999938964844,230.77999877929688,222.02999877929688,225.9199981689453,221.1292724609375,4890700
2024-08-06,226.9600067138672,233.17999267578125,226.5,231.1199951171875,226.218994140625,3148200
2024-08-07,234.02000427246094,236.1699981689453,228.50999450683594,228.8000030517578,223.9481964111328,2665300
2024-08-08,231.0500030517578,234.5,231.00999450683594,233.5399932861328,228.58767700195312,2239200
2024-08-09,233.52000427246094,238.33999633789062,233.08999633789062,237.85000610351562,232.80630493164062,1956400
2024-08-12,238.1999969482422,238.99000549316406,235.39999389648438,237.0500030517578,232.0232696533203,1747000
2024-08-13,238.7100067138672,239.27000427246094,236.47000122070312,238.99000549316406,233.922119140625,1913200
2024-08-14,239.80999755859375,244.08999633789062,239.50999450683594,243.75999450683594,238.59097290039062,2132500
2024-08-15,247.77000427246094,250.36000061035156,245.35000610351562,249.5,244.20924377441406,2656800
2024-08-16,249.38999938964844,251.75,249.1300048828125,251.7100067138672,246.37240600585938,2149700
2024-08-19,252.0,254.11000061035156,251.83999633789062,254.0500030517578,248.6627960205078,1653400
2024-08-20,254.22000122070312,254.6199951171875,252.25999450683594,253.0800018310547,247.71331787109375,1659700
2024-08-21,249.63999938964844,249.82000732421875,243.35000610351562,246.3000030517578,241.07711791992188,3502500
2024-08-22,246.77000427246094,248.9199981689453,245.75999450683594,247.75999450683594,242.50616455078125,1981300
2024-08-23,248.0,252.1699981689453,248.0,251.3000030517578,245.97109985351562,1868200
2024-08-26,252.4199981689453,256.1600036621094,251.9499969482422,253.8800048828125,248.4963836669922,1931000
2024-08-27,253.6999969482422,256.67999267578125,253.6999969482422,255.02999877929688,249.62197875976562,2518100
2024-08-28,254.2100067138672,258.6300048828125,253.75,257.0899963378906,251.63832092285156,2557100
2024-08-29,258.0,261.57000732421875,256.8299865722656,259.8399963378906,254.33001708984375,2423500
2024-08-30,260.489990234375,261.75,256.1000061035156,258.6499938964844,253.1652374267578,3442100
2024-09-03,255.77000427246094,257.4800109863281,252.7899932861328,254.30999755859375,248.91725158691406,2970300
2024-09-04,254.99000549316406,256.5799865722656,250.66000366210938,251.74000549316406,246.40174865722656,3062600
2024-09-05,252.7100067138672,253.1699981689453,248.3699951171875,251.83999633789062,246.4996337890625,2711200
2024-09-06,251.2899932861328,253.57000732421875,243.32000732421875,244.05999755859375,238.8845977783203,3653000
2024-09-09,248.25,253.14999389648438,247.52999877929688,250.9199981689453,245.59913635253906,3080800
2024-09-10,251.72000122070312,252.5,240.58999633789062,245.4199981689453,240.2157745361328,3630900
2024-09-11,244.39999389648438,254.6300048828125,243.5,254.17999267578125,248.78997802734375,3149900
2024-09-12,254.16000366210938,257.0,252.58999633789062,255.14999389648438,249.73944091796875,2279600
2024-09-13,256.2300109863281,260.2099914550781,255.75,259.0,253.50778198242188,2199200
2024-09-16,261.30999755859375,262.8500061035156,259.1499938964844,261.0899963378906,255.55348205566406,2170200
2024-09-17,261.5199890136719,267.2200012207031,261.3500061035156,265.3999938964844,259.7721252441406,2765700
2024-09-18,264.3999938964844,266.3500061035156,261.0,262.17999267578125,256.620361328125,2577400
2024-09-19,267.8299865722656,270.1000061035156,266.3500061035156,268.75,263.051025390625,2973300
2024-09-20,268.3999938964844,271.489990234375,266.95001220703125,268.989990234375,263.28594970703125,5847200
2024-09-23,271.3599853515625,272.4100036621094,267.04998779296875,267.29998779296875,261.6317443847656,2534900
2024-09-24,267.7699890136719,268.5,263.0299987792969,266.2099914550781,260.5649108886719,2340300
2024-09-25,267.0899963378906,268.7200012207031,265.54998779296875,266.1700134277344,260.5257568359375,2116300
2024-09-26,268.2900085449219,268.989990234375,266.3399963378906,268.1499938964844,262.4637451171875,1430600
2024-09-27,268.0,272.67999267578125,267.4200134277344,271.05999755859375,265.3121032714844,2231900
2024-09-30,270.1000061035156,271.4800109863281,267.2900085449219,271.20001220703125,265.4490966796875,2113100
2024-10-01,271.2799987792969,271.8299865722656,266.5199890136719,268.6000061035156,262.90423583984375,2429500
2024-10-02,268.6000061035156,271.3900146484375,266.25,270.9200134277344,265.1750183105469,2009500
2024-10-03,269.6400146484375,271.1000061035156,267.6400146484375,268.5899963378906,262.89447021484375,1614500
2024-10-04,272.25,276.7900085449219,270.0,275.9700012207031,270.82379150390625,2239600
2024-10-07,274.3500061035156,276.30999755859375,271.54998779296875,273.7900085449219,268.68438720703125,3287500
2024-10-08,271.25,272.5,266.1600036621094,269.1099853515625,264.0916748046875,3332800
2024-10-09,268.80999755859375,271.5899963378906,268.4200134277344,271.4200134277344,266.358642578125,2087000
2024-10-10,270.92999267578125,272.8999938964844,269.8800048828125,270.4700012207031,265.4263000488281,2052800
2024-10-11,271.3800048828125,277.1099853515625,271.0,276.1600036621094,271.01025390625,1723200
2024-10-14,276.1600036621094,277.70001220703125,275.1099853515625,276.5199890136719,271.3634948730469,1399000
2024-10-15,280.57000732421875,281.4200134277344,276.8999938964844,277.30999755859375,272.1388244628906,2264600
2024-10-16,278.8800048828125,281.8699951171875,277.69000244140625,281.67999267578125,276.42724609375,2243600
2024-10-17,284.0,286.3599853515625,282.4800109863281,285.7799987792969,280.45086669921875,3571900
2024-10-18,276.79998779296875,279.20001220703125,269.04998779296875,276.7900085449219,271.62847900390625,7884400
2024-10-21,275.0,276.3599853515625,269.5299987792969,270.739990234375,265.6912536621094,4092700
2024-10-22,270.6199951171875,272.8299865722656,268.5799865722656,272.3999938964844,267.3203430175781,2595400
2024-10-23,272.0,273.3500061035156,268.9599914550781,271.2300109863281,266.17218017578125,2051100
2024-10-24,270.2300109863281,271.2300109863281,268.7099914550781,269.9800109863281,264.9454650878906,3490600
2024-10-25,271.6499938964844,273.1700134277344,266.3500061035156,267.3500061035156,262.3645324707031,2993300
2024-10-28,269.239990234375,271.9700012207031,267.67999267578125,271.4700012207031,266.4076843261719,2336900
2024-10-29,270.29998779296875,271.79998779296875,269.5799865722656,270.42999267578125,265.3870849609375,1749000
2024-10-30,271.0,275.07000732421875,270.2699890136719,274.0799865722656,268.9689636230469,2152900
2024-10-31,273.70001220703125,274.0799865722656,268.6400146484375,270.0799865722656,265.0436096191406,2315400
2024-11-01,272.29998779296875,274.75,270.95001220703125,272.69000244140625,267.60491943359375,2508300
2024-11-04,272.3299865722656,272.82000732421875,269.7099914550781,270.19000244140625,265.1515808105469,1944000
2024-11-05,271.7200012207031,276.17999267578125,271.19000244140625,275.94000244140625,270.7943420410156,1859600
2024-11-06,288.0,296.8299865722656,286.80999755859375,295.1600036621094,289.6559143066406,5380500
2024-11-07,292.32000732421875,293.0400085449219,284.6499938964844,286.82000732421875,281.471435546875,3876900
2024-11-08,286.67999267578125,290.1000061035156,285.95001220703125,287.6000061035156,282.2369079589844,1814400
2024-11-11,290.489990234375,294.17999267578125,290.42999267578125,292.9700012207031,287.5067443847656,2299500
2024-11-12,292.0,293.54998779296875,287.5799865722656,288.510009765625,283.12994384765625,2251400
2024-11-13,287.9200134277344,290.6099853515625,287.44000244140625,287.6400146484375,282.27618408203125,2118100
2024-11-14,288.3399963378906,290.55999755859375,287.3599853515625,288.29998779296875,282.9238586425781,2979400
2024-11-15,288.0,290.54998779296875,285.489990234375,286.8699951171875,281.5205078125,2614400
2024-11-18,286.94000244140625,287.5199890136719,283.6099853515625,285.5400085449219,280.2153625488281,2074400
2024-11-19,281.8900146484375,286.6199951171875,281.30999755859375,285.54998779296875,280.2251281738281,2512900
2024-11-20,286.1499938964844,288.3299865722656,285.0899963378906,287.7099914550781,282.3448486328125,2387400
2024-11-21,289.82000732421875,294.07000732421875,287.5299987792969,293.0,287.53619384765625,2410300
2024-11-22,293.3999938964844,301.9200134277344,292.510009765625,301.29998779296875,295.681396484375,3788900
2024-11-25,303.04998779296875,305.79998779296875,302.5,305.2099914550781,299.51849365234375,3478400
2024-11-26,305.6099853515625,306.9700012207031,302.0,305.57000732421875,299.8717956542969,2130500
2024-11-27,307.0,307.82000732421875,302.7900085449219,304.25,298.576416015625,1697000
2024-11-29,307.25,307.7900085449219,304.6700134277344,304.67999267578125,298.9983825683594,1326600
2024-12-02,306.2099914550781,306.8500061035156,299.9100036621094,302.260009765625,296.62353515625,2166900
2024-12-03,303.8399963378906,304.989990234375,301.1400146484375,302.1099853515625,296.476318359375,2128700
2024-12-04,302.0,303.5299987792969,300.7099914550781,302.6000061035156,296.9571838378906,1561200
2024-12-05,302.2799987792969,303.42999267578125,300.32000732421875,300.5299987792969,294.9257507324219,2793600
2024-12-06,301.6400146484375,304.739990234375,300.6199951171875,303.989990234375,298.32122802734375,1797600
2024-12-09,304.07000732421875,305.07000732421875,296.1600036621094,296.7200012207031,291.1867980957031,2377900
2024-12-10,297.42999267578125,304.9800109863281,296.510009765625,302.1099853515625,296.476318359375,2967800
2024-12-11,303.3699951171875,304.1300048828125,299.5400085449219,302.3399963378906,296.7019958496094,2071200
2024-12-12,303.6300048828125,304.45001220703125,300.260009765625,300.29998779296875,294.7000732421875,1668100
2024-12-13,302.4599914550781,304.32000732421875,301.25,302.1400146484375,296.50579833984375,1662000
2024-12-16,303.70001220703125,304.20001220703125,300.8299865722656,303.57000732421875,297.9090881347656,1813700
2024-12-17,302.3299865722656,303.0299987792969,299.70001220703125,301.3399963378906,295.7206726074219,3611500
2024-12-18,302.6000061035156,303.5899963378906,286.42999267578125,287.7799987792969,282.4135437011719,3541200
2024-12-19,293.0199890136719,296.8599853515625,291.20001220703125,293.0799865722656,287.6147155761719,3540200
2024-12-20,292.3500061035156,302.7200012207031,292.0,298.6499938964844,293.0808410644531,6232400
2024-12-23,296.4800109863281,299.760009765625,295.19000244140625,298.79998779296875,293.22808837890625,1902400
2024-12-24,299.2900085449219,303.6199951171875,298.0,303.4599914550781,297.8011474609375,862900
2024-12-26,301.4800109863281,304.8900146484375,301.010009765625,303.989990234375,298.32122802734375,1228900
2024-12-27,300.8500061035156,305.0899963378906,298.7099914550781,301.04998779296875,295.4360656738281,1676000
2024-12-30,297.3500061035156,299.70001220703125,294.1300048828125,297.3299865722656,291.78546142578125,2392800
2024-12-31,298.04998779296875,298.8699951171875,295.6700134277344,296.7900085449219,291.2555236816406,1231300
2025-01-02,300.0,300.3399963378906,294.6199951171875,298.42999267578125,292.86492919921875,1930100
2025-01-03,300.67999267578125,303.42999267578125,297.5299987792969,303.0799865722656,298.12750244140625,1979600
2025-01-06,304.32000732421875,305.1499938964844,300.1700134277344,301.8800048828125,296.9471130371094,2714000
2025-01-07,304.0,304.3800048828125,296.8500061035156,302.0199890136719,297.0848693847656,2058800
2025-01-08,301.8999938964844,304.20001220703125,298.8500061035156,302.8500061035156,297.90130615234375,2061300
2025-01-10,300.42999267578125,301.32000732421875,293.1600036621094,293.29998779296875,288.50732421875,2685500
2025-01-13,292.5199890136719,297.7099914550781,291.1600036621094,297.0199890136719,292.1665344238281,2202800
2025-01-14,299.6000061035156,300.5400085449219,296.7300109863281,300.3599853515625,295.45196533203125,2370900
2025-01-15,305.0,313.9599914550781,304.2099914550781,312.32000732421875,307.2165222167969,3099500
2025-01-16,312.70001220703125,314.0,310.1300048828125,311.4800109863281,306.3902587890625,2361000
2025-01-17,313.0199890136719,315.3999938964844,310.7699890136719,312.55999755859375,307.4526062011719,2183500
2025-01-21,316.94000244140625,319.70001220703125,315.0,317.95001220703125,312.7545471191406,2779100
2025-01-22,318.30999755859375,322.82000732421875,317.67999267578125,322.25,316.9842529296875,2927400
2025-01-23,323.54998779296875,326.2699890136719,321.989990234375,325.8699951171875,320.545166015625,3935800
2025-01-24,324.3999938964844,324.4700012207031,313.7300109863281,321.3399963378906,316.08917236328125,6260100
2025-01-27,318.1300048828125,318.8299865722656,311.8399963378906,316.4200134277344,311.2496032714844,3099100
2025-01-28,316.6400146484375,317.8699951171875,310.7200012207031,317.0400085449219,311.85943603515625,2431300
2025-01-29,316.6300048828125,319.4800109863281,314.1400146484375,315.25,310.0986328125,2155400
2025-01-30,317.0,321.8900146484375,316.0,318.95001220703125,313.7381896972656,2517400
2025-01-31,320.9100036621094,321.6400146484375,315.510009765625,317.45001220703125,312.2627258300781,2033400
2025-02-03,312.19000244140625,317.0,309.19000244140625,316.5299987792969,311.35772705078125,1997200
2025-02-04,315.25,317.3599853515625,313.1099853515625,315.8299865722656,310.6691589355469,1884100
2025-02-05,317.94000244140625,320.7099914550781,315.1000061035156,320.5299987792969,315.2923583984375,2065700
2025-02-06,323.1000061035156,323.25,317.2099914550781,320.1499938964844,314.9186096191406,1730400
2025-02-07,320.8299865722656,321.3999938964844,316.2900085449219,316.7699890136719,311.5938415527344,1607100
2025-02-10,318.45001220703125,318.45001220703125,306.010009765625,310.260009765625,305.1902160644531,3227000
2025-02-11,308.5299987792969,310.510009765625,306.3399963378906,309.57000732421875,304.5115051269531,1856100
2025-02-12,306.8500061035156,307.9599914550781,303.9100036621094,306.3999938964844,301.39324951171875,2238400
2025-02-13,307.54998779296875,309.6300048828125,305.8800048828125,307.5,302.4753112792969,1975200
2025-02-14,307.42999267578125,311.8500061035156,307.4200134277344,311.0400085449219,305.95745849609375,1725500
2025-02-18,313.3900146484375,313.69000244140625,309.0299987792969,312.8500061035156,307.73785400390625,2024500
2025-02-19,310.3800048828125,312.0,306.8699951171875,309.9200134277344,304.85577392578125,2148200
2025-02-20,309.7200012207031,309.9599914550781,298.69000244140625,303.8599853515625,298.8947448730469,2830300
2025-02-21,304.94000244140625,304.94000244140625,293.8500061035156,295.3999938964844,290.572998046875,3280200
2025-02-24,297.1099853515625,298.9800109863281,292.4200134277344,295.5299987792969,290.7008972167969,2450600
2025-02-25,296.989990234375,298.4100036621094,289.5299987792969,293.3399963378906,288.54669189453125,2511700
2025-02-26,295.1400146484375,299.3399963378906,293.6700134277344,296.1000061035156,291.2615966796875,1899400
2025-02-27,296.0,301.0,293.0400085449219,294.20001220703125,289.3926086425781,2031800
2025-02-28,296.2900085449219,301.07000732421875,294.9700012207031,300.9599914550781,296.0421447753906,3336300
2025-03-03,301.42999267578125,303.4599914550781,293.1099853515625,295.489990234375,290.6615295410156,2342500
2025-03-04,291.57000732421875,291.7699890136719,277.5799865722656,283.4700012207031,278.83795166015625,5901200
2025-03-05,283.0,286.1199951171875,280.6300048828125,284.17999267578125,279.5363464355469,2569200
2025-03-06,279.79998779296875,282.1600036621094,274.5299987792969,275.6400146484375,271.13592529296875,2944200
2025-03-07,273.6600036621094,274.1700134277344,264.7099914550781,273.2099914550781,268.7456359863281,3817000
2025-03-10,267.7099914550781,268.5899963378906,257.45001220703125,261.32000732421875,257.0498962402344,4284100
2025-03-11,257.4599914550781,260.239990234375,253.5399932861328,255.38999938964844,251.21681213378906,4925600
2025-03-12,260.17999267578125,262.82000732421875,255.0,260.75,256.4892272949219,5514900
2025-03-13,259.6499938964844,261.510009765625,253.52000427246094,256.42999267578125,252.23980712890625,4194000
2025-03-14,260.1499938964844,266.6600036621094,259.0,265.6300048828125,261.2895202636719,4336800
2025-03-17,265.19000244140625,266.44000244140625,261.2699890136719,264.3800048828125,260.0599365234375,2975800
2025-03-18,264.6000061035156,265.5,260.4599914550781,262.7200012207031,258.42706298828125,3251700
2025-03-19,263.0299987792969,272.010009765625,261.260009765625,270.6499938964844,266.22747802734375,2894200
2025-03-20,269.0299987792969,274.54998779296875,268.2200012207031,270.8299865722656,266.4045104980469,2129500
2025-03-21,267.8500061035156,270.55999755859375,265.1600036621094,270.510009765625,266.0897521972656,4229700
2025-03-24,275.2300109863281,278.25,274.2300109863281,277.8599853515625,273.3196105957031,2651400
2025-03-25,278.8999938964844,279.7900085449219,276.2099914550781,279.2799987792969,274.7164306640625,2767600
2025-03-26,280.0,282.1300048828125,274.6000061035156,276.0,271.49005126953125,2578600
2025-03-27,274.8599853515625,275.5,270.5400085449219,272.0199890136719,267.5750732421875,2312000
2025-03-28,270.6300048828125,272.6400146484375,263.010009765625,265.4800109863281,261.1419372558594,3261500
2025-03-31,262.489990234375,270.3399963378906,259.0,269.04998779296875,264.653564453125,3946000
2025-04-01,265.739990234375,270.8699951171875,265.1199951171875,270.4800109863281,266.06024169921875,2881400
2025-04-02,266.8900146484375,277.32000732421875,266.57000732421875,275.25,270.75225830078125,2473700
2025-04-03,260.20001220703125,261.0,247.17999267578125,247.82000732421875,243.77049255371094,7736200
2025-04-04,237.9199981689453,238.97000122070312,228.6199951171875,233.67999267578125,230.62464904785156,9097500
2025-04-07,225.2899932861328,241.94000244140625,220.42999267578125,234.27999877929688,231.216796875,6283600
2025-04-08,245.8300018310547,247.0,227.36000061035156,231.38999938964844,228.36459350585938,4782100
2025-04-09,226.9600067138672,264.7699890136719,226.25999450683594,262.3599853515625,258.9296569824219,8640600
2025-04-10,255.02000427246094,255.5,238.52000427246094,246.88999938964844,243.6619415283203,4799900
2025-04-11,246.88999938964844,252.77000427246094,243.13999938964844,251.1300048828125,247.84649658203125,4413500
2025-04-14,256.5199890136719,257.6199951171875,252.16000366210938,255.3800048828125,252.0409393310547,3067000
2025-04-15,256.0,260.6300048828125,255.3000030517578,257.8599853515625,254.48851013183594,3509100
2025-04-16,255.16000366210938,258.94000244140625,249.6300048828125,252.9199981689453,249.6130828857422,4244900
2025-04-17,252.9499969482422,255.6199951171875,247.10000610351562,251.30999755859375,248.02413940429688,3907500
2025-04-21,248.85000610351562,250.25999450683594,239.27000427246094,242.50999450683594,239.33920288085938,4302900
2025-04-22,247.1199951171875,253.24000549316406,246.3699951171875,252.4199981689453,249.11962890625,2324100
2025-04-23,261.8699951171875,270.1700134277344,259.260009765625,260.1400146484375,256.7386779785156,3872900
2025-04-24,258.07000732421875,268.0,258.0,267.32000732421875,263.8248291015625,2696300
2025-04-25,267.0,268.8599853515625,264.0,264.80999755859375,261.34765625,1940100
2025-04-28,264.94000244140625,268.0,262.5299987792969,264.95001220703125,261.4858093261719,1561500
2025-04-29,265.42999267578125,267.4800109863281,261.8299865722656,267.0199890136719,263.52874755859375,1730800
2025-04-30,260.9599914550781,267.4200134277344,257.2099914550781,266.4100036621094,262.92669677734375,3522700
2025-05-01,268.0,272.6600036621094,266.5199890136719,268.5400085449219,265.02886962890625,2473800
2025-05-02,274.5,278.1000061035156,273.1000061035156,276.8500061035156,273.230224609375,3099300
2025-05-05,275.4599914550781,281.5899963378906,274.0799865722656,278.0299987792969,274.3948059082031,2416300
2025-05-06,274.4800109863281,278.1199951171875,273.6099853515625,275.3699951171875,271.76953125,3064000
2025-05-07,277.3399963378906,278.80999755859375,273.8900146484375,276.239990234375,272.628173828125,2329200
2025-05-08,279.7300109863281,285.5,278.7300109863281,283.6600036621094,279.951171875,3418000
2025-05-09,285.0,287.0,282.9700012207031,284.510009765625,280.79010009765625,2704600
2025-05-12,297.3399963378906,299.1700134277344,294.7300109863281,298.9200134277344,295.0116882324219,4089000
2025-05-13,300.0,303.0199890136719,298.82000732421875,302.29998779296875,298.3474426269531,3531700
2025-05-14,303.1499938964844,303.6199951171875,299.45001220703125,300.1000061035156,296.17620849609375,1954400
2025-05-15,298.04998779296875,300.92999267578125,297.0,299.54998779296875,295.6334228515625,1955000
2025-05-16,300.3599853515625,301.6499938964844,297.8299865722656,299.7200012207031,295.8011779785156,2962200
2025-05-19,297.010009765625,300.8900146484375,295.69000244140625,299.29998779296875,295.3866882324219,2751300
2025-05-20,296.489990234375,298.20001220703125,294.19000244140625,296.1700134277344,292.297607421875,2706600
2025-05-21,293.0400085449219,294.1199951171875,285.1099853515625,286.0,282.2605895996094,3447500
2025-05-22,285.6300048828125,289.04998779296875,285.07000732421875,287.17999267578125,283.4251708984375,2051800
2025-05-23,281.82000732421875,287.1000061035156,281.4599914550781,285.2200012207031,281.4907531738281,1724200
2025-05-27,290.5299987792969,293.8599853515625,288.1499938964844,293.760009765625,289.91912841796875,2604300
2025-05-28,293.4599914550781,295.3800048828125,292.3800048828125,293.3599853515625,289.5242919921875,1676900
2025-05-29,296.260009765625,296.6099853515625,292.79998779296875,295.3800048828125,291.5179443359375,2362200
2025-05-30,294.9700012207031,295.75,291.6300048828125,294.04998779296875,290.2053527832031,5251700
2025-06-02,292.3500061035156,295.75,290.3299865722656,295.3299865722656,291.46856689453125,1751200
2025-06-03,295.20001220703125,298.25,292.6499938964844,297.3900146484375,293.5016784667969,2202400
2025-06-04,297.80999755859375,298.6499938964844,295.79998779296875,295.92999267578125,292.06072998046875,1842100
2025-06-05,296.5,298.5,294.1400146484375,295.9599914550781,292.09033203125,1696900
2025-06-06,300.2900085449219,303.5,299.2300109863281,302.4700012207031,298.5152282714844,2099000
2025-06-09,303.7900085449219,303.7900085449219,299.5799865722656,301.55999755859375,297.6170959472656,2097800
2025-06-10,301.70001220703125,301.7799987792969,298.0,299.5199890136719,295.6037902832031,2045300
2025-06-11,300.17999267578125,303.3900146484375,298.6499938964844,299.1000061035156,295.1893005371094,2013500
2025-06-12,296.6700134277344,298.5799865722656,294.0,297.989990234375,294.0937805175781,1604500
2025-06-13,292.54998779296875,293.3299865722656,286.1499938964844,287.7900085449219,284.0271911621094,3405600
2025-06-16,290.92999267578125,296.45001220703125,290.0199890136719,294.2200012207031,290.37310791015625,2307800
2025-06-17,292.0899963378906,294.5899963378906,290.95001220703125,292.80999755859375,288.98150634765625,2625800
2025-06-18,292.0799865722656,299.239990234375,292.0799865722656,296.4200134277344,292.5443420410156,3691500
2025-06-20,297.5799865722656,299.75,296.6400146484375,298.5899963378906,294.68597412109375,5687000
2025-06-23,296.82000732421875,299.8699951171875,291.8800048828125,299.6300048828125,295.71240234375,3101700
2025-06-24,303.1000061035156,309.2200012207031,302.1499938964844,308.3800048828125,304.3479919433594,2805900
2025-06-25,308.8900146484375,310.7699890136719,307.17999267578125,308.5899963378906,304.5552062988281,2467200
2025-06-26,309.5799865722656,312.2699890136719,308.1700134277344,311.4200134277344,307.3482360839844,3255200
2025-06-27,314.0799865722656,320.1199951171875,313.1000061035156,317.19000244140625,313.04278564453125,4605500
2025-06-30,318.5799865722656,320.1300048828125,317.5899963378906,318.9800109863281,314.8093566894531,3416600
2025-07-01,316.92999267578125,324.3800048828125,316.29998779296875,322.5299987792969,318.31292724609375,3836200
2025-07-02,322.989990234375,326.6199951171875,321.3399963378906,325.6099853515625,321.3526916503906,3040200
2025-07-03,325.3299865722656,329.1400146484375,324.17999267578125,328.1300048828125,324.6573486328125,1541800
2025-07-07,327.5199890136719,328.4100036621094,320.260009765625,322.7300109863281,319.3144836425781,2160300
2025-07-08,324.4700012207031,324.4700012207031,316.95001220703125,316.9800109863281,313.6253356933594,2643900
2025-07-09,318.6600036621094,320.92999267578125,317.30999755859375,317.3500061035156,313.9914245605469,2424200
2025-07-10,317.8500061035156,326.1000061035156,317.5,325.239990234375,321.79791259765625,2844400
2025-07-11,322.9800109863281,324.3500061035156,319.20001220703125,319.4700012207031,316.0889892578125,2091200
2025-07-14,319.2900085449219,321.7699890136719,317.67999267578125,320.9200134277344,317.5236511230469,1890900
2025-07-15,318.6099853515625,319.45001220703125,310.42999267578125,310.6499938964844,307.3623046875,3006500
2025-07-16,312.44000244140625,312.489990234375,306.6099853515625,311.8999938964844,308.5990905761719,2921900
2025-07-17,310.9200134277344,316.9800109863281,310.5799865722656,315.3500061035156,312.0125732421875,3223300
2025-07-18,311.8599853515625,311.8599853515625,302.510009765625,307.95001220703125,304.69091796875,5481100
2025-07-21,307.9599914550781,309.1700134277344,302.9700012207031,302.9700012207031,299.7635803222656,2667200
2025-07-22,302.9800109863281,306.1600036621094,301.7300109863281,304.1400146484375,300.9212646484375,2296100
2025-07-23,308.0,309.5899963378906,305.239990234375,308.6600036621094,305.39337158203125,2139100
2025-07-24,308.29998779296875,310.5,307.0,308.25,304.9877014160156,2288100
2025-07-25,309.4200134277344,312.6499938964844,307.510009765625,311.6099853515625,308.3121337890625,2149300
2025-07-28,311.6000061035156,313.5,309.2900085449219,310.739990234375,307.45135498046875,1653800
2025-07-29,312.9100036621094,313.6199951171875,307.8500061035156,308.5400085449219,305.274658203125,1796400
2025-07-30,308.54998779296875,308.75,301.3699951171875,303.4100036621094,300.1989440917969,3132400
2025-07-31,301.8999938964844,303.9100036621094,298.07000732421875,299.30999755859375,296.1423645019531,2718200
2025-08-01,294.0299987792969,294.9100036621094,288.3399963378906,294.2699890136719,291.1556701660156,3012900
2025-08-04,295.5400085449219,299.1000061035156,295.5299987792969,298.5899963378906,295.4299621582031,1876000
2025-08-05,299.8500061035156,300.3500061035156,295.2300109863281,296.6400146484375,293.5006103515625,2181000
2025-08-06,297.2099914550781,298.04998779296875,294.44000244140625,295.5400085449219,292.4122619628906,3430500
2025-08-07,297.70001220703125,298.2900085449219,290.6300048828125,294.7300109863281,291.6108093261719,2842500
2025-08-08,297.0,298.1300048828125,294.5400085449219,297.42999267578125,294.2822265625,1778100
2025-08-11,297.1199951171875,297.44000244140625,294.8900146484375,296.2300109863281,293.0949401855469,2316700
2025-08-12,298.8999938964844,305.07000732421875,298.4800109863281,303.2099914550781,300.00103759765625,2170500
2025-08-13,304.69000244140625,307.6000061035156,302.42999267578125,306.8699951171875,303.6223449707031,2586800
2025-08-14,305.5400085449219,307.95001220703125,302.510009765625,307.7300109863281,304.4732666015625,2108300
2025-08-15,309.4599914550781,309.80999755859375,304.239990234375,305.4700012207031,302.2371826171875,2728000
2025-08-18,304.2699890136719,307.239990234375,302.7900085449219,307.04998779296875,303.8004150390625,2115100
2025-08-19,306.6600036621094,308.57000732421875,304.57000732421875,306.1000061035156,302.8604736328125,2215800
2025-08-20,305.7300109863281,309.0199890136719,303.8699951171875,308.3999938964844,305.1361389160156,2481700
2025-08-21,306.7900085449219,308.5199890136719,304.0199890136719,308.1700134277344,304.9085998535156,1848500
2025-08-22,310.2200012207031,321.7099914550781,310.1499938964844,319.1600036621094,315.7822570800781,2785200
2025-08-25,319.05999755859375,319.95001220703125,315.4100036621094,315.79998779296875,312.45782470703125,1599600
2025-08-26,315.0199890136719,320.7900085449219,314.1199951171875,320.6000061035156,317.2070007324219,1848600
2025-08-27,319.9200134277344,323.5199890136719,319.510009765625,322.4599914550781,319.0473327636719,1970100
2025-08-28,323.989990234375,327.5400085449219,322.0,326.989990234375,323.5293884277344,2194800
2025-08-29,327.2799987792969,332.05999755859375,326.80999755859375,331.2799987792969,327.7740173339844,2981300
2025-09-02,326.6600036621094,331.3800048828125,322.7099914550781,331.17999267578125,327.675048828125,3225100
2025-09-03,330.75,332.07000732421875,321.4100036621094,323.7099914550781,320.2840881347656,3439000
2025-09-04,325.0,331.0400085449219,322.82000732421875,330.6499938964844,327.150634765625,2485100
2025-09-05,330.69000244140625,332.4599914550781,325.2300109863281,326.2200012207031,322.767578125,2971800
2025-09-08,326.510009765625,327.45001220703125,324.0,325.4100036621094,321.96612548828125,2264400
2025-09-09,322.7900085449219,326.5899963378906,320.79998779296875,324.3399963378906,320.9074401855469,2056000
2025-09-10,322.989990234375,324.6499938964844,321.239990234375,323.3500061035156,319.92791748046875,1846600
2025-09-11,323.5,330.69000244140625,322.4200134277344,329.32000732421875,325.8347473144531,2825900
2025-09-12,329.6000061035156,329.6000061035156,324.04998779296875,325.30999755859375,321.8671569824219,2000300
2025-09-15,326.04998779296875,330.2699890136719,326.0,327.260009765625,323.79656982421875,1646300
2025-09-16,327.79998779296875,327.989990234375,323.70001220703125,327.0400085449219,323.578857421875,1987600
2025-09-17,328.8999938964844,337.5,328.3999938964844,336.0,332.44403076171875,3586500
2025-09-18,338.5,342.4700012207031,335.0,341.6700134277344,338.0540771484375,3204000
2025-09-19,342.5299987792969,344.3599853515625,339.7200012207031,341.1199951171875,337.5098571777344,8632000
2025-09-22,339.510009765625,345.510009765625,338.3800048828125,340.9800109863281,337.3713684082031,3328000
2025-09-23,341.94000244140625,349.19000244140625,340.010009765625,341.4700012207031,337.8561096191406,2697600
2025-09-24,342.9700012207031,345.0,338.510009765625,340.4800109863281,336.87664794921875,2279100
2025-09-25,336.9100036621094,340.7699890136719,334.0,340.17999267578125,336.5798034667969,2223900
2025-09-26,341.45001220703125,343.3299865722656,339.0199890136719,341.67999267578125,338.0639343261719,1728600
2025-09-29,343.760009765625,344.8500061035156,338.5,342.30999755859375,338.687255859375,1658100
2025-09-30,341.6000061035156,342.9599914550781,328.1499938964844,332.1600036621094,328.6446838378906,3327300
2025-10-01,331.0,335.7699890136719,328.3999938964844,328.55999755859375,325.0827941894531,2598800
2025-10-02,328.45001220703125,331.9800109863281,326.2799987792969,330.4800109863281,326.98248291015625,1907600
2025-10-03,332.0,332.0400085449219,328.7200012207031,330.239990234375,326.7449951171875,2404000
2025-10-06,332.0,334.0,326.25,331.989990234375,328.4764404296875,2116200
2025-10-07,332.6499938964844,334.94000244140625,325.739990234375,327.9700012207031,324.4989929199219,1708900
2025-10-08,328.6700134277344,329.1499938964844,323.5799865722656,323.82000732421875,320.3929443359375,2184300
2025-10-09,326.4800109863281,328.30999755859375,324.04998779296875,324.44000244140625,321.0063781738281,2094800
2025-10-10,325.20001220703125,328.1000061035156,315.95001220703125,316.260009765625,313.7058410644531,2684700
2025-10-13,319.1700134277344,324.3599853515625,319.05999755859375,323.1199951171875,320.5104064941406,1693100
2025-10-14,321.6099853515625,336.3299865722656,320.5,332.8500061035156,330.161865234375,2810400
2025-10-15,333.8599853515625,336.9200134277344,330.2799987792969,330.6600036621094,327.989501953125,2186000
2025-10-16,331.0199890136719,332.5,320.0,323.1199951171875,320.5104064941406,3268000
2025-10-17,332.3800048828125,348.70001220703125,331.0,346.6199951171875,343.8206481933594,7025200
2025-10-20,347.3900146484375,350.2200012207031,342.6499938964844,349.4800109863281,346.65753173828125,3465400
2025-10-21,352.0899963378906,356.6700134277344,350.7900085449219,355.2200012207031,352.3511657714844,2658400
2025-10-22,355.2799987792969,357.7300109863281,349.17999267578125,352.0,349.15716552734375,2710000
2025-10-23,352.7200012207031,356.17999267578125,350.54998779296875,354.92999267578125,352.0635070800781,1892600
2025-10-24,358.3999938964844,362.32000732421875,356.8699951171875,357.55999755859375,354.6722717285156,2397500
2025-10-27,362.0,362.8399963378906,358.9100036621094,361.6700134277344,358.74908447265625,2179900
2025-10-28,361.2200012207031,362.5299987792969,359.44000244140625,361.0299987792969,358.1142578125,1416800
2025-10-29,359.0,362.0,355.8800048828125,358.2200012207031,355.3269348144531,1840500
2025-10-30,358.5899963378906,365.75,357.9599914550781,358.8800048828125,355.9815979003906,2045100
2025-10-31,357.0,361.989990234375,356.0,360.7300109863281,357.81671142578125,2155600
2025-11-03,361.0,363.5400085449219,358.8500061035156,361.6199951171875,358.699462890625,1822900
2025-11-04,359.32000732421875,362.5400085449219,356.8500061035156,360.489990234375,357.5785827636719,1887800
2025-11-05,359.69000244140625,367.82000732421875,356.4100036621094,365.79998779296875,362.8457336425781,2195800
2025-11-06,366.0400085449219,369.260009765625,362.4100036621094,365.7300109863281,362.77630615234375,2354600
2025-11-07,364.1400146484375,370.0,361.0,368.5400085449219,365.5635986328125,2752200
2025-11-10,369.4800109863281,371.79998779296875,362.760009765625,367.8800048828125,364.9089050292969,2876800
2025-11-11,367.8900146484375,373.0799865722656,366.260009765625,370.1600036621094,367.1705322265625,2132900
2025-11-12,371.1099853515625,377.2300109863281,370.510009765625,372.7699890136719,369.7594299316406,2961500
2025-11-13,371.0899963378906,373.8900146484375,363.3399963378906,364.7300109863281,361.7843933105469,2273500
2025-11-14,361.79998779296875,362.20001220703125,355.3999938964844,357.17999267578125,354.2953186035156,2943500
2025-11-17,356.2200012207031,358.2300109863281,339.3999938964844,341.25,338.4939880371094,3599000
2025-11-18,336.8500061035156,343.7300109863281,334.1000061035156,340.6600036621094,337.9087829589844,4216800
2025-11-19,341.7099914550781,345.32000732421875,340.739990234375,344.6400146484375,341.8566589355469,2005000
2025-11-20,349.9700012207031,353.1300048828125,340.32000732421875,343.79998779296875,341.02337646484375,3095700
2025-11-21,345.6000061035156,356.30999755859375,344.29998779296875,352.8900146484375,350.0400085449219,3044100
2025-11-24,353.6199951171875,356.3900146484375,350.17999267578125,355.92999267578125,353.055419921875,3330900
2025-11-25,357.04998779296875,363.7900085449219,355.30999755859375,362.6400146484375,359.7112731933594,2059400
2025-11-26,362.7099914550781,366.7300109863281,362.7099914550781,363.9700012207031,361.030517578125,1679900
2025-11-28,365.69000244140625,367.5299987792969,364.010009765625,365.2699890136719,362.3199768066406,872300
2025-12-01,363.8599853515625,366.5299987792969,360.1400146484375,360.30999755859375,357.4000549316406,2229100
2025-12-02,362.0799865722656,363.6600036621094,357.3500061035156,360.70001220703125,357.78692626953125,2135400
2025-12-03,361.0199890136719,370.20001220703125,360.79998779296875,368.1300048828125,365.15692138671875,2651800
2025-12-04,368.989990234375,373.05999755859375,368.1300048828125,371.1499938964844,368.1524963378906,2027200
2025-12-05,369.45001220703125,374.8800048828125,369.05999755859375,370.3500061035156,367.3589782714844,1978700
2025-12-08,369.9100036621094,370.0,360.70001220703125,362.2799987792969,359.3541564941406,2581400
2025-12-09,363.0299987792969,368.07000732421875,362.5,363.9100036621094,360.9709777832031,2197600
2025-12-10,363.0,377.9800109863281,363.0,375.57000732421875,372.53680419921875,2804400
2025-12-11,376.5,385.9200134277344,375.6000061035156,384.8900146484375,381.78155517578125,2975800
2025-12-12,386.489990234375,387.489990234375,378.6000061035156,382.55999755859375,379.47039794921875,2477800
2025-12-15,384.3999938964844,385.75,379.8699951171875,382.57000732421875,379.4803161621094,2734700
2025-12-16,384.0,384.7799987792969,378.82000732421875,380.75,377.67498779296875,2584400
2025-12-17,381.54998779296875,384.3399963378906,374.54998779296875,375.6099853515625,372.57647705078125,2973900
2025-12-18,380.0,380.5400085449219,373.8500061035156,375.5199890136719,372.48724365234375,2884400
2025-12-19,375.5400085449219,377.54998779296875,372.7699890136719,376.510009765625,373.46923828125,7934300
2025-12-22,378.3299865722656,382.4200134277344,377.0799865722656,380.8500061035156,377.7742004394531,2747400
2025-12-23,380.75,384.54998779296875,380.1000061035156,382.19000244140625,379.1033630371094,1768200
2025-12-24,382.19000244140625,384.7300109863281,380.739990234375,383.1099853515625,380.01593017578125,817100
2025-12-26,382.3299865722656,382.6700134277344,380.2699890136719,381.04998779296875,377.9725646972656,1114900
2025-12-29,381.0,381.3900146484375,374.9700012207031,375.32000732421875,372.288818359375,1736800
2025-12-30,375.0299987792969,375.42999267578125,372.95001220703125,373.3900146484375,370.37445068359375,1319500
2025-12-31,373.2699890136719,374.3699951171875,369.8699951171875,369.95001220703125,366.96221923828125,1469300
2026-01-02,369.5,372.8699951171875,367.25,372.7300109863281,370.54107666015625,2076100
2026-01-05,372.29998779296875,383.70001220703125,372.25,379.79998779296875,377.5695495605469,2362000
2026-01-06,380.3699951171875,386.260009765625,376.2099914550781,383.55999755859375,381.3074645996094,2544100
2026-01-07,383.8999938964844,384.989990234375,376.5199890136719,378.2200012207031,375.9988098144531,2178600
2026-01-08,378.1700134277344,385.1300048828125,376.510009765625,382.9800109863281,380.7308654785156,2707700
2026-01-09,383.0,384.8900146484375,373.8299865722656,375.6099853515625,373.4041442871094,2767700
2026-01-12,360.5,362.0400085449219,355.510009765625,359.5899963378906,357.4782409667969,7015900
2026-01-13,359.6000061035156,360.2900085449219,355.95001220703125,358.0,355.8975830078125,3775000
2026-01-14,356.44000244140625,358.3900146484375,350.7200012207031,358.260009765625,356.15606689453125,3583400
2026-01-15,358.3699951171875,361.1000061035156,355.7300109863281,357.3699951171875,355.2712707519531,2868300
2026-01-16,361.1499938964844,369.3999938964844,359.8999938964844,364.7900085449219,362.647705078125,3555100
2026-01-20,356.0,361.1600036621094,351.3500061035156,352.19000244140625,350.1217041015625,3049600
2026-01-21,352.29998779296875,362.6300048828125,352.2699890136719,359.6099853515625,357.49810791015625,2780300
2026-01-22,362.7300109863281,370.1000061035156,362.7300109863281,368.0199890136719,365.85870361328125,2628500
2026-01-23,362.7300109863281,363.75,358.25,361.69000244140625,359.56591796875,2801800
2026-01-26,362.19000244140625,364.8699951171875,360.6600036621094,363.25,361.1167297363281,2131200
2026-01-27,363.260009765625,363.4200134277344,355.7699890136719,359.45001220703125,357.3390808105469,1916000
2026-01-28,359.239990234375,361.57000732421875,356.54998779296875,356.989990234375,354.89349365234375,2386500
2026-01-29,360.2699890136719,362.2900085449219,355.6499938964844,358.5,356.3946228027344,4217500
2026-01-30,355.0,356.010009765625,344.5,352.1700134277344,350.101806640625,5381200
2026-02-02,350.3500061035156,355.29998779296875,347.010009765625,352.8299865722656,350.7579040527344,2603200
2026-02-03,353.92999267578125,358.3699951171875,346.8999938964844,349.6300048828125,347.5767517089844,2854600
2026-02-04,349.6300048828125,357.3299865722656,347.5400085449219,353.6700134277344,351.593017578125,3241900
2026-02-05,350.54998779296875,357.32000732421875,348.3500061035156,354.6199951171875,352.53741455078125,4074900
2026-02-06,358.20001220703125,361.3900146484375,354.69000244140625,359.1499938964844,357.0408020019531,3301700
2026-02-09,359.0,361.739990234375,355.67999267578125,359.6600036621094,357.5478210449219,2219700
2026-02-10,359.6199951171875,369.5,359.3299865722656,363.20001220703125,361.0670471191406,3506900
2026-02-11,367.55999755859375,369.5,353.95001220703125,354.010009765625,351.9310302734375,3437100
2026-02-12,356.5,359.05999755859375,340.3800048828125,342.8800048828125,340.8663635253906,4141900
2026-02-13,342.6000061035156,344.8699951171875,336.2099914550781,337.5,335.5179748535156,3814400
2026-02-17,338.7300109863281,346.6300048828125,338.0,344.5299987792969,342.5066833496094,3186000
2026-02-18,346.0899963378906,348.04998779296875,345.0,346.239990234375,344.2066345214844,1900600
2026-02-19,343.75,344.6199951171875,338.2900085449219,342.6499938964844,340.6377258300781,2786500
2026-02-20,341.54998779296875,346.2799987792969,338.5,346.17999267578125,344.14697265625,2738900
2026-02-23,343.3500061035156,345.8299865722656,317.1499938964844,321.239990234375,319.35345458984375,7092600
2026-02-24,320.489990234375,323.5899963378906,316.07000732421875,320.4800109863281,318.5979309082031,7925900
2026-02-25,323.4599914550781,329.1300048828125,322.32000732421875,327.0899963378906,325.1690979003906,3843800
2026-02-26,329.8399963378906,336.6199951171875,329.75,335.32000732421875,333.35076904296875,3215500
2026-02-27,320.8999938964844,321.510009765625,307.6499938964844,308.8999938964844,307.0859069824219,9817300
2026-03-02,303.20001220703125,310.4200134277344,301.2799987792969,307.42999267578125,305.6245422363281,6280000
2026-03-03,300.1099853515625,309.4100036621094,299.75,307.82000732421875,306.0122985839844,5673100
2026-03-04,309.1099853515625,312.4599914550781,307.0,311.2099914550781,309.38232421875,4055200
2026-03-05,306.8599853515625,309.5,304.79998779296875,307.2099914550781,305.40582275390625,4601800
2026-03-06,300.67999267578125,303.0,294.510009765625,301.0,299.2323303222656,5500100
2026-03-09,294.5299987792969,306.29998779296875,292.42999267578125,305.3800048828125,303.58660888671875,4695000
2026-03-10,305.95001220703125,308.25,301.0199890136719,303.1499938964844,301.3696594238281,3488800
2026-03-11,302.4700012207031,306.8500061035156,300.8500061035156,305.989990234375,304.1929931640625,3512200
2026-03-12,300.5400085449219,304.8399963378906,298.7300109863281,301.8900146484375,300.1170959472656,3602400
2026-03-13,304.32000732421875,305.7099914550781,299.8399963378906,299.9599914550781,298.19842529296875,2645800
2026-03-16,301.010009765625,304.0299987792969,295.8299865722656,298.20001220703125,296.4487609863281,3604200
2026-03-17,303.8599853515625,306.2900085449219,299.8399963378906,300.2699890136719,298.506591796875,3616000
2026-03-18,299.1499938964844,301.07000732421875,293.3599853515625,294.3900146484375,292.6611633300781,3303100
2026-03-19,292.2799987792969,297.6199951171875,291.2799987792969,294.92999267578125,293.1979675292969,3027200
2026-03-20,294.9700012207031,296.5,290.9700012207031,295.5,293.7646179199219,7116500
2026-03-23,304.9800109863281,304.9800109863281,297.9599914550781,301.9100036621094,300.136962890625,4319800
2026-03-24,298.80999755859375,303.8399963378906,297.95001220703125,302.0,300.2264404296875,3639100
2026-03-25,305.0,306.3800048828125,296.9100036621094,300.239990234375,298.4767761230469,2823800
2026-03-26,298.57000732421875,302.70001220703125,295.8500061035156,299.3900146484375,297.6318054199219,2887500
2026-03-27,297.2900085449219,297.95001220703125,291.5,292.2699890136719,290.5535888671875,2751000
2026-03-30,294.67999267578125,301.4599914550781,293.70001220703125,297.489990234375,295.742919921875,3851100
2026-03-31,302.9800109863281,304.4700012207031,297.5799865722656,302.4800109863281,300.70361328125,3516600
2026-04-01,306.7699890136719,307.25,299.6300048828125,301.45001220703125,299.6796875,3403300
2026-04-02,295.3999938964844,302.75,292.5799865722656,300.17999267578125,299.36053466796875,2105500
2026-04-06,298.760009765625,305.7900085449219,298.4100036621094,305.7300109863281,304.8953857421875,2185200
2026-04-07,302.5299987792969,307.1199951171875,301.7099914550781,307.0299987792969,306.19183349609375,2265500
2026-04-08,317.25,322.5,314.94000244140625,316.3399963378906,315.4764099121094,3654200
2026-04-09,314.30999755859375,318.1499938964844,312.17999267578125,317.7699890136719,316.9024963378906,1996200
2026-04-10,317.3699951171875,318.0,313.1300048828125,313.5,312.6441650390625,1991300
2026-04-13,311.17999267578125,324.2200012207031,310.0,323.82000732421875,322.9360046386719,2581800
2026-04-14,325.0,328.9100036621094,323.75,326.9599914550781,326.0674133300781,2288700
2026-04-15,328.8800048828125,332.3999938964844,327.239990234375,329.05999755859375,328.1617126464844,2542300
2026-04-16,328.7699890136719,331.1700134277344,325.2300109863281,325.760009765625,324.8707275390625,2018700
2026-04-17,330.0,339.9800109863281,329.5299987792969,331.69000244140625,330.7845153808594,4775500
2026-04-20,331.67999267578125,334.739990234375,329.5299987792969,329.8699951171875,328.969482421875,2280600
2026-04-21,331.79998779296875,338.0899963378906,328.45001220703125,329.7900085449219,328.88970947265625,2916800
2026-04-22,331.1099853515625,334.5,328.0,332.8999938964844,331.9912109375,4339800
2026-04-23,332.20001220703125,332.20001220703125,314.75,318.54998779296875,317.6803894042969,4580600
2026-04-24,316.510009765625,318.82000732421875,312.5,314.0799865722656,313.22259521484375,2968100
2026-04-27,313.0199890136719,318.9599914550781,313.0199890136719,318.8399963378906,317.9696044921875,2553000
2026-04-28,321.70001220703125,323.70001220703125,314.9599914550781,315.8999938964844,315.0376281738281,6101400
2026-04-29,316.8800048828125,317.54998779296875,314.010009765625,315.6499938964844,314.7882995605469,3136000
2026-04-30,313.3699951171875,323.8500061035156,312.2300109863281,323.04998779296875,322.1680908203125,4587900
2026-05-01,324.4700012207031,325.0,319.4599914550781,319.67999267578125,318.80731201171875,2385600
2026-05-04,320.7699890136719,322.8999938964844,317.4599914550781,319.2099914550781,318.3385925292969,2692000
2026-05-05,320.2799987792969,320.6000061035156,314.5,315.95001220703125,315.0874938964844,2658400
2026-05-06,320.0,324.7799987792969,320.0,321.8999938964844,321.021240234375,2933600
2026-05-07,322.3299865722656,324.5400085449219,316.79998779296875,318.69000244140625,317.82000732421875,3350500
2026-05-08,319.0899963378906,320.04998779296875,313.6099853515625,316.0299987792969,315.1672668457031,6802200
2026-05-11,315.2900085449219,316.3999938964844,311.80999755859375,312.32000732421875,311.4674072265625,3081600
2026-05-12,312.3299865722656,314.95001220703125,311.0799865722656,314.30999755859375,313.45196533203125,2275500
2026-05-13,311.1199951171875,312.1000061035156,307.760009765625,309.6099853515625,308.7647705078125,2967000
2026-05-14,313.0199890136719,314.67999267578125,311.0299987792969,312.7699890136719,311.9161682128906,3240500
2026-05-15,312.2900085449219,315.489990234375,312.0,313.4800109863281,312.6242370605469,2649600
2026-05-18,314.2900085449219,315.6600036621094,310.3999938964844,312.239990234375,311.3876037597656,2274200
2026-05-19,310.739990234375,312.989990234375,307.6300048828125,309.30999755859375,308.4656066894531,2918400
2026-05-20,310.0,310.8699951171875,303.0400085449219,309.82000732421875,308.9742431640625,4577100
2026-05-21,308.54998779296875,310.75,305.6099853515625,309.70001220703125,308.85455322265625,1992700
2026-05-22,313.2799987792969,314.42999267578125,310.6499938964844,311.7799987792969,310.9288635253906,2209200
2026-05-26,314.0400085449219,314.57000732421875,309.6000061035156,310.7200012207031,309.87176513671875,2410400
2026-05-27,313.82000732421875,317.489990234375,311.67999267578125,312.5400085449219,311.6867980957031,3015600
2026-05-28,311.0,315.5,306.2300109863281,315.1199951171875,314.259765625,3599800
2026-05-29,315.57000732421875,319.239990234375,312.5899963378906,316.4700012207031,315.6060791015625,4530400
2026-06-01,313.1600036621094,314.79998779296875,310.6000061035156,313.5400085449219,312.68408203125,2621800
2026-06-02,313.3299865722656,313.70001220703125,310.3399963378906,310.9700012207031,310.12109375,2116700
2026-06-03,308.67999267578125,310.3599853515625,300.0299987792969,300.57000732421875,299.7494812011719,3939200
2026-06-04,305.7699890136719,314.9599914550781,305.44000244140625,312.5299987792969,311.67681884765625,2992200
2026-06-05,313.9200134277344,314.5,308.30999755859375,310.6600036621094,309.8119201660156,2445700
2026-06-08,310.0,313.9599914550781,309.75,312.29998779296875,311.44744873046875,2500500
2026-06-09,315.0,322.5400085449219,314.6400146484375,318.3800048828125,317.5108642578125,2634300
2026-06-10,318.8800048828125,320.30999755859375,313.2799987792969,313.3399963378906,312.484619140625,2525400
2026-06-11,314.9700012207031,319.5299987792969,309.6400146484375,318.489990234375,317.62054443359375,2589900
2026-06-12,321.79998779296875,325.6199951171875,319.0799865722656,325.44000244140625,324.55157470703125,2223000
2026-06-15,329.70001220703125,340.0,329.70001220703125,335.3800048828125,334.4644470214844,3353000
2026-06-16,336.8299865722656,342.19000244140625,335.45001220703125,340.739990234375,339.809814453125,3657300
2026-06-17,341.3900146484375,346.95001220703125,339.3299865722656,340.5400085449219,339.6103820800781,3982100
2026-06-18,346.3500061035156,348.20001220703125,337.9700012207031,338.0,337.0773010253906,4490800
2026-06-22,337.9800109863281,340.25,335.8800048828125,338.07000732421875,337.1471252441406,3006200
2026-06-23,335.17999267578125,338.5299987792969,333.94000244140625,337.7799987792969,336.85791015625,3549800
2026-06-24,336.8399963378906,344.5199890136719,336.2099914550781,342.55999755859375,341.6248474121094,2639300
2026-06-25,345.0,352.5199890136719,340.9200134277344,342.4599914550781,341.5251159667969,3523100
2026-06-26,341.989990234375,344.010009765625,338.32000732421875,340.3599853515625,339.43084716796875,5899700
2026-06-29,341.7799987792969,344.04998779296875,339.2900085449219,340.8800048828125,339.9494323730469,2604900
2026-06-30,342.0,344.1400146484375,336.57000732421875,338.25,337.32659912109375,3527300
2026-07-01,341.5299987792969,350.5,337.7300109863281,348.0,347.04998779296875,2918000
2026-07-02,349.4700012207031,352.0899963378906,346.0199890136719,351.9599914550781,351.9599914550781,2440600
2026-07-06,352.2099914550781,358.1700134277344,350.5899963378906,356.0299987792969,356.0299987792969,3525200
2026-07-07,358.5400085449219,359.5899963378906,349.239990234375,349.5799865722656,349.5799865722656,2909000
2026-07-08,345.45001220703125,346.80999755859375,333.55999755859375,336.3900146484375,336.3900146484375,3568800
2026-07-09,337.010009765625,348.510009765625,335.2900085449219,346.7200012207031,346.7200012207031,3474000
2026-07-10,351.2200012207031,352.989990234375,345.92999267578125,350.5799865722656,350.5799865722656,2792700
2026-07-13,356.6000061035156,357.5899963378906,352.70001220703125,354.42999267578125,354.42999267578125,2624600
2026-07-14,353.0899963378906,361.0,352.4700012207031,355.05999755859375,355.05999755859375,3530900
2026-07-15,356.1400146484375,362.7200012207031,356.1400146484375,358.44000244140625,358.44000244140625,2525600
2026-07-16,359.3500061035156,363.1400146484375,358.1600036621094,361.57000732421875,361.57000732421875,2441600
2026-07-17,356.5799865722656,358.79998779296875,351.82000732421875,355.3500061035156,355.3500061035156,2647200
2026-07-20,355.79998779296875,357.3999938964844,350.9599914550781,351.92999267578125,351.92999267578125,2311200
2026-07-21,353.57000732421875,354.8699951171875,348.239990234375,350.7900085449219,350.7900085449219,2456600
2026-07-22,348.82000732421875,349.70001220703125,345.0400085449219,348.739990234375,348.739990234375,2465900
2026-07-23,343.3900146484375,344.9100036621094,338.20001220703125,340.8399963378906,340.8399963378906,4310600
2026-07-24,326.1199951171875,329.04998779296875,318.20001220703125,326.1700134277344,326.1700134277344,6365100
2026-07-27,331.5,336.6099853515625,329.7900085449219,335.3900146484375,335.3900146484375,3774200
2026-07-28,335.5,336.82000732421875,331.42999267578125,336.6300048828125,336.6300048828125,3535700
2026-07-29,333.6199951171875,336.3900146484375,330.0,331.5,331.5,3437900
2026-07-30,331.9700012207031,337.79998779296875,329.07000732421875,337.5199890136719,337.5199890136719,2859500
2026-07-31,338.2799987792969,340.29998779296875,336.0,336.25,336.25,2353700
2026-08-03,340.8999938964844,345.1600036621094,340.0,344.7200012207031,344.7200012207031,2864600
2026-08-04,345.0,348.5,344.1199951171875,346.7099914550781,346.7099914550781,2764800
2026-08-05,350.0,352.489990234375,346.6199951171875,348.989990234375,348.989990234375,1983600
2026-08-06,349.79998779296875,350.0,342.07000732421875,342.6000061035156,342.6000061035156,2773700
2026-08-07,341.70001220703125,343.32000732421875,338.0,340.9100036621094,340.9100036621094,1793600
2026-08-10,339.5,342.0,336.57000732421875,338.8599853515625,338.8599853515625,2203900
2026-08-11,338.489990234375,343.5899963378906,338.1199951171875,340.80999755859375,340.80999755859375,2091600
2026-08-12,339.32000732421875,344.57000732421875,338.57000732421875,344.0799865722656,344.0799865722656,2113100
2026-08-13,345.3900146484375,347.1099853515625,340.0,343.6499938964844,343.6499938964844,1704200
2026-08-14,345.989990234375,345.989990234375,341.69000244140625,342.4800109863281,342.4800109863281,1529500
2026-08-17,340.6600036621094,343.0,336.07000732421875,336.2099914550781,336.2099914550781,2533200
2026-08-18,336.6700134277344,339.4100036621094,335.2200012207031,338.5199890136719,338.5199890136719,2875400
2026-08-19,340.0799865722656,345.20001220703125,338.4100036621094,339.8999938964844,339.8999938964844,2539400
2026-08-20,337.29998779296875,338.0,331.1499938964844,331.1499938964844,331.1499938964844,3884300
2026-08-21,334.25,337.1600036621094,333.4200134277344,336.0,336.0,2616300
2026-08-24,337.2200012207031,344.0,337.1199951171875,337.3299865722656,337.3299865722656,2403400
2026-08-25,338.1600036621094,338.739990234375,333.92999267578125,335.95001220703125,335.95001220703125,2016800
2026-08-26,336.260009765625,337.5,334.20001220703125,336.1499938964844,336.1499938964844,1650100
2026-08-27,334.3800048828125,336.0799865722656,331.94000244140625,334.1600036621094,334.1600036621094,2026000
2026-08-28,334.3699951171875,336.55999755859375,332.8500061035156,333.20001220703125,333.20001220703125,1945200
2026-08-31,331.9800109863281,332.8299865722656,329.6300048828125,330.1700134277344,330.1700134277344,2512700
2026-09-01,326.9599914550781,329.8800048828125,323.9200134277344,324.19000244140625,324.19000244140625,2560700
2026-09-02,326.05999755859375,332.7099914550781,325.489990234375,329.9800109863281,329.9800109863281,2288400
2026-09-03,332.9800109863281,335.0,328.3299865722656,329.82000732421875,329.82000732421875,2165500
2026-09-04,327.42999267578125,328.5400085449219,325.67999267578125,326.1600036621094,326.1600036621094,2034000
2026-09-08,324.44000244140625,328.0400085449219,322.6499938964844,326.1000061035156,326.1000061035156,2587400
2026-09-09,323.79998779296875,324.8699951171875,320.92999267578125,321.79998779296875,321.79998779296875,2702300
2026-09-10,320.6199951171875,321.95001220703125,318.3500061035156,320.7099914550781,320.7099914550781,2427600
2026-09-11,324.9700012207031,326.260009765625,322.2099914550781,324.69000244140625,324.69000244140625,1929300
2026-09-14,323.9100036621094,328.30999755859375,323.6700134277344,327.7799987792969,327.7799987792969,2437600
2026-09-15,326.6600036621094,327.0,322.010009765625,324.42999267578125,324.42999267578125,2059000
2026-09-16,322.32000732421875,322.32000732421875,309.5899963378906,312.42999267578125,312.42999267578125,4634700
2026-09-17,316.0899963378906,316.739990234375,310.9700012207031,311.1700134277344,311.1700134277344,4517300
2026-09-18,309.8599853515625,313.55999755859375,308.6700134277344,311.55999755859375,311.55999755859375,5715200
2026-09-21,315.17999267578125,315.30999755859375,310.739990234375,313.5899963378906,313.5899963378906,2489900
2026-09-22,316.1199951171875,316.739990234375,305.07000732421875,305.07000732421875,305.07000732421875,5099100
2026-09-23,304.8999938964844,305.6700134277344,301.2900085449219,301.9599914550781,301.9599914550781,3633500
2026-09-24,302.2799987792969,305.8900146484375,299.9100036621094,305.6600036621094,305.6600036621094,3951600
2026-09-25,307.0,310.0,304.489990234375,308.8900146484375,308.8900146484375,3123700
2026-09-28,307.70001220703125,308.8800048828125,304.19000244140625,306.3299865722656,306.3299865722656,3547100
2026-09-29,307.0799865722656,307.17999267578125,303.9700012207031,305.3999938964844,305.3999938964844,3111600
2026-09-30,306.19000244140625,307.19000244140625,303.6099853515625,304.1000061035156,304.1000061035156,4209200
