Date,Open,High,Low,Close,Adj Close,Volume
2020-12-31,84.9000015258789,85.19999694824219,83.95999908447266,84.44999694824219,66.427490234375,8350700
2021-01-04,85.1500015258789,85.94999694824219,83.88999938964844,84.70999908447266,66.63200378417969,9234900
2021-01-05,85.48999786376953,89.22000122070312,85.31999969482422,87.0,68.43331146240234,13414800
2021-01-06,89.0,90.77999877929688,87.81999969482422,89.80000305175781,70.63575744628906,13916800
2021-01-07,90.38999938964844,90.81999969482422,89.30999755859375,90.22000122070312,70.96613311767578,9286600
2021-01-08,92.08000183105469,92.43000030517578,90.44999694824219,91.08000183105469,71.64259338378906,11152100
2021-01-11,89.12000274658203,92.0999984741211,88.56999969482422,91.5999984741211,72.0516128540039,10635000
2021-01-12,92.66000366210938,93.91999816894531,91.70999908447266,93.33999633789062,73.42027282714844,10923900
2021-01-13,93.19999694824219,93.5199966430664,91.94000244140625,93.25,73.3494873046875,9723300
2021-01-14,93.94000244140625,96.31999969482422,93.79000091552734,95.48999786376953,75.11143493652344,13950200
2021-01-15,94.22000122070312,94.30999755859375,91.70999908447266,92.08999633789062,72.43704986572266,10244600
2021-01-19,93.5,95.02999877929688,93.29000091552734,94.51000213623047,74.34061431884766,9574800
2021-01-20,95.0,95.55999755859375,94.30000305175781,95.37999725341797,75.02493286132812,8735400
2021-01-21,93.86000061035156,94.66000366210938,91.22000122070312,92.01000213623047,72.37411499023438,10393100
2021-01-22,90.4000015258789,92.02999877929688,89.83000183105469,91.7300033569336,72.15387725830078,7810600
2021-01-25,90.62000274658203,91.02999877929688,89.33000183105469,90.9000015258789,71.5009994506836,7689400
2021-01-26,92.19999694824219,92.91000366210938,89.2699966430664,89.36000061035156,70.2896728515625,7827800
2021-01-27,87.52999877929688,90.3499984741211,86.75,88.19999694824219,69.37718963623047,10178500
2021-01-28,88.66999816894531,90.1500015258789,88.25,89.0199966430664,70.022216796875,8155500
2021-01-29,86.83000183105469,87.33999633789062,84.91999816894531,85.19999694824219,67.01744842529297,14699800
2021-02-01,85.98999786376953,87.30000305175781,84.56999969482422,86.41000366210938,67.96920776367188,8073600
2021-02-02,88.01000213623047,88.37000274658203,86.52999877929688,87.05999755859375,68.48049926757812,9233100
2021-02-03,87.05000305175781,89.38999938964844,86.88999938964844,88.95999908447266,69.97501373291016,9256500
2021-02-04,89.51000213623047,89.6500015258789,87.94999694824219,89.0,70.00648498535156,7917600
2021-02-05,89.94000244140625,90.47000122070312,88.63999938964844,89.26000213623047,70.21100616455078,8017300
2021-02-08,90.29000091552734,92.04000091552734,90.01000213623047,91.4800033569336,71.95722961425781,9886600
2021-02-09,91.0999984741211,91.2699966430664,89.80999755859375,90.95999908447266,71.5481948852539,7605500
2021-02-10,91.37999725341797,92.58999633789062,90.5999984741211,92.5199966430664,72.7752685546875,8778800
2021-02-11,92.37000274658203,92.44000244140625,90.08000183105469,92.0199966430664,72.38199615478516,8572400
2021-02-12,91.52999877929688,92.7300033569336,91.3499984741211,92.55000305175781,72.79888153076172,7858300
2021-02-16,93.05000305175781,93.86000061035156,92.61000061035156,93.12999725341797,74.29060363769531,14006000
2021-02-17,95.41999816894531,96.72000122070312,94.19999694824219,95.91999816894531,76.51619720458984,14342300
2021-02-18,95.75,95.77999877929688,94.30000305175781,95.0,75.78231048583984,9030600
2021-02-19,95.12999725341797,96.37999725341797,94.6500015258789,95.80000305175781,76.42048645019531,8913900
2021-02-22,96.98999786376953,99.63999938964844,96.45999908447266,98.38999938964844,78.4865493774414,13178700
2021-02-23,99.97000122070312,100.16000366210938,96.80000305175781,99.62999725341797,79.47569274902344,14874000
2021-02-24,100.33000183105469,104.04000091552734,99.80999755859375,103.30999755859375,82.41127014160156,16116000
2021-02-25,104.9000015258789,104.95999908447266,101.58999633789062,102.3499984741211,81.64545440673828,13219200
2021-02-26,100.30000305175781,101.05999755859375,97.61000061035156,100.0,79.77085876464844,14454100
2021-03-01,102.45999908447266,103.80000305175781,101.4000015258789,102.05000305175781,81.40616607666016,10439900
2021-03-02,101.88999938964844,103.30999755859375,101.70999908447266,102.44000244140625,81.7172622680664,10643500
2021-03-03,103.41000366210938,105.75,103.4000015258789,103.58999633789062,82.63463592529297,14958200
2021-03-04,104.5199966430664,107.58000183105469,103.12999725341797,104.5,83.36052703857422,22994200
2021-03-05,106.95999908447266,109.12999725341797,106.1500015258789,109.0,86.95023345947266,23638200
2021-03-08,109.86000061035156,110.43000030517578,108.05999755859375,109.75,87.54851531982422,18033600
2021-03-09,109.06999969482422,110.69000244140625,107.87999725341797,109.5,87.34906768798828,19010700
2021-03-10,110.19999694824219,112.01000213623047,109.69999694824219,111.37000274658203,88.8408203125,17389900
2021-03-11,111.6500015258789,112.55000305175781,110.88999938964844,111.19000244140625,88.69719696044922,10989500
2021-03-12,111.63999938964844,112.69999694824219,110.72000122070312,111.55999755859375,88.99236297607422,10930300
2021-03-15,111.52999877929688,111.91000366210938,108.88999938964844,110.25,87.94737243652344,10488000
2021-03-16,108.52999877929688,108.87999725341797,107.08000183105469,107.63999938964844,85.8653335571289,11698400
2021-03-17,107.20999908447266,108.55999755859375,106.5999984741211,108.02999877929688,86.17643737792969,9168600
2021-03-18,107.01000213623047,107.52999877929688,103.70999908447266,104.12000274658203,83.05741119384766,13246600
2021-03-19,103.94000244140625,104.88999938964844,102.73999786376953,103.37999725341797,82.46710205078125,18491000
2021-03-22,103.05999755859375,104.5,102.30999755859375,102.54000091552734,81.79704284667969,12508500
2021-03-23,101.44999694824219,104.30000305175781,100.69000244140625,101.97000122070312,81.34233856201172,14781700
2021-03-24,102.98999786376953,105.76000213623047,102.91000366210938,104.69999694824219,83.52008819580078,11026800
2021-03-25,102.8499984741211,105.26000213623047,102.06999969482422,105.06999969482422,83.81523132324219,11138200
2021-03-26,106.54000091552734,107.54000091552734,105.36000061035156,107.4800033569336,85.73770141601562,9820200
2021-03-29,106.4000015258789,107.52999877929688,105.69999694824219,106.91999816894531,85.2909927368164,7542300
2021-03-30,106.05999755859375,106.83000183105469,105.58999633789062,105.93000030517578,84.50126647949219,6284600
2021-03-31,105.55000305175781,106.22000122070312,104.5999984741211,104.79000091552734,83.59188079833984,8954400
2021-04-01,105.26000213623047,105.86000061035156,104.20999908447266,105.75,84.35767364501953,8515800
2021-04-05,105.7300033569336,105.83000183105469,104.16999816894531,104.51000213623047,83.3685073852539,8692700
2021-04-06,104.25,105.08000183105469,103.44999694824219,103.58000183105469,82.62665557861328,8125100
2021-04-07,103.47000122070312,104.56999969482422,103.26000213623047,104.19000244140625,83.11325073242188,7699300
2021-04-08,103.5199966430664,103.62000274658203,102.06999969482422,103.0199966430664,82.179931640625,8283000
2021-04-09,103.12000274658203,103.68000030517578,102.0999984741211,102.91999816894531,82.10017395019531,7163700
2021-04-12,103.66999816894531,103.86000061035156,101.51000213623047,101.77999877929688,81.1907730102539,7845900
2021-04-13,101.55999755859375,102.5999984741211,101.29000091552734,102.23999786376953,81.55773162841797,6829900
2021-04-14,102.6500015258789,105.33000183105469,102.5999984741211,104.2699966430664,83.17706298828125,10194800
2021-04-15,104.01000213623047,104.2699966430664,102.93000030517578,103.41999816894531,82.49900817871094,7860500
2021-04-16,103.80000305175781,104.36000061035156,102.43000030517578,102.95999908447266,82.13207244873047,7459700
2021-04-19,103.2699966430664,103.83000183105469,102.20999908447266,103.26000213623047,82.37137603759766,7068700
2021-04-20,102.83000183105469,102.98999786376953,100.51000213623047,101.33000183105469,80.83180236816406,9783800
2021-04-21,100.33000183105469,102.98999786376953,100.13999938964844,102.7300033569336,81.9486083984375,8264400
2021-04-22,102.87000274658203,102.87000274658203,100.87000274658203,100.94999694824219,80.52867889404297,9899400
2021-04-23,101.0999984741211,102.16999816894531,100.72000122070312,101.55000305175781,81.00730895996094,6756000
2021-04-26,101.2699966430664,102.66999816894531,101.26000213623047,101.5199966430664,80.9833755493164,5639700
2021-04-27,101.80999755859375,103.0999984741211,101.51000213623047,102.69999694824219,81.92467498779297,6898900
2021-04-28,103.54000091552734,105.86000061035156,103.37000274658203,105.22000122070312,83.93488311767578,8718400
2021-04-29,106.41999816894531,107.6500015258789,105.75,106.9000015258789,85.2750473022461,9740300
2021-04-30,104.9800033569336,105.38999938964844,102.97000122070312,103.06999969482422,82.2198257446289,13730000
2021-05-03,103.9800033569336,105.72000122070312,103.22000122070312,105.52999877929688,84.18218994140625,7938100
2021-05-04,105.95999908447266,106.51000213623047,104.8499984741211,106.11000061035156,84.64483642578125,8704300
2021-05-05,107.08999633789062,109.54000091552734,106.81999969482422,108.95999908447266,86.91830444335938,12872400
2021-05-06,108.94999694824219,109.12999725341797,107.41999816894531,109.0199966430664,86.96617126464844,9654900
2021-05-07,108.08999633789062,110.66999816894531,107.69999694824219,110.0199966430664,87.76388549804688,10273000
2021-05-10,111.44000244140625,113.11000061035156,109.5199966430664,109.56999969482422,87.40491485595703,13586500
2021-05-11,109.05999755859375,109.58000183105469,106.20999908447266,106.69999694824219,85.11549377441406,12754800
2021-05-12,107.0,110.1500015258789,106.72000122070312,107.37000274658203,85.64996337890625,11661900
2021-05-13,106.06999969482422,107.87000274658203,105.44000244140625,106.68000030517578,85.09953308105469,9706300
2021-05-14,107.80000305175781,109.81999969482422,107.80000305175781,109.47000122070312,87.32516479492188,9124100
2021-05-17,109.08999633789062,110.87999725341797,108.97000122070312,110.80999755859375,88.39407348632812,12692900
2021-05-18,108.94000244140625,109.05999755859375,105.97000122070312,106.18000030517578,85.73750305175781,12759900
2021-05-19,103.81999969482422,104.29000091552734,101.97000122070312,103.19999694824219,83.3311996459961,14762700
2021-05-20,103.06999969482422,104.06999969482422,101.97000122070312,103.55999755859375,83.62191009521484,9706300
2021-05-21,104.0999984741211,105.19999694824219,103.68000030517578,104.12000274658203,84.07410430908203,10352800
2021-05-24,104.94999694824219,105.83999633789062,104.0,105.5999984741211,85.26915740966797,6785600
2021-05-25,105.43000030517578,105.62000274658203,103.61000061035156,103.87000274658203,83.87223052978516,7884000
2021-05-26,104.5199966430664,104.91000366210938,103.66000366210938,104.12000274658203,84.07410430908203,9232400
2021-05-27,104.12000274658203,104.91000366210938,102.56999969482422,103.01000213623047,83.17780303955078,11703400
2021-05-28,103.62000274658203,104.12000274658203,102.94999694824219,103.79000091552734,83.80762481689453,7278200
2021-06-01,105.30000305175781,107.43000030517578,105.30000305175781,106.6500015258789,86.11701965332031,10260600
2021-06-02,107.20999908447266,108.55999755859375,106.20999908447266,108.08000183105469,87.27169036865234,9141800
2021-06-03,107.55999755859375,108.08999633789062,106.55999755859375,107.58999633789062,86.87602996826172,8809300
2021-06-04,108.23999786376953,108.66999816894531,107.20999908447266,108.44999694824219,87.57044219970703,6699300
2021-06-07,108.37000274658203,108.69999694824219,107.56999969482422,107.75,87.00521850585938,6748600
2021-06-08,107.6500015258789,108.9800033569336,106.30000305175781,108.7300033569336,87.79654693603516,10559500
2021-06-09,109.05999755859375,109.52999877929688,107.6500015258789,107.77999877929688,87.02946472167969,10146900
2021-06-10,109.05999755859375,110.25,107.25,108.41000366210938,87.53816223144531,13526200
2021-06-11,108.83999633789062,108.97000122070312,107.86000061035156,107.91000366210938,87.13443756103516,7731700
2021-06-14,108.18000030517578,108.95999908447266,106.83000183105469,107.97000122070312,87.18285369873047,9051900
2021-06-15,108.41000366210938,110.4800033569336,108.38999938964844,110.30000305175781,89.06429290771484,10540200
2021-06-16,110.02999877929688,110.51000213623047,108.9000015258789,109.66999816894531,88.5555648803711,9283300
2021-06-17,109.23999786376953,109.9800033569336,96.30999755859375,107.06999969482422,86.45614624023438,14337800
2021-06-18,105.25,106.2699966430664,102.91000366210938,103.02999877929688,83.19396209716797,22284500
2021-06-21,104.0999984741211,106.44000244140625,103.93000030517578,106.05000305175781,85.63253021240234,13591500
2021-06-22,105.33000183105469,106.95999908447266,104.30999755859375,106.4000015258789,85.9151611328125,10230100
2021-06-23,107.36000061035156,108.12999725341797,106.2300033569336,106.2699966430664,85.81017303466797,7792800
2021-06-24,107.13999938964844,107.77999877929688,106.36000061035156,107.13999938964844,86.51268005371094,8724600
2021-06-25,107.58999633789062,108.05999755859375,106.77999877929688,107.30000305175781,86.6418685913086,8102300
2021-06-28,106.94999694824219,107.0,103.66000366210938,103.98999786376953,83.96912384033203,11348400
2021-06-29,104.58999633789062,104.97000122070312,103.61000061035156,103.76000213623047,83.78341674804688,7225500
2021-06-30,103.83999633789062,104.87999725341797,103.72000122070312,104.73999786376953,84.5747299194336,7927500
2021-07-01,106.94999694824219,107.0999984741211,105.73999786376953,106.20999908447266,85.76171875,10873200
2021-07-02,105.69999694824219,106.4000015258789,105.04000091552734,106.06999969482422,85.64867401123047,7107700
2021-07-06,105.97000122070312,105.97000122070312,103.38999938964844,103.98999786376953,83.96912384033203,10162800
2021-07-07,103.95999908447266,104.9000015258789,102.12000274658203,102.93000030517578,83.11321258544922,8245000
2021-07-08,101.5,103.08999633789062,101.22000122070312,102.5999984741211,82.84674835205078,8695500
2021-07-09,103.45999908447266,104.2300033569336,102.36000061035156,104.06999969482422,84.03374481201172,8567900
2021-07-12,103.55999755859375,105.0199966430664,103.23999786376953,104.27999877929688,84.20331573486328,9898600
2021-07-13,104.0,104.58000183105469,103.22000122070312,103.93000030517578,83.92069244384766,6738000
2021-07-14,104.4800033569336,105.31999969482422,101.72000122070312,101.97000122070312,82.3380355834961,9216600
2021-07-15,101.05000305175781,102.25,100.8499984741211,101.30000305175781,81.79702758789062,9665700
2021-07-16,101.62999725341797,101.69000244140625,98.33000183105469,98.62000274658203,79.63298797607422,12199100
2021-07-19,95.81999969482422,96.94999694824219,94.5199966430664,95.95999908447266,77.48512268066406,17385500
2021-07-20,95.88999938964844,98.04000091552734,95.05000305175781,96.52999877929688,77.94537353515625,12114600
2021-07-21,97.9800033569336,100.47000122070312,97.69999694824219,99.81999969482422,80.60197448730469,11478100
2021-07-22,99.4000015258789,99.41000366210938,97.88999938964844,98.81999969482422,79.79448699951172,7694300
2021-07-23,98.80000305175781,99.12000274658203,97.94000244140625,98.86000061035156,79.82678985595703,7570800
2021-07-26,99.45999908447266,101.26000213623047,99.44000244140625,100.94999694824219,81.51441192626953,10227500
2021-07-27,100.05000305175781,100.72000122070312,98.94000244140625,100.61000061035156,81.2398681640625,8332100
2021-07-28,100.9000015258789,101.80999755859375,100.27999877929688,101.18000030517578,81.70012664794922,8546100
2021-07-29,102.37999725341797,102.87999725341797,101.94000244140625,102.56999969482422,82.8225326538086,8681300
2021-07-30,103.05999755859375,104.05000305175781,100.7699966430664,101.80999755859375,82.20883178710938,12295300
2021-08-02,102.08000183105469,103.9800033569336,101.55999755859375,101.62999725341797,82.06349182128906,8911800
2021-08-03,101.58999633789062,102.91000366210938,100.66999816894531,102.5999984741211,82.84674835205078,8437300
2021-08-04,100.44000244140625,101.9000015258789,100.0999984741211,100.30000305175781,80.98957061767578,10389800
2021-08-05,100.94000244140625,102.43000030517578,100.66999816894531,101.2300033569336,81.74048614501953,7986100
2021-08-06,102.0199966430664,102.58000183105469,101.5999984741211,101.94999694824219,82.3218765258789,6475600
2021-08-09,100.91000366210938,101.37999725341797,99.93000030517578,100.25,80.94918823242188,9243100
2021-08-10,100.73999786376953,102.31999969482422,100.58000183105469,102.08000183105469,82.4268569946289,9762600
2021-08-11,102.04000091552734,102.97000122070312,101.5999984741211,102.8499984741211,83.04859924316406,7079800
2021-08-12,102.86000061035156,103.25,101.77999877929688,102.63999938964844,82.8790283203125,7377600
2021-08-13,102.2300033569336,102.54000091552734,101.63999938964844,101.95999908447266,82.32996368408203,6572600
2021-08-16,100.83000183105469,101.19999694824219,99.91000366210938,100.91999816894531,81.49018859863281,9476600
2021-08-17,100.19999694824219,101.68000030517578,99.62999725341797,100.7300033569336,81.3367691040039,10937500
2021-08-18,98.69000244140625,99.41999816894531,96.55000305175781,96.69999694824219,79.13536071777344,12893600
2021-08-19,94.80999755859375,95.30999755859375,92.86000061035156,94.29000091552734,77.16313171386719,17423400
2021-08-20,93.5199966430664,94.87999725341797,93.20999908447266,94.30000305175781,77.17131042480469,9707600
2021-08-23,96.08999633789062,97.0,96.05999755859375,96.7300033569336,79.15994262695312,10277800
2021-08-24,97.5,98.61000061035156,97.38999938964844,97.83999633789062,80.06830596923828,8924900
2021-08-25,97.22000122070312,98.72000122070312,96.72000122070312,98.51000213623047,80.61661529541016,9342300
2021-08-26,98.11000061035156,98.7300033569336,97.19999694824219,97.22000122070312,79.56094360351562,8124800
2021-08-27,98.13999938964844,99.45999908447266,98.05000305175781,98.63999938964844,80.72298431396484,10281200
2021-08-30,99.08999633789062,99.30999755859375,97.97000122070312,98.38999938964844,80.5184097290039,8127200
2021-08-31,98.13999938964844,98.41000366210938,96.63999938964844,96.7699966430664,79.1926498413086,15676900
2021-09-01,96.86000061035156,97.06999969482422,95.47000122070312,95.70999908447266,78.3252182006836,10557300
2021-09-02,96.63999938964844,98.38999938964844,96.55000305175781,97.70999908447266,79.96192169189453,12340100
2021-09-03,97.4000015258789,98.43000030517578,97.37999725341797,97.48999786376953,79.78189086914062,9097000
2021-09-07,97.0199966430664,97.9800033569336,96.73999786376953,97.05999755859375,79.43000793457031,9237800
2021-09-08,97.5,98.47000122070312,96.3499984741211,96.38999938964844,78.88167572021484,10775900
2021-09-09,95.88999938964844,97.62000274658203,95.3499984741211,96.0,78.5625228881836,10219400
2021-09-10,97.5999984741211,97.69999694824219,95.88999938964844,96.06999969482422,78.61980438232422,11006000
2021-09-13,97.20999908447266,98.70999908447266,97.05999755859375,97.97000122070312,80.17469787597656,11500900
2021-09-14,98.37999725341797,98.73999786376953,95.9800033569336,96.19999694824219,78.7261962890625,15294100
2021-09-15,96.98999786376953,98.52999877929688,96.98999786376953,98.23999786376953,80.39566040039062,11623400
2021-09-16,98.31999969482422,98.58999633789062,96.91000366210938,97.31999969482422,79.64277648925781,10616700
2021-09-17,97.11000061035156,98.37999725341797,96.37000274658203,96.76000213623047,79.1844711303711,16006100
2021-09-20,94.63999938964844,95.25,93.30999755859375,94.77999877929688,77.56414031982422,15796100
2021-09-21,95.56999969482422,95.88999938964844,94.02999877929688,94.8499984741211,77.62141418457031,10958400
2021-09-22,96.23999786376953,98.77999877929688,96.23999786376953,97.63999938964844,79.90462493896484,13292800
2021-09-23,98.23999786376953,100.2699966430664,97.75,100.05999755859375,81.88504791259766,10094900
2021-09-24,99.6500015258789,100.97000122070312,99.6500015258789,100.5999984741211,82.32697296142578,8225300
2021-09-27,102.58999633789062,103.77999877929688,102.58999633789062,102.97000122070312,84.26648712158203,12697500
2021-09-28,103.91000366210938,104.88999938964844,102.87999725341797,103.36000061035156,84.58564758300781,15560800
2021-09-29,103.20999908447266,104.23999786376953,102.33999633789062,103.33000183105469,84.56110382080078,10268100
2021-09-30,103.41999816894531,103.44999694824219,101.44999694824219,101.44999694824219,83.02257537841797,15319800
2021-10-01,102.22000122070312,104.54000091552734,101.87999725341797,104.33000183105469,85.37945556640625,10854900
2021-10-04,105.0,105.86000061035156,104.11000061035156,104.72000122070312,85.6986312866211,13305400
2021-10-05,106.04000091552734,107.7699966430664,105.41999816894531,105.86000061035156,86.63155364990234,13017300
2021-10-06,104.18000030517578,105.3499984741211,103.58000183105469,104.93000030517578,85.87047576904297,10630100
2021-10-07,105.61000061035156,106.30000305175781,105.22000122070312,105.68000030517578,86.48423767089844,8830900
2021-10-08,106.80999755859375,108.43000030517578,106.5999984741211,108.05000305175781,88.42377471923828,10586700
2021-10-11,109.55999755859375,109.62999725341797,106.91999816894531,107.12999725341797,87.67086029052734,9794800
2021-10-12,106.98999786376953,107.58000183105469,106.16999816894531,107.1500015258789,87.6872329711914,9085000
2021-10-13,106.7699966430664,108.33999633789062,106.4800033569336,107.79000091552734,88.21097564697266,9220700
2021-10-14,108.87999725341797,109.16000366210938,108.11000061035156,108.80999755859375,89.04571533203125,7648600
2021-10-15,109.7699966430664,110.02999877929688,109.43000030517578,109.61000061035156,89.70037841796875,9968100
2021-10-18,110.22000122070312,110.41000366210938,108.95999908447266,109.55999755859375,89.65947723388672,10677400
2021-10-19,110.16000366210938,111.69999694824219,109.80000305175781,111.69999694824219,91.4107666015625,10362800
2021-10-20,111.08999633789062,113.16999816894531,110.77999877929688,113.16000366210938,92.60558319091797,10811400
2021-10-21,112.70999908447266,112.80999755859375,110.87000274658203,111.73999786376953,91.4434814453125,9372600
2021-10-22,112.22000122070312,112.87999725341797,111.44999694824219,112.80000305175781,92.31098175048828,8673800
2021-10-25,113.52999877929688,114.3499984741211,113.30000305175781,113.8499984741211,93.17024993896484,9579800
2021-10-26,113.9800033569336,114.5999984741211,113.51000213623047,114.0999984741211,93.37483215332031,7463000
2021-10-27,113.22000122070312,113.58000183105469,111.6500015258789,112.06999969482422,91.71354675292969,9096100
2021-10-28,111.58000183105469,113.2699966430664,111.58000183105469,113.12000274658203,92.57284545898438,7538200
2021-10-29,114.83000183105469,115.29000091552734,113.1500015258789,114.48999786376953,93.6939926147461,15294200
2021-11-01,115.02999877929688,115.08999633789062,114.05000305175781,114.52999877929688,93.72673034667969,11213800
2021-11-02,114.18000030517578,114.19000244140625,113.20999908447266,113.83000183105469,93.15389251708984,9189700
2021-11-03,112.2699966430664,113.2699966430664,111.97000122070312,113.01000213623047,92.48281860351562,10416000
2021-11-04,114.22000122070312,114.26000213623047,112.91000366210938,113.51000213623047,92.89201354980469,9673000
2021-11-05,114.2699966430664,115.05000305175781,113.93000030517578,114.73999786376953,93.8985824584961,8102100
2021-11-08,115.08999633789062,115.98999786376953,114.69000244140625,115.1500015258789,94.23412322998047,7695900
2021-11-09,115.2699966430664,116.12000274658203,114.45999908447266,116.0,94.92971801757812,10945900
2021-11-10,115.76000213623047,116.20999908447266,113.66000366210938,114.1500015258789,93.41576385498047,10305100
2021-11-11,113.5999984741211,114.66999816894531,113.56999969482422,114.16000366210938,93.42394256591797,7317500
2021-11-12,113.80000305175781,114.30999755859375,113.58999633789062,114.2300033569336,93.4812240600586,8682800
2021-11-15,114.94999694824219,116.94999694824219,114.2699966430664,116.81999969482422,95.60077667236328,11050400
2021-11-16,117.11000061035156,118.08000183105469,116.86000061035156,117.27999877929688,95.97721099853516,10566300
2021-11-17,114.87000274658203,116.52999877929688,114.66000366210938,115.41999816894531,95.54674530029297,11108000
2021-11-18,114.8499984741211,115.37999725341797,113.41000366210938,114.44999694824219,94.7437744140625,8368600
2021-11-19,112.51000213623047,113.1500015258789,111.0999984741211,111.91000366210938,92.64111328125,13532600
2021-11-22,112.0199966430664,115.19000244140625,111.8499984741211,113.91000366210938,94.29676818847656,9947100
2021-11-23,115.19000244140625,116.83999633789062,115.05999755859375,116.30000305175781,96.27523803710938,10366800
2021-11-24,116.80999755859375,118.0,116.68000030517578,117.19000244140625,97.01199340820312,8500900
2021-11-26,113.3499984741211,114.83000183105469,112.62999725341797,114.51000213623047,94.79345703125,11861800
2021-11-29,116.33999633789062,117.16999816894531,114.70999908447266,114.8499984741211,95.07491302490234,12003800
2021-11-30,113.44999694824219,115.86000061035156,112.44000244140625,112.87000274658203,93.43582153320312,24451200
2021-12-01,114.94999694824219,116.05999755859375,112.08999633789062,112.0999984741211,92.79839324951172,12302700
2021-12-02,113.25,115.69999694824219,111.93000030517578,115.13999938964844,95.3149642944336,11392400
2021-12-03,116.73999786376953,117.0,113.58999633789062,114.41000366210938,94.7106704711914,10445100
2021-12-06,115.95999908447266,117.44999694824219,115.05000305175781,116.19999694824219,96.19245147705078,9833900
2021-12-07,117.23999786376953,118.66000366210938,117.23999786376953,117.91999816894531,97.61628723144531,11419600
2021-12-08,118.38999938964844,119.26000213623047,117.66000366210938,118.44999694824219,98.0550308227539,8827900
2021-12-09,117.8499984741211,118.5999984741211,117.58000183105469,118.13999938964844,97.79841613769531,8334700
2021-12-10,118.93000030517578,119.19999694824219,116.87000274658203,118.33999633789062,97.9639892578125,9090700
2021-12-13,117.45999908447266,117.8499984741211,115.61000061035156,115.87999725341797,95.92755889892578,8533000
2021-12-14,115.73999786376953,116.91999816894531,115.47000122070312,116.22000122070312,96.20899963378906,12245300
2021-12-15,116.31999969482422,116.31999969482422,113.94999694824219,115.55999755859375,95.66262817382812,11069500
2021-12-16,116.19000244140625,118.19000244140625,115.91999816894531,116.63999938964844,96.55667114257812,11344700
2021-12-17,115.91999816894531,116.45999908447266,113.52999877929688,113.5999984741211,94.04012298583984,22727900
2021-12-20,111.86000061035156,113.70999908447266,110.7300033569336,113.6500015258789,94.08152770996094,13464400
2021-12-21,114.43000030517578,116.06999969482422,114.29000091552734,115.47000122070312,95.58815002441406,11368200
2021-12-22,115.41999816894531,116.68000030517578,114.41000366210938,116.12999725341797,96.13450622558594,8345200
2021-12-23,116.51000213623047,117.91999816894531,116.4000015258789,116.41000366210938,96.36631774902344,7416600
2021-12-27,116.06999969482422,118.81999969482422,115.41000366210938,118.79000091552734,98.33650207519531,7745500
2021-12-28,118.66000366210938,119.33999633789062,118.04000091552734,118.55999755859375,98.14611053466797,6516000
2021-12-29,118.08000183105469,118.6500015258789,117.29000091552734,117.94999694824219,97.6411361694336,6957400
2021-12-30,118.12999725341797,118.69000244140625,117.33999633789062,117.43000030517578,97.2106704711914,6016000
2021-12-31,117.37999725341797,118.08999633789062,117.12999725341797,117.3499984741211,97.14447021484375,5706600
2022-01-03,117.41999816894531,119.69000244140625,117.29000091552734,119.26000213623047,98.7255859375,10717700
2022-01-04,119.94999694824219,121.9800033569336,119.66000366210938,121.43000030517578,100.52195739746094,16413100
2022-01-05,122.23999786376953,123.83999633789062,122.06999969482422,122.22000122070312,101.1759262084961,15487100
2022-01-06,123.62000274658203,124.31999969482422,121.63999938964844,123.26000213623047,102.03684997558594,13318500
2022-01-07,123.55000305175781,125.54000091552734,122.94999694824219,125.02999877929688,103.5020751953125,14164600
2022-01-10,125.1500015258789,125.69000244140625,123.86000061035156,125.11000061035156,103.56831359863281,12626100
2022-01-11,125.86000061035156,128.0,124.83000183105469,127.97000122070312,105.93588256835938,14609000
2022-01-12,127.98999786376953,128.42999267578125,126.47000122070312,127.33000183105469,105.40607452392578,12469200
2022-01-13,127.13999938964844,128.10000610351562,126.44999694824219,126.80000305175781,104.96732330322266,9691300
2022-01-14,126.76000213623047,129.1999969482422,126.76000213623047,128.9600067138672,106.75542449951172,13281000
2022-01-18,129.69000244140625,130.0,127.87000274658203,129.3800048828125,107.10311126708984,12905500
2022-01-19,129.9499969482422,130.14999389648438,128.5399932861328,128.91000366210938,106.71401977539062,12064300
2022-01-20,128.27000427246094,130.86000061035156,127.87999725341797,128.4499969482422,106.33321380615234,11370400
2022-01-21,127.76000213623047,128.39999389648438,126.2300033569336,126.91000366210938,105.0583724975586,13055700
2022-01-24,124.44999694824219,127.7300033569336,122.83999633789062,127.18000030517578,105.28190612792969,19513700
2022-01-25,127.12000274658203,132.74000549316406,125.2699966430664,132.58999633789062,109.76038360595703,19984500
2022-01-26,132.89999389648438,134.7100067138672,131.58999633789062,132.69000244140625,109.84317779541016,17266500
2022-01-27,134.4499969482422,137.0,133.58999633789062,135.3699951171875,112.06172180175781,20654100
2022-01-28,130.0,132.05999755859375,128.07000732421875,130.61000061035156,108.1213150024414,24817800
2022-01-31,130.19000244140625,131.86000061035156,129.3300018310547,131.3300018310547,108.71732330322266,16401800
2022-02-01,130.8300018310547,135.74000549316406,130.50999450683594,134.7899932861328,111.58159637451172,16169700
2022-02-02,134.35000610351562,135.8000030517578,132.8000030517578,135.41000366210938,112.09484100341797,10906700
2022-02-03,134.85000610351562,135.35000610351562,133.19000244140625,134.1999969482422,111.09317779541016,9447700
2022-02-04,135.00999450683594,137.0,135.00999450683594,135.8800048828125,112.48389434814453,13034700
2022-02-07,135.33999633789062,139.42999267578125,134.8300018310547,138.5500030517578,114.69419860839844,18422500
2022-02-08,138.17999267578125,138.42999267578125,135.00999450683594,136.44000244140625,112.94750213623047,11021600
2022-02-09,136.72000122070312,138.33999633789062,136.10000610351562,137.7899932861328,114.06502532958984,10140800
2022-02-10,137.55999755859375,138.7899932861328,135.38999938964844,136.0399932861328,112.6163558959961,11012700
2022-02-11,136.86000061035156,139.44000244140625,136.27999877929688,138.80999755859375,114.90940856933594,12821200
2022-02-14,137.94000244140625,138.0500030517578,135.0500030517578,136.6699981689453,113.13789367675781,15945000
2022-02-15,133.0800018310547,134.83999633789062,132.17999267578125,134.25999450683594,112.30975341796875,11746800
2022-02-16,134.9499969482422,136.16000366210938,133.75999450683594,134.3000030517578,112.34322357177734,11348800
2022-02-17,134.1699981689453,134.5800018310547,132.4499969482422,133.61000061035156,111.76603698730469,10073900
2022-02-18,132.82000732421875,133.91000366210938,132.0500030517578,133.4199981689453,111.6070785522461,10691800
2022-02-22,137.0,137.0,130.52000427246094,132.39999389648438,110.75386810302734,19428700
2022-02-23,132.92999267578125,136.0800018310547,132.55999755859375,135.5500030517578,113.38884735107422,16134200
2022-02-24,137.92999267578125,138.22999572753906,131.72000122070312,134.85000610351562,112.80326843261719,22108900
2022-02-25,135.9600067138672,140.5,135.42999267578125,140.3800048828125,117.4291763305664,28028000
2022-02-28,139.27000427246094,144.0,138.64999389648438,144.0,120.45734405517578,24394300
2022-03-01,145.00999450683594,149.9600067138672,144.6999969482422,149.72000122070312,125.2421646118164,31159900
2022-03-02,150.1999969482422,155.75,150.0500030517578,154.13999938964844,128.93954467773438,31329500
2022-03-03,152.25999450683594,157.1199951171875,151.75,156.22000122070312,130.6794891357422,22492900
2022-03-04,155.7899932861328,159.9499969482422,155.08999633789062,158.64999389648438,132.7122039794922,29034400
2022-03-07,159.89999389648438,162.10000610351562,155.72000122070312,162.0399932861328,135.54798889160156,34824700
2022-03-08,164.30999755859375,174.0,164.10000610351562,170.52999877929688,142.64991760253906,57231000
2022-03-09,162.77000427246094,169.77000427246094,161.2100067138672,166.27000427246094,139.08642578125,43430000
2022-03-10,168.74000549316406,174.75999450683594,168.2899932861328,170.82000732421875,142.8925323486328,34913600
2022-03-11,165.88999938964844,172.97999572753906,165.8800048828125,170.89999389648438,142.95944213867188,28423600
2022-03-14,166.2100067138672,168.35000610351562,164.3000030517578,166.72000122070312,139.46282958984375,25156200
2022-03-15,159.11000061035156,160.19000244140625,155.25999450683594,158.27999877929688,132.40269470214844,28534400
2022-03-16,158.7899932861328,160.5,156.2100067138672,157.7100067138672,131.92591857910156,22299700
2022-03-17,159.9499969482422,160.99000549316406,157.9199981689453,160.44000244140625,134.20956420898438,15750700
2022-03-18,160.88999938964844,161.72999572753906,158.77999877929688,161.72999572753906,135.2886505126953,23214700
2022-03-21,163.02000427246094,165.5800018310547,162.72000122070312,164.63999938964844,137.722900390625,13180600
2022-03-22,163.69000244140625,165.25999450683594,162.5800018310547,164.08999633789062,137.2628173828125,11063900
2022-03-23,166.0,167.35000610351562,164.94000244140625,165.86000061035156,138.7434539794922,10755000
2022-03-24,166.42999267578125,167.39999389648438,165.0,166.3000030517578,139.11151123046875,9024800
2022-03-25,165.22000122070312,169.69000244140625,165.16000366210938,169.30999755859375,141.62940979003906,10254700
2022-03-28,165.89999389648438,166.6300048828125,165.1300048828125,166.35000610351562,139.1533203125,9992000
2022-03-29,163.50999450683594,164.47999572753906,160.5,164.32000732421875,137.45523071289062,15102600
2022-03-30,165.24000549316406,166.35000610351562,163.66000366210938,165.47999572753906,138.42555236816406,9906000
2022-03-31,163.47000122070312,166.16000366210938,162.72000122070312,162.8300018310547,136.2088165283203,10395900
2022-04-01,162.77999877929688,165.9499969482422,162.3300018310547,164.22000122070312,137.37155151367188,8795300
2022-04-04,165.0,165.4499969482422,163.0,164.3699951171875,137.4970245361328,8718600
2022-04-05,165.02999877929688,167.72000122070312,163.10000610351562,163.36000061035156,136.6521759033203,9538200
2022-04-06,164.8300018310547,167.00999450683594,164.3300018310547,164.80999755859375,137.8651123046875,9269000
2022-04-07,165.10000610351562,167.6999969482422,163.4199981689453,167.10000610351562,139.78070068359375,8018400
2022-04-08,167.0500030517578,171.10000610351562,167.02000427246094,169.92999267578125,142.1480255126953,10801200
2022-04-11,168.57000732421875,168.77999877929688,164.91000366210938,165.55999755859375,138.49246215820312,10206100
2022-04-12,168.97000122070312,172.67999267578125,168.14999389648438,169.00999450683594,141.37841796875,9528400
2022-04-13,170.92999267578125,172.0800018310547,168.2899932861328,171.6699981689453,143.60353088378906,7330700
2022-04-14,170.69000244140625,172.94000244140625,170.55999755859375,171.58999633789062,143.53663635253906,9421100
2022-04-18,173.0,174.5399932861328,171.8699951171875,173.88999938964844,145.46055603027344,7639000
2022-04-19,173.0800018310547,173.69000244140625,171.02999877929688,171.8300018310547,143.73741149902344,6970200
2022-04-20,171.6199951171875,173.5800018310547,171.4600067138672,172.52999877929688,144.3229522705078,7495000
2022-04-21,171.74000549316406,172.44000244140625,163.8300018310547,164.5800018310547,137.6726837158203,14594800
2022-04-22,164.3800048828125,165.47000122070312,160.86000061035156,160.9499969482422,134.63616943359375,12160100
2022-04-25,155.72999572753906,158.36000061035156,151.36000061035156,157.49000549316406,131.7418670654297,15449800
2022-04-26,158.82000732421875,160.3699951171875,156.38999938964844,156.52999877929688,130.9387969970703,9810600
2022-04-27,157.0800018310547,157.9199981689453,154.52000427246094,156.24000549316406,130.69619750976562,10396600
2022-04-28,157.4499969482422,163.0,154.92999267578125,161.7899932861328,135.3388671875,9366400
2022-04-29,161.27999877929688,162.44000244140625,156.2899932861328,156.6699981689453,131.05593872070312,14713200
2022-05-02,156.30999755859375,160.0,155.14999389648438,159.75,133.63233947753906,11559000
2022-05-03,159.57000732421875,163.42999267578125,159.25999450683594,162.49000549316406,135.92437744140625,8827200
2022-05-04,164.97000122070312,167.88999938964844,163.47000122070312,167.58999633789062,140.19058227539062,9183200
2022-05-05,169.25999450683594,169.5,162.64999389648438,166.25999450683594,139.0780487060547,9807600
2022-05-06,168.27000427246094,170.97000122070312,165.4199981689453,170.69000244140625,142.78379821777344,10418100
2022-05-09,167.75,167.75,158.47999572753906,159.25,133.214111328125,14110700
2022-05-10,162.2100067138672,164.19000244140625,157.8699951171875,160.77999877929688,134.49395751953125,11636000
2022-05-11,163.5800018310547,167.4600067138672,162.50999450683594,163.16000366210938,136.48486328125,9105500
2022-05-12,163.22000122070312,164.85000610351562,158.86000061035156,164.7100067138672,137.78146362304688,8936400
2022-05-13,166.5,168.7899932861328,164.8800048828125,167.8699951171875,140.42481994628906,9229900
2022-05-16,169.0,174.97000122070312,168.86000061035156,173.00999450683594,144.72447204589844,13296300
2022-05-17,174.83999633789062,175.64999389648438,172.61000061035156,174.02999877929688,145.57769775390625,12827600
2022-05-18,174.1199951171875,174.1300048828125,165.7899932861328,168.05999755859375,141.7402801513672,13107500
2022-05-19,164.6300048828125,169.63999938964844,162.8300018310547,166.86000061035156,140.72821044921875,10958700
2022-05-20,168.8800048828125,171.0399932861328,164.08999633789062,167.82000732421875,141.5378875732422,9615000
2022-05-23,169.42999267578125,172.9600067138672,169.11000061035156,171.72000122070312,144.8271026611328,10216400
2022-05-24,170.69000244140625,173.5800018310547,169.80999755859375,172.63999938964844,145.60301208496094,9782700
2022-05-25,173.13999938964844,175.99000549316406,172.97000122070312,175.41000366210938,147.93923950195312,10174500
2022-05-26,176.49000549316406,177.92999267578125,175.00999450683594,176.58999633789062,148.93441772460938,11213900
2022-05-27,176.52000427246094,178.35000610351562,175.69000244140625,178.27999877929688,150.3597412109375,10512300
2022-05-31,179.9600067138672,180.9600067138672,173.47000122070312,174.66000366210938,147.30670166015625,20547600
2022-06-01,176.72999572753906,178.1300048828125,174.94000244140625,176.32000732421875,148.70672607421875,8824100
2022-06-02,174.74000549316406,176.50999450683594,174.10000610351562,176.0,148.43682861328125,7441900
2022-06-03,176.0,178.25,176.0,177.60000610351562,149.7862548828125,8435300
2022-06-06,177.89999389648438,178.0,175.50999450683594,176.8300018310547,149.13682556152344,6734200
2022-06-07,177.47000122070312,180.66000366210938,176.9199981689453,180.1999969482422,151.97906494140625,9668300
2022-06-08,180.9499969482422,182.39999389648438,180.25,181.1300048828125,152.76339721679688,8715200
2022-06-09,180.02999877929688,180.63999938964844,177.38999938964844,177.52000427246094,149.71871948242188,9764600
2022-06-10,176.3699951171875,178.57000732421875,173.64999389648438,175.39999389648438,147.93077087402344,9529700
2022-06-13,171.61000061035156,172.0,164.05999755859375,167.3300018310547,141.1246337890625,14614900
2022-06-14,169.3699951171875,172.2899932861328,165.83999633789062,167.5500030517578,141.3101806640625,10269300
2022-06-15,166.77999877929688,167.85000610351562,161.94000244140625,164.25999450683594,138.53541564941406,11565300
2022-06-16,159.94000244140625,160.5399932861328,153.75,155.47999572753906,131.1304473876953,18125900
2022-06-17,154.8800048828125,155.47000122070312,145.7899932861328,148.3800048828125,125.1423568725586,35575100
2022-06-21,152.0500030517578,156.02000427246094,151.44000244140625,154.58999633789062,130.37979125976562,13772000
2022-06-22,148.07000732421875,150.8000030517578,146.3300018310547,147.8699951171875,124.71221160888672,13735800
2022-06-23,148.7899932861328,149.22999572753906,140.14999389648438,142.42999267578125,120.12418365478516,15713700
2022-06-24,145.1999969482422,147.08999633789062,142.60000610351562,144.77000427246094,122.09773254394531,11108300
2022-06-27,145.86000061035156,148.82000732421875,145.60000610351562,147.57000732421875,124.459228515625,9242400
2022-06-28,150.8800048828125,152.19000244140625,148.11000061035156,149.94000244140625,126.4580307006836,9183300
2022-06-29,151.6300048828125,152.11000061035156,146.08999633789062,146.97999572753906,123.96160888671875,9082900
2022-06-30,144.5500030517578,147.9199981689453,143.41000366210938,144.77999877929688,122.10610961914062,10685000
2022-07-01,146.60000610351562,146.9600067138672,142.47000122070312,146.50999450683594,123.5652084350586,7684600
2022-07-05,143.64999389648438,144.5399932861328,139.41000366210938,142.66000366210938,120.31817626953125,11513100
2022-07-06,141.66000366210938,143.25999450683594,136.8000030517578,140.77999877929688,118.73258209228516,12421200
2022-07-07,144.10000610351562,145.3000030517578,143.0800018310547,143.52000427246094,121.04345703125,12741800
2022-07-08,144.8800048828125,145.4499969482422,141.08999633789062,142.77000427246094,120.41093444824219,7915500
2022-07-11,141.91000366210938,142.85000610351562,139.92999267578125,141.50999450683594,119.34825134277344,7056800
2022-07-12,138.5,139.6199951171875,137.25999450683594,138.9199981689453,117.16386413574219,8653900
2022-07-13,137.61000061035156,140.72999572753906,137.13999938964844,137.99000549316406,116.37953186035156,9414600
2022-07-14,134.30999755859375,136.16000366210938,132.5399932861328,135.94000244140625,114.65059661865234,10150200
2022-07-15,138.9600067138672,138.9600067138672,136.42999267578125,137.64999389648438,116.09276580810547,7051900
2022-07-18,140.55999755859375,142.13999938964844,139.0800018310547,139.5800018310547,117.72052001953125,7943900
2022-07-19,139.69000244140625,145.00999450683594,139.4199981689453,144.61000061035156,121.96277618408203,9152100
2022-07-20,144.5,147.25999450683594,143.32000732421875,146.52000427246094,123.57365417480469,7856600
2022-07-21,143.1199951171875,145.47000122070312,141.5,145.39999389648438,122.62905883789062,6724200
2022-07-22,145.55999755859375,146.3000030517578,143.4199981689453,144.19000244140625,121.60857391357422,5889500
2022-07-25,145.6999969482422,148.61000061035156,144.17999267578125,148.47999572753906,125.22671508789062,6210900
2022-07-26,149.5,150.67999267578125,146.52999877929688,147.32000732421875,124.24838256835938,6112800
2022-07-27,148.33999633789062,150.1999969482422,146.66000366210938,149.25999450683594,125.884521484375,6223000
2022-07-28,150.69000244140625,151.47000122070312,148.02999877929688,150.38999938964844,126.83758544921875,6574300
2022-07-29,156.5399932861328,164.66000366210938,155.89999389648438,163.77999877929688,138.13058471679688,17143700
2022-08-01,161.17999267578125,161.86000061035156,159.14999389648438,160.50999450683594,135.3726806640625,8017800
2022-08-02,160.88999938964844,161.47000122070312,158.3000030517578,159.13999938964844,134.2172393798828,5928300
2022-08-03,159.30999755859375,159.9600067138672,154.35000610351562,155.36000061035156,131.0292510986328,8751400
2022-08-04,155.32000732421875,155.44000244140625,150.72999572753906,151.13999938964844,127.4700927734375,10640000
2022-08-05,149.63999938964844,155.00999450683594,149.02000427246094,153.63999938964844,129.57858276367188,7170200
2022-08-08,153.58999633789062,154.97999572753906,153.14999389648438,153.41000366210938,129.3846435546875,5966900
2022-08-09,155.94000244140625,157.8000030517578,154.60000610351562,155.41000366210938,131.0714111328125,5842200
2022-08-10,156.0,156.47000122070312,152.92999267578125,155.82000732421875,131.4171905517578,6145800
2022-08-11,158.11000061035156,161.16000366210938,157.6199951171875,159.6199951171875,134.6220703125,7888600
2022-08-12,158.25,159.91000366210938,157.13999938964844,159.85000610351562,134.8160858154297,7244700
2022-08-15,155.17999267578125,157.7899932861328,153.44000244140625,156.80999755859375,132.25216674804688,8975200
2022-08-16,157.41000366210938,157.9199981689453,155.82000732421875,156.41000366210938,131.91481018066406,7218400
2022-08-17,156.6300048828125,159.33999633789062,155.50999450683594,157.6999969482422,133.0027618408203,6741100
2022-08-18,157.14999389648438,159.66000366210938,157.08999633789062,159.02000427246094,135.33465576171875,6477500
2022-08-19,158.4600067138672,159.74000549316406,157.6199951171875,157.69000244140625,134.20274353027344,6834200
2022-08-22,156.69000244140625,157.74000549316406,154.4199981689453,156.89999389648438,133.53041076660156,9147000
2022-08-23,159.10000610351562,162.33999633789062,158.7100067138672,161.99000549316406,137.86228942871094,10354800
2022-08-24,161.66000366210938,163.35000610351562,160.6699981689453,163.19000244140625,138.883544921875,9468100
2022-08-25,163.9199981689453,164.89999389648438,162.61000061035156,164.6199951171875,140.1005401611328,8050700
2022-08-26,164.17999267578125,166.1300048828125,162.4600067138672,163.41000366210938,139.07080078125,7765800
2022-08-29,163.88999938964844,166.8300018310547,163.63999938964844,164.6300048828125,140.1090850830078,8462600
2022-08-30,162.32000732421875,162.55999755859375,158.75999450683594,160.6199951171875,136.69631958007812,8814300
2022-08-31,157.61000061035156,161.41000366210938,156.14999389648438,158.05999755859375,134.5176239013672,13582700
2022-09-01,156.47999572753906,156.8800048828125,153.22999572753906,155.5399932861328,132.37295532226562,8244400
2022-09-02,158.24000549316406,159.1300048828125,156.72000122070312,157.85000610351562,134.3389129638672,7526600
2022-09-06,159.88999938964844,159.99000549316406,155.7100067138672,157.1199951171875,133.71763610839844,8550000
2022-09-07,154.05999755859375,155.82000732421875,152.6199951171875,155.11000061035156,132.00701904296875,9442100
2022-09-08,155.58999633789062,156.3800048828125,153.3800048828125,155.9499969482422,132.7218780517578,9232500
2022-09-09,158.41000366210938,160.64999389648438,157.52999877929688,159.97000122070312,136.1431427001953,8261100
2022-09-12,162.80999755859375,164.52999877929688,161.25,162.5,138.2963409423828,8920800
2022-09-13,161.41000366210938,162.66000366210938,158.74000549316406,159.41000366210938,135.6665802001953,10308300
2022-09-14,160.94000244140625,163.57000732421875,160.35000610351562,163.27000427246094,138.95162963867188,11160800
2022-09-15,160.67999267578125,161.6999969482422,159.5800018310547,160.6199951171875,136.69631958007812,9665000
2022-09-16,160.52000427246094,161.13999938964844,155.61000061035156,156.4499969482422,133.14739990234375,43741600
2022-09-19,152.92999267578125,156.9499969482422,152.8000030517578,156.89999389648438,133.53041076660156,6813800
2022-09-20,156.0399932861328,156.85000610351562,154.33999633789062,156.27999877929688,133.0027618408203,8955200
2022-09-21,158.30999755859375,158.77999877929688,154.9499969482422,155.00999450683594,131.92190551757812,6877000
2022-09-22,157.60000610351562,158.27999877929688,154.74000549316406,154.88999938964844,131.8197784423828,6981100
2022-09-23,149.75,150.17999267578125,143.66000366210938,144.77000427246094,123.20713806152344,13919700
2022-09-26,143.57000732421875,145.0500030517578,140.88999938964844,140.9600067138672,119.96461486816406,9444000
2022-09-27,142.2899932861328,143.77000427246094,140.4600067138672,141.02000427246094,120.01567077636719,10121000
2022-09-28,142.0800018310547,146.44000244140625,141.39999389648438,145.77999877929688,124.06668090820312,8279800
2022-09-29,144.50999450683594,145.41000366210938,142.27000427246094,144.77000427246094,123.20713806152344,8197600
2022-09-30,144.02999877929688,145.13999938964844,142.49000549316406,143.6699981689453,122.2709732055664,9402700
2022-10-03,148.97000122070312,152.33999633789062,148.3000030517578,151.72999572753906,129.13046264648438,9597400
2022-10-04,154.42999267578125,157.8800048828125,153.6300048828125,157.6300048828125,134.15170288085938,9520200
2022-10-05,155.83999633789062,159.72999572753906,154.8000030517578,158.52999877929688,134.91763305664062,10633100
2022-10-06,157.33999633789062,161.94000244140625,157.1999969482422,161.4199981689453,137.37716674804688,9498300
2022-10-07,162.50999450683594,163.92999267578125,159.05999755859375,160.02999877929688,136.1942138671875,9972500
2022-10-10,161.0,161.47000122070312,156.44000244140625,157.13999938964844,133.73464965820312,5904500
2022-10-11,154.75,159.92999267578125,154.11000061035156,157.1699981689453,133.76019287109375,7533300
2022-10-12,156.13999938964844,158.80999755859375,155.52000427246094,157.63999938964844,134.16018676757812,4942000
2022-10-13,156.35000610351562,165.99000549316406,156.35000610351562,165.27999877929688,140.66221618652344,10227500
2022-10-14,164.0399932861328,165.4600067138672,159.92999267578125,160.13999938964844,136.287841796875,7327900
2022-10-17,163.2899932861328,164.91000366210938,161.10000610351562,161.30999755859375,137.28353881835938,5890400
2022-10-18,162.36000061035156,163.30999755859375,158.9600067138672,162.72000122070312,138.4835662841797,5631200
2022-10-19,163.58999633789062,169.2100067138672,163.58999633789062,168.0,142.97714233398438,9766800
2022-10-20,169.3000030517578,171.82000732421875,167.94000244140625,168.9600067138672,143.79412841796875,8871500
2022-10-21,169.14999389648438,173.83999633789062,168.85000610351562,173.19000244140625,147.3940887451172,7971300
2022-10-24,172.0800018310547,174.6699981689453,171.61000061035156,173.1300048828125,147.343017578125,7007700
2022-10-25,173.05999755859375,175.0,172.1699981689453,174.92999267578125,148.87493896484375,7280600
2022-10-26,175.32000732421875,178.47999572753906,175.1699981689453,177.08999633789062,150.71319580078125,6865300
2022-10-27,179.88999938964844,181.39999389648438,177.47999572753906,177.89999389648438,151.402587890625,9177400
2022-10-28,181.47000122070312,182.86000061035156,176.52999877929688,179.97999572753906,153.1727294921875,10773900
2022-10-31,178.05999755859375,183.83999633789062,178.05999755859375,180.89999389648438,153.95571899414062,13281000
2022-11-01,183.8699951171875,184.5,181.89999389648438,182.22000122070312,155.07913208007812,9185600
2022-11-02,180.92999267578125,182.89999389648438,178.27000427246094,178.5,151.91319274902344,8087500
2022-11-03,177.97000122070312,182.19000244140625,177.41000366210938,181.1300048828125,154.1514434814453,6607800
2022-11-04,184.83999633789062,185.39999389648438,180.60000610351562,183.4199981689453,156.10037231445312,7491900
2022-11-07,182.5,186.3800048828125,182.11000061035156,185.61000061035156,157.9641876220703,7578000
2022-11-08,185.32000732421875,186.25,183.86000061035156,185.33999633789062,157.73440551757812,6308200
2022-11-09,183.61000061035156,183.80999755859375,177.22000122070312,177.92999267578125,151.42808532714844,8021700
2022-11-10,182.22999572753906,182.3300018310547,178.0399932861328,181.3000030517578,154.29615783691406,6981500
2022-11-11,184.0500030517578,187.10000610351562,183.88999938964844,186.4600067138672,158.6875762939453,8428300
2022-11-14,186.30999755859375,189.67999267578125,186.17999267578125,186.5500030517578,158.76414489746094,9722400
2022-11-15,187.1199951171875,188.44000244140625,185.27000427246094,188.0500030517578,160.04075622558594,7747300
2022-11-16,186.5399932861328,187.82000732421875,183.67999267578125,184.99000549316406,157.4365234375,7941100
2022-11-17,181.50999450683594,184.22999572753906,180.27000427246094,184.08999633789062,157.88246154785156,6550500
2022-11-18,180.9600067138672,183.41000366210938,179.64999389648438,182.99000549316406,156.93910217285156,7661500
2022-11-21,179.72999572753906,181.6999969482422,175.82000732421875,181.24000549316406,155.438232421875,8432900
2022-11-22,183.75,186.55999755859375,183.0800018310547,185.88999938964844,159.42623901367188,9018000
2022-11-23,183.2100067138672,185.14999389648438,182.5800018310547,184.24000549316406,158.0111541748047,5831200
2022-11-25,184.88999938964844,185.3000030517578,183.30999755859375,183.6999969482422,157.54800415039062,2796400
2022-11-28,180.27999877929688,181.47000122070312,177.9600067138672,178.36000061035156,152.96823120117188,9365500
2022-11-29,180.25999450683594,181.85000610351562,179.64999389648438,181.02999877929688,155.2581024169922,6985400
2022-11-30,182.85000610351562,183.33999633789062,179.6199951171875,183.30999755859375,157.2135467529297,10936700
2022-12-01,184.25999450683594,184.5500030517578,181.44000244140625,182.49000549316406,156.51028442382812,5217400
2022-12-02,181.52999877929688,183.6300048828125,179.92999267578125,181.02999877929688,155.2581024169922,6852300
2022-12-05,182.6699981689453,182.9499969482422,174.6300048828125,176.55999755859375,151.42446899414062,8162200
2022-12-06,175.50999450683594,178.05999755859375,171.1199951171875,172.00999450683594,147.522216796875,8765000
2022-12-07,171.05999755859375,174.5800018310547,170.85000610351562,172.52000427246094,147.95962524414062,6936300
2022-12-08,176.25,176.39999389648438,172.02999877929688,173.5399932861328,148.83441162109375,8076600
2022-12-09,172.3000030517578,173.19000244140625,167.92999267578125,168.0,144.08311462402344,10754300
2022-12-12,168.92999267578125,170.52000427246094,167.7100067138672,169.75,145.58396911621094,9364900
2022-12-13,173.57000732421875,174.4600067138672,172.47999572753906,173.52999877929688,148.8258514404297,7838800
2022-12-14,174.49000549316406,174.9199981689453,171.27000427246094,172.3300018310547,147.7966766357422,7045500
2022-12-15,170.60000610351562,171.3699951171875,168.05999755859375,171.0399932861328,146.69029235839844,7272900
2022-12-16,168.52999877929688,170.14999389648438,167.10000610351562,168.72000122070312,144.7006072998047,23876000
2022-12-19,170.11000061035156,170.82000732421875,168.25,169.8800048828125,145.69546508789062,7131600
2022-12-20,169.80999755859375,173.2899932861328,169.60000610351562,172.6699981689453,148.08828735351562,6199100
2022-12-21,175.19000244140625,175.9600067138672,173.16000366210938,174.6999969482422,149.8292694091797,5479400
2022-12-22,175.16000366210938,175.2100067138672,168.3300018310547,172.0800018310547,147.58226013183594,5755000
2022-12-23,174.10000610351562,177.5800018310547,173.69000244140625,177.39999389648438,152.14486694335938,6079100
2022-12-27,178.36000061035156,180.22999572753906,177.39999389648438,179.6300048828125,154.05740356445312,5168000
2022-12-28,178.86000061035156,179.3000030517578,175.92999267578125,176.97999572753906,151.78468322753906,4494400
2022-12-29,176.64999389648438,179.1999969482422,176.64999389648438,178.32000732421875,152.9339599609375,4142100
2022-12-30,178.02999877929688,179.9499969482422,177.6999969482422,179.49000549316406,153.93736267089844,5005100
2023-01-03,178.0399932861328,179.0,171.50999450683594,173.99000549316406,149.2203826904297,7565400
2023-01-04,170.9499969482422,174.2899932861328,170.85000610351562,172.13999938964844,147.6337127685547,7684500
2023-01-05,171.5,176.19000244140625,171.24000549316406,175.24000549316406,150.29241943359375,6088200
2023-01-06,177.02000427246094,179.38999938964844,175.6999969482422,176.55999755859375,151.42446899414062,7191200
2023-01-09,178.25999450683594,178.3300018310547,174.3800048828125,175.17999267578125,150.2409210205078,8385600
2023-01-10,176.39999389648438,176.7100067138672,173.72000122070312,176.0399932861328,150.97850036621094,8307000
2023-01-11,177.88999938964844,178.13999938964844,174.3000030517578,175.1999969482422,150.2581024169922,6962600
2023-01-12,175.99000549316406,178.3699951171875,175.89999389648438,177.0800018310547,151.87042236328125,6891400
2023-01-13,177.08999633789062,177.99000549316406,175.67999267578125,177.55999755859375,152.2821044921875,5726300
2023-01-17,178.44000244140625,181.32000732421875,178.17999267578125,180.49000549316406,154.7949981689453,10697700
2023-01-18,180.82000732421875,182.3800048828125,176.94000244140625,177.22999572753906,151.9990692138672,8899200
2023-01-19,176.61000061035156,179.9499969482422,176.16000366210938,179.0,153.51712036132812,5907200
2023-01-20,178.80999755859375,181.36000061035156,177.52000427246094,180.89999389648438,155.14662170410156,10477900
2023-01-23,181.2100067138672,182.5500030517578,180.02999877929688,180.66000366210938,154.94082641601562,8381300
2023-01-24,181.08999633789062,182.0,178.6999969482422,180.8300018310547,155.0866241455078,5989000
2023-01-25,179.2899932861328,180.02999877929688,176.35000610351562,179.0800018310547,153.58572387695312,6727500
2023-01-26,184.99000549316406,187.80999755859375,183.47999572753906,187.7899932861328,161.0557403564453,14307800
2023-01-27,184.22999572753906,184.22999572753906,177.9199981689453,179.4499969482422,153.90304565429688,19654700
2023-01-30,178.0,178.33999633789062,173.6699981689453,174.1999969482422,149.40045166015625,11476000
2023-01-31,172.75,174.6300048828125,171.4199981689453,174.02000427246094,149.24609375,14481300
2023-02-01,173.30999755859375,173.66000366210938,169.5399932861328,171.36000061035156,146.9647674560547,11526400
2023-02-02,171.1300048828125,171.42999267578125,166.82000732421875,169.00999450683594,144.94932556152344,10463400
2023-02-03,169.86000061035156,171.5500030517578,168.49000549316406,169.4499969482422,145.32666015625,8404900
2023-02-06,169.55999755859375,170.1199951171875,167.3699951171875,169.63999938964844,145.4896240234375,7659500
2023-02-07,170.07000732421875,174.38999938964844,169.61000061035156,174.08999633789062,149.30612182617188,10256500
2023-02-08,172.47999572753906,174.07000732421875,169.47000122070312,170.0,145.79840087890625,9784700
2023-02-09,170.22999572753906,170.66000366210938,168.0,168.44000244140625,144.46046447753906,10123400
2023-02-10,170.8000030517578,172.72999572753906,170.77999877929688,171.97000122070312,147.4879150390625,11602400
2023-02-13,171.32000732421875,171.89999389648438,169.77000427246094,171.00999450683594,146.66458129882812,9442900
2023-02-14,170.47999572753906,173.50999450683594,169.97999572753906,172.32000732421875,147.7881317138672,8077300
2023-02-15,169.39999389648438,169.52000427246094,167.5,169.00999450683594,146.23072814941406,8885700
2023-02-16,168.19000244140625,168.66000366210938,166.39999389648438,166.57000732421875,144.11956787109375,6727500
2023-02-17,164.72999572753906,164.83999633789062,161.85000610351562,162.85000610351562,140.9009552001953,9612100
2023-02-21,162.17999267578125,163.75,160.6999969482422,161.0,139.30026245117188,7259700
2023-02-22,160.27999877929688,161.66000366210938,158.91000366210938,160.35000610351562,138.7379150390625,6205900
2023-02-23,162.25,162.83999633789062,160.55999755859375,161.92999267578125,140.10496520996094,6445500
2023-02-24,160.77000427246094,162.60000610351562,159.14999389648438,162.41000366210938,140.52024841308594,5330200
2023-02-27,163.00999450683594,163.3699951171875,161.9199981689453,162.82000732421875,140.875,6386800
2023-02-28,164.32000732421875,164.32000732421875,160.27999877929688,160.77000427246094,139.1012725830078,10854200
2023-03-01,160.9199981689453,163.58999633789062,160.58999633789062,162.0500030517578,140.20875549316406,7470400
2023-03-02,161.97999572753906,163.49000549316406,161.58999633789062,162.55999755859375,140.6500244140625,5582000
2023-03-03,160.8699951171875,165.5800018310547,160.4199981689453,164.9600067138672,142.7265625,6007500
2023-03-06,164.33999633789062,166.8000030517578,163.80999755859375,166.1699981689453,143.7734832763672,7703600
2023-03-07,165.6999969482422,166.60000610351562,163.5800018310547,164.02999877929688,141.92190551757812,7393000
2023-03-08,163.22999572753906,165.2899932861328,161.3800048828125,162.99000549316406,141.02210998535156,5435800
2023-03-09,163.7899932861328,165.49000549316406,160.19000244140625,160.50999450683594,138.87631225585938,6214700
2023-03-10,160.94000244140625,164.6699981689453,158.6699981689453,159.6699981689453,138.1495361328125,7385800
2023-03-13,156.44000244140625,160.9499969482422,153.8000030517578,158.7100067138672,137.3189697265625,10106100
2023-03-14,158.25999450683594,164.02000427246094,157.8800048828125,160.75999450683594,139.09266662597656,10035200
2023-03-15,155.58999633789062,157.9499969482422,152.00999450683594,153.8000030517578,133.0707244873047,14063100
2023-03-16,150.16000366210938,155.47000122070312,149.91000366210938,154.2899932861328,133.4946746826172,12849600
2023-03-17,153.6199951171875,155.3800048828125,150.60000610351562,152.33999633789062,131.80747985839844,33161800
2023-03-20,151.74000549316406,155.77999877929688,151.2899932861328,154.5800018310547,133.74560546875,8469200
2023-03-21,157.16000366210938,159.57000732421875,156.47000122070312,159.30999755859375,137.83810424804688,9753500
2023-03-22,159.8699951171875,160.05999755859375,155.92999267578125,156.07000732421875,135.0347900390625,6315000
2023-03-23,157.02000427246094,158.75999450683594,153.13999938964844,154.52000427246094,133.69366455078125,7859400
2023-03-24,152.10000610351562,156.64999389648438,151.8300018310547,156.05999755859375,135.02613830566406,6600100
2023-03-27,157.39999389648438,158.47999572753906,155.69000244140625,157.64999389648438,136.40179443359375,7006800
2023-03-28,157.27999877929688,160.19000244140625,156.67999267578125,159.49000549316406,137.99380493164062,5605400
2023-03-29,160.6199951171875,161.32000732421875,159.3300018310547,160.86000061035156,139.17916870117188,7569700
2023-03-30,162.25,163.00999450683594,161.5800018310547,162.38999938964844,140.50296020507812,6322400
2023-03-31,162.6999969482422,163.72000122070312,162.14999389648438,163.16000366210938,141.16917419433594,7041400
2023-04-03,169.8000030517578,171.10000610351562,168.9199981689453,169.9499969482422,147.04400634765625,12868200
2023-04-04,171.13999938964844,171.13999938964844,167.72000122070312,169.0399932861328,146.25665283203125,7521400
2023-04-05,169.25999450683594,170.44000244140625,167.74000549316406,169.8800048828125,146.9834442138672,6478100
2023-04-06,169.35000610351562,169.41000366210938,167.1300048828125,167.64999389648438,145.0540008544922,5803200
2023-04-10,168.49000549316406,169.67999267578125,167.30999755859375,168.2899932861328,145.60769653320312,5923500
2023-04-11,169.07000732421875,170.33999633789062,168.07000732421875,169.22000122070312,146.4123992919922,5469600
2023-04-12,170.4499969482422,171.1199951171875,169.47000122070312,169.82000732421875,146.93154907226562,6157900
2023-04-13,170.25,172.47000122070312,169.82000732421875,172.08999633789062,148.8955841064453,6856600
2023-04-14,172.5,172.8800048828125,171.22000122070312,172.44000244140625,149.1984405517578,4930700
2023-04-17,172.38999938964844,172.5399932861328,170.22000122070312,170.9199981689453,147.8832550048828,7006000
2023-04-18,170.82000732421875,172.38999938964844,170.1300048828125,170.52000427246094,147.5371856689453,8045600
2023-04-19,169.4600067138672,170.74000549316406,169.10000610351562,170.67999267578125,147.6756134033203,5506800
2023-04-20,168.75999450683594,170.05999755859375,168.02000427246094,169.85000610351562,146.95750427246094,5851100
2023-04-21,169.8300018310547,170.58999633789062,168.83999633789062,169.1199951171875,146.32589721679688,7179000
2023-04-24,169.10000610351562,172.3800048828125,168.5800018310547,171.47999572753906,148.36781311035156,7177600
2023-04-25,170.32000732421875,170.39999389648438,168.42999267578125,168.99000549316406,146.21337890625,5807200
2023-04-26,168.2100067138672,168.9499969482422,165.22999572753906,165.97999572753906,143.6090850830078,5927400
2023-04-27,166.42999267578125,167.38999938964844,165.07000732421875,166.9499969482422,144.44833374023438,6417200
2023-04-28,164.5,168.94000244140625,164.0500030517578,168.5800018310547,145.8586883544922,10036300
2023-05-01,167.7100067138672,168.72999572753906,166.36000061035156,167.24000549316406,144.6992645263672,6099800
2023-05-02,165.32000732421875,165.3800048828125,158.4499969482422,160.0399932861328,138.4696807861328,10701700
2023-05-03,158.14999389648438,159.57000732421875,156.74000549316406,156.8300018310547,135.6923370361328,7538100
2023-05-04,157.11000061035156,158.1999969482422,155.4199981689453,156.22000122070312,135.16453552246094,7500400
2023-05-05,159.3000030517578,161.1199951171875,158.77999877929688,160.2100067138672,138.6167755126953,5802000
2023-05-08,161.57000732421875,162.3000030517578,159.52000427246094,159.5800018310547,138.07168579101562,5028200
2023-05-09,158.11000061035156,160.4199981689453,157.91000366210938,159.1199951171875,137.67367553710938,5019800
2023-05-10,160.44000244140625,160.44000244140625,155.8800048828125,157.08999633789062,135.9172821044922,6161200
2023-05-11,155.3800048828125,156.32000732421875,153.88999938964844,156.22000122070312,135.16453552246094,6666100
2023-05-12,157.0,157.92999267578125,155.55999755859375,156.6199951171875,135.51063537597656,4898900
2023-05-15,157.22999572753906,158.16000366210938,156.22999572753906,157.1999969482422,136.01248168945312,5096700
2023-05-16,156.47999572753906,157.02000427246094,153.3300018310547,153.50999450683594,132.81980895996094,7007700
2023-05-17,154.7899932861328,156.4199981689453,153.9600067138672,155.7100067138672,134.72328186035156,6169600
2023-05-18,152.8699951171875,154.24000549316406,151.52999877929688,154.00999450683594,134.55728149414062,7477700
2023-05-19,154.88999938964844,156.44000244140625,153.99000549316406,155.22999572753906,135.62319946289062,8100900
2023-05-22,153.7899932861328,154.8300018310547,152.08999633789062,152.44000244140625,133.1855926513672,11661000
2023-05-23,154.13999938964844,157.67999267578125,153.83999633789062,156.85000610351562,137.0386199951172,10436200
2023-05-24,157.9499969482422,158.57000732421875,156.2899932861328,157.27000427246094,137.40553283691406,7064000
2023-05-25,154.67999267578125,155.6300048828125,153.5,154.55999755859375,135.0377960205078,7037700
2023-05-26,155.2899932861328,155.6300048828125,153.4600067138672,154.0800018310547,134.61842346191406,7736200
2023-05-30,151.6699981689453,153.25999450683594,151.2100067138672,153.1199951171875,133.7797088623047,7814800
2023-05-31,151.5399932861328,152.4199981689453,150.36000061035156,150.6199951171875,131.595458984375,13346400
2023-06-01,151.3000030517578,153.74000549316406,149.74000549316406,152.16000366210938,132.9409637451172,9887700
2023-06-02,154.5800018310547,156.75,153.61000061035156,156.25999450683594,136.52310180664062,9464300
2023-06-05,158.4499969482422,158.4499969482422,155.24000549316406,155.50999450683594,135.86781311035156,6443800
2023-06-06,153.3300018310547,156.16000366210938,153.1999969482422,155.7899932861328,136.11244201660156,6176400
2023-06-07,156.5500030517578,160.2100067138672,156.5,159.8300018310547,139.64218139648438,9900000
2023-06-08,160.16000366210938,160.49000549316406,157.08999633789062,159.24000549316406,139.12667846679688,7142200
2023-06-09,159.27999877929688,160.38999938964844,158.6199951171875,158.86000061035156,138.79469299316406,6669500
2023-06-12,157.05999755859375,159.3300018310547,156.22999572753906,157.3300018310547,137.45794677734375,7159600
2023-06-13,158.52000427246094,160.5800018310547,158.27000427246094,158.50999450683594,138.4888916015625,7660800
2023-06-14,159.97999572753906,160.77000427246094,156.14999389648438,157.08999633789062,137.24826049804688,7721100
2023-06-15,157.32000732421875,159.7899932861328,157.32000732421875,158.27999877929688,138.2879638671875,7705400
2023-06-16,158.57000732421875,159.24000549316406,157.25999450683594,157.25999450683594,137.3967742919922,22908100
2023-06-20,156.14999389648438,156.57000732421875,152.24000549316406,153.67999267578125,134.26898193359375,10438700
2023-06-21,152.6699981689453,155.9600067138672,152.5,154.8800048828125,135.31739807128906,7328200
2023-06-22,153.35000610351562,153.58999633789062,151.97000122070312,152.63999938964844,133.3603057861328,7088600
2023-06-23,151.00999450683594,151.6999969482422,150.1300048828125,151.35000610351562,132.23326110839844,15172700
2023-06-26,151.6199951171875,154.97000122070312,151.5399932861328,154.00999450683594,134.55728149414062,7371800
2023-06-27,153.5,154.7100067138672,152.82000732421875,153.52999877929688,134.13790893554688,6581700
2023-06-28,153.44000244140625,155.02000427246094,152.19000244140625,154.9199981689453,135.3523712158203,5773800
2023-06-29,155.42999267578125,156.27000427246094,154.44000244140625,156.24000549316406,136.50563049316406,5633500
2023-06-30,157.4600067138672,157.9199981689453,156.60000610351562,157.35000610351562,137.4754180908203,6346600
2023-07-03,157.17999267578125,158.10000610351562,156.6999969482422,157.2100067138672,137.3531036376953,3272600
2023-07-05,157.6999969482422,157.6999969482422,155.1199951171875,156.30999755859375,136.56675720214844,6318700
2023-07-06,155.1999969482422,155.8300018310547,151.6300048828125,152.8800048828125,133.5699920654297,9203000
2023-07-07,152.13999938964844,155.99000549316406,151.9600067138672,154.22000122070312,134.74075317382812,6602200
2023-07-10,153.92999267578125,155.7899932861328,153.9199981689453,155.25,135.6406707763672,5167900
2023-07-11,156.0,158.41000366210938,155.66000366210938,158.1199951171875,138.14813232421875,5060500
2023-07-12,159.22000122070312,160.33999633789062,158.3300018310547,159.63999938964844,139.47616577148438,6464000
2023-07-13,159.83999633789062,160.60000610351562,156.57000732421875,157.50999450683594,137.61520385742188,8143900
2023-07-14,157.00999450683594,157.02000427246094,153.3000030517578,153.5800018310547,134.18161010742188,7065700
2023-07-17,153.35000610351562,154.13999938964844,152.63999938964844,153.44000244140625,134.05926513671875,4351700
2023-07-18,152.6699981689453,156.07000732421875,152.3699951171875,153.75,134.33013916015625,6798300
2023-07-19,153.8300018310547,155.77999877929688,153.27999877929688,154.69000244140625,135.15138244628906,5653100
2023-07-20,156.16000366210938,157.19000244140625,155.7100067138672,156.39999389648438,136.6453857421875,5866600
2023-07-21,157.52999877929688,158.8300018310547,157.05999755859375,158.69000244140625,138.6461639404297,8760100
2023-07-24,160.47000122070312,164.0399932861328,160.00999450683594,161.82000732421875,141.38079833984375,9722100
2023-07-25,161.91000366210938,163.50999450683594,160.66000366210938,162.55999755859375,142.02734375,6767600
2023-07-26,160.8800048828125,162.08999633789062,160.5500030517578,161.33999633789062,140.96145629882812,6056400
2023-07-27,162.08999633789062,162.47000122070312,159.22000122070312,159.66000366210938,139.49365234375,6470100
2023-07-28,158.41000366210938,159.0,156.50999450683594,158.8699951171875,138.8034210205078,6542300
2023-07-31,161.1300048828125,163.97999572753906,160.6199951171875,163.66000366210938,142.98843383789062,13056300
2023-08-01,163.63999938964844,163.63999938964844,160.5500030517578,162.3000030517578,141.8001708984375,7531400
2023-08-02,161.1699981689453,161.22000122070312,158.05999755859375,159.72999572753906,139.55479431152344,7067100
2023-08-03,159.91000366210938,161.6999969482422,158.85000610351562,159.6699981689453,139.5023956298828,6680700
2023-08-04,160.66000366210938,163.02000427246094,159.0399932861328,159.30999755859375,139.18785095214844,10185400
2023-08-07,161.00999450683594,161.3800048828125,159.0800018310547,159.88999938964844,139.69459533691406,13927400
2023-08-08,157.94000244140625,159.7899932861328,156.22000122070312,159.64999389648438,139.48489379882812,6451300
2023-08-09,160.86000061035156,161.44000244140625,159.30999755859375,159.86000061035156,139.66839599609375,10531500
2023-08-10,160.3300018310547,162.47999572753906,159.6199951171875,160.8300018310547,140.51585388183594,8647100
2023-08-11,160.5,164.1699981689453,160.17999267578125,164.14999389648438,143.41651916503906,6682600
2023-08-14,163.77000427246094,164.25,162.61000061035156,164.02999877929688,143.31166076660156,6060100
2023-08-15,163.39999389648438,163.41000366210938,159.10000610351562,159.24000549316406,139.12667846679688,7876500
2023-08-16,160.52000427246094,161.8300018310547,158.47000122070312,158.6300048828125,138.59373474121094,7920500
2023-08-17,159.17999267578125,162.13999938964844,158.97000122070312,159.75,140.91363525390625,8270500
2023-08-18,158.3800048828125,161.32000732421875,158.16000366210938,160.89999389648438,141.92800903320312,5999200
2023-08-21,161.1999969482422,162.07000732421875,159.4499969482422,160.36000061035156,141.45167541503906,6802300
2023-08-22,160.49000549316406,161.25,158.97000122070312,159.0399932861328,140.287353515625,6080800
2023-08-23,158.13999938964844,159.41000366210938,156.6999969482422,159.25,140.4725799560547,4975600
2023-08-24,157.72999572753906,159.88999938964844,157.55999755859375,157.94000244140625,139.31704711914062,5989600
2023-08-25,159.07000732421875,159.91000366210938,157.64999389648438,159.1199951171875,140.35791015625,5291800
2023-08-28,159.52999877929688,161.8000030517578,159.22000122070312,160.2100067138672,141.31939697265625,4386100
2023-08-29,160.91000366210938,160.9499969482422,159.10000610351562,159.9600067138672,141.098876953125,5374800
2023-08-30,160.58999633789062,161.25,159.92999267578125,160.17999267578125,141.29295349121094,5534900
2023-08-31,161.00999450683594,161.24000549316406,159.92999267578125,161.10000610351562,142.1044464111328,7003700
2023-09-01,162.63999938964844,164.69000244140625,162.63999938964844,164.3000030517578,144.92715454101562,6663000
2023-09-05,165.27999877929688,167.55999755859375,165.1999969482422,166.4600067138672,146.83245849609375,9755800
2023-09-06,166.27999877929688,167.44000244140625,165.5800018310547,166.6300048828125,146.9823760986328,7195500
2023-09-07,167.13999938964844,167.89999389648438,166.27999877929688,166.63999938964844,146.9912109375,7925900
2023-09-08,167.4199981689453,168.49000549316406,166.7100067138672,167.2100067138672,147.49400329589844,7434400
2023-09-11,168.0800018310547,168.58999633789062,162.8699951171875,163.75999450683594,144.45079040527344,7155100
2023-09-12,165.3000030517578,167.19000244140625,165.10000610351562,166.80999755859375,147.14117431640625,7521100
2023-09-13,167.41000366210938,167.75,165.5800018310547,166.1999969482422,146.6031036376953,5759500
2023-09-14,167.6999969482422,168.5,167.1199951171875,167.22999572753906,147.5116424560547,8822800
2023-09-15,166.2100067138672,168.3699951171875,165.8800048828125,166.5,146.8677215576172,17439700
2023-09-18,167.8699951171875,168.36000061035156,166.39999389648438,167.22000122070312,147.50282287597656,7027600
2023-09-19,168.69000244140625,168.9600067138672,166.42999267578125,167.1999969482422,147.48521423339844,6615100
2023-09-20,167.07000732421875,168.50999450683594,166.60000610351562,166.69000244140625,147.03533935546875,5939100
2023-09-21,167.1199951171875,167.8699951171875,165.0500030517578,165.19000244140625,145.71217346191406,7150000
2023-09-22,166.22999572753906,167.4199981689453,165.94000244140625,166.27999877929688,146.6736602783203,5963000
2023-09-25,166.3300018310547,168.77999877929688,165.99000549316406,168.7100067138672,148.817138671875,5510000
2023-09-26,167.44000244140625,168.41000366210938,166.97999572753906,167.8000030517578,148.01443481445312,5659200
2023-09-27,169.3699951171875,171.22999572753906,168.80999755859375,171.0399932861328,150.8723907470703,9124400
2023-09-28,170.5500030517578,171.6999969482422,169.42999267578125,170.58999633789062,150.47547912597656,7151800
2023-09-29,170.49000549316406,170.5,167.82000732421875,168.6199951171875,148.73773193359375,7396100
2023-10-02,168.33999633789062,168.57000732421875,165.22999572753906,166.5399932861328,146.9029998779297,6839600
2023-10-03,165.9199981689453,167.36000061035156,165.50999450683594,166.92999267578125,147.24700927734375,6168600
2023-10-04,164.6999969482422,164.97999572753906,161.49000549316406,163.0399932861328,143.81568908691406,9664700
2023-10-05,161.4199981689453,164.75,161.38999938964844,163.89999389648438,144.5742950439453,8073000
2023-10-06,164.30999755859375,164.3699951171875,158.99000549316406,162.22999572753906,143.1011962890625,10190400
2023-10-09,166.3800048828125,168.19000244140625,164.9499969482422,166.72000122070312,147.06179809570312,8183500
2023-10-10,166.77000427246094,167.39999389648438,165.67999267578125,166.5399932861328,146.9029998779297,6512900
2023-10-11,165.07000732421875,165.0800018310547,160.47999572753906,161.10000610351562,142.1044464111328,12570700
2023-10-12,163.25999450683594,163.25999450683594,160.89999389648438,161.22999572753906,142.21910095214844,7397000
2023-10-13,163.41000366210938,164.83999633789062,162.3000030517578,164.05999755859375,144.7154541015625,8042800
2023-10-16,165.33999633789062,165.80999755859375,163.85000610351562,165.39999389648438,145.89743041992188,5446000
2023-10-17,164.8300018310547,168.1999969482422,164.64999389648438,167.58999633789062,147.8292236328125,7538300
2023-10-18,168.47000122070312,169.6999969482422,167.5800018310547,168.9199981689453,149.00238037109375,6893500
2023-10-19,168.6999969482422,170.1699981689453,167.50999450683594,169.10000610351562,149.16116333007812,6580200
2023-10-20,168.41000366210938,169.10000610351562,166.10000610351562,166.8300018310547,147.15882873535156,7458300
2023-10-23,163.3000030517578,164.42999267578125,160.25,160.67999267578125,141.73397827148438,16232400
2023-10-24,160.88999938964844,161.0800018310547,156.47000122070312,156.64999389648438,138.17919921875,17689900
2023-10-25,156.94000244140625,157.41000366210938,155.1699981689453,155.8699951171875,137.49110412597656,10502400
2023-10-26,155.00999450683594,155.17999267578125,153.6300048828125,154.75,136.50320434570312,10830400
2023-10-27,150.72000122070312,151.25,143.9600067138672,144.35000610351562,127.32948303222656,24524300
2023-10-30,145.66000366210938,146.44000244140625,144.32000732421875,146.08999633789062,128.8643035888672,13857100
2023-10-31,146.10000610351562,146.52000427246094,144.22999572753906,145.72999572753906,128.5467529296875,14261300
2023-11-01,145.97999572753906,146.00999450683594,143.82000732421875,143.97999572753906,127.00311279296875,10819600
2023-11-02,144.5399932861328,149.0,143.8300018310547,148.75999450683594,131.21949768066406,11099100
2023-11-03,148.3000030517578,148.55999755859375,146.14999389648438,147.61000061035156,130.20506286621094,13160000
2023-11-06,148.72999572753906,149.3300018310547,146.69000244140625,147.0,129.6669921875,10634200
2023-11-07,145.16000366210938,145.61000061035156,143.24000549316406,144.41000366210938,127.38241577148438,15054600
2023-11-08,143.8800048828125,144.64999389648438,142.25,142.39999389648438,125.60939025878906,12654100
2023-11-09,143.0500030517578,143.91000366210938,141.77999877929688,141.94000244140625,125.2036361694336,10359500
2023-11-10,143.2899932861328,143.44000244140625,141.72999572753906,142.9499969482422,126.09453582763672,11988200
2023-11-13,143.14999389648438,144.3000030517578,142.85000610351562,144.0,127.020751953125,8747700
2023-11-14,144.47999572753906,145.5,143.86000061035156,145.0500030517578,127.94694519042969,11224400
2023-11-15,144.86000061035156,146.63999938964844,144.41000366210938,145.55999755859375,128.39682006835938,10052100
2023-11-16,143.02000427246094,143.50999450683594,140.74000549316406,141.77000427246094,126.36455535888672,14031300
2023-11-17,142.9499969482422,145.19000244140625,142.39999389648438,144.4600067138672,128.76222229003906,11075600
2023-11-20,144.6300048828125,145.69000244140625,144.27000427246094,144.3800048828125,128.69091796875,8062400
2023-11-21,143.8300018310547,144.3000030517578,142.6999969482422,144.0399932861328,128.3878631591797,6783300
2023-11-22,141.74000549316406,144.38999938964844,140.72000122070312,144.3300018310547,128.64637756347656,7216100
2023-11-24,144.3000030517578,145.94000244140625,144.1999969482422,144.89999389648438,129.15443420410156,3861000
2023-11-27,144.64999389648438,144.82000732421875,142.85000610351562,144.36000061035156,128.673095703125,9850800
2023-11-28,144.77999877929688,146.52000427246094,144.05999755859375,145.50999450683594,129.69813537597656,9746500
2023-11-29,146.38999938964844,146.49000549316406,143.05999755859375,143.91000366210938,128.27203369140625,16417100
2023-11-30,144.97999572753906,146.00999450683594,142.02999877929688,143.60000610351562,127.99571990966797,16276000
2023-12-01,143.49000549316406,146.50999450683594,142.60000610351562,144.80999755859375,129.07421875,11906500
2023-12-04,144.0,145.6999969482422,143.25,144.8699951171875,129.12767028808594,11842800
2023-12-05,144.75999450683594,145.07000732421875,142.6300048828125,142.86000061035156,127.33610534667969,9597600
2023-12-06,141.89999389648438,144.02999877929688,141.35000610351562,142.52999877929688,127.04198455810547,18079700
2023-12-07,143.50999450683594,144.00999450683594,140.99000549316406,142.4199981689453,126.94392395019531,14786700
2023-12-08,143.50999450683594,144.6699981689453,143.1199951171875,144.30999755859375,128.6285400390625,10821700
2023-12-11,144.83999633789062,145.39999389648438,143.82000732421875,144.35000610351562,128.66419982910156,9849600
2023-12-12,143.1699981689453,143.58999633789062,141.75,142.5,127.01524353027344,9863900
2023-12-13,142.1699981689453,144.67999267578125,141.64999389648438,144.61000061035156,128.89593505859375,10641300
2023-12-14,145.85000610351562,149.92999267578125,145.85000610351562,149.92999267578125,133.63783264160156,14960500
2023-12-15,147.32000732421875,149.82000732421875,147.32000732421875,149.35000610351562,133.120849609375,30850900
2023-12-18,150.8300018310547,152.1199951171875,149.32000732421875,149.67999267578125,133.41500854492188,11561700
2023-12-19,149.9600067138672,151.8300018310547,149.49000549316406,151.63999938964844,135.1619873046875,8738100
2023-12-20,152.14999389648438,153.05999755859375,150.05999755859375,150.25,133.92308044433594,9370000
2023-12-21,150.77999877929688,150.8000030517578,149.22000122070312,150.7100067138672,134.3330841064453,7264700
2023-12-22,151.74000549316406,152.38999938964844,150.75,151.0500030517578,134.6361541748047,6396100
2023-12-26,152.07000732421875,153.00999450683594,151.89999389648438,152.41000366210938,135.84837341308594,5165600
2023-12-27,152.27000427246094,152.97000122070312,151.33999633789062,151.91000366210938,135.40267944335938,5337200
2023-12-28,151.17999267578125,152.02000427246094,149.39999389648438,149.77000427246094,133.49522399902344,8148000
2023-12-29,150.02999877929688,150.22999572753906,148.6699981689453,149.16000366210938,132.95152282714844,7658600
2024-01-02,149.99000549316406,151.47999572753906,149.24000549316406,149.47999572753906,133.23672485351562,8879700
2024-01-03,149.38999938964844,153.19000244140625,148.67999267578125,152.3300018310547,135.7770538330078,10255300
2024-01-04,153.66000366210938,154.35000610351562,150.58999633789062,150.66000366210938,134.2885284423828,8220300
2024-01-05,151.97999572753906,152.02999877929688,149.8300018310547,150.39999389648438,134.0567626953125,7455400
2024-01-08,148.4199981689453,149.6999969482422,146.5800018310547,149.5,133.25457763671875,10038200
2024-01-09,149.9499969482422,149.9499969482422,145.58999633789062,145.6999969482422,129.86746215820312,11784700
2024-01-10,146.02000427246094,146.02000427246094,144.11000061035156,144.5,128.79788208007812,8490400
2024-01-11,145.55999755859375,146.1699981689453,144.6199951171875,145.27999877929688,129.49313354492188,8612500
2024-01-12,147.8300018310547,148.5,146.1699981689453,147.27000427246094,131.26690673828125,9386900
2024-01-16,146.50999450683594,146.5800018310547,143.5800018310547,143.69000244140625,128.075927734375,9380400
2024-01-17,142.4199981689453,144.02000427246094,142.0399932861328,143.1199951171875,127.5678482055664,8167000
2024-01-18,143.0,143.19000244140625,139.6199951171875,141.82000732421875,126.40911865234375,11187800
2024-01-19,141.72999572753906,142.25,141.00999450683594,142.24000549316406,126.78348541259766,11192500
2024-01-22,141.91000366210938,142.66000366210938,140.9199981689453,142.49000549316406,127.00629425048828,9184600
2024-01-23,141.99000549316406,143.3300018310547,141.89999389648438,142.08999633789062,126.64977264404297,6767200
2024-01-24,142.6999969482422,144.97999572753906,142.22000122070312,144.9199981689453,129.17225646972656,8100000
2024-01-25,146.22000122070312,148.69000244140625,145.22999572753906,148.57000732421875,132.42564392089844,9773600
2024-01-26,148.02999877929688,149.25999450683594,146.97999572753906,149.13999938964844,132.93368530273438,9151900
2024-01-29,149.08999633789062,149.22000122070312,147.11000061035156,149.0800018310547,132.8802032470703,10494800
2024-01-30,148.17999267578125,150.30999755859375,147.7100067138672,150.1199951171875,133.8071746826172,9902900
2024-01-31,150.3699951171875,150.3800048828125,147.33999633789062,147.42999267578125,131.40951538085938,10428000
2024-02-01,148.19000244140625,149.02000427246094,146.52000427246094,147.88999938964844,131.8195343017578,8641100
2024-02-02,150.86000061035156,153.3800048828125,149.5500030517578,152.24000549316406,135.6968536376953,12839100
2024-02-05,151.6199951171875,153.50999450683594,150.7899932861328,152.3300018310547,135.7770538330078,8277800
2024-02-06,152.5,153.5399932861328,151.80999755859375,152.35000610351562,135.7948760986328,6198200
2024-02-07,153.02000427246094,153.77999877929688,151.1699981689453,152.1300048828125,135.59878540039062,6252000
2024-02-08,151.9499969482422,154.3000030517578,151.64999389648438,154.05999755859375,137.31906127929688,9237000
2024-02-09,154.4199981689453,155.32000732421875,150.97999572753906,151.0399932861328,134.62721252441406,9194500
2024-02-12,151.6199951171875,152.61000061035156,151.38999938964844,152.0800018310547,135.55421447753906,6713000
2024-02-13,152.6199951171875,153.07000732421875,149.60000610351562,150.60000610351562,134.23507690429688,6987100
2024-02-14,151.27999877929688,152.1999969482422,150.0800018310547,151.00999450683594,134.60047912597656,5995100
2024-02-15,149.91000366210938,155.08999633789062,149.6699981689453,154.4600067138672,139.17788696289062,8950300
2024-02-16,155.3699951171875,155.77000427246094,154.08999633789062,154.6300048828125,139.33106994628906,7570200
2024-02-20,155.47000122070312,155.61000061035156,153.8300018310547,154.0,138.7633819580078,6977900
2024-02-21,154.57000732421875,155.57000732421875,154.10000610351562,155.44000244140625,140.0609130859375,6628900
2024-02-22,154.82000732421875,156.6300048828125,153.8300018310547,155.42999267578125,140.0518798828125,8874900
2024-02-23,154.8699951171875,154.9199981689453,153.25,154.66000366210938,139.3580780029297,6561600
2024-02-26,154.5399932861328,155.5500030517578,153.8300018310547,154.4499969482422,139.16883850097656,6900800
2024-02-27,153.1999969482422,153.8800048828125,149.89999389648438,152.16000366210938,137.10545349121094,15093800
2024-02-28,152.36000061035156,153.86000061035156,151.77999877929688,152.33999633789062,137.2676239013672,6715900
2024-02-29,152.91000366210938,153.24000549316406,151.47999572753906,152.00999450683594,136.97027587890625,9334400
2024-03-01,153.0500030517578,154.35000610351562,152.25,152.80999755859375,137.69114685058594,7459100
2024-03-04,152.5,152.58999633789062,147.6699981689453,148.8800048828125,134.14996337890625,12503200
2024-03-05,148.8300018310547,150.6199951171875,148.3000030517578,149.58999633789062,134.7897186279297,6985500
2024-03-06,150.8300018310547,152.41000366210938,148.13999938964844,148.3300018310547,133.6543731689453,14692100
2024-03-07,148.5,150.75,148.4499969482422,149.3699951171875,134.59144592285156,8739300
2024-03-08,149.3699951171875,149.99000549316406,148.38999938964844,149.8800048828125,135.05101013183594,7528400
2024-03-11,150.5,152.0800018310547,149.58999633789062,152.0,136.9612579345703,7577100
2024-03-12,151.8300018310547,152.57000732421875,150.7899932861328,151.88999938964844,136.8621368408203,6432900
2024-03-13,153.24000549316406,154.8800048828125,153.14999389648438,153.88999938964844,138.6642608642578,8065600
2024-03-14,153.77000427246094,155.72999572753906,152.75999450683594,155.6999969482422,140.295166015625,9047200
2024-03-15,155.19000244140625,157.0399932861328,154.4199981689453,155.5500030517578,140.1600341796875,20387200
2024-03-18,156.02999877929688,156.6699981689453,154.94000244140625,155.41000366210938,140.0338897705078,7242700
2024-03-19,155.3000030517578,156.83999633789062,155.00999450683594,156.6199951171875,141.12416076660156,7736700
2024-03-20,155.75999450683594,156.42999267578125,154.22999572753906,154.5500030517578,139.25897216796875,8449100
2024-03-21,154.9499969482422,155.69000244140625,154.41000366210938,154.86000061035156,139.53831481933594,7899100
2024-03-22,155.0800018310547,155.27999877929688,154.16000366210938,154.66000366210938,139.3580780029297,5974700
2024-03-25,155.47999572753906,157.30999755859375,155.27000427246094,156.47000122070312,140.98898315429688,6058700
2024-03-26,156.52000427246094,156.86000061035156,154.64999389648438,155.27000427246094,139.90774536132812,6677900
2024-03-27,154.8699951171875,156.44000244140625,154.85000610351562,156.35000610351562,140.88087463378906,7416900
2024-03-28,157.14999389648438,158.19000244140625,156.3699951171875,157.74000549316406,142.1333770751953,8331600
2024-04-01,158.27000427246094,159.58999633789062,156.94000244140625,159.0800018310547,143.34075927734375,6285700
2024-04-02,160.0500030517578,161.22000122070312,159.02000427246094,159.77999877929688,143.9715118408203,8815400
2024-04-03,160.10000610351562,160.9499969482422,159.72000122070312,160.44000244140625,144.56622314453125,7819700
2024-04-04,160.8000030517578,161.9499969482422,159.82000732421875,160.69000244140625,144.79147338867188,9269700
2024-04-05,161.3300018310547,162.1699981689453,159.86000061035156,161.60000610351562,145.61143493652344,7432800
2024-04-08,161.64999389648438,162.5,160.3300018310547,161.27000427246094,145.31410217285156,7253200
2024-04-09,161.85000610351562,162.52999877929688,160.4600067138672,162.0,145.97189331054688,6576200
2024-04-10,162.2100067138672,162.77000427246094,161.00999450683594,162.6699981689453,146.57559204101562,7525800
2024-04-11,163.6199951171875,163.6199951171875,159.8000030517578,161.88999938964844,145.8727569580078,7682500
2024-04-12,162.2899932861328,163.8699951171875,158.0399932861328,158.9600067138672,143.23265075683594,11071000
2024-04-15,159.94000244140625,160.49000549316406,157.36000061035156,157.58999633789062,141.99818420410156,7236900
2024-04-16,157.3000030517578,157.80999755859375,155.4199981689453,156.27999877929688,140.8177947998047,5541900
2024-04-17,155.99000549316406,157.7100067138672,155.63999938964844,156.39999389648438,140.92591857910156,6733900
2024-04-18,157.13999938964844,158.0399932861328,156.38999938964844,157.57000732421875,141.9801788330078,4979200
2024-04-19,158.75,160.75,158.14999389648438,160.0,144.16973876953125,7734700
2024-04-22,159.9499969482422,162.6999969482422,158.44000244140625,161.9199981689453,145.89981079101562,6779200
2024-04-23,161.30999755859375,162.85000610351562,160.60000610351562,162.85000610351562,146.73779296875,5597600
2024-04-24,161.8800048828125,163.83999633789062,161.4499969482422,163.57000732421875,147.3865509033203,7610300
2024-04-25,163.6999969482422,165.60000610351562,162.6699981689453,165.27999877929688,148.92735290527344,9702600
2024-04-26,165.22999572753906,166.97999572753906,163.3000030517578,165.88999938964844,149.47698974609375,9736400
2024-04-29,165.91000366210938,167.11000061035156,164.69000244140625,166.3300018310547,149.8734588623047,6364000
2024-04-30,165.97000122070312,166.1199951171875,160.9499969482422,161.27000427246094,145.31410217285156,8457300
2024-05-01,160.77999877929688,161.4499969482422,158.89999389648438,159.6300048828125,143.8363800048828,7713700
2024-05-02,160.41000366210938,161.77999877929688,159.88999938964844,160.72999572753906,144.8275146484375,8597100
2024-05-03,160.66000366210938,160.66000366210938,157.0399932861328,160.25,144.39500427246094,11664500
2024-05-06,160.72999572753906,164.02000427246094,160.72999572753906,162.3000030517578,146.2421875,8430300
2024-05-07,162.30999755859375,163.14999389648438,162.02000427246094,162.6699981689453,146.57559204101562,6869900
2024-05-08,161.9499969482422,163.0800018310547,161.5399932861328,162.5399932861328,146.4584503173828,6706400
2024-05-09,163.02000427246094,165.50999450683594,162.72999572753906,165.4499969482422,149.08055114746094,6683300
2024-05-10,166.0399932861328,166.4199981689453,165.02000427246094,165.82000732421875,149.4139404296875,5490900
2024-05-13,166.47999572753906,166.91000366210938,162.97999572753906,164.52999877929688,148.2515411376953,6848300
2024-05-14,164.33999633789062,165.1999969482422,163.02000427246094,163.61000061035156,147.4225616455078,4924000
2024-05-15,163.1300048828125,163.8000030517578,160.1699981689453,163.0500030517578,146.91798400878906,7603100
2024-05-16,161.52999877929688,162.0,160.47999572753906,161.08999633789062,146.6176300048828,6409400
2024-05-17,161.75,162.97000122070312,161.19000244140625,162.6699981689453,148.0557098388672,5497900
2024-05-20,162.72000122070312,163.0,161.07000732421875,161.13999938964844,146.66314697265625,4913800
2024-05-21,160.5800018310547,161.4600067138672,159.74000549316406,159.97000122070312,145.59825134277344,4783300
2024-05-22,159.52000427246094,159.52000427246094,156.52000427246094,157.57000732421875,143.4138641357422,6260500
2024-05-23,157.9199981689453,158.60000610351562,156.3300018310547,156.94000244140625,142.8404998779297,6718400
2024-05-24,158.0800018310547,158.97000122070312,157.3000030517578,157.75,143.57766723632812,4477700
2024-05-28,158.1199951171875,159.4199981689453,157.9499969482422,159.0399932861328,144.75180053710938,6928300
2024-05-29,158.02000427246094,158.49000549316406,156.44000244140625,156.89999389648438,142.8040771484375,5909600
2024-05-30,156.85000610351562,158.4600067138672,156.80999755859375,158.25999450683594,144.04188537597656,6369600
2024-05-31,158.6300048828125,162.5800018310547,158.50999450683594,162.3000030517578,147.7189178466797,10334200
2024-06-03,161.49000549316406,161.67999267578125,156.4600067138672,157.4600067138672,143.3137664794922,9009900
2024-06-04,155.72000122070312,156.35000610351562,154.11000061035156,156.1300048828125,142.10324096679688,6360500
2024-06-05,156.16000366210938,157.02000427246094,154.52999877929688,154.97999572753906,141.0565643310547,7058500
2024-06-06,154.5,156.02000427246094,153.38999938964844,155.92999267578125,141.9212188720703,5215100
2024-06-07,155.7100067138672,157.69000244140625,155.1300048828125,156.0800018310547,142.0577392578125,5887700
2024-06-10,156.41000366210938,158.1999969482422,156.32000732421875,156.74000549316406,142.658447265625,7074700
2024-06-11,156.1699981689453,156.75,154.47999572753906,156.49000549316406,142.430908203125,5132000
2024-06-12,157.49000549316406,157.6300048828125,152.39999389648438,154.22000122070312,140.36485290527344,10017400
2024-06-13,153.77000427246094,154.08999633789062,152.22999572753906,152.83999633789062,139.10882568359375,6163000
2024-06-14,153.1300048828125,153.2899932861328,151.97000122070312,152.57000732421875,138.8630828857422,6159100
2024-06-17,152.5,153.92999267578125,151.92999267578125,153.19000244140625,139.42739868164062,6321400
2024-06-18,153.5500030517578,155.9499969482422,152.83999633789062,153.3300018310547,139.55479431152344,6942900
2024-06-20,153.7100067138672,157.41000366210938,153.25,156.63999938964844,142.5674285888672,8336000
2024-06-21,156.8000030517578,157.6699981689453,155.22000122070312,155.27999877929688,141.32958984375,21289800
2024-06-24,156.27000427246094,159.5399932861328,156.19000244140625,159.30999755859375,144.99754333496094,7971600
2024-06-25,159.1199951171875,159.36000061035156,157.6699981689453,158.4600067138672,144.2239227294922,5985400
2024-06-26,158.4600067138672,158.4600067138672,155.7899932861328,155.9499969482422,141.93942260742188,8637800
2024-06-27,156.6999969482422,156.94000244140625,155.63999938964844,156.32000732421875,142.27618408203125,5568700
2024-06-28,157.52000427246094,158.5800018310547,156.1699981689453,156.4199981689453,142.36717224121094,11283400
2024-07-01,157.16000366210938,158.6999969482422,155.97999572753906,156.52000427246094,142.45823669433594,5584100
2024-07-02,157.67999267578125,157.72000122070312,155.4499969482422,156.75,142.6675567626953,7216800
2024-07-03,156.94000244140625,157.74000549316406,156.55999755859375,156.7100067138672,142.63113403320312,3264200
2024-07-05,156.5500030517578,156.5500030517578,153.67999267578125,154.30999755859375,140.4467315673828,6183100
2024-07-08,153.32000732421875,155.27999877929688,153.32000732421875,154.3300018310547,140.4649658203125,4990700
2024-07-09,153.0,154.75999450683594,152.35000610351562,152.97999572753906,139.23623657226562,5301600
2024-07-10,152.5,155.44000244140625,152.3000030517578,155.1300048828125,141.19308471679688,5416600
2024-07-11,155.0,156.67999267578125,154.22000122070312,155.25999450683594,141.31138610839844,8322500
2024-07-12,156.16000366210938,156.44000244140625,154.55999755859375,155.58999633789062,141.6117401123047,6446300
2024-07-15,156.9499969482422,159.52000427246094,156.3699951171875,158.0399932861328,143.84165954589844,5661200
2024-07-16,157.00999450683594,158.30999755859375,156.14999389648438,157.77000427246094,143.5959014892578,6924200
2024-07-17,158.5,161.47999572753906,158.2899932861328,161.22999572753906,146.7450408935547,7296600
2024-07-18,161.22999572753906,164.27999877929688,160.24000549316406,161.97000122070312,147.41856384277344,6577700
2024-07-19,162.47999572753906,162.6999969482422,158.41000366210938,159.14999389648438,144.8519287109375,6427700
2024-07-22,158.22000122070312,158.97999572753906,156.85000610351562,156.99000549316406,142.885986328125,5577300
2024-07-23,156.35000610351562,156.60000610351562,153.83999633789062,154.08999633789062,140.24652099609375,6238700
2024-07-24,154.69000244140625,155.6999969482422,153.4199981689453,155.07000732421875,141.13848876953125,5971700
2024-07-25,155.3699951171875,158.25999450683594,154.6199951171875,157.5399932861328,143.3865509033203,5432100
2024-07-26,157.72999572753906,159.0399932861328,157.05999755859375,157.83999633789062,143.65960693359375,5232500
2024-07-29,158.25,158.25,154.86000061035156,156.60000610351562,142.531005859375,5072000
2024-07-30,156.4600067138672,160.08999633789062,156.44000244140625,159.57000732421875,145.23419189453125,5740900
2024-07-31,161.69000244140625,161.69000244140625,160.0500030517578,160.47000122070312,146.05332946777344,6209200
2024-08-01,158.7100067138672,159.5,152.02999877929688,152.6199951171875,138.90859985351562,16689900
2024-08-02,151.1300048828125,152.0399932861328,147.02000427246094,148.5500030517578,135.2042236328125,13278600
2024-08-05,145.52000427246094,145.77000427246094,143.41000366210938,144.66000366210938,131.6637420654297,13037200
2024-08-06,144.49000549316406,145.08999633789062,143.1199951171875,143.22999572753906,130.3621826171875,9692700
2024-08-07,144.5800018310547,145.72999572753906,142.27999877929688,142.41000366210938,129.6158447265625,8867900
2024-08-08,143.07000732421875,144.82000732421875,142.7100067138672,144.49000549316406,131.5089874267578,7531100
2024-08-09,144.2100067138672,146.11000061035156,143.19000244140625,144.99000549316406,131.96408081054688,7653100
2024-08-12,145.83999633789062,146.74000549316406,139.69000244140625,145.02000427246094,131.99136352539062,8442200
2024-08-13,144.0800018310547,144.5500030517578,143.0500030517578,144.14999389648438,131.19952392578125,7794800
2024-08-14,144.38999938964844,145.24000549316406,143.42999267578125,144.6699981689453,131.6728057861328,5874200
2024-08-15,145.58999633789062,147.52000427246094,145.47999572753906,146.8000030517578,133.6114501953125,6304200
2024-08-16,146.0500030517578,147.6199951171875,145.63999938964844,147.27000427246094,134.03924560546875,6874400
2024-08-19,146.00999450683594,147.72999572753906,145.88999938964844,146.8300018310547,135.1344451904297,5967400
2024-08-20,146.3300018310547,146.50999450683594,144.55999755859375,144.69000244140625,133.16488647460938,7497600
2024-08-21,145.42999267578125,146.63999938964844,144.5500030517578,145.32000732421875,133.7447052001953,5985000
2024-08-22,145.35000610351562,146.3300018310547,145.1300048828125,145.72999572753906,134.1220703125,4027000
2024-08-23,146.52999877929688,148.08999633789062,146.32000732421875,147.6199951171875,135.8615264892578,4824100
2024-08-26,148.97000122070312,150.08999633789062,147.5500030517578,148.5,136.6714324951172,5780300
2024-08-27,148.6699981689453,149.5500030517578,146.74000549316406,146.9499969482422,135.244873046875,5100000
2024-08-28,146.44000244140625,147.13999938964844,145.47999572753906,146.0,134.37054443359375,5614400
2024-08-29,146.4600067138672,148.17999267578125,145.44000244140625,147.4199981689453,135.67742919921875,4466700
2024-08-30,146.22000122070312,148.0800018310547,145.6999969482422,147.9499969482422,136.16522216796875,6414800
2024-09-03,145.5500030517578,145.77000427246094,144.27999877929688,144.66000366210938,133.13729858398438,7944700
2024-09-04,144.63999938964844,145.52999877929688,141.6699981689453,142.07000732421875,130.7536163330078,9820700
2024-09-05,143.1699981689453,143.1699981689453,140.60000610351562,140.92999267578125,129.70440673828125,9371100
2024-09-06,141.07000732421875,142.11000061035156,137.8699951171875,138.55999755859375,127.52317810058594,7836400
2024-09-09,138.63999938964844,142.02000427246094,138.5399932861328,140.3000030517578,129.12457275390625,9892300
2024-09-10,140.89999389648438,141.0800018310547,137.08999633789062,138.22999572753906,127.2194595336914,8202500
2024-09-11,138.2100067138672,138.47999572753906,135.3699951171875,137.8800048828125,126.89734649658203,9534000
2024-09-12,138.22999572753906,139.47000122070312,137.4199981689453,139.2100067138672,128.12139892578125,6591500
2024-09-13,139.8699951171875,141.52999877929688,139.7100067138672,140.61000061035156,129.40988159179688,5900700
2024-09-16,141.69000244140625,143.1699981689453,141.07000732421875,142.08999633789062,130.77198791503906,6864300
2024-09-17,141.8000030517578,144.13999938964844,141.74000549316406,143.41000366210938,131.9868621826172,7338800
2024-09-18,143.32000732421875,145.60000610351562,143.19000244140625,143.9600067138672,132.4930419921875,6180300
2024-09-19,145.80999755859375,146.77999877929688,144.92999267578125,144.99000549316406,133.44102478027344,7247400
2024-09-20,145.22999572753906,145.91000366210938,143.44000244140625,145.67999267578125,134.0760498046875,23162900
2024-09-23,146.25,148.4199981689453,145.9499969482422,147.5399932861328,135.7878875732422,6960600
2024-09-24,148.8800048828125,149.10000610351562,146.91000366210938,147.4499969482422,135.70506286621094,6014200
2024-09-25,146.9499969482422,147.41000366210938,143.5,143.97000122070312,132.50225830078125,7888400
2024-09-26,140.89999389648438,143.22000122070312,140.6300048828125,141.99000549316406,130.6799774169922,8046200
2024-09-27,142.97999572753906,145.77000427246094,142.83999633789062,145.49000549316406,133.90118408203125,8049200
2024-09-30,145.3699951171875,147.47999572753906,144.27999877929688,147.27000427246094,135.53941345214844,7491700
2024-10-01,146.35000610351562,150.52000427246094,145.4499969482422,149.6999969482422,137.77584838867188,9489100
2024-10-02,151.67999267578125,152.27999877929688,149.25999450683594,150.9499969482422,138.92625427246094,8105400
2024-10-03,151.30999755859375,152.1699981689453,150.02000427246094,151.25,139.20237731933594,6553300
2024-10-04,152.47999572753906,152.5,150.13999938964844,150.74000549316406,138.73300170898438,7892400
2024-10-07,151.5,152.75,150.69000244140625,151.1199951171875,139.0827178955078,5895900
2024-10-08,149.1999969482422,149.60000610351562,147.72999572753906,148.75,136.9014892578125,5892700
2024-10-09,147.50999450683594,150.3699951171875,147.36000061035156,149.64999389648438,137.7298126220703,4973500
2024-10-10,150.67999267578125,151.5500030517578,149.85000610351562,150.6199951171875,138.62254333496094,4420900
2024-10-11,150.3800048828125,152.3300018310547,150.25,151.4199981689453,139.35882568359375,5051300
2024-10-14,150.52000427246094,151.89999389648438,150.17999267578125,151.77999877929688,139.69017028808594,4214700
2024-10-15,148.8000030517578,149.9600067138672,147.55999755859375,147.72999572753906,135.96275329589844,6704600
2024-10-16,148.35000610351562,149.02999877929688,148.2100067138672,148.72999572753906,136.88307189941406,4303700
2024-10-17,149.25999450683594,151.3300018310547,148.97000122070312,151.1999969482422,139.1563262939453,6593100
2024-10-18,150.82000732421875,151.0800018310547,149.3800048828125,150.75,138.74220275878906,5208200
2024-10-21,152.0,152.47999572753906,150.49000549316406,150.8800048828125,138.8618621826172,5074000
2024-10-22,151.25,151.67999267578125,150.22000122070312,150.9199981689453,138.89865112304688,4416400
2024-10-23,150.36000061035156,151.0,149.2899932861328,150.47999572753906,138.4936981201172,5248600
2024-10-24,151.1300048828125,151.4499969482422,149.3800048828125,150.4499969482422,138.46609497070312,5474300
2024-10-25,151.38999938964844,152.1199951171875,150.4600067138672,150.80999755859375,138.79742431640625,6839900
2024-10-28,148.25,150.6999969482422,148.16000366210938,150.5399932861328,138.5489044189453,8892000
2024-10-29,150.0399932861328,150.4199981689453,147.8699951171875,148.52000427246094,136.68983459472656,6014700
2024-10-30,149.0800018310547,149.64999389648438,147.66000366210938,148.0500030517578,136.25726318359375,5784000
2024-10-31,148.75999450683594,149.57000732421875,147.88999938964844,148.82000732421875,136.96592712402344,8400900
2024-11-01,152.47999572753906,155.92999267578125,151.6999969482422,153.07000732421875,140.87742614746094,11728000
2024-11-04,154.4199981689453,154.4199981689453,152.6199951171875,153.97000122070312,141.7057342529297,6130000
2024-11-05,154.52999877929688,154.6699981689453,152.5500030517578,153.41000366210938,141.1903076171875,5978900
2024-11-06,157.10000610351562,158.61000061035156,156.1199951171875,157.72000122070312,145.15701293945312,12118900
2024-11-07,157.94000244140625,158.00999450683594,156.39999389648438,156.77000427246094,144.28268432617188,8143200
2024-11-08,156.60000610351562,157.5800018310547,155.6699981689453,156.92999267578125,144.42996215820312,6041500
2024-11-11,157.13999938964844,157.94000244140625,155.89999389648438,156.5,144.03419494628906,7771700
2024-11-12,157.3000030517578,157.47000122070312,155.1199951171875,155.2899932861328,142.92056274414062,5681900
2024-11-13,156.07000732421875,159.02000427246094,154.52999877929688,158.72000122070312,146.07737731933594,8824000
2024-11-14,159.83999633789062,161.8300018310547,159.67999267578125,161.8000030517578,148.91200256347656,10111200
2024-11-15,161.52000427246094,162.3800048828125,160.75999450683594,161.4199981689453,148.56231689453125,9022800
2024-11-18,160.55999755859375,161.52000427246094,159.07000732421875,160.75999450683594,149.46412658691406,6075400
2024-11-19,159.97999572753906,160.42999267578125,158.75,159.60000610351562,148.38565063476562,4657400
2024-11-20,159.91000366210938,161.44000244140625,159.77999877929688,161.3300018310547,149.99407958984375,6391300
2024-11-21,162.02000427246094,162.64999389648438,161.2899932861328,161.6300048828125,150.27301025390625,7945200
2024-11-22,161.50999450683594,162.61000061035156,161.14999389648438,162.36000061035156,150.9517059326172,7005900
2024-11-25,162.14999389648438,163.1699981689453,159.8300018310547,160.36000061035156,149.09222412109375,10702400
2024-11-26,162.30999755859375,162.94000244140625,161.39999389648438,162.52999877929688,151.1097412109375,7369500
2024-11-27,162.75999450683594,164.67999267578125,161.61000061035156,162.11000061035156,150.71926879882812,7674500
2024-11-29,162.25,162.75,160.66000366210938,161.92999267578125,150.55191040039062,5077000
2024-12-02,162.2899932861328,162.9499969482422,160.11000061035156,162.2100067138672,150.81222534179688,6229600
2024-12-03,162.97999572753906,163.1999969482422,161.38999938964844,161.9199981689453,150.54261779785156,5900100
2024-12-04,161.8300018310547,161.83999633789062,157.86000061035156,158.32000732421875,147.19557189941406,7862700
2024-12-05,159.2899932861328,160.6699981689453,158.69000244140625,159.3300018310547,148.13461303710938,6358400
2024-12-06,158.75,158.8300018310547,155.1699981689453,155.24000549316406,144.33200073242188,9701700
2024-12-09,157.0,160.0800018310547,156.82000732421875,157.0800018310547,146.042724609375,9404500
2024-12-10,159.05999755859375,159.52000427246094,156.6999969482422,157.0,145.96832275390625,9126200
2024-12-11,156.86000061035156,157.1699981689453,155.8000030517578,156.2100067138672,145.2338409423828,13764700
2024-12-12,155.8699951171875,156.52999877929688,154.27000427246094,154.7100067138672,143.8392333984375,7621500
2024-12-13,154.8699951171875,154.9600067138672,153.07000732421875,153.8699951171875,143.0582733154297,5816200
2024-12-16,153.88999938964844,153.88999938964844,149.25,149.36000061035156,138.86517333984375,11961200
2024-12-17,148.0,148.64999389648438,146.91000366210938,148.11000061035156,137.70298767089844,11909300
2024-12-18,147.75999450683594,148.6699981689453,143.97999572753906,144.0800018310547,133.95614624023438,10174500
2024-12-19,144.57000732421875,144.75999450683594,140.9499969482422,141.14999389648438,131.23204040527344,16544300
2024-12-20,140.82000732421875,142.85000610351562,140.5500030517578,142.85000610351562,132.8125762939453,32209200
2024-12-23,142.47999572753906,143.35000610351562,141.5399932861328,142.97000122070312,132.9241485595703,8156500
2024-12-24,143.10000610351562,144.0399932861328,142.25999450683594,143.83999633789062,133.73301696777344,3556100
2024-12-26,143.6699981689453,144.30999755859375,142.89999389648438,143.97999572753906,133.86318969726562,4492600
2024-12-27,144.2899932861328,145.7100067138672,143.38999938964844,144.0,133.88177490234375,5296500
2024-12-30,143.7899932861328,143.97999572753906,142.35000610351562,143.07000732421875,133.0171356201172,6194800
2024-12-31,143.52000427246094,145.33999633789062,143.32000732421875,144.83999633789062,134.66275024414062,6137800
2025-01-02,145.47999572753906,148.07000732421875,145.47999572753906,146.7100067138672,136.40138244628906,7170300
2025-01-03,147.5399932861328,148.5,147.3000030517578,147.85000610351562,137.46127319335938,5809000
2025-01-06,148.39999389648438,150.3300018310547,146.8699951171875,147.25999450683594,136.9127197265625,5888700
2025-01-07,148.50999450683594,150.5,147.6300048828125,149.58999633789062,139.0789794921875,7736000
2025-01-08,148.0399932861328,151.17999267578125,148.02999877929688,150.3000030517578,139.73912048339844,7640900
2025-01-10,153.41000366210938,154.33999633789062,150.8699951171875,153.13999938964844,142.37954711914062,11074700
2025-01-13,154.10000610351562,157.35000610351562,154.0,155.35000610351562,144.43426513671875,11774100
2025-01-14,155.2100067138672,156.91000366210938,154.4600067138672,156.89999389648438,145.87538146972656,6830200
2025-01-15,156.8800048828125,158.69000244140625,156.3800048828125,158.3300018310547,147.2048797607422,7900000
2025-01-16,158.02999877929688,159.89999389648438,158.02999877929688,159.3800048828125,148.1811065673828,5578900
2025-01-17,159.1300048828125,161.77000427246094,158.8000030517578,161.47000122070312,150.12425231933594,9260400
2025-01-21,161.14999389648438,161.39999389648438,157.49000549316406,158.24000549316406,147.1212158203125,10131400
2025-01-22,157.67999267578125,158.44000244140625,156.27000427246094,156.41000366210938,145.41978454589844,7232200
2025-01-23,157.6300048828125,157.94000244140625,155.6199951171875,156.00999450683594,145.04788208007812,5979800
2025-01-24,156.4600067138672,157.47000122070312,155.27000427246094,155.64999389648438,144.7131805419922,8003800
2025-01-27,156.3300018310547,157.88999938964844,155.52000427246094,157.22999572753906,146.18215942382812,7141000
2025-01-28,157.7100067138672,158.9199981689453,155.17999267578125,156.2100067138672,145.2338409423828,6425400
2025-01-29,155.72000122070312,156.5800018310547,154.80999755859375,155.69000244140625,144.75038146972656,5630600
2025-01-30,156.55999755859375,157.4499969482422,155.52000427246094,156.32000732421875,145.33609008789062,6931900
2025-01-31,153.75999450683594,154.3699951171875,148.64999389648438,149.19000244140625,138.7070770263672,16726800
2025-02-03,149.0,150.86000061035156,147.8000030517578,149.33999633789062,138.84654235839844,7605000
2025-02-04,148.72000122070312,153.38999938964844,148.72000122070312,153.22000122070312,142.4539337158203,8458100
2025-02-05,152.99000549316406,153.8000030517578,152.2899932861328,152.99000549316406,142.24009704589844,6533700
2025-02-06,154.22000122070312,155.25999450683594,151.05999755859375,151.89999389648438,141.22666931152344,6420500
2025-02-07,152.47999572753906,153.80999755859375,151.9199981689453,152.6199951171875,141.89608764648438,4724900
2025-02-10,154.2899932861328,155.8000030517578,154.05999755859375,155.77000427246094,144.8247528076172,5653800
2025-02-11,156.35000610351562,158.7100067138672,156.1199951171875,157.44000244140625,146.37741088867188,6011800
2025-02-12,156.75,157.47000122070312,154.57000732421875,154.89999389648438,144.01588439941406,6693500
2025-02-13,154.77999877929688,156.4199981689453,153.32000732421875,155.8800048828125,144.9270477294922,7836400
2025-02-14,155.0800018310547,157.4499969482422,154.8800048828125,155.33999633789062,146.02688598632812,5828800
2025-02-18,155.33999633789062,157.30999755859375,154.77999877929688,156.16000366210938,146.7977294921875,5981500
2025-02-19,156.52000427246094,158.36000061035156,156.0,157.22999572753906,147.80355834960938,4945800
2025-02-20,157.5,158.9499969482422,157.07000732421875,158.7899932861328,149.27003479003906,6256200
2025-02-21,158.1300048828125,158.9499969482422,156.82000732421875,156.9199981689453,147.5121612548828,6689800
2025-02-24,157.08999633789062,158.3300018310547,156.75,157.88999938964844,148.4239959716797,5925000
2025-02-25,157.99000549316406,158.99000549316406,155.4600067138672,156.4199981689453,147.04212951660156,6810900
2025-02-26,156.6199951171875,156.69000244140625,154.39999389648438,155.13999938964844,145.8388671875,6005200
2025-02-27,155.69000244140625,158.2899932861328,154.80999755859375,156.6699981689453,147.2771453857422,7517200
2025-02-28,156.6999969482422,158.6699981689453,154.9199981689453,158.6199951171875,149.11024475097656,8828500
2025-03-03,159.4600067138672,160.08999633789062,151.75999450683594,153.08999633789062,143.9117889404297,9059800
2025-03-04,151.2100067138672,154.14999389648438,150.0500030517578,152.0,142.8871307373047,8826300
2025-03-05,150.14999389648438,151.3699951171875,147.74000549316406,150.80999755859375,141.7684783935547,9288300
2025-03-06,150.50999450683594,153.3300018310547,149.47000122070312,152.9499969482422,143.78016662597656,7314700
2025-03-07,153.9499969482422,157.4499969482422,153.7100067138672,156.33999633789062,146.96693420410156,8562600
2025-03-10,157.19000244140625,160.3699951171875,156.1699981689453,157.57000732421875,148.12318420410156,11750300
2025-03-11,158.42999267578125,158.83999633789062,153.7899932861328,154.0800018310547,144.84242248535156,10466300
2025-03-12,153.63999938964844,154.7899932861328,152.22000122070312,152.6699981689453,143.51698303222656,9710200
2025-03-13,152.25999450683594,154.42999267578125,151.9199981689453,153.61000061035156,144.4005889892578,9022800
2025-03-14,153.99000549316406,157.24000549316406,153.00999450683594,157.02000427246094,147.60617065429688,6671500
2025-03-17,157.22000122070312,159.4499969482422,156.75999450683594,158.72000122070312,149.2042236328125,7615200
2025-03-18,159.74000549316406,161.08999633789062,158.82000732421875,160.80999755859375,151.16893005371094,9289500
2025-03-19,160.97000122070312,164.5399932861328,160.89999389648438,164.0500030517578,154.21470642089844,11503900
2025-03-20,163.1300048828125,165.30999755859375,162.41000366210938,164.77000427246094,154.89151000976562,9545900
2025-03-21,164.49000549316406,164.88999938964844,163.11000061035156,164.75,154.8727264404297,21625500
2025-03-24,164.69000244140625,166.42999267578125,164.32000732421875,165.02000427246094,155.1265411376953,8068000
2025-03-25,166.0800018310547,167.82000732421875,165.11000061035156,165.94000244140625,155.9913787841797,7869200
2025-03-26,167.3699951171875,168.9600067138672,167.25,167.97000122070312,157.89968872070312,10076100
2025-03-27,167.25,168.22000122070312,165.85000610351562,166.64999389648438,156.65879821777344,6862700
2025-03-28,166.6999969482422,167.1300048828125,165.3000030517578,166.08999633789062,156.1324005126953,4923000
2025-03-31,166.19000244140625,168.9199981689453,166.1300048828125,167.2899932861328,157.2604217529297,10675300
2025-04-01,167.2899932861328,168.60000610351562,166.16000366210938,168.50999450683594,158.4073028564453,6378600
2025-04-02,167.39999389648438,167.97999572753906,165.85000610351562,166.47000122070312,156.4896240234375,7044900
2025-04-03,160.1199951171875,161.35000610351562,155.8000030517578,156.1199951171875,146.76010131835938,15501000
2025-04-04,151.75999450683594,152.4600067138672,142.75,143.27999877929688,134.68992614746094,20374700
2025-04-07,138.72999572753906,146.19000244140625,137.2899932861328,140.14999389648438,131.74755859375,17817000
2025-04-08,144.14999389648438,144.49000549316406,134.8699951171875,136.92999267578125,128.7206268310547,12904400
2025-04-09,135.02000427246094,147.47000122070312,133.8800048828125,146.02999877929688,137.27503967285156,16846800
2025-04-10,143.22000122070312,143.6300048828125,133.4499969482422,134.97999572753906,126.88751983642578,20991200
2025-04-11,135.00999450683594,137.1199951171875,132.0399932861328,135.6300048828125,127.49855041503906,17224400
2025-04-14,138.47999572753906,138.5399932861328,134.10000610351562,135.32000732421875,127.20714569091797,9628200
2025-04-15,134.32000732421875,136.6300048828125,134.25,134.5399932861328,126.47389221191406,9334800
2025-04-16,135.39999389648438,137.5500030517578,134.8000030517578,135.36000061035156,127.24473571777344,8637200
2025-04-17,136.69000244140625,140.24000549316406,136.4499969482422,137.8699951171875,129.60427856445312,8434400
2025-04-21,136.02000427246094,136.2899932861328,132.3300018310547,133.72999572753906,125.71247863769531,9967500
2025-04-22,135.25999450683594,138.24000549316406,134.94000244140625,137.3000030517578,129.0684356689453,7984700
2025-04-23,137.2100067138672,138.5500030517578,135.14999389648438,136.67999267578125,128.48562622070312,10002000
2025-04-24,137.9199981689453,139.39999389648438,137.22000122070312,139.07000732421875,130.73231506347656,7745800
2025-04-25,138.3300018310547,139.0500030517578,137.25,138.72999572753906,130.41270446777344,6878500
2025-04-28,138.97000122070312,140.4600067138672,138.67999267578125,140.10000610351562,131.7005615234375,6715500
2025-04-29,138.69000244140625,140.00999450683594,138.57000732421875,139.3000030517578,130.9485321044922,7343800
2025-04-30,138.0,138.14999389648438,134.13999938964844,136.05999755859375,127.90277862548828,13858000
2025-05-01,135.4199981689453,137.9499969482422,135.1199951171875,136.25999450683594,128.0907745361328,10199800
2025-05-02,137.8800048828125,139.77999877929688,135.2899932861328,138.5,130.19650268554688,12393200
2025-05-05,136.77000427246094,137.0,135.17999267578125,135.5,127.37635040283203,9665000
2025-05-06,136.35000610351562,137.30999755859375,135.0399932861328,135.60000610351562,127.47036743164062,9916200
2025-05-07,136.07000732421875,136.3000030517578,134.6199951171875,135.7899932861328,127.64897155761719,8422100
2025-05-08,136.69000244140625,138.88999938964844,136.47000122070312,137.0399932861328,128.8240203857422,8669300
2025-05-09,138.89999389648438,139.3699951171875,137.6999969482422,138.49000549316406,130.18710327148438,5965700
2025-05-12,142.4499969482422,143.7100067138672,140.57000732421875,141.6199951171875,133.1294403076172,8028200
2025-05-13,141.52999877929688,143.22999572753906,140.9199981689453,142.35000610351562,133.815673828125,8536800
2025-05-14,141.75999450683594,142.22999572753906,140.72999572753906,141.6699981689453,133.1764373779297,6453600
2025-05-15,140.0,142.4600067138672,139.50999450683594,142.25999450683594,133.73106384277344,7545400
2025-05-16,142.6999969482422,143.0,140.6999969482422,142.10000610351562,133.58067321777344,8200100
2025-05-19,139.47000122070312,139.52000427246094,137.1199951171875,138.49000549316406,131.77284240722656,7713600
2025-05-20,138.2899932861328,138.75,137.02999877929688,137.27000427246094,130.61199951171875,6503900
2025-05-21,136.6199951171875,137.1300048828125,135.49000549316406,135.55999755859375,128.98492431640625,9073200
2025-05-22,134.99000549316406,135.99000549316406,133.77000427246094,135.2899932861328,128.72801208496094,8877600
2025-05-23,134.38999938964844,136.7899932861328,134.05999755859375,136.5399932861328,129.9174041748047,7025900
2025-05-27,137.3800048828125,137.97000122070312,136.41000366210938,137.8300018310547,131.14483642578125,8348900
2025-05-28,138.77999877929688,138.7899932861328,135.66000366210938,136.02000427246094,129.42262268066406,6876300
2025-05-29,136.5,137.94000244140625,136.10000610351562,137.91000366210938,131.22096252441406,7554300
2025-05-30,136.8800048828125,137.4499969482422,135.2100067138672,136.6999969482422,130.0696258544922,12858900
2025-06-02,138.49000549316406,138.69000244140625,136.42999267578125,137.83999633789062,131.1543426513672,9076600
2025-06-03,137.64999389648438,140.58999633789062,136.60000610351562,139.5500030517578,132.7814178466797,9001300
2025-06-04,139.4199981689453,140.6300048828125,137.3300018310547,137.3699951171875,130.7071533203125,8735600
2025-06-05,138.14999389648438,138.2899932861328,136.6999969482422,136.89999389648438,130.2599334716797,6342600
2025-06-06,138.08999633789062,140.61000061035156,138.08999633789062,140.2100067138672,133.40940856933594,6563500
2025-06-09,140.5500030517578,142.13999938964844,139.69000244140625,140.75999450683594,133.93270874023438,7159500
2025-06-10,142.22000122070312,144.94000244140625,141.91000366210938,143.35000610351562,136.3970947265625,9841500
2025-06-11,144.19000244140625,145.1199951171875,142.61000061035156,144.77999877929688,137.75772094726562,9256700
2025-06-12,144.5,145.1999969482422,143.42999267578125,144.97000122070312,137.9385223388672,6999400
2025-06-13,147.0800018310547,147.60000610351562,144.5399932861328,145.91000366210938,138.83291625976562,14148000
2025-06-16,145.72999572753906,146.8699951171875,143.74000549316406,146.02999877929688,138.94711303710938,10105100
2025-06-17,147.3300018310547,149.97999572753906,146.5,148.85000610351562,141.63035583496094,11330300
2025-06-18,149.44000244140625,150.1699981689453,147.6999969482422,148.19000244140625,141.00233459472656,9841900
2025-06-20,148.52000427246094,149.89999389648438,147.89999389648438,149.5500030517578,142.29637145996094,23705900
2025-06-23,152.1199951171875,152.14999389648438,146.32000732421875,146.86000061035156,139.7368621826172,10540600
2025-06-24,144.5399932861328,146.38999938964844,143.16000366210938,143.5500030517578,136.58738708496094,10778400
2025-06-25,143.41000366210938,144.1999969482422,142.50999450683594,143.22999572753906,136.2829132080078,7386100
2025-06-26,143.6999969482422,145.0800018310547,143.39999389648438,144.44000244140625,137.43423461914062,7415700
2025-06-27,144.5500030517578,144.6699981689453,142.57000732421875,143.7899932861328,136.81576538085938,9213500
2025-06-30,143.0399932861328,144.10000610351562,142.39999389648438,143.19000244140625,136.24485778808594,6980300
2025-07-01,143.33999633789062,146.27000427246094,142.50999450683594,145.57000732421875,138.50942993164062,8508200
2025-07-02,147.00999450683594,148.00999450683594,145.47000122070312,147.97999572753906,140.8025360107422,8228700
2025-07-03,147.83999633789062,148.97999572753906,147.36000061035156,148.3699951171875,141.17359924316406,5173300
2025-07-07,147.39999389648438,148.1699981689453,145.5800018310547,147.39999389648438,140.2506561279297,9460900
2025-07-08,147.32000732421875,153.24000549316406,147.25999450683594,153.24000549316406,145.80738830566406,14082100
2025-07-09,152.94000244140625,153.9600067138672,152.47999572753906,153.02000427246094,145.5980682373047,9495900
2025-07-10,152.7899932861328,155.27999877929688,151.67999267578125,154.1699981689453,146.69229125976562,8395100
2025-07-11,154.2899932861328,155.88999938964844,153.57000732421875,155.30999755859375,147.77699279785156,8333200
2025-07-14,154.89999389648438,154.89999389648438,151.13999938964844,151.64999389648438,144.29452514648438,10706300
2025-07-15,151.60000610351562,152.30999755859375,150.25,150.69000244140625,143.38107299804688,7346300
2025-07-16,150.75999450683594,151.47999572753906,149.22000122070312,149.9199981689453,142.64842224121094,7923400
2025-07-17,149.16000366210938,151.83999633789062,148.60000610351562,151.3800048828125,144.03761291503906,8359600
2025-07-18,155.02000427246094,155.91000366210938,146.52999877929688,150.0399932861328,142.76260375976562,45782600
2025-07-21,151.1999969482422,151.6699981689453,149.1300048828125,149.67999267578125,142.42005920410156,17982200
2025-07-22,149.25999450683594,150.94000244140625,148.47999572753906,150.0399932861328,142.76260375976562,26196500
2025-07-23,150.91000366210938,153.13999938964844,150.47000122070312,153.1199951171875,145.69320678710938,13162800
2025-07-24,152.69000244140625,156.0,152.1999969482422,155.8300018310547,148.27178955078125,15701000
2025-07-25,155.8300018310547,156.1999969482422,153.9600067138672,154.83999633789062,147.32977294921875,7875500
2025-07-28,155.39999389648438,156.5500030517578,154.9499969482422,156.27999877929688,148.69993591308594,8755400
2025-07-29,156.67999267578125,157.2100067138672,155.4499969482422,157.02999877929688,149.41355895996094,6446000
2025-07-30,156.13999938964844,156.30999755859375,152.6999969482422,153.55999755859375,146.1118621826172,9191700
2025-07-31,152.0,153.92999267578125,151.13999938964844,151.63999938964844,144.28500366210938,10237100
2025-08-01,152.5399932861328,154.64999389648438,150.35000610351562,151.39999389648438,144.05662536621094,10706500
2025-08-04,151.25,152.0800018310547,149.82000732421875,151.0399932861328,143.71409606933594,10116600
2025-08-05,151.02999877929688,153.10000610351562,149.89999389648438,153.0399932861328,145.6171112060547,8604100
2025-08-06,154.47999572753906,155.16000366210938,152.22000122070312,152.77999877929688,145.3697052001953,7840900
2025-08-07,153.7899932861328,155.14999389648438,152.8300018310547,153.16000366210938,145.7312774658203,6510400
2025-08-08,153.99000549316406,155.75,153.5,155.00999450683594,147.49154663085938,6332800
2025-08-11,155.33999633789062,155.92999267578125,152.99000549316406,153.4499969482422,146.0072021484375,6169700
2025-08-12,154.08999633789062,156.0500030517578,153.36000061035156,154.44000244140625,146.94921875,6641600
2025-08-13,154.57000732421875,156.00999450683594,154.1999969482422,155.8699951171875,148.30984497070312,6581900
2025-08-14,155.6999969482422,155.6999969482422,154.10000610351562,155.16000366210938,147.63427734375,7337300
2025-08-15,155.47999572753906,158.5399932861328,155.2899932861328,156.5500030517578,148.95684814453125,11617000
2025-08-18,156.1300048828125,156.49000549316406,154.75,155.32000732421875,147.78652954101562,8174300
2025-08-19,153.4600067138672,153.94000244140625,151.85000610351562,152.0,146.23753356933594,8567500
2025-08-20,152.4199981689453,153.49000549316406,151.92999267578125,153.22000122070312,147.41128540039062,8076300
2025-08-21,152.82000732421875,155.6699981689453,152.72999572753906,155.5500030517578,149.65296936035156,7533600
2025-08-22,155.32000732421875,158.7899932861328,155.32000732421875,158.17999267578125,152.1832733154297,9084300
2025-08-25,157.89999389648438,158.32000732421875,157.1699981689453,158.1999969482422,152.20249938964844,7030000
2025-08-26,157.50999450683594,160.0,156.5500030517578,157.36000061035156,151.39434814453125,10270000
2025-08-27,157.39999389648438,159.99000549316406,157.2100067138672,159.24000549316406,153.2030792236328,7483000
2025-08-28,159.00999450683594,159.52000427246094,157.85000610351562,159.32000732421875,153.28004455566406,6502000
2025-08-29,159.6999969482422,161.10000610351562,159.4499969482422,160.60000610351562,154.51150512695312,6934800
2025-09-02,160.47999572753906,161.86000061035156,159.3800048828125,161.8300018310547,155.69488525390625,8947300
2025-09-03,160.0,161.85000610351562,157.02000427246094,158.05999755859375,152.0677947998047,9556100
2025-09-04,158.05999755859375,159.64999389648438,157.5,157.69000244140625,151.7118377685547,7243000
2025-09-05,156.05999755859375,156.72000122070312,153.49000549316406,153.66000366210938,147.83460998535156,11011700
2025-09-08,153.91000366210938,155.02999877929688,152.8800048828125,154.0,148.16171264648438,9462000
2025-09-09,154.91000366210938,156.99000549316406,154.60000610351562,154.85000610351562,148.97950744628906,7769200
2025-09-10,155.0500030517578,157.9199981689453,155.0,157.7899932861328,151.8080291748047,7440800
2025-09-11,156.5,158.9199981689453,156.00999450683594,158.25,152.25059509277344,6417400
2025-09-12,158.85000610351562,159.77999877929688,157.10000610351562,157.11000061035156,151.15382385253906,5546300
2025-09-15,157.3800048828125,158.32000732421875,156.5,157.30999755859375,151.3462371826172,5030500
2025-09-16,158.25,160.10000610351562,158.1199951171875,159.5399932861328,153.49169921875,8011000
2025-09-17,159.1999969482422,160.6699981689453,158.61000061035156,160.08999633789062,154.02085876464844,5736800
2025-09-18,160.02999877929688,160.2899932861328,158.08999633789062,158.83999633789062,152.8182373046875,6244200
2025-09-19,159.0,159.0,155.5500030517578,156.2100067138672,150.28794860839844,16734000
2025-09-22,155.6199951171875,157.1199951171875,155.14999389648438,156.0500030517578,150.13401794433594,5244000
2025-09-23,157.1199951171875,159.8300018310547,156.99000549316406,157.4199981689453,151.45205688476562,7181400
2025-09-24,158.32000732421875,160.49000549316406,158.25,159.17999267578125,153.1453399658203,6285200
2025-09-25,159.44000244140625,161.00999450683594,159.35000610351562,160.72000122070312,154.626953125,6311000
2025-09-26,160.57000732421875,161.3000030517578,159.50999450683594,160.16000366210938,154.08819580078125,7015200
2025-09-29,159.1300048828125,159.1300048828125,155.55999755859375,156.10000610351562,150.18211364746094,8315100
2025-09-30,154.88999938964844,155.72999572753906,153.92999267578125,155.2899932861328,149.40281677246094,7755700
2025-10-01,154.8300018310547,155.08999633789062,153.19000244140625,154.5800018310547,148.71974182128906,6768400
2025-10-02,153.9600067138672,156.60000610351562,153.32000732421875,153.3699951171875,147.55560302734375,7562400
2025-10-03,153.5800018310547,154.27999877929688,152.22999572753906,153.5500030517578,147.72879028320312,7249300
2025-10-06,153.97000122070312,154.64999389648438,152.9199981689453,154.02000427246094,148.18096923828125,4778900
2025-10-07,153.64999389648438,154.9600067138672,151.27999877929688,154.91000366210938,149.0372314453125,5479600
2025-10-08,154.36000061035156,154.67999267578125,152.83999633789062,153.74000549316406,147.91159057617188,5678000
2025-10-09,154.1300048828125,154.97000122070312,151.55999755859375,151.63999938964844,145.8911895751953,6178600
2025-10-10,150.6999969482422,151.35000610351562,148.88999938964844,148.89999389648438,143.2550506591797,7796600
2025-10-13,150.0,151.97999572753906,149.42999267578125,151.94000244140625,146.17982482910156,5978800
2025-10-14,149.80999755859375,153.4600067138672,149.66000366210938,152.38999938964844,146.61276245117188,6419400
2025-10-15,152.89999389648438,154.2100067138672,151.0399932861328,152.11000061035156,146.34336853027344,5824900
2025-10-16,152.13999938964844,152.72999572753906,150.22999572753906,151.7100067138672,145.9585418701172,5276800
2025-10-17,152.25999450683594,154.19000244140625,152.1999969482422,153.0800018310547,147.276611328125,7735500
2025-10-20,153.42999267578125,154.72000122070312,153.17999267578125,154.47999572753906,148.62351989746094,5676500
2025-10-21,154.74000549316406,155.2899932861328,153.2100067138672,153.7899932861328,147.95968627929688,6304900
2025-10-22,154.64999389648438,155.97999572753906,153.61000061035156,155.57000732421875,149.67222595214844,6036700
2025-10-23,158.1999969482422,158.58999633789062,156.1199951171875,156.55999755859375,150.62466430664062,9810900
2025-10-24,157.4199981689453,157.6300048828125,155.42999267578125,155.55999755859375,149.66258239746094,4979900
2025-10-27,155.8000030517578,156.5,154.8699951171875,155.27999877929688,149.39320373535156,4884400
2025-10-28,154.89999389648438,156.22999572753906,153.88999938964844,154.1300048828125,148.28680419921875,5066500
2025-10-29,153.86000061035156,156.14999389648438,153.86000061035156,155.10000610351562,149.22003173828125,7344400
2025-10-30,155.22999572753906,155.22999572753906,153.24000549316406,153.52000427246094,147.69992065429688,8971200
2025-10-31,155.72999572753906,159.17999267578125,155.11000061035156,157.72000122070312,151.74070739746094,11136100
2025-11-03,157.41000366210938,157.72000122070312,153.57000732421875,154.0399932861328,148.2001953125,8512200
2025-11-04,153.42999267578125,153.75999450683594,152.14999389648438,153.38999938964844,147.57485961914062,6976800
2025-11-05,153.52999877929688,154.39999389648438,152.66000366210938,152.66000366210938,146.87252807617188,5894700
2025-11-06,152.91000366210938,154.7899932861328,152.67999267578125,152.94000244140625,147.14190673828125,6466300
2025-11-07,153.42999267578125,156.1699981689453,153.42999267578125,155.02000427246094,149.14306640625,9835900
2025-11-10,155.4199981689453,155.97999572753906,152.3699951171875,155.64999389648438,149.74916076660156,8436800
2025-11-11,156.75,157.99000549316406,155.89999389648438,156.24000549316406,150.31680297851562,6361400
2025-11-12,155.5800018310547,155.7899932861328,152.0800018310547,153.32000732421875,147.50750732421875,11670900
2025-11-13,154.0,156.1999969482422,153.92999267578125,155.5800018310547,149.68182373046875,7998700
2025-11-14,156.22999572753906,157.9499969482422,154.80999755859375,157.6199951171875,151.6444854736328,8484800
2025-11-17,157.72000122070312,157.88999938964844,154.44000244140625,154.82000732421875,148.95065307617188,8745000
2025-11-18,152.5,154.27999877929688,151.75999450683594,153.6199951171875,149.44679260253906,10813400
2025-11-19,151.16000366210938,151.9600067138672,150.25,151.6999969482422,147.57894897460938,7539900
2025-11-20,152.5399932861328,153.0399932861328,150.0500030517578,150.30999755859375,146.2266845703125,7623400
2025-11-21,150.44000244140625,151.00999450683594,148.75,149.97999572753906,145.90567016601562,9248400
2025-11-24,149.82000732421875,150.1199951171875,147.74000549316406,149.75,145.68191528320312,14181100
2025-11-25,148.89999389648438,149.89999389648438,148.27000427246094,148.52999877929688,144.49505615234375,11447900
2025-11-26,148.25999450683594,150.4600067138672,148.1999969482422,149.50999450683594,145.4484405517578,7578900
2025-11-28,149.4600067138672,151.52000427246094,149.25999450683594,151.1300048828125,147.02442932128906,3848600
2025-12-01,151.75,153.9499969482422,151.5,152.5399932861328,148.3961181640625,8209000
2025-12-02,152.02000427246094,152.4600067138672,149.25999450683594,150.25,146.1683349609375,9196300
2025-12-03,151.0399932861328,152.5,150.97999572753906,151.58999633789062,147.471923828125,8060200
2025-12-04,151.75,152.94000244140625,151.22000122070312,152.25999450683594,148.12371826171875,7254700
2025-12-05,152.0,152.6300048828125,149.8300018310547,150.0,145.9251251220703,12659800
2025-12-08,149.25,150.07000732421875,147.66000366210938,148.7100067138672,144.67018127441406,10237200
2025-12-09,149.0500030517578,150.10000610351562,148.22000122070312,148.49000549316406,144.45616149902344,8916700
2025-12-10,149.17999267578125,151.8000030517578,148.6999969482422,151.41000366210938,147.29681396484375,10976300
2025-12-11,150.8300018310547,151.94000244140625,150.10000610351562,150.72000122070312,146.6255645751953,8414200
2025-12-12,151.14999389648438,151.5500030517578,149.6300048828125,149.99000549316406,145.9154052734375,5848100
2025-12-15,149.83999633789062,150.10000610351562,148.42999267578125,149.8000030517578,145.73056030273438,7503000
2025-12-16,148.5399932861328,148.82000732421875,146.49000549316406,146.75,142.76339721679688,11290500
2025-12-17,147.5,149.8699951171875,147.35000610351562,149.52000427246094,145.4581756591797,8805300
2025-12-18,148.85000610351562,149.27000427246094,147.0800018310547,147.69000244140625,143.67788696289062,6998800
2025-12-19,147.9600067138672,149.00999450683594,147.19000244140625,147.75,143.73623657226562,21701400
2025-12-22,148.80999755859375,150.49000549316406,148.6999969482422,149.8000030517578,145.73056030273438,8143600
2025-12-23,150.0399932861328,151.0800018310547,149.85000610351562,150.50999450683594,146.4212646484375,4663700
2025-12-24,150.3800048828125,150.99000549316406,150.10000610351562,150.5,146.41156005859375,2227600
2025-12-26,150.3800048828125,151.13999938964844,149.64999389648438,150.02000427246094,145.944580078125,3706900
2025-12-29,151.0,151.63999938964844,150.08999633789062,150.99000549316406,146.8882293701172,5589100
2025-12-30,151.5,152.6699981689453,151.47000122070312,152.30999755859375,148.17236328125,5150500
2025-12-31,152.38999938964844,152.5500030517578,151.6699981689453,152.41000366210938,148.2696533203125,4953100
2026-01-02,152.1699981689453,155.89999389648438,151.25,155.89999389648438,151.6648406982422,6862100
2026-01-05,165.75,165.75,159.30999755859375,163.85000610351562,159.39889526367188,35094900
2026-01-06,164.8800048828125,165.0500030517578,156.11000061035156,156.5399932861328,152.28746032714844,20564900
2026-01-07,157.44000244140625,158.00999450683594,154.89999389648438,155.1999969482422,150.98387145996094,13537900
2026-01-08,155.5,160.44000244140625,155.2100067138672,159.25,154.923828125,12929600
2026-01-09,160.55999755859375,162.6999969482422,159.94000244140625,162.11000061035156,157.70616149902344,12549600
2026-01-12,162.6999969482422,163.55999755859375,160.7100067138672,162.33999633789062,157.9298858642578,9796800
2026-01-13,163.47000122070312,166.1300048828125,163.3000030517578,163.8699951171875,159.4183349609375,12068600
2026-01-14,164.10000610351562,169.3699951171875,164.10000610351562,167.24000549316406,162.69679260253906,16414900
2026-01-15,165.77000427246094,167.3300018310547,165.10000610351562,166.16000366210938,161.6461181640625,8097400
2026-01-16,166.58999633789062,167.2899932861328,165.80999755859375,166.25999450683594,161.743408203125,9745800
2026-01-20,166.7100067138672,167.64999389648438,165.14999389648438,165.3000030517578,160.8094940185547,11142500
2026-01-21,167.0,168.47999572753906,166.05999755859375,166.72999572753906,162.20062255859375,10918500
2026-01-22,166.25999450683594,167.55999755859375,165.72999572753906,166.66000366210938,162.13255310058594,8957400
2026-01-23,167.9499969482422,168.44000244140625,166.44000244140625,166.72000122070312,162.19091796875,8368700
2026-01-26,168.3300018310547,168.41000366210938,166.77000427246094,167.5,162.94972229003906,8912600
2026-01-27,167.77000427246094,169.35000610351562,166.64999389648438,169.0500030517578,164.45761108398438,9784900
2026-01-28,169.9600067138672,170.4199981689453,168.1999969482422,169.92999267578125,165.31370544433594,9200200
2026-01-29,172.64999389648438,174.9199981689453,171.0399932861328,171.19000244140625,166.53948974609375,16786600
2026-01-30,172.6199951171875,177.3000030517578,171.27000427246094,176.89999389648438,172.09437561035156,22946600
2026-02-02,173.44000244140625,176.27000427246094,172.64999389648438,174.02999877929688,169.3023223876953,14235300
2026-02-03,173.8800048828125,178.82000732421875,173.75,178.0399932861328,173.20338439941406,18425400
2026-02-04,178.8800048828125,182.58999633789062,178.8800048828125,181.22999572753906,176.3067169189453,16170500
2026-02-05,179.63999938964844,180.4600067138672,177.41000366210938,179.22999572753906,174.36105346679688,10474100
2026-02-06,180.3000030517578,182.10000610351562,179.50999450683594,180.86000061035156,175.94677734375,9901800
2026-02-09,181.00999450683594,182.82000732421875,179.9499969482422,182.60000610351562,177.6395263671875,12021300
2026-02-10,182.72999572753906,182.9499969482422,180.86000061035156,182.25999450683594,177.30874633789062,7458200
2026-02-11,183.94000244140625,186.52000427246094,183.5500030517578,185.82000732421875,180.77203369140625,10502100
2026-02-12,185.8000030517578,185.8000030517578,182.08999633789062,182.39999389648438,177.4449462890625,9673700
2026-02-13,182.5399932861328,184.83999633789062,181.72000122070312,183.74000549316406,178.74856567382812,9034700
2026-02-17,183.3000030517578,183.8000030517578,178.74000549316406,180.5500030517578,177.36343383789062,9849000
2026-02-18,183.22999572753906,183.9199981689453,181.97999572753906,183.8699951171875,180.62484741210938,10313400
2026-02-19,185.2899932861328,187.89999389648438,184.74000549316406,184.77999877929688,181.51876831054688,10773300
2026-02-20,184.58999633789062,184.88999938964844,182.32000732421875,183.92999267578125,180.68377685546875,9566200
2026-02-23,184.6699981689453,186.6300048828125,184.0500030517578,184.91000366210938,181.646484375,7047200
2026-02-24,185.2899932861328,185.9600067138672,183.85000610351562,185.33999633789062,182.0688934326172,7451800
2026-02-25,185.83999633789062,185.97999572753906,182.50999450683594,184.22000122070312,180.96865844726562,9440700
2026-02-26,182.89999389648438,186.25999450683594,181.75999450683594,184.16000366210938,180.90972900390625,7133800
2026-02-27,186.0,187.5500030517578,183.77000427246094,186.75999450683594,183.46383666992188,12035500
2026-03-02,190.3300018310547,191.44000244140625,187.22000122070312,189.60000610351562,186.2537078857422,15809100
2026-03-03,190.52000427246094,191.55999755859375,187.4199981689453,188.77000427246094,185.43836975097656,14004200
2026-03-04,187.4499969482422,188.4600067138672,184.14999389648438,186.02999877929688,182.74671936035156,11054400
2026-03-05,186.60000610351562,189.97000122070312,186.49000549316406,189.89999389648438,186.5484161376953,13567200
2026-03-06,190.8800048828125,192.41000366210938,188.1199951171875,189.94000244140625,186.58770751953125,13073100
2026-03-09,191.0,191.64999389648438,188.11000061035156,189.44000244140625,186.09652709960938,15987500
2026-03-10,188.6300048828125,189.17999267578125,185.63999938964844,186.2899932861328,183.0021209716797,11999600
2026-03-11,186.58999633789062,191.86000061035156,186.49000549316406,191.7899932861328,188.40505981445312,11371700
2026-03-12,192.5800018310547,198.8800048828125,191.77000427246094,196.97000122070312,193.49363708496094,27151800
2026-03-13,196.0,197.6300048828125,194.69000244140625,196.82000732421875,193.34629821777344,13017000
2026-03-16,196.60000610351562,197.83999633789062,195.5800018310547,196.83999633789062,193.3659210205078,12683900
2026-03-17,197.49000549316406,200.5800018310547,196.4600067138672,197.97000122070312,194.4759979248047,14018600
2026-03-18,199.22000122070312,200.72999572753906,198.50999450683594,198.61000061035156,195.1046905517578,13305000
2026-03-19,199.7899932861328,202.44000244140625,199.0,201.44000244140625,197.88475036621094,16918400
2026-03-20,201.39999389648438,205.0800018310547,201.0,201.72999572753906,198.16961669921875,35849500
2026-03-23,198.6300048828125,205.36000061035156,197.3699951171875,205.2100067138672,201.5882110595703,15735700
2026-03-24,206.0500030517578,209.7899932861328,205.80999755859375,206.7899932861328,203.14031982421875,16695500
2026-03-25,206.0,207.24000549316406,204.6199951171875,205.14999389648438,201.5292510986328,8865000
2026-03-26,206.02999877929688,209.2100067138672,205.16000366210938,207.7899932861328,204.12266540527344,11085600
2026-03-27,208.14999389648438,212.4600067138672,206.25,211.14999389648438,207.42335510253906,13907800
2026-03-30,213.25999450683594,214.7100067138672,210.2899932861328,210.7100067138672,206.99114990234375,10409000
2026-03-31,210.89999389648438,213.10000610351562,201.9600067138672,206.89999389648438,203.2483673095703,17403900
2026-04-01,201.99000549316406,204.77999877929688,194.91000366210938,197.41000366210938,193.92587280273438,23051900
2026-04-02,202.50999450683594,205.47999572753906,198.0399932861328,198.97000122070312,195.45834350585938,11528000
2026-04-06,198.5,199.77000427246094,196.35000610351562,198.86000061035156,195.35028076171875,8245700
2026-04-07,199.97000122070312,204.6199951171875,199.24000549316406,201.5399932861328,197.98297119140625,11672600
2026-04-08,191.41000366210938,193.1699981689453,188.60000610351562,192.88999938964844,189.4856414794922,17195400
2026-04-09,194.30999755859375,196.6699981689453,189.27000427246094,190.36000061035156,187.0002899169922,11634000
2026-04-10,189.7100067138672,190.9600067138672,186.47000122070312,188.5500030517578,185.2222442626953,11151400
2026-04-13,191.4499969482422,192.61000061035156,189.72000122070312,191.77999877929688,188.39523315429688,12000200
2026-04-14,188.60000610351562,189.1699981689453,184.60000610351562,187.02000427246094,183.71925354003906,12111000
2026-04-15,186.36000061035156,187.24000549316406,184.0399932861328,184.91000366210938,181.646484375,8661600
2026-04-16,185.6199951171875,188.22999572753906,185.33999633789062,188.14999389648438,184.8292999267578,8013200
2026-04-17,181.88999938964844,184.3000030517578,177.74000549316406,183.99000549316406,180.7427215576172,15720600
2026-04-20,184.5,186.27000427246094,182.8300018310547,183.25,180.01577758789062,9661100
2026-04-21,183.97000122070312,186.3699951171875,182.33999633789062,185.97999572753906,182.69760131835938,9799000
2026-04-22,187.27000427246094,189.4199981689453,186.1199951171875,186.32000732421875,183.03160095214844,8708300
2026-04-23,187.1199951171875,188.4199981689453,185.5,187.60000610351562,184.2890167236328,6684700
2026-04-24,185.22999572753906,186.4199981689453,183.1999969482422,185.2100067138672,181.94119262695312,9626700
2026-04-27,186.19000244140625,188.3699951171875,183.6699981689453,184.77999877929688,181.51876831054688,10836600
2026-04-28,188.27999877929688,189.9600067138672,186.5500030517578,188.36000061035156,185.0355987548828,10754900
2026-04-29,190.1300048828125,192.6199951171875,189.5,192.22000122070312,188.8274688720703,8644600
2026-04-30,190.25,194.1300048828125,188.5,193.30999755859375,189.8982391357422,11748600
2026-05-01,191.3000030517578,194.08999633789062,189.75,190.6300048828125,187.2655487060547,10435900
2026-05-04,190.85000610351562,193.7100067138672,187.97000122070312,192.27999877929688,188.8863983154297,8229500
2026-05-05,191.22000122070312,193.6699981689453,190.4499969482422,192.63999938964844,189.24005126953125,5642800
2026-05-06,185.58999633789062,186.77999877929688,183.13999938964844,185.16000366210938,181.89207458496094,11082900
2026-05-07,181.5800018310547,183.44000244140625,179.52999877929688,182.5,179.2790069580078,12194000
2026-05-08,182.0399932861328,182.72999572753906,180.74000549316406,181.6199951171875,178.41455078125,13053000
2026-05-11,183.0,185.1999969482422,183.0,184.74000549316406,181.4794921875,12042100
2026-05-12,186.5,186.88999938964844,184.66000366210938,185.9499969482422,182.66812133789062,8995100
2026-05-13,185.80999755859375,186.00999450683594,183.9600067138672,186.0,182.71725463867188,7554700
2026-05-14,186.19000244140625,187.57000732421875,185.25,186.63999938964844,183.345947265625,6222400
2026-05-15,188.60000610351562,191.5,187.89999389648438,191.10000610351562,187.72723388671875,11210800
2026-05-18,191.1699981689453,196.1999969482422,189.02999877929688,196.1199951171875,192.65863037109375,9869700
2026-05-19,194.92999267578125,198.8699951171875,193.47000122070312,197.25,195.54345703125,11819200
2026-05-20,196.25,198.19000244140625,191.27000427246094,191.3300018310547,189.6746826171875,14564900
2026-05-21,193.7899932861328,194.16000366210938,189.0,191.00999450683594,189.35743713378906,9051200
2026-05-22,190.3699951171875,192.0,189.8000030517578,191.42999267578125,189.7738037109375,7209600
2026-05-26,190.0,190.49000549316406,183.89999389648438,184.7100067138672,183.11195373535156,14264600
2026-05-27,181.85000610351562,183.72000122070312,180.6699981689453,182.39999389648438,180.82192993164062,9442800
2026-05-28,183.7100067138672,185.25999450683594,182.08999633789062,183.02999877929688,181.4464874267578,8725400
2026-05-29,182.72000122070312,182.97000122070312,180.39999389648438,182.4600067138672,180.8814239501953,13886500
2026-06-01,184.3800048828125,187.94000244140625,184.02000427246094,185.8300018310547,184.22225952148438,8850500
2026-06-02,184.8800048828125,188.4499969482422,184.8800048828125,187.5500030517578,185.92738342285156,6549800
2026-06-03,188.88999938964844,191.47999572753906,187.9600067138672,189.7100067138672,188.06869506835938,7983700
2026-06-04,189.0,190.10000610351562,187.6699981689453,188.35000610351562,186.720458984375,5163200
2026-06-05,189.05999755859375,189.61000061035156,186.58999633789062,187.30999755859375,185.689453125,6310900
2026-06-08,188.6999969482422,191.02999877929688,188.5,189.24000549316406,187.60276794433594,6113000
2026-06-09,188.5,189.3800048828125,185.47000122070312,186.75999450683594,185.1442108154297,8469900
2026-06-10,189.19000244140625,192.69000244140625,188.22999572753906,189.8000030517578,188.1579132080078,10041800
2026-06-11,191.80999755859375,192.25,185.5500030517578,185.82000732421875,184.2123565673828,9274100
2026-06-12,185.0800018310547,188.39999389648438,184.36000061035156,187.22000122070312,185.60023498535156,8703400
2026-06-15,178.89999389648438,181.6699981689453,177.75999450683594,180.39999389648438,178.8392333984375,10184900
2026-06-16,178.6199951171875,180.25,178.3300018310547,180.11000061035156,178.55174255371094,6663500
2026-06-17,179.00999450683594,180.0800018310547,177.10000610351562,177.5800018310547,176.04364013671875,8430000
2026-06-18,175.63999938964844,175.63999938964844,172.22999572753906,173.6300048828125,172.1278076171875,19146100
2026-06-22,174.0800018310547,175.4499969482422,172.86000061035156,175.05999755859375,173.54544067382812,11108900
2026-06-23,175.77999877929688,176.39999389648438,174.6999969482422,175.97999572753906,174.4574737548828,6555300
2026-06-24,173.88999938964844,173.99000549316406,170.86000061035156,171.4499969482422,169.9666748046875,10634600
2026-06-25,170.22000122070312,172.77000427246094,169.27000427246094,172.24000549316406,170.74984741210938,7954200
2026-06-26,172.24000549316406,172.25,169.92999267578125,171.05999755859375,169.58004760742188,13102200
2026-06-29,171.3699951171875,171.60000610351562,168.3699951171875,168.47000122070312,167.012451171875,8813700
2026-06-30,169.6999969482422,170.4600067138672,165.1999969482422,165.75999450683594,164.32589721679688,19428800
2026-07-01,164.77999877929688,167.47000122070312,164.77999877929688,165.69000244140625,164.25650024414062,9175500
2026-07-02,168.27999877929688,169.5500030517578,167.39999389648438,169.1999969482422,167.7361297607422,9561800
2026-07-06,168.86000061035156,169.25999450683594,167.16000366210938,168.10000610351562,166.64566040039062,9974300
2026-07-07,170.13999938964844,174.61000061035156,170.0,174.00999450683594,172.5045166015625,9748900
2026-07-08,176.8000030517578,178.5800018310547,174.9499969482422,175.97000122070312,174.44757080078125,9921800
2026-07-09,174.6300048828125,175.58999633789062,173.89999389648438,174.0500030517578,172.54417419433594,6582400
2026-07-10,174.97000122070312,176.4199981689453,173.50999450683594,176.39999389648438,174.87384033203125,5996600
2026-07-13,179.02000427246094,182.3800048828125,179.02000427246094,182.1999969482422,180.6236572265625,7685100
2026-07-14,182.75,183.36000061035156,180.6300048828125,181.75999450683594,180.18746948242188,6823300
2026-07-15,182.1699981689453,182.39999389648438,178.5800018310547,181.60000610351562,180.02886962890625,6665700
2026-07-16,182.57000732421875,184.8300018310547,181.9499969482422,183.86000061035156,182.26930236816406,6257600
2026-07-17,187.47000122070312,188.14999389648438,185.5,187.3800048828125,185.75885009765625,7058300
2026-07-20,186.2899932861328,190.35000610351562,185.92999267578125,189.7100067138672,188.06869506835938,7767000
2026-07-21,190.5,191.25999450683594,189.32000732421875,191.07000732421875,189.41693115234375,6892400
2026-07-22,193.39999389648438,193.6999969482422,191.94000244140625,192.97999572753906,191.31039428710938,6142400
2026-07-23,196.3000030517578,197.69000244140625,194.02000427246094,194.4199981689453,192.73794555664062,8150000
2026-07-24,194.4600067138672,196.8699951171875,193.8000030517578,194.7899932861328,193.104736328125,6700400
2026-07-27,188.6699981689453,192.49000549316406,188.6699981689453,190.0,188.35618591308594,7369200
2026-07-28,191.47000122070312,191.97000122070312,186.72999572753906,187.5800018310547,185.95712280273438,7406800
2026-07-29,192.5,193.55999755859375,190.77999877929688,191.86000061035156,190.20008850097656,8101200
2026-07-30,189.91000366210938,193.1199951171875,189.30999755859375,192.30999755859375,190.6461944580078,6645000
2026-07-31,195.11000061035156,197.5500030517578,191.5399932861328,196.8300018310547,195.12709045410156,9958100
2026-08-03,195.3800048828125,195.86000061035156,191.80999755859375,193.17999267578125,191.5086669921875,9544100
2026-08-04,190.14999389648438,191.47000122070312,186.33999633789062,190.39999389648438,188.75271606445312,9455900
2026-08-05,191.19000244140625,191.3800048828125,186.27000427246094,186.41000366210938,184.7972412109375,8260600
2026-08-06,188.97000122070312,189.77999877929688,187.02000427246094,189.22999572753906,187.59283447265625,7182100
2026-08-07,186.2100067138672,187.75,185.8699951171875,186.55999755859375,184.94593811035156,7098800
2026-08-10,188.8800048828125,194.99000549316406,188.8800048828125,194.91000366210938,193.2237091064453,13667300
2026-08-11,194.25,197.4600067138672,194.25,196.66000366210938,194.9585723876953,6049800
2026-08-12,195.22000122070312,197.39999389648438,194.5800018310547,196.60000610351562,194.8990936279297,7366200
2026-08-13,195.0,198.10000610351562,193.75,197.6999969482422,195.98956298828125,5908900
2026-08-14,198.8699951171875,201.6300048828125,198.36000061035156,200.0,198.26966857910156,7910500
2026-08-17,200.72999572753906,203.67999267578125,199.8000030517578,202.6999969482422,200.94630432128906,8357800
2026-08-18,205.02999877929688,206.22000122070312,203.7100067138672,205.74000549316406,203.9600067138672,7701600
2026-08-19,205.0500030517578,207.67999267578125,204.25999450683594,205.75999450683594,205.75999450683594,8689900
2026-08-20,208.89999389648438,208.97999572753906,205.52000427246094,205.77000427246094,205.77000427246094,8200600
2026-08-21,205.92999267578125,207.82000732421875,205.00999450683594,205.27000427246094,205.27000427246094,7359100
2026-08-24,203.6699981689453,205.3000030517578,201.75,203.08999633789062,203.08999633789062,5853900
2026-08-25,201.02999877929688,202.05999755859375,199.7899932861328,199.88999938964844,199.88999938964844,8176800
2026-08-26,198.72999572753906,202.38999938964844,198.1199951171875,200.2100067138672,200.2100067138672,6863100
2026-08-27,199.57000732421875,200.8800048828125,197.82000732421875,199.77000427246094,199.77000427246094,8112300
2026-08-28,199.97999572753906,202.24000549316406,199.55999755859375,201.86000061035156,201.86000061035156,5301000
2026-08-31,206.0800018310547,208.4199981689453,203.83999633789062,206.13999938964844,206.13999938964844,12067400
2026-09-01,209.0,211.0800018310547,207.8000030517578,211.0500030517578,211.0500030517578,8551500
2026-09-02,210.49000549316406,212.7899932861328,209.4600067138672,211.77999877929688,211.77999877929688,7595300
2026-09-03,212.3800048828125,213.1999969482422,211.1699981689453,211.32000732421875,211.32000732421875,6668200
2026-09-04,209.50999450683594,209.86000061035156,207.1199951171875,208.60000610351562,208.60000610351562,5458400
2026-09-08,211.25,213.30999755859375,209.17999267578125,209.8000030517578,209.8000030517578,7703900
2026-09-09,212.8800048828125,215.27999877929688,212.22999572753906,213.80999755859375,213.80999755859375,8384700
2026-09-10,217.39999389648438,217.39999389648438,211.33999633789062,212.75999450683594,212.75999450683594,9625200
2026-09-11,212.02000427246094,215.5500030517578,212.02000427246094,214.05999755859375,214.05999755859375,6570300
2026-09-14,217.0,217.64999389648438,211.27000427246094,212.1699981689453,212.1699981689453,9366000
2026-09-15,212.88999938964844,217.77999877929688,212.74000549316406,217.77000427246094,217.77000427246094,9557600
2026-09-16,215.08999633789062,215.27999877929688,210.3699951171875,211.5399932861328,211.5399932861328,8045100
2026-09-17,209.61000061035156,211.75,209.1699981689453,211.57000732421875,211.57000732421875,7387300
2026-09-18,211.08999633789062,211.89999389648438,207.30999755859375,209.50999450683594,209.50999450683594,47298700
2026-09-21,207.88999938964844,209.0,203.5,203.6699981689453,203.6699981689453,8464000
2026-09-22,201.8699951171875,204.44000244140625,200.77999877929688,202.41000366210938,202.41000366210938,9344100
2026-09-23,204.4600067138672,207.0,203.47999572753906,205.50999450683594,205.50999450683594,8257800
2026-09-24,207.24000549316406,208.10000610351562,204.8699951171875,205.64999389648438,205.64999389648438,9382800
2026-09-25,203.80999755859375,206.5399932861328,203.39999389648438,204.4499969482422,204.4499969482422,7134300
2026-09-28,207.0,208.25,205.3800048828125,206.3699951171875,206.3699951171875,9529800
2026-09-29,203.0500030517578,205.47999572753906,202.6999969482422,204.3800048828125,204.3800048828125,5917600
2026-09-30,205.08999633789062,206.8300018310547,204.2100067138672,204.2100067138672,204.2100067138672,6390200
