Date,Open,High,Low,Close,Adj Close,Volume
2020-12-31,55.470001220703125,56.099998474121094,55.11000061035156,55.5,40.89021682739258,2663500
2021-01-04,55.81999969482422,56.12099838256836,53.650001525878906,54.040000915527344,39.814552307128906,4852800
2021-01-05,54.13999938964844,56.16999816894531,54.0,55.79999923706055,41.11124801635742,3112800
2021-01-06,56.95000076293945,59.209999084472656,56.54999923706055,58.43000030517578,43.048927307128906,6208400
2021-01-07,59.0,59.77000045776367,58.10499954223633,58.5099983215332,43.10786437988281,4437600
2021-01-08,58.369998931884766,58.86000061035156,57.75,58.209999084472656,42.886837005615234,4063500
2021-01-11,57.70000076293945,58.95000076293945,57.25,58.86000061035156,43.3657341003418,3455900
2021-01-12,59.31999969482422,61.209999084472656,59.0,61.040000915527344,44.97187805175781,6235000
2021-01-13,60.75,61.310001373291016,59.65999984741211,60.029998779296875,44.227745056152344,3236300
2021-01-14,60.209999084472656,60.5,59.41999816894531,59.650001525878906,43.94778060913086,3578800
2021-01-15,58.619998931884766,58.81999969482422,57.130001068115234,57.310001373291016,42.2237548828125,6692900
2021-01-19,57.7599983215332,58.20000076293945,56.33000183105469,57.54999923706055,42.400577545166016,4919300
2021-01-20,57.869998931884766,58.630001068115234,57.22999954223633,58.56999969482422,43.152069091796875,3724400
2021-01-21,58.5099983215332,58.77000045776367,57.310001373291016,57.560001373291016,42.40795135498047,3442000
2021-01-22,56.9900016784668,57.78499984741211,56.869998931884766,57.5,42.36374282836914,2621500
2021-01-25,56.86000061035156,57.41999816894531,55.65999984741211,57.22999954223633,42.16481399536133,3682400
2021-01-26,57.88999938964844,58.25,55.70000076293945,55.7400016784668,41.067039489746094,3060300
2021-01-27,54.63999938964844,55.08000183105469,52.65999984741211,54.38999938964844,40.07241439819336,6283500
2021-01-28,54.13999938964844,54.849998474121094,53.0,54.380001068115234,40.06504821777344,5817000
2021-01-29,53.849998474121094,54.70500183105469,51.7599983215332,51.900001525878906,38.237876892089844,8895400
2021-02-01,52.38999938964844,52.84000015258789,51.33000183105469,52.75,38.86412811279297,4128300
2021-02-02,53.560001373291016,54.869998931884766,52.869998931884766,54.61000061035156,40.2345085144043,5229500
2021-02-03,54.310001373291016,55.39500045776367,54.03900146484375,55.349998474121094,40.77970504760742,3984200
2021-02-04,55.470001220703125,56.369998931884766,54.81999969482422,56.34000015258789,41.50910568237305,4312200
2021-02-05,56.7400016784668,57.83000183105469,56.439998626708984,57.2400016784668,42.172183990478516,3732500
2021-02-08,57.75,58.2599983215332,57.209999084472656,57.349998474121094,42.25322723388672,2543200
2021-02-09,57.5,57.51499938964844,56.369998931884766,56.599998474121094,41.700653076171875,4209500
2021-02-10,57.0,58.380001068115234,56.47999954223633,57.66999816894531,42.48898696899414,3453000
2021-02-11,57.810001373291016,57.939998626708984,56.689998626708984,57.66999816894531,42.48898696899414,2326500
2021-02-12,57.560001373291016,58.27000045776367,57.44499969482422,58.150001525878906,42.84263229370117,1975100
2021-02-16,58.900001525878906,59.35499954223633,58.540000915527344,58.75,43.28468704223633,4072700
2021-02-17,58.58000183105469,58.90999984741211,57.61000061035156,58.540000915527344,43.12997055053711,3277800
2021-02-18,58.29999923706055,58.665000915527344,57.099998474121094,57.560001373291016,42.40795135498047,3112600
2021-02-19,57.75,60.529998779296875,57.75,60.38999938964844,44.49298095703125,4037100
2021-02-22,60.619998931884766,62.560001373291016,60.20000076293945,62.47999954223633,46.032806396484375,5672600
2021-02-23,62.939998626708984,62.970001220703125,61.5099983215332,62.119998931884766,45.767574310302734,4147200
2021-02-24,62.0,63.97999954223633,61.94300079345703,63.689998626708984,46.92428207397461,4668600
2021-02-25,62.47999954223633,62.83700180053711,61.125,61.349998474121094,45.702571868896484,3260300
2021-02-26,60.849998474121094,61.04999923706055,58.79999923706055,59.310001373291016,44.18287658691406,6399700
2021-03-01,61.150001525878906,62.27000045776367,60.56999969482422,61.540000915527344,45.84412384033203,4083800
2021-03-02,62.209999084472656,64.04000091552734,61.79999923706055,62.72999954223633,46.73060607910156,7316000
2021-03-03,62.5,63.38999938964844,62.0099983215332,62.25,46.37302780151367,5390300
2021-03-04,62.060001373291016,62.619998931884766,60.09000015258789,61.20000076293945,45.5908203125,6050400
2021-03-05,62.119998931884766,63.040000915527344,60.75,62.90999984741211,46.86469268798828,3883800
2021-03-08,63.16999816894531,64.2699966430664,62.5099983215332,63.439998626708984,47.25951385498047,4437600
2021-03-09,63.66999816894531,63.709999084472656,61.90999984741211,62.2599983215332,46.380470275878906,5823200
2021-03-10,62.619998931884766,64.45999908447266,62.369998931884766,64.08999633789062,47.74372863769531,4238500
2021-03-11,64.33000183105469,65.2699966430664,64.22000122070312,64.31999969482422,47.915069580078125,3651800
2021-03-12,64.68000030517578,65.05000305175781,63.880001068115234,64.33999633789062,47.929969787597656,2690800
2021-03-15,64.06999969482422,64.29000091552734,62.45000076293945,62.900001525878906,46.85724639892578,5353300
2021-03-16,62.689998626708984,63.83000183105469,61.86000061035156,63.18000030517578,47.065834045410156,6461600
2021-03-17,63.47999954223633,66.25,63.18000030517578,66.01000213623047,49.174034118652344,5138900
2021-03-18,66.05999755859375,67.2699966430664,64.62999725341797,64.72000122070312,48.21305465698242,4203500
2021-03-19,64.72000122070312,64.80000305175781,62.65999984741211,63.90999984741211,47.609642028808594,6445800
2021-03-22,63.79999923706055,63.79999923706055,62.400001525878906,63.5099983215332,47.3116569519043,4631100
2021-03-23,62.66999816894531,62.6879997253418,60.400001525878906,60.75,45.25559997558594,5523500
2021-03-24,61.599998474121094,63.41999816894531,61.40299987792969,62.040000915527344,46.21658706665039,4322600
2021-03-25,61.470001220703125,63.310001373291016,61.25,63.2400016784668,47.110530853271484,3921200
2021-03-26,63.38999938964844,64.13999938964844,63.09000015258789,63.9900016784668,47.66922378540039,4256300
2021-03-29,63.619998931884766,65.12000274658203,63.5,63.900001525878906,47.602195739746094,3193700
2021-03-30,63.720001220703125,64.79000091552734,63.47999954223633,64.61000061035156,48.131103515625,2605100
2021-03-31,64.2699966430664,64.95999908447266,63.5099983215332,63.939998626708984,47.631980895996094,3643800
2021-04-01,63.95000076293945,64.72000122070312,63.47999954223633,64.5999984741211,48.123653411865234,3698900
2021-04-05,65.0,65.22000122070312,64.25,64.58999633789062,48.1161994934082,4077900
2021-04-06,64.23999786376953,65.38999938964844,64.12999725341797,64.5999984741211,48.123653411865234,3420300
2021-04-07,64.48999786376953,64.97000122070312,63.65999984741211,63.9900016784668,47.66922378540039,2374000
2021-04-08,63.86000061035156,64.02999877929688,62.619998931884766,63.189998626708984,47.07327651977539,3638900
2021-04-09,63.189998626708984,63.560001373291016,62.540000915527344,63.13999938964844,47.03602600097656,3721000
2021-04-12,63.599998474121094,64.1500015258789,63.29999923706055,63.790000915527344,47.5202522277832,3143800
2021-04-13,63.59000015258789,63.68000030517578,62.45000076293945,63.310001373291016,47.16266632080078,4471600
2021-04-14,63.59000015258789,64.77999877929688,63.36000061035156,64.23999786376953,47.85546875,4234400
2021-04-15,64.87999725341797,64.91999816894531,63.79999923706055,64.56999969482422,48.10131072998047,2632500
2021-04-16,65.2699966430664,65.51000213623047,64.26000213623047,64.68000030517578,48.183250427246094,3698800
2021-04-19,64.80000305175781,65.04000091552734,63.939998626708984,64.55000305175781,48.0864143371582,2566600
2021-04-20,64.0,64.05000305175781,62.279998779296875,62.47999954223633,46.54436492919922,4532200
2021-04-21,62.459999084472656,65.0199966430664,62.375,64.81999969482422,48.28754425048828,4283500
2021-04-22,64.0,64.05000305175781,60.720001220703125,60.93000030517578,45.38969802856445,12028900
2021-04-23,61.099998474121094,62.4900016784668,60.45000076293945,62.11000061035156,46.26872634887695,5682300
2021-04-26,62.36000061035156,62.81999969482422,61.93000030517578,62.20000076293945,46.335784912109375,4871600
2021-04-27,62.27000045776367,62.849998474121094,61.720001220703125,62.650001525878906,46.6710090637207,3781300
2021-04-28,63.029998779296875,64.06500244140625,62.70000076293945,63.310001373291016,47.16266632080078,5584300
2021-04-29,63.81999969482422,64.69000244140625,63.435001373291016,64.05999755859375,47.72138214111328,4366000
2021-04-30,63.45000076293945,63.709999084472656,62.29999923706055,62.5,46.55926513671875,4932300
2021-05-03,63.18000030517578,65.03500366210938,63.119998931884766,64.55000305175781,48.0864143371582,6327800
2021-05-04,64.25,66.2699966430664,63.79999923706055,66.22000122070312,49.33047866821289,7367200
2021-05-05,66.48999786376953,68.23500061035156,66.13999938964844,68.06999969482422,50.708621978759766,7467100
2021-05-06,68.0199966430664,69.08999633789062,67.16999816894531,69.04000091552734,51.43122482299805,4670600
2021-05-07,68.3499984741211,69.31999969482422,67.77999877929688,69.04000091552734,51.43122482299805,5174900
2021-05-10,69.75,70.5999984741211,68.66000366210938,68.7300033569336,51.200279235839844,5039000
2021-05-11,67.83999633789062,68.9000015258789,67.19999694824219,68.56999969482422,51.08109664916992,5693400
2021-05-12,68.75,69.0999984741211,67.4000015258789,67.5999984741211,50.35850524902344,4886200
2021-05-13,67.45999908447266,68.5999984741211,67.31999969482422,68.08000183105469,50.71607208251953,3068400
2021-05-14,68.5,70.04000091552734,68.37000274658203,69.83000183105469,52.01972961425781,4817200
2021-05-17,69.58000183105469,71.08000183105469,69.47000122070312,70.91000366210938,52.824275970458984,3607500
2021-05-18,71.0,71.37999725341797,69.51000213623047,69.52999877929688,51.79624557495117,3523800
2021-05-19,68.5,68.91000366210938,67.2699966430664,68.55000305175781,51.06620407104492,4398500
2021-05-20,68.45999908447266,68.72000122070312,67.86000061035156,68.26000213623047,50.850162506103516,3126500
2021-05-21,68.68000030517578,69.5999984741211,68.55000305175781,68.83000183105469,51.27478790283203,3855700
2021-05-24,69.58999633789062,70.01000213623047,69.09500122070312,69.55000305175781,51.81114959716797,3420100
2021-05-25,69.45999908447266,70.44999694824219,68.95999908447266,69.04000091552734,51.43122482299805,4419400
2021-05-26,68.83000183105469,69.63999938964844,68.20999908447266,69.56999969482422,51.82604217529297,6059200
2021-05-27,69.31999969482422,69.95999908447266,68.23999786376953,68.66000366210938,51.66801452636719,6256600
2021-05-28,69.08000183105469,69.16999816894531,67.70999908447266,68.41999816894531,51.48740768432617,3815200
2021-06-01,69.16999816894531,70.52999877929688,68.8499984741211,70.41000366210938,52.98493194580078,4139100
2021-06-02,70.31999969482422,70.31999969482422,68.86000061035156,68.94999694824219,51.88624572753906,4797800
2021-06-03,69.3499984741211,70.69999694824219,68.44100189208984,70.61000061035156,53.13543701171875,4322500
2021-06-04,71.0,71.13999938964844,69.87999725341797,70.37000274658203,52.95481872558594,3041900
2021-06-07,70.37000274658203,70.47000122070312,68.88999938964844,69.23999786376953,52.10447311401367,2803900
2021-06-08,69.0199966430664,69.72000122070312,68.30999755859375,69.37999725341797,52.20983123779297,3469400
2021-06-09,69.25,69.51000213623047,68.47000122070312,68.83999633789062,51.803466796875,3379200
2021-06-10,69.98999786376953,70.16999816894531,67.94999694824219,67.98999786376953,51.163818359375,4022000
2021-06-11,68.47000122070312,69.0199966430664,67.83999633789062,68.0,51.17134475708008,2726100
2021-06-14,67.83000183105469,68.18000030517578,66.62999725341797,66.95999908447266,50.38873291015625,3712800
2021-06-15,66.91000366210938,67.42500305175781,66.44000244140625,67.22000122070312,50.58438491821289,3255000
2021-06-16,67.01000213623047,67.12000274658203,65.19999694824219,65.58999633789062,49.357784271240234,5428800
2021-06-17,65.7699966430664,65.80000305175781,62.33000183105469,63.540000915527344,47.815120697021484,5696100
2021-06-18,62.54999923706055,63.04999923706055,61.880001068115234,61.97999954223633,46.64118576049805,8745300
2021-06-21,63.13999938964844,63.94900131225586,62.790000915527344,63.11000061035156,47.49153518676758,5260000
2021-06-22,63.459999084472656,63.81999969482422,62.68000030517578,63.5,47.78501892089844,4019100
2021-06-23,64.0,64.2699966430664,63.099998474121094,63.150001525878906,47.521636962890625,3254400
2021-06-24,63.779998779296875,63.83000183105469,62.7599983215332,63.11000061035156,47.49153518676758,4253700
2021-06-25,63.25,63.869998931884766,63.11000061035156,63.290000915527344,47.626991271972656,4259700
2021-06-28,63.29999923706055,63.29999923706055,62.16999816894531,62.900001525878906,47.3335075378418,2727000
2021-06-29,63.279998779296875,63.810001373291016,62.58000183105469,62.97999954223633,47.39370346069336,2652900
2021-06-30,62.849998474121094,63.619998931884766,62.75,63.279998779296875,47.61946105957031,3356500
2021-07-01,64.22000122070312,64.41999816894531,63.41999816894531,63.5,47.78501892089844,3324700
2021-07-02,63.33000183105469,63.77000045776367,62.79999923706055,63.5099983215332,47.792537689208984,3172800
2021-07-06,63.400001525878906,63.45000076293945,61.404998779296875,61.93000030517578,46.60356521606445,3727000
2021-07-07,61.70000076293945,62.4900016784668,61.09400177001953,62.25,46.8443717956543,3424300
2021-07-08,61.0,62.02000045776367,60.650001525878906,61.40999984741211,46.21224594116211,4251300
2021-07-09,62.22999954223633,63.66999816894531,62.099998474121094,63.08000183105469,47.468955993652344,5063200
2021-07-12,62.560001373291016,63.599998474121094,61.974998474121094,63.220001220703125,47.574302673339844,3100400
2021-07-13,63.41999816894531,63.689998626708984,62.31999969482422,62.70000076293945,47.18301010131836,3074500
2021-07-14,62.939998626708984,63.64500045776367,62.16999816894531,62.31999969482422,46.89703369140625,2571700
2021-07-15,61.79999923706055,62.720001220703125,61.689998626708984,61.90999984741211,46.5885124206543,2745800
2021-07-16,61.29999923706055,61.720001220703125,59.79999923706055,60.0099983215332,45.15871810913086,6961300
2021-07-19,58.13999938964844,58.47999954223633,57.05500030517578,57.790000915527344,43.488128662109375,7815400
2021-07-20,58.13999938964844,59.189998626708984,57.62799835205078,58.619998931884766,44.11272048950195,6771700
2021-07-21,59.52000045776367,60.04999923706055,59.05500030517578,59.72999954223633,44.9480094909668,7428300
2021-07-22,58.560001373291016,60.88999938964844,58.0,60.47999954223633,45.512413024902344,7111300
2021-07-23,60.84000015258789,61.279998779296875,59.79999923706055,60.11000061035156,45.233970642089844,4690500
2021-07-26,60.20000076293945,62.040000915527344,60.20000076293945,62.0099983215332,46.663753509521484,6534300
2021-07-27,61.5099983215332,62.41999816894531,60.86000061035156,61.95000076293945,46.61860656738281,3568500
2021-07-28,61.83000183105469,62.29999923706055,61.060001373291016,61.869998931884766,46.55839920043945,4113600
2021-07-29,62.439998626708984,62.93000030517578,62.0099983215332,62.599998474121094,47.10774230957031,3708600
2021-07-30,62.4900016784668,63.224998474121094,61.665000915527344,62.15999984741211,46.77663803100586,4646800
2021-08-02,62.29999923706055,63.59000015258789,61.189998626708984,61.220001220703125,46.069271087646484,3714500
2021-08-03,61.150001525878906,62.27000045776367,60.154998779296875,62.22999954223633,46.829315185546875,4819700
2021-08-04,61.7400016784668,62.20000076293945,60.97999954223633,60.9900016784668,45.896183013916016,3340100
2021-08-05,61.290000915527344,61.79999923706055,60.900001525878906,61.0,45.90371322631836,3037100
2021-08-06,61.61000061035156,62.369998931884766,61.54999923706055,62.0,46.65623474121094,3142800
2021-08-09,61.720001220703125,62.224998474121094,61.36000061035156,61.81999969482422,46.520782470703125,3178100
2021-08-10,62.02000045776367,63.56999969482422,61.939998626708984,63.119998931884766,47.49905776977539,3560000
2021-08-11,63.41999816894531,64.30000305175781,63.220001220703125,64.23999786376953,48.34187698364258,3583600
2021-08-12,64.36000061035156,64.62000274658203,63.303001403808594,64.01000213623047,48.16880416870117,3581400
2021-08-13,63.970001220703125,64.0999984741211,63.349998474121094,63.689998626708984,47.92799758911133,2385600
2021-08-16,63.20000076293945,63.595001220703125,62.13999938964844,63.31999969482422,47.64956283569336,3163400
2021-08-17,62.689998626708984,62.875,61.13999938964844,62.310001373291016,46.8895149230957,3974300
2021-08-18,61.90999984741211,62.83000183105469,61.709999084472656,61.880001068115234,46.5659294128418,4574000
2021-08-19,61.040000915527344,61.38999938964844,60.150001525878906,60.54999923706055,45.56507873535156,3981600
2021-08-20,60.40999984741211,61.11000061035156,60.31999969482422,60.88999938964844,45.8209342956543,3203600
2021-08-23,61.5,62.41999816894531,61.459999084472656,62.060001373291016,46.701393127441406,3439900
2021-08-24,62.459999084472656,63.529998779296875,62.459999084472656,63.2599983215332,47.604408264160156,2896000
2021-08-25,63.29999923706055,64.18000030517578,62.81999969482422,63.869998931884766,48.063446044921875,3246700
2021-08-26,63.84000015258789,64.55999755859375,63.470001220703125,63.650001525878906,47.89789581298828,3618500
2021-08-27,64.19000244140625,65.8550033569336,64.12000274658203,65.37999725341797,49.19976043701172,5348700
2021-08-30,65.0,65.3280029296875,63.95000076293945,63.97999954223633,48.66728973388672,3925000
2021-08-31,63.70000076293945,63.880001068115234,62.689998626708984,62.900001525878906,47.84577941894531,5450000
2021-09-01,62.83000183105469,63.0,61.810001373291016,62.540000915527344,47.57193374633789,3949200
2021-09-02,62.7599983215332,63.36000061035156,62.41999816894531,62.619998931884766,47.63278579711914,3414600
2021-09-03,62.45000076293945,62.82500076293945,61.66999816894531,62.119998931884766,47.25245666503906,3690400
2021-09-07,61.97999954223633,62.29999923706055,61.63999938964844,61.869998931884766,47.06228256225586,2514300
2021-09-08,61.83000183105469,62.11000061035156,60.5099983215332,60.689998626708984,46.16469955444336,4629000
2021-09-09,60.25,61.189998626708984,60.06999969482422,60.279998779296875,45.85282897949219,4439100
2021-09-10,60.849998474121094,61.439998626708984,60.34000015258789,60.40999984741211,45.95172119140625,4093300
2021-09-13,61.27000045776367,61.59000015258789,60.21500015258789,60.720001220703125,46.18751907348633,4549200
2021-09-14,61.2400016784668,61.29999923706055,59.52199935913086,59.650001525878906,45.37361526489258,4493600
2021-09-15,59.75,60.66999816894531,59.66999816894531,60.20000076293945,45.79197692871094,5167600
2021-09-16,60.13999938964844,60.31999969482422,59.06999969482422,59.470001220703125,45.236698150634766,4650700
2021-09-17,58.79999923706055,59.16999816894531,57.470001220703125,57.75,43.92835235595703,9622900
2021-09-20,56.2599983215332,57.130001068115234,55.310001373291016,56.18000030517578,42.734107971191406,7683900
2021-09-21,56.59000015258789,56.86000061035156,55.209999084472656,55.529998779296875,42.239681243896484,6156400
2021-09-22,56.2599983215332,56.97999954223633,56.255001068115234,56.29999923706055,42.82538986206055,6823800
2021-09-23,56.77000045776367,58.04499816894531,56.599998474121094,57.43000030517578,43.684940338134766,7814100
2021-09-24,57.20000076293945,57.34000015258789,56.7400016784668,56.810001373291016,43.21332550048828,7964900
2021-09-27,56.880001068115234,60.380001068115234,56.880001068115234,59.689998626708984,45.4040412902832,12374000
2021-09-28,60.150001525878906,60.64500045776367,59.13999938964844,59.459999084472656,45.229087829589844,6681800
2021-09-29,59.459999084472656,59.599998474121094,58.77000045776367,58.81999969482422,44.74225997924805,4578800
2021-09-30,58.91999816894531,59.16999816894531,57.54999923706055,57.560001373291016,43.78382110595703,4929000
2021-10-01,57.66999816894531,59.0099983215332,57.25,58.58000183105469,44.5597038269043,6925300
2021-10-04,58.58000183105469,59.0,57.68000030517578,58.2400016784668,44.30106735229492,5652900
2021-10-05,58.2599983215332,59.44499969482422,58.099998474121094,59.099998474121094,44.95524215698242,5646200
2021-10-06,58.36000061035156,58.56999969482422,56.29999923706055,57.15999984741211,43.47956466674805,8699100
2021-10-07,57.88999938964844,59.470001220703125,57.790000915527344,58.5099983215332,44.50645446777344,7235900
2021-10-08,58.810001373291016,59.290000915527344,58.400001525878906,58.709999084472656,44.65858459472656,4260200
2021-10-11,59.25,59.779998779296875,58.209999084472656,58.22999954223633,44.2934684753418,4139000
2021-10-12,58.02000045776367,58.369998931884766,57.5,57.7400016784668,43.920745849609375,5443800
2021-10-13,57.91999816894531,58.04999923706055,56.650001525878906,56.90999984741211,43.28938674926758,7689800
2021-10-14,57.43000030517578,58.779998779296875,57.13999938964844,58.7400016784668,44.68141555786133,6430400
2021-10-15,59.470001220703125,59.72999954223633,58.84000015258789,58.959999084472656,44.8487548828125,4288200
2021-10-18,57.70000076293945,59.38999938964844,57.599998474121094,58.95000076293945,44.841156005859375,4660100
2021-10-19,59.09000015258789,59.27000045776367,58.540000915527344,59.189998626708984,45.02370071411133,3650600
2021-10-20,59.15999984741211,60.608001708984375,58.941001892089844,59.88999938964844,45.55617904663086,5875300
2021-10-21,60.06999969482422,61.16999816894531,57.959999084472656,59.2599983215332,45.07695007324219,8916600
2021-10-22,59.63999938964844,60.189998626708984,58.380001068115234,58.400001525878906,44.42277908325195,5889500
2021-10-25,59.2400016784668,59.53499984741211,58.61000061035156,58.709999084472656,44.65858459472656,6293200
2021-10-26,58.709999084472656,59.7599983215332,58.18000030517578,58.709999084472656,44.65858459472656,6875200
2021-10-27,58.58000183105469,58.58000183105469,55.900001525878906,56.0,42.597190856933594,11512700
2021-10-28,56.25,56.86000061035156,56.209999084472656,56.56999969482422,43.030765533447266,5974400
2021-10-29,56.130001068115234,56.650001525878906,55.65999984741211,55.970001220703125,42.57437515258789,5894900
2021-11-01,56.0099983215332,57.97999954223633,56.0099983215332,57.439998626708984,43.69255065917969,7562000
2021-11-02,57.63999938964844,58.7400016784668,57.2400016784668,58.470001220703125,44.47602844238281,5929500
2021-11-03,58.4900016784668,59.584999084472656,58.09000015258789,59.04999923706055,44.91720962524414,6234300
2021-11-04,59.0,59.01499938964844,56.79499816894531,57.16999816894531,43.4871711730957,9047900
2021-11-05,57.2400016784668,58.744998931884766,57.2400016784668,58.310001373291016,44.35432052612305,4979100
2021-11-08,58.93000030517578,59.68000030517578,58.29499816894531,58.56999969482422,44.55209732055664,4894100
2021-11-09,58.540000915527344,59.119998931884766,58.39500045776367,58.790000915527344,44.71944808959961,4447800
2021-11-10,58.84000015258789,59.290000915527344,58.4900016784668,58.7599983215332,44.69662857055664,5103900
2021-11-11,59.08000183105469,59.97999954223633,59.02000045776367,59.68000030517578,45.39643096923828,4140400
2021-11-12,59.790000915527344,60.54999923706055,59.459999084472656,60.060001373291016,45.685482025146484,3499400
2021-11-15,60.5,60.81999969482422,59.779998779296875,59.91999816894531,45.5789909362793,3470400
2021-11-16,59.970001220703125,59.9900016784668,58.84000015258789,58.86000061035156,44.77268981933594,4004700
2021-11-17,58.68000030517578,58.97999954223633,58.16999816894531,58.34000015258789,44.37714385986328,3342400
2021-11-18,58.349998474121094,58.369998931884766,57.66999816894531,57.97999954223633,44.103309631347656,3801500
2021-11-19,57.45000076293945,57.52000045776367,56.029998779296875,57.34000015258789,43.616477966308594,7424300
2021-11-22,57.560001373291016,59.290000915527344,57.40999984741211,58.790000915527344,44.71944808959961,5309200
2021-11-23,59.34000015258789,59.720001220703125,58.83000183105469,59.18000030517578,45.01609802246094,5279400
2021-11-24,58.900001525878906,59.369998931884766,58.59000015258789,58.630001068115234,44.59773254394531,3307100
2021-11-26,56.63999938964844,57.77000045776367,55.97999954223633,57.599998474121094,43.814247131347656,4317500
2021-11-29,57.900001525878906,58.380001068115234,56.380001068115234,56.86000061035156,43.7834587097168,4564300
2021-11-30,56.2599983215332,56.4900016784668,54.40999984741211,54.93000030517578,42.29731369018555,10398200
2021-12-01,55.4900016784668,55.79999923706055,52.70000076293945,52.7599983215332,40.6263542175293,9113300
2021-12-02,52.5,53.474998474121094,52.06999969482422,53.18000030517578,40.949771881103516,7333300
2021-12-03,53.0,53.81999969482422,52.72999954223633,53.06999969482422,40.86507034301758,6969100
2021-12-06,54.36000061035156,54.71799850463867,53.84000015258789,53.880001068115234,41.48877716064453,6066400
2021-12-07,54.45000076293945,55.380001068115234,54.27000045776367,54.86000061035156,42.243412017822266,5806900
2021-12-08,55.310001373291016,55.47999954223633,54.779998779296875,54.90999984741211,42.28190231323242,5013700
2021-12-09,54.2400016784668,54.58000183105469,53.724998474121094,54.38999938964844,41.88149642944336,5607700
2021-12-10,55.150001525878906,55.2599983215332,54.28499984741211,54.68000030517578,42.10480499267578,3628600
2021-12-13,54.459999084472656,54.650001525878906,53.06700134277344,53.31999969482422,41.057579040527344,5398800
2021-12-14,53.25,54.5,53.13800048828125,53.880001068115234,41.48877716064453,4048700
2021-12-15,53.790000915527344,54.06999969482422,52.86000061035156,54.040000915527344,41.611995697021484,4955200
2021-12-16,54.43000030517578,55.36000061035156,54.27000045776367,54.599998474121094,42.04319381713867,5605900
2021-12-17,54.529998779296875,54.665000915527344,53.380001068115234,54.099998474121094,41.6581916809082,10400000
2021-12-20,53.099998474121094,53.59000015258789,52.470001220703125,53.5099983215332,41.20387649536133,6251000
2021-12-21,54.16999816894531,54.810001373291016,53.900001525878906,54.20000076293945,41.73518753051758,4422000
2021-12-22,54.119998931884766,54.380001068115234,53.63999938964844,54.22999954223633,41.75829315185547,3729600
2021-12-23,54.5,55.702999114990234,54.349998474121094,55.13999938964844,42.45901870727539,6240200
2021-12-27,55.310001373291016,55.88999938964844,55.16999816894531,55.869998931884766,43.0211296081543,3249000
2021-12-28,56.0099983215332,57.0,55.90999984741211,56.630001068115234,43.60634994506836,4748100
2021-12-29,56.66999816894531,57.11000061035156,56.560001373291016,57.060001373291016,43.93745803833008,3580900
2021-12-30,57.20000076293945,57.83000183105469,56.724998474121094,56.779998779296875,43.72185516357422,3678700
2021-12-31,56.84000015258789,56.99100112915039,56.29499816894531,56.720001220703125,43.67565155029297,3093900
2022-01-03,57.20000076293945,57.900001525878906,56.790000915527344,56.869998931884766,43.79115295410156,5231900
2022-01-04,57.25,58.70000076293945,57.099998474121094,58.40999984741211,44.976985931396484,9068000
2022-01-05,58.790000915527344,59.59000015258789,58.314998626708984,58.349998474121094,44.930782318115234,6706300
2022-01-06,58.4900016784668,58.86000061035156,57.2400016784668,58.2400016784668,44.8460807800293,5820800
2022-01-07,58.630001068115234,59.51499938964844,58.43000030517578,59.099998474121094,45.50830078125,4633100
2022-01-10,58.84000015258789,59.29999923706055,57.98500061035156,58.400001525878906,44.96929168701172,5544300
2022-01-11,59.04999923706055,59.470001220703125,58.40999984741211,59.18000030517578,45.56990051269531,5720400
2022-01-12,59.51499938964844,60.13999938964844,58.88999938964844,59.2599983215332,45.631507873535156,3742400
2022-01-13,59.29999923706055,60.22700119018555,59.207000732421875,59.939998626708984,46.155113220214844,4482600
2022-01-14,59.709999084472656,60.83000183105469,59.290000915527344,60.7400016784668,46.77113723754883,6795300
2022-01-18,60.7599983215332,61.14899826049805,59.56999969482422,60.20000076293945,46.35532760620117,4796900
2022-01-19,60.7599983215332,60.91999816894531,59.38999938964844,59.84000015258789,46.0781135559082,4351100
2022-01-20,59.900001525878906,60.04999923706055,57.77000045776367,57.810001373291016,44.51496887207031,5765700
2022-01-21,57.68000030517578,57.77000045776367,56.540000915527344,56.720001220703125,43.67565155029297,6189500
2022-01-24,55.70000076293945,56.81999969482422,54.599998474121094,56.619998931884766,43.59864807128906,8872700
2022-01-25,55.88999938964844,57.459999084472656,54.638999938964844,57.18000030517578,44.02986526489258,5644100
2022-01-26,57.43000030517578,58.25,56.650001525878906,57.220001220703125,44.0606575012207,6126000
2022-01-27,58.7400016784668,61.290000915527344,58.7400016784668,60.18000030517578,46.339927673339844,11664200
2022-01-28,60.709999084472656,61.099998474121094,59.06999969482422,60.040000915527344,46.232120513916016,6971900
2022-01-31,59.5,60.04999923706055,58.279998779296875,59.72999954223633,45.993408203125,8056100
2022-02-01,59.79999923706055,61.9900016784668,59.70000076293945,61.810001373291016,47.59506607055664,6659400
2022-02-02,61.709999084472656,62.4900016784668,61.119998931884766,61.65999984741211,47.479557037353516,5463400
2022-02-03,61.5,62.44499969482422,61.154998779296875,61.209999084472656,47.133052825927734,5363800
2022-02-04,61.20000076293945,61.720001220703125,60.540000915527344,60.599998474121094,46.663326263427734,4995100
2022-02-07,60.93000030517578,61.099998474121094,59.72999954223633,59.90999984741211,46.132015228271484,6214400
2022-02-08,60.380001068115234,61.16999816894531,60.380001068115234,61.09000015258789,47.040645599365234,5595500
2022-02-09,61.4900016784668,62.22999954223633,61.25,61.9900016784668,47.733665466308594,5515900
2022-02-10,61.88999938964844,62.459999084472656,60.709999084472656,60.95000076293945,46.932838439941406,6537200
2022-02-11,60.79999923706055,61.90999984741211,60.349998474121094,61.09000015258789,47.040645599365234,6042100
2022-02-14,61.099998474121094,61.369998931884766,60.125,60.83000183105469,46.8404426574707,4472000
2022-02-15,60.81999969482422,62.0099983215332,60.709999084472656,61.86000061035156,47.6335563659668,4076800
2022-02-16,61.650001525878906,62.90999984741211,61.619998931884766,62.08000183105469,47.80296325683594,5613600
2022-02-17,61.36000061035156,62.10499954223633,60.625,61.16999816894531,47.10224914550781,3927800
2022-02-18,60.75,61.31999969482422,60.189998626708984,60.59000015258789,46.655635833740234,5078900
2022-02-22,60.91999816894531,61.040000915527344,59.939998626708984,60.29999923706055,46.43232345581055,5664000
2022-02-23,60.869998931884766,61.189998626708984,59.875,59.970001220703125,46.178218841552734,5155100
2022-02-24,58.88999938964844,58.970001220703125,57.52000045776367,58.720001220703125,45.215702056884766,8108500
2022-02-25,58.41999816894531,60.14500045776367,58.31999969482422,59.650001525878906,46.48596954345703,5445200
2022-02-28,58.31999969482422,59.18000030517578,58.0099983215332,58.959999084472656,45.9482421875,6438200
2022-03-01,59.119998931884766,59.30500030517578,56.27000045776367,57.130001068115234,44.5221061706543,7668100
2022-03-02,57.54999923706055,59.790000915527344,57.5099983215332,59.20000076293945,46.13528823852539,6499800
2022-03-03,59.290000915527344,59.939998626708984,58.7400016784668,59.66999816894531,46.501556396484375,4514800
2022-03-04,58.400001525878906,58.875,57.83000183105469,58.83000183105469,45.8469352722168,5869500
2022-03-07,58.75,59.11000061035156,57.64500045776367,57.97999954223633,45.18451690673828,6987800
2022-03-08,58.11000061035156,59.220001220703125,57.619998931884766,57.84000015258789,45.07542037963867,6583400
2022-03-09,59.25,60.900001525878906,58.939998626708984,59.79999923706055,46.602867126464844,7484700
2022-03-10,59.2400016784668,61.040000915527344,59.22999954223633,60.630001068115234,47.24969482421875,5421000
2022-03-11,61.060001373291016,62.4900016784668,60.869998931884766,60.90999984741211,47.4679069519043,6140000
2022-03-14,61.369998931884766,62.029998779296875,59.77000045776367,60.279998779296875,46.97693634033203,5836200
2022-03-15,59.869998931884766,60.26499938964844,57.619998931884766,58.869998931884766,45.87811279296875,8354400
2022-03-16,59.15999984741211,60.150001525878906,58.720001220703125,59.63999938964844,46.478179931640625,6154800
2022-03-17,59.380001068115234,62.880001068115234,59.13999938964844,62.84000015258789,48.97197723388672,9420600
2022-03-18,62.22999954223633,63.43000030517578,61.80500030517578,62.38999938964844,48.62129211425781,9510800
2022-03-21,63.119998931884766,63.720001220703125,62.529998779296875,63.34000015258789,49.36163330078125,4836500
2022-03-22,64.0,64.52999877929688,63.2400016784668,63.54999923706055,49.52528381347656,5136700
2022-03-23,63.400001525878906,63.84000015258789,63.02000045776367,63.29999923706055,49.33045959472656,2936100
2022-03-24,63.7599983215332,64.19999694824219,63.40999984741211,64.08999633789062,49.94611740112305,3611400
2022-03-25,64.08999633789062,64.7300033569336,63.84000015258789,64.69999694824219,50.42150115966797,3962900
2022-03-28,64.30000305175781,64.55000305175781,63.040000915527344,64.11000061035156,49.961700439453125,3879300
2022-03-29,63.95000076293945,64.31999969482422,62.81999969482422,64.19000244140625,50.0240478515625,4225600
2022-03-30,64.4800033569336,64.94000244140625,64.02999877929688,64.26000213623047,50.07860565185547,3145900
2022-03-31,64.1500015258789,64.78500366210938,63.709999084472656,63.720001220703125,49.65776824951172,4302100
2022-04-01,64.29000091552734,64.93000030517578,63.439998626708984,64.18000030517578,50.01626205444336,3317100
2022-04-04,64.51000213623047,64.51000213623047,63.31999969482422,64.01000213623047,49.88377380371094,3650000
2022-04-05,64.0,64.63999938964844,63.40999984741211,63.4900016784668,49.47853088378906,3432500
2022-04-06,63.209999084472656,63.290000915527344,61.290000915527344,61.66999816894531,48.060184478759766,4977000
2022-04-07,61.79999923706055,61.79999923706055,60.029998779296875,61.25,47.73286437988281,4644800
2022-04-08,61.77000045776367,62.279998779296875,61.31999969482422,61.68000030517578,48.06797790527344,3913900
2022-04-11,61.349998474121094,62.619998931884766,61.150001525878906,61.95000076293945,48.278385162353516,2760400
2022-04-12,62.5099983215332,63.75,62.290000915527344,63.2599983215332,49.29928970336914,4137300
2022-04-13,63.4900016784668,64.2300033569336,63.220001220703125,64.16000366210938,50.00067138671875,3465600
2022-04-14,64.48999786376953,66.0,64.38999938964844,65.48999786376953,51.03715896606445,7000200
2022-04-18,65.48999786376953,66.4800033569336,65.30000305175781,65.87999725341797,51.34107971191406,4958900
2022-04-19,66.02999877929688,67.3499984741211,65.91000366210938,67.05000305175781,52.25288009643555,5292500
2022-04-20,67.06999969482422,68.16999816894531,67.04000091552734,67.54000091552734,52.63473892211914,5021500
2022-04-21,69.0,71.86000061035156,68.88999938964844,69.51000213623047,54.16999053955078,10282500
2022-04-22,70.06999969482422,71.2300033569336,68.23999786376953,68.5,53.382896423339844,7439400
2022-04-25,67.41000366210938,68.33999633789062,65.52999877929688,68.06999969482422,53.047786712646484,7252100
2022-04-26,68.23999786376953,68.9800033569336,67.3499984741211,67.37000274658203,52.50226974487305,6612800
2022-04-27,68.12000274658203,68.33000183105469,67.0510025024414,67.44999694824219,52.564605712890625,5412300
2022-04-28,68.04000091552734,68.04000091552734,66.11000061035156,67.80999755859375,52.845157623291016,5532300
2022-04-29,68.12000274658203,68.71499633789062,66.30999755859375,66.5,51.82426071166992,6499800
2022-05-02,67.1500015258789,67.30999755859375,65.80999755859375,67.05999755859375,52.26067352294922,7250100
2022-05-03,67.12000274658203,68.33000183105469,67.05999755859375,68.1500015258789,53.110130310058594,4599500
2022-05-04,68.81999969482422,70.77999877929688,68.43000030517578,70.61000061035156,55.027225494384766,5589800
2022-05-05,70.26000213623047,70.36000061035156,67.52999877929688,68.47000122070312,53.3595085144043,6530600
2022-05-06,68.06999969482422,68.37000274658203,66.6500015258789,67.93000030517578,52.93867874145508,5807800
2022-05-09,66.83999633789062,67.80999755859375,66.47000122070312,66.62999725341797,51.925575256347656,7266900
2022-05-10,67.43000030517578,67.8499984741211,65.27999877929688,65.80999755859375,51.286529541015625,7885500
2022-05-11,66.4000015258789,68.5,65.81999969482422,66.79000091552734,52.050254821777344,5683300
2022-05-12,66.52999877929688,67.38999938964844,65.66500091552734,67.04000091552734,52.245094299316406,6035700
2022-05-13,67.5,68.31999969482422,67.26000213623047,67.55999755859375,52.650333404541016,3924400
2022-05-16,67.30999755859375,68.59600067138672,66.68000030517578,67.9800033569336,52.97764587402344,4028300
2022-05-17,69.61000061035156,70.29100036621094,68.9000015258789,69.97000122070312,54.528472900390625,4502600
2022-05-18,69.41000366210938,70.37999725341797,68.49500274658203,68.91000366210938,53.70240020751953,4623900
2022-05-19,68.30999755859375,69.56999969482422,67.80000305175781,68.76000213623047,53.58551025390625,4988400
2022-05-20,68.87999725341797,69.7300033569336,66.87000274658203,68.11000061035156,53.07894515991211,5232200
2022-05-23,67.80000305175781,68.12999725341797,66.83999633789062,67.48999786376953,52.59577178955078,6582300
2022-05-24,67.19999694824219,67.38999938964844,65.47000122070312,67.06999969482422,52.268463134765625,4664400
2022-05-25,66.70999908447266,67.68000030517578,66.4000015258789,67.30000305175781,52.44771957397461,6264900
2022-05-26,67.16999816894531,68.29000091552734,66.91000366210938,67.83999633789062,52.86853790283203,5732800
2022-05-27,67.58999633789062,69.06999969482422,67.31999969482422,69.05999755859375,54.38041687011719,4784300
2022-05-31,68.63999938964844,68.75,67.61499786376953,67.9800033569336,53.529991149902344,7876000
2022-06-01,68.6500015258789,69.78800201416016,67.99500274658203,68.11000061035156,53.632347106933594,5958100
2022-06-02,68.43000030517578,68.97000122070312,67.0999984741211,68.0999984741211,53.624473571777344,4598700
2022-06-03,67.58999633789062,68.16000366210938,66.68000030517578,67.02999877929688,52.78192138671875,4966800
2022-06-06,67.04000091552734,67.61000061035156,66.66999816894531,67.06999969482422,52.813419342041016,3117300
2022-06-07,66.76000213623047,67.45999908447266,66.41999816894531,67.37000274658203,53.04964828491211,4873800
2022-06-08,67.05999755859375,67.80999755859375,66.8499984741211,67.23999786376953,52.947269439697266,3200900
2022-06-09,66.9000015258789,67.01499938964844,65.80999755859375,65.86000061035156,51.860618591308594,3113400
2022-06-10,65.01000213623047,65.08000183105469,61.86000061035156,61.869998931884766,48.7187385559082,6448900
2022-06-13,60.4900016784668,60.58000183105469,57.970001220703125,58.68000030517578,46.20681381225586,8509300
2022-06-14,58.279998779296875,59.130001068115234,57.459999084472656,58.560001373291016,46.11233139038086,7128900
2022-06-15,59.02000045776367,59.65999984741211,56.76499938964844,57.40999984741211,45.20677185058594,6387900
2022-06-16,55.66999816894531,55.970001220703125,54.650001525878906,55.41999816894531,43.6397819519043,7641800
2022-06-17,55.15999984741211,55.959999084472656,53.970001220703125,54.77000045776367,43.1279411315918,12735800
2022-06-21,56.34000015258789,56.689998626708984,54.90999984741211,54.95000076293945,43.269676208496094,6391700
2022-06-22,52.29999923706055,52.790000915527344,51.56999969482422,52.34000015258789,41.21446990966797,10383100
2022-06-23,52.25,52.650001525878906,50.41999816894531,51.060001373291016,40.206546783447266,9662000
2022-06-24,51.5099983215332,53.79999923706055,51.189998626708984,53.13999938964844,41.84440994262695,9109000
2022-06-27,52.900001525878906,53.29999923706055,51.970001220703125,52.220001220703125,41.11997604370117,7507300
2022-06-28,52.79999923706055,54.150001525878906,52.345001220703125,52.529998779296875,41.36407470703125,5169400
2022-06-29,52.709999084472656,53.0099983215332,51.279998779296875,51.97999954223633,40.93098831176758,4392800
2022-06-30,51.15999984741211,52.13999938964844,50.849998474121094,51.61000061035156,40.6396369934082,5848000
2022-07-01,50.90999984741211,52.040000915527344,49.900001525878906,51.689998626708984,40.702632904052734,5255100
2022-07-05,50.77000045776367,50.81999969482422,49.35499954223633,50.72999954223633,39.946693420410156,5891000
2022-07-06,50.619998931884766,51.25,50.03499984741211,51.18000030517578,40.30104446411133,5657000
2022-07-07,52.13999938964844,52.810001373291016,51.7400016784668,52.279998779296875,41.16721725463867,5507600
2022-07-08,52.43000030517578,52.880001068115234,51.30500030517578,51.380001068115234,40.45853042602539,4226900
2022-07-11,50.7400016784668,51.349998474121094,50.5099983215332,51.0099983215332,40.16716766357422,3919100
2022-07-12,50.88999938964844,51.564998626708984,50.25,50.41999816894531,39.70258331298828,6068200
2022-07-13,50.0,50.209999084472656,49.029998779296875,49.66999816894531,39.11200714111328,6071500
2022-07-14,48.7400016784668,49.06999969482422,48.27000045776367,48.900001525878906,38.505680084228516,4969400
2022-07-15,49.72999954223633,50.2400016784668,49.16999816894531,49.54999923706055,39.017513275146484,4809900
2022-07-18,50.41999816894531,51.04999923706055,50.20000076293945,50.470001220703125,39.74196243286133,4839000
2022-07-19,51.150001525878906,52.810001373291016,51.08000183105469,52.45000076293945,41.301082611083984,6999400
2022-07-20,52.45000076293945,52.66999816894531,51.810001373291016,52.54999923706055,41.379825592041016,5977700
2022-07-21,50.56999969482422,51.439998626708984,49.95000076293945,51.400001525878906,40.47426986694336,10059700
2022-07-22,51.5,51.810001373291016,50.439998626708984,50.849998474121094,40.04118728637695,5074800
2022-07-25,51.16999816894531,51.970001220703125,51.029998779296875,51.58000183105469,40.61601257324219,5933200
2022-07-26,51.16999816894531,51.79999923706055,50.95000076293945,51.29999923706055,40.39552688598633,4130900
2022-07-27,51.439998626708984,52.479000091552734,51.209999084472656,52.2400016784668,41.135719299316406,4342000
2022-07-28,52.45000076293945,52.90999984741211,51.7599983215332,52.29999923706055,41.1829719543457,6137900
2022-07-29,52.7599983215332,53.79499816894531,52.470001220703125,53.209999084472656,41.89954376220703,9754300
2022-08-01,52.58000183105469,52.599998474121094,51.43000030517578,52.459999084472656,41.308956146240234,5913400
2022-08-02,52.29999923706055,52.66999816894531,51.540000915527344,51.54999923706055,40.59239196777344,5797800
2022-08-03,52.0,52.0,51.33599853515625,51.4900016784668,40.5451545715332,5139300
2022-08-04,51.310001373291016,51.70000076293945,50.86000061035156,50.9900016784668,40.151424407958984,6963700
2022-08-05,50.77000045776367,51.77000045776367,50.72999954223633,51.4900016784668,40.5451545715332,5954500
2022-08-08,51.880001068115234,52.7599983215332,51.79999923706055,52.150001525878906,41.064857482910156,4511400
2022-08-09,52.150001525878906,52.849998474121094,52.11000061035156,52.720001220703125,41.51368713378906,4339000
2022-08-10,53.849998474121094,54.654998779296875,53.810001373291016,54.040000915527344,42.55310821533203,5998300
2022-08-11,54.7599983215332,55.720001220703125,54.7599983215332,55.2599983215332,43.51377868652344,5066200
2022-08-12,55.33000183105469,55.939998626708984,55.310001373291016,55.93000030517578,44.041358947753906,4389100
2022-08-15,55.47999954223633,55.5,54.86000061035156,55.34000015258789,43.576786041259766,5991700
2022-08-16,55.36000061035156,56.42499923706055,55.34000015258789,56.11000061035156,44.18310546875,3925900
2022-08-17,55.52000045776367,55.90999984741211,55.0099983215332,55.459999084472656,43.671268463134766,4198000
2022-08-18,55.720001220703125,56.224998474121094,55.41999816894531,56.02000045776367,44.112239837646484,3561500
2022-08-19,55.68000030517578,55.91999816894531,55.150001525878906,55.4900016784668,43.69490051269531,3517800
2022-08-22,54.4900016784668,54.698001861572266,53.900001525878906,54.40999984741211,42.844459533691406,6342700
2022-08-23,54.65999984741211,55.7599983215332,54.529998779296875,55.619998931884766,43.797264099121094,3894500
2022-08-24,55.5,55.63999938964844,54.08000183105469,54.2400016784668,42.71059799194336,6957200
2022-08-25,54.83000183105469,55.790000915527344,54.75699996948242,55.7599983215332,43.90749740600586,5736200
2022-08-26,55.97999954223633,56.369998931884766,54.2599983215332,54.459999084472656,42.88383102416992,5777700
2022-08-29,53.0,54.0099983215332,52.540000915527344,53.56999969482422,42.183013916015625,9304900
2022-08-30,52.83000183105469,52.959999084472656,51.2599983215332,51.380001068115234,40.99420166015625,7452200
2022-08-31,51.2400016784668,51.63999938964844,50.58000183105469,51.0,40.69101333618164,6069600
2022-09-01,50.459999084472656,50.4900016784668,49.13999938964844,49.959999084472656,39.86124038696289,6378300
2022-09-02,50.529998779296875,50.7599983215332,48.904998779296875,49.310001373291016,39.342620849609375,5124900
2022-09-06,49.900001525878906,50.08000183105469,48.34000015258789,48.59000015258789,38.76815414428711,8104700
2022-09-07,48.34000015258789,49.244998931884766,48.029998779296875,48.970001220703125,39.071346282958984,6517500
2022-09-08,48.4900016784668,49.5099983215332,47.95000076293945,49.400001525878906,39.414432525634766,5964100
2022-09-09,50.22999954223633,50.71500015258789,50.02000045776367,50.5099983215332,40.300052642822266,6265600
2022-09-12,51.290000915527344,51.790000915527344,50.79999923706055,50.93000030517578,40.63515853881836,5042800
2022-09-13,48.75,49.619998931884766,47.55500030517578,47.869998931884766,38.19369125366211,9104300
2022-09-14,47.61000061035156,47.869998931884766,46.380001068115234,47.06999969482422,37.5554084777832,11484300
2022-09-15,47.099998474121094,47.7599983215332,46.689998626708984,46.90999984741211,37.42774963378906,6535500
2022-09-16,46.0099983215332,46.79999923706055,45.40999984741211,46.41999816894531,37.03679656982422,10059000
2022-09-19,45.63999938964844,46.880001068115234,45.470001220703125,46.7400016784668,37.292118072509766,4900300
2022-09-20,45.95000076293945,46.279998779296875,45.369998931884766,46.09000015258789,36.773502349853516,4996000
2022-09-21,46.41999816894531,46.59000015258789,44.970001220703125,44.97999954223633,35.887874603271484,5819100
2022-09-22,45.279998779296875,45.54999923706055,44.75,44.77000045776367,35.720314025878906,4652900
2022-09-23,44.0,44.20000076293945,43.040000915527344,43.900001525878906,35.026187896728516,6729600
2022-09-26,43.52000045776367,44.2599983215332,43.15999984741211,43.38999938964844,34.6192741394043,5497600
2022-09-27,43.939998626708984,44.16999816894531,43.275001525878906,43.790000915527344,34.938419342041016,5444700
2022-09-28,44.08000183105469,45.5099983215332,43.90999984741211,45.04999923706055,35.943729400634766,8315400
2022-09-29,44.5,44.689998626708984,43.4900016784668,44.15999984741211,35.2336311340332,4904800
2022-09-30,44.16999816894531,44.84000015258789,43.79999923706055,43.93000030517578,35.05012512207031,5869800
2022-10-03,44.939998626708984,45.7400016784668,44.45000076293945,45.279998779296875,36.127227783203125,6868700
2022-10-04,45.79999923706055,46.72999954223633,45.625,46.619998931884766,37.196372985839844,6959800
2022-10-05,45.91999816894531,46.439998626708984,45.5099983215332,46.060001373291016,36.74957275390625,5564500
2022-10-06,45.70000076293945,46.099998474121094,45.314998626708984,45.52000045776367,36.318721771240234,5430600
2022-10-07,45.04999923706055,45.439998626708984,44.20000076293945,44.40999984741211,35.43309783935547,5265100
2022-10-10,44.97999954223633,45.439998626708984,44.560001373291016,44.880001068115234,35.808082580566406,4686100
2022-10-11,44.279998779296875,44.790000915527344,43.41999816894531,43.95000076293945,35.066078186035156,5222700
2022-10-12,43.939998626708984,44.22999954223633,43.540000915527344,43.810001373291016,34.95438003540039,4982100
2022-10-13,43.0,46.5,42.90999984741211,45.91999816894531,36.63786697387695,8304900
2022-10-14,46.290000915527344,46.400001525878906,44.73500061035156,45.119998931884766,35.999568939208984,5888400
2022-10-17,45.90999984741211,46.06999969482422,44.994998931884766,45.2599983215332,36.11127853393555,6195300
2022-10-18,46.279998779296875,46.939998626708984,45.375,46.380001068115234,37.0048828125,8009100
2022-10-19,46.2400016784668,46.599998474121094,45.09000015258789,45.130001068115234,36.00756072998047,8371500
2022-10-20,45.38999938964844,47.630001068115234,44.900001525878906,44.93000030517578,35.847984313964844,9259900
2022-10-21,45.02000045776367,46.91999816894531,44.95000076293945,46.869998931884766,37.395835876464844,7483600
2022-10-24,46.88999938964844,47.310001373291016,46.33000183105469,47.040000915527344,37.53147506713867,5645700
2022-10-25,46.709999084472656,47.939998626708984,46.53499984741211,47.849998474121094,38.17774200439453,5202500
2022-10-26,48.0,48.54999923706055,47.88999938964844,47.9900016784668,38.28944396972656,6020700
2022-10-27,48.119998931884766,48.48500061035156,47.470001220703125,47.619998931884766,37.99423599243164,4524400
2022-10-28,47.20000076293945,47.77000045776367,46.810001373291016,47.47999954223633,37.882537841796875,6943200
2022-10-31,47.47999954223633,47.821998596191406,46.625,46.7400016784668,37.292118072509766,6434000
2022-11-01,47.41999816894531,47.56999969482422,46.75,46.93000030517578,37.44370651245117,4892300
2022-11-02,46.86000061035156,48.619998931884766,46.775001525878906,46.93000030517578,37.44370651245117,7310300
2022-11-03,46.27000045776367,46.970001220703125,45.970001220703125,46.4900016784668,37.09265899658203,5122300
2022-11-04,48.27000045776367,49.880001068115234,48.130001068115234,49.029998779296875,39.11922073364258,10593100
2022-11-07,48.9900016784668,49.529998779296875,48.310001373291016,49.5,39.49421691894531,5849000
2022-11-08,49.88999938964844,50.349998474121094,49.45000076293945,49.650001525878906,39.61389923095703,4739700
2022-11-09,49.349998474121094,49.38999938964844,47.56999969482422,47.68000030517578,38.042110443115234,5089900
2022-11-10,49.45000076293945,50.02000045776367,49.119998931884766,49.959999084472656,39.86124038696289,6592000
2022-11-11,51.0,53.439998626708984,50.900001525878906,53.13999938964844,42.3984375,9009800
2022-11-14,52.470001220703125,52.89500045776367,51.86000061035156,51.95000076293945,41.448974609375,5484400
2022-11-15,52.40999984741211,52.70000076293945,51.13999938964844,51.599998474121094,41.16972732543945,4445700
2022-11-16,51.150001525878906,51.220001220703125,50.21500015258789,50.5099983215332,40.300052642822266,4294900
2022-11-17,49.650001525878906,50.150001525878906,49.189998626708984,50.130001068115234,39.99686813354492,3620400
2022-11-18,50.4900016784668,50.52000045776367,49.36000061035156,50.06999969482422,39.948997497558594,3751300
2022-11-21,49.439998626708984,50.66999816894531,48.58000183105469,50.16999816894531,40.02878189086914,5719800
2022-11-22,50.9900016784668,51.779998779296875,50.869998931884766,51.56999969482422,41.14579391479492,4495500
2022-11-23,51.290000915527344,51.7400016784668,51.13999938964844,51.54999923706055,41.12983703613281,3354800
2022-11-25,51.5,51.81999969482422,51.41999816894531,51.560001373291016,41.137813568115234,1648100
2022-11-28,50.849998474121094,51.154998779296875,49.939998626708984,50.20000076293945,40.052730560302734,5657800
2022-11-29,50.25,50.82500076293945,49.880001068115234,50.650001525878906,40.98324203491211,4905000
2022-11-30,50.52000045776367,50.970001220703125,49.37799835205078,50.970001220703125,41.24216842651367,7194200
2022-12-01,51.25,51.5099983215332,50.79999923706055,51.06999969482422,41.323081970214844,4757300
2022-12-02,50.470001220703125,51.70000076293945,50.43000030517578,51.54999923706055,41.71147537231445,4858300
2022-12-05,51.459999084472656,51.939998626708984,50.9900016784668,51.25,41.468719482421875,5109900
2022-12-06,51.45000076293945,51.8650016784668,50.56999969482422,51.04999923706055,41.30690002441406,4373400
2022-12-07,50.81999969482422,51.3390007019043,50.255001068115234,50.70000076293945,41.02369689941406,4248500
2022-12-08,51.18000030517578,51.43000030517578,50.310001373291016,50.560001373291016,40.91041946411133,3815800
2022-12-09,50.5099983215332,51.400001525878906,50.119998931884766,50.20000076293945,40.6191291809082,3807000
2022-12-12,50.31999969482422,51.130001068115234,49.84000015258789,51.11000061035156,41.35544204711914,5208100
2022-12-13,52.5,52.83000183105469,51.29499816894531,51.560001373291016,41.71956253051758,4884100
2022-12-14,51.5,52.04800033569336,50.970001220703125,51.36000061035156,41.557735443115234,4064300
2022-12-15,50.459999084472656,50.5620002746582,49.36000061035156,49.529998779296875,40.07699966430664,6189600
2022-12-16,49.220001220703125,49.970001220703125,48.880001068115234,49.79999923706055,40.29546356201172,8969100
2022-12-19,49.810001373291016,50.314998626708984,48.7599983215332,49.33000183105469,39.9151611328125,4674700
2022-12-20,49.349998474121094,50.005001068115234,49.349998474121094,49.65999984741211,40.182193756103516,4003400
2022-12-21,50.15999984741211,50.93000030517578,50.06999969482422,50.66999816894531,40.99941635131836,3840500
2022-12-22,50.15999984741211,50.25,49.14500045776367,50.16999816894531,40.594844818115234,3340600
2022-12-23,50.20000076293945,50.9109992980957,49.95000076293945,50.86000061035156,41.153160095214844,2634200
2022-12-27,50.90999984741211,51.220001220703125,50.75,51.189998626708984,41.42018127441406,3094500
2022-12-28,51.16999816894531,51.349998474121094,49.904998779296875,49.9900016784668,40.44920349121094,3340300
2022-12-29,50.06999969482422,50.801998138427734,50.0,50.650001525878906,40.98324203491211,2743400
2022-12-30,50.2599983215332,50.53099822998047,49.97999954223633,50.38999938964844,40.772857666015625,2700300
2023-01-03,50.599998474121094,51.150001525878906,50.310001373291016,51.040000915527344,41.298805236816406,3962500
2023-01-04,51.65999984741211,52.505001068115234,51.400001525878906,52.33000183105469,42.34260177612305,4527800
2023-01-05,52.02000045776367,52.97999954223633,51.52000045776367,52.90999984741211,42.81190872192383,4803000
2023-01-06,53.63999938964844,55.23500061035156,53.31999969482422,55.02000045776367,44.51921081542969,6100700
2023-01-09,55.040000915527344,56.189998626708984,54.81999969482422,55.279998779296875,44.72958755493164,6510900
2023-01-10,55.40999984741211,56.58000183105469,55.29999923706055,56.470001220703125,45.692466735839844,6611700
2023-01-11,57.310001373291016,57.88999938964844,57.02000045776367,57.58000183105469,46.59062194824219,8926300
2023-01-12,57.959999084472656,58.79800033569336,57.5,58.52000045776367,47.35121154785156,7305900
2023-01-13,58.0,58.775001525878906,57.790000915527344,58.68000030517578,47.480682373046875,4041200
2023-01-17,58.310001373291016,58.47999954223633,57.2599983215332,57.400001525878906,46.44497299194336,5948400
2023-01-18,58.02000045776367,58.349998474121094,56.77000045776367,56.84000015258789,45.991851806640625,5641500
2023-01-19,56.56999969482422,56.9900016784668,55.849998474121094,56.599998474121094,45.79764938354492,4997500
2023-01-20,56.72999954223633,57.55500030517578,56.31999969482422,57.439998626708984,46.47734451293945,6712600
2023-01-23,57.43000030517578,58.400001525878906,57.21500015258789,58.040000915527344,46.962825775146484,5213700
2023-01-24,57.709999084472656,58.459999084472656,57.16999816894531,58.20000076293945,47.09229278564453,5262500
2023-01-25,57.36000061035156,57.974998474121094,56.849998474121094,57.88999938964844,46.841461181640625,5491500
2023-01-26,56.65999984741211,58.56999969482422,55.83000183105469,58.119998931884766,47.02755355834961,8002500
2023-01-27,58.040000915527344,59.33000183105469,57.810001373291016,58.970001220703125,47.715328216552734,6773300
2023-01-30,58.630001068115234,59.23500061035156,57.79999923706055,57.95000076293945,46.88999938964844,4824700
2023-01-31,58.06999969482422,59.45000076293945,57.81999969482422,59.349998474121094,48.022804260253906,5739100
2023-02-01,59.279998779296875,60.71500015258789,58.79999923706055,60.220001220703125,48.726768493652344,5645100
2023-02-02,60.06999969482422,60.41999816894531,59.5359992980957,59.95000076293945,48.50829315185547,4726200
2023-02-03,59.599998474121094,60.24300003051758,59.40999984741211,60.0,48.54874801635742,3960900
2023-02-06,60.0,60.29999923706055,59.29999923706055,60.09000015258789,48.621578216552734,4658600
2023-02-07,60.06999969482422,60.875,59.68000030517578,60.5099983215332,48.96141815185547,4777500
2023-02-08,60.20000076293945,60.5099983215332,59.560001373291016,59.810001373291016,48.39501953125,3410400
2023-02-09,60.52000045776367,60.709999084472656,58.85499954223633,59.08000183105469,47.80434799194336,3874700
2023-02-10,59.0,59.84000015258789,58.709999084472656,59.81999969482422,48.403106689453125,3826300
2023-02-13,59.81999969482422,60.415000915527344,59.619998931884766,60.31999969482422,48.807682037353516,3520600
2023-02-14,60.040000915527344,60.040000915527344,59.0099983215332,59.7599983215332,48.35455322265625,3749100
2023-02-15,59.310001373291016,59.7599983215332,59.02000045776367,59.7599983215332,48.35455322265625,2357500
2023-02-16,58.970001220703125,59.3849983215332,58.290000915527344,58.68000030517578,47.480682373046875,4302100
2023-02-17,58.2599983215332,58.505001068115234,57.7400016784668,58.130001068115234,47.03564453125,4317200
2023-02-21,57.70000076293945,57.880001068115234,56.70000076293945,56.84000015258789,45.991851806640625,6615600
2023-02-22,56.779998779296875,57.435001373291016,56.70000076293945,57.0099983215332,46.12940216064453,3735400
2023-02-23,57.40999984741211,57.720001220703125,56.33000183105469,57.189998626708984,46.275054931640625,4154000
2023-02-24,56.36000061035156,57.875,56.060001373291016,57.790000915527344,46.760536193847656,4831800
2023-02-27,57.380001068115234,57.63999938964844,56.79999923706055,56.9900016784668,46.67863464355469,5443100
2023-02-28,57.119998931884766,57.5099983215332,56.869998931884766,57.20000076293945,46.85063934326172,5835300
2023-03-01,57.290000915527344,58.654998779296875,57.22999954223633,58.02000045776367,47.52227020263672,4535100
2023-03-02,57.7599983215332,58.645999908447266,57.349998474121094,58.439998626708984,47.86627960205078,3992400
2023-03-03,58.560001373291016,58.75,57.79499816894531,58.31999969482422,47.76799011230469,3463600
2023-03-06,58.0099983215332,58.25,56.77000045776367,57.11000061035156,46.776920318603516,4841200
2023-03-07,56.880001068115234,57.20000076293945,55.540000915527344,55.79999923706055,45.703941345214844,5499200
2023-03-08,56.209999084472656,56.869998931884766,56.09000015258789,56.2599983215332,46.08071517944336,4232700
2023-03-09,56.33000183105469,56.66999816894531,54.95500183105469,55.099998474121094,45.130592346191406,4566100
2023-03-10,55.15999984741211,55.18000030517578,53.314998626708984,53.880001068115234,44.1313362121582,5399000
2023-03-13,52.95000076293945,53.2400016784668,51.9900016784668,52.400001525878906,42.91911697387695,8481300
2023-03-14,53.27000045776367,53.7400016784668,51.595001220703125,52.290000915527344,42.82901382446289,8450400
2023-03-15,51.029998779296875,51.029998779296875,49.66999816894531,50.47999954223633,41.34651184082031,8006200
2023-03-16,49.599998474121094,50.97999954223633,49.20000076293945,50.90999984741211,41.69870376586914,6851400
2023-03-17,50.70000076293945,50.84000015258789,49.70000076293945,50.02000045776367,40.9697380065918,11632000
2023-03-20,50.66999816894531,51.40999984741211,50.61800003051758,51.2599983215332,41.98537826538086,5403200
2023-03-21,52.41999816894531,52.59000015258789,51.57500076293945,52.060001373291016,42.64063262939453,4277400
2023-03-22,52.06999969482422,52.65800094604492,51.334999084472656,51.380001068115234,42.08366012573242,4524000
2023-03-23,51.47999954223633,52.939998626708984,51.154998779296875,51.650001525878906,42.3048210144043,4781100
2023-03-24,50.849998474121094,51.93000030517578,50.45000076293945,51.779998779296875,42.411293029785156,4338400
2023-03-27,52.25,52.70000076293945,51.904998779296875,52.0,42.591487884521484,4328000
2023-03-28,52.16999816894531,52.959999084472656,52.119998931884766,52.90999984741211,43.33683776855469,3083600
2023-03-29,53.7599983215332,53.849998474121094,53.15999984741211,53.599998474121094,43.902000427246094,3710400
2023-03-30,54.25,54.29999923706055,53.58000183105469,54.0,44.229618072509766,3643800
2023-03-31,54.16999816894531,54.88999938964844,53.959999084472656,54.81999969482422,44.901248931884766,4410800
2023-04-03,55.220001220703125,56.11000061035156,55.01499938964844,55.33000183105469,45.3189811706543,6588800
2023-04-04,55.09000015258789,55.279998779296875,53.994998931884766,54.2599983215332,44.44257354736328,5014500
2023-04-05,53.650001525878906,54.68000030517578,53.45000076293945,54.63999938964844,44.75381851196289,3959800
2023-04-06,54.380001068115234,55.060001373291016,54.209999084472656,54.65999984741211,44.77020263671875,5022100
2023-04-10,55.0,55.810001373291016,54.970001220703125,55.810001373291016,45.712135314941406,4046400
2023-04-11,56.060001373291016,56.7400016784668,56.0,56.189998626708984,46.023380279541016,4411100
2023-04-12,57.45000076293945,57.7400016784668,56.79499816894531,56.88999938964844,46.59672546386719,4679700
2023-04-13,56.619998931884766,57.15999984741211,56.08000183105469,56.91999816894531,46.62129592895508,5147600
2023-04-14,57.04999923706055,57.4370002746582,56.25,56.5,46.27729034423828,3394800
2023-04-17,56.68000030517578,56.94499969482422,56.40999984741211,56.900001525878906,46.604915618896484,2874400
2023-04-18,57.0099983215332,57.2400016784668,56.3849983215332,56.779998779296875,46.506629943847656,3354600
2023-04-19,56.400001525878906,56.5880012512207,55.84000015258789,56.439998626708984,46.22814178466797,3828000
2023-04-20,55.79999923706055,56.165000915527344,55.3650016784668,55.70000076293945,45.622039794921875,3334700
2023-04-21,55.36000061035156,55.47999954223633,54.70500183105469,54.869998931884766,44.94220733642578,4179500
2023-04-24,55.13999938964844,55.400001525878906,54.779998779296875,55.38999938964844,45.368125915527344,5036400
2023-04-25,54.459999084472656,55.0,52.5,52.5,43.00102233886719,8369800
2023-04-26,52.27000045776367,53.150001525878906,52.209999084472656,52.58000183105469,43.06654739379883,5952500
2023-04-27,52.63999938964844,53.52000045776367,52.35499954223633,53.5,43.82008743286133,3910700
2023-04-28,53.2400016784668,54.90999984741211,53.16999816894531,54.400001525878906,44.55724334716797,6014400
2023-05-01,54.459999084472656,54.619998931884766,53.82500076293945,54.11000061035156,44.31971740722656,4013200
2023-05-02,53.5,53.88999938964844,52.58000183105469,53.779998779296875,44.0494270324707,4206000
2023-05-03,53.75,54.16999816894531,52.90999984741211,53.0,43.410552978515625,3343000
2023-05-04,52.900001525878906,53.40999984741211,52.27000045776367,53.36000061035156,43.70541763305664,3899900
2023-05-05,54.2599983215332,54.58000183105469,53.83000183105469,54.40999984741211,44.565433502197266,4145300
2023-05-08,54.41999816894531,54.90999984741211,54.0099983215332,54.150001525878906,44.35247802734375,2725300
2023-05-09,53.88999938964844,53.939998626708984,53.470001220703125,53.66999816894531,43.95933151245117,3285300
2023-05-10,54.279998779296875,54.57500076293945,52.849998474121094,53.45000076293945,43.77913284301758,3888200
2023-05-11,53.0,53.0099983215332,51.939998626708984,52.34000015258789,42.86996841430664,5499600
2023-05-12,52.54999923706055,52.7400016784668,52.05500030517578,52.310001373291016,42.84539031982422,3260200
2023-05-15,52.619998931884766,52.65999984741211,51.75,52.2599983215332,42.804447174072266,3774800
2023-05-16,52.0099983215332,52.099998474121094,50.97999954223633,51.060001373291016,41.821563720703125,4611000
2023-05-17,51.31999969482422,51.84000015258789,51.0890007019043,51.47999954223633,42.16556930541992,4777300
2023-05-18,51.22999954223633,52.005001068115234,50.849998474121094,51.869998931884766,42.48500442504883,4451900
2023-05-19,52.25,52.34000015258789,51.61000061035156,51.95000076293945,42.550533294677734,3747400
2023-05-22,52.02000045776367,52.209999084472656,51.540000915527344,51.77000045776367,42.40310287475586,3478200
2023-05-23,51.77000045776367,52.31999969482422,51.45000076293945,51.959999084472656,42.558719635009766,3611400
2023-05-24,52.11000061035156,52.11000061035156,51.189998626708984,51.31999969482422,42.03451919555664,3162400
2023-05-25,51.0,51.119998931884766,49.96500015258789,50.369998931884766,41.25640869140625,4688200
2023-05-26,50.72999954223633,50.790000915527344,50.25,50.34000015258789,41.231834411621094,3511000
2023-05-30,49.529998779296875,49.744998931884766,48.900001525878906,49.5,41.11555480957031,5222800
2023-05-31,49.130001068115234,49.369998931884766,48.34000015258789,48.779998779296875,40.51750183105469,8465200
2023-06-01,49.0,49.345001220703125,48.5099983215332,49.0,40.70024108886719,4573900
2023-06-02,50.11000061035156,51.68000030517578,50.0099983215332,51.61000061035156,42.8681526184082,7786600
2023-06-05,51.689998626708984,52.3650016784668,51.470001220703125,51.5,42.77677917480469,5567400
2023-06-06,51.11000061035156,52.880001068115234,51.06999969482422,52.59000015258789,43.68216323852539,7378400
2023-06-07,52.81999969482422,53.95000076293945,52.720001220703125,53.869998931884766,44.74534225463867,6453700
2023-06-08,54.11000061035156,54.34000015258789,52.25,52.779998779296875,43.83997344970703,5092000
2023-06-09,52.41999816894531,52.68000030517578,51.6349983215332,51.7400016784668,42.976131439208984,5478000
2023-06-12,51.79999923706055,52.310001373291016,51.36000061035156,51.79999923706055,43.02597427368164,3888400
2023-06-13,52.150001525878906,53.54999923706055,51.97999954223633,53.13999938964844,44.13899612426758,4273600
2023-06-14,53.560001373291016,53.86000061035156,52.505001068115234,52.810001373291016,43.864898681640625,3319800
2023-06-15,52.7400016784668,53.7400016784668,52.58000183105469,53.47999954223633,44.42140197753906,3283600
2023-06-16,53.29999923706055,53.310001373291016,52.599998474121094,53.15999984741211,44.15561294555664,9535900
2023-06-20,52.31999969482422,52.439998626708984,51.2400016784668,51.91999816894531,43.125640869140625,5083700
2023-06-21,51.68000030517578,52.4900016784668,51.2599983215332,51.880001068115234,43.0924186706543,3591400
2023-06-22,50.41999816894531,51.4900016784668,50.20000076293945,51.38999938964844,42.6854133605957,4734000
2023-06-23,50.72999954223633,51.5,50.2599983215332,51.36000061035156,42.66049575805664,3703100
2023-06-26,51.43000030517578,52.224998474121094,51.29999923706055,51.95000076293945,43.15056610107422,3073900
2023-06-27,51.93000030517578,52.619998931884766,51.619998931884766,52.56999969482422,43.66554641723633,3176300
2023-06-28,52.56999969482422,52.970001220703125,51.869998931884766,52.959999084472656,43.98948287963867,3364600
2023-06-29,52.95000076293945,53.369998931884766,52.689998626708984,53.2400016784668,44.2220573425293,2559400
2023-06-30,53.58000183105469,53.59000015258789,52.9900016784668,53.2599983215332,44.238670349121094,4158100
2023-07-03,53.25,53.9900016784668,53.22999954223633,53.779998779296875,44.67059326171875,2228500
2023-07-05,53.18000030517578,53.439998626708984,52.52000045776367,52.84000015258789,43.889808654785156,5878100
2023-07-06,52.290000915527344,52.875,51.7599983215332,52.77000045776367,43.8316650390625,5287100
2023-07-07,52.41999816894531,53.939998626708984,52.31999969482422,53.099998474121094,44.10576629638672,5400200
2023-07-10,52.77000045776367,53.66999816894531,52.67499923706055,53.27000045776367,44.246971130371094,3663100
2023-07-11,53.5,53.900001525878906,53.369998931884766,53.41999816894531,44.3715705871582,3470800
2023-07-12,54.36000061035156,54.65999984741211,53.16999816894531,54.11000061035156,44.94469451904297,5983900
2023-07-13,54.189998626708984,54.45000076293945,53.79999923706055,54.209999084472656,45.02775955200195,3291900
2023-07-14,54.0099983215332,54.060001373291016,52.75,52.91999816894531,43.95625686645508,3885600
2023-07-17,52.540000915527344,52.685001373291016,52.16999816894531,52.43000030517578,43.549259185791016,4318300
2023-07-18,52.43000030517578,53.35499954223633,52.380001068115234,52.97999954223633,44.006103515625,4815500
2023-07-19,52.84000015258789,53.040000915527344,52.529998779296875,52.81999969482422,43.873199462890625,3731800
2023-07-20,53.31999969482422,53.34000015258789,52.599998474121094,53.04999923706055,44.06424331665039,3751900
2023-07-21,53.099998474121094,53.18000030517578,52.599998474121094,53.04999923706055,44.06424331665039,4095300
2023-07-24,53.16999816894531,53.36000061035156,52.255001068115234,52.54999923706055,43.64892578125,6687900
2023-07-25,52.939998626708984,55.14500045776367,52.849998474121094,53.47999954223633,44.42140197753906,9077400
2023-07-26,53.25,53.959999084472656,53.20000076293945,53.70000076293945,44.60414123535156,7582000
2023-07-27,54.099998474121094,55.029998779296875,53.79999923706055,54.939998626708984,45.63410568237305,8079600
2023-07-28,55.459999084472656,55.869998931884766,55.154998779296875,55.459999084472656,46.0660285949707,4560900
2023-07-31,55.529998779296875,56.4900016784668,55.45000076293945,56.470001220703125,46.90495300292969,6387600
2023-08-01,56.25,56.41999816894531,55.540000915527344,55.779998779296875,46.331817626953125,5563300
2023-08-02,55.060001373291016,55.4900016784668,54.66999816894531,54.70000076293945,45.434757232666016,4498900
2023-08-03,54.36000061035156,55.72999954223633,54.36000061035156,54.900001525878906,45.60088348388672,4630200
2023-08-04,54.959999084472656,55.45000076293945,54.44499969482422,54.5099983215332,45.27694320678711,3626600
2023-08-07,54.869998931884766,55.81999969482422,54.84000015258789,55.52000045776367,46.11586380004883,3263400
2023-08-08,54.720001220703125,55.119998931884766,54.2599983215332,55.0099983215332,45.692256927490234,3607400
2023-08-09,55.41999816894531,56.03499984741211,54.86000061035156,55.540000915527344,46.132476806640625,4619700
2023-08-10,55.900001525878906,56.22999954223633,55.619998931884766,55.97999954223633,46.497955322265625,5147000
2023-08-11,55.70000076293945,55.994998931884766,55.270999908447266,55.45000076293945,46.05772018432617,4547000
2023-08-14,55.34000015258789,55.540000915527344,54.81999969482422,55.380001068115234,45.999576568603516,3637200
2023-08-15,54.70000076293945,55.16999816894531,53.422000885009766,53.529998779296875,44.46294021606445,5280400
2023-08-16,53.189998626708984,53.7599983215332,53.09000015258789,53.31999969482422,44.28850555419922,3549100
2023-08-17,53.77000045776367,54.65999984741211,53.70000076293945,53.86000061035156,44.73704147338867,3614900
2023-08-18,53.7599983215332,54.130001068115234,53.439998626708984,54.02000045776367,44.86994552612305,2921100
2023-08-21,54.25,54.400001525878906,53.81999969482422,54.16999816894531,44.994529724121094,3112700
2023-08-22,54.29999923706055,54.47999954223633,53.525001525878906,53.790000915527344,44.67890167236328,2745900
2023-08-23,53.650001525878906,53.95000076293945,52.810001373291016,53.400001525878906,44.35496520996094,3391300
2023-08-24,53.0,53.88999938964844,53.0,53.540000915527344,44.47124481201172,3198500
2023-08-25,53.97999954223633,54.380001068115234,53.64500045776367,53.97999954223633,44.83671569824219,3282700
2023-08-28,54.15999984741211,54.880001068115234,54.150001525878906,54.599998474121094,45.35170364379883,3429700
2023-08-29,54.790000915527344,55.28499984741211,54.4900016784668,55.2400016784668,45.88329315185547,3789500
2023-08-30,54.560001373291016,54.900001525878906,54.34000015258789,54.75,46.05996322631836,3482600
2023-08-31,54.63999938964844,54.900001525878906,54.52000045776367,54.560001373291016,45.90011978149414,4116300
2023-09-01,55.029998779296875,55.560001373291016,54.7599983215332,55.290000915527344,46.51425552368164,4335600
2023-09-05,55.18000030517578,55.400001525878906,53.98500061035156,54.189998626708984,45.588844299316406,4913900
2023-09-06,53.959999084472656,54.93000030517578,53.91999816894531,54.88999938964844,46.177738189697266,4645100
2023-09-07,54.75,54.939998626708984,53.52000045776367,54.099998474121094,45.513126373291016,4275500
2023-09-08,54.310001373291016,54.779998779296875,53.599998474121094,53.709999084472656,45.18502426147461,3988400
2023-09-11,54.13999938964844,54.88999938964844,53.619998931884766,53.66999816894531,45.15138244628906,3322400
2023-09-12,53.66999816894531,54.220001220703125,53.45500183105469,53.630001068115234,45.117733001708984,2527600
2023-09-13,53.65999984741211,53.810001373291016,52.584999084472656,52.81999969482422,44.43629455566406,3079000
2023-09-14,53.400001525878906,54.233001708984375,53.290000915527344,54.040000915527344,45.46265411376953,4604300
2023-09-15,54.040000915527344,54.11000061035156,53.6150016784668,53.84000015258789,45.294395446777344,7464100
2023-09-18,53.81999969482422,53.95000076293945,53.244998931884766,53.380001068115234,44.90740203857422,4593700
2023-09-19,53.439998626708984,53.72999954223633,52.3489990234375,52.900001525878906,44.50359344482422,3986200
2023-09-20,52.959999084472656,53.4900016784668,52.43000030517578,52.459999084472656,44.13343811035156,2309200
2023-09-21,52.04999923706055,52.33000183105469,50.97999954223633,51.0,42.9051628112793,4359000
2023-09-22,51.099998474121094,51.25,50.07500076293945,50.25,42.27421188354492,4465100
2023-09-25,50.79999923706055,51.35499954223633,50.439998626708984,51.09000015258789,42.98088455200195,4331600
2023-09-26,50.529998779296875,51.26499938964844,50.345001220703125,50.47999954223633,42.46770477294922,3451800
2023-09-27,50.849998474121094,51.36000061035156,50.61000061035156,51.0,42.9051628112793,3048800
2023-09-28,50.959999084472656,51.18000030517578,50.52000045776367,50.93000030517578,42.846275329589844,3965200
2023-09-29,51.34000015258789,51.77000045776367,51.189998626708984,51.560001373291016,43.376285552978516,4234800
2023-10-02,51.290000915527344,51.65999984741211,50.7400016784668,51.29999923706055,43.15755844116211,4691000
2023-10-03,50.95000076293945,52.04999923706055,50.88999938964844,51.02000045776367,42.9219970703125,5179200
2023-10-04,51.47999954223633,51.47999954223633,50.20500183105469,51.11000061035156,42.99770736694336,4727300
2023-10-05,50.790000915527344,51.150001525878906,49.7400016784668,49.86000061035156,41.946109771728516,5161800
2023-10-06,49.77000045776367,50.915000915527344,49.529998779296875,50.279998779296875,42.2994499206543,4215600
2023-10-09,50.279998779296875,50.900001525878906,49.939998626708984,50.810001373291016,42.745323181152344,3333600
2023-10-10,51.130001068115234,51.814998626708984,51.060001373291016,51.310001373291016,43.16596603393555,2906500
2023-10-11,51.099998474121094,51.5099983215332,50.5099983215332,50.88999938964844,42.812625885009766,3049700
2023-10-12,51.310001373291016,51.310001373291016,49.75,50.25,42.27421188354492,3012500
2023-10-13,50.560001373291016,50.709999084472656,49.61000061035156,49.72999954223633,41.83674621582031,3659600
2023-10-16,50.33000183105469,50.529998779296875,49.790000915527344,50.189998626708984,42.223731994628906,2786400
2023-10-17,49.75,51.029998779296875,49.72999954223633,50.72999954223633,42.67802810668945,3309300
2023-10-18,50.38999938964844,50.83000183105469,49.93000030517578,50.08000183105469,42.13119125366211,3495300
2023-10-19,49.79999923706055,50.290000915527344,49.3849983215332,49.45000076293945,41.60118865966797,3754300
2023-10-20,49.47999954223633,49.56999969482422,48.91999816894531,48.9900016784668,41.21419906616211,3920000
2023-10-23,48.77000045776367,48.900001525878906,48.125,48.2400016784668,40.58323669433594,5592100
2023-10-24,48.43000030517578,49.720001220703125,48.0,49.2400016784668,41.424522399902344,5506600
2023-10-25,48.93000030517578,49.029998779296875,47.2599983215332,47.540000915527344,39.994346618652344,4920200
2023-10-26,47.400001525878906,48.279998779296875,47.400001525878906,48.02000045776367,40.398162841796875,6216100
2023-10-27,48.02000045776367,48.54499816894531,47.84000015258789,48.11000061035156,40.473876953125,4714900
2023-10-30,48.65999984741211,49.04999923706055,47.994998931884766,48.34000015258789,40.66736602783203,3698600
2023-10-31,48.38999938964844,48.79499816894531,48.11000061035156,48.34000015258789,40.66736602783203,4660500
2023-11-01,48.2400016784668,48.42499923706055,47.599998474121094,48.209999084472656,40.558006286621094,4702900
2023-11-02,48.58000183105469,49.09000015258789,48.5099983215332,48.9900016784668,41.21419906616211,3741600
2023-11-03,49.439998626708984,50.07500076293945,49.439998626708984,49.72999954223633,41.83674621582031,3744000
2023-11-06,49.72999954223633,49.79999923706055,49.13999938964844,49.34000015258789,41.508644104003906,3641100
2023-11-07,48.709999084472656,48.869998931884766,48.2400016784668,48.529998779296875,40.82720947265625,5172700
2023-11-08,48.540000915527344,48.619998931884766,47.779998779296875,48.29999923706055,40.63372039794922,4133300
2023-11-09,48.75,48.779998779296875,48.2400016784668,48.36000061035156,40.6841926574707,3340800
2023-11-10,48.540000915527344,49.68000030517578,48.5099983215332,49.47999954223633,41.626426696777344,3825200
2023-11-13,49.130001068115234,49.52000045776367,48.904998779296875,49.2400016784668,41.424522399902344,3161000
2023-11-14,50.0,51.4900016784668,49.93000030517578,51.04999923706055,42.94722366333008,4848900
2023-11-15,51.189998626708984,51.900001525878906,50.869998931884766,51.529998779296875,43.35104751586914,5032500
2023-11-16,51.470001220703125,51.650001525878906,50.869998931884766,51.439998626708984,43.275333404541016,5034100
2023-11-17,51.880001068115234,51.880001068115234,51.25,51.70000076293945,43.49406433105469,3306100
2023-11-20,51.66999816894531,51.88999938964844,51.36000061035156,51.68000030517578,43.47724533081055,3761300
2023-11-21,51.689998626708984,51.849998474121094,51.45500183105469,51.72999954223633,43.51930618286133,2840700
2023-11-22,51.75,51.779998779296875,51.099998474121094,51.400001525878906,43.241676330566406,3139600
2023-11-24,51.560001373291016,51.939998626708984,51.45000076293945,51.66999816894531,43.46882247924805,1679700
2023-11-27,51.400001525878906,51.599998474121094,51.02000045776367,51.119998931884766,43.00611877441406,3896200
2023-11-28,51.20000076293945,51.970001220703125,50.595001220703125,51.689998626708984,43.48564910888672,6376900
2023-11-29,50.9900016784668,51.970001220703125,50.970001220703125,51.33000183105469,43.775611877441406,3551700
2023-11-30,51.5,51.880001068115234,51.22999954223633,51.75,44.13379669189453,4649800
2023-12-01,51.79999923706055,52.619998931884766,51.56999969482422,52.29999923706055,44.60284423828125,4274000
2023-12-04,52.27000045776367,52.77000045776367,51.970001220703125,52.099998474121094,44.43228530883789,6354700
2023-12-05,51.7400016784668,51.85499954223633,50.970001220703125,51.13999938964844,43.61357116699219,4691000
2023-12-06,51.439998626708984,51.72999954223633,50.77000045776367,50.88999938964844,43.40037155151367,3603700
2023-12-07,51.11000061035156,51.26499938964844,50.6150016784668,51.06999969482422,43.55387496948242,2822900
2023-12-08,51.040000915527344,51.779998779296875,50.900001525878906,50.91999816894531,43.42594528198242,3664100
2023-12-11,50.869998931884766,51.52000045776367,50.7599983215332,51.279998779296875,43.732967376708984,3582700
2023-12-12,51.279998779296875,51.36199951171875,50.59000015258789,50.81999969482422,43.340667724609375,4350500
2023-12-13,50.54999923706055,52.404998779296875,50.459999084472656,52.33000183105469,44.62843322753906,4774200
2023-12-14,52.880001068115234,54.45000076293945,52.75,54.22999954223633,46.248809814453125,7892900
2023-12-15,53.560001373291016,54.380001068115234,53.119998931884766,54.2400016784668,46.25733947753906,9909800
2023-12-18,54.75,54.83000183105469,54.0,54.25,46.265865325927734,3219100
2023-12-19,54.470001220703125,55.02000045776367,54.400001525878906,54.91999816894531,46.837257385253906,3796900
2023-12-20,54.779998779296875,55.349998474121094,54.56999969482422,54.58000183105469,46.54730224609375,4953500
2023-12-21,55.0099983215332,55.20000076293945,54.47999954223633,54.970001220703125,46.87990188598633,2653900
2023-12-22,55.09000015258789,55.65999984741211,54.849998474121094,55.119998931884766,47.0078239440918,2341900
2023-12-26,55.209999084472656,55.89500045776367,55.119998931884766,55.709999084472656,47.51099395751953,2266200
2023-12-27,55.689998626708984,55.858001708984375,55.470001220703125,55.709999084472656,47.51099395751953,2535300
2023-12-28,55.59000015258789,55.70000076293945,55.15999984741211,55.22999954223633,47.10163116455078,2172600
2023-12-29,55.099998474121094,55.2599983215332,54.68000030517578,54.84000015258789,46.76903533935547,2271400
2024-01-02,54.7400016784668,55.68000030517578,54.584999084472656,55.33000183105469,47.18692398071289,3533500
2024-01-03,54.849998474121094,55.08000183105469,53.95000076293945,54.630001068115234,46.589942932128906,4120000
2024-01-04,54.599998474121094,54.9900016784668,54.04499816894531,54.189998626708984,46.21469497680664,4579500
2024-01-05,54.029998779296875,55.029998779296875,53.97999954223633,54.81999969482422,46.751976013183594,3796400
2024-01-08,54.68000030517578,55.13999938964844,54.38999938964844,55.08000183105469,46.973716735839844,3966100
2024-01-09,54.59000015258789,54.59000015258789,53.779998779296875,53.939998626708984,46.00149154663086,4287000
2024-01-10,53.650001525878906,53.93000030517578,53.04499816894531,53.380001068115234,45.52391052246094,4062200
2024-01-11,53.2400016784668,53.66999816894531,52.7400016784668,53.63999938964844,45.745643615722656,4497400
2024-01-12,54.02000045776367,54.15999984741211,53.01499938964844,53.369998931884766,45.51537322998047,3673500
2024-01-16,53.369998931884766,53.38999938964844,52.27000045776367,53.099998474121094,45.28511428833008,5962800
2024-01-17,52.33000183105469,52.619998931884766,52.040000915527344,52.470001220703125,44.747833251953125,3469000
2024-01-18,52.58000183105469,52.72999954223633,52.099998474121094,52.599998474121094,44.858699798583984,4230400
2024-01-19,52.689998626708984,52.99700164794922,52.119998931884766,52.810001373291016,45.03779983520508,4171500
2024-01-22,52.720001220703125,53.619998931884766,52.54999923706055,53.560001373291016,45.67741775512695,5615500
2024-01-23,54.0,54.45500183105469,53.744998931884766,53.90999984741211,45.97590637207031,4668100
2024-01-24,53.720001220703125,54.130001068115234,53.029998779296875,53.09000015258789,45.276588439941406,6016900
2024-01-25,54.7599983215332,55.130001068115234,53.77000045776367,54.939998626708984,46.85432052612305,7240800
2024-01-26,55.0,55.29499816894531,53.75600051879883,54.060001373291016,46.10383605957031,5240800
2024-01-29,54.16999816894531,54.220001220703125,53.40999984741211,54.06999969482422,46.11235046386719,3742400
2024-01-30,53.599998474121094,54.53499984741211,53.5,54.470001220703125,46.4534912109375,4640900
2024-01-31,54.5,54.560001373291016,53.58000183105469,53.599998474121094,45.711524963378906,5471900
2024-02-01,53.90999984741211,54.0099983215332,52.66999816894531,53.540000915527344,45.66036605834961,5039900
2024-02-02,53.09000015258789,53.75600051879883,52.4900016784668,53.41999816894531,45.55801010131836,5720200
2024-02-05,52.540000915527344,53.53900146484375,52.36000061035156,53.15999984741211,45.33628463745117,5482000
2024-02-06,53.220001220703125,54.150001525878906,53.04999923706055,54.040000915527344,46.08677291870117,5212500
2024-02-07,54.25,54.38999938964844,53.70000076293945,54.09000015258789,46.129417419433594,3455800
2024-02-08,54.16999816894531,54.20000076293945,53.5,53.880001068115234,45.950321197509766,3554400
2024-02-09,53.790000915527344,54.119998931884766,53.55500030517578,53.9900016784668,46.044132232666016,3897400
2024-02-12,54.0,55.279998779296875,53.849998474121094,54.790000915527344,46.72639846801758,5262800
2024-02-13,54.0,54.27000045776367,52.599998474121094,53.18000030517578,45.35334396362305,5105400
2024-02-14,53.4900016784668,53.88999938964844,53.22999954223633,53.58000183105469,45.69447326660156,3766500
2024-02-15,53.90999984741211,55.380001068115234,53.84000015258789,55.16999816894531,47.050472259521484,4500400
2024-02-16,55.130001068115234,55.95500183105469,54.959999084472656,55.47999954223633,47.314842224121094,5060900
2024-02-20,54.790000915527344,55.45000076293945,54.446998596191406,54.709999084472656,46.65816879272461,4493800
2024-02-21,54.84000015258789,55.83000183105469,54.7599983215332,55.75,47.54510498046875,4065900
2024-02-22,55.75,56.185001373291016,55.65999984741211,56.0,47.75831604003906,5088600
2024-02-23,56.029998779296875,56.81999969482422,56.0,56.38999938964844,48.09090805053711,4414200
2024-02-26,56.13999938964844,56.47999954223633,55.849998474121094,56.06999969482422,47.81801223754883,3741600
2024-02-27,56.369998931884766,56.560001373291016,55.95100021362305,56.27000045776367,47.98857879638672,3913000
2024-02-28,55.470001220703125,55.689998626708984,55.0099983215332,55.099998474121094,47.58269500732422,4432800
2024-02-29,55.189998626708984,56.040000915527344,54.970001220703125,55.880001068115234,48.25628662109375,6733400
2024-03-01,55.869998931884766,56.22999954223633,55.61000061035156,55.77000045776367,48.16129684448242,4651400
2024-03-04,55.529998779296875,57.15999984741211,55.47999954223633,57.02000045776367,49.240760803222656,7042200
2024-03-05,56.619998931884766,57.7400016784668,56.619998931884766,56.97999954223633,49.20621109008789,6093400
2024-03-06,57.95000076293945,58.099998474121094,56.35100173950195,56.86000061035156,49.10258102416992,4840100
2024-03-07,57.369998931884766,57.654998779296875,56.560001373291016,56.939998626708984,49.171661376953125,4568700
2024-03-08,57.099998474121094,57.689998626708984,56.56999969482422,56.61000061035156,48.88668441772461,4723600
2024-03-11,56.689998626708984,57.79499816894531,56.54999923706055,57.43000030517578,49.59481430053711,4438400
2024-03-12,57.63999938964844,57.86000061035156,57.15999984741211,57.68000030517578,49.810707092285156,4048300
2024-03-13,57.86000061035156,58.7400016784668,57.599998474121094,57.970001220703125,50.06114959716797,7650600
2024-03-14,57.65999984741211,57.90999984741211,56.92499923706055,57.31999969482422,49.49982452392578,6871500
2024-03-15,57.349998474121094,57.79999923706055,56.939998626708984,57.040000915527344,49.25802230834961,20629600
2024-03-18,57.400001525878906,57.40999984741211,56.558998107910156,56.7400016784668,48.998958587646484,7409100
2024-03-19,56.709999084472656,57.04999923706055,56.415000915527344,56.7599983215332,49.01622772216797,6782700
2024-03-20,56.56999969482422,58.709999084472656,56.380001068115234,58.16999816894531,50.233856201171875,7789700
2024-03-21,58.5,58.619998931884766,57.55500030517578,57.93000030517578,50.0265998840332,5870700
2024-03-22,57.9900016784668,58.209999084472656,57.58000183105469,57.68000030517578,49.810707092285156,3376000
2024-03-25,57.77000045776367,57.849998474121094,57.279998779296875,57.38999938964844,49.560279846191406,3422400
2024-03-26,57.66999816894531,57.689998626708984,57.060001373291016,57.06999969482422,49.283931732177734,3621600
2024-03-27,57.560001373291016,58.15999984741211,57.43000030517578,58.13999938964844,50.20795440673828,5126900
2024-03-28,58.20000076293945,58.439998626708984,57.79999923706055,57.93000030517578,50.0265998840332,4064500
2024-04-01,57.86000061035156,58.34000015258789,57.40999984741211,58.2599983215332,50.31157684326172,3827200
2024-04-02,58.33000183105469,59.375,58.01100158691406,59.290000915527344,51.2010612487793,6330200
2024-04-03,59.380001068115234,60.279998779296875,59.380001068115234,59.9900016784668,51.80556106567383,4943200
2024-04-04,60.40999984741211,60.689998626708984,59.64500045776367,59.86000061035156,51.69328689575195,5382100
2024-04-05,59.9900016784668,59.9900016784668,59.09000015258789,59.689998626708984,51.546485900878906,3862400
2024-04-08,59.95000076293945,60.189998626708984,59.150001525878906,59.52000045776367,51.39967727661133,3775900
2024-04-09,59.95000076293945,60.25,59.483001708984375,59.869998931884766,51.70192337036133,3574800
2024-04-10,59.209999084472656,59.63999938964844,58.369998931884766,58.849998474121094,50.821083068847656,4251900
2024-04-11,58.959999084472656,59.0,58.290000915527344,58.459999084472656,50.48429489135742,3432000
2024-04-12,58.119998931884766,58.619998931884766,57.560001373291016,57.689998626708984,49.81934356689453,3788300
2024-04-15,58.22999954223633,58.66999816894531,56.915000915527344,57.31999969482422,49.49982452392578,3885300
2024-04-16,56.97999954223633,57.119998931884766,56.63999938964844,56.86000061035156,49.10258102416992,3098000
2024-04-17,57.16999816894531,57.36000061035156,56.66999816894531,56.81999969482422,49.06804275512695,2815400
2024-04-18,57.29999923706055,57.29999923706055,56.040000915527344,56.4900016784668,48.78306198120117,3856200
2024-04-19,56.4900016784668,56.91999816894531,56.314998626708984,56.65999984741211,48.92987060546875,3862100
2024-04-22,56.619998931884766,57.310001373291016,56.279998779296875,56.9900016784668,49.214847564697266,3211600
2024-04-23,56.650001525878906,57.10200119018555,56.45000076293945,56.7400016784668,48.998958587646484,3099300
2024-04-24,56.40999984741211,57.220001220703125,56.380001068115234,56.97999954223633,49.20621109008789,4954700
2024-04-25,57.709999084472656,57.900001525878906,55.060001373291016,56.439998626708984,48.73988342285156,7082800
2024-04-26,57.650001525878906,58.209999084472656,57.150001525878906,57.290000915527344,49.473915100097656,5573600
2024-04-29,57.22999954223633,57.83000183105469,57.16999816894531,57.79999923706055,49.91434097290039,4249500
2024-04-30,57.27000045776367,57.95000076293945,56.880001068115234,56.900001525878906,49.13712692260742,5566000
2024-05-01,57.040000915527344,57.95000076293945,56.43000030517578,57.22999954223633,49.422096252441406,5102800
2024-05-02,57.56999969482422,57.7599983215332,56.38999938964844,56.83000183105469,49.07667922973633,4453100
2024-05-03,57.189998626708984,57.43000030517578,56.75,57.040000915527344,49.25802230834961,2544400
2024-05-06,57.2599983215332,57.369998931884766,56.720001220703125,57.34000015258789,49.51709747314453,3862600
2024-05-07,57.61000061035156,59.130001068115234,57.369998931884766,58.36000061035156,50.3979377746582,6215200
2024-05-08,57.939998626708984,59.33000183105469,57.939998626708984,58.63999938964844,50.639739990234375,4950700
2024-05-09,58.75,59.59000015258789,58.75,59.45000076293945,51.339229583740234,4208200
2024-05-10,59.689998626708984,60.130001068115234,59.279998779296875,59.40999984741211,51.304683685302734,3053500
2024-05-13,59.5,59.91999816894531,59.22999954223633,59.36000061035156,51.26150894165039,2257700
2024-05-14,59.560001373291016,59.939998626708984,59.51499938964844,59.650001525878906,51.511940002441406,3516800
2024-05-15,60.040000915527344,60.189998626708984,58.970001220703125,59.060001373291016,51.00244140625,3541000
2024-05-16,59.040000915527344,59.40999984741211,58.5099983215332,58.70000076293945,50.69154739379883,4871300
2024-05-17,59.060001373291016,59.209999084472656,58.70000076293945,59.189998626708984,51.11470031738281,2668700
2024-05-20,59.099998474121094,59.45000076293945,58.79999923706055,59.2400016784668,51.15787887573242,1915100
2024-05-21,59.18000030517578,59.290000915527344,58.80500030517578,58.90999984741211,50.87290573120117,2252900
2024-05-22,58.52000045776367,58.65999984741211,57.290000915527344,57.599998474121094,49.74161911010742,4851900
2024-05-23,57.4900016784668,57.52000045776367,56.81999969482422,56.91999816894531,49.15439987182617,3423500
2024-05-24,57.290000915527344,57.81999969482422,57.279998779296875,57.7599983215332,49.879798889160156,2675800
2024-05-28,57.900001525878906,58.3650016784668,57.7599983215332,58.040000915527344,50.12159729003906,2493700
2024-05-29,57.5,57.61000061035156,56.970001220703125,57.0,49.22348403930664,2969500
2024-05-30,57.0,57.54999923706055,56.97999954223633,57.38999938964844,49.560279846191406,3174100
2024-05-31,56.630001068115234,57.75,56.590999603271484,57.630001068115234,50.38205337524414,5920100
2024-06-03,57.54999923706055,57.59000015258789,55.439998626708984,56.06999969482422,49.01824951171875,4696600
2024-06-04,55.56999969482422,55.720001220703125,55.099998474121094,55.150001525878906,48.21396255493164,4600600
2024-06-05,55.150001525878906,55.939998626708984,55.029998779296875,55.689998626708984,48.686038970947266,3945300
2024-06-06,55.619998931884766,56.0,55.43000030517578,55.68000030517578,48.677303314208984,3463500
2024-06-07,55.369998931884766,56.275001525878906,55.27000045776367,55.72999954223633,48.721012115478516,4143500
2024-06-10,55.47999954223633,56.18000030517578,55.369998931884766,56.04999923706055,49.000770568847656,4131500
2024-06-11,55.90999984741211,56.15999984741211,55.5099983215332,56.150001525878906,49.088191986083984,3276300
2024-06-12,56.880001068115234,57.220001220703125,56.04499816894531,56.25,49.17560577392578,3990800
2024-06-13,56.029998779296875,56.310001373291016,55.5099983215332,56.060001373291016,49.00950622558594,2831400
2024-06-14,55.52000045776367,56.119998931884766,54.59000015258789,55.02000045776367,48.10030746459961,3446000
2024-06-17,55.0,55.380001068115234,54.56999969482422,55.22999954223633,48.28388977050781,3243800
2024-06-18,55.380001068115234,55.84000015258789,55.099998474121094,55.439998626708984,48.46748352050781,6081900
2024-06-20,54.900001525878906,55.0,54.064998626708984,54.209999084472656,47.39217758178711,8512500
2024-06-21,54.099998474121094,54.20000076293945,53.470001220703125,53.9900016784668,47.19984817504883,10457200
2024-06-24,54.209999084472656,54.790000915527344,54.11000061035156,54.619998931884766,47.7506103515625,6987500
2024-06-25,54.279998779296875,54.29999923706055,53.060001373291016,53.15999984741211,46.4742317199707,7021000
2024-06-26,52.650001525878906,53.244998931884766,52.25,53.20000076293945,46.50920104980469,4799100
2024-06-27,53.310001373291016,53.43000030517578,52.810001373291016,52.959999084472656,46.29938507080078,3952900
2024-06-28,52.970001220703125,53.470001220703125,52.95000076293945,53.04999923706055,46.37806701660156,13623000
2024-07-01,53.0,53.5,52.349998474121094,52.630001068115234,46.01088333129883,3715600
2024-07-02,52.529998779296875,52.91999816894531,52.220001220703125,52.709999084472656,46.08082580566406,3847100
2024-07-03,52.720001220703125,53.209999084472656,52.650001525878906,52.880001068115234,46.22945022583008,1905600
2024-07-05,52.58000183105469,52.7599983215332,51.904998779296875,52.22999954223633,45.661197662353516,3223800
2024-07-08,52.5,52.95000076293945,52.310001373291016,52.79999923706055,46.159507751464844,3885500
2024-07-09,52.65999984741211,52.7400016784668,51.53499984741211,51.58000183105469,45.09294509887695,4380600
2024-07-10,51.849998474121094,52.13999938964844,50.97999954223633,51.709999084472656,45.20659255981445,5481100
2024-07-11,52.0099983215332,52.77000045776367,51.849998474121094,52.40999984741211,45.81855392456055,3798900
2024-07-12,52.83000183105469,53.36000061035156,52.43000030517578,52.90999984741211,46.25566864013672,3084300
2024-07-15,53.0099983215332,53.540000915527344,52.685001373291016,53.27000045776367,46.57039260864258,2396200
2024-07-16,53.33000183105469,54.790000915527344,53.16999816894531,54.70000076293945,47.820552825927734,3730000
2024-07-17,54.68000030517578,55.59000015258789,54.619998931884766,55.40999984741211,48.44125747680664,4386300
2024-07-18,55.08000183105469,55.970001220703125,54.7599983215332,54.77000045776367,47.88174819946289,3287800
2024-07-19,54.83000183105469,54.83000183105469,53.5099983215332,53.900001525878906,47.12116622924805,3456500
2024-07-22,54.08000183105469,54.59000015258789,53.7400016784668,54.41999816894531,47.575767517089844,3341700
2024-07-23,54.13999938964844,54.244998931884766,53.599998474121094,54.06999969482422,47.269779205322266,2477700
2024-07-24,54.11000061035156,54.310001373291016,53.279998779296875,53.31999969482422,46.614112854003906,3761900
2024-07-25,50.779998779296875,53.2400016784668,50.47999954223633,52.849998474121094,46.20322036743164,6188200
2024-07-26,52.869998931884766,53.20000076293945,52.36000061035156,52.86000061035156,46.21195983886719,4087400
2024-07-29,53.0,53.06999969482422,52.540000915527344,52.86000061035156,46.21195983886719,3314600
2024-07-30,52.900001525878906,54.0099983215332,52.900001525878906,53.689998626708984,46.93757629394531,4401400
2024-07-31,54.150001525878906,54.90999984741211,54.029998779296875,54.470001220703125,47.61948013305664,5059300
2024-08-01,54.68000030517578,55.02000045776367,52.84000015258789,53.279998779296875,46.57913589477539,4273100
2024-08-02,52.54999923706055,52.77000045776367,51.54999923706055,52.0099983215332,45.46886444091797,4981200
2024-08-05,50.68000030517578,51.33000183105469,50.400001525878906,51.0099983215332,44.594627380371094,5124500
2024-08-06,51.5099983215332,53.25,51.47999954223633,52.47999954223633,45.87975311279297,5549600
2024-08-07,52.91999816894531,53.650001525878906,52.150001525878906,52.16999816894531,45.60873794555664,4293100
2024-08-08,52.4900016784668,52.88999938964844,52.33000183105469,52.66999816894531,46.04585647583008,3362600
2024-08-09,52.56999969482422,52.89500045776367,52.060001373291016,52.65999984741211,46.0371208190918,2592700
2024-08-12,52.77000045776367,52.95000076293945,52.1150016784668,52.220001220703125,45.65245056152344,2555300
2024-08-13,52.220001220703125,52.86000061035156,52.209999084472656,52.7599983215332,46.12453842163086,2379600
2024-08-14,52.84000015258789,53.02000045776367,52.43000030517578,52.7599983215332,46.12453842163086,2310100
2024-08-15,53.560001373291016,54.08000183105469,53.220001220703125,53.869998931884766,47.094940185546875,3501500
2024-08-16,53.7400016784668,53.97999954223633,53.40299987792969,53.90999984741211,47.129905700683594,6049300
2024-08-19,54.0,54.13999938964844,53.56999969482422,53.650001525878906,46.90260696411133,2096000
2024-08-20,53.529998779296875,53.54999923706055,52.540000915527344,52.720001220703125,46.08956527709961,4391500
2024-08-21,53.0,53.119998931884766,52.810001373291016,52.95000076293945,46.2906494140625,2809500
2024-08-22,53.11000061035156,53.17900085449219,52.494998931884766,52.560001373291016,45.94969177246094,2916000
2024-08-23,53.0099983215332,54.0099983215332,52.900001525878906,53.529998779296875,46.797698974609375,4901500
2024-08-26,54.099998474121094,54.560001373291016,53.93000030517578,54.029998779296875,47.23481369018555,2823300
2024-08-27,53.88999938964844,54.119998931884766,53.6150016784668,53.77000045776367,47.00751495361328,3650100
2024-08-28,53.349998474121094,53.790000915527344,53.23500061035156,53.5099983215332,46.78021240234375,2630800
2024-08-29,53.90999984741211,54.25,53.06999969482422,53.86000061035156,47.08619689941406,3065900
2024-08-30,53.189998626708984,53.597999572753906,52.80500030517578,53.58000183105469,47.458213806152344,5339100
2024-09-03,52.720001220703125,53.0629997253418,51.814998626708984,51.93000030517578,45.99673080444336,3891400
2024-09-04,51.91999816894531,52.5099983215332,51.36800003051758,51.58000183105469,45.68672561645508,3776000
2024-09-05,51.619998931884766,51.72999954223633,51.029998779296875,51.310001373291016,45.44757080078125,4508900
2024-09-06,51.25,51.709999084472656,50.369998931884766,50.68000030517578,44.889549255371094,4144200
2024-09-09,50.72999954223633,51.78499984741211,50.72999954223633,51.29999923706055,45.438716888427734,4022400
2024-09-10,51.29999923706055,51.36000061035156,50.494998931884766,50.81999969482422,45.0135498046875,3196500
2024-09-11,50.880001068115234,50.970001220703125,49.7599983215332,50.72999954223633,44.933834075927734,3717200
2024-09-12,50.68000030517578,50.90999984741211,49.52000045776367,50.2599983215332,44.51753616333008,5680600
2024-09-13,50.400001525878906,51.0,50.029998779296875,50.150001525878906,44.420108795166016,4411800
2024-09-16,50.310001373291016,51.040000915527344,50.27799987792969,50.65999984741211,44.871826171875,3189400
2024-09-17,50.84000015258789,51.86000061035156,50.709999084472656,51.5099983215332,45.62471389770508,4029600
2024-09-18,51.650001525878906,52.290000915527344,51.31800079345703,51.63999938964844,45.7398567199707,3428100
2024-09-19,52.54999923706055,53.209999084472656,52.2599983215332,52.88999938964844,46.84703826904297,4746700
2024-09-20,52.63999938964844,52.79999923706055,51.29999923706055,51.709999084472656,45.80186462402344,8466000
2024-09-23,51.869998931884766,52.2400016784668,51.61000061035156,52.040000915527344,46.09415817260742,5029600
2024-09-24,52.689998626708984,53.68000030517578,52.630001068115234,53.45000076293945,47.34306335449219,4675800
2024-09-25,53.65999984741211,53.72999954223633,52.540000915527344,52.84000015258789,46.802757263183594,3863200
2024-09-26,53.459999084472656,54.7599983215332,53.435001373291016,54.720001220703125,48.467960357666016,5672100
2024-09-27,55.0,55.66999816894531,54.63999938964844,55.08000183105469,48.786827087402344,5513500
2024-09-30,55.13999938964844,55.349998474121094,53.970001220703125,54.630001068115234,48.38824462890625,5537800
2024-10-01,54.56999969482422,54.84199905395508,54.15999984741211,54.540000915527344,48.30852127075195,5461300
2024-10-02,54.68000030517578,55.08000183105469,54.391998291015625,54.68000030517578,48.43252944946289,6312700
2024-10-03,54.459999084472656,54.7400016784668,53.900001525878906,54.5,48.273094177246094,4066300
2024-10-04,55.099998474121094,55.625,54.90999984741211,55.34000015258789,49.017120361328125,3443800
2024-10-07,55.02000045776367,55.1349983215332,54.224998474121094,54.619998931884766,48.37938690185547,3096500
2024-10-08,53.75,53.95000076293945,53.1150016784668,53.209999084472656,47.1304817199707,4219200
2024-10-09,53.08000183105469,53.720001220703125,52.8650016784668,53.41999816894531,47.31648254394531,3186200
2024-10-10,53.41999816894531,54.04999923706055,53.29999923706055,53.619998931884766,47.49363327026367,2494200
2024-10-11,53.75,54.16999816894531,53.70000076293945,53.779998779296875,47.63536071777344,4288600
2024-10-14,53.599998474121094,53.83000183105469,53.33000183105469,53.540000915527344,47.42278289794922,2736000
2024-10-15,53.29999923706055,53.560001373291016,52.560001373291016,52.56999969482422,46.56360626220703,4210700
2024-10-16,52.599998474121094,53.31999969482422,52.36000061035156,52.939998626708984,46.89133834838867,4492900
2024-10-17,53.0,53.220001220703125,52.73500061035156,53.08000183105469,47.01533889770508,3894000
2024-10-18,53.47999954223633,53.47999954223633,52.81999969482422,53.11000061035156,47.04191207885742,2395700
2024-10-21,53.150001525878906,53.189998626708984,52.11000061035156,52.209999084472656,46.2447395324707,3542700
2024-10-22,52.2400016784668,52.29999923706055,51.59000015258789,52.06999969482422,46.12073516845703,4413700
2024-10-23,51.72999954223633,51.9900016784668,51.12099838256836,51.4900016784668,45.60700225830078,4522300
2024-10-24,52.02000045776367,52.15999984741211,50.720001220703125,50.9900016784668,45.16413116455078,5804600
2024-10-25,50.619998931884766,50.72999954223633,49.689998626708984,49.70000076293945,44.02151870727539,5889700
2024-10-28,49.84000015258789,50.150001525878906,49.470001220703125,50.11000061035156,44.38467788696289,6457100
2024-10-29,49.84000015258789,49.97999954223633,49.31999969482422,49.47999954223633,43.826656341552734,4900600
2024-10-30,49.400001525878906,50.13999938964844,49.13999938964844,49.34000015258789,43.7026481628418,4775700
2024-10-31,49.2599983215332,49.63999938964844,49.165000915527344,49.380001068115234,43.73808670043945,4835200
2024-11-01,49.5,49.720001220703125,48.86000061035156,48.970001220703125,43.37492752075195,4980400
2024-11-04,48.29999923706055,48.68000030517578,47.44300079345703,47.95000076293945,42.471466064453125,14634400
2024-11-05,47.79999923706055,47.900001525878906,47.15999984741211,47.900001525878906,42.42717361450195,7193500
2024-11-06,49.70000076293945,49.70000076293945,47.974998474121094,48.349998474121094,42.82575607299805,8862800
2024-11-07,48.540000915527344,48.91999816894531,48.02000045776367,48.900001525878906,43.31292724609375,20309400
2024-11-08,48.59000015258789,48.59000015258789,46.380001068115234,46.4900016784668,41.17828369140625,12571500
2024-11-11,46.400001525878906,46.97999954223633,46.16999816894531,46.27000045776367,40.98341369628906,6734700
2024-11-12,46.36000061035156,46.36000061035156,44.90999984741211,45.040000915527344,39.893951416015625,7101300
2024-11-13,44.900001525878906,45.11899948120117,44.70000076293945,44.9900016784668,39.84965896606445,6000300
2024-11-14,45.0,45.132999420166016,44.369998931884766,44.59000015258789,39.495361328125,5542400
2024-11-15,44.56999969482422,44.83000183105469,44.0,44.040000915527344,39.00820541381836,9814100
2024-11-18,44.15999984741211,44.54999923706055,44.040000915527344,44.220001220703125,39.167640686035156,5075800
2024-11-19,43.72999954223633,44.0,43.349998474121094,43.650001525878906,38.66276550292969,6289700
2024-11-20,43.54999923706055,44.029998779296875,43.33000183105469,43.93000030517578,38.91077423095703,4808100
2024-11-21,43.810001373291016,45.13999938964844,43.619998931884766,44.810001373291016,39.69022750854492,6158200
2024-11-22,44.7599983215332,45.540000915527344,44.65999984741211,45.459999084472656,40.26595687866211,5494100
2024-11-25,45.81999969482422,46.35100173950195,45.470001220703125,45.869998931884766,40.62911605834961,9463700
2024-11-26,45.47999954223633,45.5099983215332,44.095001220703125,44.540000915527344,39.45107650756836,9225300
2024-11-27,44.63999938964844,45.08000183105469,44.560001373291016,44.63999938964844,39.539649963378906,5700600
2024-11-29,43.959999084472656,44.25,43.65299987792969,44.209999084472656,39.78261184692383,4339600
2024-12-02,44.279998779296875,44.54999923706055,43.77000045776367,44.380001068115234,39.93558883666992,7611000
2024-12-03,44.400001525878906,44.4900016784668,43.790000915527344,43.869998931884766,39.476661682128906,9478500
2024-12-04,43.54999923706055,43.619998931884766,42.220001220703125,42.849998474121094,38.55881118774414,10962600
2024-12-05,42.790000915527344,43.02000045776367,41.81999969482422,42.189998626708984,37.964900970458984,9742500
2024-12-06,42.310001373291016,42.540000915527344,41.72999954223633,41.9900016784668,37.784934997558594,8620000
2024-12-09,43.85499954223633,44.040000915527344,42.41999816894531,42.72999954223633,38.45082473754883,12855800
2024-12-10,42.400001525878906,42.564998626708984,41.775001525878906,42.18000030517578,37.955902099609375,7585200
2024-12-11,42.189998626708984,42.224998474121094,41.2599983215332,41.5,37.343997955322266,7135900
2024-12-12,41.369998931884766,41.7400016784668,41.22999954223633,41.279998779296875,37.146034240722656,5738700
2024-12-13,41.25,41.25,40.435001373291016,40.86000061035156,36.76810073852539,7580000
2024-12-16,40.349998474121094,40.689998626708984,40.040000915527344,40.11000061035156,36.093204498291016,8419800
2024-12-17,40.29999923706055,40.94599914550781,40.25,40.56999969482422,36.507137298583984,9702700
2024-12-18,40.849998474121094,41.36000061035156,40.11000061035156,40.150001525878906,36.12919616699219,11720500
2024-12-19,40.060001373291016,40.58000183105469,39.09000015258789,39.099998474121094,35.184349060058594,9553500
2024-12-20,38.9900016784668,40.28499984741211,38.849998474121094,39.939998626708984,35.94022750854492,17715600
2024-12-23,39.9900016784668,40.2599983215332,39.68299865722656,39.970001220703125,35.96722412109375,6718700
2024-12-24,39.90999984741211,40.18000030517578,39.43000030517578,40.09000015258789,36.07521057128906,3784100
2024-12-26,39.9900016784668,40.3650016784668,39.849998474121094,40.220001220703125,36.19218826293945,5274200
2024-12-27,40.119998931884766,40.69499969482422,39.900001525878906,40.029998779296875,36.021217346191406,4855000
2024-12-30,39.900001525878906,39.91999816894531,39.22999954223633,39.439998626708984,35.49030303955078,7954900
2024-12-31,39.540000915527344,40.275001525878906,39.43000030517578,40.130001068115234,36.1112060546875,6867200
2025-01-02,40.33000183105469,40.599998474121094,39.5,39.54999923706055,35.58928298950195,7130500
2025-01-03,39.650001525878906,39.814998626708984,39.20000076293945,39.400001525878906,35.454307556152344,6839900
2025-01-06,39.79999923706055,40.13999938964844,39.54999923706055,39.75,35.769256591796875,6899400
2025-01-07,39.5,39.94499969482422,39.154998779296875,39.40999984741211,35.46330261230469,7248700
2025-01-08,39.04999923706055,39.11000061035156,38.33000183105469,38.91999816894531,35.02237319946289,6196900
2025-01-10,38.720001220703125,38.834999084472656,38.45000076293945,38.5,34.64443588256836,7833500
2025-01-13,38.54999923706055,39.689998626708984,38.54999923706055,39.66999816894531,35.697265625,8230600
2025-01-14,39.91999816894531,40.11000061035156,39.65999984741211,40.08000183105469,36.06621170043945,4516000
2025-01-15,40.47999954223633,40.77000045776367,40.13999938964844,40.400001525878906,36.354164123535156,5446400
2025-01-16,40.33000183105469,41.04999923706055,40.099998474121094,40.869998931884766,36.77709197998047,5812300
2025-01-17,41.11000061035156,41.380001068115234,40.98500061035156,41.040000915527344,36.93007278442383,6194800
2025-01-21,41.31999969482422,41.7599983215332,41.150001525878906,41.58000183105469,37.415992736816406,5583600
2025-01-22,41.400001525878906,41.46500015258789,40.810001373291016,40.81999969482422,36.73210144042969,5607300
2025-01-23,40.95000076293945,41.529998779296875,40.900001525878906,41.470001220703125,37.31700897216797,5442400
2025-01-24,41.720001220703125,41.91999816894531,41.310001373291016,41.369998931884766,37.227020263671875,5111600
2025-01-27,41.7400016784668,41.970001220703125,41.275001525878906,41.91999816894531,37.72194290161133,6182700
2025-01-28,42.0099983215332,42.17399978637695,41.279998779296875,41.41999816894531,37.27201461791992,6009600
2025-01-29,41.22999954223633,41.474998474121094,40.834999084472656,41.04999923706055,36.93907165527344,6765200
2025-01-30,39.31999969482422,39.47999954223633,37.4900016784668,38.54999923706055,34.68942642211914,18933200
2025-01-31,38.82500076293945,39.279998779296875,38.40999984741211,39.04999923706055,35.13935470581055,12725800
2025-02-03,38.20000076293945,38.29999923706055,36.65999984741211,37.380001068115234,33.63660430908203,14986900
2025-02-04,37.58000183105469,38.91999816894531,37.540000915527344,38.54999923706055,34.68942642211914,10017100
2025-02-05,38.220001220703125,38.45000076293945,37.720001220703125,37.95000076293945,34.149513244628906,6757400
2025-02-06,38.220001220703125,38.88999938964844,38.189998626708984,38.77000045776367,34.88740158081055,7610300
2025-02-07,38.900001525878906,39.025001525878906,38.334999084472656,38.58000183105469,34.716426849365234,5966200
2025-02-10,38.900001525878906,39.0,38.150001525878906,38.56999969482422,34.70742416381836,5911100
2025-02-11,38.650001525878906,38.83000183105469,38.435001373291016,38.630001068115234,34.76142501831055,5446500
2025-02-12,38.380001068115234,38.560001373291016,38.053001403808594,38.2599983215332,34.42847442626953,5607400
2025-02-13,38.369998931884766,38.665000915527344,38.04999923706055,38.34000015258789,34.500457763671875,6619000
2025-02-14,38.83000183105469,39.5099983215332,38.61000061035156,38.66999816894531,34.79740524291992,5387700
2025-02-18,38.720001220703125,40.02000045776367,38.689998626708984,39.720001220703125,35.74225997924805,7612300
2025-02-19,39.0,39.38999938964844,38.790000915527344,38.91999816894531,35.02237319946289,6219800
2025-02-20,39.0,39.61000061035156,38.93000030517578,39.59000015258789,35.62527847290039,5747100
2025-02-21,39.84000015258789,40.09000015258789,39.154998779296875,39.5099983215332,35.55329513549805,5962900
2025-02-24,39.40999984741211,39.439998626708984,38.89500045776367,39.04999923706055,35.13935470581055,7411700
2025-02-25,39.189998626708984,39.56999969482422,38.98500061035156,39.22999954223633,35.30133819580078,6180000
2025-02-26,39.540000915527344,39.56999969482422,38.540000915527344,38.849998474121094,34.95938491821289,6294900
2025-02-27,38.75,38.790000915527344,38.15999984741211,38.43000030517578,34.58144760131836,7949600
2025-02-28,37.79999923706055,38.310001373291016,37.619998931884766,38.11000061035156,34.92973709106445,10056900
2025-03-03,38.66999816894531,38.689998626708984,36.0099983215332,36.060001373291016,33.050811767578125,10954300
2025-03-04,35.88999938964844,36.209999084472656,35.47999954223633,35.619998931884766,32.64752197265625,8840500
2025-03-05,36.2599983215332,38.029998779296875,36.20000076293945,37.779998779296875,34.62726974487305,10393200
2025-03-06,37.32500076293945,37.689998626708984,36.724998474121094,37.439998626708984,34.315650939941406,9128500
2025-03-07,37.189998626708984,37.619998931884766,36.7599983215332,37.45000076293945,34.3248176574707,8667000
2025-03-10,37.36000061035156,38.36399841308594,37.1609992980957,37.400001525878906,34.278987884521484,6310800
2025-03-11,37.60499954223633,37.70000076293945,36.16999816894531,36.66999816894531,33.609901428222656,6997100
2025-03-12,36.79999923706055,36.79999923706055,35.72999954223633,35.75,32.76667785644531,6923900
2025-03-13,35.68000030517578,37.20000076293945,35.619998931884766,36.22999954223633,33.20661926269531,7958400
2025-03-14,36.779998779296875,37.18000030517578,36.65999984741211,36.970001220703125,33.88486862182617,5991200
2025-03-17,37.0099983215332,37.78499984741211,37.0099983215332,37.5099983215332,34.37980651855469,5097100
2025-03-18,37.77000045776367,37.79999923706055,37.31999969482422,37.61000061035156,34.47146224975586,4866000
2025-03-19,37.5,37.720001220703125,37.040000915527344,37.189998626708984,34.086509704589844,5525100
2025-03-20,36.7599983215332,37.0,36.5,36.61000061035156,33.55491256713867,5406300
2025-03-21,36.25,36.35499954223633,35.81399917602539,36.16999816894531,33.15162658691406,13257700
2025-03-24,36.529998779296875,36.858001708984375,35.970001220703125,36.290000915527344,33.26161575317383,6797400
2025-03-25,36.290000915527344,36.31999969482422,35.224998474121094,35.31999969482422,32.37255859375,7218000
2025-03-26,35.27000045776367,35.779998779296875,35.130001068115234,35.58000183105469,32.61086654663086,5801600
2025-03-27,35.0,35.400001525878906,34.61000061035156,35.2400016784668,32.29924011230469,6911900
2025-03-28,35.060001373291016,35.220001220703125,34.125,34.36000061035156,31.492671966552734,6913700
2025-03-31,34.119998931884766,35.209999084472656,33.93000030517578,34.91999816894531,32.00593566894531,8477200
2025-04-01,34.47999954223633,34.76499938964844,34.09400177001953,34.61000061035156,31.72180938720703,6446000
2025-04-02,34.31999969482422,35.16999816894531,34.29999923706055,34.88999938964844,31.978445053100586,5146700
2025-04-03,33.47999954223633,33.63999938964844,31.3799991607666,31.459999084472656,28.83467674255371,18080900
2025-04-04,30.209999084472656,30.440000534057617,28.045000076293945,28.200000762939453,25.846721649169922,18677500
2025-04-07,27.219999313354492,29.290000915527344,26.327999114990234,27.520000457763672,25.223468780517578,19652900
2025-04-08,29.0,29.0,25.31999969482422,25.809999465942383,23.656164169311523,17050500
2025-04-09,25.350000381469727,30.139999389648438,25.059999465942383,29.860000610351562,27.368196487426758,19876900
2025-04-10,28.799999237060547,28.81999969482422,26.6200008392334,27.290000915527344,25.012664794921875,15213200
2025-04-11,27.010000228881836,28.510000228881836,26.469999313354492,28.43000030517578,26.05752944946289,11189100
2025-04-14,29.149999618530273,29.450000762939453,28.260000228881836,28.8799991607666,26.4699764251709,10448500
2025-04-15,28.06999969482422,28.760000228881836,27.684999465942383,27.700000762939453,25.388446807861328,12375800
2025-04-16,27.700000762939453,28.18000030517578,27.225000381469727,27.469999313354492,25.17763900756836,8672400
2025-04-17,27.729999542236328,28.40999984741211,27.729999542236328,28.149999618530273,25.800893783569336,8474900
2025-04-21,28.170000076293945,28.34000015258789,27.709999084472656,28.1200008392334,25.77339744567871,7745100
2025-04-22,28.540000915527344,29.350000381469727,28.5,29.0,26.57996368408203,8488300
2025-04-23,30.059999465942383,30.75,28.735000610351562,29.0,26.57996368408203,10727000
2025-04-24,28.520000457763672,30.179000854492188,28.049999237060547,29.760000228881836,27.276540756225586,13069300
2025-04-25,29.34000015258789,30.079999923706055,29.1200008392334,30.020000457763672,27.514846801757812,12991600
2025-04-28,30.25,30.940000534057617,29.709999084472656,29.950000762939453,27.450685501098633,9347200
2025-04-29,29.799999237060547,30.71500015258789,29.770000457763672,30.649999618530273,28.092267990112305,9498800
2025-04-30,30.21500015258789,30.639999389648438,29.760000228881836,30.59000015258789,28.037275314331055,11306100
2025-05-01,30.68000030517578,30.844999313354492,30.270000457763672,30.530000686645508,27.982282638549805,7009600
2025-05-02,30.860000610351562,31.059999465942383,30.209999084472656,30.420000076293945,27.8814640045166,8619400
2025-05-05,29.905000686645508,30.0,28.920000076293945,28.950000762939453,26.534133911132812,9061700
2025-05-06,28.889999389648438,29.280000686645508,28.6299991607666,28.799999237060547,26.396652221679688,7691300
2025-05-07,29.0,29.110000610351562,28.274999618530273,28.450000762939453,26.07586097717285,8814500
2025-05-08,28.739999771118164,29.739999771118164,28.659000396728516,29.239999771118164,26.79993438720703,7787000
2025-05-09,29.450000762939453,29.760000228881836,29.204999923706055,29.479999542236328,27.01990509033203,8162800
2025-05-12,31.649999618530273,32.38999938964844,30.940000534057617,30.979999542236328,28.394731521606445,11832500
2025-05-13,30.93000030517578,31.219999313354492,30.600000381469727,30.770000457763672,28.20225715637207,8502800
2025-05-14,30.68000030517578,30.770000457763672,30.049999237060547,30.170000076293945,27.652326583862305,6434900
2025-05-15,29.799999237060547,29.958999633789062,29.395000457763672,29.899999618530273,27.404857635498047,6481000
2025-05-16,29.889999389648438,30.295000076293945,29.530000686645508,30.190000534057617,27.670658111572266,5872600
2025-05-19,29.649999618530273,30.219999313354492,29.405000686645508,30.110000610351562,27.597332000732422,5937100
2025-05-20,30.139999389648438,30.285999298095703,29.711999893188477,29.790000915527344,27.30403709411621,5576400
2025-05-21,29.510000228881836,29.670000076293945,28.690000534057617,28.75,26.3508243560791,8938600
2025-05-22,28.540000915527344,28.844999313354492,28.31999969482422,28.670000076293945,26.27750015258789,6885100
2025-05-23,28.149999618530273,28.469999313354492,27.90999984741211,28.31999969482422,25.956707000732422,7095200
2025-05-27,28.850000381469727,29.040000915527344,28.690000534057617,28.920000076293945,26.50663948059082,8763100
2025-05-28,29.0,29.09000015258789,28.260000228881836,28.34000015258789,25.975038528442383,7731600
2025-05-29,28.84000015258789,29.09000015258789,28.200000762939453,28.790000915527344,26.38748550415039,10227600
2025-05-30,27.954999923706055,28.040000915527344,27.43000030517578,27.739999771118164,26.058698654174805,13965300
2025-06-02,27.65999984741211,27.729999542236328,26.854000091552734,27.200000762939453,25.55142593383789,12390500
2025-06-03,27.200000762939453,28.05500030517578,26.489999771118164,27.790000915527344,26.105670928955078,10557600
2025-06-04,27.850000381469727,28.329999923706055,27.690000534057617,28.280000686645508,26.56597137451172,8844700
2025-06-05,28.510000228881836,28.604999542236328,27.950000762939453,28.18000030517578,26.47203254699707,8634700
2025-06-06,28.350000381469727,28.844999313354492,28.30500030517578,28.549999237060547,26.819604873657227,6728400
2025-06-09,28.799999237060547,29.795000076293945,28.780000686645508,29.389999389648438,27.608694076538086,11394400
2025-06-10,29.68000030517578,30.885000228881836,29.549999237060547,30.700000762939453,28.839296340942383,10985100
2025-06-11,31.059999465942383,31.18000030517578,30.274999618530273,30.68000030517578,28.82050895690918,7842300
2025-06-12,30.209999084472656,30.450000762939453,29.950000762939453,30.139999389648438,28.3132381439209,6817200
2025-06-13,29.920000076293945,31.020000457763672,29.790000915527344,29.899999618530273,28.087783813476562,10271600
2025-06-16,30.34000015258789,30.56999969482422,29.8799991607666,30.56999969482422,28.71717643737793,10658500
2025-06-17,30.450000762939453,30.610000610351562,29.424999237060547,29.440000534057617,27.655664443969727,8850700
2025-06-18,29.34000015258789,29.420000076293945,28.479999542236328,28.5,26.77263832092285,12211600
2025-06-20,28.514999389648438,28.610000610351562,27.520000457763672,27.760000228881836,26.07748794555664,22583000
2025-06-23,27.200000762939453,27.625,26.610000610351562,26.8700008392334,25.241432189941406,17264100
2025-06-24,27.25,27.868000030517578,27.040000915527344,27.530000686645508,25.86142921447754,19116200
2025-06-25,27.530000686645508,27.549999237060547,26.81999969482422,26.81999969482422,25.194461822509766,15726100
2025-06-26,27.100000381469727,27.549999237060547,27.0,27.149999618530273,25.504457473754883,13857800
2025-06-27,27.399999618530273,27.760000228881836,26.739999771118164,27.0,25.363550186157227,18629400
2025-06-30,26.899999618530273,26.920000076293945,26.3799991607666,26.479999542236328,24.87506675720215,11746900
2025-07-01,26.43000030517578,28.44700050354004,26.3700008392334,27.829999923706055,26.143245697021484,21426600
2025-07-02,28.149999618530273,28.729999542236328,27.600000381469727,28.729999542236328,26.98869514465332,14120500
2025-07-03,28.670000076293945,28.780000686645508,28.3700008392334,28.459999084472656,26.73505973815918,5950000
2025-07-07,28.010000228881836,28.479999542236328,27.084999084472656,27.479999542236328,25.8144588470459,13061900
2025-07-08,27.709999084472656,29.604999542236328,27.670000076293945,29.059999465942383,27.298694610595703,18326600
2025-07-09,29.364999771118164,30.329999923706055,29.200000762939453,29.84000015258789,28.031421661376953,15427600
2025-07-10,29.700000762939453,30.927000045776367,29.584999084472656,30.229999542236328,28.397781372070312,12068000
2025-07-11,29.6200008392334,29.81999969482422,29.1200008392334,29.549999237060547,27.758995056152344,12318800
2025-07-14,29.25,29.399999618530273,28.06999969482422,28.25,26.53778839111328,13284400
2025-07-15,28.670000076293945,28.844999313354492,27.940000534057617,27.989999771118164,26.293546676635742,9162900
2025-07-16,27.959999084472656,28.290000915527344,27.604999542236328,28.139999389648438,26.4344539642334,8757000
2025-07-17,28.010000228881836,28.5,27.979999542236328,28.459999084472656,26.73505973815918,7623200
2025-07-18,28.645000457763672,28.739999771118164,28.100000381469727,28.34000015258789,26.622333526611328,9013200
2025-07-21,28.59000015258789,28.915000915527344,28.329999923706055,28.389999389648438,26.66930389404297,7026100
2025-07-22,28.475000381469727,29.7450008392334,28.475000381469727,29.65999984741211,27.862329483032227,9296400
2025-07-23,30.209999084472656,30.8799991607666,30.014999389648438,30.3700008392334,28.529300689697266,20963300
2025-07-24,27.190000534057617,27.600000381469727,24.3700008392334,25.06999969482422,23.550525665283203,66003500
2025-07-25,24.639999389648438,25.649999618530273,24.420000076293945,25.510000228881836,23.963857650756836,36918200
2025-07-28,25.329999923706055,26.1299991607666,24.920000076293945,25.709999084472656,24.151735305786133,17843700
2025-07-29,25.600000381469727,25.600000381469727,24.979999542236328,25.18000030517578,23.653858184814453,13123800
2025-07-30,25.030000686645508,25.049999237060547,23.780000686645508,23.920000076293945,22.47022819519043,16559800
2025-07-31,23.635000228881836,23.656999588012695,22.940000534057617,23.290000915527344,21.87841033935547,21303600
2025-08-01,22.9950008392334,23.079999923706055,21.790000915527344,21.790000915527344,20.469322204589844,25059000
2025-08-04,21.8700008392334,21.889999389648438,21.315000534057617,21.59000015258789,20.28144645690918,18562100
2025-08-05,21.950000762939453,22.65999984741211,21.780000686645508,22.3799991607666,21.023561477661133,22028700
2025-08-06,22.6200008392334,22.780000686645508,21.25,21.299999237060547,20.00901985168457,19480800
2025-08-07,21.75,22.145000457763672,21.309999465942383,21.610000610351562,20.300233840942383,12719600
2025-08-08,21.6299991607666,21.780000686645508,21.15999984741211,21.219999313354492,19.93387222290039,11325700
2025-08-11,21.280000686645508,21.600000381469727,20.402000427246094,20.8700008392334,19.605085372924805,20712400
2025-08-12,20.889999389648438,22.0,20.815000534057617,21.709999084472656,20.394174575805664,15785300
2025-08-13,21.809999465942383,22.989999771118164,21.709999084472656,22.920000076293945,21.53083610534668,16243300
2025-08-14,22.825000762939453,23.459999084472656,22.469999313354492,23.3700008392334,21.953561782836914,11822600
2025-08-15,23.579999923706055,23.854999542236328,23.350000381469727,23.360000610351562,21.944168090820312,10779700
2025-08-18,23.299999237060547,23.639999389648438,23.219999313354492,23.239999771118164,21.831439971923828,12231500
2025-08-19,23.530000686645508,24.239999771118164,23.299999237060547,23.530000686645508,22.103862762451172,8879800
2025-08-20,23.56999969482422,24.469999313354492,23.530000686645508,24.079999923706055,22.620529174804688,12660700
2025-08-21,23.84000015258789,23.950000762939453,23.415000915527344,23.690000534057617,22.254167556762695,9431100
2025-08-22,23.979999542236328,25.239999771118164,23.90999984741211,25.110000610351562,23.58810043334961,20539200
2025-08-25,25.0,25.0,24.510000228881836,24.920000076293945,23.409616470336914,10012300
2025-08-26,24.809999465942383,24.9950008392334,24.614999771118164,24.739999771118164,23.240528106689453,8049300
2025-08-27,24.5,25.079999923706055,24.40999984741211,24.739999771118164,23.240528106689453,10348200
2025-08-28,25.059999465942383,25.059999465942383,24.290000915527344,24.56999969482422,23.080829620361328,11714200
2025-08-29,24.290000915527344,24.889999389648438,24.239999771118164,24.6299991607666,23.471546173095703,8791800
2025-09-02,24.229999542236328,24.7450008392334,24.06999969482422,24.40999984741211,23.26189613342285,12152500
2025-09-03,24.25,24.520000457763672,23.790000915527344,23.93000030517578,22.804473876953125,11528200
2025-09-04,23.760000228881836,23.985000610351562,23.200000762939453,23.90999984741211,22.785411834716797,11630400
2025-09-05,23.899999618530273,24.920000076293945,23.774999618530273,24.5,23.3476619720459,18476700
2025-09-08,24.34000015258789,24.34600067138672,23.1200008392334,23.979999542236328,22.85211944580078,15488100
2025-09-09,23.844999313354492,24.360000610351562,23.700000762939453,24.139999389648438,23.004592895507812,10959400
2025-09-10,23.940000534057617,24.459999084472656,23.71500015258789,23.829999923706055,22.70917510986328,11492700
2025-09-11,23.65999984741211,25.139999389648438,23.65999984741211,25.020000457763672,23.843204498291016,25711700
2025-09-12,25.0,25.489999771118164,24.8700008392334,25.040000915527344,23.86226463317871,14732800
2025-09-15,25.21500015258789,25.3799991607666,24.045000076293945,24.170000076293945,23.033184051513672,13192300
2025-09-16,24.399999618530273,24.8799991607666,24.184999465942383,24.479999542236328,23.328601837158203,11070800
2025-09-17,24.600000381469727,25.770000457763672,24.184999465942383,24.540000915527344,23.38578224182129,14775200
2025-09-18,24.809999465942383,24.989999771118164,23.889999389648438,24.110000610351562,22.97600555419922,15350400
2025-09-19,24.149999618530273,24.149999618530273,23.350000381469727,23.489999771118164,22.385164260864258,19106700
2025-09-22,23.350000381469727,23.389999389648438,22.940000534057617,23.170000076293945,22.080217361450195,12901800
2025-09-23,23.540000915527344,23.69700050354004,22.84000015258789,22.860000610351562,21.78479766845703,11016900
2025-09-24,22.969999313354492,23.3799991607666,22.90999984741211,23.1299991607666,22.042097091674805,11913600
2025-09-25,23.020000457763672,23.024999618530273,22.165000915527344,22.200000762939453,21.155839920043945,16437600
2025-09-26,22.43000030517578,23.200000762939453,22.344999313354492,22.959999084472656,21.88009262084961,12623800
2025-09-29,23.239999771118164,23.25,22.719999313354492,22.889999389648438,21.813386917114258,11803800
2025-09-30,22.780000686645508,22.95599937438965,22.312999725341797,22.93000030517578,21.85150718688965,14368700
2025-10-01,22.899999618530273,23.219999313354492,22.815000534057617,23.049999237060547,21.96586036682129,12531500
2025-10-02,23.1299991607666,23.968000411987305,22.950000762939453,23.690000534057617,22.575759887695312,17945200
2025-10-03,23.709999084472656,24.03499984741211,23.399999618530273,23.81999969482422,22.69964599609375,8354600
2025-10-06,23.829999923706055,23.889999389648438,23.299999237060547,23.420000076293945,22.318458557128906,9417100
2025-10-07,23.540000915527344,23.670000076293945,22.25,22.5,21.441728591918945,19270000
2025-10-08,22.510000228881836,22.950000762939453,22.440000534057617,22.600000381469727,21.53702735900879,10240600
2025-10-09,22.510000228881836,22.610000610351562,21.809999465942383,22.079999923706055,21.04148292541504,15428400
2025-10-10,22.219999313354492,22.350000381469727,20.649999618530273,20.649999618530273,19.67874526977539,18840800
2025-10-13,21.0,21.719999313354492,21.0,21.420000076293945,20.412527084350586,12276700
2025-10-14,21.014999389648438,22.09000015258789,20.889999389648438,21.920000076293945,20.889009475708008,9683300
2025-10-15,22.190000534057617,22.565000534057617,21.899999618530273,22.200000762939453,21.155839920043945,10597900
2025-10-16,22.309999465942383,22.469999313354492,21.565000534057617,21.899999618530273,20.869951248168945,10929900
2025-10-17,21.899999618530273,22.045000076293945,21.674999237060547,21.889999389648438,20.86042022705078,9111200
2025-10-20,21.989999771118164,22.084999084472656,21.440000534057617,21.6299991607666,20.61264991760254,10342700
2025-10-21,21.690000534057617,22.06999969482422,21.565000534057617,21.75,20.727005004882812,10565100
2025-10-22,21.75,22.010000228881836,21.565000534057617,21.700000762939453,20.679359436035156,12026100
2025-10-23,23.459999084472656,24.722000122070312,23.350000381469727,24.510000228881836,23.357192993164062,33606400
2025-10-24,24.739999771118164,24.899999618530273,24.200000762939453,24.809999465942383,23.643081665039062,14496700
2025-10-27,25.0,26.049999237060547,24.950000762939453,25.729999542236328,24.51980972290039,17744700
2025-10-28,25.520000457763672,25.540000915527344,24.790000915527344,25.3799991607666,24.18627166748047,11767500
2025-10-29,25.309999465942383,25.649999618530273,24.735000610351562,24.860000610351562,23.690731048583984,12570700
2025-10-30,24.3700008392334,24.4950008392334,23.780000686645508,23.799999237060547,22.680583953857422,11446600
2025-10-31,23.920000076293945,24.09000015258789,23.600000381469727,23.850000381469727,22.728233337402344,13052700
2025-11-03,23.59000015258789,23.690000534057617,22.920000076293945,23.229999542236328,22.13739585876465,13200100
2025-11-04,22.84000015258789,22.969999313354492,22.559999465942383,22.59000015258789,21.527498245239258,12009900
2025-11-05,22.709999084472656,23.219999313354492,22.6200008392334,22.770000457763672,21.69902992248535,12998600
2025-11-06,22.829999923706055,22.940000534057617,22.219999313354492,22.219999313354492,21.17490005493164,15504300
2025-11-07,22.200000762939453,22.479999542236328,21.8799991607666,22.290000915527344,21.241607666015625,13745900
2025-11-10,22.700000762939453,22.75,21.700000762939453,22.100000381469727,21.060543060302734,14784800
2025-11-11,22.229999542236328,22.489999771118164,22.065000534057617,22.309999465942383,21.260665893554688,9556900
2025-11-12,22.420000076293945,22.690000534057617,22.09000015258789,22.18000030517578,21.136781692504883,8406100
2025-11-13,22.149999618530273,23.15999984741211,22.06999969482422,23.110000610351562,22.023040771484375,18599300
2025-11-14,22.850000381469727,23.18000030517578,22.53700065612793,22.93000030517578,21.85150718688965,12069100
2025-11-17,22.81999969482422,22.81999969482422,21.614999771118164,21.670000076293945,20.650768280029297,13080800
2025-11-18,21.56999969482422,22.0049991607666,21.25,21.850000381469727,20.822303771972656,12329300
2025-11-19,21.8799991607666,21.985000610351562,21.15999984741211,21.309999465942383,20.30769920349121,13044100
2025-11-20,21.44499969482422,21.7549991607666,20.93000030517578,20.950000762939453,19.96463394165039,12657200
2025-11-21,21.280000686645508,22.450000762939453,21.239999771118164,22.200000762939453,21.155839920043945,19595100
2025-11-24,22.200000762939453,22.56999969482422,21.950000762939453,22.530000686645508,21.470321655273438,15713700
2025-11-25,22.760000228881836,23.350000381469727,22.6299991607666,23.200000762939453,22.108806610107422,14209700
2025-11-26,23.219999313354492,24.100000381469727,23.200000762939453,23.90999984741211,22.785411834716797,10506200
2025-11-28,23.729999542236328,24.020000457763672,23.59000015258789,23.850000381469727,23.06587791442871,7253900
2025-12-01,23.600000381469727,24.28499984741211,23.565000534057617,23.84000015258789,23.05620574951172,11456100
2025-12-02,23.8700008392334,24.09000015258789,23.405000686645508,23.860000610351562,23.075550079345703,10733800
2025-12-03,23.979999542236328,24.46500015258789,23.735000610351562,23.760000228881836,22.978837966918945,10524700
2025-12-04,23.850000381469727,23.93000030517578,22.75,22.8700008392334,22.118099212646484,10415800
2025-12-05,23.170000076293945,23.684999465942383,22.934999465942383,22.959999084472656,22.205137252807617,9023600
2025-12-08,22.899999618530273,23.25,22.760000228881836,22.860000610351562,22.108427047729492,11723700
2025-12-09,22.885000228881836,23.844999313354492,22.850000381469727,23.110000610351562,22.350208282470703,11305700
2025-12-10,23.190000534057617,24.700000762939453,23.174999237060547,24.59000015258789,23.78154754638672,11997200
2025-12-11,24.540000915527344,25.049999237060547,24.424999237060547,24.579999923706055,23.77187728881836,11607200
2025-12-12,24.700000762939453,24.885000228881836,23.93000030517578,23.969999313354492,23.18193244934082,9613300
2025-12-15,24.020000457763672,24.239999771118164,23.110000610351562,23.450000762939453,22.67902946472168,17458900
2025-12-16,23.209999084472656,23.25,22.520000457763672,22.84000015258789,22.089082717895508,17492000
2025-12-17,22.979999542236328,23.375999450683594,22.90999984741211,23.06999969482422,22.311521530151367,14084900
2025-12-18,22.809999465942383,23.2450008392334,22.75,23.040000915527344,22.282508850097656,11153200
2025-12-19,23.030000686645508,23.55500030517578,22.913999557495117,23.260000228881836,22.495275497436523,15644300
2025-12-22,23.329999923706055,23.739999771118164,23.270000457763672,23.420000076293945,22.650014877319336,10433100
2025-12-23,23.260000228881836,23.399999618530273,22.770000457763672,22.899999618530273,22.147109985351562,7884500
2025-12-24,22.950000762939453,23.079999923706055,22.867000579833984,23.059999465942383,22.301851272583008,3448700
2025-12-26,23.049999237060547,23.309999465942383,22.8700008392334,23.290000915527344,22.5242919921875,8930500
2025-12-29,23.190000534057617,23.360000610351562,22.979999542236328,23.350000381469727,22.582317352294922,10431000
2025-12-30,23.299999237060547,23.6200008392334,23.239999771118164,23.510000228881836,22.737056732177734,7490500
2025-12-31,23.459999084472656,23.719999313354492,23.295000076293945,23.3799991607666,22.611328125,8939800
2026-01-02,23.549999237060547,24.420000076293945,23.30500030517578,24.270000457763672,23.472070693969727,10052700
2026-01-05,24.25,25.145000457763672,24.18000030517578,24.899999618530273,24.081356048583984,13203100
2026-01-06,24.770000457763672,25.670000076293945,24.684999465942383,25.520000457763672,24.68097496032715,11674600
2026-01-07,25.530000686645508,25.610000610351562,24.549999237060547,24.799999237060547,23.984643936157227,8259900
2026-01-08,24.5,26.389999389648438,24.350000381469727,25.920000076293945,25.06782341003418,10493800
2026-01-09,26.31999969482422,26.489999771118164,25.739999771118164,26.329999923706055,25.46434211730957,8765100
2026-01-12,26.350000381469727,26.614999771118164,26.06999969482422,26.5,25.628751754760742,7686400
2026-01-13,26.639999389648438,27.06999969482422,26.46500015258789,26.549999237060547,25.677108764648438,10247800
2026-01-14,26.899999618530273,28.524999618530273,26.834999084472656,28.260000228881836,27.330888748168945,21174700
2026-01-15,28.290000915527344,28.360000610351562,27.209999084472656,27.940000534057617,27.02140998840332,9559300
2026-01-16,27.344999313354492,27.854999542236328,27.219999313354492,27.56999969482422,26.66357421875,14028400
2026-01-20,26.549999237060547,27.165000915527344,26.30500030517578,26.579999923706055,25.70612335205078,11465600
2026-01-21,26.8700008392334,28.545000076293945,26.75,28.40999984741211,27.4759578704834,12572300
2026-01-22,28.610000610351562,29.09000015258789,28.270000457763672,28.329999923706055,27.398588180541992,11409000
2026-01-23,28.489999771118164,28.610000610351562,28.125,28.25,27.321216583251953,8892300
2026-01-26,28.3700008392334,28.559999465942383,27.969999313354492,28.18000030517578,27.25351905822754,8707100
2026-01-27,28.209999084472656,28.385000228881836,27.639999389648438,27.809999465942383,26.89568328857422,12804900
2026-01-28,28.100000381469727,28.149999618530273,27.200000762939453,27.780000686645508,26.866670608520508,17825500
2026-01-29,26.600000381469727,27.559999465942383,25.81999969482422,27.15999984741211,26.26705551147461,23608400
2026-01-30,27.290000915527344,28.0,26.920000076293945,27.549999237060547,26.644229888916016,18949400
2026-02-02,27.5,29.024999618530273,27.100000381469727,28.8799991607666,27.930503845214844,17168900
2026-02-03,28.899999618530273,31.145000457763672,28.809999465942383,30.489999771118164,29.487573623657227,21848200
2026-02-04,31.010000228881836,32.849998474121094,30.950000762939453,32.400001525878906,31.334779739379883,26129300
2026-02-05,31.899999618530273,32.22999954223633,30.15999984741211,30.600000381469727,29.593955993652344,15877500
2026-02-06,31.0,31.854999542236328,30.809999465942383,31.780000686645508,30.73516082763672,8977200
2026-02-09,31.5,32.540000915527344,31.020000457763672,32.08000183105469,31.025300979614258,10275400
2026-02-10,32.400001525878906,33.9900016784668,32.400001525878906,33.599998474121094,32.495323181152344,13531200
2026-02-11,33.70000076293945,34.77000045776367,33.5099983215332,34.0,32.88217544555664,12754800
2026-02-12,34.209999084472656,34.43000030517578,32.073001861572266,32.650001525878906,31.576557159423828,15685900
2026-02-13,32.619998931884766,33.150001525878906,32.32099914550781,32.4900016784668,31.421817779541016,10184100
2026-02-17,32.29999923706055,32.689998626708984,30.93000030517578,31.420000076293945,30.386995315551758,9911400
2026-02-18,31.649999618530273,32.47999954223633,31.440000534057617,31.579999923706055,30.541736602783203,10918600
2026-02-19,31.489999771118164,31.729999542236328,30.889999389648438,31.389999389648438,30.35798454284668,8869400
2026-02-20,30.969999313354492,31.06999969482422,29.489999771118164,30.520000457763672,29.51658821105957,17925100
2026-02-23,30.09000015258789,30.899999618530273,30.09000015258789,30.299999237060547,29.30381965637207,9417700
2026-02-24,30.639999389648438,31.469999313354492,30.510000228881836,31.049999237060547,30.029163360595703,10487400
2026-02-25,31.15999984741211,31.299999237060547,29.645000457763672,30.020000457763672,29.03302574157715,11139300
2026-02-26,29.989999771118164,30.049999237060547,29.209999084472656,29.899999618530273,28.916969299316406,9211200
2026-02-27,29.239999771118164,30.860000610351562,29.20400047302246,30.729999542236328,30.071691513061523,13297800
2026-03-02,30.700000762939453,31.55500030517578,30.139999389648438,30.600000381469727,29.944477081298828,13479000
2026-03-03,29.829999923706055,31.0,29.385000228881836,30.739999771118164,30.081478118896484,13304900
2026-03-04,32.0,32.38999938964844,31.040000915527344,32.34000015258789,31.64720344543457,13279500
2026-03-05,33.5,34.59199905395508,33.209999084472656,33.720001220703125,32.997642517089844,24545900
2026-03-06,35.0,35.150001525878906,32.95000076293945,33.279998779296875,32.56706619262695,19447200
2026-03-09,34.95000076293945,35.749000549316406,34.099998474121094,34.310001373291016,33.57500076293945,28495500
2026-03-10,34.619998931884766,35.18000030517578,33.185001373291016,33.88999938964844,33.163997650146484,22301900
2026-03-11,33.95000076293945,34.57500076293945,33.70000076293945,34.369998931884766,33.63371658325195,11106300
2026-03-12,35.75,37.68000030517578,35.5099983215332,37.58000183105469,36.77495193481445,25159600
2026-03-13,37.70000076293945,37.75,36.5099983215332,36.619998931884766,35.835514068603516,16375100
2026-03-16,36.38999938964844,36.630001068115234,35.970001220703125,36.0,35.228797912597656,9567400
2026-03-17,36.18000030517578,37.56999969482422,36.029998779296875,36.90999984741211,36.11930465698242,14301700
2026-03-18,37.5,38.2599983215332,37.053001403808594,37.689998626708984,36.882591247558594,15273900
2026-03-19,38.0099983215332,38.58000183105469,37.06999969482422,37.4900016784668,36.6868782043457,13780000
2026-03-20,37.81999969482422,38.31999969482422,36.47999954223633,36.650001525878906,35.864871978759766,15453500
2026-03-23,35.91999816894531,36.685001373291016,35.54999923706055,36.040000915527344,35.267940521240234,14991500
2026-03-24,36.22999954223633,38.470001220703125,36.22999954223633,38.310001373291016,37.48931121826172,16393500
2026-03-25,38.29999923706055,39.69499969482422,38.0,39.619998931884766,38.77124786376953,12223800
2026-03-26,39.619998931884766,40.19499969482422,39.220001220703125,39.470001220703125,38.62446212768555,9711600
2026-03-27,39.630001068115234,41.05500030517578,39.310001373291016,40.81999969482422,39.94554138183594,12322100
2026-03-30,41.619998931884766,42.5,41.209999084472656,41.869998931884766,40.97304916381836,15306500
2026-03-31,41.68000030517578,42.7400016784668,40.86000061035156,41.650001525878906,40.75776290893555,21086600
2026-04-01,41.59000015258789,41.755001068115234,39.584999084472656,40.689998626708984,39.81832504272461,21922000
2026-04-02,42.119998931884766,42.369998931884766,40.79999923706055,41.400001525878906,40.513118743896484,13355400
2026-04-06,40.45000076293945,41.06800079345703,39.935001373291016,40.560001373291016,39.69111251831055,13059100
2026-04-07,40.84000015258789,42.04999923706055,40.65999984741211,41.40999984741211,40.52290344238281,14260200
2026-04-08,36.619998931884766,39.345001220703125,35.75,39.279998779296875,38.43852996826172,27145700
2026-04-09,39.599998474121094,40.599998474121094,37.900001525878906,38.040000915527344,37.225093841552734,18500500
2026-04-10,38.5,39.119998931884766,38.244998931884766,39.0099983215332,38.174312591552734,10924300
2026-04-13,40.0,40.61800003051758,39.78099822998047,40.11000061035156,39.25075149536133,9495700
2026-04-14,39.70000076293945,39.724998474121094,38.150001525878906,39.15999984741211,38.321102142333984,13086700
2026-04-15,39.150001525878906,39.415000915527344,38.720001220703125,38.84000015258789,38.007957458496094,9404300
2026-04-16,39.5,40.0099983215332,39.18000030517578,39.91999816894531,39.0648193359375,11306200
2026-04-17,36.290000915527344,36.54999923706055,34.79999923706055,35.599998474121094,34.837364196777344,27285900
2026-04-20,36.04499816894531,37.279998779296875,35.91999816894531,36.77000045776367,35.982303619384766,12428600
2026-04-21,36.880001068115234,38.33000183105469,36.880001068115234,38.310001373291016,37.48931121826172,13555500
2026-04-22,38.5,39.0,38.290000915527344,38.810001373291016,37.97860336303711,14665300
2026-04-23,39.380001068115234,40.04999923706055,36.724998474121094,38.529998779296875,37.70459747314453,22976900
2026-04-24,38.939998626708984,39.4900016784668,37.93000030517578,38.65999984741211,37.83181381225586,12672400
2026-04-27,39.5,39.720001220703125,37.375,38.099998474121094,37.283809661865234,11226400
2026-04-28,38.900001525878906,39.099998474121094,37.849998474121094,38.0099983215332,37.19573974609375,9268100
2026-04-29,38.59000015258789,39.70000076293945,38.5099983215332,39.54999923706055,38.7027473449707,11659400
2026-04-30,39.400001525878906,40.849998474121094,38.880001068115234,40.4900016784668,39.62261199951172,15935600
2026-05-01,40.939998626708984,41.459999084472656,39.43000030517578,40.290000915527344,39.42689514160156,9176900
2026-05-04,40.7400016784668,40.9900016784668,39.62099838256836,40.58000183105469,39.71068572998047,8787400
2026-05-05,40.439998626708984,41.474998474121094,40.30500030517578,40.79999923706055,39.925968170166016,7117500
2026-05-06,38.06999969482422,38.90999984741211,37.584999084472656,38.5,37.67523956298828,17871600
2026-05-07,37.54999923706055,37.7599983215332,36.86000061035156,37.31999969482422,36.5205192565918,17292200
2026-05-08,37.5099983215332,37.64500045776367,36.720001220703125,36.869998931884766,36.08015823364258,9781500
2026-05-11,37.5,38.81999969482422,37.4900016784668,38.7599983215332,37.92966842651367,9412500
2026-05-12,38.9900016784668,39.845001220703125,38.54100036621094,39.43000030517578,38.5853157043457,8792700
2026-05-13,40.0099983215332,40.16999816894531,38.810001373291016,38.84000015258789,38.007957458496094,8415300
2026-05-14,38.72999954223633,39.07500076293945,38.54999923706055,38.779998779296875,37.949241638183594,5643100
2026-05-15,39.0,39.415000915527344,38.611000061035156,38.75,37.919883728027344,9184900
2026-05-18,38.470001220703125,38.808998107910156,37.8849983215332,38.560001373291016,37.73395919799805,8719400
2026-05-19,38.709999084472656,38.880001068115234,37.20500183105469,37.7400016784668,36.93152618408203,10566300
2026-05-20,37.58000183105469,37.88999938964844,35.91999816894531,36.27000045776367,35.493011474609375,15321300
2026-05-21,36.58000183105469,37.349998474121094,35.564998626708984,35.90999984741211,35.140724182128906,12844700
2026-05-22,36.150001525878906,36.599998474121094,35.55500030517578,36.0099983215332,35.238582611083984,9010400
2026-05-26,36.209999084472656,36.29999923706055,35.02000045776367,35.279998779296875,34.52421951293945,14114900
2026-05-27,34.599998474121094,34.88999938964844,34.084999084472656,34.4900016784668,33.75114440917969,16013100
2026-05-28,34.88999938964844,35.540000915527344,34.435001373291016,34.77000045776367,34.025146484375,12484100
2026-05-29,34.47999954223633,34.52000045776367,33.44499969482422,33.75,33.362831115722656,17171300
2026-06-01,34.25,35.40999984741211,34.20500183105469,34.689998626708984,34.292049407958984,10533500
2026-06-02,34.55500030517578,34.92499923706055,34.2599983215332,34.720001220703125,34.32170486450195,11207900
2026-06-03,34.689998626708984,35.7140007019043,34.68000030517578,35.400001525878906,34.99390411376953,10733800
2026-06-04,34.959999084472656,35.52000045776367,34.529998779296875,34.790000915527344,34.39090347290039,9243900
2026-06-05,34.529998779296875,34.599998474121094,33.654998779296875,33.970001220703125,33.5803108215332,8121900
2026-06-08,33.97999954223633,34.400001525878906,33.654998779296875,34.20000076293945,33.80767059326172,6846800
2026-06-09,34.029998779296875,34.09000015258789,32.56999969482422,33.220001220703125,32.83891296386719,13901100
2026-06-10,33.25,34.46500015258789,32.880001068115234,34.2400016784668,33.84721374511719,13017500
2026-06-11,34.90999984741211,36.040000915527344,33.435001373291016,33.630001068115234,33.24420928955078,12414900
2026-06-12,33.31999969482422,34.189998626708984,32.75,33.849998474121094,33.46168518066406,15932500
2026-06-15,32.709999084472656,33.310001373291016,31.90999984741211,33.22999954223633,32.84879684448242,15288000
2026-06-16,32.81999969482422,33.38999938964844,32.44499969482422,32.959999084472656,32.58189392089844,10758000
2026-06-17,32.849998474121094,33.97999954223633,32.47999954223633,32.5,32.12717056274414,10897200
2026-06-18,32.599998474121094,32.599998474121094,31.3700008392334,31.729999542236328,31.366004943847656,17423500
2026-06-22,31.200000762939453,31.389999389648438,30.665000915527344,30.790000915527344,30.43678855895996,13107300
2026-06-23,30.530000686645508,31.084999084472656,30.184999465942383,30.329999923706055,29.982065200805664,14159300
2026-06-24,30.0,30.0,28.774999618530273,29.3799991607666,29.0429630279541,23935400
2026-06-25,28.829999923706055,29.514999389648438,28.389999389648438,29.309999465942383,28.973766326904297,12740100
2026-06-26,29.0,29.298999786376953,28.735000610351562,29.040000915527344,28.706865310668945,12286800
2026-06-29,29.139999389648438,29.30900001525879,27.540000915527344,27.920000076293945,27.599712371826172,12783500
2026-06-30,27.90999984741211,28.180999755859375,27.135000228881836,27.360000610351562,27.0461368560791,12814600
2026-07-01,26.799999237060547,27.665000915527344,26.799999237060547,27.020000457763672,26.710037231445312,13818400
2026-07-02,27.25,28.334999084472656,27.25,27.709999084472656,27.392120361328125,11721600
2026-07-06,27.200000762939453,27.454999923706055,26.900999069213867,27.329999923706055,27.0164794921875,8510800
2026-07-07,27.549999237060547,28.700000762939453,27.549999237060547,28.639999389648438,28.311452865600586,13926600
2026-07-08,29.479999542236328,29.899999618530273,28.969999313354492,29.030000686645508,28.696979522705078,16014100
2026-07-09,28.780000686645508,29.040000915527344,27.989999771118164,28.5,28.173059463500977,9547000
2026-07-10,28.780000686645508,29.15999984741211,28.6299991607666,29.030000686645508,28.696979522705078,5713300
2026-07-13,29.559999465942383,30.440000534057617,29.280000686645508,30.3700008392334,30.021608352661133,12392800
2026-07-14,30.959999084472656,31.209999084472656,30.139999389648438,30.309999465942383,29.96229362487793,8630000
2026-07-15,30.200000762939453,30.309999465942383,29.309999465942383,29.700000762939453,29.35929298400879,8806400
2026-07-16,29.639999389648438,29.979999542236328,29.204999923706055,29.299999237060547,28.96388053894043,7007900
2026-07-17,30.010000228881836,30.540000915527344,29.639999389648438,29.920000076293945,29.57676887512207,8538800
2026-07-20,29.75,30.559999465942383,29.520000457763672,30.3700008392334,30.021608352661133,9089500
2026-07-21,30.6200008392334,31.25,30.440000534057617,30.469999313354492,30.120458602905273,8324300
2026-07-22,30.989999771118164,31.584999084472656,30.809999465942383,31.25,30.891511917114258,11532400
2026-07-23,31.799999237060547,32.72999954223633,30.670000076293945,30.899999618530273,30.5455265045166,16614800
2026-07-24,30.610000610351562,30.774999618530273,29.299999237060547,29.84000015258789,29.4976863861084,10427200
2026-07-27,28.93000030517578,29.219999313354492,28.229999542236328,28.75,28.420190811157227,13172000
2026-07-28,29.0,29.489999771118164,28.700000762939453,28.850000381469727,28.51904296875,12162300
2026-07-29,29.670000076293945,30.6299991607666,29.530000686645508,30.450000762939453,30.100688934326172,13813700
2026-07-30,30.059999465942383,30.479999542236328,29.450000762939453,30.09000015258789,29.74481964111328,9163500
2026-07-31,29.969999313354492,30.510000228881836,29.594999313354492,30.290000915527344,29.94252586364746,9113800
2026-08-03,30.190000534057617,30.450000762939453,29.739999771118164,29.889999389648438,29.54711151123047,9264400
2026-08-04,29.030000686645508,30.448999404907227,28.690000534057617,30.329999923706055,29.982065200805664,9348800
2026-08-05,30.610000610351562,30.68000030517578,29.170000076293945,29.670000076293945,29.32963752746582,10208500
2026-08-06,30.0,30.90999984741211,29.719999313354492,30.299999237060547,29.952409744262695,9296800
2026-08-07,29.799999237060547,29.940000534057617,29.264999389648438,29.34000015258789,29.003421783447266,9022100
2026-08-10,29.649999618530273,30.579999923706055,29.545000076293945,30.579999923706055,30.229198455810547,7474900
2026-08-11,30.405000686645508,31.440000534057617,30.405000686645508,31.260000228881836,30.901397705078125,7519400
2026-08-12,31.110000610351562,31.219999313354492,30.4950008392334,30.56999969482422,30.21931266784668,6615000
2026-08-13,30.350000381469727,30.725000381469727,30.184999465942383,30.360000610351562,30.011722564697266,6867500
2026-08-14,30.690000534057617,31.200000762939453,30.6299991607666,31.06999969482422,30.71357536315918,7305700
2026-08-17,31.09000015258789,31.53499984741211,30.81999969482422,31.34000015258789,30.980480194091797,6020000
2026-08-18,31.600000381469727,31.93000030517578,31.06100082397461,31.190000534057617,30.83220100402832,7367900
2026-08-19,31.399999618530273,32.125,31.350000381469727,31.75,31.38577651977539,6137700
2026-08-20,31.770000457763672,33.400001525878906,31.770000457763672,32.900001525878906,32.5225830078125,14366300
2026-08-21,32.779998779296875,33.32500076293945,32.279998779296875,32.349998474121094,31.978891372680664,9183700
2026-08-24,32.029998779296875,32.04999923706055,31.270000457763672,31.440000534057617,31.07933235168457,8242700
2026-08-25,30.959999084472656,30.959999084472656,30.139999389648438,30.15999984741211,29.814016342163086,9173300
2026-08-26,30.010000228881836,30.40999984741211,29.729999542236328,30.329999923706055,29.982065200805664,9601600
2026-08-27,30.309999465942383,30.600000381469727,29.954999923706055,30.329999923706055,29.982065200805664,6433100
2026-08-28,30.6299991607666,30.84000015258789,30.110000610351562,30.510000228881836,30.160001754760742,5963800
2026-08-31,30.549999237060547,31.260000228881836,30.190000534057617,30.520000457763672,30.520000457763672,9531100
2026-09-01,30.700000762939453,30.850000381469727,30.075000762939453,30.459999084472656,30.459999084472656,7678800
2026-09-02,30.260000228881836,31.459999084472656,30.260000228881836,31.280000686645508,31.280000686645508,7906700
2026-09-03,31.549999237060547,31.690000534057617,30.329999923706055,30.360000610351562,30.360000610351562,8175200
2026-09-04,30.100000381469727,30.450000762939453,29.100000381469727,29.440000534057617,29.440000534057617,9411400
2026-09-08,29.75,30.299999237060547,29.524999618530273,29.56999969482422,29.56999969482422,8606600
2026-09-09,30.049999237060547,30.200000762939453,28.954999923706055,29.399999618530273,29.399999618530273,9144200
2026-09-10,29.899999618530273,30.260000228881836,29.594999313354492,29.639999389648438,29.639999389648438,7354700
2026-09-11,29.420000076293945,29.690000534057617,28.709999084472656,29.030000686645508,29.030000686645508,10492800
2026-09-14,29.399999618530273,29.600000381469727,28.75,28.899999618530273,28.899999618530273,7604300
2026-09-15,29.010000228881836,29.899999618530273,28.8700008392334,29.850000381469727,29.850000381469727,8694300
2026-09-16,29.399999618530273,30.485000610351562,29.15999984741211,30.079999923706055,30.079999923706055,12243000
2026-09-17,29.56999969482422,30.020000457763672,29.34000015258789,29.489999771118164,29.489999771118164,7749700
2026-09-18,29.3700008392334,29.3700008392334,28.440000534057617,28.729999542236328,28.729999542236328,13630800
2026-09-21,28.520000457763672,28.639999389648438,27.920000076293945,28.270000457763672,28.270000457763672,9637600
2026-09-22,28.100000381469727,28.670000076293945,27.8700008392334,28.200000762939453,28.200000762939453,8818900
2026-09-23,28.440000534057617,28.924999237060547,28.3700008392334,28.649999618530273,28.649999618530273,7922500
2026-09-24,28.899999618530273,29.125,28.514999389648438,28.559999465942383,28.559999465942383,7250500
2026-09-25,28.260000228881836,28.34000015258789,27.540000915527344,28.020000457763672,28.020000457763672,8840500
2026-09-28,28.30500030517578,28.405000686645508,27.844999313354492,27.889999389648438,27.889999389648438,7993900
2026-09-29,27.5,27.815000534057617,27.200000762939453,27.610000610351562,27.610000610351562,8402400
2026-09-30,27.475000381469727,27.850000381469727,27.389999389648438,27.540000915527344,27.540000915527344,11745700
