Date,Open,High,Low,Close,Adj Close,Volume
2020-12-31,258.79998779296875,263.92999267578125,258.0,263.7099914550781,230.79603576660156,2043100
2021-01-04,267.0,267.5799865722656,260.1600036621094,265.0,231.92503356933594,3572000
2021-01-05,263.8800048828125,273.5,262.57000732421875,270.92999267578125,237.1148681640625,4207100
2021-01-06,276.2900085449219,288.3800048828125,273.1000061035156,285.54998779296875,249.9102020263672,6383500
2021-01-07,287.7699890136719,295.8900146484375,286.67999267578125,291.6499938964844,255.2488250732422,4009700
2021-01-08,292.0,292.2799987792969,285.05999755859375,290.0799865722656,253.8748016357422,2800800
2021-01-11,286.79998779296875,295.0,284.20001220703125,293.8299865722656,257.15673828125,2649700
2021-01-12,297.1400146484375,303.9800109863281,296.0199890136719,302.2099914550781,264.4908142089844,4814400
2021-01-13,300.0799865722656,303.7200012207031,299.1000061035156,302.94000244140625,265.1296691894531,2413800
2021-01-14,304.04998779296875,309.4100036621094,303.5400085449219,307.8699951171875,269.44439697265625,3192200
2021-01-15,301.19000244140625,304.8599853515625,296.8800048828125,301.010009765625,263.44061279296875,3863700
2021-01-19,305.0,306.6000061035156,293.79998779296875,294.20001220703125,257.4805908203125,6727800
2021-01-20,295.82000732421875,297.45001220703125,287.4800109863281,290.4700012207031,254.21609497070312,4792600
2021-01-21,290.45001220703125,292.739990234375,288.5299987792969,289.3699951171875,253.25340270996094,2516000
2021-01-22,286.69000244140625,290.5899963378906,285.5,289.3900146484375,253.27085876464844,2568800
2021-01-25,285.5299987792969,286.3500061035156,277.5,283.0400085449219,247.7135009765625,4575000
2021-01-26,283.92999267578125,285.7699890136719,280.0799865722656,281.760009765625,246.5931854248047,3296800
2021-01-27,276.0,277.3699951171875,271.32000732421875,273.3299865722656,239.21536254882812,3891800
2021-01-28,274.6099853515625,279.8299865722656,271.3299865722656,275.0199890136719,240.69444274902344,3778700
2021-01-29,274.2699890136719,277.3999938964844,270.6199951171875,271.1700134277344,237.3249969482422,3412000
2021-02-01,272.6600036621094,276.79998779296875,272.0,274.7300109863281,240.4406280517578,2324100
2021-02-02,278.32000732421875,288.25,278.0,286.9700012207031,251.15293884277344,5195500
2021-02-03,286.6099853515625,289.80999755859375,285.17999267578125,288.54998779296875,252.5357666015625,2712800
2021-02-04,290.0,295.8299865722656,289.5199890136719,293.75,257.0867004394531,2994700
2021-02-05,295.0,297.239990234375,292.19000244140625,293.5,256.867919921875,2938100
2021-02-08,295.0,300.8900146484375,294.5,300.1499938964844,262.68792724609375,2826200
2021-02-09,299.6000061035156,302.45001220703125,297.70001220703125,300.4599914550781,262.95916748046875,2071700
2021-02-10,300.0,305.17999267578125,297.75,304.2799987792969,266.3024597167969,3213700
2021-02-11,303.9800109863281,305.010009765625,299.1700134277344,302.32000732421875,264.5871276855469,2159900
2021-02-12,301.989990234375,306.70001220703125,301.7699890136719,306.32000732421875,268.087890625,1977300
2021-02-16,310.0,312.9200134277344,309.2200012207031,311.9599914550781,273.02392578125,2792200
2021-02-17,310.0299987792969,314.9800109863281,308.760009765625,312.739990234375,273.70654296875,2333100
2021-02-18,309.2200012207031,314.5,307.5799865722656,309.8999938964844,271.22100830078125,2093300
2021-02-19,310.2300109863281,316.7799987792969,310.2300109863281,315.6199951171875,276.2270812988281,2749500
2021-02-22,313.0,320.55999755859375,312.2099914550781,316.8699951171875,277.3210754394531,3162300
2021-02-23,317.9800109863281,320.0,310.5799865722656,319.2099914550781,279.3690185546875,2942500
2021-02-24,320.1700134277344,330.9700012207031,320.1000061035156,330.6400146484375,289.3724060058594,3934400
2021-02-25,333.3299865722656,335.80999755859375,326.2900085449219,327.760009765625,286.8518981933594,4244000
2021-02-26,325.7699890136719,328.67999267578125,319.0400085449219,319.4800109863281,279.6053466796875,3732200
2021-03-01,325.0,331.0400085449219,323.30999755859375,329.9200134277344,289.8764953613281,2957800
2021-03-02,330.0,336.19000244140625,329.510009765625,330.94000244140625,290.7726745605469,2850300
2021-03-03,333.67999267578125,340.1000061035156,333.25,334.42999267578125,293.8391418457031,3606300
2021-03-04,333.1300048828125,339.760009765625,323.9200134277344,329.2900085449219,289.32293701171875,3647600
2021-03-05,335.5799865722656,335.5799865722656,316.4599914550781,327.3699951171875,287.6360168457031,3740200
2021-03-08,331.3599853515625,337.5899963378906,329.1000061035156,334.19000244140625,293.62823486328125,2998000
2021-03-09,328.6199951171875,336.3900146484375,325.57000732421875,330.5899963378906,290.46514892578125,3324800
2021-03-10,332.07000732421875,342.3999938964844,331.5299987792969,342.0199890136719,300.5079040527344,3153100
2021-03-11,338.6600036621094,345.0,336.4599914550781,342.1000061035156,300.57818603515625,2756600
2021-03-12,345.2200012207031,350.0,343.6400146484375,348.80999755859375,306.4737243652344,2436700
2021-03-15,349.44000244140625,352.4200134277344,342.0,346.04998779296875,304.0486755371094,2276200
2021-03-16,345.2799987792969,346.8999938964844,337.75,341.7099914550781,300.2354736328125,2332600
2021-03-17,344.6199951171875,347.0299987792969,340.3999938964844,344.95001220703125,303.0822448730469,2710900
2021-03-18,350.75,356.8500061035156,346.989990234375,348.0,305.76202392578125,3713000
2021-03-19,346.4200134277344,347.239990234375,340.6300048828125,344.20001220703125,302.4232177734375,3513000
2021-03-22,341.05999755859375,342.8800048828125,336.0,339.3299865722656,298.1444091796875,2094500
2021-03-23,337.6199951171875,341.8900146484375,331.3299865722656,331.7699890136719,291.50201416015625,2457500
2021-03-24,333.4200134277344,336.94000244140625,328.44000244140625,328.6499938964844,288.7606201171875,3332200
2021-03-25,327.3500061035156,331.3900146484375,321.9200134277344,330.54998779296875,290.4299621582031,2804700
2021-03-26,334.510009765625,335.45001220703125,322.69000244140625,327.3900146484375,287.653564453125,3082600
2021-03-29,320.3500061035156,327.760009765625,317.7200012207031,325.7300109863281,286.195068359375,4533200
2021-03-30,329.4100036621094,335.75,328.8500061035156,332.010009765625,291.7127685546875,2717300
2021-03-31,330.2300109863281,332.6499938964844,325.44000244140625,327.0,287.3109436035156,2624500
2021-04-01,324.29998779296875,329.6600036621094,324.1600036621094,327.6400146484375,287.8731994628906,2659000
2021-04-05,332.8500061035156,332.8500061035156,323.04998779296875,323.5400085449219,284.2708435058594,3235000
2021-04-06,324.489990234375,328.5400085449219,324.0,327.05999755859375,287.3635559082031,1801700
2021-04-07,327.70001220703125,329.20001220703125,323.3500061035156,326.54998779296875,286.91552734375,2157300
2021-04-08,324.2900085449219,331.489990234375,322.9700012207031,331.1400146484375,290.9483947753906,2402800
2021-04-09,334.0,334.8999938964844,328.7900085449219,330.80999755859375,290.6584777832031,2347100
2021-04-12,332.6700134277344,334.4800109863281,329.94000244140625,331.8399963378906,291.5634765625,2318800
2021-04-13,329.510009765625,330.04998779296875,324.17999267578125,327.67999267578125,287.9083251953125,3575900
2021-04-14,328.54998779296875,344.4700012207031,326.1499938964844,335.3500061035156,294.6474914550781,9876800
2021-04-15,338.8999938964844,341.3500061035156,334.5400085449219,338.54998779296875,297.4590759277344,4354800
2021-04-16,340.2900085449219,343.739990234375,338.6199951171875,342.30999755859375,300.7626953125,4231900
2021-04-19,340.0,344.42999267578125,336.6000061035156,343.0899963378906,301.4479064941406,3228200
2021-04-20,339.9700012207031,340.4700012207031,329.3500061035156,331.8800048828125,291.59857177734375,3662300
2021-04-21,330.0,335.4700012207031,327.55999755859375,335.2699890136719,294.57708740234375,2733300
2021-04-22,334.6199951171875,336.9700012207031,330.2900085449219,330.8500061035156,290.6936340332031,2165200
2021-04-23,331.25,340.6700134277344,330.7200012207031,339.3500061035156,298.1619873046875,2163800
2021-04-26,341.94000244140625,345.8999938964844,340.8900146484375,343.5199890136719,301.8258056640625,2171500
2021-04-27,344.0,347.54998779296875,343.6600036621094,346.6300048828125,304.558349609375,2088600
2021-04-28,348.0,350.1199951171875,346.0899963378906,348.1099853515625,305.858642578125,2140900
2021-04-29,350.54998779296875,353.8299865722656,347.4800109863281,352.9700012207031,310.12884521484375,2584400
2021-04-30,351.1199951171875,352.82000732421875,347.20001220703125,348.45001220703125,306.157470703125,2101100
2021-05-03,350.3399963378906,354.05999755859375,349.260009765625,350.1600036621094,307.659912109375,1871700
2021-05-04,348.8999938964844,351.7799987792969,342.57000732421875,349.8399963378906,307.3787841796875,2831400
2021-05-05,352.0,359.1400146484375,348.54998779296875,357.6199951171875,314.2144470214844,2786800
2021-05-06,359.7699890136719,366.29998779296875,356.5,365.9700012207031,321.5509948730469,3048700
2021-05-07,362.29998779296875,371.6499938964844,360.92999267578125,370.8900146484375,325.873779296875,3378100
2021-05-10,373.5,376.9800109863281,368.5,368.67999267578125,323.9321594238281,3396300
2021-05-11,363.0,368.6300048828125,358.6199951171875,359.9200134277344,316.23529052734375,3734300
2021-05-12,363.07000732421875,368.1300048828125,353.2699890136719,354.3999938964844,311.3852844238281,3309800
2021-05-13,353.25,360.8900146484375,353.25,358.80999755859375,315.2600402832031,2673900
2021-05-14,362.0,369.510009765625,361.70001220703125,368.7699890136719,324.0111083984375,2732300
2021-05-17,367.7799987792969,370.70001220703125,364.5,369.25,324.4328918457031,1826100
2021-05-18,371.3800048828125,373.0799865722656,364.0,364.55999755859375,320.3121032714844,2018600
2021-05-19,360.0,360.0,353.92999267578125,358.3800048828125,314.8822021484375,3696000
2021-05-20,358.9800109863281,361.95001220703125,353.3500061035156,359.7799987792969,316.1122131347656,1919600
2021-05-21,361.489990234375,367.1400146484375,360.510009765625,366.260009765625,321.8057861328125,2657500
2021-05-24,367.32000732421875,369.7200012207031,365.510009765625,368.2900085449219,323.58935546875,1834300
2021-05-25,369.9100036621094,373.7699890136719,364.0899963378906,364.510009765625,320.26824951171875,2631000
2021-05-26,365.0,368.7900085449219,361.9100036621094,367.3999938964844,322.80743408203125,2121200
2021-05-27,371.3299865722656,373.54998779296875,367.29998779296875,371.3699951171875,326.2955627441406,3897000
2021-05-28,372.0,373.07000732421875,368.260009765625,372.0199890136719,327.9706115722656,2169700
2021-06-01,377.70001220703125,383.3599853515625,376.30999755859375,382.44000244140625,337.1568298339844,3644000
2021-06-02,383.3299865722656,384.6700134277344,379.3699951171875,383.44000244140625,338.0384216308594,2809700
2021-06-03,382.25,391.25,380.1300048828125,388.7200012207031,342.6932067871094,3003900
2021-06-04,389.67999267578125,392.04998779296875,386.32000732421875,391.45001220703125,345.1000061035156,2514100
2021-06-07,393.0,393.260009765625,387.54998779296875,388.1600036621094,342.1995849609375,2188700
2021-06-08,385.7900085449219,386.4800109863281,382.2200012207031,384.70001220703125,339.14923095703125,2452600
2021-06-09,383.1600036621094,384.2699890136719,378.8800048828125,382.7799987792969,337.45648193359375,2025900
2021-06-10,389.6400146484375,389.6400146484375,372.3500061035156,373.94000244140625,329.6631774902344,3900800
2021-06-11,375.70001220703125,378.75,375.1099853515625,378.04998779296875,333.2866516113281,2117300
2021-06-14,377.42999267578125,378.75,370.70001220703125,372.9200134277344,328.76409912109375,2560500
2021-06-15,373.5,374.8399963378906,367.1600036621094,371.29998779296875,327.3358459472656,2302900
2021-06-16,370.989990234375,374.0799865722656,365.25,371.0,327.0713806152344,3264200
2021-06-17,373.5199890136719,373.5199890136719,356.54998779296875,361.5,318.6962585449219,4146300
2021-06-18,356.5199890136719,358.3800048828125,348.1300048828125,348.8299865722656,307.5264587402344,6290100
2021-06-21,352.8900146484375,357.9700012207031,351.0400085449219,357.5400085449219,315.20513916015625,2717300
2021-06-22,357.0,359.8800048828125,352.6400146484375,357.5299987792969,315.1962890625,1870800
2021-06-23,358.7900085449219,362.4800109863281,357.6600036621094,361.04998779296875,318.2995300292969,1713100
2021-06-24,363.0,370.8800048828125,362.7799987792969,368.75,325.0877685546875,2716600
2021-06-25,368.82000732421875,371.1499938964844,364.5400085449219,368.7699890136719,325.1054382324219,2782400
2021-06-28,367.79998779296875,368.8699951171875,363.8599853515625,368.7099914550781,325.05255126953125,1833400
2021-06-29,374.8599853515625,378.0899963378906,370.75,372.6199951171875,328.49957275390625,2365900
2021-06-30,370.8999938964844,380.1099853515625,370.8999938964844,379.5299987792969,334.59136962890625,2238400
2021-07-01,380.70001220703125,381.6400146484375,374.1499938964844,374.989990234375,330.5888671875,2571000
2021-07-02,376.30999755859375,376.6000061035156,372.4200134277344,374.1600036621094,329.8572082519531,1598900
2021-07-06,373.2300109863281,373.6300048828125,365.4100036621094,369.8599853515625,326.0663757324219,2162900
2021-07-07,367.5,370.0899963378906,362.17999267578125,367.6700134277344,324.13568115234375,2012800
2021-07-08,359.69000244140625,362.8900146484375,355.5899963378906,358.94000244140625,316.43939208984375,2940500
2021-07-09,366.0,372.1499938964844,364.95001220703125,371.760009765625,327.7413635253906,2641800
2021-07-12,370.30999755859375,384.0,367.3299865722656,380.5,335.4465637207031,4135900
2021-07-13,381.05999755859375,385.3299865722656,372.010009765625,375.9800109863281,331.46173095703125,6466800
2021-07-14,378.75,381.7699890136719,371.3900146484375,374.3999938964844,330.0687561035156,3295700
2021-07-15,371.239990234375,378.75,370.57000732421875,373.3500061035156,329.1430969238281,2183900
2021-07-16,374.92999267578125,374.92999267578125,363.8299865722656,364.79998779296875,321.6054382324219,2583300
2021-07-19,354.0,355.19000244140625,349.0,354.7200012207031,312.7190246582031,4394600
2021-07-20,352.2699890136719,367.30999755859375,351.5400085449219,364.760009765625,321.5702209472656,2937900
2021-07-21,368.0400085449219,374.8999938964844,367.92999267578125,373.5,329.2752990722656,2398800
2021-07-22,372.29998779296875,373.69000244140625,368.45001220703125,372.7099914550781,328.5789489746094,1887100
2021-07-23,374.5899963378906,378.0,371.3800048828125,374.04998779296875,329.7602233886719,1706900
2021-07-26,373.17999267578125,376.67999267578125,373.1099853515625,375.8999938964844,331.3912658691406,1559100
2021-07-27,372.5,375.1400146484375,369.2200012207031,374.8399963378906,330.4566345214844,1791800
2021-07-28,375.80999755859375,377.44000244140625,372.3399963378906,374.2300109863281,329.9189758300781,1668900
2021-07-29,377.0299987792969,379.510009765625,374.80999755859375,377.54998779296875,332.8458251953125,1296600
2021-07-30,376.57000732421875,379.95001220703125,373.05999755859375,374.8800048828125,330.491943359375,1474900
2021-08-02,376.1700134277344,386.92999267578125,375.75,378.19000244140625,333.4100646972656,2383200
2021-08-03,380.25,381.30999755859375,371.7699890136719,380.3599853515625,335.3231201171875,1494600
2021-08-04,378.4800109863281,382.6499938964844,375.760009765625,377.8599853515625,333.11907958984375,1460500
2021-08-05,380.1499938964844,384.30999755859375,379.95001220703125,384.29998779296875,338.79656982421875,1583800
2021-08-06,388.8800048828125,398.8599853515625,388.6400146484375,397.8900146484375,350.7774963378906,3655800
2021-08-09,396.5899963378906,404.6000061035156,393.5799865722656,399.8800048828125,352.5318298339844,3319100
2021-08-10,400.1199951171875,410.6300048828125,399.5,407.9700012207031,359.6639099121094,3152300
2021-08-11,408.79998779296875,414.67999267578125,407.05999755859375,413.8900146484375,364.8829040527344,3000500
2021-08-12,414.3800048828125,418.6199951171875,410.55999755859375,415.0,365.8615417480469,2312800
2021-08-13,416.0,416.8900146484375,408.17999267578125,410.7799987792969,362.14117431640625,1980000
2021-08-16,408.989990234375,408.989990234375,402.1499938964844,408.3500061035156,359.998779296875,1590700
2021-08-17,403.8399963378906,408.3500061035156,400.20001220703125,404.9700012207031,357.01910400390625,2077400
2021-08-18,402.6000061035156,406.1099853515625,398.5899963378906,398.79998779296875,351.5796203613281,2187800
2021-08-19,394.6000061035156,397.7300109863281,390.9100036621094,393.57000732421875,346.96893310546875,2241500
2021-08-20,391.489990234375,396.45001220703125,391.0,395.8699951171875,348.99658203125,1612100
2021-08-23,401.8900146484375,404.1000061035156,399.0,401.45001220703125,353.9158630371094,1857600
2021-08-24,403.5899963378906,409.6600036621094,402.70001220703125,408.55999755859375,360.18402099609375,1958400
2021-08-25,409.8999938964844,416.67999267578125,408.94000244140625,413.1199951171875,364.20416259765625,1845300
2021-08-26,415.8800048828125,420.7300109863281,411.1600036621094,412.4100036621094,363.578125,2076500
2021-08-27,412.7799987792969,419.8500061035156,412.5,419.69000244140625,369.9961853027344,2174500
2021-08-30,419.95001220703125,420.760009765625,412.7200012207031,413.6000061035156,364.6272888183594,2089400
2021-08-31,412.1099853515625,414.8599853515625,408.760009765625,413.510009765625,366.3193054199219,1958100
2021-09-01,413.1600036621094,416.1099853515625,410.30999755859375,413.6600036621094,366.4522399902344,1680400
2021-09-02,415.1099853515625,417.5799865722656,412.6400146484375,414.5,367.1963806152344,1830400
2021-09-03,414.0,415.1199951171875,410.6000061035156,411.30999755859375,364.3703918457031,1373600
2021-09-07,411.0,414.7300109863281,409.6400146484375,410.32000732421875,363.49334716796875,1557000
2021-09-08,409.2200012207031,410.9800109863281,404.70001220703125,405.0,358.7804260253906,1646200
2021-09-09,404.6700134277344,408.8800048828125,403.510009765625,404.5799865722656,358.408447265625,2424600
2021-09-10,408.0,409.7900085449219,403.1600036621094,403.4800109863281,357.4339599609375,1956000
2021-09-13,407.4100036621094,409.3699951171875,403.79998779296875,409.260009765625,362.5542907714844,1802800
2021-09-14,410.29998779296875,417.010009765625,402.7799987792969,403.69000244140625,357.6200256347656,3263200
2021-09-15,398.0,403.6099853515625,396.2099914550781,401.95001220703125,356.07855224609375,3199800
2021-09-16,404.5199890136719,405.9800109863281,394.8900146484375,396.67999267578125,351.4099426269531,2882900
2021-09-17,396.32000732421875,399.1600036621094,388.8299865722656,391.4599914550781,346.7857360839844,3843700
2021-09-20,377.82000732421875,380.8599853515625,372.5,378.1300048828125,334.9769287109375,3834500
2021-09-21,380.8500061035156,381.5,374.0799865722656,375.8399963378906,332.9482727050781,2377300
2021-09-22,380.79998779296875,389.2900085449219,379.7099914550781,385.4700012207031,341.47930908203125,2991300
2021-09-23,390.3900146484375,393.739990234375,388.17999267578125,391.8599853515625,347.1401062011719,2518000
2021-09-24,390.4700012207031,392.489990234375,388.6000061035156,390.8500061035156,346.2453918457031,1789700
2021-09-27,396.5799865722656,401.0,395.17999267578125,399.80999755859375,354.182861328125,2788500
2021-09-28,400.45001220703125,404.2099914550781,388.3900146484375,389.5,345.04937744140625,2609000
2021-09-29,390.67999267578125,392.3900146484375,384.29998779296875,384.8900146484375,340.96551513671875,1955000
2021-09-30,388.0,388.0199890136719,376.6199951171875,378.0299987792969,334.8883361816406,2665700
2021-10-01,379.44000244140625,382.7200012207031,375.8500061035156,380.0,336.6335754394531,2382300
2021-10-04,380.2099914550781,386.8699951171875,372.82000732421875,374.1499938964844,331.45111083984375,2895600
2021-10-05,378.1000061035156,388.2200012207031,375.5,385.80999755859375,341.780517578125,2508100
2021-10-06,382.3800048828125,389.54998779296875,378.6600036621094,388.04998779296875,343.76483154296875,2111800
2021-10-07,392.9100036621094,397.8500061035156,389.760009765625,390.6199951171875,346.0415344238281,2348000
2021-10-08,390.8299865722656,394.30999755859375,388.17999267578125,392.80999755859375,347.9816589355469,1446700
2021-10-11,392.8999938964844,396.95001220703125,385.0199890136719,385.239990234375,341.27557373046875,1787400
2021-10-12,386.2200012207031,388.5899963378906,381.0199890136719,386.5299987792969,342.4183349609375,2088200
2021-10-13,388.0,388.3800048828125,378.6300048828125,386.30999755859375,342.223388671875,2391600
2021-10-14,392.0,393.6600036621094,382.20001220703125,391.20001220703125,346.5553894042969,3380900
2021-10-15,402.30999755859375,407.2699890136719,396.3399963378906,406.07000732421875,359.7284240722656,6451400
2021-10-18,408.010009765625,415.94000244140625,407.6000061035156,413.69000244140625,366.4787292480469,3832300
2021-10-19,415.17999267578125,415.8500061035156,409.69000244140625,412.1600036621094,365.1234436035156,2568300
2021-10-20,411.0,414.3299865722656,406.20001220703125,407.8900146484375,361.3406677246094,2453400
2021-10-21,406.79998779296875,412.6600036621094,404.6199951171875,407.5899963378906,361.07489013671875,2162100
2021-10-22,409.989990234375,415.3599853515625,409.1000061035156,414.32000732421875,367.0368957519531,2411000
2021-10-25,416.2099914550781,419.489990234375,413.2699890136719,414.75,367.41778564453125,1824700
2021-10-26,416.3699951171875,419.80999755859375,413.760009765625,417.6099853515625,369.9514465332031,1843300
2021-10-27,416.54998779296875,418.05999755859375,410.54998779296875,410.989990234375,364.0868835449219,2067200
2021-10-28,412.0,414.9200134277344,409.05999755859375,414.82000732421875,367.4798278808594,1444700
2021-10-29,414.0199890136719,415.9599914550781,411.17999267578125,413.3500061035156,366.1776123046875,2061700
2021-11-01,417.07000732421875,418.7300109863281,413.25,416.70001220703125,369.14532470703125,1820800
2021-11-02,415.1000061035156,426.1600036621094,412.7900085449219,423.8500061035156,375.47930908203125,3000800
2021-11-03,423.1199951171875,424.0,412.55999755859375,417.8999938964844,370.20831298828125,3542400
2021-11-04,414.6499938964844,415.989990234375,403.0299987792969,408.07000732421875,361.50018310546875,3802300
2021-11-05,411.3999938964844,414.45001220703125,406.1000061035156,407.0799865722656,360.6231994628906,2105600
2021-11-08,409.8900146484375,413.6499938964844,407.9599914550781,408.3399963378906,361.7392883300781,1728400
2021-11-09,406.1099853515625,407.5799865722656,400.05999755859375,405.3500061035156,359.09051513671875,2246900
2021-11-10,402.3299865722656,405.54998779296875,397.25,399.1199951171875,353.5716247558594,2243900
2021-11-11,400.1400146484375,403.760009765625,398.510009765625,402.3399963378906,356.4241638183594,1252400
2021-11-12,403.0,405.1000061035156,399.20001220703125,404.9100036621094,358.70074462890625,1360100
2021-11-15,406.0,407.3399963378906,403.9100036621094,404.80999755859375,358.6121826171875,1436500
2021-11-16,403.9100036621094,405.8399963378906,399.0,403.0899963378906,357.08843994140625,1311000
2021-11-17,401.8500061035156,402.6499938964844,391.4700012207031,391.54998779296875,346.86541748046875,2927000
2021-11-18,392.29998779296875,393.9200134277344,385.67999267578125,391.3699951171875,346.70599365234375,1847400
2021-11-19,382.3800048828125,390.239990234375,381.0400085449219,387.3900146484375,343.18023681640625,2610400
2021-11-22,393.1600036621094,402.489990234375,390.17999267578125,396.1600036621094,350.94940185546875,3058700
2021-11-23,400.25,406.9599914550781,397.510009765625,406.3399963378906,359.9675598144531,2402300
2021-11-24,405.0,407.4800109863281,398.29998779296875,399.19000244140625,353.63360595703125,2186300
2021-11-26,384.4800109863281,391.7099914550781,382.7200012207031,389.3900146484375,344.9519958496094,2687900
2021-11-29,394.0,396.3699951171875,382.45001220703125,386.5400085449219,342.4272155761719,2883400
2021-11-30,383.5299987792969,386.8299865722656,377.260009765625,380.989990234375,337.51055908203125,4570400
2021-12-01,383.82000732421875,390.1600036621094,376.2099914550781,376.4800109863281,335.2752685546875,2476000
2021-12-02,378.0,389.0899963378906,376.0299987792969,387.5400085449219,345.1247863769531,3343700
2021-12-03,389.8800048828125,389.8800048828125,379.0299987792969,382.7300109863281,340.84130859375,2807500
2021-12-06,388.6700134277344,393.6000061035156,383.489990234375,389.29998779296875,346.69219970703125,1990200
2021-12-07,393.5799865722656,401.75,393.05999755859375,400.1099853515625,356.3189697265625,2441000
2021-12-08,401.2300109863281,401.7099914550781,395.1400146484375,397.32000732421875,353.8343505859375,1635200
2021-12-09,395.70001220703125,400.19000244140625,393.0,396.489990234375,353.0952453613281,2111500
2021-12-10,398.0,398.8599853515625,388.6600036621094,391.05999755859375,348.259521484375,1893800
2021-12-13,391.19000244140625,391.19000244140625,382.6600036621094,384.6400146484375,342.54217529296875,2313300
2021-12-14,383.55999755859375,392.5,383.260009765625,388.82000732421875,346.2647705078125,2788500
2021-12-15,389.5,391.3999938964844,380.6000061035156,389.9100036621094,347.23541259765625,2802300
2021-12-16,395.1300048828125,399.8399963378906,391.79998779296875,397.3699951171875,353.8789978027344,3578200
2021-12-17,389.2099914550781,393.6700134277344,380.6300048828125,381.79998779296875,340.0130615234375,7058600
2021-12-20,375.5199890136719,375.6300048828125,366.6499938964844,371.6099853515625,330.938232421875,3735600
2021-12-21,376.42999267578125,382.0899963378906,374.760009765625,380.32000732421875,338.6949768066406,2942800
2021-12-22,380.4200134277344,384.010009765625,379.2699890136719,382.3299865722656,340.48504638671875,1487900
2021-12-23,383.7900085449219,387.6099853515625,383.57000732421875,385.0400085449219,342.8984375,1624000
2021-12-27,386.989990234375,389.1099853515625,385.0,388.0400085449219,345.57012939453125,1430400
2021-12-28,388.92999267578125,391.3299865722656,386.239990234375,387.6099853515625,345.1871032714844,1528200
2021-12-29,387.9700012207031,389.4599914550781,384.4200134277344,386.20001220703125,343.9314880371094,1327800
2021-12-30,387.75,389.7799987792969,385.20001220703125,385.5199890136719,343.3258056640625,1160100
2021-12-31,385.0,387.0,380.8399963378906,382.54998779296875,340.680908203125,1601300
2022-01-03,389.0,399.29998779296875,387.3399963378906,395.3299865722656,352.0621643066406,3334300
2022-01-04,402.2300109863281,410.2799987792969,401.17999267578125,407.4800109863281,362.8824462890625,3916400
2022-01-05,409.79998779296875,412.6600036621094,397.8900146484375,398.6300048828125,355.0009765625,3469600
2022-01-06,401.0,401.20001220703125,386.42999267578125,396.92999267578125,353.487060546875,2960900
2022-01-07,397.6700134277344,400.54998779296875,394.5299987792969,397.510009765625,354.0036315917969,2360700
2022-01-10,401.32000732421875,404.3699951171875,394.2200012207031,399.1700134277344,355.48193359375,3009400
2022-01-11,400.25,403.3399963378906,396.30999755859375,403.04998779296875,358.9372253417969,1748800
2022-01-12,403.239990234375,404.1199951171875,388.55999755859375,390.30999755859375,347.5916442871094,4158000
2022-01-13,394.04998779296875,396.8699951171875,389.75,390.79998779296875,348.0279846191406,2497800
2022-01-14,382.1300048828125,384.3900146484375,375.0,380.94000244140625,339.2471618652344,4685300
2022-01-18,360.0400085449219,361.57000732421875,347.2300109863281,354.3999938964844,315.6118469238281,13123500
2022-01-19,358.3399963378906,359.7099914550781,346.3900146484375,347.32000732421875,309.3067626953125,7426100
2022-01-20,348.8999938964844,357.17999267578125,346.1400146484375,348.1000061035156,310.0013427734375,4599900
2022-01-21,345.5400085449219,348.989990234375,340.7200012207031,343.9100036621094,306.27001953125,4904100
2022-01-24,337.32000732421875,344.07000732421875,326.2300109863281,343.3900146484375,305.80694580078125,6569800
2022-01-25,337.8599853515625,342.92999267578125,330.9100036621094,341.54998779296875,304.1682434082031,3959300
2022-01-26,346.6000061035156,350.4800109863281,338.4100036621094,342.67999267578125,305.17462158203125,3745900
2022-01-27,345.6700134277344,348.7699890136719,337.7200012207031,341.0299987792969,303.7052001953125,2573400
2022-01-28,337.7300109863281,347.1499938964844,333.45001220703125,347.010009765625,309.0307312011719,3714600
2022-01-31,344.6000061035156,355.2099914550781,343.44000244140625,354.67999267578125,315.8612060546875,3312400
2022-02-01,356.1300048828125,364.5400085449219,354.04998779296875,364.05999755859375,324.2146301269531,3303700
2022-02-02,363.5,368.5299987792969,357.8299865722656,363.05999755859375,323.3240051269531,2742400
2022-02-03,362.82000732421875,365.760009765625,358.1600036621094,358.8800048828125,319.60162353515625,2372900
2022-02-04,362.1700134277344,370.95001220703125,361.0199890136719,367.6000061035156,327.36724853515625,3762300
2022-02-07,365.489990234375,371.4700012207031,363.3500061035156,368.1499938964844,327.85699462890625,2635600
2022-02-08,371.0799865722656,372.6499938964844,366.25,370.1000061035156,329.59356689453125,3422300
2022-02-09,373.0,376.2799987792969,370.8999938964844,374.5299987792969,333.5386962890625,2250400
2022-02-10,371.7099914550781,377.3999938964844,368.8299865722656,370.57000732421875,330.01214599609375,2406200
2022-02-11,368.54998779296875,374.8999938964844,360.7699890136719,363.05999755859375,323.3240051269531,3142100
2022-02-14,363.05999755859375,364.2900085449219,357.17999267578125,360.239990234375,320.812744140625,2585600
2022-02-15,364.0899963378906,365.8900146484375,361.3599853515625,363.94000244140625,324.1077880859375,1846400
2022-02-16,361.3500061035156,363.0199890136719,356.5299987792969,360.04998779296875,320.6434631347656,2165300
2022-02-17,358.7799987792969,360.9599914550781,347.8399963378906,349.05999755859375,310.8564147949219,3102400
2022-02-18,345.57000732421875,350.0,343.3699951171875,346.0400085449219,308.1669006347656,2910900
2022-02-22,342.4599914550781,349.0,341.20001220703125,344.2699890136719,306.590576171875,2590800
2022-02-23,347.57000732421875,349.260009765625,339.82000732421875,341.19000244140625,303.84771728515625,2217300
2022-02-24,328.57000732421875,341.0,326.95001220703125,340.19000244140625,302.9571228027344,4564000
2022-02-25,340.19000244140625,350.70001220703125,340.19000244140625,350.1199951171875,311.80029296875,2980500
2022-02-28,340.25,343.8399963378906,337.54998779296875,341.2900085449219,303.9367370605469,4245700
2022-03-01,337.3999938964844,338.1600036621094,327.0199890136719,328.20001220703125,294.00225830078125,5631500
2022-03-02,331.6000061035156,338.0,327.3999938964844,336.3800048828125,301.3299865722656,3469900
2022-03-03,338.8699951171875,341.5,330.1300048828125,333.4200134277344,298.6783752441406,2393700
2022-03-04,327.0,330.6600036621094,324.0,329.6700134277344,295.31915283203125,3293100
2022-03-07,326.82000732421875,327.7900085449219,320.8500061035156,321.8900146484375,288.3497314453125,3689900
2022-03-08,322.5,330.55999755859375,318.54998779296875,321.3699951171875,287.8839416503906,3596400
2022-03-09,331.67999267578125,337.4700012207031,330.0299987792969,333.5899963378906,298.8306579589844,3202100
2022-03-10,327.6300048828125,331.8399963378906,324.760009765625,329.8999938964844,295.5251159667969,2232600
2022-03-11,334.3699951171875,336.6099853515625,326.7099914550781,327.0,292.9273681640625,2613500
2022-03-14,329.2099914550781,331.6199951171875,322.8999938964844,324.9800109863281,291.1177978515625,2342200
2022-03-15,327.07000732421875,331.8999938964844,324.8399963378906,329.1600036621094,294.86224365234375,2140700
2022-03-16,335.07000732421875,341.3299865722656,334.260009765625,340.760009765625,305.25360107421875,3468500
2022-03-17,337.3699951171875,343.6000061035156,334.8999938964844,343.2699890136719,307.50201416015625,2403500
2022-03-18,338.8699951171875,346.7699890136719,337.29998779296875,345.3800048828125,309.39215087890625,5861900
2022-03-21,345.260009765625,346.29998779296875,337.1499938964844,339.0,303.67694091796875,3401200
2022-03-22,342.20001220703125,346.239990234375,340.1199951171875,343.010009765625,307.26910400390625,2840200
2022-03-23,340.0,340.8299865722656,335.1300048828125,335.6099853515625,300.6402282714844,2196800
2022-03-24,336.44000244140625,337.5,334.29998779296875,336.2300109863281,301.1955261230469,1944100
2022-03-25,337.42999267578125,341.8299865722656,335.4800109863281,337.489990234375,302.3242492675781,1580800
2022-03-28,338.1499938964844,338.5,331.510009765625,335.29998779296875,300.362548828125,2182600
2022-03-29,342.4700012207031,344.0,336.7300109863281,339.6600036621094,304.2681884765625,2378700
2022-03-30,339.0,339.8599853515625,333.6300048828125,335.5899963378906,300.6222839355469,2650200
2022-03-31,336.1300048828125,336.5,330.1000061035156,330.1000061035156,295.7043151855469,2632000
2022-04-01,333.92999267578125,334.1600036621094,327.57000732421875,330.2200012207031,295.81182861328125,2444800
2022-04-04,330.0,331.8699951171875,325.8599853515625,328.2099914550781,294.01129150390625,2569400
2022-04-05,327.3599853515625,329.739990234375,323.4800109863281,323.9599914550781,290.2041320800781,2573900
2022-04-06,320.0,320.6199951171875,315.75,316.260009765625,283.30645751953125,3151300
2022-04-07,315.0,315.8299865722656,308.20001220703125,314.1499938964844,281.4162902832031,3562600
2022-04-08,313.5799865722656,323.67999267578125,313.0,321.3900146484375,287.90185546875,3294200
2022-04-11,320.6099853515625,328.8999938964844,319.0299987792969,320.760009765625,287.3374938964844,2747700
2022-04-12,321.67999267578125,327.1199951171875,318.010009765625,319.7799987792969,286.45965576171875,2365200
2022-04-13,315.79998779296875,322.6300048828125,314.7200012207031,321.9700012207031,288.4215087890625,3022900
2022-04-14,328.4700012207031,333.0299987792969,319.0299987792969,321.6400146484375,288.12579345703125,5460900
2022-04-18,320.6499938964844,332.6600036621094,320.6499938964844,329.8800048828125,295.5072326660156,3653400
2022-04-19,330.4700012207031,337.20001220703125,330.4700012207031,335.95001220703125,300.9447326660156,2774800
2022-04-20,338.1000061035156,344.8999938964844,337.5,341.05999755859375,305.5223083496094,3040100
2022-04-21,344.3299865722656,347.3500061035156,333.3599853515625,334.29998779296875,299.4666748046875,3097800
2022-04-22,332.30999755859375,332.5,319.4700012207031,319.7699890136719,286.4506530761719,3125200
2022-04-25,316.3800048828125,322.1600036621094,312.739990234375,321.4200134277344,287.9288330078125,3093600
2022-04-26,317.95001220703125,321.6000061035156,312.79998779296875,313.1199951171875,280.49359130859375,2791700
2022-04-27,312.1400146484375,319.239990234375,312.1400146484375,313.2300109863281,280.5921630859375,2469300
2022-04-28,317.1199951171875,319.3599853515625,312.1499938964844,318.4100036621094,285.2323913574219,2176000
2022-04-29,317.25,319.0799865722656,304.7099914550781,305.489990234375,273.65863037109375,3129600
2022-05-02,305.80999755859375,311.3699951171875,302.2099914550781,310.4200134277344,278.074951171875,2968100
2022-05-03,311.5199890136719,319.5199890136719,311.32000732421875,314.6600036621094,281.8731384277344,2606200
2022-05-04,315.8299865722656,324.79998779296875,312.1700134277344,324.1099853515625,290.33843994140625,2629400
2022-05-05,320.5,320.67999267578125,308.69000244140625,313.07000732421875,280.4487609863281,2622100
2022-05-06,312.2799987792969,313.7099914550781,306.05999755859375,312.9599914550781,280.3502502441406,2375600
2022-05-09,308.9200134277344,313.7699890136719,304.9800109863281,308.8900146484375,276.7043151855469,3234000
2022-05-10,311.7200012207031,315.1499938964844,300.6499938964844,305.05999755859375,273.27337646484375,2798400
2022-05-11,305.05999755859375,310.9100036621094,301.0,301.54998779296875,270.1291809082031,2320600
2022-05-12,300.0,302.8900146484375,293.8999938964844,299.4100036621094,268.21209716796875,3408300
2022-05-13,303.6300048828125,309.6300048828125,303.57000732421875,306.989990234375,275.0023193359375,2152500
2022-05-16,305.95001220703125,306.4700012207031,300.54998779296875,303.44000244140625,271.822265625,1568800
2022-05-17,309.8699951171875,314.32000732421875,308.1300048828125,312.9700012207031,280.3592529296875,2096200
2022-05-18,309.0,312.8599853515625,304.8800048828125,306.7300109863281,274.7694396972656,2033200
2022-05-19,303.82000732421875,309.989990234375,303.3900146484375,308.20001220703125,276.0862731933594,2108800
2022-05-20,311.260009765625,312.5899963378906,299.4100036621094,306.79998779296875,274.83209228515625,2201100
2022-05-23,312.7200012207031,321.8299865722656,311.07000732421875,316.6099853515625,283.6199645996094,2653000
2022-05-24,315.3500061035156,315.79998779296875,306.42999267578125,313.95001220703125,281.2370910644531,1870900
2022-05-25,311.25,317.6000061035156,309.9800109863281,314.8999938964844,282.0881042480469,1929500
2022-05-26,318.29998779296875,325.5,317.9800109863281,323.6300048828125,289.9084167480469,2440400
2022-05-27,326.75,328.6700134277344,323.19000244140625,328.5799865722656,294.3426208496094,2106700
2022-05-31,324.010009765625,329.7200012207031,322.6600036621094,326.8500061035156,294.5860595703125,2722900
2022-06-01,327.0,329.2699890136719,315.8299865722656,321.8500061035156,290.0796813964844,2330200
2022-06-02,320.5899963378906,325.20001220703125,319.2300109863281,324.25,292.2426452636719,1957500
2022-06-03,320.8800048828125,322.5,317.5,318.67999267578125,287.2225341796875,1238900
2022-06-06,323.0,325.2099914550781,319.7900085449219,320.510009765625,288.8719177246094,1099700
2022-06-07,318.2799987792969,321.8399963378906,316.6600036621094,321.510009765625,289.7731628417969,2516800
2022-06-08,318.3399963378906,319.54998779296875,312.79998779296875,314.67999267578125,283.6173400878906,1438100
2022-06-09,313.55999755859375,314.1400146484375,304.0199890136719,304.2200012207031,274.1899108886719,2896500
2022-06-10,296.989990234375,298.6499938964844,286.8500061035156,287.0199890136719,258.6877136230469,3866900
2022-06-13,279.0,286.4200134277344,278.32000732421875,283.32000732421875,255.3529510498047,4218100
2022-06-14,284.3299865722656,289.17999267578125,281.29998779296875,282.5400085449219,254.64991760253906,2487700
2022-06-15,287.1600036621094,294.4800109863281,284.1700134277344,290.07000732421875,261.4366455078125,2725800
2022-06-16,282.67999267578125,286.1300048828125,279.1499938964844,284.9800109863281,256.84906005859375,2777300
2022-06-17,282.1300048828125,286.260009765625,278.1499938964844,279.7900085449219,252.1714324951172,5234400
2022-06-21,287.7699890136719,288.07000732421875,282.9800109863281,284.80999755859375,256.6958923339844,2506300
2022-06-22,282.2900085449219,286.010009765625,281.0400085449219,284.5400085449219,256.4525451660156,2463100
2022-06-23,283.760009765625,286.5899963378906,278.92999267578125,286.1700134277344,257.921630859375,2547000
2022-06-24,291.0,303.1300048828125,290.0,302.75,272.864990234375,3984300
2022-06-27,303.05999755859375,304.32000732421875,298.8800048828125,300.7799987792969,271.08941650390625,2091700
2022-06-28,305.8999938964844,308.9700012207031,299.17999267578125,299.489990234375,269.9267578125,2276600
2022-06-29,303.3699951171875,307.44000244140625,299.9100036621094,303.2799987792969,273.3426818847656,2475900
2022-06-30,296.5799865722656,300.3299865722656,292.2300109863281,297.0199890136719,267.70062255859375,2669500
2022-07-01,295.2699890136719,300.3299865722656,291.7200012207031,299.2300109863281,269.6924743652344,1749400
2022-07-05,293.0,297.3500061035156,288.3599853515625,297.20001220703125,267.8628234863281,2480900
2022-07-06,296.2699890136719,297.3399963378906,290.6000061035156,293.760009765625,264.76239013671875,1774500
2022-07-07,297.6600036621094,299.07000732421875,293.6000061035156,298.6000061035156,269.1246032714844,2046500
2022-07-08,300.5,300.8900146484375,295.07000732421875,296.4700012207031,267.20489501953125,1438900
2022-07-11,293.20001220703125,296.5400085449219,291.8800048828125,293.17999267578125,264.2396240234375,1519400
2022-07-12,289.7099914550781,299.0799865722656,289.510009765625,292.5299987792969,263.6537780761719,1772600
2022-07-13,290.510009765625,291.19000244140625,285.80999755859375,290.1499938964844,261.5087890625,1884100
2022-07-14,284.239990234375,284.239990234375,277.8399963378906,281.5899963378906,253.7937774658203,3171900
2022-07-15,286.5,296.42999267578125,285.1499938964844,293.8699951171875,264.861572265625,3457600
2022-07-18,305.760009765625,311.25,298.7099914550781,301.260009765625,271.5220642089844,6767900
2022-07-19,303.5899963378906,319.1400146484375,303.5,318.04998779296875,286.6546630859375,5641100
2022-07-20,317.2799987792969,322.1700134277344,316.30999755859375,321.45001220703125,289.71905517578125,3489800
2022-07-21,320.510009765625,327.1600036621094,319.8500061035156,326.5400085449219,294.3066711425781,2518800
2022-07-22,327.1099853515625,329.04998779296875,322.19000244140625,323.92999267578125,291.95428466796875,1830300
2022-07-25,325.9700012207031,327.2900085449219,322.6000061035156,324.1199951171875,292.1255187988281,4024500
2022-07-26,321.7699890136719,324.2900085449219,317.760009765625,318.54998779296875,287.1053466796875,2054700
2022-07-27,320.2900085449219,326.3900146484375,318.3800048828125,324.5400085449219,292.50408935546875,2081900
2022-07-28,325.29998779296875,329.9800109863281,321.8900146484375,329.1099853515625,296.6228942871094,1820700
2022-07-29,329.5,335.17999267578125,329.5,333.3900146484375,300.4804382324219,2112200
2022-08-01,331.7300109863281,334.79998779296875,329.010009765625,332.0799865722656,299.2998046875,1476500
2022-08-02,329.5,331.8299865722656,327.2200012207031,327.8800048828125,295.51434326171875,1862900
2022-08-03,332.07000732421875,335.510009765625,329.6199951171875,333.1700134277344,300.2822265625,1770600
2022-08-04,333.2799987792969,334.29998779296875,330.6199951171875,331.8699951171875,299.1105041503906,1533400
2022-08-05,330.8999938964844,336.9100036621094,329.6700134277344,334.6700134277344,301.6341247558594,1876400
2022-08-08,337.1099853515625,338.8399963378906,334.3399963378906,334.67999267578125,301.6430969238281,1460000
2022-08-09,336.1499938964844,338.1700134277344,334.57000732421875,336.6199951171875,303.3916015625,1587900
2022-08-10,341.3599853515625,349.70001220703125,341.3500061035156,347.9100036621094,313.5671691894531,2459500
2022-08-11,350.0,356.04998779296875,349.7799987792969,351.67999267578125,316.96502685546875,2360800
2022-08-12,353.44000244140625,354.55999755859375,350.1499938964844,353.82000732421875,318.893798828125,2369000
2022-08-15,351.0,358.6199951171875,349.04998779296875,355.8500061035156,320.7234191894531,2045700
2022-08-16,352.989990234375,356.4700012207031,352.0199890136719,354.9700012207031,319.93023681640625,1740900
2022-08-17,351.8999938964844,355.5899963378906,350.7699890136719,353.739990234375,318.8216857910156,1576300
2022-08-18,352.6600036621094,355.1000061035156,350.8599853515625,354.5199890136719,319.52471923828125,1102200
2022-08-19,351.0,351.8599853515625,347.5,349.2699890136719,314.79290771484375,1812300
2022-08-22,342.44000244140625,344.5299987792969,340.760009765625,342.4200134277344,308.6191101074219,1723900
2022-08-23,341.95001220703125,344.07000732421875,339.0299987792969,340.17999267578125,306.60015869140625,1538000
2022-08-24,339.0199890136719,344.32000732421875,338.489990234375,341.94000244140625,308.1865234375,1530800
2022-08-25,344.45001220703125,346.8599853515625,342.1099853515625,346.489990234375,312.28729248046875,1763900
2022-08-26,348.3399963378906,348.739990234375,336.0,336.3999938964844,303.1933288574219,1703900
2022-08-29,333.9200134277344,336.3999938964844,332.010009765625,333.9200134277344,300.958251953125,1835600
2022-08-30,335.0,336.010009765625,331.17999267578125,333.6300048828125,300.69677734375,1830300
2022-08-31,331.54998779296875,335.1400146484375,329.67999267578125,332.6700134277344,302.0952453613281,2488000
2022-09-01,329.8699951171875,333.69000244140625,324.6199951171875,333.5,302.8489074707031,1575100
2022-09-02,334.67999267578125,340.32000732421875,329.9700012207031,331.4800109863281,301.01458740234375,2215400
2022-09-06,332.32000732421875,333.25,323.4599914550781,326.489990234375,296.4831848144531,1578100
2022-09-07,324.25,332.1600036621094,323.25,330.55999755859375,300.17919921875,1496600
2022-09-08,330.2900085449219,335.80999755859375,327.3599853515625,335.3800048828125,304.5561218261719,1755600
2022-09-09,337.9800109863281,341.0299987792969,337.0299987792969,340.1000061035156,308.84234619140625,1445600
2022-09-12,341.6600036621094,344.3699951171875,340.0899963378906,342.5799865722656,311.0943908691406,1563200
2022-09-13,336.0799865722656,336.5199890136719,326.8299865722656,328.3900146484375,298.2086486816406,2242100
2022-09-14,328.45001220703125,330.92999267578125,323.5,327.260009765625,297.1824951171875,1953300
2022-09-15,328.7300109863281,335.2799987792969,327.5899963378906,331.6199951171875,301.1416931152344,1489400
2022-09-16,326.3800048828125,329.0,319.7900085449219,326.2099914550781,296.2289123535156,2946800
2022-09-19,320.57000732421875,329.2900085449219,320.5400085449219,328.6600036621094,298.4538269042969,1652700
2022-09-20,325.70001220703125,326.79998779296875,320.010009765625,323.260009765625,293.5500793457031,1569900
2022-09-21,324.9200134277344,329.7900085449219,320.6300048828125,320.7099914550781,291.2345275878906,1796700
2022-09-22,322.32000732421875,323.3900146484375,311.20001220703125,312.9200134277344,284.160400390625,2239900
2022-09-23,307.54998779296875,309.7900085449219,297.4599914550781,301.9700012207031,274.21673583984375,2918500
2022-09-26,299.0,302.1000061035156,292.30999755859375,294.6199951171875,267.54229736328125,2308800
2022-09-27,297.5,299.1499938964844,288.6199951171875,291.3800048828125,264.60009765625,2007400
2022-09-28,294.0,302.4100036621094,292.4599914550781,300.7900085449219,273.14520263671875,2289700
2022-09-29,297.07000732421875,299.3500061035156,291.54998779296875,296.1099853515625,268.89532470703125,1930800
2022-09-30,296.0,301.0899963378906,292.70001220703125,293.04998779296875,266.11651611328125,1970800
2022-10-03,297.1700134277344,301.2300109863281,291.1000061035156,299.1499938964844,271.656005859375,1938800
2022-10-04,306.79998779296875,315.1600036621094,305.8800048828125,314.8699951171875,285.9311828613281,2399500
2022-10-05,306.5799865722656,310.2099914550781,303.6000061035156,309.0,280.6007080078125,1992800
2022-10-06,307.3900146484375,309.0799865722656,303.4200134277344,304.6700134277344,276.668701171875,1367400
2022-10-07,304.0,305.1499938964844,299.1499938964844,301.0799865722656,273.4085693359375,1790100
2022-10-10,303.6300048828125,304.7200012207031,298.42999267578125,300.5400085449219,272.918212890625,1309600
2022-10-11,298.010009765625,302.5199890136719,293.9200134277344,294.2099914550781,267.1699523925781,2392800
2022-10-12,293.989990234375,299.7799987792969,291.7099914550781,295.30999755859375,268.16888427734375,1763800
2022-10-13,290.4200134277344,308.760009765625,287.75,307.07000732421875,278.84808349609375,2724900
2022-10-14,307.4599914550781,311.6199951171875,299.07000732421875,299.989990234375,272.4187316894531,2397600
2022-10-17,304.4100036621094,311.6199951171875,304.1400146484375,306.7099914550781,278.52117919921875,3118600
2022-10-18,321.6700134277344,324.4800109863281,312.0,313.8500061035156,285.0049743652344,6428600
2022-10-19,312.6099853515625,314.7900085449219,308.05999755859375,311.760009765625,283.10699462890625,2363800
2022-10-20,312.1000061035156,316.04998779296875,309.0,310.80999755859375,282.2443542480469,2382300
2022-10-21,311.0,325.7699890136719,309.489990234375,325.1000061035156,295.2210388183594,3545700
2022-10-24,328.5,331.239990234375,325.8500061035156,328.70001220703125,298.4901123046875,2232600
2022-10-25,327.8599853515625,333.6000061035156,325.9200134277344,332.3999938964844,301.85003662109375,1837700
2022-10-26,334.5199890136719,338.6700134277344,334.1400146484375,335.69000244140625,304.83770751953125,2176700
2022-10-27,339.30999755859375,341.92999267578125,336.5299987792969,337.17999267578125,306.1907043457031,1998800
2022-10-28,338.5199890136719,342.5799865722656,336.0,341.82000732421875,310.4042663574219,1677100
2022-10-31,341.07000732421875,346.17999267578125,340.57000732421875,344.510009765625,312.8470764160156,2224000
2022-11-01,345.1300048828125,348.69000244140625,343.7699890136719,348.5799865722656,316.5429382324219,2316600
2022-11-02,347.6199951171875,357.44000244140625,346.739990234375,349.7900085449219,317.641845703125,3221200
2022-11-03,347.5,350.6700134277344,342.5899963378906,348.8699951171875,316.8063659667969,2515600
2022-11-04,354.0,358.3800048828125,351.2300109863281,357.9100036621094,325.01556396484375,3172700
2022-11-07,360.010009765625,362.9599914550781,358.5199890136719,362.55999755859375,329.2381896972656,2526900
2022-11-08,362.29998779296875,367.19000244140625,361.4599914550781,364.0199890136719,330.56396484375,3501300
2022-11-09,362.95001220703125,367.1499938964844,360.8800048828125,362.0,328.7295837402344,3047200
2022-11-10,370.0,380.42999267578125,369.739990234375,378.30999755859375,343.54058837890625,3790400
2022-11-11,380.0,387.0,378.75,385.1700134277344,349.7701110839844,3409100
2022-11-14,384.0,387.29998779296875,380.5,382.3599853515625,347.2183532714844,2609100
2022-11-15,385.9800109863281,389.5799865722656,380.6499938964844,382.8800048828125,347.6905822753906,3192400
2022-11-16,383.2099914550781,385.3999938964844,380.010009765625,382.3299865722656,347.1911315917969,2303700
2022-11-17,377.1499938964844,381.7200012207031,375.010009765625,379.7799987792969,344.8753967285156,2297600
2022-11-18,381.2799987792969,382.8299865722656,377.3900146484375,379.20001220703125,344.34881591796875,2384500
2022-11-21,378.8999938964844,380.7699890136719,375.4200134277344,380.2099914550781,345.26593017578125,1877500
2022-11-22,381.3999938964844,385.8299865722656,381.3999938964844,383.8699951171875,348.5896301269531,2019400
2022-11-23,383.8999938964844,388.20001220703125,383.4100036621094,386.25,350.75079345703125,1865400
2022-11-25,385.760009765625,389.44000244140625,385.17999267578125,388.8599853515625,353.1209411621094,1129300
2022-11-28,385.42999267578125,388.3900146484375,380.8900146484375,382.3599853515625,347.2183532714844,2232200
2022-11-29,381.1300048828125,384.92999267578125,379.260009765625,383.7099914550781,348.4443359375,1746900
2022-11-30,382.5,386.1499938964844,375.1000061035156,386.1499938964844,352.959716796875,2964100
2022-12-01,386.5,386.5,380.45001220703125,383.80999755859375,350.82086181640625,1706300
2022-12-02,381.5199890136719,382.5199890136719,378.3999938964844,380.5799865722656,347.8683776855469,1932300
2022-12-05,378.54998779296875,378.8699951171875,369.30999755859375,371.5400085449219,339.60546875,2329600
2022-12-06,369.4800109863281,370.3699951171875,360.3299865722656,362.9100036621094,331.7171936035156,3081900
2022-12-07,362.489990234375,365.29998779296875,358.1499938964844,359.9200134277344,328.9842224121094,2128200
2022-12-08,362.0299987792969,362.5899963378906,356.05999755859375,358.0799865722656,327.3023681640625,1967800
2022-12-09,356.7099914550781,361.6400146484375,356.2099914550781,359.1400146484375,328.271240234375,1588800
2022-12-12,358.57000732421875,364.010009765625,356.3399963378906,363.17999267578125,331.9639587402344,1750400
2022-12-13,374.6300048828125,378.55999755859375,365.510009765625,368.69000244140625,337.0003662109375,3062600
2022-12-14,367.010009765625,368.8299865722656,359.45001220703125,360.3800048828125,329.40460205078125,2519700
2022-12-15,354.4800109863281,356.1099853515625,347.94000244140625,349.8299865722656,319.76141357421875,3163700
2022-12-16,345.0799865722656,347.7799987792969,343.4100036621094,346.3500061035156,316.5805358886719,5008800
2022-12-19,346.2699890136719,348.3999938964844,342.6300048828125,344.6099853515625,314.9900817871094,1646700
2022-12-20,345.989990234375,347.4200134277344,343.489990234375,344.489990234375,314.8804626464844,1623000
2022-12-21,348.260009765625,350.8800048828125,346.8900146484375,350.1600036621094,320.0630798339844,1923100
2022-12-22,347.1600036621094,348.04998779296875,339.8800048828125,345.5799865722656,315.876708984375,1528900
2022-12-23,344.8399963378906,347.760009765625,343.1099853515625,345.510009765625,315.812744140625,1062000
2022-12-27,346.510009765625,347.75,341.7900085449219,341.9700012207031,312.5769958496094,1035000
2022-12-28,340.5,342.8500061035156,339.29998779296875,340.8699951171875,311.57159423828125,1117200
2022-12-29,342.44000244140625,344.6400146484375,341.239990234375,343.42999267578125,313.9114990234375,1273600
2022-12-30,341.739990234375,343.69000244140625,339.3999938964844,343.3800048828125,313.8658142089844,1031400
2023-01-03,345.5,348.6000061035156,342.80999755859375,346.2200012207031,316.4617004394531,1589700
2023-01-04,348.0299987792969,350.30999755859375,345.0799865722656,347.70001220703125,317.8145751953125,1881000
2023-01-05,344.25,345.1400146484375,340.1400146484375,343.760009765625,314.2132263183594,1397800
2023-01-06,347.29998779296875,349.0,340.95001220703125,348.0799865722656,318.1618957519531,3097800
2023-01-09,351.8800048828125,356.5,349.5,353.0,322.65899658203125,1989000
2023-01-10,352.6400146484375,357.5,350.5,357.3599853515625,326.6441650390625,1610100
2023-01-11,358.8699951171875,365.5,356.2099914550781,364.4800109863281,333.15228271484375,2127000
2023-01-12,366.239990234375,370.1000061035156,362.57000732421875,369.94000244140625,338.1429748535156,2103100
2023-01-13,363.489990234375,374.3500061035156,362.3599853515625,374.0,341.8540344238281,3310200
2023-01-17,364.79998779296875,366.7900085449219,344.0,349.9200134277344,319.8437194824219,14448300
2023-01-18,348.32000732421875,354.7900085449219,347.79998779296875,349.0899963378906,319.08502197265625,5585200
2023-01-19,346.0299987792969,352.1600036621094,345.5199890136719,350.75,320.6023864746094,3100400
2023-01-20,349.8699951171875,352.25,338.2099914550781,341.8399963378906,312.4582214355469,11247200
2023-01-23,341.6700134277344,349.55999755859375,336.1600036621094,349.1400146484375,319.1307678222656,4915700
2023-01-24,340.0,350.29998779296875,340.0,348.3299865722656,318.3904113769531,2372000
2023-01-25,344.75,349.9599914550781,343.8999938964844,349.6300048828125,319.57867431640625,1985200
2023-01-26,351.7300109863281,355.0,349.5199890136719,354.9700012207031,324.4596862792969,1919200
2023-01-27,351.95001220703125,355.989990234375,351.8299865722656,353.70001220703125,323.298828125,2427400
2023-01-30,353.2900085449219,362.3299865722656,352.3999938964844,357.4599914550781,326.73565673828125,3184500
2023-01-31,359.1600036621094,365.9200134277344,356.8599853515625,365.80999755859375,334.3679504394531,2311500
2023-02-01,359.1000061035156,368.94000244140625,358.760009765625,365.7099914550781,334.27655029296875,2889400
2023-02-02,368.0,372.8900146484375,364.54998779296875,369.4700012207031,337.71331787109375,2619600
2023-02-03,365.6199951171875,374.57000732421875,365.44000244140625,369.95001220703125,338.1521301269531,2243100
2023-02-06,369.0,371.260009765625,365.7799987792969,370.79998779296875,338.92901611328125,1816200
2023-02-07,368.1700134277344,376.30999755859375,367.3399963378906,374.3999938964844,342.2196350097656,2205500
2023-02-08,372.9200134277344,378.3500061035156,371.9800109863281,375.1000061035156,342.8594970703125,1893200
2023-02-09,377.0400085449219,379.67999267578125,367.79998779296875,367.989990234375,336.360595703125,2052500
2023-02-10,367.0,372.2300109863281,364.55999755859375,371.2799987792969,339.3678283691406,1933400
2023-02-13,369.0899963378906,375.05999755859375,368.0,374.0199890136719,341.87225341796875,1570600
2023-02-14,373.94000244140625,377.04998779296875,369.3800048828125,371.7799987792969,339.8248596191406,2155500
2023-02-15,368.739990234375,374.3699951171875,368.25,374.3399963378906,342.16485595703125,1687200
2023-02-16,370.75,374.25,368.79998779296875,370.20001220703125,338.380615234375,1947800
2023-02-17,368.04998779296875,371.05999755859375,366.8599853515625,368.5,336.82672119140625,1857300
2023-02-21,366.7200012207031,366.7200012207031,360.0899963378906,361.1199951171875,330.0810546875,2403000
2023-02-22,361.6300048828125,363.0,358.0400085449219,360.8900146484375,329.870849609375,2203800
2023-02-23,363.20001220703125,367.8800048828125,359.6099853515625,363.5400085449219,332.2931213378906,1931400
2023-02-24,360.1700134277344,365.17999267578125,359.5299987792969,363.8500061035156,332.576416015625,2428600
2023-02-27,368.2200012207031,370.29998779296875,364.510009765625,365.5299987792969,334.112060546875,2842400
2023-02-28,366.0,366.010009765625,351.3299865722656,351.6499938964844,321.42498779296875,4945600
2023-03-01,349.3900146484375,352.5400085449219,345.9599914550781,346.2300109863281,318.7369384765625,2717400
2023-03-02,343.989990234375,349.7799987792969,340.489990234375,349.1000061035156,321.37896728515625,3259800
2023-03-03,350.6400146484375,357.7699890136719,349.55999755859375,357.0899963378906,328.73455810546875,2396200
2023-03-06,358.05999755859375,358.8599853515625,353.7300109863281,357.04998779296875,328.69769287109375,1614200
2023-03-07,355.54998779296875,356.20001220703125,345.6300048828125,346.0799865722656,318.5987854003906,2048500
2023-03-08,346.19000244140625,349.69000244140625,345.1700134277344,349.2900085449219,321.55389404296875,1584600
2023-03-09,349.20001220703125,354.2900085449219,341.04998779296875,342.0899963378906,314.9256591796875,3177800
2023-03-10,338.8699951171875,339.92999267578125,326.0299987792969,327.6700134277344,301.65069580078125,4559700
2023-03-13,319.6700134277344,326.1099853515625,314.5400085449219,315.510009765625,290.4563293457031,5660700
2023-03-14,324.7699890136719,326.3800048828125,318.95001220703125,322.1499938964844,296.5689697265625,3785900
2023-03-15,310.7699890136719,312.510009765625,304.4100036621094,312.19000244140625,287.39990234375,6596700
2023-03-16,309.0,318.32000732421875,304.9200134277344,315.0899963378906,290.0696716308594,4399100
2023-03-17,310.0899963378906,310.3999938964844,301.8699951171875,303.5400085449219,279.43682861328125,6369800
2023-03-20,306.7799987792969,312.20001220703125,306.260009765625,309.5299987792969,284.95111083984375,3963700
2023-03-21,317.6199951171875,320.32000732421875,315.3500061035156,317.2799987792969,292.085693359375,3242400
2023-03-22,317.2799987792969,322.2200012207031,313.489990234375,313.6700134277344,288.76239013671875,2505900
2023-03-23,315.2099914550781,321.3599853515625,312.6400146484375,314.8500061035156,289.84869384765625,2585900
2023-03-24,310.1499938964844,312.75,305.3599853515625,312.57000732421875,287.749755859375,2456700
2023-03-27,318.6199951171875,320.8999938964844,317.1700134277344,318.5299987792969,293.2364196777344,2300600
2023-03-28,319.0899963378906,320.6099853515625,316.1199951171875,318.44000244140625,293.1535949707031,1224300
2023-03-29,322.5,322.7099914550781,318.67999267578125,320.7200012207031,295.2525634765625,1475900
2023-03-30,324.55999755859375,324.8699951171875,319.8800048828125,321.1400146484375,295.63922119140625,1456300
2023-03-31,323.4700012207031,327.3299865722656,322.4200134277344,327.1099853515625,301.1351318359375,2281100
2023-04-03,326.1400146484375,328.9800109863281,323.1499938964844,326.5199890136719,300.59197998046875,1808800
2023-04-04,326.82000732421875,326.8699951171875,320.1199951171875,322.6499938964844,297.0293273925781,1536800
2023-04-05,319.6199951171875,322.20001220703125,319.3699951171875,321.5299987792969,295.9982604980469,1329300
2023-04-06,320.3800048828125,323.2300109863281,319.9800109863281,322.3999938964844,296.79913330078125,1311000
2023-04-10,322.3999938964844,324.989990234375,321.30999755859375,324.9599914550781,299.1559143066406,1114400
2023-04-11,326.04998779296875,329.20001220703125,323.6700134277344,327.3699951171875,301.37451171875,1559600
2023-04-12,331.7200012207031,332.07000732421875,327.17999267578125,330.239990234375,304.0166015625,1862400
2023-04-13,330.0799865722656,332.94000244140625,327.0,332.1300048828125,305.7565002441406,1765500
2023-04-14,336.5299987792969,339.6300048828125,334.32000732421875,336.9200134277344,310.1661376953125,2275700
2023-04-17,336.0,340.45001220703125,333.67999267578125,339.67999267578125,312.70697021484375,3012100
2023-04-18,328.0,336.54998779296875,326.1300048828125,333.9100036621094,307.39520263671875,7549500
2023-04-19,332.9800109863281,336.989990234375,331.6700134277344,336.8900146484375,310.138671875,2625400
2023-04-20,334.95001220703125,339.30999755859375,334.32000732421875,338.7099914550781,311.8140563964844,2217900
2023-04-21,339.0,342.3599853515625,336.0,341.6600036621094,314.52978515625,2278900
2023-04-24,341.989990234375,345.05999755859375,341.5299987792969,343.9599914550781,316.6471252441406,1966300
2023-04-25,341.0,343.4700012207031,338.3299865722656,339.4800109863281,312.5229187011719,2138200
2023-04-26,337.5799865722656,340.6000061035156,334.6400146484375,336.55999755859375,309.8348083496094,2041900
2023-04-27,340.1400146484375,343.3599853515625,338.760009765625,341.6000061035156,314.47454833984375,1768200
2023-04-28,340.04998779296875,344.1000061035156,339.70001220703125,343.44000244140625,316.1684875488281,1714100
2023-05-01,344.04998779296875,347.4599914550781,340.3699951171875,340.57000732421875,313.5263366699219,1375000
2023-05-02,339.010009765625,339.8900146484375,330.0,333.3699951171875,306.89813232421875,2397600
2023-05-03,332.3599853515625,334.8299865722656,328.25,328.6499938964844,302.5528564453125,1825400
2023-05-04,325.95001220703125,326.9800109863281,318.55999755859375,321.260009765625,295.74969482421875,2965100
2023-05-05,325.05999755859375,327.8699951171875,322.4200134277344,327.0199890136719,301.05224609375,2413400
2023-05-08,329.6400146484375,330.29998779296875,325.6700134277344,326.510009765625,300.58282470703125,1607300
2023-05-09,325.0400085449219,327.17999267578125,323.29998779296875,324.7699890136719,298.98095703125,1253300
2023-05-10,329.9200134277344,329.9200134277344,319.0799865722656,322.54998779296875,296.9372253417969,1752200
2023-05-11,319.6600036621094,321.94000244140625,318.17999267578125,320.7200012207031,295.2525634765625,1515200
2023-05-12,322.0400085449219,323.2200012207031,317.32000732421875,319.5,294.1294860839844,1099100
2023-05-15,320.4200134277344,323.25,318.05999755859375,322.07000732421875,296.4953308105469,1178200
2023-05-16,322.5,323.07000732421875,320.5,320.80999755859375,295.3354187011719,1618900
2023-05-17,322.6600036621094,330.3900146484375,322.6600036621094,330.17999267578125,303.9613342285156,2098100
2023-05-18,330.0,330.6000061035156,325.6600036621094,329.5799865722656,303.40899658203125,1645400
2023-05-19,330.0,331.95001220703125,324.7900085449219,326.1499938964844,300.2513427734375,1546100
2023-05-22,326.1499938964844,327.3399963378906,322.42999267578125,324.9200134277344,299.1190490722656,1498900
2023-05-23,323.6000061035156,327.1400146484375,322.80999755859375,323.57000732421875,297.87628173828125,1550900
2023-05-24,320.3900146484375,321.8999938964844,318.79998779296875,319.80999755859375,294.4148254394531,1439100
2023-05-25,318.9200134277344,325.17999267578125,318.79998779296875,323.8800048828125,298.1616516113281,1618500
2023-05-26,324.7200012207031,332.8699951171875,324.0,332.010009765625,305.6460266113281,2718700
2023-05-30,332.0799865722656,332.5299987792969,327.7300109863281,330.8299865722656,304.5597229003906,1998600
2023-05-31,326.07000732421875,327.25,321.82000732421875,323.8999938964844,300.4504699707031,2938000
2023-06-01,324.510009765625,324.67999267578125,314.0199890136719,316.3999938964844,293.4934387207031,3339700
2023-06-02,318.239990234375,325.2699890136719,317.04998779296875,323.6499938964844,300.2185363769531,3987700
2023-06-05,322.92999267578125,323.489990234375,320.32000732421875,321.80999755859375,298.5117492675781,1462900
2023-06-06,322.42999267578125,328.07000732421875,321.3999938964844,326.79998779296875,303.1405334472656,1495600
2023-06-07,327.6400146484375,337.8399963378906,326.32000732421875,335.75,311.4425964355469,3382700
2023-06-08,335.3599853515625,336.3299865722656,331.3399963378906,335.4700012207031,311.1828308105469,2009500
2023-06-09,335.2099914550781,336.20001220703125,332.5400085449219,336.0199890136719,311.6930847167969,1702100
2023-06-12,338.44000244140625,340.0899963378906,336.3500061035156,339.489990234375,314.91180419921875,2290800
2023-06-13,340.20001220703125,345.2799987792969,339.45001220703125,342.5,317.7038879394531,1772400
2023-06-14,344.7799987792969,347.7300109863281,337.2300109863281,338.4200134277344,313.9193115234375,1819400
2023-06-15,337.32000732421875,344.0,335.70001220703125,339.739990234375,315.1436462402344,3322700
2023-06-16,341.3800048828125,341.3999938964844,337.1099853515625,338.30999755859375,313.81719970703125,4544900
2023-06-20,335.32000732421875,335.3800048828125,329.2300109863281,330.7200012207031,306.7767639160156,3208100
2023-06-21,328.45001220703125,330.0,324.9200134277344,325.07000732421875,301.5357971191406,2158700
2023-06-22,323.69000244140625,324.260009765625,319.010009765625,319.5799865722656,296.4432678222656,2409100
2023-06-23,316.55999755859375,317.7099914550781,314.07000732421875,314.7099914550781,291.9257507324219,2612000
2023-06-26,315.1300048828125,316.6400146484375,312.1700134277344,312.3599853515625,289.74591064453125,2481000
2023-06-27,312.4100036621094,315.67999267578125,310.55999755859375,313.45001220703125,290.75701904296875,2156800
2023-06-28,311.7200012207031,314.8999938964844,310.69000244140625,313.6600036621094,290.9518127441406,2423500
2023-06-29,317.8500061035156,325.5,316.25,323.0899963378906,299.6990966796875,3553600
2023-06-30,325.82000732421875,326.0299987792969,322.45001220703125,322.5400085449219,299.18896484375,2361800
2023-07-03,322.4100036621094,329.3999938964844,322.4100036621094,326.6099853515625,302.9642639160156,1106800
2023-07-05,323.95001220703125,324.6099853515625,319.6300048828125,320.04998779296875,296.8791809082031,2561000
2023-07-06,318.0,318.6400146484375,312.8399963378906,313.0,290.3396301269531,2896900
2023-07-07,313.20001220703125,317.3699951171875,312.70001220703125,315.1700134277344,292.3525085449219,2903100
2023-07-10,316.6700134277344,320.0799865722656,316.0,316.4700012207031,293.5583801269531,1775800
2023-07-11,318.8299865722656,321.0400085449219,314.5799865722656,320.8800048828125,297.64910888671875,2041700
2023-07-12,324.5799865722656,333.3500061035156,324.25,326.3999938964844,302.7695007324219,2741300
2023-07-13,327.3500061035156,329.2799987792969,325.69000244140625,328.67999267578125,304.8843994140625,2787800
2023-07-14,331.989990234375,332.4800109863281,325.0199890136719,326.19000244140625,302.5746765136719,1815200
2023-07-17,325.8900146484375,327.489990234375,324.3599853515625,327.20001220703125,303.5116271972656,1777400
2023-07-18,327.29998779296875,338.25,327.29998779296875,337.2699890136719,312.8525695800781,3887400
2023-07-19,338.0,345.8800048828125,331.29998779296875,340.54998779296875,315.89508056640625,6037400
2023-07-20,339.1600036621094,351.67999267578125,339.1600036621094,350.8599853515625,325.4586486816406,3915000
2023-07-21,351.7799987792969,355.0799865722656,346.7799987792969,351.9599914550781,326.47900390625,3217400
2023-07-24,352.8299865722656,361.6199951171875,352.0,358.92999267578125,332.94439697265625,3517500
2023-07-25,357.4200134277344,360.82000732421875,353.9800109863281,354.70001220703125,329.02069091796875,2893000
2023-07-26,354.489990234375,360.260009765625,354.2799987792969,357.55999755859375,331.6736145019531,2281600
2023-07-27,358.1300048828125,360.5400085449219,354.1700134277344,354.510009765625,328.8443908691406,2010800
2023-07-28,356.1099853515625,356.5,351.6099853515625,353.2300109863281,327.6570739746094,1827400
2023-07-31,354.8800048828125,357.20001220703125,354.0199890136719,355.8699951171875,330.1059875488281,1385500
2023-08-01,354.0,357.8699951171875,353.3900146484375,357.7200012207031,331.8219909667969,2024300
2023-08-02,354.989990234375,354.989990234375,348.8699951171875,351.1000061035156,325.6812744140625,2106600
2023-08-03,349.989990234375,355.2099914550781,348.6199951171875,353.1600036621094,327.59210205078125,1840400
2023-08-04,353.3399963378906,358.7300109863281,352.510009765625,353.2200012207031,327.6478271484375,1725300
2023-08-07,355.3999938964844,357.6700134277344,353.9200134277344,355.55999755859375,329.818359375,1260300
2023-08-08,351.70001220703125,352.0,342.0299987792969,348.260009765625,323.0469055175781,1917300
2023-08-09,346.82000732421875,348.4599914550781,342.489990234375,342.69000244140625,317.8801574707031,1326000
2023-08-10,344.07000732421875,347.260009765625,339.79998779296875,340.3999938964844,315.75592041015625,1345900
2023-08-11,339.92999267578125,341.7900085449219,337.54998779296875,340.7300109863281,316.06195068359375,1256800
2023-08-14,337.4100036621094,338.45001220703125,334.8599853515625,337.739990234375,313.2884826660156,1347000
2023-08-15,333.29998779296875,334.0299987792969,330.4800109863281,332.2099914550781,308.1588439941406,1657800
2023-08-16,330.5400085449219,332.9200134277344,328.9700012207031,329.1099853515625,305.28326416015625,3340300
2023-08-17,330.0,333.989990234375,324.0,327.5199890136719,303.8083801269531,3135200
2023-08-18,324.32000732421875,327.6199951171875,323.20001220703125,324.92999267578125,301.4059143066406,1730500
2023-08-21,325.3900146484375,326.3900146484375,319.3900146484375,322.05999755859375,298.7437438964844,1983500
2023-08-22,322.4800109863281,322.6400146484375,318.30999755859375,318.7900085449219,295.7104187011719,1810300
2023-08-23,320.6199951171875,322.45001220703125,318.0,322.3299865722656,298.99407958984375,1429000
2023-08-24,322.1499938964844,327.489990234375,319.510009765625,319.9599914550781,296.7957458496094,1185600
2023-08-25,320.79998779296875,322.7200012207031,318.19000244140625,320.1499938964844,296.9719543457031,1159600
2023-08-28,321.3399963378906,326.6000061035156,321.3399963378906,325.9700012207031,302.37060546875,1440100
2023-08-29,325.55999755859375,332.70001220703125,324.67999267578125,332.54998779296875,308.4742736816406,1831700
2023-08-30,330.0,331.9100036621094,327.6499938964844,328.5799865722656,307.3330993652344,1131500
2023-08-31,329.4100036621094,330.489990234375,325.9599914550781,327.7099914550781,306.5193176269531,1271100
2023-09-01,329.6700134277344,331.6199951171875,326.2099914550781,327.3999938964844,306.22943115234375,1201400
2023-09-05,327.3399963378906,328.4800109863281,322.6300048828125,323.75,302.81549072265625,1846000
2023-09-06,322.30999755859375,324.1400146484375,319.30999755859375,321.1300048828125,300.3648376464844,2120800
2023-09-07,320.6199951171875,324.2200012207031,320.1300048828125,321.9599914550781,301.14117431640625,1471100
2023-09-08,321.9200134277344,325.9700012207031,321.6600036621094,325.5199890136719,304.47100830078125,2026400
2023-09-11,328.260009765625,330.1499938964844,324.2900085449219,324.6499938964844,303.6572265625,1283100
2023-09-12,324.010009765625,335.2799987792969,324.0,330.8999938964844,309.50311279296875,2054700
2023-09-13,333.5,337.010009765625,330.82000732421875,334.9800109863281,313.31927490234375,2165000
2023-09-14,339.0,345.1199951171875,336.8500061035156,344.57000732421875,322.2891540527344,2822700
2023-09-15,345.1499938964844,346.19000244140625,341.8599853515625,342.5400085449219,320.3904724121094,3063900
2023-09-18,342.5400085449219,344.260009765625,339.2699890136719,343.32000732421875,321.1199951171875,1356600
2023-09-19,343.4599914550781,344.9700012207031,337.9700012207031,341.8900146484375,319.78253173828125,1660200
2023-09-20,342.6099853515625,343.79998779296875,336.2900085449219,336.70001220703125,314.9281005859375,1224400
2023-09-21,334.5,334.69000244140625,330.0799865722656,330.239990234375,308.8857421875,1685100
2023-09-22,330.1000061035156,331.5400085449219,326.8299865722656,327.8900146484375,306.687744140625,1669100
2023-09-25,327.07000732421875,329.2900085449219,325.2799987792969,328.8399963378906,307.5762939453125,833300
2023-09-26,325.6099853515625,327.42999267578125,322.4200134277344,323.82000732421875,302.88092041015625,1481800
2023-09-27,324.9800109863281,325.0,318.9800109863281,321.95001220703125,301.13189697265625,1493000
2023-09-28,320.2099914550781,326.8399963378906,320.2099914550781,325.20001220703125,304.1716613769531,1389600
2023-09-29,327.20001220703125,327.9599914550781,322.2699890136719,323.57000732421875,302.64715576171875,1403900
2023-10-02,322.0299987792969,323.5799865722656,317.1000061035156,318.5,297.9049377441406,1303800
2023-10-03,315.2699890136719,315.67999267578125,304.3900146484375,306.1199951171875,286.325439453125,3118600
2023-10-04,304.8500061035156,309.05999755859375,303.4800109863281,308.6000061035156,288.64508056640625,1872000
2023-10-05,307.3599853515625,310.54998779296875,304.2099914550781,310.5,290.4222106933594,1584600
2023-10-06,308.1099853515625,315.32000732421875,307.1700134277344,312.4800109863281,292.274169921875,1595100
2023-10-09,308.8999938964844,313.4800109863281,308.3699951171875,312.6099853515625,292.3957214355469,1094400
2023-10-10,314.4700012207031,316.8500061035156,312.2900085449219,314.7699890136719,294.4161376953125,1193800
2023-10-11,315.42999267578125,316.6300048828125,311.6000061035156,313.0199890136719,292.7792663574219,1672500
2023-10-12,314.1499938964844,314.25,308.0199890136719,309.8500061035156,289.8143005371094,1727700
2023-10-13,312.0,316.17999267578125,308.1700134277344,309.29998779296875,289.2998352050781,1785200
2023-10-16,313.17999267578125,315.8999938964844,310.25,314.3900146484375,294.0606994628906,2273900
2023-10-17,313.3800048828125,316.17999267578125,305.9100036621094,309.3599853515625,289.35595703125,4123000
2023-10-18,307.0,307.2200012207031,301.4800109863281,301.9599914550781,282.4344177246094,3460300
2023-10-19,301.9599914550781,305.3399963378906,298.6300048828125,299.19000244140625,279.8435363769531,3211800
2023-10-20,298.5,303.25,298.1000061035156,300.04998779296875,280.6479797363281,2329000
2023-10-23,298.2900085449219,303.54998779296875,298.19000244140625,299.2200012207031,279.8716125488281,2959800
2023-10-24,300.0,303.1000061035156,299.0799865722656,299.17999267578125,279.8341979980469,1697100
2023-10-25,298.6000061035156,300.0,295.0299987792969,296.760009765625,277.5707092285156,1809300
2023-10-26,296.9599914550781,300.1400146484375,294.7799987792969,296.989990234375,277.78582763671875,2011200
2023-10-27,297.54998779296875,298.2699890136719,289.3599853515625,289.9100036621094,271.16363525390625,2601700
2023-10-30,293.45001220703125,301.80999755859375,293.2900085449219,300.8299865722656,281.3775329589844,3065200
2023-10-31,301.67999267578125,304.2900085449219,300.70001220703125,303.6099853515625,283.9777526855469,2611000
2023-11-01,303.3299865722656,308.25,302.8399963378906,307.1600036621094,287.2982482910156,2345400
2023-11-02,309.69000244140625,314.5400085449219,308.0,313.760009765625,293.4714660644531,2597000
2023-11-03,318.4599914550781,329.3299865722656,317.92999267578125,327.6199951171875,306.4351806640625,3742000
2023-11-06,326.6600036621094,328.8999938964844,322.1000061035156,323.9100036621094,302.965087890625,2087600
2023-11-07,322.1300048828125,326.3900146484375,321.2900085449219,323.95001220703125,303.00250244140625,1505000
2023-11-08,323.95001220703125,326.6600036621094,323.6700134277344,324.55999755859375,303.57305908203125,1484400
2023-11-09,326.0,326.6499938964844,319.6600036621094,320.7799987792969,300.0375061035156,1787900
2023-11-10,323.32000732421875,326.05999755859375,321.6499938964844,325.510009765625,304.4617004394531,1781400
2023-11-13,324.1600036621094,328.7200012207031,323.5299987792969,326.9100036621094,305.7711181640625,1403300
2023-11-14,333.5299987792969,341.7799987792969,332.4700012207031,338.7200012207031,316.81744384765625,3592700
2023-11-15,339.8999938964844,341.0799865722656,335.3399963378906,337.6000061035156,315.7698669433594,2534500
2023-11-16,337.760009765625,339.75,335.010009765625,336.6700134277344,314.8999938964844,1620400
2023-11-17,339.5,340.45001220703125,338.1199951171875,339.19000244140625,317.2570495605469,1465200
2023-11-20,340.0,341.32000732421875,337.5,339.45001220703125,317.5002746582031,3146000
2023-11-21,338.3599853515625,339.0899963378906,334.54998779296875,334.9700012207031,313.3099670410156,1900900
2023-11-22,336.94000244140625,338.9100036621094,335.3699951171875,338.6400146484375,316.74261474609375,1235200
2023-11-24,338.79998779296875,340.2699890136719,337.6400146484375,339.1499938964844,317.2196960449219,460100
2023-11-27,339.19000244140625,340.0199890136719,335.739990234375,337.7099914550781,315.8727722167969,1250500
2023-11-28,337.3800048828125,338.3999938964844,334.8699951171875,337.6499938964844,315.8166198730469,1419000
2023-11-29,337.0,343.5299987792969,336.510009765625,340.260009765625,320.8712463378906,2038100
2023-11-30,341.67999267578125,344.760009765625,340.0899963378906,341.5400085449219,322.0783386230469,1903600
2023-12-01,341.4599914550781,348.8900146484375,340.4200134277344,348.42999267578125,328.57568359375,3623300
2023-12-04,346.29998779296875,350.489990234375,345.2900085449219,349.3900146484375,329.4809875488281,2178100
2023-12-05,346.6000061035156,346.8299865722656,340.5400085449219,341.75,322.2763366699219,2429700
2023-12-06,343.510009765625,347.0,341.6000061035156,341.9700012207031,322.4837341308594,1869300
2023-12-07,343.7099914550781,344.69000244140625,342.0,344.6199951171875,324.9827575683594,2162400
2023-12-08,344.30999755859375,352.2900085449219,343.7799987792969,350.8299865722656,330.8388977050781,2238800
2023-12-11,351.44000244140625,353.0299987792969,349.04998779296875,351.760009765625,331.71600341796875,1636000
2023-12-12,351.4100036621094,354.0,349.5799865722656,352.6099853515625,332.5174560546875,1597600
2023-12-13,352.94000244140625,362.8500061035156,351.6000061035156,362.7300109863281,342.06085205078125,2876500
2023-12-14,366.5,386.20001220703125,365.0,383.4700012207031,361.6189880371094,5376300
2023-12-15,380.19000244140625,385.8999938964844,379.32000732421875,380.510009765625,358.82769775390625,4522300
2023-12-18,381.260009765625,382.760009765625,375.9100036621094,376.3999938964844,354.951904296875,2740900
2023-12-19,376.010009765625,383.7699890136719,374.54998779296875,382.45001220703125,360.65716552734375,2091800
2023-12-20,380.7300109863281,385.1300048828125,377.25,377.5199890136719,356.0080871582031,1836500
2023-12-21,380.04998779296875,381.489990234375,377.010009765625,380.57000732421875,358.8842468261719,1301600
2023-12-22,382.0,383.489990234375,379.4100036621094,380.6499938964844,358.959716796875,1538200
2023-12-26,380.6499938964844,382.6099853515625,380.04998779296875,381.6099853515625,359.864990234375,837300
2023-12-27,381.20001220703125,385.75,380.30999755859375,384.4800109863281,362.57147216796875,1367200
2023-12-28,384.5199890136719,387.760009765625,383.6300048828125,386.4100036621094,364.3915100097656,1024700
2023-12-29,385.57000732421875,386.6400146484375,383.57000732421875,385.7699890136719,363.78790283203125,881300
2024-01-02,383.0,389.1400146484375,382.19000244140625,388.29998779296875,366.1737365722656,2263100
2024-01-03,383.8800048828125,385.3999938964844,376.760009765625,381.7900085449219,360.03472900390625,2265300
2024-01-04,383.54998779296875,387.0899963378906,381.95001220703125,382.95001220703125,361.128662109375,1618300
2024-01-05,381.9200134277344,389.4700012207031,381.0799865722656,386.44000244140625,364.4197998046875,2913900
2024-01-08,385.9700012207031,389.0799865722656,382.0299987792969,388.8599853515625,366.7018737792969,1902600
2024-01-09,384.6000061035156,385.95001220703125,381.7699890136719,383.739990234375,361.87359619140625,1708800
2024-01-10,381.3500061035156,383.04998779296875,378.5299987792969,381.9599914550781,360.1950378417969,1547300
2024-01-11,380.8900146484375,380.9800109863281,374.67999267578125,379.75,358.11102294921875,2209900
2024-01-12,383.3399963378906,385.8500061035156,376.5799865722656,377.75,356.2250061035156,2223800
2024-01-16,378.3599853515625,385.010009765625,374.32000732421875,380.45001220703125,358.77105712890625,3926600
2024-01-17,375.20001220703125,380.20001220703125,374.1300048828125,377.17999267578125,355.6874694824219,2415100
2024-01-18,380.3299865722656,381.6400146484375,374.55999755859375,376.9100036621094,355.4328308105469,1771200
2024-01-19,376.7300109863281,383.29998779296875,372.07000732421875,382.20001220703125,360.42138671875,2603300
2024-01-22,386.3599853515625,392.7300109863281,384.55999755859375,385.9599914550781,363.9671630859375,2922700
2024-01-23,379.9800109863281,383.3599853515625,378.6300048828125,380.7699890136719,359.0728454589844,3313300
2024-01-24,381.80999755859375,384.6099853515625,379.17999267578125,379.3999938964844,357.7809143066406,2235800
2024-01-25,382.69000244140625,386.7099914550781,382.010009765625,382.70001220703125,360.8929138183594,2376300
2024-01-26,378.6499938964844,380.8999938964844,376.75,377.7900085449219,356.2627258300781,3464700
2024-01-29,375.8900146484375,380.8399963378906,374.239990234375,380.55999755859375,358.8748779296875,1632300
2024-01-30,384.0,387.9200134277344,381.5899963378906,386.8699951171875,364.82525634765625,3897900
2024-01-31,386.0,393.9100036621094,383.70001220703125,384.010009765625,362.12823486328125,3421100
2024-02-01,384.42999267578125,389.5400085449219,378.79998779296875,383.8500061035156,361.9773864746094,2138500
2024-02-02,381.79998779296875,388.739990234375,380.6000061035156,387.8599853515625,365.75885009765625,2180900
2024-02-05,384.6000061035156,385.3299865722656,381.0,383.0199890136719,361.19464111328125,2231100
2024-02-06,383.0199890136719,386.82000732421875,383.0,384.989990234375,363.05242919921875,1487800
2024-02-07,385.30999755859375,387.07000732421875,382.5,386.6600036621094,364.627197265625,1963200
2024-02-08,386.0,388.1099853515625,381.3399963378906,385.0400085449219,363.099609375,1913700
2024-02-09,384.7699890136719,386.1300048828125,382.5899963378906,384.260009765625,362.364013671875,2028200
2024-02-12,385.0,396.3500061035156,384.32000732421875,392.6400146484375,370.26654052734375,2797200
2024-02-13,387.5899963378906,389.1600036621094,375.20001220703125,378.75,357.1679992675781,3030800
2024-02-14,380.8800048828125,381.4800109863281,375.7799987792969,378.0400085449219,356.4984436035156,2041300
2024-02-15,379.4200134277344,387.2099914550781,379.1400146484375,385.4200134277344,363.4579162597656,2218900
2024-02-16,383.239990234375,387.5799865722656,380.95001220703125,384.44000244140625,362.53375244140625,2376800
2024-02-20,380.95001220703125,385.5799865722656,380.8500061035156,384.5199890136719,362.609130859375,2358900
2024-02-21,381.8399963378906,388.6600036621094,381.260009765625,388.2699890136719,366.1454772949219,1772500
2024-02-22,389.2300109863281,395.6000061035156,389.0,390.4700012207031,368.2201843261719,2326800
2024-02-23,390.0,396.7900085449219,389.2099914550781,391.04998779296875,368.76708984375,2247400
2024-02-26,391.04998779296875,396.05999755859375,388.82000732421875,390.2200012207031,367.984375,1797800
2024-02-27,392.260009765625,395.8999938964844,389.3299865722656,390.80999755859375,368.5408020019531,1724900
2024-02-28,387.19000244140625,393.260009765625,387.0,393.17999267578125,373.40325927734375,2572900
2024-02-29,395.2200012207031,395.9800109863281,385.6700134277344,389.04998779296875,369.48095703125,3139100
2024-03-01,389.6300048828125,391.0400085449219,385.25,388.1000061035156,368.5787658691406,1697700
2024-03-04,388.80999755859375,396.57000732421875,386.20001220703125,392.25,372.52001953125,1955100
2024-03-05,390.7200012207031,397.489990234375,390.30999755859375,390.9100036621094,371.2474060058594,2697800
2024-03-06,395.0,395.2900085449219,384.5199890136719,389.57000732421875,369.97479248046875,2692400
2024-03-07,391.8999938964844,394.510009765625,387.05999755859375,388.42999267578125,368.8921813964844,2033100
2024-03-08,388.7300109863281,395.6199951171875,386.7099914550781,386.989990234375,367.52459716796875,1657200
2024-03-11,385.6700134277344,386.4100036621094,381.4200134277344,386.1600036621094,366.7362976074219,1654200
2024-03-12,387.6199951171875,389.1300048828125,383.7799987792969,388.17999267578125,368.6547546386719,1703900
2024-03-13,388.9100036621094,395.25,388.17999267578125,392.30999755859375,372.5769958496094,2370600
2024-03-14,394.42999267578125,396.3800048828125,385.45001220703125,388.6099853515625,369.0630798339844,3029500
2024-03-15,388.8699951171875,391.1300048828125,386.3999938964844,387.2099914550781,367.7335205078125,3763900
2024-03-18,388.6499938964844,389.0299987792969,383.4100036621094,384.3699951171875,365.036376953125,2069000
2024-03-19,384.07000732421875,390.7799987792969,383.7099914550781,388.6600036621094,369.110595703125,1858200
2024-03-20,386.3599853515625,396.5,386.0,396.4700012207031,376.5277404785156,2157400
2024-03-21,399.7699890136719,414.0199890136719,399.0899963378906,413.7099914550781,392.9005432128906,4613800
2024-03-22,414.3999938964844,416.760009765625,405.7799987792969,406.82000732421875,386.357177734375,2190300
2024-03-25,406.8699951171875,410.4599914550781,403.8599853515625,404.94000244140625,384.5717468261719,1683900
2024-03-26,406.0899963378906,409.3299865722656,404.5199890136719,406.17999267578125,385.7493591308594,1407000
2024-03-27,409.6199951171875,415.489990234375,408.3699951171875,415.25,394.3631591796875,2353600
2024-03-28,416.2099914550781,419.20001220703125,414.9800109863281,417.69000244140625,396.6804504394531,2409700
2024-04-01,416.67999267578125,417.95001220703125,412.0,413.510009765625,392.7106628417969,1863900
2024-04-02,410.739990234375,413.1700134277344,407.6199951171875,410.1499938964844,389.51959228515625,1976000
2024-04-03,411.0,416.6300048828125,411.0,414.0,393.17608642578125,1549200
2024-04-04,418.0,419.0,405.70001220703125,406.25,385.8157958984375,1704700
2024-04-05,406.55999755859375,409.1400146484375,401.4700012207031,408.07000732421875,387.54425048828125,1694900
2024-04-08,409.1000061035156,412.5299987792969,407.54998779296875,410.5400085449219,389.89007568359375,1181900
2024-04-09,411.510009765625,413.2200012207031,407.04998779296875,410.7099914550781,390.0514831542969,1247200
2024-04-10,404.010009765625,405.45001220703125,397.2900085449219,400.760009765625,380.6019592285156,1903300
2024-04-11,400.4800109863281,401.4700012207031,394.8399963378906,397.4800109863281,377.4869384765625,2176200
2024-04-12,392.8399963378906,394.0899963378906,387.1199951171875,389.489990234375,369.89886474609375,2815800
2024-04-15,407.0,412.8699951171875,398.69000244140625,400.8800048828125,380.7159118652344,6177000
2024-04-16,404.45001220703125,404.9700012207031,395.17999267578125,396.8599853515625,376.8981018066406,3459700
2024-04-17,402.3999938964844,407.1199951171875,401.17999267578125,403.9100036621094,383.593505859375,4373800
2024-04-18,405.489990234375,407.8599853515625,402.4100036621094,403.1099853515625,382.833740234375,2776300
2024-04-19,404.05999755859375,408.0,403.010009765625,404.0,383.6789855957031,2805500
2024-04-22,406.94000244140625,417.9800109863281,404.57000732421875,417.3500061035156,396.3575439453125,4165600
2024-04-23,417.7099914550781,425.3500061035156,416.20001220703125,424.0,402.67303466796875,2662300
2024-04-24,421.5,424.5799865722656,419.6099853515625,423.0400085449219,401.7613525390625,1575900
2024-04-25,420.989990234375,423.6099853515625,414.8500061035156,420.04998779296875,398.92169189453125,1970100
2024-04-26,420.2300109863281,428.5299987792969,419.6400146484375,427.57000732421875,406.06341552734375,2322700
2024-04-29,427.57000732421875,433.3299865722656,427.20001220703125,430.80999755859375,409.1405029296875,2453000
2024-04-30,428.5,431.3900146484375,426.0,426.7099914550781,405.24664306640625,1829900
2024-05-01,426.69000244140625,433.42999267578125,425.19000244140625,426.95001220703125,405.47467041015625,2310100
2024-05-02,431.20001220703125,433.6499938964844,428.1700134277344,432.57000732421875,410.8119812011719,2087500
2024-05-03,435.0,442.29998779296875,434.9200134277344,438.17999267578125,416.1397705078125,2406300
2024-05-06,441.75,444.3800048828125,439.67999267578125,443.6700134277344,421.3536682128906,1914300
2024-05-07,445.1700134277344,447.4200134277344,442.8699951171875,443.79998779296875,421.4770812988281,2058200
2024-05-08,442.79998779296875,448.0199890136719,442.04998779296875,446.95001220703125,424.46868896484375,2006700
2024-05-09,446.3399963378906,456.42999267578125,446.3399963378906,455.55999755859375,432.6455383300781,2710200
2024-05-10,456.5199890136719,458.75,454.32000732421875,454.7300109863281,431.8572998046875,1823900
2024-05-13,456.2699890136719,457.20001220703125,453.32000732421875,453.55999755859375,430.7461853027344,1579600
2024-05-14,454.8399963378906,461.7699890136719,454.010009765625,458.4700012207031,435.4092102050781,2412900
2024-05-15,461.5899963378906,466.19000244140625,460.95001220703125,466.0899963378906,442.6459045410156,2217700
2024-05-16,464.3699951171875,468.25,462.2799987792969,464.5199890136719,441.1548767089844,2070300
2024-05-17,466.3800048828125,468.6600036621094,464.25,467.7200012207031,444.19390869140625,1655900
2024-05-20,468.20001220703125,471.4800109863281,462.6000061035156,462.94000244140625,439.6543884277344,2591500
2024-05-21,462.2300109863281,471.30999755859375,462.20001220703125,470.4100036621094,446.7486267089844,2762600
2024-05-22,467.3599853515625,470.3299865722656,459.75,462.3800048828125,439.12249755859375,2729500
2024-05-23,464.2300109863281,464.30999755859375,457.4100036621094,458.1499938964844,435.10528564453125,2254500
2024-05-24,459.8399963378906,465.25,459.1000061035156,461.17999267578125,437.9828796386719,1932200
2024-05-28,459.94000244140625,463.69000244140625,458.9100036621094,459.80999755859375,436.6817626953125,1930800
2024-05-29,454.8399963378906,458.739990234375,451.6499938964844,457.1700134277344,434.17462158203125,2315700
2024-05-30,453.0,455.8599853515625,447.6000061035156,450.2300109863281,430.1712341308594,2135000
2024-05-31,449.760009765625,456.7699890136719,448.1199951171875,456.5199890136719,436.1809997558594,2638300
2024-06-03,458.8699951171875,458.8699951171875,450.20001220703125,454.9800109863281,434.7096252441406,1930700
2024-06-04,450.5,457.7099914550781,449.2099914550781,455.29998779296875,435.0153503417969,1835000
2024-06-05,457.54998779296875,463.0199890136719,457.5,461.67999267578125,441.1111145019531,1678900
2024-06-06,461.82000732421875,464.5199890136719,457.010009765625,458.1000061035156,437.6906433105469,1598000
2024-06-07,455.44000244140625,461.1600036621094,454.5,454.9100036621094,434.6427307128906,1736100
2024-06-10,452.3299865722656,455.3599853515625,450.29998779296875,453.54998779296875,433.3432922363281,1698600
2024-06-11,451.0400085449219,451.8599853515625,443.3800048828125,444.2699890136719,424.47674560546875,1938200
2024-06-12,455.6000061035156,457.6400146484375,446.19000244140625,448.70001220703125,428.70941162109375,1733000
2024-06-13,446.7300109863281,448.32000732421875,442.1499938964844,446.3500061035156,426.464111328125,1849100
2024-06-14,441.989990234375,448.2300109863281,439.1499938964844,446.4599914550781,426.56915283203125,1559100
2024-06-17,445.1000061035156,450.7799987792969,443.3900146484375,450.17999267578125,430.1235046386719,1531600
2024-06-18,449.57000732421875,457.69000244140625,448.510009765625,457.42999267578125,437.0504455566406,1798400
2024-06-20,458.0,460.4100036621094,455.239990234375,458.04998779296875,437.6428527832031,2080600
2024-06-21,458.67999267578125,458.79998779296875,449.8999938964844,450.17999267578125,430.1235046386719,3780800
2024-06-24,451.25,463.5199890136719,450.0,462.0899963378906,441.5028381347656,1882200
2024-06-25,459.4599914550781,464.0799865722656,456.75,457.3800048828125,437.0027160644531,1555900
2024-06-26,455.4100036621094,457.92999267578125,452.45001220703125,455.8599853515625,435.5503845214844,2131700
2024-06-27,449.7799987792969,449.7799987792969,442.79998779296875,445.9599914550781,426.0914611816406,2835200
2024-06-28,450.1000061035156,457.3399963378906,449.5299987792969,452.32000732421875,432.16815185546875,3839700
2024-07-01,454.510009765625,464.0199890136719,454.010009765625,463.6600036621094,443.0028991699219,1850500
2024-07-02,461.510009765625,466.2699890136719,459.6000061035156,465.6099853515625,444.86602783203125,1491800
2024-07-03,469.0400085449219,469.8900146484375,465.82000732421875,467.9200134277344,447.0731506347656,993900
2024-07-05,467.4700012207031,467.5799865722656,460.1300048828125,464.75,444.04437255859375,1593800
2024-07-08,467.6499938964844,474.8599853515625,464.0400085449219,464.82000732421875,444.1112365722656,2214300
2024-07-09,465.6000061035156,479.29998779296875,461.5799865722656,472.8299865722656,451.76434326171875,4525100
2024-07-10,472.510009765625,479.8599853515625,469.8500061035156,478.8900146484375,457.5544128417969,1946000
2024-07-11,480.0,483.1600036621094,476.2699890136719,479.2300109863281,457.8792724609375,2251400
2024-07-12,480.92999267578125,483.44000244140625,478.1000061035156,479.8800048828125,458.50030517578125,2727800
2024-07-15,480.25,493.0,476.30999755859375,492.2300109863281,470.3000793457031,3568200
2024-07-16,494.0,506.5899963378906,491.989990234375,503.0199890136719,480.6092834472656,3981700
2024-07-17,503.0,509.4800109863281,499.42999267578125,502.17999267578125,479.8067321777344,3908900
2024-07-18,499.5199890136719,503.69000244140625,484.2200012207031,486.2099914550781,464.5482482910156,3320200
2024-07-19,489.1199951171875,492.6000061035156,483.19000244140625,484.92999267578125,463.3252868652344,2032700
2024-07-22,484.55999755859375,489.4700012207031,482.3800048828125,487.0400085449219,465.34130859375,1792500
2024-07-23,487.0799865722656,495.80999755859375,486.2799987792969,492.1499938964844,470.2236022949219,2020500
2024-07-24,489.260009765625,495.989990234375,485.82000732421875,486.70001220703125,465.01641845703125,1598600
2024-07-25,486.04998779296875,496.1099853515625,483.2300109863281,491.7099914550781,469.80322265625,1489700
2024-07-26,495.7200012207031,504.0,495.6499938964844,499.0299987792969,476.7970886230469,2249700
2024-07-29,500.4200134277344,502.0,491.05999755859375,492.7200012207031,470.7682189941406,1599500
2024-07-30,498.30999755859375,509.4700012207031,498.29998779296875,505.6700134277344,483.14129638671875,2642500
2024-07-31,504.8599853515625,517.260009765625,504.8599853515625,509.0299987792969,486.3515625,2658900
2024-08-01,510.0,514.02001953125,494.67999267578125,500.1199951171875,477.8385009765625,4006800
2024-08-02,491.1000061035156,494.4599914550781,467.2099914550781,470.6400146484375,449.6719665527344,6115500
2024-08-05,447.5899963378906,463.17999267578125,437.3699951171875,459.0199890136719,438.56964111328125,4177200
2024-08-06,461.010009765625,475.25,457.42999267578125,470.2200012207031,449.2706298828125,2209300
2024-08-07,479.3900146484375,488.54998779296875,472.57000732421875,473.010009765625,451.93634033203125,2587600
2024-08-08,477.8699951171875,487.7300109863281,477.1600036621094,485.7699890136719,464.12786865234375,1936400
2024-08-09,485.0199890136719,492.0,482.20001220703125,490.260009765625,468.4178466796875,1622700
2024-08-12,490.260009765625,492.8699951171875,483.75,485.5,463.869873046875,1839300
2024-08-13,490.2900085449219,493.2699890136719,486.4700012207031,491.94000244140625,470.0229797363281,1243700
2024-08-14,492.8999938964844,499.3500061035156,488.3999938964844,498.70001220703125,476.4818420410156,1545600
2024-08-15,505.0,506.9100036621094,498.260009765625,499.0199890136719,476.7875061035156,1732300
2024-08-16,497.04998779296875,504.9100036621094,497.0,504.260009765625,481.79412841796875,1587000
2024-08-19,505.0,507.7799987792969,501.8599853515625,504.67999267578125,482.19537353515625,1027900
2024-08-20,503.8699951171875,504.1600036621094,496.5,497.3399963378906,475.182373046875,2122700
2024-08-21,499.5,500.7799987792969,494.0299987792969,496.4599914550781,474.341552734375,917100
2024-08-22,497.0,499.70001220703125,494.7900085449219,497.75,475.5740966796875,943800
2024-08-23,502.75,512.4400024414062,499.8500061035156,509.4200134277344,486.7242431640625,1751800
2024-08-26,512.3400268554688,513.5,505.32000732421875,507.8699951171875,485.2432861328125,1084200
2024-08-27,507.8399963378906,511.4800109863281,506.5899963378906,507.260009765625,484.66046142578125,977900
2024-08-28,506.6000061035156,508.3699951171875,498.4700012207031,503.3299865722656,480.9054870605469,1568100
2024-08-29,506.0,513.239990234375,501.1400146484375,510.1000061035156,487.3739013671875,1566300
2024-08-30,507.8299865722656,511.19000244140625,505.1700134277344,510.25,490.4013671875,1838900
2024-09-03,507.4700012207031,509.70001220703125,485.3999938964844,487.4599914550781,468.4979248046875,2373600
2024-09-04,486.70001220703125,496.20001220703125,486.70001220703125,490.6400146484375,471.55419921875,1509400
2024-09-05,493.5799865722656,495.7699890136719,483.07000732421875,487.8800048828125,468.90155029296875,1828300
2024-09-06,486.6000061035156,495.4100036621094,477.05999755859375,479.6099853515625,460.9532775878906,1995600
2024-09-09,485.5299987792969,494.2799987792969,483.3900146484375,488.57000732421875,469.56475830078125,1714200
2024-09-10,489.1300048828125,489.20001220703125,461.57000732421875,467.1300048828125,448.95867919921875,3583100
2024-09-11,463.9800109863281,471.8900146484375,457.4800109863281,471.1700134277344,452.8415832519531,2426500
2024-09-12,471.29998779296875,474.3399963378906,465.3999938964844,474.05999755859375,455.6191711425781,1480500
2024-09-13,475.989990234375,482.1000061035156,475.5,478.989990234375,460.3573913574219,1794500
2024-09-16,481.42999267578125,487.3800048828125,479.489990234375,485.1600036621094,466.28741455078125,1500300
2024-09-17,488.0,489.7300109863281,481.79998779296875,485.3900146484375,466.5084228515625,1444900
2024-09-18,485.3999938964844,492.989990234375,481.7699890136719,484.5799865722656,465.72991943359375,1699500
2024-09-19,494.739990234375,506.4100036621094,493.4599914550781,503.8299865722656,484.2310791015625,3060700
2024-09-20,500.19000244140625,502.04998779296875,495.4800109863281,498.42999267578125,479.0411376953125,4452600
2024-09-23,498.2099914550781,501.3999938964844,495.2200012207031,497.4100036621094,478.06085205078125,953200
2024-09-24,497.5899963378906,499.55999755859375,494.1000061035156,498.0199890136719,478.6470947265625,1035400
2024-09-25,498.5,502.0,490.3999938964844,491.1400146484375,472.0347595214844,1763900
2024-09-26,494.0,498.3999938964844,492.4800109863281,496.9200134277344,477.58990478515625,1378100
2024-09-27,498.9700012207031,505.3999938964844,495.8599853515625,498.510009765625,479.1180725097656,1420100
2024-09-30,494.8900146484375,496.5199890136719,488.8999938964844,495.1099853515625,475.85028076171875,1602500
2024-10-01,494.5799865722656,494.5799865722656,484.6099853515625,490.1700134277344,471.10247802734375,1528600
2024-10-02,491.1700134277344,494.8599853515625,487.95001220703125,491.989990234375,472.8516845703125,1445100
2024-10-03,489.92999267578125,490.510009765625,484.20001220703125,486.1000061035156,467.1907958984375,1290600
2024-10-04,495.6400146484375,496.30999755859375,486.0,495.1600036621094,475.8983459472656,1721600
2024-10-07,494.6300048828125,499.010009765625,490.7900085449219,494.6199951171875,475.3793640136719,1173300
2024-10-08,497.0,498.3399963378906,492.7799987792969,496.57000732421875,477.2535400390625,1296700
2024-10-09,498.20001220703125,506.2699890136719,495.25,505.17999267578125,485.52862548828125,1695900
2024-10-10,506.30999755859375,506.79998779296875,499.5899963378906,503.7200012207031,484.12542724609375,1309000
2024-10-11,508.0,517.969970703125,507.79998779296875,516.2999877929688,496.21600341796875,2409700
2024-10-14,517.6500244140625,523.0700073242188,515.510009765625,522.75,502.4151306152344,2174900
2024-10-15,538.7999877929688,540.510009765625,515.510009765625,522.3800048828125,502.0595397949219,4525400
2024-10-16,530.0,536.219970703125,525.97998046875,529.8599853515625,509.2484436035156,2649000
2024-10-17,531.239990234375,535.2899780273438,528.22998046875,529.0,508.4220275878906,2123500
2024-10-18,529.3900146484375,530.77001953125,526.8699951171875,528.5,507.94146728515625,1779200
2024-10-21,528.0,529.8499755859375,517.0,517.7999877929688,497.6575927734375,1752100
2024-10-22,515.6099853515625,519.6300048828125,512.9400024414062,518.2999877929688,498.13818359375,1588000
2024-10-23,515.7999877929688,520.0,513.4000244140625,517.2000122070312,497.0810241699219,1263200
2024-10-24,519.0,525.0,518.2000122070312,524.5,504.0970458984375,2058200
2024-10-25,528.0499877929688,528.7999877929688,510.739990234375,512.5999755859375,492.6599426269531,1633200
2024-10-28,515.4000244140625,524.5900268554688,514.97998046875,523.5800170898438,503.212890625,1687100
2024-10-29,521.1799926757812,527.239990234375,521.0,524.280029296875,503.88568115234375,1281600
2024-10-30,523.4000244140625,530.7899780273438,523.0700073242188,524.4000244140625,504.0009460449219,1441600
2024-10-31,522.4400024414062,525.0,514.530029296875,517.7899780273438,497.6480712890625,2061700
2024-11-01,520.0,526.6400146484375,517.0399780273438,519.3499755859375,499.1473693847656,1625000
2024-11-04,518.0,518.0499877929688,510.510009765625,511.4700012207031,491.5738525390625,1797800
2024-11-05,513.0,527.4600219726562,512.5999755859375,526.9600219726562,506.46142578125,2169900
2024-11-06,567.2999877929688,598.6099853515625,566.0999755859375,595.97998046875,572.7964477539062,8042800
2024-11-07,590.0,595.0,581.52001953125,582.1699829101562,559.5235595703125,4475600
2024-11-08,586.4199829101562,595.1500244140625,581.2999877929688,589.260009765625,566.3378295898438,2714000
2024-11-11,598.9000244140625,607.1500244140625,596.1699829101562,602.3400268554688,578.9091186523438,2510800
2024-11-12,598.0499877929688,602.0900268554688,591.469970703125,592.5900268554688,569.538330078125,2392900
2024-11-13,594.6300048828125,603.5499877929688,592.6500244140625,594.219970703125,571.1049194335938,1763100
2024-11-14,600.0,601.530029296875,586.239990234375,588.6099853515625,565.713134765625,1670500
2024-11-15,593.3599853515625,595.1400146484375,587.0900268554688,593.5399780273438,570.4514770507812,2007700
2024-11-18,594.7100219726562,595.0700073242188,584.719970703125,587.989990234375,565.1172485351562,1848900
2024-11-19,579.6599731445312,584.760009765625,575.510009765625,581.3800048828125,558.764404296875,2217400
2024-11-20,583.8300170898438,587.7999877929688,576.6199951171875,581.9299926757812,559.29296875,1528600
2024-11-21,586.510009765625,600.7000122070312,584.510009765625,596.1099853515625,572.9213256835938,2281900
2024-11-22,596.219970703125,603.9400024414062,594.4400024414062,602.780029296875,579.3319702148438,1733700
2024-11-25,608.7899780273438,611.2999877929688,598.8300170898438,603.030029296875,579.5722045898438,2940800
2024-11-26,600.1300048828125,607.1900024414062,593.0,605.5,581.9462280273438,2846500
2024-11-27,607.6799926757812,612.25,603.280029296875,605.4299926757812,581.8788452148438,1424500
2024-11-29,609.3099975585938,612.72998046875,607.0599975585938,608.5700073242188,584.896728515625,1170200
2024-12-02,608.0,611.9099731445312,601.2999877929688,601.7100219726562,581.1685180664062,1804100
2024-12-03,608.9600219726562,611.4199829101562,600.7999877929688,602.0800170898438,581.52587890625,1718100
2024-12-04,603.0,604.280029296875,596.760009765625,598.7100219726562,578.27099609375,1617300
2024-12-05,600.530029296875,606.5599975585938,596.3499755859375,596.7999877929688,576.4260864257812,1672800
2024-12-06,597.1599731445312,600.0,594.3699951171875,599.6799926757812,579.2078857421875,1405700
2024-12-09,598.989990234375,603.0,593.719970703125,594.1199951171875,573.8375854492188,1633200
2024-12-10,590.0,596.27001953125,583.760009765625,585.030029296875,565.0579833984375,2600800
2024-12-11,590.1199951171875,593.7100219726562,586.9000244140625,592.5599975585938,572.3309326171875,2195300
2024-12-12,592.5900268554688,596.3200073242188,588.6099853515625,591.6099853515625,571.413330078125,1218400
2024-12-13,594.0,595.0,585.0800170898438,585.47998046875,565.4924926757812,1215000
2024-12-16,588.0,588.27001953125,578.7000122070312,586.3300170898438,566.3136596679688,1713300
2024-12-17,580.8400268554688,581.6099853515625,572.2899780273438,574.6799926757812,555.061279296875,2314100
2024-12-18,577.489990234375,579.469970703125,544.489990234375,550.25,531.4652709960938,3271600
2024-12-19,561.4400024414062,567.0,553.5999755859375,553.989990234375,535.0775756835938,2753300
2024-12-20,554.9400024414062,572.9000244140625,553.3800048828125,566.0999755859375,546.774169921875,4515900
2024-12-23,565.0,571.6400146484375,561.7999877929688,570.780029296875,551.2944946289062,1519500
2024-12-24,574.2000122070312,582.7899780273438,571.3599853515625,582.7899780273438,562.8944702148438,913400
2024-12-26,578.1500244140625,582.5900268554688,577.5,581.22998046875,561.3875732421875,1092000
2024-12-27,577.0,581.9600219726562,571.3499755859375,576.1799926757812,556.5100708007812,1486000
2024-12-30,567.27001953125,576.02001953125,565.0999755859375,573.5499877929688,553.9698486328125,1265900
2024-12-31,575.0700073242188,576.9199829101562,570.4000244140625,572.6199951171875,553.0715942382812,1055800
2025-01-02,579.3099975585938,584.3099975585938,569.739990234375,574.969970703125,555.34130859375,2219000
2025-01-03,581.0,582.1400146484375,571.72998046875,580.1300048828125,560.3252563476562,1422600
2025-01-06,584.97998046875,593.6500244140625,579.8200073242188,583.3900146484375,563.4739990234375,2257000
2025-01-07,587.1099853515625,588.280029296875,568.4000244140625,580.1199951171875,560.3156127929688,2021900
2025-01-08,581.0399780273438,581.2000122070312,572.6699829101562,580.02001953125,560.2190551757812,1513400
2025-01-10,576.25,576.25,558.010009765625,560.0,540.8823852539062,2817900
2025-01-13,557.8800048828125,566.1900024414062,556.760009765625,562.9500122070312,543.731689453125,1871200
2025-01-14,569.6599731445312,573.5900268554688,565.2000122070312,571.530029296875,552.0188598632812,2221900
2025-01-15,598.0,609.4099731445312,593.0,605.9199829101562,585.2348022460938,5119800
2025-01-16,609.989990234375,616.8400268554688,606.0,612.989990234375,592.0634155273438,3224500
2025-01-17,617.7999877929688,627.0,613.0,625.9400024414062,604.5712890625,3425200
2025-01-21,616.8099975585938,635.4299926757812,609.0,634.739990234375,613.0709228515625,5076700
2025-01-22,633.4400024414062,635.5999755859375,629.7100219726562,632.72998046875,611.1294555664062,2835700
2025-01-23,634.9199829101562,645.5399780273438,634.489990234375,639.5,617.6683959960938,2582700
2025-01-24,630.0,640.5999755859375,628.9600219726562,636.9000244140625,615.1572875976562,3183500
2025-01-27,625.0,635.7100219726562,624.4600219726562,633.280029296875,611.660888671875,3351700
2025-01-28,632.2000122070312,639.0800170898438,631.8099975585938,637.7999877929688,616.0263671875,2338000
2025-01-29,637.0,649.0,636.4099731445312,637.3800048828125,615.6207885742188,1918900
2025-01-30,644.489990234375,649.52001953125,641.0,645.7000122070312,623.6566772460938,1812800
2025-01-31,650.0,650.0,637.4400024414062,640.4000244140625,618.5377197265625,1995100
2025-02-03,626.0,638.47998046875,622.47998046875,632.3699951171875,610.7818603515625,2102600
2025-02-04,632.0,637.6699829101562,629.0900268554688,634.1799926757812,612.5299682617188,1743400
2025-02-05,638.0,646.4099731445312,635.530029296875,645.4500122070312,623.4153442382812,1908200
2025-02-06,650.0,658.8499755859375,648.9400024414062,658.219970703125,635.749267578125,2439200
2025-02-07,659.4000244140625,663.8699951171875,653.1599731445312,655.9000244140625,633.5086059570312,2616700
2025-02-10,659.02001953125,662.489990234375,644.25,650.530029296875,628.3218994140625,2351600
2025-02-11,646.780029296875,649.0399780273438,643.5999755859375,647.239990234375,625.1442260742188,2711400
2025-02-12,643.760009765625,650.469970703125,639.1099853515625,649.0,626.8440551757812,2295800
2025-02-13,651.8300170898438,652.0,640.510009765625,648.9500122070312,626.7958984375,2031800
2025-02-14,650.3200073242188,663.260009765625,650.3200073242188,660.5499877929688,637.9998168945312,2246000
2025-02-18,662.5900268554688,672.1900024414062,661.02001953125,672.1900024414062,649.242431640625,2350100
2025-02-19,669.0800170898438,671.0399780273438,663.280029296875,668.1500244140625,645.3403930664062,1953600
2025-02-20,668.030029296875,670.280029296875,631.6599731445312,642.260009765625,620.3342895507812,3929000
2025-02-21,644.75,647.5,623.4299926757812,625.5999755859375,604.242919921875,3000800
2025-02-24,633.510009765625,637.2999877929688,614.7999877929688,626.1400146484375,604.7644653320312,3274100
2025-02-25,628.530029296875,631.3200073242188,606.0,614.9099731445312,593.9179077148438,2885900
2025-02-26,616.6699829101562,623.1300048828125,615.2000122070312,617.77001953125,596.6802368164062,2001200
2025-02-27,617.5399780273438,625.22998046875,607.3099975585938,608.0,587.2437744140625,2396300
2025-02-28,607.7899780273438,623.6500244140625,604.010009765625,622.2899780273438,604.0263061523438,3337200
2025-03-03,622.4000244140625,628.780029296875,598.3200073242188,605.260009765625,587.4961547851562,3152300
2025-03-04,595.97998046875,600.0,567.5700073242188,581.1400146484375,564.083984375,4061000
2025-03-05,582.0900268554688,597.1199951171875,576.780029296875,593.0700073242188,575.6638793945312,2600600
2025-03-06,580.5900268554688,586.7100219726562,564.6199951171875,567.6699829101562,551.00927734375,4332300
2025-03-07,568.1699829101562,568.1699829101562,544.9099731445312,559.6699829101562,543.2442016601562,4069600
2025-03-10,542.2999877929688,546.469970703125,523.1300048828125,531.6599731445312,516.0562744140625,5272100
2025-03-11,532.469970703125,539.989990234375,524.2000122070312,531.4299926757812,515.8330078125,4190500
2025-03-12,544.0,545.0,528.5900268554688,535.7100219726562,519.9873657226562,3078100
2025-03-13,535.6699829101562,538.1400146484375,520.0599975585938,524.8099975585938,509.4072570800781,2529100
2025-03-14,533.989990234375,543.5700073242188,526.7000122070312,541.4099731445312,525.5200805664062,2808100
2025-03-17,541.22998046875,557.1599731445312,540.0,551.3400268554688,535.1586303710938,2695600
2025-03-18,550.2899780273438,553.75,546.6500244140625,551.780029296875,535.5857543945312,2641000
2025-03-19,549.0,563.0,544.5999755859375,557.3400268554688,540.9825439453125,2769800
2025-03-20,553.0999755859375,568.4400024414062,552.0,562.6799926757812,546.1658935546875,2531300
2025-03-21,555.3300170898438,567.0,551.2100219726562,565.1400146484375,548.5536499023438,3565600
2025-03-24,575.0,582.719970703125,573.0499877929688,580.0999755859375,563.0745239257812,1877700
2025-03-25,584.6900024414062,586.8900146484375,578.2100219726562,585.9400024414062,568.7431030273438,1875500
2025-03-26,588.3900146484375,592.6400146484375,571.0,573.9199829101562,557.075927734375,1944200
2025-03-27,565.0,566.0,552.5499877929688,558.9199829101562,542.5161743164062,2100900
2025-03-28,555.9500122070312,560.5,537.7100219726562,543.1199951171875,527.1798706054688,2773100
2025-03-31,533.8200073242188,547.3900146484375,528.5900268554688,546.2899780273438,530.2568969726562,2455100
2025-04-01,543.25,551.9600219726562,533.239990234375,548.4500122070312,532.3535766601562,1869600
2025-04-02,539.7999877929688,567.3200073242188,539.0800170898438,563.0999755859375,546.5734252929688,2560700
2025-04-03,525.4299926757812,529.989990234375,509.55999755859375,511.2300109863281,496.2258605957031,5193900
2025-04-04,487.0,492.0,460.0,470.80999755859375,456.99212646484375,8105200
2025-04-07,446.8999938964844,489.9800109863281,439.3800048828125,465.510009765625,451.8476867675781,6353800
2025-04-08,488.25,491.9200134277344,452.8299865722656,462.2200012207031,448.6542663574219,4240900
2025-04-09,451.3599853515625,522.0,447.1099853515625,516.8699951171875,501.7002868652344,7024100
2025-04-10,503.1000061035156,503.1000061035156,474.0,489.79998779296875,475.4247741699219,5374500
2025-04-11,487.0,498.5199890136719,478.5799865722656,494.44000244140625,479.9285888671875,3770200
2025-04-14,510.0,512.0,497.1499938964844,503.9800109863281,489.18865966796875,4392600
2025-04-15,507.4100036621094,518.6500244140625,507.0,507.8900146484375,492.98388671875,2501200
2025-04-16,501.7200012207031,509.45001220703125,492.69000244140625,499.04998779296875,484.4032897949219,2765600
2025-04-17,503.239990234375,514.8300170898438,499.1199951171875,509.489990234375,494.5368957519531,2593500
2025-04-21,505.3999938964844,509.2699890136719,494.67999267578125,501.3599853515625,486.6455078125,2859300
2025-04-22,510.2300109863281,521.0,508.92999267578125,519.989990234375,504.7287292480469,2514600
2025-04-23,533.6300048828125,551.7899780273438,528.260009765625,529.3099975585938,513.7752685546875,3048100
2025-04-24,527.0999755859375,546.8400268554688,523.4199829101562,545.3699951171875,529.3638916015625,2223600
2025-04-25,544.5999755859375,549.0900268554688,541.219970703125,544.8599853515625,528.8688354492188,1612700
2025-04-28,544.8599853515625,554.5,542.469970703125,546.4000244140625,530.3636474609375,1459700
2025-04-29,543.7899780273438,550.8800048828125,541.2999877929688,548.9199829101562,532.8096923828125,1695600
2025-04-30,535.760009765625,549.52001953125,531.4500122070312,547.5499877929688,531.4797973632812,2438300
2025-05-01,548.0999755859375,558.3499755859375,545.5,553.8300170898438,537.5756225585938,2583000
2025-05-02,561.5800170898438,569.780029296875,559.7000122070312,566.0999755859375,549.4854736328125,2883000
2025-05-05,558.3599853515625,566.5599975585938,557.5,559.5599975585938,543.1373291015625,2197200
2025-05-06,549.5999755859375,557.4400024414062,547.0599975585938,549.3599853515625,533.2367553710938,2902500
2025-05-07,550.2100219726562,555.3800048828125,547.739990234375,551.9199829101562,535.7216186523438,1954900
2025-05-08,558.8200073242188,572.1599731445312,558.2100219726562,565.7000122070312,549.09716796875,1994600
2025-05-09,570.25,572.0999755859375,565.780029296875,567.0999755859375,550.4560546875,1522500
2025-05-12,596.260009765625,603.3699951171875,588.0800170898438,591.3400268554688,573.9847412109375,3527700
2025-05-13,593.2999877929688,607.7100219726562,593.0599975585938,603.8099975585938,586.0887451171875,2765800
2025-05-14,603.7999877929688,615.0,602.5,611.5999755859375,593.6500854492188,2874400
2025-05-15,609.72998046875,619.2100219726562,609.72998046875,615.9000244140625,597.8239135742188,2428100
2025-05-16,616.9500122070312,620.7899780273438,613.5599975585938,619.030029296875,600.862060546875,2021800
2025-05-19,609.1900024414062,619.3800048828125,598.3400268554688,612.2999877929688,594.3294677734375,2842100
2025-05-20,607.75,611.5499877929688,603.010009765625,606.52001953125,588.7191772460938,1601600
2025-05-21,601.7999877929688,609.8699951171875,592.0,593.4600219726562,576.04248046875,2635900
2025-05-22,592.5499877929688,602.2000122070312,592.510009765625,598.22998046875,580.6724853515625,1939600
2025-05-23,585.0,601.9600219726562,582.5,598.5399780273438,580.9733276367188,1530600
2025-05-27,605.9000244140625,617.6699829101562,604.9500122070312,615.72998046875,597.6588745117188,2364700
2025-05-28,617.280029296875,618.6300048828125,607.3099975585938,608.4400024414062,590.5828247070312,2001900
2025-05-29,608.52001953125,610.0,598.2999877929688,604.8599853515625,587.1078491210938,1736100
2025-05-30,600.0,603.5999755859375,593.8300170898438,600.4500122070312,585.732421875,2129500
2025-06-02,598.5999755859375,599.1699829101562,592.1699829101562,598.719970703125,584.0448608398438,1221200
2025-06-03,600.0,606.3200073242188,593.72998046875,603.8300170898438,589.0296020507812,1730300
2025-06-04,605.47998046875,606.3300170898438,598.719970703125,599.2100219726562,584.5228271484375,1294900
2025-06-05,600.0,609.719970703125,592.9000244140625,605.8800048828125,591.0294189453125,2086700
2025-06-06,613.0,621.3800048828125,610.0,614.0,598.9503173828125,1675900
2025-06-09,614.75,619.0999755859375,611.010009765625,613.52001953125,598.4821166992188,1610700
2025-06-10,613.0,616.5499877929688,609.3099975585938,614.8699951171875,599.7989501953125,1376400
2025-06-11,617.1799926757812,629.8400268554688,614.5900268554688,624.1699829101562,608.8709716796875,2063600
2025-06-12,621.0,626.010009765625,615.7999877929688,625.1099853515625,609.7879028320312,1634700
2025-06-13,616.0499877929688,620.1199951171875,609.5900268554688,613.5399780273438,598.5015258789062,1674800
2025-06-16,619.0,632.27001953125,618.0,627.8499755859375,612.4608154296875,1870400
2025-06-17,624.7000122070312,631.6699829101562,623.0,624.6400146484375,609.3295288085938,1479300
2025-06-18,624.510009765625,639.8800048828125,623.6500244140625,635.239990234375,619.6696166992188,2423100
2025-06-20,638.8300170898438,642.6400146484375,636.6900024414062,640.7999877929688,625.0933837890625,4115400
2025-06-23,639.260009765625,647.4199829101562,630.010009765625,646.8800048828125,631.0242919921875,2020800
2025-06-24,654.4500122070312,663.77001953125,653.239990234375,662.1099853515625,645.8810424804688,2307800
2025-06-25,664.5999755859375,670.1199951171875,660.7899780273438,669.8699951171875,653.4508056640625,1566400
2025-06-26,670.6199951171875,689.3300170898438,670.510009765625,687.1599731445312,670.3170776367188,2849500
2025-06-27,691.0,694.2000122070312,685.3900146484375,690.8099975585938,673.8776245117188,3650500
2025-06-30,714.27001953125,714.2999877929688,702.9500122070312,707.75,690.4024047851562,3976400
2025-07-01,708.0,713.010009765625,700.6099853515625,706.4600219726562,689.14404296875,3301000
2025-07-02,708.7999877929688,718.72998046875,705.0800170898438,715.8900146484375,698.3428344726562,2906500
2025-07-03,715.9099731445312,726.0,713.4000244140625,723.6799926757812,705.94189453125,1502000
2025-07-07,721.7000122070312,723.969970703125,706.3400268554688,710.9299926757812,693.5045166015625,2863700
2025-07-08,710.719970703125,711.1900024414062,693.77001953125,697.280029296875,680.1890869140625,3100700
2025-07-09,704.3400268554688,704.3400268554688,694.7100219726562,696.5599975585938,679.4866943359375,1763400
2025-07-10,696.739990234375,710.3800048828125,696.4500122070312,709.1199951171875,691.7388305664062,1733500
2025-07-11,703.5900268554688,706.0,700.22998046875,704.9500122070312,687.671142578125,1681800
2025-07-14,704.739990234375,713.4299926757812,702.1300048828125,713.2999877929688,695.8163452148438,1909300
2025-07-15,713.2999877929688,714.6900024414062,700.0399780273438,702.510009765625,685.2908325195312,1981200
2025-07-16,708.5,709.780029296875,691.2999877929688,708.8200073242188,691.4461669921875,3323200
2025-07-17,706.280029296875,717.4500122070312,704.280029296875,705.8400268554688,688.539306640625,2046100
2025-07-18,707.0599975585938,710.2899780273438,698.3900146484375,708.260009765625,690.8999633789062,1925200
2025-07-21,709.1400146484375,712.760009765625,704.3499755859375,706.0,688.6952514648438,2006500
2025-07-22,703.6599731445312,706.489990234375,691.8800048828125,700.4099731445312,683.2423095703125,1978900
2025-07-23,702.0,719.010009765625,701.5,717.52001953125,699.9329223632812,2395700
2025-07-24,718.9299926757812,725.77001953125,714.72998046875,719.1799926757812,701.5523071289062,1974700
2025-07-25,720.760009765625,729.8900146484375,718.3499755859375,728.97998046875,711.1119995117188,1851400
2025-07-28,728.0,732.52001953125,722.1699829101562,723.6500244140625,705.9127197265625,1464800
2025-07-29,726.8499755859375,734.1300048828125,722.4199829101562,731.97998046875,714.0385131835938,2136000
2025-07-30,731.1400146484375,737.8800048828125,723.1799926757812,730.75,712.8387451171875,1816200
2025-07-31,726.5900268554688,734.0399780273438,720.4400024414062,723.5900268554688,705.854248046875,2358100
2025-08-01,710.510009765625,714.52001953125,694.0499877929688,709.5700073242188,692.1778564453125,2999100
2025-08-04,715.2000122070312,726.7899780273438,715.2000122070312,726.030029296875,708.234375,1753700
2025-08-05,728.0,729.4000244140625,714.5499877929688,720.9099731445312,703.23974609375,1977300
2025-08-06,724.5,728.2999877929688,722.0,724.739990234375,706.9759521484375,1477100
2025-08-07,730.6199951171875,732.9400024414062,717.6099853515625,719.739990234375,702.0985107421875,1400400
2025-08-08,725.8599853515625,728.0,718.6500244140625,721.27001953125,703.5910034179688,1275400
2025-08-11,722.2000122070312,723.8400268554688,715.739990234375,719.239990234375,701.61083984375,1273500
2025-08-12,725.280029296875,748.1400146484375,724.3499755859375,743.3800048828125,725.1590576171875,2418100
2025-08-13,745.780029296875,748.9099731445312,732.6199951171875,744.6900024414062,726.43701171875,1862600
2025-08-14,742.719970703125,748.1599731445312,737.0,747.2000122070312,728.8854370117188,1371200
2025-08-15,749.0,749.0499877929688,729.1799926757812,730.719970703125,712.809326171875,1645900
2025-08-18,729.5,731.6099853515625,723.8699951171875,730.9600219726562,713.0435791015625,1157800
2025-08-19,729.1599731445312,730.0,717.72998046875,721.3800048828125,703.6984252929688,1856400
2025-08-20,721.2000122070312,722.25,705.5499877929688,720.6799926757812,703.0155029296875,1872700
2025-08-21,716.5399780273438,719.219970703125,712.969970703125,715.9500122070312,698.4014282226562,1162000
2025-08-22,720.1400146484375,744.8400268554688,718.5800170898438,741.8900146484375,723.7056274414062,1948600
2025-08-25,741.8900146484375,746.5,738.3300170898438,738.7899780273438,720.6815795898438,1381200
2025-08-26,737.7100219726562,749.1599731445312,733.8599853515625,748.9500122070312,730.5926513671875,1511600
2025-08-27,745.969970703125,753.0,745.02001953125,749.6699829101562,731.294921875,1534800
2025-08-28,750.989990234375,753.3300170898438,746.989990234375,751.219970703125,732.806884765625,1411200
2025-08-29,746.7100219726562,748.9199829101562,738.9000244140625,745.25,730.8749389648438,1467000
2025-09-02,736.3900146484375,736.3900146484375,721.1599731445312,730.8499755859375,716.752685546875,2296400
2025-09-03,728.5599975585938,732.02001953125,722.2999877929688,730.5599975585938,716.4683227539062,1485600
2025-09-04,733.75,748.9099731445312,731.1699829101562,748.9000244140625,734.4545288085938,1778200
2025-09-05,752.1900024414062,757.3499755859375,727.1500244140625,738.2100219726562,723.9707641601562,1822800
2025-09-08,739.4199829101562,743.5399780273438,733.5700073242188,741.8499755859375,727.5404663085938,1400100
2025-09-09,740.1300048828125,765.6199951171875,738.5399780273438,763.9199829101562,749.1847534179688,2611300
2025-09-10,761.8599853515625,774.469970703125,761.6300048828125,769.5800170898438,754.735595703125,1996200
2025-09-11,772.0,793.1699829101562,771.3499755859375,784.72998046875,769.5933837890625,2075700
2025-09-12,783.5,787.030029296875,776.260009765625,780.0599975585938,765.0134887695312,1099400
2025-09-15,782.9500122070312,792.3800048828125,781.4400024414062,786.760009765625,771.584228515625,1292000
2025-09-16,789.530029296875,790.010009765625,779.6900024414062,785.530029296875,770.3779907226562,1529500
2025-09-17,788.8599853515625,798.5700073242188,785.22998046875,794.219970703125,778.9002685546875,1945300
2025-09-18,795.5700073242188,807.280029296875,792.4000244140625,804.3099975585938,788.7957153320312,1501600
2025-09-19,804.0900268554688,809.6599731445312,797.3699951171875,805.0,789.472412109375,3789800
2025-09-22,801.1400146484375,806.030029296875,797.5399780273438,805.5599975585938,790.0216674804688,1151000
2025-09-23,807.0999755859375,825.25,802.0,806.3200073242188,790.7669677734375,1758800
2025-09-24,809.5499877929688,812.8400268554688,792.3400268554688,792.4299926757812,777.1448974609375,1402500
2025-09-25,786.0,798.1799926757812,782.010009765625,794.760009765625,779.429931640625,1413100
2025-09-26,797.1599731445312,809.5,795.1300048828125,802.510009765625,787.0303955078125,1376200
2025-09-29,807.7999877929688,808.8400268554688,797.989990234375,804.1199951171875,788.609375,1059000
2025-09-30,805.5,809.6199951171875,786.4500122070312,796.3499755859375,780.9892578125,2463900
2025-10-01,793.6199951171875,796.280029296875,783.22998046875,785.510009765625,770.3583374023438,1788900
2025-10-02,788.8800048828125,791.0,772.4400024414062,779.3800048828125,764.3465576171875,1553700
2025-10-03,783.0,794.9199829101562,777.8599853515625,789.97998046875,774.7420654296875,1470500
2025-10-06,795.0,802.5,780.0499877929688,796.780029296875,781.4110107421875,1632600
2025-10-07,798.0,805.3200073242188,781.3900146484375,789.6500244140625,774.4185791015625,1547200
2025-10-08,791.75,795.0,774.3400268554688,776.510009765625,761.5319213867188,1939300
2025-10-09,778.8499755859375,782.9099731445312,771.3499755859375,779.9600219726562,764.9154052734375,1575000
2025-10-10,783.1199951171875,791.6599731445312,764.0,764.3599853515625,749.6162719726562,2457900
2025-10-13,777.8800048828125,791.0499877929688,777.8800048828125,786.780029296875,771.6039428710938,2766000
2025-10-14,764.4500122070312,786.5700073242188,742.4600219726562,770.760009765625,755.8928833007812,4710800
2025-10-15,778.6199951171875,782.489990234375,762.6599731445312,767.9299926757812,753.1174926757812,3217400
2025-10-16,770.6599731445312,781.4400024414062,752.4099731445312,758.0900268554688,743.46728515625,3160900
2025-10-17,758.1500244140625,758.9400024414062,740.010009765625,750.77001953125,736.2885131835938,2884700
2025-10-20,757.0,766.4199829101562,752.8800048828125,763.3200073242188,748.5963745117188,1925400
2025-10-21,759.0,765.2999877929688,758.27001953125,758.97998046875,744.3400268554688,1782200
2025-10-22,760.6099853515625,760.6099853515625,743.1099853515625,744.5999755859375,730.2373657226562,2141400
2025-10-23,749.3400268554688,755.0,744.6599731445312,750.780029296875,736.29833984375,1615400
2025-10-24,759.8499755859375,784.6099853515625,756.0,783.8800048828125,768.759765625,2505600
2025-10-27,789.0,796.7100219726562,787.010009765625,789.989990234375,774.751953125,1645300
2025-10-28,792.0499877929688,798.3599853515625,787.3499755859375,792.0900268554688,776.8115234375,1242000
2025-10-29,788.0,800.489990234375,778.8200073242188,783.0599975585938,767.95556640625,2251500
2025-10-30,783.5599975585938,807.1400146484375,780.5999755859375,790.1599731445312,774.9186401367188,1829500
2025-10-31,784.97998046875,791.719970703125,783.0,789.3699951171875,774.1439208984375,1328100
2025-11-03,789.5700073242188,796.0,781.4400024414062,785.52001953125,770.3681030273438,1569100
2025-11-04,777.0,806.0,773.0,790.8300170898438,775.5757446289062,2046000
2025-11-05,790.4400024414062,797.3599853515625,775.5800170898438,793.0900268554688,777.7921142578125,1832700
2025-11-06,794.0,798.2000122070312,777.0,787.5800170898438,772.388427734375,1572500
2025-11-07,783.0,787.0599975585938,762.7999877929688,786.3400268554688,771.17236328125,2098400
2025-11-10,796.0800170898438,806.3599853515625,788.7999877929688,797.2000122070312,781.8228149414062,1698200
2025-11-11,798.47998046875,812.0,795.6099853515625,810.3099975585938,794.679931640625,1521500
2025-11-12,814.1300048828125,840.0,814.1300048828125,838.969970703125,822.787109375,2954100
2025-11-13,833.0599975585938,841.280029296875,805.02001953125,805.5,789.9628295898438,2557400
2025-11-14,795.5499877929688,800.6099853515625,778.0,790.9099731445312,775.6541748046875,2552000
2025-11-17,790.0,796.72998046875,770.5,775.5599975585938,760.6002807617188,1850600
2025-11-18,772.0599975585938,787.7000122070312,766.5399780273438,776.2999877929688,761.3259887695312,1673500
2025-11-19,776.2999877929688,787.8699951171875,775.0,785.989990234375,770.8290405273438,1521100
2025-11-20,795.25,816.0,772.1900024414062,773.7000122070312,758.776123046875,2599000
2025-11-21,776.8300170898438,780.3699951171875,754.0,774.030029296875,759.0997924804688,2284700
2025-11-24,778.6400146484375,793.989990234375,775.3599853515625,790.7100219726562,775.4580688476562,2319500
2025-11-25,797.0,805.260009765625,777.989990234375,802.3200073242188,786.8440551757812,2252900
2025-11-26,805.8400268554688,819.5800170898438,805.0,816.010009765625,800.2700805664062,1862500
2025-11-28,820.0,830.5700073242188,818.9500122070312,826.0399780273438,810.1065673828125,868300
2025-12-01,818.5900268554688,824.72998046875,809.6099853515625,810.8599853515625,795.2193603515625,2133200
2025-12-02,811.1199951171875,819.7000122070312,808.2999877929688,815.2100219726562,803.448974609375,2254200
2025-12-03,812.9500122070312,837.9099731445312,812.9500122070312,836.5700073242188,824.5007934570312,2347900
2025-12-04,835.5399780273438,843.989990234375,834.5,837.8300170898438,825.7426147460938,1670800
2025-12-05,837.260009765625,856.2000122070312,836.52001953125,854.5599975585938,842.231201171875,2277500
2025-12-08,861.0999755859375,870.5599975585938,856.2999877929688,866.6900024414062,854.1862182617188,2238100
2025-12-09,866.0,883.719970703125,864.3099975585938,876.5800170898438,863.9335327148438,2274800
2025-12-10,871.3499755859375,897.2000122070312,869.27001953125,889.239990234375,876.410888671875,2394300
2025-12-11,889.97998046875,919.0999755859375,888.0,911.030029296875,897.8865356445312,2683000
2025-12-12,913.75,914.989990234375,886.989990234375,887.9600219726562,875.1493530273438,2715200
2025-12-15,892.0,904.469970703125,889.5900268554688,889.5900268554688,876.7559204101562,1976600
2025-12-16,890.22998046875,896.239990234375,874.3200073242188,879.1500244140625,866.4664916992188,2161600
2025-12-17,886.3300170898438,895.969970703125,868.4400024414062,872.3300170898438,859.7449340820312,2213300
2025-12-18,880.5,892.7899780273438,874.7000122070312,876.2999877929688,863.6575317382812,2066300
2025-12-19,883.1699829101562,899.75,881.9500122070312,893.47998046875,880.5896606445312,4808300
2025-12-22,896.52001953125,905.47998046875,894.8400268554688,899.0,886.030029296875,1442300
2025-12-23,900.3499755859375,905.9199829101562,893.7000122070312,901.7100219726562,888.7010498046875,1210200
2025-12-24,901.1599731445312,911.8800048828125,898.7000122070312,910.780029296875,897.64013671875,771800
2025-12-26,911.0,913.3200073242188,905.3099975585938,907.0399780273438,893.9540405273438,995300
2025-12-29,906.4500122070312,906.47998046875,891.5599975585938,892.1799926757812,879.3085327148438,1578000
2025-12-30,894.739990234375,895.02001953125,881.1799926757812,884.4199829101562,871.660400390625,1833300
2025-12-31,884.0999755859375,886.0,876.7899780273438,879.0,866.318603515625,1221500
2026-01-02,884.0,914.4400024414062,880.75,914.3400268554688,901.1488647460938,2817600
2026-01-05,914.4000244140625,961.6900024414062,912.5999755859375,948.4400024414062,934.7568359375,3742000
2026-01-06,949.4099731445312,958.5700073242188,943.25,955.469970703125,941.6853637695312,1966000
2026-01-07,956.8800048828125,958.25,934.0,941.02001953125,927.44384765625,2683300
2026-01-08,935.47998046875,945.1900024414062,932.0,934.8300170898438,921.3431396484375,1960800
2026-01-09,938.77001953125,946.1400146484375,932.7000122070312,938.97998046875,925.4332885742188,1334100
2026-01-12,934.0,950.5599975585938,929.1099853515625,949.5499877929688,935.8507690429688,2179600
2026-01-13,947.3200073242188,949.9400024414062,931.0,938.1500244140625,924.6152954101562,1969600
2026-01-14,932.2999877929688,938.1500244140625,917.9000244140625,932.6699829101562,919.21435546875,2513000
2026-01-15,924.9000244140625,981.260009765625,924.6699829101562,975.8599853515625,961.78125,3773700
2026-01-16,973.0,984.7000122070312,957.0,962.0,948.1211547851562,3071600
2026-01-20,946.3800048828125,962.5999755859375,939.0999755859375,943.3699951171875,929.760009765625,2629100
2026-01-21,944.0,968.9199829101562,943.4500122070312,953.010009765625,939.2609252929688,2251300
2026-01-22,960.0599975585938,970.9500122070312,950.8099975585938,954.6500244140625,940.8772583007812,2468300
2026-01-23,934.0800170898438,937.1900024414062,917.0499877929688,918.8800048828125,905.623291015625,3872600
2026-01-26,918.4099731445312,933.739990234375,917.97998046875,931.8599853515625,918.416015625,2655900
2026-01-27,924.0,933.4000244140625,920.3900146484375,929.719970703125,916.306884765625,2012500
2026-01-28,932.510009765625,937.1699829101562,922.760009765625,936.8099975585938,923.2945556640625,1674100
2026-01-29,937.2999877929688,955.3800048828125,925.1300048828125,940.1199951171875,926.5568237304688,2335400
2026-01-30,933.9500122070312,947.0,923.1699829101562,935.4099731445312,921.914794921875,1893700
2026-02-02,932.1300048828125,949.4400024414062,912.0800170898438,946.3300170898438,932.6773071289062,1802000
2026-02-03,949.5,964.5,919.0599975585938,938.989990234375,925.443115234375,2321900
2026-02-04,937.1199951171875,944.1599731445312,893.7999877929688,913.2999877929688,900.123779296875,3561900
2026-02-05,901.6699829101562,910.8300170898438,876.719970703125,890.4099731445312,877.56396484375,3214300
2026-02-06,907.8699951171875,931.77001953125,907.22998046875,928.75,915.3508911132812,2473200
2026-02-09,929.0,949.0,927.1099853515625,943.6199951171875,930.00634765625,2322600
2026-02-10,945.7000122070312,961.8300170898438,929.9299926757812,948.989990234375,935.2988891601562,3324900
2026-02-11,950.6400146484375,968.1300048828125,931.280029296875,944.5900268554688,930.96240234375,2654300
2026-02-12,956.1699829101562,968.3900146484375,903.97998046875,904.5499877929688,891.5,3188700
2026-02-13,894.4099731445312,905.989990234375,869.0,905.1400146484375,892.0814819335938,2623000
2026-02-17,907.72998046875,921.5499877929688,905.6799926757812,916.0399780273438,902.82421875,2008500
2026-02-18,921.5800170898438,947.7000122070312,919.97998046875,933.72998046875,920.259033203125,1864900
2026-02-19,925.0,929.6599731445312,906.489990234375,916.6500244140625,903.4254150390625,1974200
2026-02-20,912.5499877929688,922.3699951171875,900.5700073242188,922.239990234375,908.934814453125,2009100
2026-02-23,918.5,932.0,883.75,892.3099975585938,879.4365844726562,2535900
2026-02-24,885.4400024414062,911.77001953125,881.6500244140625,902.27001953125,889.2528686523438,1971500
2026-02-25,914.719970703125,922.510009765625,907.52001953125,921.3800048828125,908.087158203125,1763600
2026-02-26,927.760009765625,938.3900146484375,921.5399780273438,929.0,915.5972900390625,2220300
2026-02-27,912.0,916.25,854.1500244140625,859.5700073242188,847.1689453125,5552300
2026-03-02,840.0,873.6300048828125,836.0,861.7000122070312,853.7377319335938,2873200
2026-03-03,836.0,868.3400268554688,824.6400146484375,862.5800170898438,854.609619140625,3782100
2026-03-04,869.8400268554688,878.7999877929688,860.0,867.25,859.2364501953125,2081700
2026-03-05,862.010009765625,866.52001953125,822.2000122070312,835.4600219726562,827.7401733398438,3093700
2026-03-06,816.0,827.1599731445312,801.3300170898438,821.4199829101562,813.8298950195312,2473000
2026-03-09,810.0,836.6799926757812,795.0,832.030029296875,824.3419189453125,3258200
2026-03-10,834.6799926757812,846.0900268554688,826.3499755859375,833.8099975585938,826.1054077148438,1871900
2026-03-11,829.9500122070312,832.7999877929688,810.5399780273438,823.760009765625,816.1482543945312,2227000
2026-03-12,805.3200073242188,807.2100219726562,784.0999755859375,787.52001953125,780.2431640625,3533000
2026-03-13,789.3599853515625,798.0,780.5,782.2100219726562,774.982177734375,2567400
2026-03-16,792.0,805.4600219726562,790.0,794.77001953125,787.4261474609375,2082700
2026-03-17,806.2999877929688,820.4400024414062,803.469970703125,807.0399780273438,799.5827026367188,1955600
2026-03-18,801.0,816.1900024414062,801.0,805.47998046875,798.0371704101562,1541300
2026-03-19,792.9299926757812,816.1799926757812,790.5900268554688,809.5,802.0200805664062,1765900
2026-03-20,807.0,827.22998046875,804.9299926757812,813.530029296875,806.0128173828125,3918400
2026-03-23,833.0,849.530029296875,829.0,831.27001953125,823.5888671875,2190300
2026-03-24,824.9299926757812,844.5,818.0,835.719970703125,827.9977416992188,1656100
2026-03-25,845.010009765625,854.75,833.9000244140625,841.8400268554688,834.061279296875,1628900
2026-03-26,833.7899780273438,844.7999877929688,816.1099853515625,822.6400146484375,815.0386352539062,2052200
2026-03-27,813.6699829101562,817.0999755859375,797.780029296875,802.8900146484375,795.4711303710938,2106800
2026-03-30,811.1199951171875,818.6300048828125,801.8800048828125,807.5999755859375,800.1375732421875,1621400
2026-03-31,823.9000244140625,848.5,810.0,845.989990234375,838.1728515625,2689800
2026-04-01,859.9500122070312,870.2000122070312,850.1500244140625,860.2100219726562,852.261474609375,1803600
2026-04-02,838.3900146484375,867.2999877929688,831.0,863.0399780273438,855.0653076171875,1717700
2026-04-06,863.0,873.2100219726562,859.77001953125,866.0499877929688,858.0474853515625,1444500
2026-04-07,858.0,867.969970703125,850.0,864.1500244140625,856.1651000976562,1498400
2026-04-08,903.010009765625,918.1199951171875,893.5999755859375,905.75,897.3806762695312,2439000
2026-04-09,902.0,909.4000244140625,895.2899780273438,903.719970703125,895.369384765625,1797800
2026-04-10,903.3699951171875,908.9600219726562,895.0,907.7999877929688,899.4117431640625,1642700
2026-04-13,875.5499877929688,896.9400024414062,865.3400268554688,890.7899780273438,882.5588989257812,4236200
2026-04-14,894.4199829101562,914.1900024414062,890.0999755859375,909.6300048828125,901.2247924804688,2822600
2026-04-15,915.0,927.7899780273438,897.0999755859375,899.489990234375,891.178466796875,2403900
2026-04-16,897.989990234375,907.9600219726562,895.8499755859375,900.0,891.6837768554688,1742100
2026-04-17,915.5,929.1900024414062,912.219970703125,925.9500122070312,917.39404296875,2805100
2026-04-20,923.6799926757812,941.7999877929688,922.989990234375,941.739990234375,933.0381469726562,2374300
2026-04-21,944.5,952.010009765625,922.5399780273438,926.5499877929688,917.9884643554688,1765400
2026-04-22,939.0,940.97998046875,931.1500244140625,934.8400268554688,926.201904296875,1382600
2026-04-23,935.0,944.3900146484375,920.6900024414062,931.2999877929688,922.694580078125,1655000
2026-04-24,930.489990234375,932.9199829101562,919.219970703125,926.9099731445312,918.3451538085938,1263300
2026-04-27,926.0399780273438,941.72998046875,926.0,937.8099975585938,929.1444091796875,1223000
2026-04-28,941.239990234375,945.2999877929688,924.239990234375,926.5499877929688,917.9884643554688,1501600
2026-04-29,927.5,930.0,899.1599731445312,905.5999755859375,897.2320556640625,1725900
2026-04-30,910.4099731445312,928.0,905.0,923.77001953125,915.2341918945312,1880300
2026-05-01,916.4000244140625,935.780029296875,912.1400146484375,923.7100219726562,915.1747436523438,1359800
2026-05-04,922.27001953125,925.0,899.0,903.27001953125,894.923583984375,1660100
2026-05-05,909.72998046875,921.75,908.219970703125,918.8900146484375,910.3992309570312,1507200
2026-05-06,935.9299926757812,944.0599975585938,931.3300170898438,937.3499755859375,928.6886596679688,2318200
2026-05-07,937.9299926757812,945.2899780273438,921.97998046875,925.8699951171875,917.3147583007812,1715300
2026-05-08,936.0,939.780029296875,927.4600219726562,936.47998046875,927.8267211914062,1665000
2026-05-11,932.6500244140625,949.780029296875,926.6300048828125,944.8599853515625,936.1292724609375,2411400
2026-05-12,942.1599731445312,948.5,920.7999877929688,945.9000244140625,937.1597290039062,2236500
2026-05-13,941.8400268554688,959.5499877929688,933.0800170898438,955.4199829101562,946.5916748046875,2355200
2026-05-14,966.9000244140625,975.6599731445312,960.5,968.9600219726562,960.0066528320312,1898000
2026-05-15,953.6500244140625,959.5,941.6099853515625,948.469970703125,939.7059326171875,1862700
2026-05-18,947.739990234375,961.6900024414062,938.5499877929688,946.3599853515625,937.6154174804688,1508000
2026-05-19,933.219970703125,939.6400146484375,923.8099975585938,928.739990234375,920.158203125,1767300
2026-05-20,945.0,982.72998046875,940.5,982.1199951171875,973.0449829101562,3104400
2026-05-21,982.2100219726562,999.5,970.2999877929688,988.1699829101562,979.0390625,2452300
2026-05-22,994.6300048828125,1005.3599853515625,990.9000244140625,996.72998046875,987.5199584960938,1923500
2026-05-26,1006.530029296875,1016.5399780273438,987.030029296875,994.52001953125,985.3303833007812,2080600
2026-05-27,995.9099731445312,1003.6500244140625,974.4199829101562,996.469970703125,987.2623291015625,2195000
2026-05-28,986.4199829101562,1009.969970703125,982.4500122070312,1008.3699951171875,999.0524291992188,2273000
2026-05-29,1009.27001953125,1027.219970703125,1004.0,1025.56005859375,1016.0836791992188,2158000
2026-06-01,1015.3300170898438,1051.199951171875,1011.5999755859375,1048.5799560546875,1043.469482421875,2666700
2026-06-02,1049.739990234375,1073.969970703125,1047.8900146484375,1064.5799560546875,1059.3914794921875,2125600
2026-06-03,1055.280029296875,1055.969970703125,1031.010009765625,1041.02001953125,1035.9462890625,2562200
2026-06-04,1052.8699951171875,1095.9000244140625,1050.0,1092.6099853515625,1087.284912109375,2608800
2026-06-05,1092.8199462890625,1098.3599853515625,1035.5999755859375,1038.6800537109375,1033.6177978515625,2643800
2026-06-08,1052.780029296875,1063.1800537109375,1042.3299560546875,1045.0,1039.906982421875,2326700
2026-06-09,1061.7900390625,1064.3499755859375,1006.2999877929688,1032.010009765625,1026.980224609375,2868500
2026-06-10,1028.3499755859375,1036.31005859375,1000.0399780273438,1001.2899780273438,996.409912109375,2287200
2026-06-11,1013.5,1036.9200439453125,1000.4500122070312,1035.6400146484375,1030.592529296875,2561900
2026-06-12,1053.0,1073.739990234375,1048.06005859375,1062.75,1057.5704345703125,2206000
2026-06-15,1089.52001953125,1094.1800537109375,1075.0,1076.1700439453125,1070.925048828125,2364000
2026-06-16,1086.0,1097.25,1085.530029296875,1090.6700439453125,1085.3543701171875,1965500
2026-06-17,1098.4599609375,1121.949951171875,1094.2900390625,1099.1400146484375,1093.7830810546875,2180000
2026-06-18,1120.0,1125.0,1093.3299560546875,1096.56005859375,1091.2156982421875,4499200
2026-06-22,1109.699951171875,1115.97998046875,1091.6300048828125,1106.3699951171875,1100.977783203125,1894400
2026-06-23,1077.3399658203125,1103.550048828125,1069.0,1094.43994140625,1089.10595703125,2066900
2026-06-24,1090.0,1090.0999755859375,1068.510009765625,1076.9100341796875,1071.6614990234375,1933100
2026-06-25,1095.6199951171875,1105.25,1062.0999755859375,1065.0899658203125,1059.89892578125,1950000
2026-06-26,1054.739990234375,1057.0,1013.3800048828125,1019.6099853515625,1014.6406860351562,4008500
2026-06-29,1029.18994140625,1035.9300537109375,1016.1699829101562,1020.2100219726562,1015.23779296875,1887200
2026-06-30,1019.2899780273438,1026.3199462890625,1006.1099853515625,1011.3699951171875,1006.4408569335938,3162800
2026-07-01,1010.0,1033.530029296875,1003.0,1019.6099853515625,1014.6406860351562,1735000
2026-07-02,1038.989990234375,1039.280029296875,1009.72998046875,1021.0,1016.02392578125,1543500
2026-07-06,1029.8800048828125,1055.2900390625,1029.0,1055.2900390625,1050.1468505859375,1754400
2026-07-07,1052.0,1053.8599853515625,1035.1300048828125,1042.97998046875,1037.896728515625,1353500
2026-07-08,1030.0,1040.1800537109375,1011.9199829101562,1029.6400146484375,1024.621826171875,1699000
2026-07-09,1055.0,1064.010009765625,1042.6099853515625,1055.969970703125,1050.823486328125,1241800
2026-07-10,1063.2099609375,1067.1700439453125,1048.0,1055.1800537109375,1050.037353515625,1110600
2026-07-13,1056.3399658203125,1057.8199462890625,1036.8399658203125,1045.9100341796875,1040.8125,1799500
2026-07-14,1085.0,1143.8399658203125,1082.0,1140.0,1134.4439697265625,3792600
2026-07-15,1148.4200439453125,1153.989990234375,1117.4000244140625,1152.0699462890625,1146.455078125,2736800
2026-07-16,1147.6500244140625,1152.449951171875,1089.010009765625,1095.4599609375,1090.1209716796875,2529400
2026-07-17,1071.6400146484375,1085.9300537109375,1047.1500244140625,1065.219970703125,1060.0283203125,2162700
2026-07-20,1074.6500244140625,1087.9000244140625,1053.6600341796875,1055.030029296875,1049.8880615234375,1718300
2026-07-21,1070.0699462890625,1088.47998046875,1063.0,1085.56005859375,1080.269287109375,1718600
2026-07-22,1078.52001953125,1106.6600341796875,1078.0,1098.199951171875,1092.84765625,1538700
2026-07-23,1072.52001953125,1084.72998046875,1062.47998046875,1074.719970703125,1069.4820556640625,1852700
2026-07-24,1075.0,1077.3800048828125,1051.8199462890625,1061.22998046875,1056.057861328125,1381400
2026-07-27,1080.1800537109375,1088.5,1029.0,1048.22998046875,1043.1212158203125,2538900
2026-07-28,1041.9300537109375,1047.7099609375,1011.8699951171875,1033.3399658203125,1028.3037109375,2173100
2026-07-29,1025.0,1028.1199951171875,977.7000122070312,980.75,975.9700927734375,3198400
2026-07-30,1007.3599853515625,1029.7900390625,998.510009765625,1024.8599853515625,1019.8650512695312,2330800
2026-07-31,1034.719970703125,1042.97998046875,1008.5999755859375,1018.3800048828125,1013.4166870117188,1553700
2026-08-03,1025.0,1027.9599609375,1005.1599731445312,1027.06005859375,1022.054443359375,1706500
2026-08-04,1050.0,1066.1600341796875,1043.27001953125,1052.97998046875,1047.8480224609375,2653600
2026-08-05,1063.7099609375,1077.2099609375,1060.02001953125,1060.3800048828125,1055.2119140625,1648000
2026-08-06,1062.0400390625,1068.0400390625,1030.780029296875,1032.5799560546875,1027.54736328125,1726500
2026-08-07,1038.3399658203125,1047.0,1032.030029296875,1039.6099853515625,1034.543212890625,1429400
2026-08-10,1039.6099853515625,1045.4300537109375,1030.0699462890625,1034.510009765625,1029.468017578125,1819100
2026-08-11,1036.3900146484375,1043.4300537109375,1027.18994140625,1034.4100341796875,1029.3685302734375,1829300
2026-08-12,1055.0,1056.050048828125,1031.739990234375,1037.2099609375,1032.1549072265625,1737800
2026-08-13,1040.6099853515625,1059.0699462890625,1038.469970703125,1042.6300048828125,1037.5484619140625,1421700
2026-08-14,1040.9100341796875,1043.739990234375,1029.5799560546875,1039.4200439453125,1034.3541259765625,1592900
2026-08-17,1040.7900390625,1054.6300048828125,1038.1400146484375,1051.31005859375,1046.186279296875,1450400
2026-08-18,1040.0,1043.5,1026.0799560546875,1040.469970703125,1035.39892578125,1909200
2026-08-19,1044.8199462890625,1044.8199462890625,1014.5,1021.6500244140625,1016.6707763671875,2744200
2026-08-20,1016.989990234375,1026.4200439453125,1001.6799926757812,1001.9500122070312,997.0667724609375,1756200
2026-08-21,1015.989990234375,1043.6600341796875,1008.8499755859375,1039.280029296875,1034.21484375,2744000
2026-08-24,1039.0,1047.3699951171875,1030.1800537109375,1036.280029296875,1031.2294921875,1987500
2026-08-25,1050.0,1063.52001953125,1039.2900390625,1058.8800048828125,1053.71923828125,2497300
2026-08-26,1061.0,1062.56005859375,1036.780029296875,1040.4599609375,1035.3890380859375,1487900
2026-08-27,1041.6800537109375,1052.550048828125,1035.0,1040.8699951171875,1035.7969970703125,1712500
2026-08-28,1046.489990234375,1048.8399658203125,1031.5799560546875,1033.989990234375,1028.9505615234375,1053100
2026-08-31,1032.5999755859375,1032.5999755859375,1022.6199951171875,1025.9000244140625,1020.9000244140625,1359800
2026-09-01,1004.719970703125,1031.1199951171875,996.969970703125,1002.5599975585938,1002.5599975585938,1845600
2026-09-02,1009.739990234375,1021.8400268554688,998.0,1004.4199829101562,1004.4199829101562,2193300
2026-09-03,1013.5,1039.8299560546875,1012.5,1037.9300537109375,1037.9300537109375,1675400
2026-09-04,1031.0899658203125,1041.199951171875,1024.6300048828125,1038.6099853515625,1038.6099853515625,1429000
2026-09-08,1040.550048828125,1043.8399658203125,1028.56005859375,1036.530029296875,1036.530029296875,1263200
2026-09-09,1028.0,1038.4300537109375,1011.4000244140625,1028.780029296875,1028.780029296875,1661600
2026-09-10,1017.2899780273438,1027.22998046875,1011.6799926757812,1019.77001953125,1019.77001953125,1896900
2026-09-11,1035.050048828125,1042.989990234375,1018.5900268554688,1029.1800537109375,1029.1800537109375,1163000
2026-09-14,1010.0,1013.6900024414062,978.9299926757812,988.4500122070312,988.4500122070312,2206600
2026-09-15,984.6500244140625,988.280029296875,954.489990234375,976.6699829101562,976.6699829101562,2355200
2026-09-16,981.4600219726562,984.6599731445312,932.3699951171875,937.97998046875,937.97998046875,3546200
2026-09-17,940.0999755859375,957.969970703125,922.0,951.469970703125,951.469970703125,3286700
2026-09-18,948.9600219726562,952.989990234375,939.5499877929688,942.0,942.0,3980200
2026-09-21,956.5,962.219970703125,942.6199951171875,959.3900146484375,959.3900146484375,1863000
2026-09-22,967.3900146484375,967.760009765625,936.780029296875,949.489990234375,949.489990234375,2052500
2026-09-23,940.72998046875,954.97998046875,933.6799926757812,936.3599853515625,936.3599853515625,2131500
2026-09-24,931.0,933.4099731445312,914.6799926757812,923.2899780273438,923.2899780273438,2352600
2026-09-25,927.5,935.8300170898438,915.2999877929688,935.4500122070312,935.4500122070312,1955500
2026-09-28,930.9400024414062,932.0,914.5,916.280029296875,916.280029296875,1825500
2026-09-29,918.25,919.6199951171875,903.8499755859375,916.239990234375,916.239990234375,1856800
2026-09-30,915.0,916.0499877929688,900.3599853515625,900.3599853515625,900.3599853515625,1823300
