Date,Open,High,Low,Close,Adj Close,Volume
2020-12-31,265.57000732421875,265.95001220703125,263.5799865722656,265.6199951171875,230.16464233398438,2607900
2021-01-04,266.010009765625,266.44000244140625,261.05999755859375,263.9200134277344,228.6915740966797,5002000
2021-01-05,262.6600036621094,266.5299987792969,262.260009765625,266.04998779296875,230.5372314453125,3822600
2021-01-06,264.05999755859375,269.7699890136719,261.8699951171875,267.57000732421875,231.8543243408203,3949200
2021-01-07,266.95001220703125,268.7799987792969,266.1700134277344,266.260009765625,230.71917724609375,3833200
2021-01-08,267.3500061035156,270.7300109863281,267.0,269.0899963378906,233.17149353027344,3757700
2021-01-11,267.4700012207031,273.3699951171875,267.260009765625,271.2300109863281,235.02578735351562,3764400
2021-01-12,271.1099853515625,277.94000244140625,270.6499938964844,276.3299865722656,239.44500732421875,4030900
2021-01-13,278.30999755859375,280.4800109863281,273.94000244140625,274.04998779296875,237.4693603515625,3921400
2021-01-14,274.5,274.8999938964844,267.6700134277344,268.3399963378906,232.52146911621094,4641400
2021-01-15,268.6300048828125,276.3900146484375,268.0,275.5899963378906,238.8038330078125,5131700
2021-01-19,278.0,278.0,273.0199890136719,273.19000244140625,236.72413635253906,3615800
2021-01-20,273.25,277.2099914550781,271.5,274.29998779296875,237.68600463867188,3498400
2021-01-21,276.2200012207031,280.70001220703125,275.6700134277344,279.04998779296875,241.80203247070312,4397900
2021-01-22,279.260009765625,285.0799865722656,277.8699951171875,284.0,246.0912322998047,4501900
2021-01-25,283.8500061035156,285.7699890136719,281.4200134277344,285.0799865722656,247.0270233154297,4025900
2021-01-26,285.4200134277344,285.6499938964844,281.70001220703125,282.6000061035156,244.87811279296875,2472200
2021-01-27,279.989990234375,280.80999755859375,273.0799865722656,274.04998779296875,237.4693603515625,4337000
2021-01-28,276.1700134277344,282.9599914550781,274.92999267578125,278.04998779296875,240.93540954589844,3463000
2021-01-29,275.80999755859375,277.05999755859375,270.0299987792969,270.82000732421875,234.67051696777344,4079500
2021-02-01,271.2300109863281,272.6499938964844,267.25,270.07000732421875,234.02061462402344,3707800
2021-02-02,270.0,275.69000244140625,269.989990234375,272.1600036621094,235.83168029785156,4111800
2021-02-03,271.8900146484375,275.7200012207031,270.7099914550781,274.1700134277344,237.57342529296875,2802700
2021-02-04,274.25,279.44000244140625,274.25,278.82000732421875,241.6026611328125,2976000
2021-02-05,280.2900085449219,281.760009765625,277.80999755859375,278.8599853515625,241.63734436035156,2389900
2021-02-08,279.69000244140625,280.4200134277344,276.8900146484375,280.0299987792969,242.6511688232422,3475600
2021-02-09,279.6600036621094,280.20001220703125,276.6199951171875,276.7699890136719,239.82627868652344,2507800
2021-02-10,278.0299987792969,278.92999267578125,276.25,278.69000244140625,241.49005126953125,2410600
2021-02-11,277.92999267578125,280.25,276.010009765625,277.05999755859375,240.07762145996094,2595300
2021-02-12,277.1199951171875,278.7099914550781,276.5799865722656,277.510009765625,240.467529296875,2392200
2021-02-16,277.010009765625,278.6300048828125,274.8800048828125,275.3900146484375,238.63055419921875,2873500
2021-02-17,275.5400085449219,281.7900085449219,275.3999938964844,280.9200134277344,243.4224090576172,3536400
2021-02-18,280.79998779296875,284.67999267578125,279.8299865722656,283.04998779296875,245.26806640625,3532000
2021-02-19,282.8699951171875,283.9100036621094,279.44000244140625,279.6400146484375,242.31321716308594,4079900
2021-02-22,278.2099914550781,278.489990234375,273.6300048828125,275.8500061035156,239.0290985107422,3995500
2021-02-23,269.3800048828125,269.6700134277344,257.5799865722656,267.239990234375,231.5684051513672,12111000
2021-02-24,263.2300109863281,266.989990234375,254.02999877929688,259.9700012207031,225.268798828125,14512700
2021-02-25,259.75,260.8999938964844,254.7100067138672,255.25,221.1788330078125,6545400
2021-02-26,257.7699890136719,260.239990234375,256.1099853515625,258.3399963378906,223.8563690185547,7871200
2021-03-01,258.80999755859375,262.4800109863281,258.4700012207031,261.6199951171875,226.6985321044922,4528900
2021-03-02,261.67999267578125,263.1099853515625,259.7699890136719,260.2900085449219,225.54608154296875,3740300
2021-03-03,259.2799987792969,260.5,256.010009765625,257.3599853515625,223.0072021484375,4257500
2021-03-04,256.0,256.8599853515625,247.10000610351562,250.92999267578125,217.4354248046875,7154900
2021-03-05,252.25999450683594,254.1999969482422,246.58999633789062,253.52000427246094,219.67974853515625,6351800
2021-03-08,254.22999572753906,263.2300109863281,252.52000427246094,259.0299987792969,224.4542999267578,5037400
2021-03-09,262.7300109863281,267.57000732421875,261.7900085449219,264.9599914550781,229.59274291992188,6625300
2021-03-10,265.9200134277344,268.75,264.0799865722656,266.239990234375,232.14755249023438,3798400
2021-03-11,268.6000061035156,270.7799987792969,267.20001220703125,268.8500061035156,234.42333984375,4371300
2021-03-12,267.45001220703125,273.80999755859375,266.760009765625,273.1000061035156,238.12911987304688,4190500
2021-03-15,274.5,279.6499938964844,274.3399963378906,278.5400085449219,242.87252807617188,4355200
2021-03-16,278.5400085449219,282.5199890136719,277.6499938964844,282.0799865722656,245.9591827392578,4458900
2021-03-17,281.1400146484375,283.8800048828125,279.25,280.0299987792969,244.17172241210938,5908400
2021-03-18,279.0299987792969,285.4700012207031,277.760009765625,283.1600036621094,246.90093994140625,4808100
2021-03-19,283.6400146484375,289.1000061035156,282.42999267578125,289.1000061035156,252.08029174804688,13729200
2021-03-22,286.5,290.3299865722656,284.20001220703125,288.94000244140625,251.94078063964844,5564700
2021-03-23,289.6099853515625,293.42999267578125,288.94000244140625,289.9800109863281,252.8475799560547,4801200
2021-03-24,289.260009765625,296.7799987792969,288.989990234375,292.75,255.26290893554688,4842000
2021-03-25,293.0299987792969,297.8800048828125,292.4599914550781,297.17999267578125,259.1255798339844,5373500
2021-03-26,297.3399963378906,304.0,296.0299987792969,303.80999755859375,264.9066467285156,5865900
2021-03-29,303.29998779296875,305.54998779296875,299.92999267578125,302.20001220703125,263.5028076171875,4642900
2021-03-30,301.6499938964844,305.67999267578125,300.0400085449219,304.82000732421875,265.7873229980469,5045400
2021-03-31,305.5,308.0199890136719,304.1400146484375,305.25,266.16229248046875,4744100
2021-04-01,306.8800048828125,308.54998779296875,303.8900146484375,307.75,268.34210205078125,3923900
2021-04-05,309.8399963378906,315.8500061035156,309.739990234375,315.3999938964844,275.0125427246094,4697200
2021-04-06,313.6099853515625,315.94000244140625,313.1300048828125,313.7799987792969,273.59991455078125,3988600
2021-04-07,312.8399963378906,315.1400146484375,310.92999267578125,312.4700012207031,272.4577331542969,3799300
2021-04-08,312.70001220703125,315.25,310.5899963378906,314.42999267578125,274.16668701171875,4035600
2021-04-09,315.3699951171875,319.32000732421875,314.75,319.2300109863281,278.35205078125,4607800
2021-04-12,317.7200012207031,321.30999755859375,317.30999755859375,320.7900085449219,279.7123718261719,3556800
2021-04-13,320.5299987792969,320.8999938964844,317.0,320.3999938964844,279.3722839355469,3635100
2021-04-14,319.7099914550781,322.70001220703125,319.2900085449219,320.0199890136719,279.0408935546875,3440600
2021-04-15,320.2099914550781,323.3999938964844,320.04998779296875,322.739990234375,281.4126281738281,3508200
2021-04-16,324.8399963378906,328.6700134277344,323.94000244140625,328.0799865722656,286.0688171386719,6213100
2021-04-19,326.489990234375,328.8299865722656,325.44000244140625,326.8500061035156,284.99627685546875,4494300
2021-04-20,326.0,327.69000244140625,322.1600036621094,323.9599914550781,282.47637939453125,4462900
2021-04-21,324.9599914550781,327.9100036621094,323.8900146484375,325.95001220703125,284.2115783691406,3740100
2021-04-22,326.20001220703125,326.42999267578125,318.8399963378906,321.4599914550781,280.2965087890625,4875000
2021-04-23,322.19000244140625,325.5299987792969,319.5799865722656,323.8900146484375,282.4153747558594,3405700
2021-04-26,323.67999267578125,324.0,319.32000732421875,319.989990234375,279.01483154296875,2848500
2021-04-27,320.5,322.4700012207031,320.3800048828125,320.5899963378906,279.53790283203125,3335800
2021-04-28,321.95001220703125,322.9599914550781,319.29998779296875,319.7099914550781,278.7706298828125,2713400
2021-04-29,321.7099914550781,325.7900085449219,321.0799865722656,325.3399963378906,283.67974853515625,3261900
2021-04-30,325.04998779296875,325.8299865722656,321.6099853515625,323.6700134277344,282.22357177734375,3118700
2021-05-03,326.2799987792969,331.6199951171875,325.67999267578125,330.2699890136719,287.9783935546875,3683700
2021-05-04,329.1199951171875,333.2300109863281,328.8800048828125,332.7699890136719,290.15826416015625,3954400
2021-05-05,334.25,334.25,331.1600036621094,332.04998779296875,289.5304260253906,3227200
2021-05-06,333.6700134277344,337.80999755859375,333.2300109863281,337.5799865722656,294.352294921875,3539600
2021-05-07,336.67999267578125,339.80999755859375,335.5299987792969,339.25,295.80853271484375,2998100
2021-05-10,340.45001220703125,345.69000244140625,339.5400085449219,341.1199951171875,297.4389953613281,4840600
2021-05-11,337.54998779296875,338.0,328.2099914550781,330.6600036621094,288.3184814453125,5500900
2021-05-12,326.5199890136719,328.79998779296875,316.2699890136719,317.0,276.4075927734375,5822000
2021-05-13,319.0,327.4200134277344,318.69000244140625,325.4200134277344,283.7493896484375,5159800
2021-05-14,326.2900085449219,327.32000732421875,321.8599853515625,323.6300048828125,282.1886291503906,3998000
2021-05-17,321.0,322.8299865722656,315.30999755859375,320.010009765625,279.0321960449219,4388000
2021-05-18,320.0,324.55999755859375,314.7799987792969,316.75,276.189697265625,7010300
2021-05-19,312.0,314.75,309.07000732421875,314.45001220703125,274.1842346191406,5242100
2021-05-20,314.8900146484375,319.7099914550781,314.8900146484375,315.8999938964844,275.4485168457031,3854700
2021-05-21,317.0,319.2799987792969,314.45001220703125,315.7699890136719,275.33514404296875,3920600
2021-05-24,316.8399963378906,318.739990234375,314.5899963378906,314.8399963378906,274.5242004394531,2930600
2021-05-25,315.5299987792969,317.1000061035156,314.25,316.75,276.189697265625,3523300
2021-05-26,317.80999755859375,321.3800048828125,316.67999267578125,317.3299865722656,276.6954345703125,2881600
2021-05-27,317.29998779296875,320.4100036621094,317.29998779296875,318.7699890136719,277.9510498046875,3734800
2021-05-28,320.3699951171875,321.510009765625,318.8500061035156,318.9100036621094,278.0730895996094,3194000
2021-06-01,320.6600036621094,321.260009765625,315.1700134277344,316.30999755859375,275.8059997558594,3549800
2021-06-02,315.4800109863281,316.9800109863281,312.4100036621094,313.2300109863281,274.5525817871094,3380100
2021-06-03,311.0,312.92999267578125,309.69000244140625,311.42999267578125,272.97479248046875,2652500
2021-06-04,312.1099853515625,313.45001220703125,309.3500061035156,311.010009765625,272.60675048828125,2638700
2021-06-07,311.1199951171875,312.3299865722656,307.8800048828125,309.9599914550781,271.6863708496094,3974800
2021-06-08,311.2699890136719,312.2900085449219,308.9800109863281,310.8999938964844,272.5101623535156,2913500
2021-06-09,311.45001220703125,312.9800109863281,306.8999938964844,307.3399963378906,269.3898620605469,3603700
2021-06-10,307.6499938964844,309.6499938964844,306.1400146484375,308.30999755859375,270.24017333984375,3286300
2021-06-11,309.2699890136719,311.239990234375,308.3500061035156,310.7699890136719,272.3962707519531,2785100
2021-06-14,308.92999267578125,310.05999755859375,306.2200012207031,309.32000732421875,271.1253967285156,3393500
2021-06-15,308.75,308.95001220703125,303.489990234375,306.45001220703125,268.60980224609375,5270600
2021-06-16,306.69000244140625,307.3500061035156,301.1700134277344,302.7799987792969,265.3929138183594,4492500
2021-06-17,303.04998779296875,305.2099914550781,300.0299987792969,303.1199951171875,265.69091796875,4481100
2021-06-18,299.25,303.8299865722656,298.3999938964844,302.6099853515625,265.24395751953125,8792700
2021-06-21,305.25,308.7200012207031,304.8699951171875,307.6000061035156,269.6177673339844,3774200
2021-06-22,309.1300048828125,314.9100036621094,308.29998779296875,312.7099914550781,274.0968017578125,4418400
2021-06-23,312.0199890136719,313.6600036621094,310.6300048828125,311.6700134277344,273.185302734375,2564500
2021-06-24,313.1199951171875,314.8399963378906,311.6700134277344,311.8399963378906,273.3342590332031,2649200
2021-06-25,312.239990234375,315.4599914550781,311.54998779296875,313.6300048828125,274.9031677246094,11733500
2021-06-28,313.6600036621094,315.2699890136719,311.3699951171875,314.2799987792969,275.4729309082031,2635400
2021-06-29,315.7900085449219,320.29998779296875,315.55999755859375,318.239990234375,278.94390869140625,3150100
2021-06-30,317.94000244140625,320.2900085449219,317.69000244140625,318.8900146484375,279.5137023925781,3061500
2021-07-01,319.9100036621094,321.69000244140625,318.5,321.5400085449219,281.8364562988281,2578000
2021-07-02,322.5299987792969,323.1199951171875,321.3500061035156,322.70001220703125,282.8531494140625,2201600
2021-07-06,322.8299865722656,323.8299865722656,316.79998779296875,319.260009765625,279.8380126953125,3109500
2021-07-07,318.489990234375,324.4200134277344,318.25,323.4800109863281,283.5369567871094,2939900
2021-07-08,319.07000732421875,320.3299865722656,314.79998779296875,318.5400085449219,279.2069396972656,3663000
2021-07-09,320.5400085449219,323.30999755859375,320.17999267578125,322.0899963378906,282.3185119628906,2587400
2021-07-12,321.07000732421875,324.0,320.5299987792969,321.739990234375,282.01171875,2521800
2021-07-13,322.44000244140625,323.2900085449219,316.8299865722656,317.04998779296875,277.90093994140625,3213800
2021-07-14,318.75,320.05999755859375,318.010009765625,319.2200012207031,279.8028869628906,3381600
2021-07-15,317.3800048828125,322.9599914550781,317.3599853515625,322.7099914550781,282.86199951171875,2603900
2021-07-16,324.0,326.2799987792969,321.3999938964844,321.5400085449219,281.8364562988281,3623700
2021-07-19,317.989990234375,319.0,314.9100036621094,318.8699951171875,279.4962158203125,3752600
2021-07-20,318.5,326.1300048828125,318.2699890136719,325.3500061035156,285.17596435546875,4251700
2021-07-21,327.6000061035156,328.4700012207031,324.9700012207031,326.3599853515625,286.0613098144531,2832600
2021-07-22,327.94000244140625,327.9700012207031,325.3299865722656,326.6600036621094,286.32427978515625,2208100
2021-07-23,329.4700012207031,333.45001220703125,327.94000244140625,332.8399963378906,291.7411193847656,2786400
2021-07-26,330.07000732421875,331.55999755859375,326.8800048828125,331.17999267578125,290.2861328125,2752000
2021-07-27,331.7900085449219,331.8800048828125,326.05999755859375,327.260009765625,286.85015869140625,2910300
2021-07-28,326.4200134277344,329.3299865722656,324.7099914550781,325.5199890136719,285.3250427246094,2376200
2021-07-29,326.489990234375,328.55999755859375,325.44000244140625,327.42999267578125,286.9991760253906,2172400
2021-07-30,326.8500061035156,330.1099853515625,326.3399963378906,328.19000244140625,287.6653137207031,2381200
2021-08-02,330.0,330.0,326.4200134277344,327.2200012207031,286.8150939941406,2016400
2021-08-03,328.3500061035156,333.010009765625,328.0299987792969,331.94000244140625,290.9523010253906,2405900
2021-08-04,330.69000244140625,331.9200134277344,329.3900146484375,330.30999755859375,289.52362060546875,1783700
2021-08-05,331.9599914550781,336.0,331.0899963378906,333.1099853515625,291.977783203125,2284000
2021-08-06,334.69000244140625,335.7099914550781,329.1199951171875,329.8399963378906,289.1116027832031,2656600
2021-08-09,329.2300109863281,331.07000732421875,327.32000732421875,328.760009765625,288.1649169921875,1995300
2021-08-10,328.6700134277344,333.239990234375,327.1499938964844,331.4800109863281,290.549072265625,1868100
2021-08-11,333.79998779296875,338.54998779296875,333.3999938964844,337.0,295.3874816894531,3258600
2021-08-12,337.3500061035156,338.1700134277344,332.2799987792969,334.0199890136719,292.7754211425781,2554200
2021-08-13,333.8599853515625,335.79998779296875,330.9800109863281,331.32000732421875,290.40887451171875,2217000
2021-08-16,330.7099914550781,335.6300048828125,327.9700012207031,335.04998779296875,293.6782531738281,3496300
2021-08-17,321.0,323.5899963378906,316.6099853515625,320.75,281.1440124511719,9322800
2021-08-18,319.3399963378906,327.8599853515625,319.0,321.54998779296875,281.8452453613281,4880600
2021-08-19,318.7900085449219,325.19000244140625,317.79998779296875,322.8999938964844,283.028564453125,2974700
2021-08-20,322.6400146484375,329.67999267578125,322.4700012207031,329.239990234375,288.585693359375,2929900
2021-08-23,330.0,330.5299987792969,327.3800048828125,327.739990234375,287.2709655761719,2792700
2021-08-24,328.760009765625,328.8399963378906,324.510009765625,324.8999938964844,284.7816162109375,2359500
2021-08-25,324.1499938964844,326.55999755859375,323.1099853515625,323.8800048828125,283.88751220703125,2586900
2021-08-26,323.2099914550781,324.989990234375,321.0,321.4800109863281,281.78387451171875,2952300
2021-08-27,320.8800048828125,324.04998779296875,319.6499938964844,323.3800048828125,283.44921875,2985400
2021-08-30,325.9100036621094,329.5,325.2099914550781,327.1000061035156,286.7099304199219,2926900
2021-08-31,327.0,328.2699890136719,323.6199951171875,326.17999267578125,285.9035339355469,4183100
2021-09-01,325.55999755859375,325.7799987792969,320.2799987792969,323.6400146484375,285.1195068359375,3339100
2021-09-02,325.0299987792969,328.17999267578125,323.70001220703125,327.739990234375,288.7315368652344,3109000
2021-09-03,325.3299865722656,330.8999938964844,325.1600036621094,330.3399963378906,291.0220031738281,2774800
2021-09-07,331.0299987792969,332.55999755859375,326.8999938964844,328.95001220703125,289.7975158691406,2555200
2021-09-08,328.95001220703125,331.92999267578125,327.6300048828125,331.5799865722656,292.1143798828125,2219500
2021-09-09,332.45001220703125,333.7300109863281,330.8699951171875,331.7699890136719,292.28179931640625,3011900
2021-09-10,334.0,335.2300109863281,331.45001220703125,331.95001220703125,292.4403991699219,3178600
2021-09-13,334.95001220703125,337.1499938964844,332.75,335.45001220703125,295.5238037109375,3908700
2021-09-14,336.0299987792969,337.489990234375,332.4200134277344,333.1199951171875,293.47113037109375,2857200
2021-09-15,333.3599853515625,334.6700134277344,330.1000061035156,333.3699951171875,293.6912841796875,2875500
2021-09-16,334.7200012207031,337.8399963378906,334.1700134277344,336.3900146484375,296.3518981933594,3043800
2021-09-17,334.95001220703125,339.6499938964844,334.95001220703125,335.6700134277344,295.7176208496094,7098400
2021-09-20,331.8299865722656,335.3900146484375,328.42999267578125,331.2099914550781,291.7884521484375,4036600
2021-09-21,333.0299987792969,336.9700012207031,332.0,334.2200012207031,294.4402160644531,3171100
2021-09-22,335.8500061035156,339.0,333.4599914550781,335.92999267578125,295.94659423828125,2872800
2021-09-23,337.8399963378906,339.5199890136719,335.6000061035156,335.9100036621094,295.9290466308594,2426600
2021-09-24,336.7799987792969,337.8399963378906,335.54998779296875,337.489990234375,297.32098388671875,2004900
2021-09-27,336.8699951171875,343.739990234375,336.8699951171875,341.4100036621094,300.7744140625,2966100
2021-09-28,341.3699951171875,341.3699951171875,332.4599914550781,333.79998779296875,294.07012939453125,3304100
2021-09-29,333.3599853515625,338.8800048828125,333.3599853515625,336.92999267578125,296.82763671875,2424000
2021-09-30,338.239990234375,338.7099914550781,327.6300048828125,328.260009765625,289.1895446777344,4255000
2021-10-01,328.1499938964844,332.7300109863281,324.5799865722656,329.8599853515625,290.5991516113281,2814200
2021-10-04,328.5,330.6099853515625,324.1600036621094,326.4700012207031,287.61260986328125,2919900
2021-10-05,326.8999938964844,332.19000244140625,326.3299865722656,329.4800109863281,290.2643127441406,2514300
2021-10-06,328.1600036621094,330.6499938964844,325.3999938964844,330.3599853515625,291.0396423339844,2226800
2021-10-07,333.5,339.2200012207031,332.8599853515625,337.4800109863281,297.3122253417969,2789500
2021-10-08,333.0,335.4100036621094,330.8800048828125,334.3399963378906,294.5458984375,2912200
2021-10-11,335.6000061035156,340.8599853515625,334.6000061035156,336.9700012207031,296.8628845214844,2589100
2021-10-12,339.1400146484375,341.04998779296875,337.3999938964844,337.79998779296875,297.5940856933594,2960300
2021-10-13,337.32000732421875,340.239990234375,336.54998779296875,338.2799987792969,298.0169372558594,2477400
2021-10-14,340.5299987792969,344.3699951171875,340.1000061035156,344.04998779296875,303.10015869140625,2824300
2021-10-15,346.5400085449219,350.95001220703125,345.75,350.4100036621094,308.70318603515625,3473500
2021-10-18,349.0,355.95001220703125,349.0,355.010009765625,312.75567626953125,3487500
2021-10-19,356.94000244140625,358.0899963378906,354.4200134277344,357.989990234375,315.3809814453125,2375600
2021-10-20,357.739990234375,359.57000732421875,356.2099914550781,358.2300109863281,315.5924987792969,2574800
2021-10-21,358.20001220703125,364.8500061035156,358.1199951171875,364.6199951171875,321.22186279296875,2885400
2021-10-22,365.0,367.0299987792969,362.1499938964844,365.989990234375,322.42877197265625,2734700
2021-10-25,367.20001220703125,371.6600036621094,365.989990234375,371.260009765625,327.0716247558594,2923400
2021-10-26,373.3900146484375,374.04998779296875,369.0799865722656,369.20001220703125,325.25677490234375,2989500
2021-10-27,369.8699951171875,375.1499938964844,369.30999755859375,372.32000732421875,328.00543212890625,2840300
2021-10-28,373.0,373.94000244140625,370.8900146484375,371.57000732421875,327.3446350097656,2553500
2021-10-29,370.3299865722656,375.1499938964844,370.0299987792969,371.739990234375,327.4945373535156,3820200
2021-11-01,373.0,373.57000732421875,364.70001220703125,366.4800109863281,322.8605041503906,3380500
2021-11-02,366.20001220703125,368.8900146484375,364.94000244140625,367.2900085449219,323.5741271972656,2367100
2021-11-03,366.6300048828125,369.3599853515625,365.25,368.9700012207031,325.0540771484375,2378800
2021-11-04,370.7799987792969,373.2300109863281,369.4100036621094,372.17999267578125,327.8821105957031,3210000
2021-11-05,373.80999755859375,374.4100036621094,367.57000732421875,368.3999938964844,324.55194091796875,3090200
2021-11-08,370.2200012207031,372.9100036621094,367.8500061035156,368.5899963378906,324.7193603515625,2357200
2021-11-09,369.6700134277344,373.8800048828125,368.7099914550781,370.6499938964844,326.53424072265625,2183300
2021-11-10,368.25,371.2099914550781,367.7200012207031,368.5799865722656,324.7105712890625,2161400
2021-11-11,371.0,372.0,365.8299865722656,367.6300048828125,323.87359619140625,2387300
2021-11-12,369.1199951171875,373.5,366.70001220703125,372.6300048828125,328.2785339355469,2793300
2021-11-15,374.3900146484375,374.8699951171875,369.2900085449219,371.0799865722656,326.9129943847656,3650600
2021-11-16,382.0,394.3800048828125,379.0,392.3299865722656,345.6337585449219,8648200
2021-11-17,392.8299865722656,399.42999267578125,390.80999755859375,394.8500061035156,347.85382080078125,4647000
2021-11-18,398.0,406.5400085449219,396.0899963378906,405.8500061035156,357.5445556640625,4503700
2021-11-19,407.6300048828125,410.1000061035156,404.1099853515625,408.69000244140625,360.04656982421875,3542000
2021-11-22,409.79998779296875,416.55999755859375,408.70001220703125,408.7900085449219,360.1346740722656,4006400
2021-11-23,405.6700134277344,409.67999267578125,403.010009765625,408.3699951171875,359.7646484375,3557000
2021-11-24,403.6600036621094,412.75,402.8800048828125,412.1099853515625,363.05950927734375,2676300
2021-11-26,407.260009765625,414.1400146484375,402.25,402.70001220703125,354.7695617675781,3007800
2021-11-29,406.8999938964844,410.80999755859375,406.0400085449219,406.82000732421875,358.399169921875,3725500
2021-11-30,403.5899963378906,408.42999267578125,400.25,400.6099853515625,352.92828369140625,7773500
2021-12-01,402.0799865722656,410.25,400.2200012207031,400.4200134277344,354.2198486328125,3516200
2021-12-02,401.80999755859375,410.70001220703125,401.0,407.7699890136719,360.7217102050781,3705000
2021-12-03,409.8500061035156,415.92999267578125,404.45001220703125,407.80999755859375,360.75714111328125,5237500
2021-12-06,413.5199890136719,420.6099853515625,411.2200012207031,415.70001220703125,367.73681640625,4624500
2021-12-07,417.0,418.55999755859375,413.0199890136719,416.17999267578125,368.1614990234375,4204500
2021-12-08,416.17999267578125,419.8500061035156,408.2799987792969,411.25,363.8001708984375,4079400
2021-12-09,410.79998779296875,415.25,408.2900085449219,411.3399963378906,363.8799133300781,3822900
2021-12-10,412.19000244140625,415.6099853515625,410.260009765625,415.3999938964844,367.471435546875,2625200
2021-12-13,415.3999938964844,416.5,404.510009765625,405.239990234375,358.4837341308594,3766400
2021-12-14,403.45001220703125,405.67999267578125,398.0799865722656,402.20001220703125,355.7945251464844,4662800
2021-12-15,400.6199951171875,407.92999267578125,399.3900146484375,407.80999755859375,360.75714111328125,4421400
2021-12-16,408.3999938964844,408.8699951171875,398.1199951171875,399.5299987792969,353.4324645996094,4632800
2021-12-17,396.9700012207031,397.9800109863281,387.4200134277344,387.9800109863281,343.2151184082031,11097500
2021-12-20,384.2900085449219,390.1700134277344,380.8999938964844,389.3999938964844,344.4713134765625,4294800
2021-12-21,391.6300048828125,393.760009765625,383.239990234375,390.4700012207031,345.4178466796875,3038200
2021-12-22,391.0,395.7699890136719,388.8599853515625,395.6400146484375,349.9913635253906,3267800
2021-12-23,398.2900085449219,399.8399963378906,394.6199951171875,397.07000732421875,351.2563781738281,2743900
2021-12-27,399.0400085449219,404.45001220703125,398.2099914550781,404.0899963378906,357.46630859375,2228300
2021-12-28,404.989990234375,407.0199890136719,403.0,406.2200012207031,359.3506164550781,2521400
2021-12-29,406.3800048828125,412.3699951171875,406.30999755859375,410.8399963378906,363.4375305175781,2209300
2021-12-30,411.8500061035156,413.44000244140625,408.3999938964844,409.94000244140625,362.6413879394531,1804400
2021-12-31,409.989990234375,416.5299987792969,409.8900146484375,415.010009765625,367.1263732910156,2386100
2022-01-03,416.57000732421875,417.8399963378906,403.260009765625,408.6400146484375,361.4914245605469,3715700
2022-01-04,408.6400146484375,413.6099853515625,408.19000244140625,412.8399963378906,365.2068176269531,3266500
2022-01-05,414.0,414.2200012207031,406.80999755859375,407.239990234375,360.2529296875,4443200
2022-01-06,408.55999755859375,409.07000732421875,403.0199890136719,405.760009765625,358.9436950683594,3315100
2022-01-07,403.3599853515625,404.0899963378906,392.8800048828125,393.6099853515625,348.1955261230469,4520700
2022-01-10,387.3999938964844,387.5899963378906,380.9100036621094,387.4599914550781,342.75506591796875,6440000
2022-01-11,388.07000732421875,391.8399963378906,384.32000732421875,386.6700134277344,342.0562744140625,4385400
2022-01-12,388.2900085449219,393.45001220703125,386.3800048828125,389.3999938964844,344.4713134765625,3623300
2022-01-13,392.510009765625,394.30999755859375,385.8599853515625,386.9800109863281,342.3305358886719,3466300
2022-01-14,381.3299865722656,382.010009765625,371.5,372.0,329.0788879394531,6336200
2022-01-18,366.1000061035156,368.0899963378906,360.0299987792969,366.7200012207031,324.4080810546875,6435200
2022-01-19,367.17999267578125,368.70001220703125,359.4100036621094,359.69000244140625,318.189208984375,5175100
2022-01-20,361.3299865722656,361.8500061035156,349.0199890136719,349.5799865722656,309.2456970214844,5440600
2022-01-21,351.7200012207031,360.0899963378906,347.17999267578125,349.1000061035156,308.82110595703125,7718400
2022-01-24,343.7799987792969,364.3800048828125,343.6099853515625,363.80999755859375,321.8338928222656,8584300
2022-01-25,358.1400146484375,361.5199890136719,352.19000244140625,358.9800109863281,317.5611267089844,5536700
2022-01-26,360.0,365.8999938964844,354.45001220703125,357.2799987792969,316.0572814941406,6103300
2022-01-27,360.42999267578125,364.1199951171875,353.9100036621094,356.42999267578125,315.3053283691406,3941000
2022-01-28,360.1700134277344,366.7200012207031,352.8399963378906,366.5400085449219,324.2488708496094,4551300
2022-01-31,364.80999755859375,367.4100036621094,362.2099914550781,366.9800109863281,324.6380920410156,4084600
2022-02-01,369.4700012207031,370.69000244140625,362.3699951171875,368.70001220703125,326.15966796875,3406800
2022-02-02,368.3800048828125,374.6700134277344,367.760009765625,373.7300109863281,330.6092834472656,3839300
2022-02-03,370.19000244140625,372.1199951171875,363.20001220703125,364.80999755859375,322.718505859375,4009700
2022-02-04,363.5,364.6700134277344,354.25,359.6700134277344,318.1714782714844,3728100
2022-02-07,360.260009765625,361.79998779296875,355.44000244140625,357.3500061035156,316.1191711425781,2809300
2022-02-08,357.3500061035156,362.9800109863281,354.79998779296875,361.44000244140625,319.7373046875,3225100
2022-02-09,365.30999755859375,367.4599914550781,363.0,364.3699951171875,322.32916259765625,2777500
2022-02-10,358.8399963378906,363.0,352.8699951171875,355.0899963378906,314.11993408203125,4291800
2022-02-11,354.69000244140625,357.3399963378906,348.55999755859375,350.2900085449219,309.8737487792969,3308700
2022-02-14,348.0,352.9100036621094,346.8299865722656,351.55999755859375,310.9972229003906,3654300
2022-02-15,355.55999755859375,357.4200134277344,351.3800048828125,353.260009765625,312.5011901855469,3552500
2022-02-16,351.5,352.8599853515625,345.7200012207031,350.0899963378906,309.6968688964844,3594900
2022-02-17,348.989990234375,352.30999755859375,347.3900146484375,347.94000244140625,307.7948913574219,3927000
2022-02-18,348.3900146484375,350.6000061035156,344.1000061035156,346.8699951171875,306.84832763671875,5526100
2022-02-22,335.0899963378906,336.69000244140625,312.3500061035156,316.1700134277344,279.6905212402344,19752800
2022-02-23,319.32000732421875,320.3999938964844,307.1000061035156,308.45001220703125,272.86126708984375,11026000
2022-02-24,300.0,313.44000244140625,299.2900085449219,313.239990234375,277.09857177734375,8416700
2022-02-25,313.17999267578125,317.44000244140625,307.57000732421875,316.6499938964844,280.1151123046875,6510600
2022-02-28,312.9700012207031,316.0799865722656,310.4800109863281,315.8299865722656,279.3897705078125,5735100
2022-03-01,314.5899963378906,322.42999267578125,313.760009765625,320.25,283.2998046875,5640900
2022-03-02,321.05999755859375,331.19000244140625,319.67999267578125,327.3699951171875,289.5982666015625,5645600
2022-03-03,329.19000244140625,330.67999267578125,322.8299865722656,324.3599853515625,286.9355163574219,3858400
2022-03-04,322.2099914550781,326.6600036621094,319.510009765625,324.260009765625,286.84716796875,3630900
2022-03-07,324.260009765625,329.6000061035156,320.1099853515625,322.7699890136719,285.529052734375,4670000
2022-03-08,319.75,328.489990234375,315.95001220703125,316.739990234375,280.1947021484375,5092500
2022-03-09,320.0,322.4599914550781,316.9200134277344,317.20001220703125,282.2950744628906,4443600
2022-03-10,314.3599853515625,318.260009765625,308.75,317.94000244140625,282.95355224609375,3895200
2022-03-11,319.2799987792969,321.7900085449219,316.2300109863281,316.7900085449219,281.93011474609375,2973300
2022-03-14,322.9100036621094,324.0,316.2099914550781,318.3599853515625,283.327392578125,3604200
2022-03-15,320.3500061035156,330.17999267578125,320.3299865722656,328.5400085449219,292.38720703125,3775300
2022-03-16,331.5799865722656,333.95001220703125,324.2300109863281,330.9100036621094,294.49639892578125,3942400
2022-03-17,329.1400146484375,336.3599853515625,327.8399963378906,336.3599853515625,299.3467102050781,3123200
2022-03-18,333.6300048828125,340.739990234375,332.30999755859375,340.739990234375,303.2447509765625,9409600
2022-03-21,338.0400085449219,340.69000244140625,327.0799865722656,329.3699951171875,293.1258239746094,4521200
2022-03-22,329.32000732421875,331.29998779296875,324.010009765625,329.7300109863281,293.4462585449219,4852800
2022-03-23,326.8999938964844,328.19000244140625,315.8500061035156,317.04998779296875,282.1615905761719,5207700
2022-03-24,317.1499938964844,319.3999938964844,314.29998779296875,315.7799987792969,281.03131103515625,4599900
2022-03-25,318.4800109863281,318.79998779296875,308.29998779296875,310.67999267578125,276.49249267578125,5176500
2022-03-28,311.0,314.3500061035156,309.2300109863281,314.2799987792969,279.6964416503906,3936600
2022-03-29,316.9100036621094,321.0,312.9200134277344,317.7099914550781,282.7489318847656,5306100
2022-03-30,313.1099853515625,315.239990234375,306.1000061035156,308.4599914550781,274.51678466796875,7223800
2022-03-31,306.2099914550781,307.9599914550781,298.8900146484375,299.3299865722656,266.3914489746094,11044600
2022-04-01,300.5,303.3699951171875,298.8999938964844,301.8900146484375,268.66973876953125,5554600
2022-04-04,301.489990234375,306.4800109863281,299.57000732421875,305.5799865722656,271.9537048339844,4659500
2022-04-05,306.260009765625,309.1000061035156,302.2099914550781,304.8599853515625,271.3129577636719,4376100
2022-04-06,298.0899963378906,300.6600036621094,294.989990234375,298.5400085449219,265.6884460449219,6499900
2022-04-07,296.7900085449219,304.5899963378906,293.5899963378906,302.75,269.43511962890625,5241000
2022-04-08,301.4599914550781,312.2900085449219,301.2799987792969,311.1099853515625,276.875244140625,5741900
2022-04-11,307.80999755859375,314.1700134277344,305.92999267578125,306.7200012207031,272.96832275390625,4100600
2022-04-12,309.44000244140625,313.2900085449219,305.1000061035156,306.2900085449219,272.5855712890625,4122600
2022-04-13,306.1099853515625,311.70001220703125,305.7200012207031,310.4200134277344,276.26116943359375,3185300
2022-04-14,310.8299865722656,312.25,304.3299865722656,304.5199890136719,271.0103454589844,4569200
2022-04-18,303.0,306.2900085449219,298.7200012207031,300.2099914550781,267.1746520996094,3192400
2022-04-19,300.6099853515625,308.1300048828125,299.80999755859375,307.79998779296875,273.929443359375,3389700
2022-04-20,311.0,316.1000061035156,309.75,315.1400146484375,280.4617919921875,4720800
2022-04-21,317.0,318.3999938964844,309.739990234375,310.3599853515625,276.2076721191406,3014200
2022-04-22,309.82000732421875,309.82000732421875,299.7799987792969,300.1099853515625,267.0856018066406,4043200
2022-04-25,300.0,305.1600036621094,296.2699890136719,304.94000244140625,271.3841247558594,4396900
2022-04-26,302.25,307.55999755859375,299.7200012207031,299.9599914550781,266.95208740234375,3415200
2022-04-27,301.29998779296875,306.4200134277344,299.1199951171875,301.6000061035156,268.4117431640625,3446200
2022-04-28,304.75,314.5400085449219,303.010009765625,311.760009765625,277.4537658691406,4149500
2022-04-29,308.1499938964844,311.7200012207031,299.7099914550781,300.3999938964844,267.3436584472656,4878200
2022-05-02,301.989990234375,308.7900085449219,299.9100036621094,306.9700012207031,273.19073486328125,4233900
2022-05-03,305.69000244140625,309.0,303.0199890136719,304.9599914550781,271.40191650390625,3336600
2022-05-04,304.0799865722656,315.75,302.92999267578125,315.30999755859375,280.6130065917969,4021300
2022-05-05,311.0,311.3599853515625,293.7099914550781,299.1099853515625,266.1956481933594,4959600
2022-05-06,296.29998779296875,296.75,289.4100036621094,294.30999755859375,261.9238586425781,4325300
2022-05-09,290.2799987792969,300.739990234375,288.5,297.0299987792969,264.3445129394531,5243600
2022-05-10,298.4599914550781,301.07000732421875,287.6600036621094,291.1600036621094,259.1205749511719,4392900
2022-05-11,291.45001220703125,293.3299865722656,282.57000732421875,282.9599914550781,251.82278442382812,3880500
2022-05-12,281.57000732421875,293.17999267578125,280.6300048828125,289.69000244140625,257.812255859375,4447700
2022-05-13,289.95001220703125,299.4200134277344,288.45001220703125,296.0299987792969,263.45458984375,3949100
2022-05-16,294.0799865722656,299.57000732421875,289.7900085449219,295.989990234375,263.4190673828125,4267900
2022-05-17,306.5,310.94000244140625,290.8999938964844,300.95001220703125,267.83319091796875,12425900
2022-05-18,293.0,295.44000244140625,281.17999267578125,285.17999267578125,253.79856872558594,7799500
2022-05-19,285.5,292.5,284.9599914550781,287.760009765625,256.0946044921875,5211500
2022-05-20,289.82000732421875,290.5,279.5899963378906,287.19000244140625,255.58738708496094,5621800
2022-05-23,289.0899963378906,290.3399963378906,280.32000732421875,286.0299987792969,254.55506896972656,4305600
2022-05-24,284.0,289.32000732421875,280.6499938964844,287.9200134277344,256.237060546875,4241900
2022-05-25,285.80999755859375,295.489990234375,285.6600036621094,293.57000732421875,261.26531982421875,4612900
2022-05-26,297.32000732421875,305.6300048828125,297.0,302.80999755859375,269.4885559082031,4170800
2022-05-27,303.5400085449219,308.5,301.6000061035156,308.4599914550781,274.51678466796875,3899300
2022-05-31,306.6000061035156,307.8699951171875,300.8299865722656,302.75,269.43511962890625,5966600
2022-06-01,301.739990234375,302.9800109863281,297.0299987792969,297.19000244140625,266.1573181152344,3080800
2022-06-02,298.80999755859375,306.0299987792969,295.8900146484375,305.8699951171875,273.9309387207031,4086400
2022-06-03,303.3299865722656,308.4599914550781,301.8999938964844,305.0799865722656,273.223388671875,2956600
2022-06-06,305.55999755859375,307.6099853515625,303.25,303.8900146484375,272.15777587890625,2562000
2022-06-07,295.05999755859375,302.3800048828125,292.6000061035156,301.7699890136719,270.2590637207031,3547800
2022-06-08,299.7799987792969,300.5799865722656,295.67999267578125,297.5299987792969,266.4618225097656,3003100
2022-06-09,297.760009765625,306.8800048828125,297.3500061035156,299.8599853515625,268.5484924316406,4168400
2022-06-10,291.5,296.5,288.6400146484375,289.239990234375,259.0374450683594,4623900
2022-06-13,284.3599853515625,286.82000732421875,281.2799987792969,283.1600036621094,253.5923309326172,4704600
2022-06-14,283.2099914550781,286.3800048828125,276.5899963378906,278.6700134277344,249.5712127685547,3987000
2022-06-15,281.0,283.5899963378906,275.4700012207031,279.7300109863281,250.5205841064453,4050400
2022-06-16,274.9200134277344,276.1099853515625,269.7300109863281,273.4599914550781,244.9052734375,6181000
2022-06-17,271.0,276.6199951171875,270.3900146484375,270.7300109863281,242.46031188964844,10775600
2022-06-21,273.69000244140625,273.9200134277344,267.4200134277344,269.20001220703125,241.09010314941406,5498400
2022-06-22,266.3900146484375,271.7699890136719,264.510009765625,268.9800109863281,240.89303588867188,4678400
2022-06-23,270.0,275.5899963378906,269.8900146484375,275.4200134277344,246.6605682373047,3747500
2022-06-24,277.4700012207031,283.4599914550781,273.9200134277344,283.0,253.44903564453125,10310700
2022-06-27,284.4599914550781,285.0,281.489990234375,282.69000244140625,253.17138671875,2538600
2022-06-28,283.7799987792969,285.6000061035156,269.82000732421875,270.1499938964844,241.94085693359375,4052100
2022-06-29,271.5799865722656,276.1600036621094,268.80999755859375,273.8699951171875,245.27244567871094,2460500
2022-06-30,270.7300109863281,277.0400085449219,268.0400085449219,274.2699890136719,245.63063049316406,4058000
2022-07-01,275.7300109863281,280.75,274.54998779296875,279.0799865722656,249.93833923339844,2818300
2022-07-05,275.5,283.7300109863281,275.0299987792969,283.7300109863281,254.10279846191406,3241300
2022-07-06,284.989990234375,285.9200134277344,280.5199890136719,283.5799865722656,253.9684295654297,2206100
2022-07-07,282.8399963378906,286.9700012207031,281.45001220703125,286.69000244140625,256.7537536621094,3133900
2022-07-08,285.989990234375,287.989990234375,283.9100036621094,286.4700012207031,256.55670166015625,1891000
2022-07-11,285.17999267578125,289.5899963378906,285.1400146484375,286.3900146484375,256.4851379394531,2453200
2022-07-12,288.9700012207031,293.6400146484375,283.4100036621094,285.1199951171875,255.3477020263672,2696100
2022-07-13,281.6300048828125,289.7900085449219,279.760009765625,287.17999267578125,257.192626953125,2941600
2022-07-14,281.8500061035156,290.2900085449219,281.6499938964844,289.4800109863281,259.25238037109375,2822200
2022-07-15,294.80999755859375,295.45001220703125,290.95001220703125,292.4100036621094,261.8764343261719,2647200
2022-07-18,297.25,298.489990234375,292.0,293.04998779296875,262.44964599609375,2664000
2022-07-19,295.44000244140625,300.010009765625,293.30999755859375,299.8299865722656,268.5216979980469,2614900
2022-07-20,300.92999267578125,303.69000244140625,298.2799987792969,302.29998779296875,270.7337341308594,2533400
2022-07-21,302.8500061035156,305.25,298.8699951171875,305.0,273.1518249511719,1965000
2022-07-22,307.6600036621094,310.6700134277344,304.3599853515625,306.5899963378906,274.5758361816406,2391500
2022-07-25,306.79998779296875,307.42999267578125,303.8299865722656,306.1499938964844,274.18170166015625,1910500
2022-07-26,297.0,300.6400146484375,295.9100036621094,298.17999267578125,267.0439758300781,2690200
2022-07-27,298.2099914550781,300.30999755859375,291.7900085449219,298.9100036621094,267.6976623535156,3233700
2022-07-28,295.0,301.239990234375,293.1700134277344,299.6300048828125,268.3425598144531,3992100
2022-07-29,300.0,301.44000244140625,297.42999267578125,300.94000244140625,269.5157470703125,3236000
2022-08-01,300.6400146484375,308.45001220703125,300.010009765625,305.82000732421875,273.88616943359375,3303900
2022-08-02,305.3999938964844,305.6099853515625,300.010009765625,300.7099914550781,269.3097839355469,3091000
2022-08-03,303.3500061035156,308.07000732421875,300.3399963378906,306.3699951171875,274.3787841796875,3329400
2022-08-04,304.5400085449219,309.9700012207031,304.44000244140625,307.1700134277344,275.0952453613281,2718400
2022-08-05,305.3800048828125,309.7799987792969,304.5,309.69000244140625,277.35205078125,2029100
2022-08-08,311.8599853515625,315.79998779296875,310.44000244140625,311.9700012207031,279.3940124511719,2505100
2022-08-09,308.8900146484375,309.9599914550781,303.30999755859375,305.2099914550781,273.3398742675781,2607000
2022-08-10,309.5,312.9800109863281,309.04998779296875,311.5799865722656,279.0447082519531,3863400
2022-08-11,313.8399963378906,314.6199951171875,309.5799865722656,310.69000244140625,278.2476501464844,2444100
2022-08-12,312.6099853515625,314.92999267578125,310.17999267578125,314.8900146484375,282.00909423828125,2273800
2022-08-15,312.0400085449219,315.760009765625,310.1499938964844,314.6099853515625,281.75836181640625,3917300
2022-08-16,312.9800109863281,332.9800109863281,312.8800048828125,327.3800048828125,293.19488525390625,10089800
2022-08-17,328.0899963378906,329.5,324.07000732421875,325.760009765625,291.7441101074219,3162600
2022-08-18,324.9599914550781,327.94000244140625,322.2200012207031,325.2099914550781,291.2514953613281,2899600
2022-08-19,324.9700012207031,326.32000732421875,319.7699890136719,321.32000732421875,287.76763916015625,3489100
2022-08-22,318.0899963378906,319.739990234375,311.7099914550781,312.2099914550781,279.6089172363281,3144200
2022-08-23,311.2099914550781,311.5199890136719,305.6400146484375,306.8999938964844,274.8534240722656,3317500
2022-08-24,305.04998779296875,309.9800109863281,303.54998779296875,308.1099853515625,275.9370422363281,2495600
2022-08-25,308.6400146484375,309.9599914550781,305.8299865722656,309.7799987792969,277.4327087402344,2529700
2022-08-26,310.29998779296875,311.510009765625,298.0199890136719,298.1000061035156,266.97222900390625,3315500
2022-08-29,296.57000732421875,299.7099914550781,294.2900085449219,296.32000732421875,265.378173828125,2711800
2022-08-30,298.55999755859375,299.8999938964844,291.6700134277344,293.1000061035156,262.49444580078125,2892400
2022-08-31,292.010009765625,292.4700012207031,288.2799987792969,288.4200134277344,259.9884338378906,4376200
2022-09-01,288.3999938964844,293.5799865722656,286.7200012207031,293.3699951171875,264.45050048828125,3742500
2022-09-02,296.1099853515625,296.79998779296875,290.1199951171875,291.8999938964844,263.12542724609375,2753600
2022-09-06,293.2200012207031,294.5,287.260009765625,289.5400085449219,260.998046875,4110000
2022-09-07,290.44000244140625,297.70001220703125,290.29998779296875,297.4700012207031,268.14630126953125,3016000
2022-09-08,296.0,300.19000244140625,294.5400085449219,299.8999938964844,270.3367919921875,2703200
2022-09-09,299.4800109863281,302.489990234375,298.3299865722656,299.7699890136719,270.2196350097656,2769200
2022-09-12,300.79998779296875,302.8299865722656,296.3500061035156,297.5400085449219,268.2095031738281,3632900
2022-09-13,292.010009765625,294.0799865722656,277.32000732421875,277.92999267578125,250.53248596191406,4797200
2022-09-14,279.3999938964844,279.5400085449219,273.1700134277344,276.3399963378906,249.0992431640625,4194400
2022-09-15,277.8900146484375,278.010009765625,270.5400085449219,271.5400085449219,244.7724609375,3896100
2022-09-16,269.04998779296875,276.55999755859375,268.8999938964844,275.9700012207031,248.7657470703125,9535100
2022-09-19,273.5799865722656,281.2300109863281,273.510009765625,280.4200134277344,252.77706909179688,3047200
2022-09-20,276.8800048828125,278.7799987792969,271.3699951171875,274.1700134277344,247.14317321777344,2940700
2022-09-21,276.0,280.1300048828125,271.510009765625,271.57000732421875,244.79946899414062,3173500
2022-09-22,271.2200012207031,271.2200012207031,267.8500061035156,269.1400146484375,242.6090545654297,3515800
2022-09-23,267.8900146484375,271.29998779296875,266.32000732421875,270.94000244140625,244.23159790039062,3527900
2022-09-26,271.42999267578125,273.55999755859375,265.6099853515625,266.5799865722656,240.3013458251953,4181800
2022-09-27,269.3599853515625,273.69000244140625,266.9800109863281,268.69000244140625,242.20335388183594,3701000
2022-09-28,275.2200012207031,283.5,272.7099914550781,282.19000244140625,254.37261962890625,5816600
2022-09-29,278.510009765625,278.760009765625,274.7300109863281,278.3299865722656,250.8931121826172,4518600
2022-09-30,277.82000732421875,281.7900085449219,274.760009765625,275.94000244140625,248.7386474609375,4789100
2022-10-03,281.0,286.05999755859375,279.54998779296875,283.70001220703125,255.7337188720703,3580000
2022-10-04,287.5,291.30999755859375,286.55999755859375,289.55999755859375,261.01605224609375,3641300
2022-10-05,286.25,292.1099853515625,285.3699951171875,289.8500061035156,261.27740478515625,2728000
2022-10-06,289.55999755859375,292.9700012207031,287.7699890136719,290.3900146484375,261.7642517089844,2641500
2022-10-07,287.5299987792969,288.6300048828125,282.4200134277344,284.32000732421875,256.2925720214844,2406000
2022-10-10,283.55999755859375,284.8599853515625,280.2200012207031,282.4599914550781,254.61598205566406,2115400
2022-10-11,281.1000061035156,286.20001220703125,280.8999938964844,282.8900146484375,255.0035858154297,2771900
2022-10-12,284.4200134277344,284.6400146484375,280.489990234375,280.5199890136719,252.86721801757812,2258200
2022-10-13,274.6600036621094,284.8299865722656,268.7300109863281,282.8299865722656,254.9495086669922,3881600
2022-10-14,286.6400146484375,286.6400146484375,275.95001220703125,276.42999267578125,249.18035888671875,2783100
2022-10-17,279.6000061035156,283.8699951171875,279.3399963378906,281.260009765625,253.5343017578125,3426700
2022-10-18,287.95001220703125,289.8599853515625,283.2300109863281,285.05999755859375,256.9596862792969,3166500
2022-10-19,282.4700012207031,282.7699890136719,273.0199890136719,275.489990234375,248.3330535888672,4323000
2022-10-20,274.94000244140625,278.0,267.8699951171875,269.4599914550781,242.8974609375,3959500
2022-10-21,268.3399963378906,275.7099914550781,268.0,275.5299987792969,248.3690948486328,3429100
2022-10-24,276.9700012207031,284.4700012207031,276.9700012207031,283.260009765625,255.3371124267578,2937100
2022-10-25,285.510009765625,292.1300048828125,285.510009765625,290.260009765625,261.6470947265625,2791600
2022-10-26,290.6000061035156,291.8699951171875,286.1700134277344,290.1499938964844,261.54791259765625,2615000
2022-10-27,291.8500061035156,294.2699890136719,289.45001220703125,291.05999755859375,262.36822509765625,3041500
2022-10-28,290.0,299.1600036621094,290.0,298.6499938964844,269.2099914550781,3243100
2022-10-31,294.4100036621094,299.2799987792969,292.54998779296875,296.1300048828125,266.9384460449219,4210900
2022-11-01,300.3699951171875,302.2099914550781,293.3500061035156,296.05999755859375,266.8753662109375,3309100
2022-11-02,295.20001220703125,300.1700134277344,288.5199890136719,288.7300109863281,260.26788330078125,4426400
2022-11-03,283.57000732421875,285.95001220703125,280.510009765625,281.5,253.7505645751953,4823900
2022-11-04,285.8900146484375,288.8399963378906,277.5,284.0299987792969,256.03118896484375,4401600
2022-11-07,286.5,291.70001220703125,282.8399963378906,290.2699890136719,261.6560974121094,3260200
2022-11-08,292.42999267578125,293.3399963378906,287.6300048828125,291.1400146484375,262.4403381347656,3371800
2022-11-09,289.0,292.5,286.260009765625,286.75,258.4830322265625,3071400
2022-11-10,297.739990234375,314.739990234375,297.0799865722656,311.70001220703125,280.97357177734375,7794000
2022-11-11,312.0,317.67999267578125,310.239990234375,314.94000244140625,283.8941955566406,4945400
2022-11-14,314.3599853515625,315.9800109863281,306.3399963378906,306.9200134277344,276.66473388671875,6394800
2022-11-15,304.05999755859375,316.6300048828125,303.25,311.92999267578125,281.1809387207031,9290400
2022-11-16,305.8599853515625,316.4100036621094,304.510009765625,314.9100036621094,283.8671569824219,5249500
2022-11-17,312.0,313.67999267578125,306.1499938964844,311.44000244140625,280.7392578125,3642100
2022-11-18,314.1400146484375,316.0,310.260009765625,313.17999267578125,282.30767822265625,3559300
2022-11-21,316.9599914550781,318.8399963378906,314.20001220703125,316.7799987792969,285.5528564453125,4069000
2022-11-22,320.0,326.82000732421875,319.3800048828125,324.8800048828125,292.8543395996094,6054700
2022-11-23,326.760009765625,327.82000732421875,320.44000244140625,321.510009765625,289.8165283203125,4243400
2022-11-25,322.8900146484375,329.0799865722656,321.8999938964844,326.3800048828125,294.2064514160156,3393500
2022-11-28,325.05999755859375,328.79998779296875,317.8500061035156,318.9200134277344,287.4819030761719,4733700
2022-11-29,316.0,320.0,315.6199951171875,315.9599914550781,284.81365966796875,3505600
2022-11-30,312.92999267578125,324.19000244140625,311.5,323.989990234375,293.81890869140625,15106500
2022-12-01,326.30999755859375,329.6700134277344,324.44000244140625,327.07000732421875,296.61212158203125,3830100
2022-12-02,321.0799865722656,328.4800109863281,320.3299865722656,327.989990234375,297.4464111328125,3644100
2022-12-05,325.1499938964844,325.5199890136719,319.5400085449219,320.0799865722656,290.27301025390625,5057300
2022-12-06,319.6400146484375,321.6499938964844,314.5400085449219,317.45001220703125,287.887939453125,3341500
2022-12-07,315.9599914550781,322.8800048828125,314.44000244140625,320.1499938964844,290.3365478515625,4038200
2022-12-08,318.54998779296875,324.5199890136719,318.54998779296875,324.0899963378906,293.90960693359375,3483600
2022-12-09,321.4800109863281,324.44000244140625,319.92999267578125,320.4800109863281,290.63580322265625,3738800
2022-12-12,323.0,328.3399963378906,321.2900085449219,327.9800109863281,297.43743896484375,4900200
2022-12-13,344.3500061035156,347.25,329.9599914550781,332.8900146484375,301.8901672363281,5787700
2022-12-14,330.5299987792969,339.05999755859375,329.010009765625,333.42999267578125,302.37982177734375,4546000
2022-12-15,329.44000244140625,330.0199890136719,323.3699951171875,327.6000061035156,297.0927429199219,5056900
2022-12-16,323.42999267578125,327.94000244140625,319.239990234375,323.3399963378906,293.22943115234375,9615000
2022-12-19,319.5,321.9100036621094,316.0199890136719,317.3299865722656,287.7790832519531,3000600
2022-12-20,313.32000732421875,316.8900146484375,310.8299865722656,314.8399963378906,285.52099609375,2632200
2022-12-21,318.04998779296875,319.5899963378906,314.739990234375,319.3599853515625,289.6201171875,2610400
2022-12-22,316.3999938964844,316.3999938964844,310.7300109863281,316.1199951171875,286.68182373046875,3064400
2022-12-23,314.1499938964844,319.1000061035156,313.05999755859375,318.7300109863281,289.0487365722656,2064900
2022-12-27,318.4100036621094,321.54998779296875,317.510009765625,319.54998779296875,289.7923889160156,1610200
2022-12-28,320.54998779296875,321.42999267578125,315.5,315.7300109863281,286.32818603515625,1568200
2022-12-29,318.6499938964844,321.8299865722656,317.5899963378906,320.4100036621094,290.57232666015625,1559100
2022-12-30,317.489990234375,318.1700134277344,313.0199890136719,315.8599853515625,286.4460144042969,2581600
2023-01-03,317.4200134277344,319.2200012207031,311.7799987792969,315.9100036621094,286.4913635253906,2822400
2023-01-04,321.07000732421875,322.510009765625,316.3800048828125,319.7300109863281,289.9556579589844,3560900
2023-01-05,317.8299865722656,318.0799865722656,313.2300109863281,315.4700012207031,286.09234619140625,2935100
2023-01-06,316.2900085449219,318.8500061035156,309.0,317.5299987792969,287.9604797363281,4022500
2023-01-09,320.0,322.54998779296875,317.05999755859375,317.80999755859375,288.2144470214844,3466300
2023-01-10,316.29998779296875,320.7300109863281,313.9599914550781,320.6300048828125,290.7718200683594,2111300
2023-01-11,322.54998779296875,329.0400085449219,322.1199951171875,329.0,298.3624267578125,2864800
2023-01-12,332.2099914550781,332.2099914550781,326.7099914550781,329.8699951171875,299.15130615234375,2481800
2023-01-13,326.489990234375,332.3900146484375,326.0,331.2099914550781,300.3666076660156,2798600
2023-01-17,330.3299865722656,335.1600036621094,327.1000061035156,327.5299987792969,297.029296875,3988900
2023-01-18,330.0,334.5199890136719,322.92999267578125,323.69000244140625,293.546875,2952200
2023-01-19,320.3399963378906,321.3399963378906,310.6300048828125,310.8800048828125,281.9298400878906,5359300
2023-01-20,310.010009765625,315.239990234375,307.3900146484375,315.0,285.6661376953125,3725100
2023-01-23,313.5400085449219,317.5299987792969,311.0899963378906,315.4800109863281,286.10137939453125,3237900
2023-01-24,315.1199951171875,318.1000061035156,312.6300048828125,317.69000244140625,288.10565185546875,2127900
2023-01-25,315.3299865722656,318.1199951171875,311.54998779296875,317.260009765625,287.7156677246094,2060400
2023-01-26,314.1499938964844,319.260009765625,312.5299987792969,313.80999755859375,284.5868835449219,3555300
2023-01-27,312.0199890136719,318.239990234375,311.3299865722656,316.69000244140625,287.1986999511719,2761200
2023-01-30,315.8299865722656,318.1400146484375,313.69000244140625,314.239990234375,284.97686767578125,2643100
2023-01-31,315.989990234375,324.3500061035156,315.1000061035156,324.1700134277344,293.9822082519531,3526800
2023-02-01,322.3900146484375,330.54998779296875,317.6400146484375,328.0899963378906,297.5371398925781,3076500
2023-02-02,333.45001220703125,341.4700012207031,332.69000244140625,339.7900085449219,308.1474914550781,4776600
2023-02-03,332.5299987792969,334.7099914550781,330.3299865722656,331.5,300.6295166015625,3389700
2023-02-06,328.989990234375,331.010009765625,327.4599914550781,329.2699890136719,298.60723876953125,2229700
2023-02-07,324.0,327.0,320.7200012207031,325.20001220703125,294.91619873046875,3865500
2023-02-08,322.94000244140625,323.989990234375,319.57000732421875,320.7900085449219,290.9169616699219,2777200
2023-02-09,323.1000061035156,323.8900146484375,314.8299865722656,315.54998779296875,286.1649475097656,3063300
2023-02-10,313.8500061035156,317.20001220703125,312.75,316.5400085449219,287.0626220703125,2768800
2023-02-13,317.3399963378906,323.69000244140625,315.6099853515625,323.5299987792969,293.4017639160156,2432500
2023-02-14,320.6099853515625,322.9599914550781,315.6700134277344,318.42999267578125,288.7767028808594,3380800
2023-02-15,315.8800048828125,321.5299987792969,315.7900085449219,320.69000244140625,290.8263244628906,2585500
2023-02-16,315.0,323.739990234375,314.92999267578125,321.239990234375,291.3249816894531,3169200
2023-02-17,318.67999267578125,320.6000061035156,312.95001220703125,317.95001220703125,288.34136962890625,4985500
2023-02-21,305.54998779296875,308.010009765625,295.0299987792969,295.5,267.98199462890625,10891800
2023-02-22,297.54998779296875,300.3999938964844,295.0899963378906,296.29998779296875,268.70758056640625,5922100
2023-02-23,296.7900085449219,299.8800048828125,294.6199951171875,299.30999755859375,271.4372253417969,4354500
2023-02-24,292.3999938964844,298.3299865722656,292.0,296.6600036621094,269.0339660644531,3713300
2023-02-27,299.3599853515625,300.489990234375,295.0400085449219,296.010009765625,268.4445495605469,3238300
2023-02-28,295.0,298.70001220703125,294.30999755859375,296.5400085449219,268.9251708984375,3949500
2023-03-01,291.9200134277344,293.7200012207031,288.6600036621094,290.7900085449219,263.7106018066406,5905100
2023-03-02,288.4599914550781,294.1099853515625,287.2699890136719,293.0199890136719,265.7330017089844,4103700
2023-03-03,294.6400146484375,298.6099853515625,293.760009765625,298.45001220703125,270.65728759765625,4036700
2023-03-06,298.0,300.1099853515625,296.9800109863281,298.2099914550781,270.4396667480469,3763200
2023-03-07,299.05999755859375,299.05999755859375,290.4200134277344,290.70001220703125,263.6289978027344,4512400
2023-03-08,289.44000244140625,292.4599914550781,288.2699890136719,291.489990234375,266.25970458984375,4680300
2023-03-09,293.04998779296875,294.3699951171875,287.75,288.0,263.07183837890625,3248000
2023-03-10,288.55999755859375,293.1600036621094,284.1000061035156,286.30999755859375,261.5279846191406,4730900
2023-03-13,283.989990234375,292.3399963378906,282.6000061035156,286.5199890136719,261.7198791503906,3892100
2023-03-14,289.29998779296875,289.79998779296875,281.3900146484375,285.57000732421875,260.85211181640625,5116000
2023-03-15,283.95001220703125,289.1600036621094,282.6700134277344,287.9700012207031,263.0444030761719,4835500
2023-03-16,287.0,288.0299987792969,285.0,286.7300109863281,261.9117431640625,4400200
2023-03-17,287.82000732421875,291.95001220703125,286.260009765625,288.3900146484375,263.4280700683594,8342000
2023-03-20,287.42999267578125,289.8299865722656,286.6099853515625,289.260009765625,264.2227478027344,3677800
2023-03-21,291.42999267578125,292.8900146484375,287.6000061035156,289.42999267578125,264.3780212402344,4788200
2023-03-22,290.0899963378906,291.2099914550781,282.45001220703125,282.6099853515625,258.1483459472656,3723400
2023-03-23,285.260009765625,286.1099853515625,280.2200012207031,283.9100036621094,259.3358154296875,6005800
2023-03-24,282.55999755859375,284.92999267578125,280.8299865722656,283.0199890136719,258.5228576660156,3851000
2023-03-27,283.75,284.94000244140625,280.9100036621094,281.2699890136719,256.92425537109375,4269700
2023-03-28,280.79998779296875,283.2900085449219,279.92999267578125,280.82000732421875,256.5133056640625,3633300
2023-03-29,281.25,283.989990234375,281.25,283.3599853515625,258.8333740234375,3607500
2023-03-30,285.3599853515625,286.1000061035156,283.8500061035156,285.3599853515625,260.6602783203125,3432800
2023-03-31,286.989990234375,295.54998779296875,286.760009765625,295.1199951171875,269.5755310058594,5800600
2023-04-03,294.8699951171875,297.9700012207031,294.739990234375,297.7300109863281,271.9596252441406,4007600
2023-04-04,297.5,299.79998779296875,294.3999938964844,294.9599914550781,269.4293518066406,2965700
2023-04-05,295.0,295.7099914550781,288.4800109863281,288.6700134277344,263.683837890625,4002400
2023-04-06,287.25,289.7900085449219,284.239990234375,288.6099853515625,263.6289367675781,3193400
2023-04-10,286.1300048828125,292.6400146484375,285.6600036621094,291.1700134277344,265.9674377441406,2799900
2023-04-11,292.69000244140625,295.1000061035156,291.760009765625,293.7699890136719,268.3423156738281,2497000
2023-04-12,296.20001220703125,298.44000244140625,289.5799865722656,290.44000244140625,265.3005676269531,3341400
2023-04-13,290.8900146484375,292.4700012207031,286.3699951171875,292.1499938964844,266.8625793457031,3505800
2023-04-14,292.1499938964844,296.20001220703125,291.3800048828125,292.19000244140625,266.899169921875,2653200
2023-04-17,291.70001220703125,295.5,291.54998779296875,295.3999938964844,269.83123779296875,2621900
2023-04-18,296.32000732421875,299.239990234375,295.9200134277344,298.95001220703125,273.0740051269531,2847800
2023-04-19,296.45001220703125,298.2900085449219,295.04998779296875,296.9100036621094,271.2105407714844,2889300
2023-04-20,295.9700012207031,301.30999755859375,295.5,298.57000732421875,272.7268981933594,3371800
2023-04-21,301.6199951171875,303.20001220703125,299.3500061035156,300.0400085449219,274.06964111328125,3506700
2023-04-24,300.0,301.8999938964844,299.2200012207031,301.6400146484375,275.5311584472656,2515400
2023-04-25,301.5,302.69000244140625,296.1300048828125,296.3299865722656,270.6807861328125,4529500
2023-04-26,295.42999267578125,295.9700012207031,287.0799865722656,288.07000732421875,263.1357116699219,4037400
2023-04-27,288.0,294.7099914550781,287.79998779296875,293.92999267578125,268.4884338378906,3133600
2023-04-28,293.7699890136719,300.82000732421875,293.3800048828125,300.5400085449219,274.5263671875,4063400
2023-05-01,298.9800109863281,299.55999755859375,297.3699951171875,297.70001220703125,271.9322204589844,2970000
2023-05-02,298.44000244140625,298.6700134277344,291.04998779296875,294.2799987792969,268.8082275390625,3413200
2023-05-03,294.55999755859375,298.760009765625,292.5,293.0799865722656,267.7120666503906,2743400
2023-05-04,292.7200012207031,294.5899963378906,285.3299865722656,285.75,261.0165100097656,4422500
2023-05-05,287.1700134277344,290.8699951171875,286.1000061035156,289.6199951171875,264.55157470703125,3806600
2023-05-08,289.0,289.8399963378906,284.44000244140625,287.92999267578125,263.0078430175781,3736500
2023-05-09,286.1700134277344,291.05999755859375,285.760009765625,290.5799865722656,265.4284362792969,2570000
2023-05-10,291.7099914550781,293.57000732421875,285.9200134277344,289.0299987792969,264.01263427734375,3571000
2023-05-11,288.739990234375,289.45001220703125,285.0199890136719,287.69000244140625,262.78863525390625,3859700
2023-05-12,288.0,290.9700012207031,287.45001220703125,290.4700012207031,265.3279724121094,3438300
2023-05-15,289.9200134277344,290.9200134277344,286.94000244140625,288.5400085449219,263.5650634765625,5353600
2023-05-16,281.75,286.0899963378906,277.0899963378906,282.3299865722656,257.892578125,12362100
2023-05-17,282.1499938964844,294.04998779296875,281.2099914550781,292.3900146484375,267.081787109375,7956900
2023-05-18,292.6499938964844,295.92999267578125,291.6000061035156,295.1600036621094,269.6120300292969,4547000
2023-05-19,295.760009765625,295.760009765625,289.95001220703125,290.8800048828125,265.7024841308594,4470600
2023-05-22,290.7300109863281,292.989990234375,288.0799865722656,290.6600036621094,265.5015563964844,3736200
2023-05-23,289.2799987792969,297.7699890136719,289.2799987792969,294.94000244140625,269.4111022949219,5352200
2023-05-24,297.3699951171875,297.5199890136719,290.17999267578125,291.1000061035156,265.9034729003906,4978200
2023-05-25,291.7900085449219,291.7900085449219,286.05999755859375,286.75,261.9299621582031,5355900
2023-05-26,287.0,293.29998779296875,285.69000244140625,292.8299865722656,267.48370361328125,4626100
2023-05-30,293.2799987792969,294.45001220703125,288.95001220703125,292.3999938964844,267.0909118652344,5193300
2023-05-31,289.5899963378906,290.0,281.9599914550781,283.45001220703125,260.77960205078125,18288800
2023-06-01,284.04998779296875,289.2200012207031,279.9800109863281,288.3900146484375,265.32452392578125,4305100
2023-06-02,290.6499938964844,296.2099914550781,289.7200012207031,295.94000244140625,272.2706604003906,4515600
2023-06-05,295.6199951171875,295.7200012207031,291.3699951171875,293.1000061035156,269.65777587890625,3028800
2023-06-06,291.82000732421875,296.9200134277344,291.6499938964844,296.0,272.3258361816406,2855400
2023-06-07,297.30999755859375,302.20001220703125,297.1099853515625,301.70001220703125,277.5699768066406,4842700
2023-06-08,302.1600036621094,305.45001220703125,300.7900085449219,301.0899963378906,277.0087585449219,3757300
2023-06-09,300.9800109863281,301.42999267578125,296.1000061035156,297.3500061035156,273.5679016113281,3485800
2023-06-12,298.3999938964844,302.6099853515625,297.6499938964844,300.8599853515625,276.7972106933594,4456600
2023-06-13,302.3999938964844,304.1199951171875,298.6700134277344,300.0799865722656,276.0795593261719,4043400
2023-06-14,300.989990234375,302.54998779296875,295.6300048828125,299.7099914550781,275.73907470703125,4176000
2023-06-15,300.8399963378906,303.42999267578125,299.5799865722656,302.0199890136719,277.86431884765625,4109700
2023-06-16,304.3399963378906,305.9800109863281,300.1400146484375,300.3800048828125,276.3555603027344,10809300
2023-06-20,299.7699890136719,302.75,298.2300109863281,301.4100036621094,277.30316162109375,3371100
2023-06-21,302.8699951171875,303.57000732421875,300.17999267578125,300.70001220703125,276.64996337890625,2713300
2023-06-22,301.5,302.8299865722656,299.6000061035156,301.17999267578125,277.0915222167969,3052000
2023-06-23,300.32000732421875,302.32000732421875,299.1000061035156,300.80999755859375,276.7511291503906,8525900
2023-06-26,302.6700134277344,309.2099914550781,301.9800109863281,307.8900146484375,283.2648620605469,4440100
2023-06-27,308.1499938964844,315.4599914550781,307.8900146484375,313.739990234375,288.6470031738281,5342500
2023-06-28,312.0,312.94000244140625,306.05999755859375,306.510009765625,281.9952392578125,4025600
2023-06-29,306.7799987792969,308.1300048828125,304.0299987792969,307.82000732421875,283.200439453125,3279700
2023-06-30,309.5799865722656,311.42999267578125,308.29998779296875,310.6400146484375,285.79498291015625,3230700
2023-07-03,309.7799987792969,311.3999938964844,308.8999938964844,310.0199890136719,285.22454833984375,1483300
2023-07-05,310.5,312.29998779296875,309.989990234375,310.79998779296875,285.9421691894531,2496000
2023-07-06,306.8399963378906,307.9800109863281,301.5400085449219,302.0199890136719,277.86431884765625,4828300
2023-07-07,301.989990234375,305.6300048828125,300.8900146484375,302.80999755859375,278.5911560058594,2951900
2023-07-10,303.20001220703125,310.5299987792969,303.20001220703125,310.2799987792969,285.4637756347656,3246700
2023-07-11,312.9100036621094,314.57000732421875,310.739990234375,313.6600036621094,288.57342529296875,2913800
2023-07-12,316.30999755859375,321.260009765625,316.010009765625,317.5199890136719,292.1246337890625,5300500
2023-07-13,318.1000061035156,318.4200134277344,313.4700012207031,314.6000061035156,289.4382019042969,3235600
2023-07-14,314.8399963378906,316.8999938964844,314.2200012207031,316.5,291.186279296875,2942100
2023-07-17,315.7200012207031,317.82000732421875,314.1499938964844,316.04998779296875,290.772216796875,2002500
2023-07-18,314.5299987792969,318.32000732421875,312.1300048828125,316.760009765625,291.4255065917969,2315600
2023-07-19,317.0,319.94000244140625,316.69000244140625,319.4800109863281,293.92791748046875,2361400
2023-07-20,320.3399963378906,321.45001220703125,317.8800048828125,319.0899963378906,293.56915283203125,2101900
2023-07-21,321.07000732421875,321.8900146484375,319.489990234375,320.4700012207031,294.8387145996094,3673400
2023-07-24,320.9700012207031,325.6600036621094,320.95001220703125,325.1099853515625,299.10760498046875,2621900
2023-07-25,325.07000732421875,326.8999938964844,323.8299865722656,325.1300048828125,299.1260070800781,2890800
2023-07-26,324.69000244140625,330.9599914550781,324.239990234375,329.5899963378906,303.2293395996094,3448100
2023-07-27,331.7099914550781,333.44000244140625,328.92999267578125,329.7099914550781,303.3397216796875,2608600
2023-07-28,332.0,333.0,329.5,331.3699951171875,304.8669128417969,2268200
2023-07-31,331.6499938964844,334.07000732421875,331.4800109863281,333.8399963378906,307.1394348144531,2690000
2023-08-01,331.760009765625,334.9700012207031,330.8800048828125,332.07000732421875,305.510986328125,2547200
2023-08-02,330.0299987792969,332.5299987792969,327.9200134277344,328.5,302.2265319824219,2752600
2023-08-03,327.67999267578125,332.1000061035156,327.6400146484375,329.8500061035156,303.46856689453125,2451300
2023-08-04,328.1600036621094,329.5199890136719,325.3299865722656,326.42999267578125,300.3220520019531,3591600
2023-08-07,327.2099914550781,329.4100036621094,326.5899963378906,329.1700134277344,302.8429260253906,2111000
2023-08-08,326.5799865722656,328.5299987792969,323.3900146484375,327.80999755859375,301.5916748046875,3272600
2023-08-09,327.3500061035156,330.9200134277344,326.760009765625,328.2099914550781,301.9596862792969,2698900
2023-08-10,330.6600036621094,332.8999938964844,328.94000244140625,329.3999938964844,303.05450439453125,3075100
2023-08-11,328.5199890136719,331.5899963378906,328.3500061035156,331.1099853515625,304.6277160644531,3108400
2023-08-14,331.4599914550781,333.7900085449219,328.42999267578125,329.95001220703125,303.560546875,3974800
2023-08-15,331.760009765625,338.1700134277344,328.5199890136719,332.1400146484375,305.5754089355469,5860900
2023-08-16,332.6199951171875,337.80999755859375,331.67999267578125,333.0299987792969,306.3941955566406,3753900
2023-08-17,333.7699890136719,335.6499938964844,327.05999755859375,327.2799987792969,301.1040954589844,3885100
2023-08-18,325.05999755859375,328.8900146484375,324.42999267578125,327.3699951171875,301.1868896484375,3472000
2023-08-21,326.6099853515625,327.8699951171875,323.5,324.05999755859375,298.1416015625,3109700
2023-08-22,325.2699890136719,326.30999755859375,322.0299987792969,324.4800109863281,298.52801513671875,2582200
2023-08-23,324.5199890136719,326.92999267578125,324.0799865722656,326.0899963378906,300.00927734375,2728000
2023-08-24,325.1199951171875,329.0,322.30999755859375,322.5899963378906,296.7891540527344,2490000
2023-08-25,323.42999267578125,326.3399963378906,321.20001220703125,322.8599853515625,297.03759765625,2418100
2023-08-28,323.20001220703125,327.44000244140625,322.8699951171875,325.9100036621094,299.8436584472656,2099900
2023-08-29,326.7900085449219,329.8399963378906,326.7699890136719,329.3800048828125,303.0361328125,2628200
2023-08-30,328.0,331.6199951171875,327.8699951171875,330.6300048828125,306.12860107421875,2256200
2023-08-31,331.20001220703125,332.6000061035156,329.67999267578125,330.29998779296875,305.82305908203125,2914700
2023-09-01,332.0,333.45001220703125,331.1400146484375,333.0799865722656,308.3970642089844,2317400
2023-09-05,331.8399963378906,332.29998779296875,327.3699951171875,327.7799987792969,303.4898376464844,3141400
2023-09-06,327.5299987792969,328.6099853515625,325.55999755859375,326.0,301.8417663574219,3199700
2023-09-07,325.0299987792969,329.9200134277344,324.29998779296875,328.4200134277344,304.0823669433594,2454000
2023-09-08,327.5,329.489990234375,326.67999267578125,328.7099914550781,304.350830078125,2210300
2023-09-11,329.2900085449219,329.8800048828125,327.57000732421875,328.3699951171875,304.03607177734375,2087800
2023-09-12,326.8299865722656,328.7699890136719,325.8900146484375,326.2799987792969,302.1009216308594,2190500
2023-09-13,326.0400085449219,327.9599914550781,325.0,325.8800048828125,301.7305908203125,2564300
2023-09-14,327.3900146484375,330.29998779296875,325.2699890136719,329.6300048828125,305.2026672363281,2707600
2023-09-15,327.32000732421875,329.1700134277344,320.3299865722656,321.3999938964844,297.5826110839844,7117800
2023-09-18,320.1600036621094,321.6499938964844,316.9100036621094,317.260009765625,293.7493591308594,2740400
2023-09-19,315.95001220703125,316.92999267578125,312.3399963378906,314.6099853515625,291.2958068847656,2776500
2023-09-20,315.0,316.3500061035156,310.79998779296875,310.8599853515625,287.8236999511719,2320000
2023-09-21,309.3999938964844,310.2300109863281,306.3599853515625,306.760009765625,284.02752685546875,2766500
2023-09-22,306.1600036621094,307.6499938964844,305.4599914550781,305.7300109863281,283.0738220214844,2289200
2023-09-25,304.510009765625,307.2900085449219,304.510009765625,306.489990234375,283.7774963378906,1882300
2023-09-26,304.5199890136719,305.80999755859375,301.6300048828125,302.5400085449219,280.1202392578125,2655500
2023-09-27,303.0,304.2200012207031,299.8999938964844,301.82000732421875,279.4535827636719,2513900
2023-09-28,301.6700134277344,304.8699951171875,300.75,303.489990234375,280.9997863769531,2369600
2023-09-29,304.95001220703125,305.6700134277344,299.82000732421875,302.1600036621094,279.768310546875,3502600
2023-10-02,300.5199890136719,303.45001220703125,298.4599914550781,299.8299865722656,277.61102294921875,2806800
2023-10-03,297.9100036621094,298.29998779296875,290.07000732421875,291.94000244140625,270.3058166503906,3609200
2023-10-04,293.3599853515625,294.2099914550781,290.3599853515625,292.3900146484375,270.722412109375,2956300
2023-10-05,292.0,292.6700134277344,290.239990234375,291.70001220703125,270.08355712890625,2469300
2023-10-06,290.760009765625,294.5400085449219,287.3900146484375,292.82000732421875,271.1205139160156,2922500
2023-10-09,290.29998779296875,295.5299987792969,289.67999267578125,295.3599853515625,273.4723815917969,1929900
2023-10-10,296.69000244140625,300.6700134277344,295.1700134277344,299.2200012207031,277.0462341308594,3116300
2023-10-11,299.739990234375,300.8500061035156,295.8999938964844,298.04998779296875,275.96295166015625,2292800
2023-10-12,297.70001220703125,297.70001220703125,290.7699890136719,293.0199890136719,271.30572509765625,2546400
2023-10-13,292.94000244140625,294.7300109863281,290.8900146484375,291.9200134277344,270.2872009277344,2092700
2023-10-16,294.42999267578125,298.3699951171875,293.5799865722656,297.3299865722656,275.2962646484375,2567000
2023-10-17,296.69000244140625,298.3599853515625,294.5,295.94000244140625,274.00933837890625,2139700
2023-10-18,293.0,293.3299865722656,289.5799865722656,290.239990234375,268.731689453125,2720100
2023-10-19,291.0,291.3399963378906,286.4200134277344,286.7699890136719,265.5188293457031,3028600
2023-10-20,285.8599853515625,287.17999267578125,283.6099853515625,286.4100036621094,265.185546875,2885300
2023-10-23,285.82000732421875,288.25,284.3299865722656,285.07000732421875,263.94482421875,2590900
2023-10-24,286.739990234375,287.9100036621094,282.0299987792969,283.30999755859375,262.3152160644531,2705200
2023-10-25,281.75,283.2300109863281,279.20001220703125,280.92999267578125,260.11163330078125,2962800
2023-10-26,280.5299987792969,283.239990234375,277.75,278.0,257.3987121582031,3108200
2023-10-27,278.9800109863281,279.6700134277344,274.260009765625,276.4599914550781,255.97286987304688,2907300
2023-10-30,277.4700012207031,282.32000732421875,276.9599914550781,281.4800109863281,260.6208801269531,3074400
2023-10-31,282.5899963378906,285.3999938964844,281.6199951171875,284.69000244140625,263.593017578125,3036000
2023-11-01,285.5899963378906,286.8299865722656,282.0199890136719,286.6300048828125,265.3892517089844,2747300
2023-11-02,290.25,294.6600036621094,290.0,294.5299987792969,272.703857421875,3628000
2023-11-03,294.17999267578125,297.80999755859375,294.1700134277344,295.6099853515625,273.7037658691406,3071900
2023-11-06,294.75,296.44000244140625,293.2200012207031,294.57000732421875,272.7408447265625,2890300
2023-11-07,294.6099853515625,296.0,293.55999755859375,294.7699890136719,272.9259948730469,2629000
2023-11-08,295.0299987792969,298.010009765625,294.1099853515625,295.9200134277344,273.99078369140625,2454900
2023-11-09,291.95001220703125,292.739990234375,287.67999267578125,287.8699951171875,266.5373229980469,4059100
2023-11-10,289.2300109863281,291.5899963378906,286.7900085449219,291.5899963378906,269.9816589355469,3653500
2023-11-13,287.7900085449219,289.92999267578125,287.239990234375,288.07000732421875,266.72259521484375,4586700
2023-11-14,300.8900146484375,308.239990234375,300.1400146484375,303.6300048828125,281.12945556640625,7952800
2023-11-15,304.1000061035156,308.92999267578125,304.010009765625,308.19000244140625,285.3515930175781,3985900
2023-11-16,305.8800048828125,307.95001220703125,304.3299865722656,306.44000244140625,283.73126220703125,3114000
2023-11-17,308.5,308.7099914550781,305.45001220703125,307.2699890136719,284.49969482421875,2770300
2023-11-20,307.19000244140625,309.6700134277344,305.739990234375,308.19000244140625,285.3515930175781,3459000
2023-11-21,305.57000732421875,306.07000732421875,302.3399963378906,305.3399963378906,282.7127380371094,2977200
2023-11-22,307.3900146484375,309.8599853515625,306.4800109863281,309.20001220703125,286.2867126464844,2873500
2023-11-24,309.17999267578125,311.3800048828125,308.30999755859375,310.70001220703125,287.675537109375,1259900
2023-11-27,310.69000244140625,312.8900146484375,309.75,310.9200134277344,287.87921142578125,2992600
2023-11-28,310.7099914550781,314.5799865722656,309.3900146484375,313.3399963378906,290.119873046875,3116900
2023-11-29,314.05999755859375,314.05999755859375,310.9100036621094,311.0199890136719,289.90545654296875,3083800
2023-11-30,312.5400085449219,313.760009765625,308.5899963378906,313.489990234375,292.2077941894531,4493700
2023-12-01,313.8299865722656,320.1000061035156,313.0,319.6199951171875,297.921630859375,3613600
2023-12-04,319.6199951171875,325.0799865722656,318.9599914550781,324.0199890136719,302.02294921875,3827900
2023-12-05,322.0,323.9200134277344,320.010009765625,323.5,301.5382385253906,3269800
2023-12-06,325.0,328.30999755859375,324.2099914550781,326.1099853515625,303.97100830078125,3030800
2023-12-07,326.1099853515625,327.4100036621094,324.67999267578125,326.1700134277344,304.02703857421875,2742300
2023-12-08,326.0,327.2799987792969,325.05999755859375,326.4700012207031,304.306640625,2889300
2023-12-11,329.80999755859375,332.0899963378906,328.80999755859375,331.3299865722656,308.836669921875,3520700
2023-12-12,330.44000244140625,334.5199890136719,330.32000732421875,333.20001220703125,310.57977294921875,2893400
2023-12-13,334.8999938964844,343.8399963378906,331.9100036621094,343.3999938964844,320.0872497558594,5822700
2023-12-14,349.739990234375,353.07000732421875,348.0,351.80999755859375,327.9263916015625,7594800
2023-12-15,348.2200012207031,354.3800048828125,346.75,354.0,329.9676818847656,11212800
2023-12-18,353.7099914550781,354.9200134277344,350.32000732421875,350.80999755859375,326.99420166015625,4420500
2023-12-19,351.4599914550781,352.9599914550781,350.3999938964844,352.07000732421875,328.1686706542969,4654700
2023-12-20,351.0,354.7699890136719,348.30999755859375,348.6600036621094,324.990234375,3259500
2023-12-21,351.8699951171875,352.25,347.0,348.9700012207031,325.2791748046875,2794200
2023-12-22,349.0400085449219,351.3399963378906,346.69000244140625,348.5899963378906,324.9249572753906,2029900
2023-12-26,348.42999267578125,350.0899963378906,348.1600036621094,349.30999755859375,325.5960998535156,1585500
2023-12-27,349.9100036621094,350.0,347.17999267578125,348.5299987792969,324.8690490722656,2764300
2023-12-28,348.5,349.0400085449219,345.79998779296875,347.3599853515625,323.7784118652344,2859400
2023-12-29,345.8299865722656,347.54998779296875,343.0199890136719,346.54998779296875,323.0234375,10325700
2024-01-02,344.2099914550781,347.29998779296875,343.2200012207031,345.0799865722656,321.6531982421875,2833600
2024-01-03,342.4800109863281,342.70001220703125,336.5899963378906,338.260009765625,315.29620361328125,3309600
2024-01-04,339.92999267578125,342.9200134277344,338.5400085449219,338.5899963378906,315.6038818359375,3652400
2024-01-05,337.8699951171875,343.8299865722656,337.82000732421875,342.94000244140625,319.6584777832031,2664300
2024-01-08,343.42999267578125,348.4599914550781,343.25,347.92999267578125,324.3097229003906,2736200
2024-01-09,345.80999755859375,349.1099853515625,345.25,346.19000244140625,322.6878662109375,2338100
2024-01-10,350.6199951171875,356.8599853515625,350.30999755859375,356.79998779296875,332.57757568359375,4109300
2024-01-11,357.0899963378906,361.0,353.260009765625,356.5299987792969,332.325927734375,3530400
2024-01-12,358.5299987792969,358.5299987792969,353.42999267578125,355.7099914550781,331.5615539550781,1956100
2024-01-16,358.05999755859375,359.6499938964844,356.2099914550781,358.42999267578125,334.0969543457031,3669400
2024-01-17,356.6300048828125,359.760009765625,354.04998779296875,355.70001220703125,331.5522766113281,2646100
2024-01-18,356.1199951171875,358.7099914550781,354.0299987792969,357.8999938964844,333.6028747558594,2510700
2024-01-19,358.80999755859375,362.9599914550781,356.2799987792969,362.4100036621094,337.80670166015625,3234600
2024-01-22,359.3599853515625,361.4599914550781,355.69000244140625,356.69000244140625,332.4750671386719,4003700
2024-01-23,355.8500061035156,355.8800048828125,349.05999755859375,350.7799987792969,326.9662170410156,3878400
2024-01-24,351.94000244140625,352.8699951171875,347.07000732421875,347.2699890136719,323.6944885253906,3474400
2024-01-25,352.5899963378906,352.8800048828125,348.260009765625,350.9700012207031,327.1434020996094,3064200
2024-01-26,351.4700012207031,357.04998779296875,351.0199890136719,355.29998779296875,331.17938232421875,3177700
2024-01-29,355.1499938964844,356.3699951171875,353.010009765625,355.70001220703125,331.5522766113281,2732000
2024-01-30,354.5,358.92999267578125,354.0400085449219,357.1000061035156,332.85723876953125,2336500
2024-01-31,357.9200134277344,358.9800109863281,352.3500061035156,352.9599914550781,328.998291015625,3377900
2024-02-01,353.3999938964844,360.1400146484375,352.32000732421875,360.07000732421875,335.6256408691406,2439100
2024-02-02,354.17999267578125,359.54998779296875,350.0199890136719,357.2300109863281,332.9784240722656,3697600
2024-02-05,353.6600036621094,356.07000732421875,350.760009765625,355.1400146484375,331.0303039550781,2653800
2024-02-06,354.8500061035156,358.0,354.29998779296875,356.25,332.06488037109375,2045300
2024-02-07,358.4800109863281,363.7300109863281,357.7200012207031,362.69000244140625,338.0677185058594,3272200
2024-02-08,362.8599853515625,365.6499938964844,361.6499938964844,363.7200012207031,339.02783203125,2521900
2024-02-09,364.1300048828125,364.42999267578125,360.79998779296875,363.1499938964844,338.4964904785156,2389900
2024-02-12,364.2200012207031,368.7200012207031,364.04998779296875,365.45001220703125,340.6404113769531,3119700
2024-02-13,358.4700012207031,359.42999267578125,353.8800048828125,357.5899963378906,333.31390380859375,3106500
2024-02-14,357.1700134277344,358.9800109863281,353.9800109863281,358.2300109863281,333.9104919433594,2998900
2024-02-15,358.8999938964844,361.6400146484375,356.8500061035156,361.0799865722656,336.5669860839844,2662800
2024-02-16,360.67999267578125,363.989990234375,359.1499938964844,362.3500061035156,337.75079345703125,3899600
2024-02-20,355.30999755859375,365.25,354.55999755859375,362.57000732421875,337.95587158203125,4830000
2024-02-21,360.5899963378906,365.1099853515625,358.95001220703125,364.1300048828125,339.4100036621094,3277800
2024-02-22,367.44000244140625,372.9599914550781,367.1499938964844,371.3399963378906,346.1304931640625,3387500
2024-02-23,372.0799865722656,374.25,370.25,371.9599914550781,346.7083740234375,3398200
2024-02-26,373.510009765625,374.8800048828125,370.7200012207031,371.6000061035156,346.3728942871094,2461000
2024-02-27,372.6600036621094,375.79998779296875,370.6099853515625,375.55999755859375,350.0639343261719,2802900
2024-02-28,375.55999755859375,379.8399963378906,375.05999755859375,377.6099853515625,351.9748229980469,2282500
2024-02-29,378.7900085449219,381.7799987792969,378.1499938964844,380.6099853515625,354.7711181640625,4382800
2024-03-01,380.3599853515625,385.1000061035156,379.8299865722656,384.45001220703125,358.35052490234375,2750900
2024-03-04,382.8999938964844,384.5299987792969,380.1099853515625,380.3699951171875,354.5475158691406,2619000
2024-03-05,380.1000061035156,380.9800109863281,377.0199890136719,378.45001220703125,352.7578430175781,3011600
2024-03-06,378.5299987792969,379.82000732421875,375.8900146484375,377.44000244140625,353.9205627441406,2496300
2024-03-07,377.8699951171875,380.29998779296875,375.5799865722656,376.54998779296875,353.0860290527344,2368500
2024-03-08,375.0,376.6199951171875,372.1000061035156,373.3500061035156,350.0854187011719,2162900
2024-03-11,371.55999755859375,372.9800109863281,368.8699951171875,371.5199890136719,348.3694152832031,2833700
2024-03-12,372.510009765625,375.8999938964844,372.4100036621094,374.5400085449219,351.2012939453125,2843800
2024-03-13,376.0299987792969,382.7099914550781,375.7799987792969,378.989990234375,355.3739318847656,3761200
2024-03-14,378.0,380.20001220703125,372.1700134277344,375.2699890136719,351.88580322265625,3877500
2024-03-15,374.1199951171875,378.4200134277344,372.5400085449219,373.2300109863281,349.9728698730469,9234900
2024-03-18,376.489990234375,377.6000061035156,371.1400146484375,371.9100036621094,348.735107421875,3455600
2024-03-19,374.8900146484375,379.4599914550781,373.1300048828125,379.4100036621094,355.767822265625,3493800
2024-03-20,379.4200134277344,384.8800048828125,376.2300109863281,384.4100036621094,360.4562072753906,2750400
2024-03-21,388.4100036621094,396.8699951171875,388.2900085449219,395.20001220703125,370.5738830566406,4212200
2024-03-22,394.69000244140625,396.4200134277344,390.0899963378906,390.2799987792969,365.9604797363281,2910900
2024-03-25,389.1000061035156,389.8599853515625,382.8900146484375,383.510009765625,359.61236572265625,2683900
2024-03-26,382.4100036621094,384.260009765625,379.3999938964844,379.92999267578125,356.25537109375,2720200
2024-03-27,380.8500061035156,386.32000732421875,380.739990234375,385.8900146484375,361.84405517578125,2536500
2024-03-28,387.1300048828125,387.6099853515625,379.7200012207031,383.6000061035156,359.69671630859375,4108200
2024-04-01,381.4700012207031,383.1400146484375,367.8399963378906,368.0299987792969,345.096923828125,4333200
2024-04-02,364.5,366.8599853515625,362.9599914550781,363.0,340.3804016113281,4650500
2024-04-03,362.0,362.3999938964844,359.0,359.8999938964844,337.4735107421875,4723000
2024-04-04,362.6099853515625,365.0,356.9100036621094,357.67999267578125,335.3918151855469,4381600
2024-04-05,357.67999267578125,359.3299865722656,356.0199890136719,357.8699951171875,335.57000732421875,3243400
2024-04-08,358.07000732421875,362.57000732421875,357.260009765625,362.04998779296875,339.48956298828125,4339600
2024-04-09,363.6300048828125,364.45001220703125,358.7300109863281,361.4200134277344,338.8988342285156,3022600
2024-04-10,351.8699951171875,353.989990234375,348.75,350.55999755859375,328.71551513671875,4805200
2024-04-11,351.0400085449219,351.9100036621094,345.7900085449219,347.3699951171875,325.72430419921875,4104700
2024-04-12,346.1199951171875,346.1199951171875,341.510009765625,342.8699951171875,321.5047302246094,3550300
2024-04-15,345.9200134277344,346.0799865722656,337.19000244140625,337.92999267578125,316.87249755859375,4209200
2024-04-16,336.82000732421875,338.1099853515625,332.9599914550781,334.8299865722656,313.9656982421875,4525500
2024-04-17,336.7799987792969,337.25,331.94000244140625,332.8299865722656,312.09039306640625,4273800
2024-04-18,335.6499938964844,336.95001220703125,331.3299865722656,332.8900146484375,312.1466369628906,3717300
2024-04-19,334.7099914550781,335.8699951171875,332.5799865722656,335.3599853515625,314.4626770019531,3076600
2024-04-22,338.2200012207031,339.45001220703125,333.7099914550781,336.1099853515625,315.1659240722656,3112800
2024-04-23,338.0,340.19000244140625,336.2900085449219,339.0,317.8758850097656,3697400
2024-04-24,337.07000732421875,337.54998779296875,331.82000732421875,333.010009765625,312.2591247558594,4029200
2024-04-25,329.7200012207031,332.9100036621094,326.8999938964844,331.9800109863281,311.2933654785156,3787800
2024-04-26,331.0,335.8299865722656,330.989990234375,335.0899963378906,314.20953369140625,2465300
2024-04-29,335.0,337.3399963378906,334.1499938964844,336.79998779296875,315.81298828125,2427400
2024-04-30,335.7200012207031,337.44000244140625,332.8599853515625,334.2200012207031,313.39373779296875,3089900
2024-05-01,333.010009765625,335.3900146484375,329.42999267578125,331.9700012207031,311.283935546875,3267500
2024-05-02,335.5,336.0,330.9800109863281,335.5299987792969,314.6221008300781,3213600
2024-05-03,341.2799987792969,346.8800048828125,340.3699951171875,342.8500061035156,321.4859313964844,4165100
2024-05-06,346.0,346.3800048828125,340.44000244140625,342.2900085449219,320.9609069824219,3366100
2024-05-07,343.6000061035156,345.5400085449219,340.3800048828125,340.69000244140625,319.46051025390625,2930700
2024-05-08,338.7799987792969,340.44000244140625,337.6300048828125,338.8299865722656,317.71649169921875,3123200
2024-05-09,339.25,348.010009765625,338.8800048828125,347.44000244140625,325.78997802734375,3801400
2024-05-10,347.4599914550781,349.80999755859375,344.70001220703125,346.42999267578125,324.84283447265625,3413700
2024-05-13,348.05999755859375,348.7900085449219,340.3999938964844,340.9599914550781,319.7137451171875,4055600
2024-05-14,335.04998779296875,344.25,333.0,340.5,319.2823791503906,5854300
2024-05-15,345.17999267578125,350.44000244140625,344.69000244140625,348.6700134277344,326.94329833984375,4151100
2024-05-16,348.0,348.25,342.6700134277344,342.7300109863281,321.37347412109375,3101600
2024-05-17,344.760009765625,344.92999267578125,340.5899963378906,344.2099914550781,322.7611999511719,2739000
2024-05-20,341.1300048828125,342.54998779296875,337.5400085449219,337.82000732421875,316.7694396972656,3237400
2024-05-21,339.0,339.0,332.3299865722656,336.1499938964844,315.2034606933594,4275100
2024-05-22,334.6600036621094,335.25,328.92999267578125,330.5899963378906,309.98992919921875,4024400
2024-05-23,330.9800109863281,331.0,326.0,326.8900146484375,306.5204162597656,4021100
2024-05-24,326.3900146484375,327.5400085449219,324.4200134277344,325.1000061035156,304.8420104980469,2736900
2024-05-28,325.3900146484375,330.989990234375,324.4800109863281,328.70001220703125,308.2177429199219,3807500
2024-05-29,326.5299987792969,326.7900085449219,323.7699890136719,325.9100036621094,305.6015930175781,3506200
2024-05-30,326.260009765625,330.2200012207031,325.7099914550781,329.17999267578125,310.8135070800781,2921800
2024-05-31,330.04998779296875,335.1700134277344,328.010009765625,334.8699951171875,316.1860656738281,5557800
2024-06-03,333.6499938964844,333.6499938964844,326.8399963378906,328.010009765625,309.7088623046875,3712800
2024-06-04,326.8699951171875,329.7900085449219,325.1000061035156,328.260009765625,309.9449157714844,4296800
2024-06-05,328.5,330.4599914550781,325.9200134277344,330.260009765625,311.8332824707031,2422400
2024-06-06,329.79998779296875,331.8399963378906,328.05999755859375,331.1000061035156,312.62646484375,2979400
2024-06-07,325.7300109863281,328.82000732421875,323.92999267578125,327.0299987792969,308.78350830078125,2583800
2024-06-10,327.0,332.79998779296875,326.5,332.55999755859375,314.0049743652344,2691000
2024-06-11,333.0,336.30999755859375,330.32000732421875,335.7200012207031,316.9886474609375,3250900
2024-06-12,347.0299987792969,350.489990234375,343.05999755859375,344.1400146484375,324.93890380859375,4793000
2024-06-13,345.8999938964844,348.69000244140625,343.07000732421875,347.8800048828125,328.47021484375,3380800
2024-06-14,344.80999755859375,347.5,341.69000244140625,346.8399963378906,327.48822021484375,2589000
2024-06-17,344.8900146484375,350.69000244140625,344.3999938964844,349.5,329.9997863769531,2680200
2024-06-18,352.95001220703125,356.4100036621094,352.1099853515625,353.8699951171875,334.1260070800781,3655000
2024-06-20,352.0,354.9200134277344,349.5899963378906,353.44000244140625,333.72003173828125,3661200
2024-06-21,354.8399963378906,356.25,352.04998779296875,355.79998779296875,335.9482727050781,6596400
2024-06-24,356.8999938964844,357.69000244140625,350.7200012207031,350.8800048828125,331.3028259277344,4278900
2024-06-25,346.30999755859375,346.989990234375,334.5299987792969,338.32000732421875,319.443603515625,4879600
2024-06-26,339.4599914550781,342.5899963378906,337.5299987792969,341.82000732421875,322.7483215332031,3365300
2024-06-27,342.8299865722656,344.760009765625,338.45001220703125,341.489990234375,322.4366760253906,2912600
2024-06-28,341.3500061035156,345.2799987792969,340.7099914550781,344.239990234375,325.0332946777344,6344000
2024-07-01,343.9200134277344,344.6499938964844,335.3900146484375,336.19000244140625,317.4324645996094,2643600
2024-07-02,335.0,336.8299865722656,332.5299987792969,334.9700012207031,316.2804870605469,2995900
2024-07-03,337.0,339.6400146484375,333.5400085449219,333.6400146484375,315.0247497558594,1733000
2024-07-05,332.7099914550781,335.9200134277344,331.6400146484375,334.5799865722656,315.9122314453125,3437500
2024-07-08,335.8800048828125,340.760009765625,335.0,339.6000061035156,320.6522216796875,3534500
2024-07-09,338.95001220703125,339.260009765625,335.57000732421875,337.0899963378906,318.28228759765625,2254300
2024-07-10,338.6400146484375,344.2900085449219,337.6199951171875,344.17999267578125,324.97662353515625,3263100
2024-07-11,350.7799987792969,354.1300048828125,345.0,353.7900085449219,334.0505065917969,4146900
2024-07-12,355.0,363.95001220703125,354.0899963378906,359.7699890136719,339.69683837890625,4019900
2024-07-15,359.1400146484375,361.17999267578125,355.0299987792969,358.4599914550781,338.4599304199219,2884000
2024-07-16,360.05999755859375,369.4200134277344,359.5,369.1199951171875,348.5251159667969,3210400
2024-07-17,366.6400146484375,375.19000244140625,365.4200134277344,371.8900146484375,351.140625,3991100
2024-07-18,369.8999938964844,375.739990234375,365.7799987792969,366.0799865722656,345.6547546386719,2395000
2024-07-19,366.42999267578125,367.6000061035156,361.95001220703125,363.3599853515625,343.08648681640625,2474500
2024-07-22,364.5,367.2799987792969,361.0799865722656,363.25,342.9826354980469,4049300
2024-07-23,365.42999267578125,365.42999267578125,359.3800048828125,359.6199951171875,339.55517578125,2535700
2024-07-24,358.92999267578125,361.45001220703125,350.0,350.30999755859375,330.7646179199219,3508100
2024-07-25,350.20001220703125,358.8299865722656,349.3299865722656,353.2900085449219,333.5783386230469,3297600
2024-07-26,355.010009765625,361.6700134277344,355.010009765625,359.510009765625,339.4512939453125,2439000
2024-07-29,359.2099914550781,362.8900146484375,358.95001220703125,361.6700134277344,341.4908142089844,2142100
2024-07-30,362.82000732421875,364.69000244140625,359.260009765625,363.69000244140625,343.39813232421875,2788800
2024-07-31,365.0,372.489990234375,363.0400085449219,368.1600036621094,347.61871337890625,3526100
2024-08-01,369.989990234375,371.4800109863281,353.75,358.5799865722656,338.57318115234375,3759000
2024-08-02,354.92999267578125,355.57000732421875,346.739990234375,355.42999267578125,335.59893798828125,3764600
2024-08-05,350.8800048828125,353.94000244140625,345.239990234375,350.010009765625,330.4813537597656,3827900
2024-08-06,348.75,358.6600036621094,347.2799987792969,353.9100036621094,334.1637878417969,2831100
2024-08-07,355.17999267578125,356.2699890136719,342.2799987792969,342.3999938964844,323.29595947265625,3429100
2024-08-08,342.239990234375,348.739990234375,341.3399963378906,348.3399963378906,328.904541015625,3591100
2024-08-09,347.8900146484375,351.5299987792969,345.3999938964844,348.6400146484375,329.187744140625,2314800
2024-08-12,350.7699890136719,351.5,342.1300048828125,345.80999755859375,326.5156555175781,3830200
2024-08-13,341.8699951171875,353.3900146484375,339.3699951171875,350.07000732421875,330.53802490234375,6388600
2024-08-14,349.54998779296875,359.69000244140625,349.3999938964844,355.6600036621094,335.8161315917969,4814800
2024-08-15,362.4599914550781,365.4100036621094,358.1400146484375,360.07000732421875,339.9801025390625,3575800
2024-08-16,359.9700012207031,363.70001220703125,359.9700012207031,362.05999755859375,341.8590393066406,3308300
2024-08-19,362.5,364.69000244140625,362.1000061035156,363.07000732421875,342.81268310546875,3634900
2024-08-20,360.6499938964844,367.6400146484375,360.5,367.2699890136719,346.7783508300781,3459400
2024-08-21,369.45001220703125,372.8699951171875,368.5199890136719,370.4599914550781,349.7903747558594,4587600
2024-08-22,371.5,372.4599914550781,364.6099853515625,365.3599853515625,344.97491455078125,4097300
2024-08-23,366.6600036621094,376.32000732421875,365.19000244140625,375.5899963378906,354.6341247558594,3426200
2024-08-26,377.0799865722656,378.5799865722656,373.3699951171875,374.1099853515625,353.2367248535156,2452100
2024-08-27,373.489990234375,374.2799987792969,371.0,373.17999267578125,352.3586120605469,1780300
2024-08-28,373.0,375.4100036621094,370.20001220703125,372.69000244140625,351.89599609375,2218300
2024-08-29,372.6099853515625,373.32000732421875,366.92999267578125,367.05999755859375,348.6851501464844,2698400
2024-08-30,369.239990234375,370.4100036621094,364.8800048828125,368.5,350.0530090332031,3216700
2024-09-03,367.8999938964844,369.3800048828125,362.8999938964844,364.739990234375,346.4812927246094,3598100
2024-09-04,364.1700134277344,365.92999267578125,360.010009765625,364.6700134277344,346.4148254394531,3221300
2024-09-05,364.8999938964844,365.1499938964844,357.5799865722656,361.8500061035156,343.7359924316406,2789200
2024-09-06,362.9200134277344,365.44000244140625,359.4200134277344,360.04998779296875,342.02606201171875,2228800
2024-09-09,362.760009765625,366.1600036621094,360.0299987792969,365.5199890136719,347.22222900390625,2747600
2024-09-10,365.70001220703125,371.55999755859375,362.4800109863281,370.8699951171875,352.30438232421875,2787400
2024-09-11,369.54998779296875,371.2099914550781,362.1400146484375,370.489990234375,351.94342041015625,2937700
2024-09-12,371.94000244140625,374.989990234375,370.55999755859375,374.42999267578125,355.6861877441406,2367700
2024-09-13,375.55999755859375,382.0,375.510009765625,379.989990234375,360.9678649902344,2514700
2024-09-16,382.0,384.0,379.5299987792969,382.010009765625,362.8868103027344,2877800
2024-09-17,383.42999267578125,387.94000244140625,381.67999267578125,383.239990234375,364.0551452636719,2947600
2024-09-18,384.0899963378906,392.6700134277344,381.07000732421875,384.010009765625,364.78662109375,3549400
2024-09-19,390.8399963378906,391.8699951171875,387.010009765625,390.3399963378906,370.7997131347656,3753500
2024-09-20,388.3299865722656,391.8299865722656,387.0,389.8599853515625,370.3437805175781,6584200
2024-09-23,390.8299865722656,392.6499938964844,387.260009765625,391.9599914550781,372.3385925292969,2502300
2024-09-24,394.70001220703125,401.1099853515625,393.6300048828125,400.6600036621094,380.6031188964844,4057700
2024-09-25,400.6600036621094,400.6600036621094,395.6199951171875,396.92999267578125,377.0599060058594,2787300
2024-09-26,399.5,400.0,395.489990234375,396.70001220703125,376.84136962890625,2849500
2024-09-27,399.6499938964844,403.5400085449219,398.30999755859375,399.5299987792969,379.5297546386719,2452300
2024-09-30,400.20001220703125,405.30999755859375,399.0199890136719,405.20001220703125,384.9158630371094,3442000
2024-10-01,404.0199890136719,410.55999755859375,401.4100036621094,409.04998779296875,388.5731201171875,3476200
2024-10-02,407.70001220703125,411.4599914550781,404.9599914550781,411.260009765625,390.6724853515625,3431300
2024-10-03,409.0,412.9700012207031,406.79998779296875,411.5799865722656,390.97650146484375,3320700
2024-10-04,410.07000732421875,411.82000732421875,399.45001220703125,408.3599853515625,387.9176940917969,3989000
2024-10-07,404.8900146484375,409.80999755859375,401.239990234375,408.05999755859375,387.6326904296875,3267800
2024-10-08,409.79998779296875,415.2900085449219,408.44000244140625,414.17999267578125,393.44635009765625,3693900
2024-10-09,420.0,420.0299987792969,410.75,416.07000732421875,395.24176025390625,3627800
2024-10-10,409.7200012207031,414.4800109863281,407.6300048828125,409.9599914550781,389.4375915527344,3040800
2024-10-11,410.55999755859375,413.1400146484375,408.8399963378906,411.8999938964844,391.28045654296875,2717400
2024-10-14,411.4800109863281,416.4200134277344,411.29998779296875,415.4200134277344,394.6242370605469,2088700
2024-10-15,417.95001220703125,421.55999755859375,415.0199890136719,415.5799865722656,394.7762451171875,3693000
2024-10-16,413.8699951171875,418.739990234375,413.8699951171875,418.6099853515625,397.6545715332031,2429000
2024-10-17,418.6099853515625,419.0,414.55999755859375,415.6000061035156,394.79522705078125,2013800
2024-10-18,416.6499938964844,416.6600036621094,413.239990234375,415.0,394.2253112792969,2436600
2024-10-21,416.07000732421875,416.55999755859375,404.3699951171875,406.3999938964844,386.0557861328125,3699500
2024-10-22,398.5,402.95001220703125,396.2099914550781,401.8500061035156,381.73358154296875,4486700
2024-10-23,400.55999755859375,404.2799987792969,396.69000244140625,399.6400146484375,379.63421630859375,3159000
2024-10-24,402.2900085449219,404.20001220703125,398.0899963378906,402.67999267578125,382.52203369140625,2550300
2024-10-25,403.5199890136719,403.5199890136719,397.8299865722656,398.9100036621094,378.9407653808594,1941400
2024-10-28,403.45001220703125,405.8399963378906,401.95001220703125,402.8900146484375,382.72149658203125,2586500
2024-10-29,393.94000244140625,399.1099853515625,389.04998779296875,395.07000732421875,375.29296875,3822700
2024-10-30,395.0,397.69000244140625,391.94000244140625,392.5199890136719,372.87060546875,2795600
2024-10-31,390.5,395.6700134277344,390.5,393.75,374.0390625,2518600
2024-11-01,394.79998779296875,398.7099914550781,392.010009765625,392.5899963378906,372.9371337890625,3277800
2024-11-04,391.95001220703125,400.4800109863281,391.07000732421875,395.57000732421875,375.7679138183594,2690500
2024-11-05,394.9700012207031,400.2300109863281,393.8599853515625,400.0899963378906,380.0616760253906,2496500
2024-11-06,394.0400085449219,394.0400085449219,381.7200012207031,388.3699951171875,368.9283752441406,7133400
2024-11-07,391.0,399.760009765625,390.79998779296875,399.44000244140625,379.4441833496094,4323100
2024-11-08,404.0,406.3999938964844,402.29998779296875,405.8999938964844,385.5808410644531,3448700
2024-11-11,407.7699890136719,411.6000061035156,405.8299865722656,408.2900085449219,387.8511962890625,4071500
2024-11-12,414.25,416.0199890136719,402.19000244140625,403.0799865722656,382.9020080566406,5647100
2024-11-13,409.1300048828125,412.739990234375,406.7200012207031,410.19000244140625,389.6560974121094,3083100
2024-11-14,408.0,411.5,404.3900146484375,405.7200012207031,385.4098205566406,3348100
2024-11-15,402.8999938964844,408.9100036621094,402.8999938964844,408.17999267578125,387.7466735839844,3239500
2024-11-18,405.5,412.5400085449219,403.95001220703125,410.44000244140625,389.8935852050781,3394300
2024-11-19,408.3800048828125,409.1600036621094,399.3599853515625,406.79998779296875,386.4357604980469,3239400
2024-11-20,406.0,406.70001220703125,399.9200134277344,400.0,379.9761657714844,4732200
2024-11-21,401.3299865722656,411.3900146484375,400.3800048828125,410.45001220703125,389.9030456542969,3722200
2024-11-22,412.0899963378906,420.1400146484375,410.95001220703125,420.0,398.97503662109375,4932500
2024-11-25,425.0,430.25,424.4599914550781,428.6700134277344,407.21099853515625,4544200
2024-11-26,428.6000061035156,439.3699951171875,424.70001220703125,429.5199890136719,408.01837158203125,2758600
2024-11-27,428.6000061035156,430.1000061035156,425.9599914550781,427.19000244140625,407.9420166015625,2293500
2024-11-29,428.55999755859375,431.0,427.5400085449219,429.1300048828125,409.7946472167969,2028700
2024-12-02,429.0,430.3999938964844,423.1600036621094,426.9599914550781,407.7223815917969,2617100
2024-12-03,429.7300109863281,430.67999267578125,423.32000732421875,429.3500061035156,410.0047302246094,2714000
2024-12-04,426.4100036621094,428.8299865722656,425.5,427.9200134277344,408.6391296386719,1968800
2024-12-05,426.6000061035156,429.760009765625,425.8800048828125,426.5400085449219,407.32135009765625,2523500
2024-12-06,428.70001220703125,435.75,427.010009765625,431.3699951171875,411.9337158203125,3161400
2024-12-09,432.3500061035156,436.3599853515625,428.0299987792969,429.17999267578125,409.84234619140625,3426000
2024-12-10,426.8999938964844,427.30999755859375,421.4100036621094,422.5899963378906,403.5492858886719,3354900
2024-12-11,425.2300109863281,428.0,421.260009765625,421.3800048828125,402.3937683105469,4211200
2024-12-12,421.42999267578125,422.75,413.17999267578125,414.4200134277344,395.7474060058594,3673600
2024-12-13,415.7699890136719,418.1400146484375,414.17999267578125,416.9800109863281,398.1921081542969,2649500
2024-12-16,417.8500061035156,418.4800109863281,410.69000244140625,410.7099914550781,392.2045593261719,2879600
2024-12-17,410.0,410.3999938964844,406.2300109863281,408.4700012207031,390.0655517578125,3726500
2024-12-18,407.0,410.7099914550781,393.3800048828125,393.82000732421875,376.07562255859375,4225500
2024-12-19,394.739990234375,395.1400146484375,384.8900146484375,385.0199890136719,367.672119140625,4576100
2024-12-20,383.3699951171875,393.2900085449219,383.04998779296875,392.6000061035156,374.91058349609375,8046400
2024-12-23,391.1000061035156,393.239990234375,387.0299987792969,392.45001220703125,374.7673645019531,2433800
2024-12-24,392.1300048828125,396.1400146484375,390.5,396.1400146484375,378.29107666015625,1392600
2024-12-26,392.5199890136719,395.7799987792969,391.6199951171875,395.1400146484375,377.3361511230469,1319500
2024-12-27,392.1400146484375,395.4700012207031,391.3699951171875,392.8599853515625,375.1588439941406,1942700
2024-12-30,390.5299987792969,391.2099914550781,385.67999267578125,389.42999267578125,371.8834228515625,2444700
2024-12-31,390.010009765625,391.4599914550781,387.29998779296875,388.989990234375,371.46319580078125,2179700
2025-01-02,392.1300048828125,392.6700134277344,386.3800048828125,388.4599914550781,370.9570617675781,2415700
2025-01-03,389.82000732421875,391.010009765625,385.80999755859375,389.17999267578125,371.6446228027344,2231600
2025-01-06,390.5,393.989990234375,388.0299987792969,389.3699951171875,371.82611083984375,3274500
2025-01-07,390.8999938964844,391.8999938964844,383.1000061035156,384.2300109863281,366.9176940917969,2274300
2025-01-08,383.0,387.69000244140625,380.1000061035156,387.20001220703125,369.75390625,2848500
2025-01-10,388.9100036621094,392.9100036621094,384.6199951171875,389.8900146484375,372.3226623535156,5323400
2025-01-13,389.989990234375,395.8599853515625,387.70001220703125,389.17999267578125,371.6446228027344,3512900
2025-01-14,390.5899963378906,394.20001220703125,389.6300048828125,392.7799987792969,375.08245849609375,3405200
2025-01-15,406.6499938964844,408.0,401.760009765625,406.0899963378906,387.7926940917969,4584800
2025-01-16,406.2699890136719,410.1099853515625,403.9200134277344,409.3299865722656,390.8867492675781,2305900
2025-01-17,413.489990234375,414.45001220703125,408.5299987792969,409.3800048828125,390.9344787597656,3229000
2025-01-21,413.0,420.2200012207031,413.0,418.42999267578125,399.5766906738281,3568100
2025-01-22,417.54998779296875,417.54998779296875,409.3299865722656,410.1000061035156,391.6221008300781,3581400
2025-01-23,411.57000732421875,414.69000244140625,408.75,414.3900146484375,395.71875,3840300
2025-01-24,414.0899963378906,415.010009765625,410.760009765625,414.5,395.8238220214844,2369800
2025-01-27,414.8999938964844,426.19000244140625,414.0,424.8699951171875,405.7265930175781,3699200
2025-01-28,423.239990234375,423.239990234375,416.70001220703125,418.8299865722656,399.9587097167969,2818300
2025-01-29,420.2200012207031,421.3699951171875,411.7900085449219,413.4200134277344,394.7925109863281,2384900
2025-01-30,416.4100036621094,417.32000732421875,411.5199890136719,414.5,395.8238220214844,3081300
2025-01-31,413.1700134277344,416.3800048828125,410.32000732421875,411.9800109863281,393.41741943359375,2761000
2025-02-03,406.1199951171875,411.8999938964844,401.010009765625,408.760009765625,390.3424377441406,2896200
2025-02-04,409.510009765625,412.5799865722656,406.0899963378906,411.489990234375,392.9494323730469,2150800
2025-02-05,415.1499938964844,415.1499938964844,408.1400146484375,413.82000732421875,395.1744689941406,2212100
2025-02-06,414.9100036621094,417.7900085449219,413.0,414.1600036621094,395.4991455078125,2023700
2025-02-07,413.20001220703125,414.2900085449219,406.5,407.3699951171875,389.0150146484375,2530200
2025-02-10,410.6400146484375,414.95001220703125,408.7900085449219,413.989990234375,395.3367614746094,2617600
2025-02-11,414.0,416.57000732421875,412.739990234375,416.3599853515625,397.5999755859375,1441800
2025-02-12,408.5799865722656,409.6499938964844,402.1199951171875,407.1400146484375,388.7954406738281,3387000
2025-02-13,408.7099914550781,412.9800109863281,407.489990234375,412.42999267578125,393.84710693359375,3067900
2025-02-14,415.0,418.0,408.55999755859375,409.5,391.0491027832031,3004400
2025-02-18,408.30999755859375,408.8699951171875,400.2200012207031,403.30999755859375,385.1379699707031,3994000
2025-02-19,397.2200012207031,398.6400146484375,392.94000244140625,395.42999267578125,377.613037109375,3780000
2025-02-20,393.0,394.760009765625,391.1000061035156,394.6400146484375,376.8586730957031,2703500
2025-02-21,396.3999938964844,397.82000732421875,383.8999938964844,385.29998779296875,367.939453125,5287000
2025-02-24,386.0899963378906,386.54998779296875,378.20001220703125,382.4200134277344,365.1892395019531,5722000
2025-02-25,385.0,401.010009765625,384.19000244140625,393.2900085449219,375.5694885253906,6823900
2025-02-26,395.239990234375,398.8699951171875,388.55999755859375,390.4800109863281,372.8861083984375,3871500
2025-02-27,389.9100036621094,395.4700012207031,388.3299865722656,390.2699890136719,372.685546875,2825100
2025-02-28,394.4200134277344,396.8699951171875,390.2799987792969,396.6000061035156,378.7303161621094,4263500
2025-03-03,396.95001220703125,397.07000732421875,386.4700012207031,389.69000244140625,372.1316833496094,3397600
2025-03-04,386.1499938964844,387.9599914550781,378.8999938964844,381.67999267578125,364.4825744628906,4384800
2025-03-05,379.0,387.1199951171875,378.010009765625,386.3500061035156,368.9421691894531,2780300
2025-03-06,383.5,387.760009765625,380.7300109863281,381.7300109863281,364.5303649902344,4222000
2025-03-07,379.5,380.6499938964844,368.8999938964844,376.79998779296875,359.822509765625,4573900
2025-03-10,377.44000244140625,383.1199951171875,372.6099853515625,374.6499938964844,357.7693176269531,3710500
2025-03-11,374.2200012207031,374.92999267578125,365.7300109863281,368.1600036621094,351.5717468261719,4013300
2025-03-12,371.9700012207031,372.0,361.75,364.7300109863281,348.2962951660156,3368000
2025-03-13,361.9100036621094,362.0,345.260009765625,347.25,333.7082824707031,7062400
2025-03-14,350.6499938964844,351.3900146484375,345.4200134277344,351.30999755859375,337.6099548339844,5510700
2025-03-17,351.760009765625,355.54998779296875,350.9599914550781,354.1300048828125,340.32000732421875,3681300
2025-03-18,353.5299987792969,353.8900146484375,347.5899963378906,349.57000732421875,335.93780517578125,3008200
2025-03-19,352.0,354.42999267578125,348.989990234375,353.4200134277344,339.6376953125,2990200
2025-03-20,354.69000244140625,361.7699890136719,352.20001220703125,355.5199890136719,341.6557922363281,3391200
2025-03-21,352.0899963378906,353.3900146484375,346.2799987792969,351.1499938964844,337.4561767578125,8205400
2025-03-24,354.6199951171875,364.42999267578125,354.2799987792969,363.7699890136719,349.58404541015625,4023200
2025-03-25,361.5299987792969,363.6499938964844,358.5400085449219,360.989990234375,346.9124450683594,2799500
2025-03-26,360.3900146484375,364.7300109863281,360.1199951171875,362.1300048828125,348.008056640625,3140900
2025-03-27,361.8999938964844,365.2099914550781,361.1499938964844,362.7300109863281,348.5845947265625,3036600
2025-03-28,363.1600036621094,363.20001220703125,356.1700134277344,358.1499938964844,344.1831970214844,2980200
2025-03-31,353.5,368.739990234375,352.6499938964844,366.489990234375,352.197998046875,4498800
2025-04-01,364.1400146484375,367.2900085449219,361.9200134277344,365.5199890136719,351.26580810546875,2801600
2025-04-02,362.55999755859375,372.30999755859375,362.260009765625,370.8900146484375,356.4264221191406,3189500
2025-04-03,355.7799987792969,360.0400085449219,351.7099914550781,355.9100036621094,342.03057861328125,5407100
2025-04-04,350.7099914550781,365.44000244140625,349.0400085449219,353.8999938964844,340.09893798828125,7531100
2025-04-07,344.29998779296875,354.2200012207031,333.5,341.510009765625,328.192138671875,6950500
2025-04-08,350.3800048828125,354.0,329.739990234375,335.239990234375,322.1666259765625,4868000
2025-04-09,328.6000061035156,356.0400085449219,326.30999755859375,355.3900146484375,341.5308532714844,6793000
2025-04-10,352.8500061035156,355.2900085449219,339.6600036621094,353.6199951171875,339.8298645019531,5574800
2025-04-11,350.30999755859375,354.4700012207031,344.20001220703125,353.8599853515625,340.0605163574219,3576400
2025-04-14,357.79998779296875,359.0199890136719,353.6000061035156,357.20001220703125,343.270263671875,2841800
2025-04-15,356.55999755859375,361.44000244140625,353.32000732421875,354.1099853515625,340.3007507324219,2883100
2025-04-16,351.8399963378906,353.79998779296875,344.32000732421875,345.989990234375,332.4974365234375,2637200
2025-04-17,348.54998779296875,357.5,348.3699951171875,355.05999755859375,341.2137451171875,3232400
2025-04-21,354.2900085449219,354.3599853515625,341.79998779296875,346.8999938964844,333.37188720703125,4015200
2025-04-22,351.1600036621094,356.2200012207031,350.4200134277344,354.42999267578125,340.6082763671875,2802400
2025-04-23,361.9200134277344,364.8399963378906,354.8500061035156,356.4200134277344,342.52069091796875,3283300
2025-04-24,356.5,360.3999938964844,354.6099853515625,359.6400146484375,345.6150817871094,2749500
2025-04-25,357.70001220703125,359.0,354.739990234375,357.5799865722656,343.63543701171875,2811300
2025-04-28,357.989990234375,360.1000061035156,354.510009765625,356.9200134277344,343.00115966796875,2413000
2025-04-29,355.8900146484375,360.5799865722656,354.7300109863281,359.0,345.0000915527344,2836900
2025-04-30,356.5,361.2699890136719,352.3800048828125,360.489990234375,346.4319763183594,3741500
2025-05-01,360.30999755859375,362.8800048828125,357.7200012207031,358.29998779296875,344.3273620605469,3210100
2025-05-02,362.0799865722656,366.2300109863281,361.1600036621094,364.5199890136719,350.3047790527344,2283300
2025-05-05,362.1300048828125,364.260009765625,359.7300109863281,361.7300109863281,347.6236572265625,2563500
2025-05-06,358.67999267578125,362.2699890136719,357.1300048828125,359.3800048828125,345.365234375,2299700
2025-05-07,360.4800109863281,363.7799987792969,359.760009765625,362.75,348.60382080078125,2657200
2025-05-08,364.010009765625,369.30999755859375,362.260009765625,364.8599853515625,350.6315612792969,3035800
2025-05-09,362.1300048828125,365.57000732421875,361.5,362.7099914550781,348.56536865234375,1970700
2025-05-12,375.0,378.7200012207031,373.4800109863281,376.5899963378906,361.90411376953125,3831400
2025-05-13,381.0,381.0,372.95001220703125,373.6000061035156,359.03070068359375,2726800
2025-05-14,371.8999938964844,375.7900085449219,370.8299865722656,372.80999755859375,358.27154541015625,2587400
2025-05-15,372.1000061035156,379.3299865722656,371.5199890136719,378.6300048828125,363.86456298828125,2830500
2025-05-16,380.2300109863281,381.1700134277344,378.1499938964844,380.7799987792969,365.93072509765625,3129100
2025-05-19,374.19000244140625,381.1600036621094,374.1600036621094,379.3800048828125,364.5853271484375,4428200
2025-05-20,386.3699951171875,389.75,374.04998779296875,377.04998779296875,362.3461608886719,6287400
2025-05-21,377.9800109863281,378.3299865722656,368.6000061035156,370.8399963378906,356.37835693359375,3966000
2025-05-22,368.0,369.2300109863281,364.57000732421875,366.1300048828125,351.85198974609375,2957300
2025-05-23,362.3800048828125,364.7200012207031,361.1499938964844,362.7099914550781,348.56536865234375,3115000
2025-05-27,365.8900146484375,370.54998779296875,365.1600036621094,370.3999938964844,355.9554748535156,3998500
2025-05-28,368.82000732421875,371.1499938964844,367.42999267578125,368.05999755859375,353.70672607421875,2986100
2025-05-29,370.0,370.3500061035156,364.05999755859375,368.2900085449219,353.9278259277344,3034800
2025-05-30,367.04998779296875,369.6400146484375,365.1199951171875,368.2900085449219,353.9278259277344,4110400
2025-06-02,365.1499938964844,368.0400085449219,361.8399963378906,367.9599914550781,353.6106872558594,2506900
2025-06-03,367.9599914550781,373.5400085449219,367.0,373.0799865722656,358.5309753417969,3359500
2025-06-04,373.0799865722656,375.3699951171875,371.6600036621094,372.3999938964844,357.87750244140625,2428800
2025-06-05,370.989990234375,371.55999755859375,367.510009765625,369.2799987792969,357.0845947265625,2324100
2025-06-06,371.510009765625,372.6499938964844,365.9700012207031,367.3299865722656,355.1990051269531,2349700
2025-06-09,367.32000732421875,367.3500061035156,364.3599853515625,365.20001220703125,353.1393737792969,2619700
2025-06-10,365.94000244140625,368.54998779296875,362.54998779296875,367.9100036621094,355.75982666015625,3014900
2025-06-11,369.1400146484375,369.1400146484375,359.30999755859375,360.4599914550781,348.55584716796875,3793500
2025-06-12,360.80999755859375,365.07000732421875,358.510009765625,363.1600036621094,351.1667175292969,2921900
2025-06-13,360.0,362.7900085449219,352.79998779296875,354.6600036621094,342.9474182128906,3364400
2025-06-16,355.8800048828125,357.1099853515625,351.8999938964844,353.55999755859375,341.88372802734375,3688600
2025-06-17,351.94000244140625,354.2900085449219,347.4100036621094,348.7799987792969,337.2615966796875,4230100
2025-06-18,350.0799865722656,350.8999938964844,345.79998779296875,347.0299987792969,335.5694274902344,4453900
2025-06-20,347.489990234375,351.2099914550781,346.82000732421875,349.6199951171875,338.0738525390625,8056500
2025-06-23,349.9700012207031,357.07000732421875,348.5199890136719,356.9599914550781,345.17144775390625,3862400
2025-06-24,356.6700134277344,361.7099914550781,355.7799987792969,360.4200134277344,348.5172119140625,4089600
2025-06-25,359.1199951171875,363.6000061035156,358.3399963378906,361.8599853515625,349.9096374511719,4159600
2025-06-26,363.2200012207031,365.2300109863281,360.6000061035156,363.5,351.4954833984375,3187900
2025-06-27,363.6099853515625,370.1499938964844,363.0,368.739990234375,356.5624084472656,5503700
2025-06-30,369.2799987792969,370.95001220703125,364.7200012207031,366.6400146484375,354.5318298339844,4600700
2025-07-01,364.3399963378906,379.69000244140625,362.95001220703125,373.1600036621094,360.83648681640625,5152600
2025-07-02,373.6499938964844,373.9700012207031,369.3699951171875,371.8500061035156,359.5697326660156,3011400
2025-07-03,371.80999755859375,373.17999267578125,368.3299865722656,371.67999267578125,359.40533447265625,2573600
2025-07-07,371.0,372.7900085449219,364.7300109863281,367.6400146484375,355.4987487792969,3433100
2025-07-08,366.0199890136719,370.3999938964844,365.1099853515625,367.5,355.3633728027344,2531700
2025-07-09,367.510009765625,371.07000732421875,364.7900085449219,371.0400085449219,358.7864990234375,3384200
2025-07-10,369.0,377.94000244140625,368.510009765625,373.29998779296875,360.97186279296875,3701700
2025-07-11,370.3599853515625,371.79998779296875,367.1099853515625,370.07000732421875,357.8485107421875,3068900
2025-07-14,370.4800109863281,371.2900085449219,366.45001220703125,370.1099853515625,357.88714599609375,2481100
2025-07-15,369.9800109863281,370.75,358.5199890136719,358.6400146484375,346.7960205078125,3868700
2025-07-16,359.8599853515625,360.95001220703125,352.4599914550781,357.3999938964844,345.596923828125,4259800
2025-07-17,356.5400085449219,360.32000732421875,354.6600036621094,359.0400085449219,347.1827697753906,3128900
2025-07-18,359.9800109863281,360.6000061035156,356.9700012207031,359.3999938964844,347.5308837890625,3361600
2025-07-21,360.7200012207031,365.7799987792969,359.8399963378906,364.0400085449219,352.0176696777344,3503900
2025-07-22,364.4800109863281,372.20001220703125,363.7200012207031,371.010009765625,358.7574462890625,3095400
2025-07-23,371.70001220703125,377.8800048828125,371.54998779296875,376.3500061035156,363.92108154296875,3238000
2025-07-24,375.4800109863281,377.8800048828125,372.260009765625,373.0899963378906,360.7687683105469,3088000
2025-07-25,374.6600036621094,375.989990234375,373.04998779296875,375.3399963378906,362.9444885253906,2221000
2025-07-28,373.739990234375,381.0799865722656,372.9800109863281,377.2300109863281,364.7720642089844,4062800
2025-07-29,377.0,379.7300109863281,374.7699890136719,377.3399963378906,364.87841796875,2931600
2025-07-30,377.67999267578125,378.5299987792969,369.6300048828125,372.0799865722656,359.7921447753906,3110700
2025-07-31,369.1700134277344,372.80999755859375,366.8399963378906,367.510009765625,355.373046875,3091600
2025-08-01,367.82000732421875,374.79998779296875,365.75,373.6600036621094,361.3199462890625,3008200
2025-08-04,374.8399963378906,381.8999938964844,373.69000244140625,380.82000732421875,368.2435302734375,2844300
2025-08-05,381.8599853515625,386.94000244140625,380.9599914550781,385.4100036621094,372.68194580078125,2931400
2025-08-06,386.0799865722656,388.92999267578125,384.5199890136719,386.79998779296875,374.0260009765625,2812800
2025-08-07,388.6199951171875,391.45001220703125,383.3599853515625,386.1700134277344,373.4168395996094,2433000
2025-08-08,387.0799865722656,389.2900085449219,386.20001220703125,387.8500061035156,375.0413513183594,2326700
2025-08-11,389.9800109863281,391.5199890136719,383.29998779296875,387.5299987792969,374.7319030761719,2605800
2025-08-12,391.4200134277344,396.3800048828125,389.0,396.0,382.92218017578125,2911300
2025-08-13,399.489990234375,407.82000732421875,398.75,407.17999267578125,393.7329406738281,5187500
2025-08-14,401.20001220703125,403.6099853515625,399.3599853515625,400.32000732421875,387.0995178222656,3600200
2025-08-15,402.2099914550781,402.7900085449219,395.42999267578125,399.3800048828125,386.1905517578125,3841400
2025-08-18,396.57000732421875,398.1400146484375,392.510009765625,394.70001220703125,381.66510009765625,4407100
2025-08-19,401.0199890136719,414.3599853515625,401.0199890136719,407.20001220703125,393.7522888183594,7629300
2025-08-20,409.67999267578125,411.1700134277344,401.6700134277344,401.739990234375,388.47259521484375,4195300
2025-08-21,399.9100036621094,404.42999267578125,396.1700134277344,397.70001220703125,384.5660400390625,2942600
2025-08-22,400.8699951171875,414.5,398.30999755859375,412.7900085449219,399.15771484375,5284700
2025-08-25,410.3599853515625,411.07000732421875,407.54998779296875,408.8999938964844,395.3961486816406,3579500
2025-08-26,408.0,409.0400085449219,404.7099914550781,407.5400085449219,394.0810546875,3180900
2025-08-27,408.7900085449219,411.69000244140625,407.20001220703125,408.239990234375,394.7579345703125,2487800
2025-08-28,407.0,408.95001220703125,404.80999755859375,407.45001220703125,393.99407958984375,4051600
2025-08-29,407.7300109863281,408.8999938964844,405.3999938964844,406.7699890136719,393.3365173339844,2210300
2025-09-02,403.67999267578125,408.5899963378906,402.75,406.30999755859375,392.8916931152344,3328600
2025-09-03,404.94000244140625,409.0199890136719,403.57000732421875,407.7099914550781,394.2454528808594,3025100
2025-09-04,408.510009765625,413.2200012207031,407.20001220703125,411.69000244140625,400.3525390625,3873100
2025-09-05,416.5899963378906,420.3999938964844,414.0199890136719,418.95001220703125,407.41259765625,5855600
2025-09-08,418.5,420.5799865722656,415.75,419.94000244140625,408.3752746582031,3742600
2025-09-09,418.1199951171875,418.7200012207031,412.75,415.3399963378906,403.9019775390625,3516000
2025-09-10,415.5199890136719,417.42999267578125,411.739990234375,413.2300109863281,401.85009765625,2897800
2025-09-11,415.70001220703125,425.2200012207031,414.25,423.4200134277344,411.7594909667969,5316400
2025-09-12,420.2699890136719,423.510009765625,418.8800048828125,422.69000244140625,411.0495910644531,5004200
2025-09-15,422.4700012207031,423.29998779296875,417.75,422.7099914550781,411.06903076171875,4884700
2025-09-16,423.75,424.5299987792969,420.0899963378906,421.45001220703125,409.8437194824219,3726700
2025-09-17,424.44000244140625,426.75,415.80999755859375,417.0,405.51629638671875,4771700
2025-09-18,417.54998779296875,421.3900146484375,415.8599853515625,417.4800109863281,405.9830627441406,3677200
2025-09-19,417.3699951171875,418.5799865722656,415.1000061035156,415.69000244140625,404.2423400878906,6718400
2025-09-22,414.1099853515625,414.8800048828125,411.1300048828125,412.0,400.6539611816406,2656300
2025-09-23,412.0,413.7300109863281,407.4599914550781,410.9100036621094,399.593994140625,2597000
2025-09-24,406.7900085449219,410.6499938964844,405.010009765625,409.7699890136719,398.48541259765625,3220700
2025-09-25,406.6499938964844,410.8599853515625,405.6099853515625,407.45001220703125,396.22930908203125,2554300
2025-09-26,408.1600036621094,411.4100036621094,405.8399963378906,410.0899963378906,398.79656982421875,2316600
2025-09-29,410.04998779296875,410.95001220703125,403.8500061035156,406.79998779296875,395.5971374511719,3008400
2025-09-30,406.6300048828125,407.0,403.4800109863281,405.19000244140625,394.0315246582031,3211600
2025-10-01,404.3900146484375,405.1300048828125,395.30999755859375,397.0199890136719,386.0865173339844,3787800
2025-10-02,395.5,397.3800048828125,393.7900085449219,395.010009765625,384.13189697265625,2964700
2025-10-03,394.1300048828125,397.32000732421875,392.6300048828125,395.05999755859375,384.1805114746094,2951300
2025-10-06,394.5,394.5,385.7200012207031,389.3299865722656,378.6082763671875,3653700
2025-10-07,389.45001220703125,389.75,385.510009765625,386.80999755859375,376.1576843261719,2505700
2025-10-08,386.4599914550781,386.4599914550781,382.9800109863281,383.7900085449219,373.2208557128906,2517600
2025-10-09,382.8999938964844,384.3599853515625,377.4599914550781,377.69000244140625,367.2888488769531,3321400
2025-10-10,380.260009765625,380.260009765625,374.7799987792969,375.75,365.4022521972656,2992400
2025-10-13,379.07000732421875,382.30999755859375,377.19000244140625,379.3699951171875,368.92254638671875,2925900
2025-10-14,378.8699951171875,388.8900146484375,378.010009765625,387.7200012207031,377.0426025390625,4399900
2025-10-15,389.2300109863281,394.3699951171875,386.7300109863281,388.29998779296875,377.60662841796875,3690100
2025-10-16,389.6600036621094,390.0,383.9700012207031,387.3900146484375,376.72174072265625,2783700
2025-10-17,388.5,393.1099853515625,387.20001220703125,391.8999938964844,381.1075134277344,2657700
2025-10-20,391.4100036621094,393.17999267578125,388.0899963378906,388.8900146484375,378.180419921875,2761100
2025-10-21,387.55999755859375,393.6300048828125,385.8599853515625,390.8999938964844,380.13507080078125,2306900
2025-10-22,391.25,393.04998779296875,388.1700134277344,388.9700012207031,378.2582092285156,2857000
2025-10-23,387.1300048828125,388.7200012207031,381.29998779296875,385.0299987792969,374.42669677734375,2767300
2025-10-24,389.70001220703125,389.70001220703125,385.6700134277344,386.67999267578125,376.03125,2426800
2025-10-27,387.70001220703125,389.2900085449219,382.8999938964844,385.2699890136719,374.66009521484375,3065800
2025-10-28,384.4200134277344,390.010009765625,382.8299865722656,385.75,375.12689208984375,2372800
2025-10-29,383.0,385.0,375.20001220703125,378.0400085449219,367.62921142578125,3852300
2025-10-30,377.7099914550781,384.70001220703125,376.1099853515625,379.54998779296875,369.09759521484375,2384300
2025-10-31,376.9599914550781,380.94000244140625,375.010009765625,379.5899963378906,369.13653564453125,2643500
2025-11-03,377.010009765625,378.4800109863281,373.67999267578125,378.3500061035156,367.9306640625,2897600
2025-11-04,377.3500061035156,383.67999267578125,376.75,383.0799865722656,372.5303955078125,2590000
2025-11-05,382.7900085449219,383.4200134277344,370.5299987792969,373.8399963378906,363.54486083984375,4763000
2025-11-06,371.82000732421875,372.6600036621094,367.54998779296875,369.07000732421875,358.90625,3622100
2025-11-07,368.989990234375,373.6499938964844,367.57000732421875,371.1099853515625,360.8900451660156,2766400
2025-11-10,369.7900085449219,370.6600036621094,363.45001220703125,370.42999267578125,360.2287902832031,3257900
2025-11-11,371.989990234375,376.0,370.9100036621094,374.239990234375,363.933837890625,2407300
2025-11-12,372.05999755859375,373.55999755859375,369.010009765625,371.1300048828125,360.90948486328125,3375800
2025-11-13,371.6600036621094,373.5199890136719,366.6199951171875,368.07000732421875,357.93377685546875,3034800
2025-11-14,365.9100036621094,367.3299865722656,359.79998779296875,362.3599853515625,352.3810119628906,3413300
2025-11-17,361.1300048828125,363.7799987792969,356.1000061035156,358.0299987792969,348.17022705078125,5127200
2025-11-18,339.9800109863281,348.79998779296875,336.010009765625,336.4800109863281,327.2137451171875,10168500
2025-11-19,340.9700012207031,341.75,331.3699951171875,334.5,325.28826904296875,7595000
2025-11-20,336.3599853515625,338.8999938964844,332.1300048828125,332.3800048828125,323.2266540527344,4025300
2025-11-21,334.57000732421875,346.9200134277344,333.0,343.32000732421875,333.8653869628906,7441300
2025-11-24,342.20001220703125,343.7099914550781,336.54998779296875,336.5799865722656,327.3109436035156,6132900
2025-11-25,339.0,353.0,338.8500061035156,351.07000732421875,341.4019470214844,6316600
2025-11-26,350.260009765625,357.3299865722656,349.0,355.4700012207031,345.6807556152344,4517300
2025-11-28,354.92999267578125,357.8299865722656,353.5,356.9200134277344,347.0908203125,2119600
2025-12-01,354.04998779296875,362.2900085449219,352.8800048828125,357.3299865722656,347.4895324707031,5107100
2025-12-02,356.8299865722656,357.5,351.29998779296875,354.0299987792969,344.2803955078125,3965300
2025-12-03,354.5,360.4700012207031,353.75,357.9100036621094,348.0535888671875,4166700
2025-12-04,356.2900085449219,357.510009765625,350.0,351.1700134277344,343.70794677734375,4022800
2025-12-05,350.6499938964844,355.6199951171875,349.5299987792969,354.6099853515625,347.0747985839844,5959200
2025-12-08,351.95001220703125,352.0899963378906,345.70001220703125,349.9100036621094,342.4747009277344,7273000
2025-12-09,347.760009765625,356.6700134277344,344.9599914550781,345.2699890136719,337.9332580566406,5063100
2025-12-10,344.1000061035156,352.0199890136719,344.0,351.1300048828125,343.6687316894531,6316100
2025-12-11,356.0,362.7200012207031,353.94000244140625,357.4599914550781,349.8642272949219,6609800
2025-12-12,359.260009765625,360.760009765625,356.04998779296875,359.6499938964844,352.0077209472656,3861200
2025-12-15,359.3900146484375,362.6700134277344,355.6199951171875,356.989990234375,349.40423583984375,4387400
2025-12-16,356.8999938964844,358.739990234375,351.80999755859375,352.67999267578125,345.185791015625,3497200
2025-12-17,351.9700012207031,357.5,350.9800109863281,356.75,349.1693115234375,3875200
2025-12-18,363.5400085449219,366.29998779296875,354.55999755859375,354.989990234375,347.4467468261719,4805200
2025-12-19,354.1099853515625,354.1099853515625,344.9200134277344,345.0,337.66900634765625,12825600
2025-12-22,345.30999755859375,347.8999938964844,343.70001220703125,346.3900146484375,339.0295104980469,3523700
2025-12-23,344.0,347.5,341.94000244140625,344.9700012207031,337.6396484375,3873400
2025-12-24,344.3399963378906,348.260009765625,343.8999938964844,347.3399963378906,339.95928955078125,1368600
2025-12-26,346.989990234375,350.04998779296875,346.57000732421875,349.7799987792969,342.3474426269531,1786900
2025-12-29,350.0,350.32000732421875,344.75,347.45001220703125,340.06695556640625,3790000
2025-12-30,346.0299987792969,346.9800109863281,343.7200012207031,346.3500061035156,338.9903564453125,2392600
2025-12-31,345.5,346.7099914550781,343.9700012207031,344.1000061035156,336.78814697265625,2317500
2026-01-02,343.42999267578125,348.489990234375,340.9200134277344,345.82000732421875,338.4715881347656,3763000
2026-01-05,342.70001220703125,347.3500061035156,341.25,344.0899963378906,336.7783508300781,4725300
2026-01-06,341.5,350.67999267578125,337.7099914550781,349.2900085449219,341.86785888671875,4680300
2026-01-07,353.3399963378906,358.5,349.0299987792969,349.05999755859375,341.6427307128906,4442700
2026-01-08,345.30999755859375,363.239990234375,344.1000061035156,359.55999755859375,351.91961669921875,5196500
2026-01-09,363.5,375.489990234375,361.30999755859375,374.6400146484375,366.67919921875,7093500
2026-01-12,374.6400146484375,376.4200134277344,369.25,374.94000244140625,366.9728088378906,5859800
2026-01-13,375.8699951171875,380.17999267578125,370.82000732421875,379.739990234375,371.67083740234375,4785800
2026-01-14,376.69000244140625,380.0899963378906,373.9700012207031,375.95001220703125,367.96136474609375,4959900
2026-01-15,376.0199890136719,380.17999267578125,374.4599914550781,379.1600036621094,371.1031494140625,2990100
2026-01-16,379.25,382.7699890136719,377.510009765625,380.1700134277344,372.0917053222656,3709000
2026-01-20,372.239990234375,377.3399963378906,371.29998779296875,375.1099853515625,367.1391906738281,5353700
2026-01-21,375.79998779296875,385.9200134277344,374.67999267578125,384.6400146484375,376.46673583984375,5169800
2026-01-22,386.45001220703125,390.6000061035156,380.5299987792969,381.0299987792969,372.93341064453125,4828100
2026-01-23,381.5,384.3699951171875,379.2099914550781,383.7699890136719,375.61517333984375,3138300
2026-01-26,385.0,387.4200134277344,381.95001220703125,386.5299987792969,378.3165588378906,3984800
2026-01-27,384.95001220703125,386.5,378.2699890136719,380.3599853515625,372.27764892578125,3466100
2026-01-28,380.2099914550781,381.0,373.6499938964844,375.29998779296875,367.3251647949219,3371500
2026-01-29,374.8999938964844,377.0899963378906,370.1499938964844,371.80999755859375,363.9093322753906,4744500
2026-01-30,372.4100036621094,375.1199951171875,368.54998779296875,374.5899963378906,366.6302490234375,3755600
2026-02-02,374.239990234375,379.6499938964844,368.239990234375,378.1199951171875,370.0852355957031,4757200
2026-02-03,377.2900085449219,391.7799987792969,377.0,381.1000061035156,373.0019226074219,5684400
2026-02-04,384.5899963378906,390.5299987792969,384.3599853515625,387.20001220703125,378.9722900390625,5574700
2026-02-05,386.67999267578125,387.0,380.8299865722656,382.3699951171875,374.2449035644531,3759700
2026-02-06,381.3399963378906,386.3699951171875,379.1000061035156,385.1499938964844,376.9658508300781,4685400
2026-02-09,384.3599853515625,385.7799987792969,378.20001220703125,381.0,372.904052734375,3639300
2026-02-10,383.80999755859375,391.739990234375,381.94000244140625,389.67999267578125,381.39959716796875,3160800
2026-02-11,385.0,391.4200134277344,382.0799865722656,390.67999267578125,382.37835693359375,3229900
2026-02-12,393.54998779296875,397.6300048828125,389.0,390.2200012207031,381.9281311035156,3702200
2026-02-13,390.20001220703125,394.0,387.1000061035156,391.04998779296875,382.7405090332031,2875900
2026-02-17,392.2300109863281,394.0,380.5,383.0400085449219,374.9007263183594,3485300
2026-02-18,382.75,385.1199951171875,379.5400085449219,383.5199890136719,375.3704833984375,2982600
2026-02-19,383.739990234375,383.739990234375,377.3900146484375,378.5799865722656,370.53546142578125,2930900
2026-02-20,377.45001220703125,384.82000732421875,375.95001220703125,382.25,374.1274719238281,3984100
2026-02-23,380.989990234375,384.1400146484375,369.5799865722656,376.989990234375,368.9792785644531,5495700
2026-02-24,389.1099853515625,394.3500061035156,382.2099914550781,384.4800109863281,376.31011962890625,5675800
2026-02-25,381.07000732421875,381.44000244140625,371.3699951171875,375.57000732421875,367.58941650390625,5036900
2026-02-26,378.3999938964844,381.4800109863281,374.94000244140625,375.0899963378906,367.11962890625,2889400
2026-02-27,373.8599853515625,382.19000244140625,372.3399963378906,380.7200012207031,372.6300048828125,4819500
2026-03-02,375.0,375.1099853515625,369.0,370.80999755859375,362.9305419921875,4537600
2026-03-03,363.7300109863281,368.7799987792969,360.1199951171875,366.9200134277344,359.1232604980469,3964700
2026-03-04,366.20001220703125,369.57000732421875,361.510009765625,369.1099853515625,361.2666931152344,4324400
2026-03-05,366.1199951171875,366.9800109863281,359.20001220703125,361.67999267578125,353.99456787109375,4752200
2026-03-06,357.5400085449219,359.45001220703125,353.2200012207031,357.9200134277344,350.31451416015625,4167400
2026-03-09,355.6000061035156,356.489990234375,345.6400146484375,353.55999755859375,346.047119140625,4224500
2026-03-10,353.0400085449219,361.6400146484375,351.0199890136719,357.1499938964844,349.56085205078125,3986000
2026-03-11,355.4599914550781,356.32000732421875,349.1099853515625,350.8399963378906,343.3849182128906,3197100
2026-03-12,346.0400085449219,348.6700134277344,338.70001220703125,338.92999267578125,333.94580078125,3893600
2026-03-13,341.69000244140625,343.4200134277344,338.0299987792969,339.0299987792969,334.0443115234375,2531900
2026-03-16,342.44000244140625,345.239990234375,340.6499938964844,342.5799865722656,337.5421142578125,3194400
2026-03-17,344.8900146484375,346.7799987792969,340.94000244140625,341.42999267578125,336.4090270996094,3075900
2026-03-18,338.6000061035156,339.79998779296875,330.1400146484375,330.92999267578125,326.0634460449219,3592200
2026-03-19,328.9599914550781,330.2300109863281,324.6300048828125,328.2099914550781,323.3834533691406,3845400
2026-03-20,327.75,330.2300109863281,320.260009765625,320.75,316.0331726074219,9672200
2026-03-23,331.989990234375,334.7200012207031,328.2099914550781,330.8999938964844,326.0339050292969,5806300
2026-03-24,325.8999938964844,332.5199890136719,323.0199890136719,330.9100036621094,326.0437316894531,4566400
2026-03-25,335.0,337.19000244140625,326.989990234375,332.510009765625,327.6202392578125,4397800
2026-03-26,331.44000244140625,334.1199951171875,326.5899963378906,328.42999267578125,323.6001892089844,3448400
2026-03-27,327.5,327.5400085449219,320.739990234375,321.6499938964844,316.919921875,3977400
2026-03-30,325.7200012207031,327.989990234375,322.5799865722656,323.5,318.7427062988281,4066000
2026-03-31,328.489990234375,331.44000244140625,323.4100036621094,328.8900146484375,324.053466796875,5749100
2026-04-01,329.3699951171875,333.0899963378906,327.80999755859375,329.55999755859375,324.7135925292969,3386200
2026-04-02,323.6000061035156,326.29998779296875,318.6600036621094,321.6300048828125,316.90020751953125,3732300
2026-04-06,319.70001220703125,326.67999267578125,318.9200134277344,326.6499938964844,321.84637451171875,2448300
2026-04-07,323.0,324.3800048828125,315.30999755859375,318.7699890136719,314.082275390625,4661600
2026-04-08,333.260009765625,338.7799987792969,332.25,336.1600036621094,331.2165222167969,4610600
2026-04-09,331.260009765625,340.57000732421875,328.45001220703125,339.5799865722656,334.58624267578125,3002000
2026-04-10,341.0400085449219,341.2300109863281,335.80999755859375,337.3399963378906,332.37921142578125,3208300
2026-04-13,335.5400085449219,341.44000244140625,331.92999267578125,341.1600036621094,336.1430358886719,3741200
2026-04-14,341.0,342.760009765625,338.3399963378906,342.7099914550781,337.6701965332031,2882500
2026-04-15,341.8500061035156,342.2699890136719,336.6199951171875,338.9100036621094,333.9261169433594,3365200
2026-04-16,339.989990234375,341.9800109863281,336.69000244140625,337.1499938964844,332.1919860839844,2856700
2026-04-17,342.8399963378906,352.0199890136719,342.8399963378906,349.3999938964844,344.2618103027344,4930400
2026-04-20,348.3399963378906,351.1700134277344,343.6199951171875,350.989990234375,345.8284606933594,3260900
2026-04-21,352.92999267578125,353.54998779296875,342.9700012207031,343.9200134277344,338.8624267578125,3081000
2026-04-22,343.95001220703125,345.239990234375,337.9200134277344,339.5,334.5074462890625,2855800
2026-04-23,339.5,340.8299865722656,336.8800048828125,340.1600036621094,335.1577453613281,2712400
2026-04-24,337.8800048828125,340.2699890136719,334.67999267578125,335.8900146484375,330.9505310058594,3255900
2026-04-27,334.4800109863281,337.3800048828125,332.1400146484375,332.29998779296875,327.4132995605469,3282900
2026-04-28,334.45001220703125,335.92999267578125,327.3599853515625,329.05999755859375,324.220947265625,4279300
2026-04-29,325.6600036621094,325.8399963378906,319.04998779296875,322.80999755859375,318.0628662109375,4150000
2026-04-30,322.239990234375,330.1199951171875,322.239990234375,328.79998779296875,323.9647521972656,4317900
2026-05-01,330.1000061035156,330.5199890136719,323.3599853515625,323.8800048828125,319.11712646484375,3865300
2026-05-04,322.0799865722656,322.0799865722656,312.260009765625,312.4200134277344,307.82568359375,6396100
2026-05-05,313.4100036621094,317.6300048828125,310.3999938964844,315.4200134277344,310.78155517578125,6391400
2026-05-06,321.9599914550781,325.239990234375,319.3500061035156,323.04998779296875,318.2993469238281,5455900
2026-05-07,325.010009765625,327.489990234375,322.42999267578125,322.6400146484375,317.8953857421875,4411700
2026-05-08,322.67999267578125,324.0,316.79998779296875,317.45001220703125,312.7817077636719,4995500
2026-05-11,316.5,317.1199951171875,309.7099914550781,311.3999938964844,306.8206481933594,4335700
2026-05-12,313.2300109863281,314.7799987792969,309.1099853515625,310.4599914550781,305.89447021484375,4225700
2026-05-13,307.6099853515625,307.69000244140625,299.2699890136719,302.54998779296875,298.1007995605469,6307800
2026-05-14,305.05999755859375,305.9800109863281,301.4200134277344,304.3500061035156,299.87432861328125,5072600
2026-05-15,300.30999755859375,302.92999267578125,296.8800048828125,297.510009765625,293.1349182128906,6121500
2026-05-18,299.25,303.7799987792969,297.29998779296875,299.80999755859375,295.4010925292969,6366100
2026-05-19,291.8699951171875,303.19000244140625,289.1000061035156,302.44000244140625,297.9924011230469,8692500
2026-05-20,301.05999755859375,311.010009765625,296.6700134277344,310.5799865722656,306.0126953125,5810900
2026-05-21,306.3599853515625,313.989990234375,304.3800048828125,313.7799987792969,309.1656494140625,4516600
2026-05-22,314.5,314.9599914550781,311.4599914550781,313.07000732421875,308.4660949707031,2963800
2026-05-26,315.05999755859375,316.7900085449219,308.9599914550781,310.5400085449219,305.9732971191406,6978200
2026-05-27,314.75,321.0,314.510009765625,317.8500061035156,313.1758117675781,5990100
2026-05-28,317.45001220703125,321.8800048828125,315.1600036621094,321.2099914550781,316.4863586425781,6818900
2026-05-29,320.4800109863281,322.1000061035156,317.0,317.1400146484375,312.47625732421875,6963300
2026-06-01,315.1300048828125,315.8900146484375,307.69000244140625,310.69000244140625,306.12109375,4544200
2026-06-02,309.9800109863281,312.20001220703125,308.57000732421875,311.5199890136719,306.9388732910156,4310000
2026-06-03,307.94000244140625,313.5199890136719,307.1199951171875,312.9700012207031,308.3675842285156,4328300
2026-06-04,317.8299865722656,320.75,308.1099853515625,309.95001220703125,307.6826171875,4558600
2026-06-05,310.8299865722656,314.04998779296875,308.6300048828125,310.7799987792969,308.50653076171875,3946300
2026-06-08,308.8800048828125,313.7699890136719,307.07000732421875,309.7099914550781,307.4443664550781,4381800
2026-06-09,311.3500061035156,322.8900146484375,310.2699890136719,321.3299865722656,318.9793395996094,4875300
2026-06-10,323.2699890136719,324.0,318.79998779296875,318.9200134277344,316.5870056152344,4823800
2026-06-11,322.2900085449219,327.0299987792969,318.54998779296875,326.010009765625,323.6251220703125,4656600
2026-06-12,328.5,331.0199890136719,325.2900085449219,328.3900146484375,325.98773193359375,3649000
2026-06-15,333.760009765625,338.0,329.5400085449219,329.82000732421875,327.4072570800781,4695000
2026-06-16,331.9100036621094,338.2699890136719,329.75,337.0899963378906,334.6240539550781,5131500
2026-06-17,336.010009765625,341.1499938964844,326.1700134277344,327.4800109863281,325.0843811035156,6085400
2026-06-18,331.70001220703125,338.0199890136719,330.8999938964844,334.2799987792969,331.8346252441406,10604400
2026-06-22,330.0,331.7300109863281,326.3399963378906,326.6199951171875,324.23065185546875,4713600
2026-06-23,323.8699951171875,329.0199890136719,321.70001220703125,324.45001220703125,322.0765380859375,4788000
2026-06-24,329.1199951171875,342.9599914550781,327.7099914550781,342.8599853515625,340.3518371582031,6385000
2026-06-25,342.25,348.6400146484375,341.82000732421875,345.0,342.4761962890625,6974100
2026-06-26,347.8999938964844,350.5,345.8500061035156,348.8599853515625,346.3079528808594,7771700
2026-06-29,348.8599853515625,351.3500061035156,345.5400085449219,350.80999755859375,348.24371337890625,5786500
2026-06-30,350.69000244140625,353.5,347.29998779296875,352.67999267578125,350.1000061035156,4579000
2026-07-01,353.9800109863281,357.1199951171875,350.8399963378906,350.8399963378906,348.27349853515625,4041300
2026-07-02,352.8399963378906,358.19000244140625,347.6499938964844,357.8999938964844,355.2818298339844,3110500
2026-07-06,357.82000732421875,358.8500061035156,345.79998779296875,350.6499938964844,348.0848693847656,4460800
2026-07-07,355.05999755859375,355.4200134277344,344.4800109863281,345.2099914550781,342.6846618652344,3592800
2026-07-08,337.989990234375,337.989990234375,330.6600036621094,336.2099914550781,333.75048828125,4192300
2026-07-09,337.760009765625,340.7300109863281,335.6099853515625,338.7300109863281,336.2520751953125,2780800
2026-07-10,339.54998779296875,344.3999938964844,337.8999938964844,343.29998779296875,340.78863525390625,2748000
2026-07-13,344.0,345.1099853515625,335.42999267578125,337.1099853515625,334.6439208984375,3650400
2026-07-14,339.5199890136719,341.75,336.57000732421875,337.739990234375,335.2693176269531,2807300
2026-07-15,338.989990234375,346.25,337.260009765625,341.44000244140625,338.9422607421875,3953100
2026-07-16,341.54998779296875,350.80999755859375,340.6400146484375,348.0199890136719,345.4740905761719,3810300
2026-07-17,348.92999267578125,353.9800109863281,338.0899963378906,338.8699951171875,336.39105224609375,4434000
2026-07-20,339.9700012207031,340.20001220703125,331.4100036621094,333.0400085449219,330.60369873046875,4125300
2026-07-21,331.29998779296875,333.0,327.0,331.6000061035156,329.1742248535156,3112600
2026-07-22,333.5299987792969,336.55999755859375,330.7099914550781,331.45001220703125,329.02532958984375,2907700
2026-07-23,325.29998779296875,328.2300109863281,323.04998779296875,324.7099914550781,322.3346252441406,4523100
2026-07-24,325.07000732421875,333.4599914550781,323.2300109863281,332.9800109863281,330.5441589355469,3874500
2026-07-27,339.3900146484375,341.8900146484375,335.3500061035156,336.0899963378906,333.6313781738281,3622400
2026-07-28,342.6400146484375,349.42999267578125,342.6000061035156,344.4700012207031,341.9500732421875,4308000
2026-07-29,340.3800048828125,345.2699890136719,336.9599914550781,338.2699890136719,335.7954406738281,4028500
2026-07-30,334.989990234375,335.69000244140625,330.25,333.3500061035156,330.91143798828125,6275400
2026-07-31,332.44000244140625,334.0,328.79998779296875,331.9599914550781,329.5315856933594,4961900
2026-08-03,339.79998779296875,343.6400146484375,333.7200012207031,340.0199890136719,337.5326232910156,2908100
2026-08-04,340.2300109863281,350.8599853515625,339.3500061035156,348.239990234375,345.6925048828125,4275000
2026-08-05,350.1600036621094,354.54998779296875,348.1499938964844,353.1400146484375,350.5566711425781,3140400
2026-08-06,353.5,353.54998779296875,347.510009765625,349.5199890136719,346.963134765625,2622400
2026-08-07,351.510009765625,356.8299865722656,348.739990234375,355.6199951171875,353.0185241699219,3584800
2026-08-10,352.1000061035156,354.0,347.05999755859375,350.7799987792969,348.21392822265625,3124800
2026-08-11,352.2900085449219,358.3599853515625,350.6000061035156,354.4800109863281,351.8868713378906,2549700
2026-08-12,352.0,353.8699951171875,343.0299987792969,343.42999267578125,340.9176940917969,3965800
2026-08-13,347.0,347.75,340.510009765625,341.70001220703125,339.2003479003906,2439900
2026-08-14,340.80999755859375,340.80999755859375,336.010009765625,338.8599853515625,336.381103515625,3073100
2026-08-17,334.7099914550781,339.44000244140625,332.8900146484375,337.8800048828125,335.4082946777344,5580000
2026-08-18,336.7799987792969,344.5400085449219,330.69000244140625,337.489990234375,335.0211486816406,6603400
2026-08-19,341.4200134277344,350.3999938964844,341.4200134277344,344.29998779296875,341.78131103515625,4971000
2026-08-20,336.0,338.8800048828125,331.5899963378906,334.489990234375,332.0430908203125,4027700
2026-08-21,336.5199890136719,338.5799865722656,333.0,335.6099853515625,333.1548767089844,3422800
2026-08-24,335.8800048828125,342.2200012207031,335.1600036621094,337.42999267578125,334.9615783691406,3298600
2026-08-25,339.3699951171875,339.489990234375,333.70001220703125,337.8800048828125,335.4082946777344,2528100
2026-08-26,339.42999267578125,339.44000244140625,334.510009765625,334.8500061035156,332.40045166015625,4258100
2026-08-27,330.57000732421875,332.010009765625,327.8800048828125,328.6099853515625,326.2060852050781,3618000
2026-08-28,330.5,331.6099853515625,327.5,330.19000244140625,327.7745361328125,3136100
2026-08-31,328.239990234375,329.25,325.75,327.8299865722656,325.4317932128906,3858700
2026-09-01,326.010009765625,326.8299865722656,318.79998779296875,319.7699890136719,317.4307556152344,3291000
2026-09-02,321.5,322.1700134277344,317.7099914550781,318.510009765625,316.17999267578125,3499300
2026-09-03,318.2099914550781,320.44000244140625,315.2099914550781,318.07000732421875,318.07000732421875,3377700
2026-09-04,316.70001220703125,321.79998779296875,316.1000061035156,321.04998779296875,321.04998779296875,2261000
2026-09-08,320.7300109863281,321.5,313.239990234375,313.70001220703125,313.70001220703125,5655700
2026-09-09,310.4700012207031,313.3900146484375,309.8399963378906,310.45001220703125,310.45001220703125,3611700
2026-09-10,308.1300048828125,308.2799987792969,304.29998779296875,305.69000244140625,305.69000244140625,4493800
2026-09-11,309.0899963378906,311.2099914550781,307.8999938964844,308.739990234375,308.739990234375,3488800
2026-09-14,307.1700134277344,312.6700134277344,306.5,310.8699951171875,310.8699951171875,4178400
2026-09-15,310.6000061035156,311.1300048828125,304.32000732421875,305.4800109863281,305.4800109863281,4494200
2026-09-16,307.489990234375,308.79998779296875,302.4700012207031,302.4700012207031,302.4700012207031,3720400
2026-09-17,307.010009765625,310.3999938964844,302.5,302.510009765625,302.510009765625,4152600
2026-09-18,298.67999267578125,302.25,298.25,299.9800109863281,299.9800109863281,8191600
2026-09-21,301.0,301.739990234375,295.3900146484375,297.20001220703125,297.20001220703125,5434300
2026-09-22,302.0899963378906,306.30999755859375,300.17999267578125,305.3500061035156,305.3500061035156,5456100
2026-09-23,303.42999267578125,304.1300048828125,296.6700134277344,296.7200012207031,296.7200012207031,4684900
2026-09-24,296.0,299.1000061035156,291.07000732421875,292.17999267578125,292.17999267578125,7053800
2026-09-25,292.69000244140625,297.1400146484375,291.3999938964844,293.20001220703125,293.20001220703125,5968600
2026-09-28,290.2699890136719,293.9100036621094,289.30999755859375,289.8900146484375,289.8900146484375,5415600
2026-09-29,290.9100036621094,291.8299865722656,287.3399963378906,288.0400085449219,288.0400085449219,6009200
2026-09-30,290.3999938964844,290.5400085449219,284.010009765625,284.489990234375,284.489990234375,5766600
