Date,Open,High,Low,Close,Adj Close,Volume
2020-12-31,208.56736755371094,210.5443115234375,207.25270080566406,210.24777221679688,187.32998657226562,1422804
2021-01-04,210.3861541748047,210.55419921875,203.98086547851562,205.5525360107422,183.14654541015625,2356063
2021-01-05,204.59371948242188,207.76670837402344,204.59371948242188,206.05665588378906,183.595703125,2197434
2021-01-06,207.03524780273438,211.5130157470703,206.81777954101562,209.81285095214844,186.94247436523438,2779950
2021-01-07,210.43557739257812,211.5426788330078,208.3696746826172,210.1588134765625,187.25074768066406,2081295
2021-01-08,210.34661865234375,210.9495849609375,205.27577209472656,207.60855102539062,184.97848510742188,3317143
2021-01-11,205.710693359375,207.20327758789062,205.4339141845703,205.9578094482422,183.5076446533203,2973178
2021-01-12,205.4635772705078,207.0648956298828,202.8935546875,206.47181701660156,183.96563720703125,2527945
2021-01-13,205.8787384033203,206.21481323242188,204.02040100097656,204.6332550048828,182.32749938964844,2170119
2021-01-14,205.64149475097656,207.36143493652344,204.79141235351562,206.20492553710938,183.7278289794922,3704206
2021-01-15,205.1373748779297,205.4635772705078,202.83424377441406,203.59536743164062,181.40274047851562,3932842
2021-01-19,205.8391876220703,206.3531951904297,204.06983947753906,204.37625122070312,182.09844970703125,2687282
2021-01-20,205.52288818359375,206.2642364501953,204.28729248046875,205.68104553222656,183.26109313964844,2481004
2021-01-21,204.47509765625,205.41415405273438,202.7353973388672,202.8638916015625,180.75100708007812,2736651
2021-01-22,201.9050750732422,202.10276794433594,199.0681610107422,199.9182586669922,178.12646484375,3543554
2021-01-25,199.01873779296875,200.2246856689453,197.7930450439453,199.54263305664062,177.79173278808594,4792958
2021-01-26,201.48992919921875,202.40919494628906,198.6628875732422,198.74197387695312,177.07838439941406,2227582
2021-01-27,195.82598876953125,198.4454345703125,194.2642059326172,197.0813446044922,175.59877014160156,4156521
2021-01-28,198.3070526123047,202.98251342773438,197.32846069335938,200.50144958496094,178.64605712890625,3775225
2021-01-29,194.2444305419922,198.62335205078125,192.30702209472656,193.11756896972656,172.0670623779297,4689161
2021-02-01,195.27244567871094,195.48989868164062,193.0286102294922,193.30538940429688,172.2344207763672,2922696
2021-02-02,195.54920959472656,198.55416870117188,195.23289489746094,197.81280517578125,176.25047302246094,2800082
2021-02-03,197.32846069335938,197.59535217285156,195.13404846191406,196.8441162109375,175.38735961914062,1932378
2021-02-04,197.52615356445312,199.13735961914062,196.53768920898438,198.2773895263672,176.6644287109375,2299815
2021-02-05,199.8984832763672,201.5195770263672,198.95944213867188,200.58053588867188,178.7165069580078,1889889
2021-02-08,201.47015380859375,202.53770446777344,200.2246856689453,201.5096893310547,179.54440307617188,2099910
2021-02-09,201.252685546875,201.45037841796875,198.76174926757812,199.69090270996094,177.92385864257812,1814924
2021-02-10,200.65960693359375,201.0055694580078,198.860595703125,199.82928466796875,178.0471954345703,1916698
2021-02-11,199.84906005859375,200.75845336914062,198.5640411376953,199.84906005859375,178.0647735595703,1728933
2021-02-12,200.036865234375,201.4405059814453,199.32516479492188,201.22303771972656,179.28892517089844,2013514
2021-02-16,202.4981689453125,203.19998168945312,199.55252075195312,201.0945281982422,179.17449951171875,2310032
2021-02-17,199.03851318359375,199.85894775390625,197.55580139160156,199.57229614257812,177.81817626953125,2944143
2021-02-18,199.17689514160156,202.4586181640625,198.33670043945312,201.17361450195312,179.2449493408203,1785485
2021-02-19,201.76669311523438,204.44544982910156,200.97592163085938,201.21315002441406,179.28016662597656,2462794
2021-02-22,200.6991424560547,201.9446258544922,200.08628845214844,201.2724609375,179.33302307128906,2231022
2021-02-23,202.6464385986328,203.46685791015625,200.6299591064453,202.67608642578125,180.58363342285156,2487984
2021-02-24,202.52781677246094,209.69422912597656,201.15383911132812,208.59703063964844,185.85919189453125,3380474
2021-02-25,207.52947998046875,208.03359985351562,201.9050750732422,202.42897033691406,181.161865234375,2766900
2021-02-26,203.25929260253906,203.4273223876953,199.74032592773438,200.01710510253906,179.0032958984375,3708455
2021-03-01,201.97427368164062,205.75022888183594,201.34165954589844,203.8424835205078,182.42681884765625,2565579
2021-03-02,204.38613891601562,205.59207153320312,202.81446838378906,204.19833374023438,182.7453155517578,2529361
2021-03-03,203.74363708496094,207.03524780273438,203.74363708496094,204.62338256835938,183.12567138671875,2737966
2021-03-04,204.95945739746094,205.64149475097656,198.1983184814453,200.6002960205078,179.52529907226562,2831444
2021-03-05,202.17196655273438,205.0681915283203,199.45367431640625,204.19833374023438,182.7453155517578,2891132
2021-03-08,205.1472625732422,210.0006561279297,204.81118774414062,205.305419921875,183.7360382080078,3253409
2021-03-09,206.58055114746094,207.51959228515625,204.109375,205.21646118164062,183.65646362304688,2674130
2021-03-10,205.28564453125,210.8112030029297,205.25599670410156,210.45535278320312,188.34494018554688,4383032
2021-03-11,209.3482666015625,212.28402709960938,208.76507568359375,210.05007934570312,187.9822540283203,2994220
2021-03-12,210.8309783935547,212.90676879882812,210.74200439453125,211.9084014892578,189.6453857421875,1860652
2021-03-15,211.24612426757812,214.49819946289062,210.24777221679688,213.70742797851562,191.25538635253906,2590870
2021-03-16,213.86558532714844,213.97430419921875,208.97264099121094,209.3680419921875,187.37191772460938,2607765
2021-03-17,211.03855895996094,211.95782470703125,209.4965362548828,210.573974609375,188.45115661621094,2762044
2021-03-18,211.03855895996094,216.4751434326172,210.7222442626953,212.54103088378906,190.21153259277344,4343982
2021-03-19,212.88699340820312,213.10446166992188,209.72389221191406,210.45535278320312,188.34494018554688,10228727
2021-03-22,208.6761016845703,210.22801208496094,207.11431884765625,209.68434143066406,187.6549530029297,3345065
2021-03-23,207.9940643310547,209.9018096923828,205.4734649658203,206.18516540527344,184.52342224121094,1936122
2021-03-24,207.53936767578125,212.5706787109375,207.4701690673828,209.7733154296875,187.73458862304688,2591983
2021-03-25,209.763427734375,211.58221435546875,205.8490753173828,211.41416931152344,189.2030487060547,2243364
2021-03-26,212.63987731933594,216.16871643066406,211.67117309570312,216.01055908203125,193.31651306152344,2569625
2021-03-29,215.1407012939453,217.13742065429688,214.63658142089844,216.3565216064453,193.6261749267578,3099636
2021-03-30,216.4751434326172,216.7815704345703,214.54762268066406,215.5756378173828,192.9273223876953,2476653
2021-03-31,215.6744842529297,216.6431884765625,214.25108337402344,214.56739807128906,192.02499389648438,2478576
2021-04-01,215.44712829589844,215.45701599121094,213.005615234375,214.30050659179688,191.7862091064453,2134205
2021-04-05,216.18849182128906,217.5723419189453,215.85240173339844,216.74203491210938,193.97119140625,2285044
2021-04-06,217.03857421875,218.5015106201172,215.99078369140625,216.66294860839844,193.90040588378906,1816948
2021-04-07,215.70413208007812,217.34500122070312,214.7749786376953,215.9809112548828,193.29000854492188,1737229
2021-04-08,215.6645965576172,217.424072265625,214.14234924316406,217.32522583007812,194.49307250976562,2095863
2021-04-09,224.8771514892578,225.00564575195312,220.73545837402344,224.36314392089844,200.7915802001953,3906943
2021-04-12,223.03858947753906,226.5872039794922,222.9595184326172,225.96446228027344,202.22467041015625,2691126
2021-04-13,226.5674285888672,227.2989044189453,224.9759979248047,226.35984802246094,202.5785369873047,2781973
2021-04-14,225.3713836669922,228.326904296875,225.3713836669922,226.7354736328125,202.91473388671875,2212002
2021-04-15,227.57566833496094,228.05014038085938,225.934814453125,227.19017028808594,203.32167053222656,2032837
2021-04-16,229.0089569091797,229.67123413085938,227.3977508544922,229.43399047851562,205.3297576904297,4145898
2021-04-19,229.03860473632812,229.43399047851562,227.84255981445312,228.30714416503906,204.32122802734375,2938275
2021-04-20,227.34832763671875,227.5361328125,223.17697143554688,224.7091064453125,201.10122680664062,2074517
2021-04-21,224.51141357421875,228.01060485839844,224.313720703125,227.84255981445312,203.90548706054688,1742489
2021-04-22,227.74371337890625,229.35491943359375,226.1621551513672,226.61685180664062,202.80850219726562,2545548
2021-04-23,222.60366821289062,224.33348083496094,219.65802001953125,221.91172790527344,198.5977020263672,5372338
2021-04-26,222.98916625976562,223.13743591308594,218.70909118652344,218.96609497070312,195.9615936279297,3653522
2021-04-27,219.4603271484375,221.17037963867188,218.56082153320312,220.35983276367188,197.2089080810547,2819000
2021-04-28,220.17202758789062,221.55587768554688,219.93478393554688,220.30052185058594,197.1558074951172,2193185
2021-04-29,221.13084411621094,221.57565307617188,219.12423706054688,221.3186492919922,198.06698608398438,1810574
2021-04-30,220.44879150390625,221.00233459472656,218.4916229248047,220.46856689453125,197.3061981201172,2242757
2021-05-03,221.65472412109375,222.18850708007812,219.6975555419922,220.62672424316406,197.44776916503906,2244578
2021-05-04,219.5789337158203,222.99905395507812,218.20497131347656,222.8310089111328,199.4204559326172,2859973
2021-05-05,223.68109130859375,224.64979553222656,223.15721130371094,223.58224487304688,200.0927734375,2745554
2021-05-06,224.63003540039062,226.1819305419922,222.8507843017578,226.02377319335938,202.27777099609375,2076844
2021-05-07,225.4998779296875,227.05178833007812,223.7601776123047,226.1522674560547,202.39280700683594,1979927
2021-05-10,226.35984802246094,229.9677734375,226.35984802246094,228.27748107910156,204.2947540283203,2419494
2021-05-11,225.43069458007812,226.61685180664062,221.66461181640625,226.51800537109375,202.72006225585938,3419625
2021-05-12,224.0270538330078,224.63990783691406,217.35487365722656,217.50315856933594,194.65234375,4246053
2021-05-13,216.30709838867188,222.2774658203125,216.2181396484375,221.10118103027344,198.7122039794922,2938579
2021-05-14,223.13743591308594,225.59872436523438,222.267578125,224.73875427246094,201.98141479492188,2105575
2021-05-17,225.23300170898438,225.23300170898438,222.1489715576172,223.85902404785156,201.19081115722656,2082105
2021-05-18,222.77169799804688,223.38455200195312,219.66790771484375,219.75686645507812,197.5040283203125,2428397
2021-05-19,218.12588500976562,218.9166717529297,214.28073120117188,218.76840209960938,196.6156463623047,3085776
2021-05-20,217.94796752929688,220.32029724121094,217.92819213867188,219.56906127929688,197.33522033691406,2233551
2021-05-21,220.4290313720703,223.02870178222656,220.0929412841797,220.62672424316406,198.2858123779297,2301130
2021-05-24,221.91172790527344,222.9199676513672,220.59706115722656,222.40597534179688,199.8848876953125,1834652
2021-05-25,222.40597534179688,223.1077880859375,220.8145294189453,221.45703125,199.03204345703125,1825648
2021-05-26,222.36642456054688,222.39608764648438,220.73545837402344,221.68438720703125,199.23635864257812,1768185
2021-05-27,224.07647705078125,229.06826782226562,223.97763061523438,228.6036834716797,205.4550018310547,6724426
2021-05-28,229.3252716064453,229.5625,227.65475463867188,228.24783325195312,205.1351776123047,2558800
2021-06-01,230.2050018310547,230.99578857421875,228.84091186523438,230.26431274414062,206.94741821289062,2260056
2021-06-02,231.3219757080078,231.3219757080078,227.84255981445312,228.0797882080078,204.984130859375,2251356
2021-06-03,228.05014038085938,228.96942138671875,225.83596801757812,226.5575408935547,203.61607360839844,2348374
2021-06-04,227.111083984375,228.0896759033203,226.54766845703125,227.3977508544922,204.3711700439453,1315163
2021-06-07,226.8639678955078,227.7041778564453,224.90679931640625,225.55918884277344,202.7187957763672,2056105
2021-06-08,225.6778106689453,228.15887451171875,224.81784057617188,227.16050720214844,204.15797424316406,1740668
2021-06-09,227.17039489746094,227.74371337890625,224.9759979248047,225.18357849121094,202.38121032714844,1996417
2021-06-10,226.4784698486328,227.4076385498047,223.54270935058594,223.6415557861328,200.9953155517578,2249535
2021-06-11,225.124267578125,225.69757080078125,221.37796020507812,222.58389282226562,200.0447540283203,2021911
2021-06-14,222.32688903808594,222.35653686523438,220.16213989257812,220.59706115722656,198.2591552734375,2616263
2021-06-15,220.44879150390625,221.27911376953125,219.11436462402344,219.93478393554688,197.6638946533203,2087062
2021-06-16,219.93478393554688,220.33018493652344,216.0797576904297,216.4652557373047,194.54571533203125,3087901
2021-06-17,216.67283630371094,217.6613006591797,212.25436401367188,213.79638671875,192.1470947265625,2453689
2021-06-18,211.1374053955078,212.80792236328125,209.5163116455078,210.05007934570312,188.78013610839844,5489590
2021-06-21,212.26425170898438,214.92324829101562,211.86886596679688,213.50973510742188,191.88949584960938,2905902
2021-06-22,213.19342041015625,214.30050659179688,212.40264892578125,213.005615234375,191.43643188476562,2135520
2021-06-23,213.18353271484375,213.87545776367188,212.08633422851562,212.1851806640625,190.69903564453125,2260259
2021-06-24,213.30215454101562,215.52621459960938,212.17529296875,215.1802520751953,193.39080810546875,3403540
2021-06-25,215.35816955566406,217.63165283203125,214.82440185546875,216.2181396484375,194.32362365722656,5279973
2021-06-28,216.59376525878906,217.5723419189453,213.8062744140625,214.29061889648438,192.59130859375,2387829
2021-06-29,214.52784729003906,215.84251403808594,212.93641662597656,213.46031188964844,191.8450469970703,3036913
2021-06-30,213.04515075683594,217.32522583007812,213.04515075683594,216.82110595703125,194.86553955078125,2899731
2021-07-01,218.03692626953125,218.70909118652344,217.12753295898438,218.0764617919922,195.99380493164062,1649214
2021-07-02,218.44219970703125,219.48997497558594,217.1769561767578,218.76840209960938,196.6156463623047,1560693
2021-07-06,217.55258178710938,218.4026641845703,213.44053649902344,216.04022216796875,194.16372680664062,1958176
2021-07-07,215.51632690429688,219.0352783203125,215.49655151367188,218.19508361816406,196.10037231445312,1581432
2021-07-08,216.04022216796875,218.16542053222656,214.62669372558594,216.7914581298828,194.8389129638672,2432747
2021-07-09,218.4817352294922,222.0105743408203,218.19508361816406,221.75357055664062,199.29855346679688,2187014
2021-07-12,220.31040954589844,223.097900390625,219.56906127929688,222.4257354736328,199.90264892578125,2090400
2021-07-13,223.2461700439453,223.2461700439453,221.13084411621094,221.49658203125,199.06753540039062,1433831
2021-07-14,221.58554077148438,226.12261962890625,221.58554077148438,225.14402770996094,202.34567260742188,2662496
2021-07-15,227.34832763671875,230.73878479003906,226.39938354492188,230.1259307861328,206.8231201171875,5611495
2021-07-16,229.51307678222656,231.163818359375,226.9727020263672,227.6745147705078,204.6199188232422,3634705
2021-07-19,223.0682373046875,223.99740600585938,217.47349548339844,218.11599731445312,196.029296875,6178330
2021-07-20,219.08470153808594,228.6036834716797,218.94631958007812,227.01223754882812,204.02467346191406,28566443
2021-07-21,226.5575408935547,229.3944549560547,226.0929718017578,229.17698669433594,205.9702606201172,4607824
2021-07-22,230.02708435058594,231.54931640625,227.47682189941406,230.05673217773438,206.7609405517578,3723124
2021-07-23,226.35984802246094,228.45541381835938,223.57235717773438,226.67616271972656,203.72265625,3953986
2021-07-26,225.84584045410156,227.111083984375,222.62342834472656,226.60696411132812,203.6604461669922,2809086
2021-07-27,226.04354858398438,229.59214782714844,225.46034240722656,227.7041778564453,204.64657592773438,2192376
2021-07-28,227.41751098632812,229.60203552246094,226.7255859375,227.83267211914062,204.7620849609375,1733890
2021-07-29,230.2050018310547,230.56085205078125,228.67286682128906,230.1951141357422,206.88528442382812,1519417
2021-07-30,230.1061553955078,231.24290466308594,229.4043426513672,231.09463500976562,207.69374084472656,2263395
2021-08-02,232.42906188964844,234.1292266845703,229.542724609375,229.74041748046875,206.4766387939453,2048922
2021-08-03,230.48178100585938,231.1539306640625,227.921630859375,229.9677734375,206.68093872070312,1803796
2021-08-04,229.1275634765625,230.29396057128906,226.27088928222656,226.94305419921875,203.96250915527344,2351106
2021-08-05,226.8837432861328,228.8804473876953,226.3104248046875,227.22970581054688,204.22018432617188,1484313
2021-08-06,227.34832763671875,228.22805786132812,226.36973571777344,227.03201293945312,204.0424346923828,1342882
2021-08-09,226.13250732421875,226.67616271972656,224.92657470703125,225.59872436523438,202.7543487548828,1385777
2021-08-10,225.7766571044922,229.3944549560547,225.489990234375,229.20664978027344,205.99691772460938,2416662
2021-08-11,229.91835021972656,231.974365234375,229.19676208496094,231.48013305664062,208.04014587402344,2122976
2021-08-12,230.82774353027344,231.05508422851562,228.04025268554688,229.26596069335938,206.87179565429688,1939561
2021-08-13,229.17698669433594,229.9776611328125,228.4850616455078,229.08802795410156,206.71116638183594,1421084
2021-08-16,229.18687438964844,231.10450744628906,227.516357421875,231.04519653320312,208.47720336914062,1815430
2021-08-17,230.5015411376953,231.0056610107422,225.70745849609375,228.78160095214844,206.4346923828125,2710348
2021-08-18,227.30877685546875,228.82115173339844,225.60861206054688,225.7865447998047,203.7322235107422,2585104
2021-08-19,224.9562225341797,226.5970916748047,223.43397521972656,225.1044921875,203.11676025390625,1967787
2021-08-20,225.4998779296875,226.0929718017578,223.8985595703125,225.07484436035156,203.09002685546875,2105272
2021-08-23,224.63003540039062,228.93975830078125,224.63003540039062,226.4685821533203,204.34759521484375,2168298
2021-08-24,226.21157836914062,228.25772094726562,225.6778106689453,227.7832489013672,205.5338592529297,1280159
2021-08-25,228.1984100341797,229.66134643554688,226.1621551513672,228.00071716308594,205.73008728027344,1825243
2021-08-26,227.42739868164062,228.5147247314453,226.78489685058594,228.21817016601562,205.92633056640625,1318299
2021-08-27,228.9101104736328,230.86727905273438,228.00071716308594,228.4751739501953,206.15821838378906,1683003
2021-08-30,228.55426025390625,230.0962677001953,227.90187072753906,229.19676208496094,206.809326171875,1333676
2021-08-31,228.7618408203125,229.9677734375,227.91175842285156,229.23629760742188,206.8450164794922,1979117
2021-09-01,230.26431274414062,230.5015411376953,226.65638732910156,227.150634765625,204.9630584716797,2513276
2021-09-02,228.25772094726562,228.771728515625,227.1209716796875,228.30714416503906,206.00657653808594,1613097
2021-09-03,228.3367919921875,228.3367919921875,225.14402770996094,225.72723388671875,203.67872619628906,1641323
2021-09-07,225.07484436035156,225.07484436035156,220.20167541503906,220.35983276367188,198.83554077148438,3259984
2021-09-08,220.18191528320312,222.30711364746094,219.26263427734375,221.81288146972656,200.14669799804688,2456926
2021-09-09,221.3285369873047,222.38619995117188,219.76675415039062,220.35983276367188,198.83554077148438,1960503
2021-09-10,220.3993682861328,222.59378051757812,219.64813232421875,219.80628967285156,198.3360595703125,2385401
2021-09-13,221.7338104248047,223.1077880859375,219.64813232421875,221.02210998535156,199.43316650390625,2803724
2021-09-14,221.4669189453125,221.53611755371094,217.1769561767578,217.65142822265625,196.3917236328125,2731188
2021-09-15,218.0863494873047,220.34005737304688,217.6020050048828,219.13412475585938,197.72959899902344,2045280
2021-09-16,218.71896362304688,218.85736083984375,216.00067138671875,217.11764526367188,195.9100799560547,2421417
2021-09-17,217.32522583007812,217.32522583007812,214.992431640625,215.9710235595703,194.87545776367188,4442821
2021-09-20,213.59869384765625,215.32852172851562,211.72059631347656,213.2428436279297,192.4137420654297,4055253
2021-09-21,214.29061889648438,214.4388885498047,211.87875366210938,212.4224090576172,191.67343139648438,2598660
2021-09-22,213.9446563720703,215.91171264648438,213.82603454589844,214.51797485351562,193.56431579589844,2307706
2021-09-23,214.79473876953125,218.8178253173828,214.79473876953125,217.1670684814453,195.95460510253906,2205426
2021-09-24,217.20660400390625,218.2642822265625,215.9512481689453,216.66294860839844,195.49978637695312,1971833
2021-09-27,216.41583251953125,217.2955780029297,215.21978759765625,215.3878173828125,194.34921264648438,2224952
2021-09-28,214.12257385253906,215.8326416015625,211.99737548828125,212.49160766601562,191.73593139648438,2685056
2021-09-29,213.34169006347656,213.91500854492188,212.07644653320312,212.4421844482422,191.69126892089844,2133598
2021-09-30,213.67776489257812,213.75685119628906,209.65469360351562,209.83261108398438,189.33660888671875,2968625
2021-10-01,210.52455139160156,213.9248809814453,209.1999969482422,213.16375732421875,192.3423614501953,2303052
2021-10-04,212.76837158203125,214.12257385253906,210.7321319580078,211.74037170410156,191.05799865722656,2662901
2021-10-05,211.14727783203125,214.54762268066406,211.14727783203125,213.2329559326172,192.40481567382812,1578296
2021-10-06,211.30543518066406,214.48831176757812,210.66293334960938,214.3598175048828,193.42161560058594,1756147
2021-10-07,215.48666381835938,217.32522583007812,215.20001220703125,215.85240173339844,194.76837158203125,1874208
2021-10-08,216.15882873535156,217.018798828125,214.24119567871094,215.19012451171875,194.1708221435547,1360485
2021-10-11,214.8738250732422,215.70413208007812,212.77825927734375,212.80792236328125,192.02133178710938,1371006
2021-10-12,213.2131805419922,213.74696350097656,211.46359252929688,211.85897827148438,191.1650390625,1399839
2021-10-13,212.80792236328125,214.181884765625,210.48500061035156,213.09457397460938,192.27999877929688,1618864
2021-10-14,214.65635681152344,216.25767517089844,214.0336151123047,216.0698699951172,194.96463012695312,1442126
2021-10-15,217.76014709472656,218.8968963623047,216.73214721679688,218.17530822753906,196.86441040039062,2206033
2021-10-18,216.0599822998047,218.9166717529297,215.32852172851562,218.0863494873047,196.78416442871094,1905266
2021-10-19,218.8079376220703,219.2823944091797,216.92984008789062,219.22308349609375,197.80987548828125,1618257
2021-10-20,219.66790771484375,221.11106872558594,218.28404235839844,221.0616455078125,199.4687957763672,1676225
2021-10-21,221.04188537597656,222.267578125,218.68931579589844,221.93150329589844,200.25372314453125,2680099
2021-10-22,220.3993682861328,221.3186492919922,214.7354278564453,214.89358520507812,193.90322875976562,3539406
2021-10-25,214.31039428710938,216.4751434326172,213.16375732421875,215.031982421875,194.02813720703125,2742013
2021-10-26,215.6843719482422,217.92819213867188,214.27085876464844,215.802978515625,194.7238311767578,2472404
2021-10-27,215.5855255126953,215.6448211669922,212.7387237548828,213.2329559326172,192.40481567382812,1666311
2021-10-28,211.9084014892578,216.25767517089844,211.9084014892578,215.9611358642578,194.86651611328125,1970619
2021-10-29,215.48666381835938,217.76014709472656,214.55751037597656,216.09951782226562,194.99139404296875,2645804
2021-11-01,216.17860412597656,217.51303100585938,215.5558624267578,217.22637939453125,196.00819396972656,1717602
2021-11-02,217.9973907470703,219.41090393066406,216.72225952148438,218.639892578125,197.28359985351562,2324196
2021-11-03,218.36312866210938,220.47845458984375,217.0484619140625,220.23133850097656,198.71963500976562,2081295
2021-11-04,220.1028289794922,222.24781799316406,219.51963806152344,219.92491149902344,198.44314575195312,2347059
2021-11-05,221.65472412109375,224.98587036132812,221.2395782470703,223.45375061035156,201.62728881835938,2356367
2021-11-08,225.18357849121094,225.60861206054688,221.79312133789062,223.12754821777344,201.33294677734375,1735408
2021-11-09,223.097900390625,225.62838745117188,222.75193786621094,225.124267578125,203.13461303710938,2396631
2021-11-10,224.64979553222656,225.2824249267578,222.58389282226562,222.8112335205078,201.91639709472656,1340252
2021-11-11,222.90020751953125,222.90020751953125,218.05670166015625,218.46197509765625,197.97496032714844,1614413
2021-11-12,219.38124084472656,219.97433471679688,216.96937561035156,219.82606506347656,199.21112060546875,2210080
2021-11-15,220.06329345703125,221.45703125,219.08470153808594,219.90513610839844,199.2827911376953,1221988
2021-11-16,220.05340576171875,220.70579528808594,218.5113983154297,218.8178253173828,198.29745483398438,1667727
2021-11-17,218.44219970703125,218.73873901367188,217.06822204589844,217.94796752929688,197.50914001464844,1918721
2021-11-18,216.96937561035156,218.4026641845703,216.4949188232422,218.15554809570312,197.69729614257812,1707991
2021-11-19,218.46197509765625,218.6497802734375,214.66624450683594,215.9710235595703,195.71763610839844,2120548
2021-11-22,215.8128662109375,218.5015106201172,215.51632690429688,215.62506103515625,195.40408325195312,2480194
2021-11-23,214.8540496826172,215.9413604736328,212.66952514648438,213.50973510742188,193.48712158203125,4068304
2021-11-24,212.65963745117188,213.42076110839844,209.39768981933594,209.763427734375,190.09213256835938,3304093
2021-11-26,202.58712768554688,206.59043884277344,200.23455810546875,205.80953979492188,186.5090789794922,3902795
2021-11-29,207.78648376464844,207.78648376464844,204.61349487304688,205.26588439941406,186.0164031982422,2628403
2021-11-30,203.8523712158203,204.089599609375,198.79139709472656,199.9083709716797,181.16127014160156,5746552
2021-12-01,203.279052734375,203.50640869140625,196.88365173339844,197.12088012695312,178.6352081298828,3159526
2021-12-02,198.64312744140625,203.08135986328125,197.199951171875,201.6480712890625,182.73782348632812,6074938
2021-12-03,201.657958984375,202.12254333496094,198.6826629638672,201.15383911132812,182.28993225097656,3587258
2021-12-06,202.8638916015625,205.69091796875,202.50804138183594,203.87213134765625,184.7533416748047,4427444
2021-12-07,204.93968200683594,207.1835174560547,203.38778686523438,204.7617645263672,185.55955505371094,4842530
2021-12-08,202.4783935546875,202.96273803710938,200.1851348876953,202.29058837890625,183.32009887695312,5055687
2021-12-09,202.2213897705078,204.7716522216797,200.6101837158203,203.62501525878906,184.52935791015625,5050224
2021-12-10,204.45533752441406,207.61843872070312,203.4470977783203,207.39109802246094,187.94227600097656,3449975
2021-12-13,207.38121032714844,208.32025146484375,206.19503784179688,206.81777954101562,187.42274475097656,2926034
2021-12-14,206.42239379882812,209.1011505126953,203.5360565185547,204.29718017578125,185.13848876953125,3834812
2021-12-15,205.1571502685547,207.9742889404297,202.873779296875,207.3416748046875,187.89749145507812,2986431
2021-12-16,208.8144989013672,208.84414672851562,206.88697814941406,207.1934051513672,187.7631378173828,3028111
2021-12-17,207.04513549804688,207.68763732910156,202.3498992919922,202.80459594726562,183.78590393066406,5644172
2021-12-20,199.7897491455078,200.3136444091797,195.81610107421875,197.54592895507812,179.02040100097656,3426909
2021-12-21,198.8309326171875,200.442138671875,198.00062561035156,199.34494018554688,180.65066528320312,2658854
2021-12-22,198.90013122558594,199.671142578125,197.7732696533203,199.5129852294922,180.8030242919922,3147386
2021-12-23,200.8572998046875,203.9314422607422,200.65960693359375,202.85401916503906,183.83065795898438,2403814
2021-12-27,203.31858825683594,204.2576446533203,202.54759216308594,204.05006408691406,184.91458129882812,2515400
2021-12-28,204.089599609375,205.710693359375,203.8424835205078,204.6629180908203,185.46995544433594,1994191
2021-12-29,205.51300048828125,205.64149475097656,204.0797119140625,205.1373748779297,185.89991760253906,1734497
2021-12-30,205.7008056640625,206.49159240722656,204.52452087402344,204.72222900390625,185.52369689941406,1287949
2021-12-31,204.47509765625,206.7782440185547,204.00064086914062,206.1060791015625,186.77777099609375,1554421
2022-01-03,205.4635772705078,206.9364013671875,203.19009399414062,204.41580200195312,185.2460174560547,2608676
2022-01-04,204.3268280029297,207.13409423828125,203.279052734375,206.59043884277344,187.21673583984375,3294381
2022-01-05,207.12420654296875,213.09457397460938,206.70904541015625,208.62667846679688,189.0619659423828,4136186
2022-01-06,209.358154296875,211.87875366210938,208.19175720214844,208.3894500732422,188.8470001220703,3308544
2022-01-07,209.70411682128906,214.80462646484375,209.13079833984375,213.2626190185547,193.26318359375,3092352
2022-01-10,213.18353271484375,213.9644317626953,209.41746520996094,210.99900817871094,191.21189880371094,3493982
2022-01-11,211.9479522705078,214.48831176757812,209.0813751220703,213.816162109375,193.76483154296875,3570666
2022-01-12,214.9825439453125,216.66294860839844,214.8441619873047,215.73379516601562,195.50265502929688,3141013
2022-01-13,215.88206481933594,219.33181762695312,215.5558624267578,216.9001922607422,196.55963134765625,3118453
2022-01-14,215.10116577148438,215.45701599121094,212.87710571289062,215.1407012939453,194.9651336669922,3382092
2022-01-18,212.40264892578125,213.45042419433594,209.6151580810547,211.1275177001953,191.32830810546875,3090632
2022-01-19,211.9380645751953,212.29391479492188,208.17198181152344,208.3004913330078,188.76637268066406,2645298
2022-01-20,209.23953247070312,211.97760009765625,206.32354736328125,206.5113525390625,187.14505004882812,2598660
2022-01-21,206.84744262695312,207.1835174560547,202.59701538085938,202.7353973388672,183.72323608398438,4492595
2022-01-24,201.8457794189453,202.41908264160156,196.6859588623047,202.0928955078125,183.1409454345703,5501527
2022-01-25,198.39601135253906,201.4405059814453,195.6282958984375,199.96768188476562,181.2150115966797,5298891
2022-01-26,200.80787658691406,203.5162811279297,196.428955078125,198.33670043945312,179.73699951171875,3427111
2022-01-27,200.7288055419922,202.468505859375,196.9627227783203,198.33670043945312,179.73699951171875,2782075
2022-01-28,198.06980895996094,199.72056579589844,193.78973388671875,199.6612548828125,180.93734741210938,3431866
2022-01-31,198.24774169921875,202.6167755126953,197.01214599609375,202.12254333496094,183.16781616210938,3336264
2022-02-01,201.57888793945312,203.4470977783203,199.18678283691406,202.97262573242188,183.9381866455078,3088912
2022-02-02,203.0517120361328,205.4438018798828,202.28070068359375,205.1571502685547,185.9178466796875,2868977
2022-02-03,197.85235595703125,198.6826629638672,189.3712615966797,189.5294189453125,171.75564575195312,8781138
2022-02-04,189.65792846679688,190.56732177734375,185.86219787597656,189.2921905517578,171.54066467285156,5543815
2022-02-07,189.9346923828125,192.34657287597656,188.6101531982422,190.26089477539062,172.41854858398438,3498130
2022-02-08,190.26089477539062,192.81114196777344,188.84738159179688,192.31690979003906,174.28173828125,2767709
2022-02-09,193.8589324951172,194.74855041503906,192.44541931152344,194.35316467285156,176.12701416015625,3247946
2022-02-10,191.87210083007812,194.69912719726562,188.81771850585938,189.539306640625,171.76463317871094,3702284
2022-02-11,189.59861755371094,190.66616821289062,184.39926147460938,184.8341827392578,167.50074768066406,5385591
2022-02-14,185.21969604492188,186.24769592285156,182.4124298095703,184.5376434326172,167.2320098876953,3193619
2022-02-15,186.01046752929688,187.74029541015625,184.37948608398438,187.34490966796875,169.7760009765625,2861490
2022-02-16,187.3547821044922,187.61178588867188,184.64637756347656,186.8803253173828,169.35498046875,3121589
2022-02-17,185.31854248046875,185.71392822265625,182.17520141601562,182.46185302734375,165.3508758544922,3111776
2022-02-18,181.80946350097656,182.9264373779297,179.2987518310547,180.03021240234375,163.14727783203125,5097165
2022-02-22,181.00880432128906,183.14390563964844,178.85394287109375,180.45526123046875,163.53244018554688,4054747
2022-02-23,181.45361328125,181.76004028320312,176.7386016845703,176.89675903320312,160.3076629638672,3624183
2022-02-24,172.93299865722656,180.58375549316406,172.4091033935547,180.23779296875,164.2347412109375,5968511
2022-02-25,180.0005645751953,187.33502197265625,179.9709014892578,186.38609313964844,169.83714294433594,5059329
2022-02-28,183.905029296875,187.75018310546875,183.905029296875,187.56236267089844,170.9089813232422,4159050
2022-03-01,184.49810791015625,187.6612091064453,180.8209991455078,181.4832763671875,165.36961364746094,5526718
2022-03-02,183.20321655273438,186.0796661376953,182.0368194580078,184.29052734375,167.92762756347656,5402991
2022-03-03,187.2855987548828,189.63815307617188,184.9626922607422,185.3580780029297,168.90037536621094,5081485
2022-03-04,183.50962829589844,185.50634765625,182.39266967773438,185.2691192626953,168.81936645507812,5121041
2022-03-07,184.88360595703125,185.14060974121094,179.92149353027344,180.05987548828125,164.07261657714844,3575016
2022-03-08,180.0895233154297,184.8638458251953,180.0203399658203,181.12742614746094,165.0453643798828,4628361
2022-03-09,184.21145629882812,185.07142639160156,182.75839233398438,183.26251220703125,166.99090576171875,2933217
2022-03-10,180.43548583984375,182.97586059570312,180.1191864013672,182.23451232910156,166.05418395996094,2484039
2022-03-11,184.23121643066406,184.77487182617188,179.93136596679688,180.13894653320312,164.1446990966797,2757289
2022-03-14,181.35476684570312,183.07470703125,180.61341857910156,181.08787536621094,165.0093536376953,3037115
2022-03-15,182.99563598632812,186.00057983398438,182.6595458984375,185.62496948242188,169.1436004638672,3968554
2022-03-16,187.41409301757812,189.04507446289062,184.36959838867188,188.82760620117188,172.06190490722656,4180902
2022-03-17,187.46351623535156,190.38938903808594,187.01870727539062,189.7172393798828,172.87252807617188,3190281
2022-03-18,189.55908203125,192.67276000976562,187.61178588867188,192.47506713867188,175.38546752929688,8850639
2022-03-21,191.33831787109375,192.16864013671875,189.3119659423828,190.79466247558594,173.8543243408203,3541429
2022-03-22,190.9132843017578,193.66123962402344,190.9132843017578,192.781494140625,175.66468811035156,2397137
2022-03-23,192.1982879638672,192.71229553222656,189.7963104248047,190.1225128173828,173.2418212890625,1837282
2022-03-24,190.95281982421875,192.47506713867188,189.83584594726562,192.44541931152344,175.35845947265625,2223434
2022-03-25,193.09780883789062,196.07310485839844,193.06814575195312,195.50967407226562,178.150634765625,2572761
2022-03-28,194.8177490234375,195.0648651123047,192.01048278808594,194.83750915527344,177.53814697265625,3308645
2022-03-29,196.78480529785156,197.0912322998047,192.58380126953125,195.26255798339844,177.9254608154297,3389376
2022-03-30,194.84739685058594,195.89517211914062,193.4338836669922,194.27407836914062,177.02476501464844,2455813
2022-03-31,194.402587890625,195.92483520507812,192.30702209472656,192.33668518066406,175.2593994140625,3314210
2022-04-01,193.64146423339844,193.8490447998047,191.26913452148438,193.76995849609375,176.56541442871094,2313270
2022-04-04,193.07803344726562,194.36305236816406,191.20982360839844,193.80950927734375,176.60142517089844,2075124
2022-04-05,192.39599609375,194.20489501953125,190.86386108398438,191.3976287841797,174.40371704101562,2320554
2022-04-06,189.7073516845703,192.82102966308594,188.92645263671875,191.38775634765625,174.3946990966797,2976820
2022-04-07,190.28065490722656,191.36798095703125,186.26747131347656,190.47836303710938,173.56610107421875,2227177
2022-04-08,190.77490234375,191.160400390625,187.62167358398438,187.96763610839844,171.27825927734375,2911365
2022-04-11,188.0763702392578,189.04507446289062,186.5541229248047,187.08790588378906,170.47665405273438,2732200
2022-04-12,188.69911193847656,190.66616821289062,187.80947875976562,188.78807067871094,172.02586364746094,3134943
2022-04-13,189.61839294433594,192.76171875,189.11427307128906,192.6035614013672,175.5025634765625,2419191
2022-04-14,192.9198760986328,194.43223571777344,192.66287231445312,192.9396514892578,175.80877685546875,4325671
2022-04-18,192.05001831054688,193.62168884277344,188.93634033203125,189.85562133789062,172.99859619140625,1980837
2022-04-19,190.84408569335938,195.08462524414062,190.349853515625,194.9264678955078,177.61924743652344,3379664
2022-04-20,195.89517211914062,197.199951171875,193.7501983642578,194.07638549804688,176.84463500976562,2653492
2022-04-21,195.67771911621094,198.2773895263672,193.20654296875,193.68099975585938,176.48435974121094,2446405
2022-04-22,192.3564453125,192.376220703125,188.15545654296875,188.43222045898438,171.70159912109375,3076266
2022-04-25,188.13568115234375,189.6875762939453,185.17027282714844,189.60850524902344,172.7734375,2425463
2022-04-26,187.32513427734375,188.65957641601562,185.40750122070312,185.50634765625,169.03550720214844,2882229
2022-04-27,184.29052734375,186.60354614257812,183.6183624267578,184.20156860351562,167.84657287597656,3089114
2022-04-28,185.61508178710938,188.4717559814453,183.11424255371094,187.73040771484375,171.06211853027344,3464442
2022-04-29,197.8820037841797,199.6612548828125,190.64639282226562,191.27902221679688,174.29566955566406,7333043
2022-05-02,192.2477264404297,198.6035919189453,189.7172393798828,194.60028076171875,177.32200622558594,7182406
2022-05-03,194.05662536621094,196.06321716308594,192.99896240234375,194.76832580566406,177.47512817382812,5422314
2022-05-04,195.213134765625,204.02040100097656,195.0747528076172,203.47674560546875,185.41033935546875,5547659
2022-05-05,201.35153198242188,202.3103485107422,194.20489501953125,195.5887451171875,178.22267150878906,5826170
2022-05-06,195.00555419921875,195.14393615722656,190.93304443359375,193.1768798828125,176.0249786376953,3667078
2022-05-09,192.86056518554688,193.54261779785156,190.14227294921875,191.7238311767578,174.7009735107422,3825504
2022-05-10,194.01707458496094,194.9660186767578,190.00389099121094,192.5244903564453,175.43051147460938,4823106
2022-05-11,192.58380126953125,194.59039306640625,189.21311950683594,189.8061981201172,172.95358276367188,3322202
2022-05-12,188.77818298339844,192.5047149658203,186.51458740234375,190.69581604003906,174.6555938720703,4036841
2022-05-13,191.18017578125,192.70240783691406,188.728759765625,191.2987823486328,175.2078399658203,3275159
2022-05-16,191.36798095703125,193.0384979248047,190.1126251220703,191.7238311767578,175.59715270996094,2654807
2022-05-17,193.71066284179688,197.74362182617188,193.54261779785156,196.76502990722656,180.2142791748047,2755670
2022-05-18,195.4800262451172,196.3992919921875,191.0220184326172,191.63487243652344,175.5156707763672,3223059
2022-05-19,189.8160858154297,192.95941162109375,185.95115661621094,190.42892456054688,174.41116333007812,3162662
2022-05-20,191.2987823486328,191.970947265625,183.6381378173828,187.56236267089844,171.78570556640625,3929402
2022-05-23,189.6974639892578,189.96435546875,186.3267822265625,187.3943328857422,171.63182067871094,3769458
2022-05-24,187.12744140625,188.5607147216797,182.75839233398438,187.7699432373047,171.97584533691406,2875552
2022-05-25,186.93963623046875,188.9659881591797,184.5475311279297,188.24441528320312,172.41041564941406,2541299
2022-05-26,189.07472229003906,191.94129943847656,188.9857635498047,190.87374877929688,174.8185577392578,2264710
2022-05-27,192.74195861816406,194.1258087158203,191.8029022216797,194.08627319335938,177.7608642578125,2272601
2022-05-31,191.3284454345703,193.13734436035156,189.36138916015625,191.38775634765625,175.28933715820312,3544262
2022-06-01,192.25759887695312,192.47506713867188,188.1949920654297,189.6974639892578,173.74122619628906,2388841
2022-06-02,191.5557861328125,194.9264678955078,189.84573364257812,194.76832580566406,178.3855438232422,2539882
2022-06-03,193.09780883789062,193.90835571289062,191.37786865234375,192.57391357421875,176.375732421875,2281200
2022-06-06,194.32350158691406,194.69912719726562,192.2477264404297,192.9396514892578,176.71067810058594,1604701
2022-06-07,191.3976287841797,195.70736694335938,189.9346923828125,195.3416290283203,178.9105987548828,2154944
2022-06-08,194.3729248046875,194.61016845703125,191.38775634765625,192.27737426757812,176.10411071777344,1708497
2022-06-09,191.0121307373047,193.3251495361328,189.63815307617188,189.7963104248047,173.831787109375,1694334
2022-06-10,186.1488494873047,186.51458740234375,184.06317138671875,184.1323699951172,168.6442413330078,2912276
2022-06-13,180.257568359375,183.97421264648438,180.2279052734375,182.2938232421875,166.96034240722656,4819868
2022-06-14,183.00550842285156,184.8638458251953,180.33663940429688,181.16696166992188,165.92823791503906,3492768
2022-06-15,182.2938232421875,185.120849609375,180.6727294921875,182.8374786376953,167.45823669433594,3013948
2022-06-16,179.75344848632812,180.29710388183594,176.97584533691406,177.80615234375,162.85012817382812,4479848
2022-06-17,177.33169555664062,180.2674560546875,176.13563537597656,177.62823486328125,162.68719482421875,5699307
2022-06-21,179.65460205078125,179.81275939941406,177.34158325195312,178.42889404296875,163.42050170898438,2969738
2022-06-22,176.40252685546875,177.6974334716797,174.13893127441406,175.68093872070312,160.90370178222656,2940602
2022-06-23,175.18670654296875,176.55079650878906,170.92640686035156,172.557373046875,158.04286193847656,3372279
2022-06-24,174.4552459716797,178.0631561279297,173.67434692382812,177.94454956054688,162.97686767578125,4203765
2022-06-27,178.9033660888672,179.0516357421875,175.35475158691406,176.23448181152344,161.41067504882812,2631033
2022-06-28,177.40087890625,179.36793518066406,173.72377014160156,173.9214630126953,159.29220581054688,3218203
2022-06-29,174.0203094482422,174.4453582763672,169.43380737304688,171.2031707763672,156.8025360107422,2456622
2022-06-30,169.28553771972656,172.4091033935547,168.21798706054688,171.80613708496094,157.35482788085938,2905700
2022-07-01,171.64797973632812,173.34815979003906,169.5919647216797,173.09115600585938,158.53172302246094,1996113
2022-07-05,171.72706604003906,171.72706604003906,167.01205444335938,170.10597229003906,155.7976531982422,3384621
2022-07-06,170.7781219482422,172.24107360839844,169.1076202392578,171.2130584716797,156.8115997314453,2227582
2022-07-07,172.20152282714844,172.20152282714844,169.28553771972656,171.786376953125,157.33668518066406,2788853
2022-07-08,171.88522338867188,172.3201446533203,169.54254150390625,171.341552734375,156.9293212890625,1633634
2022-07-11,172.9923095703125,173.03184509277344,170.10597229003906,170.84732055664062,156.47666931152344,3261805
2022-07-12,169.740234375,174.78143310546875,169.740234375,171.6084442138672,157.17373657226562,2789763
2022-07-13,168.81106567382812,170.34320068359375,167.91156005859375,168.90003967285156,154.69314575195312,2020393
2022-07-14,166.7748260498047,167.82260131835938,165.42062377929688,167.5557098388672,153.46194458007812,1845477
2022-07-15,169.05819702148438,170.9560546875,168.16856384277344,170.8077850341797,156.4404296875,2214026
2022-07-18,171.14385986328125,172.22129821777344,168.56394958496094,168.97911071777344,154.76560974121094,1676326
2022-07-19,170.92640686035156,175.6414031982422,170.7978973388672,175.18670654296875,160.45106506347656,2484039
2022-07-20,174.77154541015625,176.58045959472656,174.14881896972656,176.204833984375,161.38351440429688,1668031
2022-07-21,176.204833984375,178.15213012695312,175.06809997558594,177.9544219970703,162.98593139648438,1875321
2022-07-22,178.41900634765625,180.7814483642578,178.12246704101562,179.37782287597656,164.2895965576172,2354242
2022-07-25,179.6743621826172,180.33663940429688,178.28062438964844,179.1702423095703,164.09942626953125,1963841
2022-07-26,179.55575561523438,181.41407775878906,178.33004760742188,179.32839965820312,164.24435424804688,2351207
2022-07-27,178.27073669433594,182.88690185546875,177.47996520996094,181.54257202148438,166.27224731445312,3546993
2022-07-28,186.92974853515625,189.2724151611328,184.72544860839844,188.24441528320312,172.41041564941406,3696517
2022-07-29,188.28395080566406,190.9033966064453,186.68263244628906,190.24111938476562,174.2391357421875,2941310
2022-08-01,189.20323181152344,190.93304443359375,188.69911193847656,189.7765350341797,173.81365966796875,2360514
2022-08-02,188.92645263671875,189.1439208984375,186.4849395751953,186.93963623046875,171.21536254882812,3374404
2022-08-03,187.17686462402344,189.6974639892578,185.6348419189453,189.2921905517578,173.37002563476562,2564668
2022-08-04,188.92645263671875,190.5969696044922,188.24441528320312,190.2213592529297,174.22103881835938,1721042
2022-08-05,189.36138916015625,190.6266326904297,188.0862579345703,190.05331420898438,174.06712341308594,1870262
2022-08-08,191.951171875,193.20654296875,190.86386108398438,191.7337188720703,175.60618591308594,2101933
2022-08-09,192.32679748535156,192.66287231445312,191.1702880859375,191.85232543945312,175.71482849121094,2308211
2022-08-10,194.6694793701172,196.0335693359375,194.10604858398438,194.9561309814453,178.55758666992188,2670387
2022-08-11,194.72877502441406,197.31857299804688,194.72877502441406,196.22137451171875,180.6138153076172,2420607
2022-08-12,197.03192138671875,198.6628875732422,195.95448303222656,198.55416870117188,182.76104736328125,2284134
2022-08-15,198.31692504882812,200.36306762695312,197.14065551757812,199.9182586669922,184.01663208007812,2334818
2022-08-16,198.10934448242188,201.9050750732422,197.75350952148438,201.32188415527344,185.30862426757812,1680575
2022-08-17,199.4833221435547,201.61842346191406,198.92977905273438,200.442138671875,184.4988250732422,1680575
2022-08-18,200.17526245117188,201.6480712890625,200.0467529296875,201.37130737304688,185.35409545898438,1526803
2022-08-19,200.2839813232422,200.481689453125,198.54428100585938,199.2362060546875,183.38885498046875,2064502
2022-08-22,197.27903747558594,197.3679962158203,195.0549774169922,195.55909729003906,180.0042266845703,2618185
2022-08-23,196.07310485839844,196.53768920898438,194.86717224121094,195.27244567871094,179.74034118652344,1626350
2022-08-24,194.47177124023438,196.2411346435547,194.05662536621094,195.50967407226562,179.95870971679688,1367567
2022-08-25,196.92318725585938,198.1884307861328,195.63816833496094,198.11923217773438,182.3607177734375,1650529
2022-08-26,196.94296264648438,198.12911987304688,190.71559143066406,190.83419799804688,175.65513610839844,2870089
2022-08-29,190.55743408203125,191.66452026367188,188.9956512451172,190.2015838623047,175.07284545898438,2120143
2022-08-30,189.74688720703125,190.81443786621094,187.107666015625,188.5014190673828,173.50791931152344,2249940
2022-08-31,190.349853515625,190.43881225585938,186.83090209960938,187.16697692871094,172.27957153320312,2659967
2022-09-01,186.9692840576172,188.93634033203125,186.36631774902344,188.53106689453125,173.53521728515625,2268757
2022-09-02,190.86386108398438,191.19993591308594,184.08294677734375,184.73533630371094,170.04135131835938,2780456
2022-09-06,184.9528045654297,186.25758361816406,182.23451232910156,183.460205078125,168.86767578125,2578629
2022-09-07,183.7567596435547,187.57225036621094,183.68756103515625,186.90997314453125,172.04302978515625,2371643
2022-09-08,186.1686248779297,186.1686248779297,182.31358337402344,185.6546173095703,170.88755798339844,3547398
2022-09-09,186.92974853515625,189.7963104248047,186.63320922851562,189.47999572753906,174.4086456298828,2943840
2022-09-12,190.97259521484375,191.4371795654297,189.17356872558594,189.8160858154297,174.71800231933594,2798969
2022-09-13,186.33665466308594,187.84902954101562,182.49151611328125,182.8473663330078,168.30355834960938,4915167
2022-09-14,183.11424255371094,183.11424255371094,176.13563537597656,177.89512634277344,163.7452392578125,5007633
2022-09-15,177.07469177246094,177.91488647460938,174.1685791015625,174.8209686279297,160.9156036376953,3492364
2022-09-16,171.55902099609375,175.59197998046875,170.531005859375,175.30532836914062,161.36143493652344,6492755
2022-09-19,173.97088623046875,177.0054931640625,173.71388244628906,176.57057189941406,162.52606201171875,2444381
2022-09-20,174.9989013671875,175.50302124023438,173.05162048339844,174.96925354003906,161.05210876464844,2507711
2022-09-21,175.85887145996094,177.5590362548828,172.28060913085938,172.29049682617188,158.58641052246094,2534622
2022-09-22,171.53924560546875,172.7353057861328,170.03677368164062,171.25259399414062,157.63107299804688,2255908
2022-09-23,170.7880096435547,172.29049682617188,167.9609832763672,169.40415954589844,155.92962646484375,3239650
2022-09-26,169.55242919921875,170.34320068359375,166.9132080078125,168.1092529296875,154.73773193359375,3309758
2022-09-27,168.89015197753906,170.47171020507812,166.43873596191406,168.1092529296875,154.73773193359375,2723803
2022-09-28,169.8786163330078,172.7451934814453,168.46510314941406,171.82591247558594,158.15878295898438,3113698
2022-09-29,171.361328125,171.361328125,166.17185974121094,168.1092529296875,154.73773193359375,3153355
2022-09-30,168.138916015625,169.22622680664062,164.70892333984375,165.0449981689453,151.91722106933594,3854741
2022-10-03,168.1092529296875,172.36956787109375,167.13067626953125,171.04501342773438,157.4400177001953,3418411
2022-10-04,172.88357543945312,176.3531036376953,172.8143768310547,176.13563537597656,162.12570190429688,3734353
2022-10-05,174.583740234375,177.6974334716797,172.9923095703125,175.76002502441406,161.7799835205078,2974493
2022-10-06,174.25755310058594,175.6414031982422,171.85556030273438,173.02195739746094,159.25967407226562,2629516
2022-10-07,171.5886688232422,172.152099609375,168.40579223632812,169.43380737304688,155.95692443847656,2996143
2022-10-10,170.8176727294922,171.79624938964844,168.15867614746094,169.9082794189453,156.39369201660156,1954635
2022-10-11,169.42391967773438,173.73365783691406,168.81106567382812,171.6183319091797,157.9677276611328,2942221
2022-10-12,172.05325317382812,172.982421875,170.21470642089844,170.7978973388672,157.2125244140625,2759818
2022-10-13,167.4469757080078,176.33334350585938,167.26905822753906,175.50302124023438,161.5434112548828,3260591
2022-10-14,176.09609985351562,176.4618377685547,171.82591247558594,172.152099609375,158.4590301513672,3004944
2022-10-17,175.61175537109375,176.93630981445312,174.09939575195312,174.9989013671875,161.07940673828125,3477998
2022-10-18,178.10269165039062,179.07139587402344,175.59197998046875,177.80615234375,163.66334533691406,2001677
2022-10-19,177.4305419921875,178.74520874023438,175.88851928710938,177.21307373046875,163.11746215820312,1707688
2022-10-20,177.2921600341797,178.73532104492188,175.06809997558594,175.59197998046875,161.6252899169922,2718846
2022-10-21,174.94947814941406,181.1966094970703,174.48489379882812,180.70237731933594,166.32919311523438,2994322
2022-10-24,182.38278198242188,185.91162109375,181.7205047607422,184.74522399902344,170.05047607421875,3309151
2022-10-25,184.50799560546875,187.6710968017578,184.0532989501953,187.46351623535156,172.5525665283203,2941007
2022-10-26,189.42068481445312,190.72547912597656,187.57225036621094,188.0763702392578,173.11671447753906,4251921
2022-10-27,191.13075256347656,197.27903747558594,190.57720947265625,194.2246551513672,178.7759246826172,4809448
2022-10-28,196.70571899414062,202.79470825195312,194.42234802246094,202.56735229492188,186.4550018310547,4949766
2022-10-31,200.076416015625,202.6266632080078,199.95779418945312,201.6678466796875,185.62704467773438,4485109
2022-11-01,202.0928955078125,202.7156219482422,199.19667053222656,200.75845336914062,184.79000854492188,4427646
2022-11-02,200.9956817626953,204.5047607421875,197.74362182617188,198.1587677001953,182.39710998535156,4747433
2022-11-03,198.05992126464844,203.6744384765625,196.87376403808594,202.03358459472656,185.9636993408203,4707978
2022-11-04,203.9215545654297,205.63162231445312,201.85565185546875,205.4536895751953,189.1117706298828,4173112
2022-11-07,205.305419921875,207.81613159179688,204.7518768310547,207.3515625,190.85867309570312,2702861
2022-11-08,206.9166259765625,209.93145751953125,206.47181701660156,208.9232177734375,192.30532836914062,2661990
2022-11-09,207.5789031982422,209.1011505126953,206.03689575195312,206.22470092773438,190.75106811523438,3075862
2022-11-10,212.37298583984375,212.5904541015625,208.7156524658203,212.3235626220703,196.39231872558594,4405390
2022-11-11,212.11598205566406,212.48171997070312,209.01219177246094,210.27743530273438,194.49964904785156,4276099
2022-11-14,210.3268585205078,213.58880615234375,209.38780212402344,210.5443115234375,194.74652099609375,3109854
2022-11-15,212.87710571289062,213.69754028320312,210.63328552246094,212.94630432128906,196.9683074951172,2395012
2022-11-16,213.27249145507812,213.73707580566406,210.85073852539062,211.5327911376953,195.66085815429688,2475439
2022-11-17,209.80296325683594,212.89688110351562,209.57562255859375,212.0369110107422,196.1271514892578,2720667
2022-11-18,213.89523315429688,214.8441619873047,210.7024688720703,212.05667114257812,196.14541625976562,3009395
2022-11-21,212.52125549316406,214.71566772460938,211.384521484375,214.0632781982422,198.00146484375,2373868
2022-11-22,214.62669372558594,216.4850311279297,214.49819946289062,216.2379150390625,200.01292419433594,2545750
2022-11-23,216.26756286621094,218.13577270507812,215.78321838378906,216.3861846923828,200.15005493164062,2718036
2022-11-25,215.22967529296875,218.4125518798828,215.22967529296875,217.51303100585938,201.19236755371094,1132962
2022-11-28,217.1670684814453,217.6711883544922,212.98583984375,213.28237915039062,197.2791290283203,2673422
2022-11-29,213.43064880371094,214.91336059570312,212.69918823242188,214.221435546875,198.14776611328125,2126213
2022-11-30,213.82603454589844,218.1061248779297,211.2263641357422,217.018798828125,200.73521423339844,4729527
2022-12-01,217.74038696289062,218.0764617919922,213.85569763183594,214.88369750976562,198.76031494140625,4036942
2022-12-02,212.35321044921875,217.32522583007812,212.24449157714844,216.55421447753906,200.3054962158203,2219893
2022-12-05,215.2395477294922,216.0698699951172,212.7189483642578,213.1143341064453,197.1237335205078,3113698
2022-12-06,213.776611328125,214.24119567871094,208.9232177734375,210.7321319580078,194.9202880859375,2547773
2022-12-07,211.5031280517578,211.6217498779297,209.56573486328125,210.98912048339844,195.157958984375,3018298
2022-12-08,211.384521484375,212.11598205566406,209.763427734375,210.89027404785156,195.06654357910156,2194804
2022-12-09,210.89027404785156,212.0171356201172,208.9627685546875,209.1901092529297,193.49395751953125,2286360
2022-12-12,209.71400451660156,212.11598205566406,208.62667846679688,212.0270233154297,196.1179656982422,3386038
2022-12-13,217.018798828125,217.424072265625,210.68270874023438,212.48171997070312,196.53855895996094,3490037
2022-12-14,213.72718811035156,215.35816955566406,210.59373474121094,212.24449157714844,196.3191375732422,2575594
2022-12-15,210.43557739257812,211.25601196289062,205.63162231445312,206.56077575683594,191.0618896484375,3258973
2022-12-16,204.95945739746094,207.8655548095703,203.8523712158203,207.3218994140625,191.7659149169922,7211643
2022-12-19,206.84744262695312,209.8820343017578,205.9676971435547,206.99571228027344,191.46420288085938,3125838
2022-12-20,207.1538543701172,210.3070831298828,206.80789184570312,209.05172729492188,193.365966796875,1897780
2022-12-21,210.50477600097656,212.8177947998047,210.2971954345703,212.62010192871094,196.66656494140625,2655819
2022-12-22,211.86886596679688,212.13575744628906,206.58055114746094,209.86227416992188,194.1156768798828,2245893
2022-12-23,209.55584716796875,212.23460388183594,209.02206420898438,211.40428161621094,195.54196166992188,1315871
2022-12-27,211.43394470214844,213.29226684570312,211.24612426757812,212.4125213623047,196.4745635986328,1478040
2022-12-28,213.44053649902344,214.01385498046875,209.56573486328125,209.74365234375,194.0059356689453,1626047
2022-12-29,210.63328552246094,212.76837158203125,210.3169708251953,212.27413940429688,196.34657287597656,1901826
2022-12-30,211.5130157470703,212.0270233154297,209.4866485595703,211.82933044433594,195.93511962890625,1618662
2023-01-03,212.66952514648438,212.66952514648438,209.7733154296875,211.82933044433594,195.93511962890625,2245185
2023-01-04,206.09619140625,208.8046112060547,204.92979431152344,207.61843872070312,192.0402069091797,3905325
2023-01-05,206.07643127441406,206.40261840820312,201.70738220214844,202.11265563964844,186.94754028320312,4104825
2023-01-06,204.089599609375,208.62667846679688,203.49652099609375,207.84579467773438,192.25048828125,4103611
2023-01-09,207.84579467773438,211.16705322265625,207.12420654296875,208.24118041992188,192.61624145507812,2658045
2023-01-10,207.0846710205078,209.01219177246094,207.0846710205078,208.90345764160156,193.2288055419922,1796411
2023-01-11,209.53607177734375,210.45535278320312,207.5887908935547,209.85238647460938,194.10653686523438,2953552
2023-01-12,210.3960418701172,214.71566772460938,209.93145751953125,213.48995971679688,197.47117614746094,2998773
2023-01-13,212.0171356201172,214.3301544189453,210.44546508789062,214.11270141601562,198.04718017578125,2020393
2023-01-17,214.51797485351562,214.51797485351562,209.4866485595703,209.79307556152344,194.0516815185547,3319571
2023-01-18,208.45864868164062,208.45864868164062,201.62831115722656,201.88531494140625,186.73724365234375,5160900
2023-01-19,201.9446258544922,202.02369689941406,197.91165161132812,198.34658813476562,183.4640350341797,4602158
2023-01-20,197.26914978027344,200.3235321044922,196.51791381835938,199.70079040527344,184.7166290283203,4023892
2023-01-23,200.2147979736328,203.47674560546875,199.05828857421875,202.10276794433594,186.9383544921875,2832354
2023-01-24,201.60853576660156,205.28564453125,199.8984832763672,204.54429626464844,189.1967315673828,3254724
2023-01-25,202.18185424804688,204.7617645263672,201.4108428955078,204.28729248046875,188.95899963378906,2179831
2023-01-26,205.40426635742188,207.00558471679688,203.5162811279297,206.9364013671875,191.4093475341797,1949779
2023-01-27,205.49322509765625,207.41085815429688,205.24610900878906,205.73046875,190.2938995361328,2147155
2023-01-30,204.14891052246094,206.97593688964844,203.23951721191406,203.40756225585938,188.14527893066406,2575392
2023-01-31,204.18844604492188,206.16539001464844,203.1406707763672,206.07643127441406,190.61390686035156,2325612
2023-02-01,205.01876831054688,206.04676818847656,201.46026611328125,204.3367156982422,189.00473022460938,5455092
2023-02-02,196.6562957763672,205.81942749023438,195.41082763671875,204.98910522460938,189.60812377929688,7267285
2023-02-03,204.81118774414062,204.81118774414062,199.29551696777344,200.35317993164062,185.32009887695312,4509692
2023-02-06,199.9182586669922,201.77658081054688,198.4454345703125,201.6876220703125,186.55438232421875,2887490
2023-02-07,200.65960693359375,203.64479064941406,199.45367431640625,203.10113525390625,187.86181640625,2982182
2023-02-08,201.54922485351562,202.44874572753906,198.89024353027344,199.8885955810547,184.890380859375,3603748
2023-02-09,201.0154571533203,201.57888793945312,196.34986877441406,196.92318725585938,182.14743041992188,3048446
2023-02-10,196.51791381835938,198.51461791992188,196.08299255371094,198.1587677001953,183.29034423828125,2924416
2023-02-13,197.8820037841797,201.3910675048828,197.44708251953125,201.0253448486328,185.94178771972656,3007878
2023-02-14,200.74856567382812,200.75845336914062,196.37953186035156,198.6826629638672,183.77488708496094,3034384
2023-02-15,197.4965057373047,199.4141387939453,196.5673370361328,199.3844757080078,184.42408752441406,2561734
2023-02-16,196.47837829589844,199.21644592285156,195.69747924804688,197.0615692138672,182.27542114257812,2787032
2023-02-17,196.9627227783203,199.6513671875,196.36964416503906,199.0978240966797,184.15890502929688,2883646
2023-02-21,199.24609375,199.32516479492188,194.18511962890625,194.49154663085938,179.8982391357422,2863918
2023-02-22,194.807861328125,195.213134765625,192.376220703125,193.23619079589844,178.73707580566406,2997862
2023-02-23,193.77984619140625,193.77984619140625,190.3597412109375,192.7716064453125,179.2518310546875,2475136
2023-02-24,191.65463256835938,191.65463256835938,188.65957641601562,189.82595825195312,176.5127716064453,3344054
2023-02-27,192.17852783203125,192.75184631347656,189.5294189453125,190.23123168945312,176.88961791992188,3402326
2023-02-28,189.3020782470703,190.14227294921875,187.44375610351562,189.2724151611328,175.998046875,3146375
2023-03-01,188.43222045898438,192.1093292236328,188.37290954589844,190.65628051757812,177.2848663330078,3269393
2023-03-02,189.3811492919922,192.87045288085938,189.2921905517578,192.2081756591797,178.72789001464844,4303920
2023-03-03,193.186767578125,195.26255798339844,191.9808349609375,194.5508575439453,180.9062957763672,3152849
2023-03-06,194.91659545898438,197.01214599609375,194.3828125,194.76832580566406,181.1085205078125,2753546
2023-03-07,195.14393615722656,195.91494750976562,192.5047149658203,193.36468505859375,179.8032989501953,2813436
2023-03-08,194.01707458496094,194.3828125,191.89187622070312,193.3152618408203,179.75733947753906,2088984
2023-03-09,194.61016845703125,194.67935180664062,190.13238525390625,190.65628051757812,177.2848663330078,3225790
2023-03-10,190.65628051757812,194.4124755859375,189.6776885986328,191.10108947753906,177.69847106933594,3709871
2023-03-13,190.77490234375,192.97918701171875,189.9544677734375,190.87374877929688,177.487060546875,3261198
2023-03-14,193.79962158203125,193.90835571289062,187.97752380371094,190.7452392578125,177.36758422851562,4909805
2023-03-15,187.87867736816406,188.80784606933594,182.62989807128906,185.95115661621094,172.90969848632812,3972094
2023-03-16,185.20980834960938,187.58213806152344,184.1521453857422,186.9593963623047,173.8472442626953,3897130
2023-03-17,185.6447296142578,185.84242248535156,182.1060028076172,182.5112762451172,169.7110595703125,7469820
2023-03-20,183.81605529785156,188.04672241210938,183.37124633789062,187.6908721923828,174.52740478515625,2873934
2023-03-21,188.8671417236328,189.9248046875,186.9692840576172,188.95611572265625,175.7039337158203,3170452
2023-03-22,189.50965881347656,189.7864227294922,184.9231414794922,185.00222778320312,172.02732849121094,2375892
2023-03-23,184.7056884765625,187.23617553710938,183.41078186035156,184.76499938964844,171.80674743652344,2387627
2023-03-24,184.24110412597656,186.0500030517578,182.47174072265625,185.99069213867188,172.9464569091797,2359503
2023-03-27,186.4552764892578,187.40420532226562,185.2691192626953,185.82266235351562,172.79022216796875,2157979
2023-03-28,185.58541870117188,187.42398071289062,185.2394561767578,185.7534637451172,172.72589111328125,2093840
2023-03-29,187.47340393066406,187.5228271484375,185.60519409179688,186.8902130126953,173.7829132080078,2715507
2023-03-30,187.42398071289062,188.24441528320312,185.81277465820312,186.93963623046875,173.8288116455078,2022720
2023-03-31,187.9281005859375,189.17356872558594,187.14720153808594,188.91656494140625,175.66712951660156,2734122
2023-04-03,188.37290954589844,191.66452026367188,187.7699432373047,191.05166625976562,177.65248107910156,2907116
2023-04-04,190.8935089111328,191.0022430419922,187.49317932128906,188.7386474609375,175.501708984375,2528248
2023-04-05,188.0961456298828,188.80784606933594,187.0977783203125,187.24606323242188,174.11380004882812,3065138
2023-04-06,187.42398071289062,189.89515686035156,186.83090209960938,188.26417541503906,175.06051635742188,2814751
2023-04-10,188.54095458984375,190.3795166015625,188.12579345703125,189.47010803222656,176.181884765625,2569828
2023-04-11,190.65628051757812,190.93304443359375,189.60850524902344,189.9742431640625,176.650634765625,2464008
2023-04-12,191.22959899902344,192.6233367919922,190.1126251220703,191.0022430419922,177.60655212402344,3699451
2023-04-13,191.0220184326172,194.1554718017578,190.3795166015625,193.64146423339844,180.06065368652344,3399796
2023-04-14,193.37457275390625,195.4503631591797,192.99896240234375,194.28396606445312,180.65809631347656,1986806
2023-04-17,194.90670776367188,195.78643798828125,194.47177124023438,195.57887268066406,181.86215209960938,1702326
2023-04-18,196.428955078125,197.17030334472656,193.95777893066406,194.6595916748047,181.0074005126953,2427992
2023-04-19,195.96437072753906,196.36964416503906,194.9462432861328,195.52944946289062,181.8162384033203,1885842
2023-04-20,195.2230224609375,195.4800262451172,193.7403106689453,194.48165893554688,180.84193420410156,1969810
2023-04-21,194.8177490234375,195.0747528076172,193.14723205566406,193.8193817138672,180.22608947753906,1993685
2023-04-24,194.9363555908203,195.79632568359375,194.0072021484375,194.51132202148438,180.86953735351562,1624327
2023-04-25,196.23126220703125,196.61676025390625,193.6019287109375,193.70077514648438,180.11581420898438,2270476
2023-04-26,191.64474487304688,192.2279510498047,187.98741149902344,188.69911193847656,175.46495056152344,3621148
2023-04-27,193.68099975585938,196.5574493408203,191.33831787109375,196.32022094726562,182.55152893066406,3907449
2023-04-28,196.70571899414062,198.49485778808594,196.20159912109375,197.53604125976562,183.68211364746094,2896494
2023-05-01,197.69419860839844,199.82928466796875,197.65464782714844,198.1686553955078,184.27035522460938,2250850
2023-05-02,197.3581085205078,197.3581085205078,194.10604858398438,195.97425842285156,182.2298583984375,2618286
2023-05-03,197.54592895507812,198.2971649169922,195.4305877685547,195.67771911621094,181.95408630371094,2807670
2023-05-04,195.93470764160156,196.70571899414062,192.68264770507812,193.95777893066406,180.35479736328125,2331682
2023-05-05,195.0648651123047,196.30044555664062,194.51132202148438,196.13241577148438,182.3769073486328,2112455
2023-05-08,197.44708251953125,197.67442321777344,193.71066284179688,194.67935180664062,181.02577209472656,1511931
2023-05-09,193.70077514648438,196.00390625,192.71229553222656,194.85728454589844,181.1912078857422,2263799
2023-05-10,195.213134765625,196.44871520996094,192.07968139648438,195.0648651123047,181.38424682617188,2183473
2023-05-11,193.67111206054688,194.02696228027344,190.97259521484375,191.7436065673828,179.23138427734375,2904284
2023-05-12,192.69253540039062,193.09780883789062,190.47836303710938,191.38775634765625,178.8987579345703,2126517
2023-05-15,191.26913452148438,193.22630310058594,190.42892456054688,192.06979370117188,179.5363006591797,1584063
2023-05-16,191.7238311767578,191.7238311767578,189.09449768066406,189.4009246826172,177.0415802001953,2074618
2023-05-17,190.80455017089844,194.1653594970703,190.32020568847656,193.7600860595703,181.1162872314453,2449237
2023-05-18,193.1966552734375,196.10275268554688,192.6431121826172,195.96437072753906,183.17672729492188,2466436
2023-05-19,197.199951171875,197.95120239257812,194.7880859375,195.0747528076172,182.34515380859375,2700636
2023-05-22,194.7781982421875,196.12252807617188,192.96929931640625,194.6595916748047,181.9571075439453,1784271
2023-05-23,194.9264678955078,195.29220581054688,192.6431121826172,192.72218322753906,180.14613342285156,2183979
2023-05-24,192.68264770507812,192.9495391845703,188.68922424316406,189.64804077148438,177.27259826660156,1764847
2023-05-25,189.65792846679688,190.330078125,187.7996063232422,190.05331420898438,177.65138244628906,2449844
2023-05-26,190.55743408203125,192.07968139648438,189.9346923828125,191.51625061035156,179.01889038085938,1995000
2023-05-30,191.36798095703125,192.5343780517578,188.22463989257812,192.30702209472656,179.75802612304688,2282920
2023-05-31,191.61509704589844,191.8029022216797,188.1653289794922,189.3910369873047,177.03236389160156,3698439
2023-06-01,189.63815307617188,192.05990600585938,188.27406311035156,191.62498474121094,179.12051391601562,1931063
2023-06-02,194.18511962890625,197.25926208496094,193.63157653808594,196.5574493408203,183.73106384277344,2772666
2023-06-05,196.428955078125,196.8243408203125,193.78973388671875,194.90670776367188,182.18807983398438,1682093
2023-06-06,195.28231811523438,195.81610107421875,193.10768127441406,194.07638549804688,181.41195678710938,2321262
2023-06-07,194.68923950195312,196.4091796875,191.99072265625,196.10275268554688,183.30609130859375,2585205
2023-06-08,195.5887451171875,196.45860290527344,194.7880859375,195.8655242919922,183.08433532714844,1645572
2023-06-09,195.3515167236328,196.46849060058594,193.8292694091797,195.6085205078125,182.8441162109375,1780629
2023-06-12,195.92483520507812,196.6562957763672,194.36305236816406,196.21148681640625,183.40773010253906,1700303
2023-06-13,196.21148681640625,198.95944213867188,195.4800262451172,198.79139709472656,185.81930541992188,2011086
2023-06-14,199.671142578125,200.4718017578125,196.36964416503906,198.2082061767578,185.27415466308594,2687788
2023-06-15,198.92977905273438,201.74691772460938,198.11923217773438,201.38119506835938,188.24008178710938,2496482
2023-06-16,202.6365509033203,203.64479064941406,200.12583923339844,200.6299591064453,187.537841796875,5064185
2023-06-20,200.3136444091797,200.6299591064453,196.73538208007812,198.08958435058594,185.16326904296875,2109521
2023-06-21,196.9923858642578,200.442138671875,195.82598876953125,199.4734344482422,186.456787109375,2583080
2023-06-22,199.631591796875,199.94790649414062,197.32846069335938,198.33670043945312,185.39427185058594,1635759
2023-06-23,196.834228515625,198.34658813476562,196.35975646972656,197.7831573486328,184.87684631347656,3361657
2023-06-26,197.99073791503906,200.7189178466797,197.15052795410156,200.24444580078125,187.17752075195312,2156462
2023-06-27,200.2246856689453,201.71726989746094,200.11595153808594,200.9956817626953,187.87974548339844,2386312
2023-06-28,201.07476806640625,201.56900024414062,199.671142578125,200.16537475585938,187.10357666015625,1995000
2023-06-29,200.08628845214844,204.2477569580078,199.4141387939453,204.089599609375,190.771728515625,2573773
2023-06-30,205.27577209472656,206.08631896972656,204.42567443847656,205.10772705078125,191.72341918945312,3045006
2023-07-03,204.40591430664062,206.23458862304688,202.67608642578125,205.89849853515625,192.4626007080078,1229272
2023-07-05,205.00888061523438,205.93804931640625,203.57559204101562,204.05006408691406,190.7347869873047,2363145
2023-07-06,202.6068878173828,202.68597412109375,199.75021362304688,201.657958984375,188.4988250732422,2126820
2023-07-07,200.54098510742188,203.34825134277344,199.82928466796875,200.91661071777344,187.80581665039062,2279986
2023-07-10,201.85565185546875,205.5821990966797,201.2724609375,205.34495544433594,191.94517517089844,3138383
2023-07-11,206.03689575195312,207.11431884765625,205.0484161376953,206.32354736328125,192.8599090576172,2834175
2023-07-12,207.9644012451172,208.43887329101562,205.9479217529297,206.115966796875,192.66587829589844,3001606
2023-07-13,205.27577209472656,206.79800415039062,204.80130004882812,206.30377197265625,192.84146118164062,2351409
2023-07-14,205.51300048828125,205.51300048828125,203.1307830810547,203.76341247558594,190.4668426513672,2186407
2023-07-17,203.19998168945312,206.42239379882812,202.8935546875,205.77000427246094,192.34251403808594,2175785
2023-07-18,204.31695556640625,204.7716522216797,201.59864807128906,202.8836669921875,189.64450073242188,3711591
2023-07-19,201.4998016357422,203.684326171875,201.48004150390625,202.80459594726562,189.57058715820312,2535229
2023-07-20,203.77328491210938,206.82766723632812,203.20986938476562,205.5624237060547,192.14845275878906,2562240
2023-07-21,205.90838623046875,207.9644012451172,205.38449096679688,206.19503784179688,192.73980712890625,7617421
2023-07-24,206.2642364501953,207.737060546875,205.80953979492188,206.90673828125,193.40504455566406,1868239
2023-07-25,205.75022888183594,207.71728515625,204.88037109375,207.26258850097656,193.73768615722656,1991358
2023-07-26,206.3729705810547,206.98582458496094,204.80130004882812,205.8589630126953,192.42564392089844,3331509
2023-07-27,201.36141967773438,201.76669311523438,193.39434814453125,194.1455841064453,181.4766082763672,6672427
2023-07-28,195.38116455078125,195.92483520507812,192.76171875,192.9396514892578,180.34938049316406,3980390
2023-07-31,192.87045288085938,193.25596618652344,191.19004821777344,191.89187622070312,179.36997985839844,3486597
2023-08-01,191.12086486816406,192.55413818359375,190.7353515625,191.24935913085938,178.76939392089844,4019440
2023-08-02,191.66452026367188,193.0483856201172,190.1818084716797,190.67605590820312,178.23350524902344,3032563
2023-08-03,190.55743408203125,190.67605590820312,188.26417541503906,188.3135986328125,176.02520751953125,2538163
2023-08-04,189.05496215820312,189.60850524902344,186.63320922851562,187.02859497070312,174.8240509033203,2436389
2023-08-07,187.918212890625,188.4717559814453,186.42562866210938,187.41409301757812,175.18441772460938,2875856
2023-08-08,186.42562866210938,186.42562866210938,184.4190216064453,185.486572265625,173.38265991210938,3299743
2023-08-09,184.89349365234375,188.0763702392578,184.8440704345703,187.05824279785156,174.85177612304688,3262311
2023-08-10,186.0500030517578,188.42233276367188,185.891845703125,186.5640106201172,175.34414672851562,2844494
2023-08-11,186.03024291992188,189.23287963867188,186.03024291992188,188.4717559814453,177.13717651367188,2731491
2023-08-14,188.74853515625,189.59861755371094,186.9791717529297,187.32513427734375,176.0594940185547,2472708
2023-08-15,185.81277465820312,186.24769592285156,184.40914916992188,185.6348419189453,174.47085571289062,2278266
2023-08-16,185.486572265625,186.3267822265625,184.26087951660156,184.33995056152344,173.2538299560547,2267441
2023-08-17,185.29876708984375,186.0500030517578,183.83583068847656,183.83583068847656,172.78001403808594,2509836
2023-08-18,183.054931640625,185.39761352539062,182.9363250732422,184.4289093017578,173.33743286132812,2077653
2023-08-21,183.865478515625,185.14060974121094,183.28228759765625,184.79464721679688,173.6811981201172,1953320
2023-08-22,185.19003295898438,185.3383026123047,183.41078186035156,183.865478515625,172.80792236328125,1732980
2023-08-23,184.34983825683594,185.40750122070312,184.00387573242188,184.9231414794922,173.80194091796875,1921452
2023-08-24,184.78475952148438,186.61343383789062,182.97586059570312,183.02528381347656,172.0182342529297,2419292
2023-08-25,183.47998046875,185.01211547851562,182.45196533203125,184.1521453857422,173.0773468017578,1966573
2023-08-28,186.26747131347656,187.45362854003906,184.9626922607422,185.71392822265625,174.54519653320312,1963740
2023-08-29,185.71392822265625,187.63156127929688,185.19003295898438,187.33502197265625,176.0688018798828,2205932
2023-08-30,187.33502197265625,188.5014190673828,185.54588317871094,186.38609313964844,175.1769561767578,2232539
2023-08-31,186.27735900878906,187.21640014648438,185.7534637451172,185.7732391357422,174.60092163085938,2628808
2023-09-01,186.84078979492188,187.30535888671875,185.37783813476562,186.21804809570312,175.0189971923828,1614413
2023-09-05,186.40585327148438,186.62332153320312,183.47998046875,183.55905151367188,172.51991271972656,2255099
2023-09-06,182.9066619873047,183.68756103515625,181.51292419433594,182.38278198242188,171.4143829345703,2254796
2023-09-07,182.62001037597656,183.68756103515625,181.11753845214844,181.9972686767578,171.0520477294922,2110532
2023-09-08,181.68096923828125,182.85723876953125,181.3053436279297,182.39266967773438,171.4237060546875,1790341
2023-09-11,183.78640747070312,184.48822021484375,182.62001037597656,184.06317138671875,172.9937286376953,2140073
2023-09-12,184.0434112548828,187.75018310546875,183.82594299316406,187.02859497070312,175.78079223632812,3710276
2023-09-13,187.63156127929688,191.4272918701172,187.60189819335938,189.3811492919922,177.99188232421875,5116286
2023-09-14,190.1818084716797,193.05825805664062,189.72711181640625,191.3284454345703,179.82205200195312,3725147
2023-09-15,192.27737426757812,192.67276000976562,190.17193603515625,190.81443786621094,179.33895874023438,6084144
2023-09-18,190.5277862548828,193.09780883789062,190.2213592529297,192.2180633544922,180.6581573486328,2323589
2023-09-19,190.9132843017578,193.36468505859375,190.9132843017578,193.09780883789062,181.48500061035156,2905599
2023-09-20,193.87869262695312,194.8177490234375,192.14886474609375,192.1982879638672,180.6395721435547,2401790
2023-09-21,192.42564392089844,192.42564392089844,189.19334411621094,189.22299194335938,177.8432159423828,2951528
2023-09-22,188.728759765625,189.62826538085938,187.40420532226562,187.59202575683594,176.3103485107422,2857241
2023-09-25,186.8605499267578,189.8160858154297,186.38609313964844,189.64804077148438,178.2427215576172,2754861
2023-09-26,188.80784606933594,189.134033203125,185.59530639648438,185.72381591796875,174.55450439453125,3439150
2023-09-27,186.76170349121094,186.76170349121094,184.20156860351562,185.71392822265625,174.54519653320312,2261776
2023-09-28,185.56565856933594,186.80123901367188,184.5277557373047,184.9528045654297,173.829833984375,2946268
2023-09-29,186.0500030517578,186.0598907470703,182.21473693847656,182.61012268066406,171.62806701660156,3369750
2023-10-02,181.878662109375,182.689208984375,178.98243713378906,180.5046844482422,169.6492156982422,2732301
2023-10-03,179.76333618164062,180.61341857910156,178.16200256347656,179.0516357421875,168.28355407714844,2519346
2023-10-04,179.33828735351562,180.85064697265625,178.33993530273438,180.3959503173828,169.5470428466797,2325511
2023-10-05,180.04998779296875,180.31687927246094,177.06480407714844,177.94454956054688,167.24307250976562,2314888
2023-10-06,178.3893585205078,183.16366577148438,177.62823486328125,182.5310516357422,171.55372619628906,3814781
2023-10-09,183.13401794433594,184.8242950439453,182.62989807128906,184.36959838867188,173.28172302246094,2305480
2023-10-10,185.83253479003906,185.9215087890625,182.2542724609375,184.19168090820312,173.114501953125,3300755
2023-10-11,184.40914916992188,186.11920166015625,183.66778564453125,185.2394561767578,174.09925842285156,2235979
2023-10-12,185.19992065429688,185.2295684814453,180.71226501464844,181.81935119628906,170.88485717773438,2442055
2023-10-13,182.71885681152344,182.71885681152344,180.257568359375,181.4437255859375,170.53179931640625,2271792
2023-10-16,183.4700927734375,185.3383026123047,182.99563598632812,184.08294677734375,173.01229858398438,2461377
2023-10-17,183.20321655273438,185.13072204589844,182.8374786376953,184.17190551757812,173.09588623046875,1870465
2023-10-18,183.4898681640625,183.8951416015625,180.9297332763672,181.35476684570312,170.44821166992188,2288383
2023-10-19,181.0582275390625,183.7172088623047,179.76333618164062,180.16860961914062,169.33338928222656,2595625
2023-10-20,180.54421997070312,181.66119384765625,178.97254943847656,179.22955322265625,168.45079040527344,3078897
2023-10-23,179.49644470214844,180.96926879882812,178.31027221679688,178.43878173828125,167.70755004882812,2097684
2023-10-24,179.47666931152344,180.9099578857422,178.18177795410156,179.36793518066406,168.5808563232422,2582069
2023-10-25,179.35806274414062,179.6842498779297,175.92807006835938,176.0367889404297,165.45004272460938,4195773
2023-10-26,176.52114868164062,180.88031005859375,172.86380004882812,174.0301971435547,163.56411743164062,4873790
2023-10-27,173.6249237060547,177.05491638183594,173.32838439941406,174.95936584472656,164.4374237060547,3439959
2023-10-30,175.49313354492188,178.2213134765625,174.56398010253906,177.6776580810547,166.99224853515625,2664519
2023-10-31,177.4305419921875,181.79957580566406,177.11422729492188,181.14718627929688,170.2530975341797,3814275
2023-11-01,182.06646728515625,182.14553833007812,179.32839965820312,181.8687744140625,170.93128967285156,3397874
2023-11-02,183.460205078125,184.98245239257812,182.0269317626953,184.2806396484375,173.1980743408203,3095286
2023-11-03,185.97093200683594,188.01705932617188,185.81277465820312,186.81112670898438,175.57640075683594,2994524
2023-11-06,186.49481201171875,186.72216796875,184.8638458251953,185.3383026123047,174.192138671875,2367191
2023-11-07,184.61672973632812,185.0911865234375,183.42066955566406,184.4585723876953,173.36532592773438,2511050
2023-11-08,184.72544860839844,184.72544860839844,181.66119384765625,182.49151611328125,171.51658630371094,3230747
2023-11-09,181.75015258789062,183.28228759765625,181.08787536621094,181.56234741210938,171.64736938476562,2750005
2023-11-10,182.48162841796875,184.76499938964844,181.54257202148438,184.5574188232422,174.47889709472656,2204010
2023-11-13,184.64637756347656,185.3481903076172,183.56893920898438,184.35972595214844,174.29202270507812,1695447
2023-11-14,186.59365844726562,188.4717559814453,186.4750518798828,188.04672241210938,177.77767944335938,2986026
2023-11-15,188.28395080566406,189.5491943359375,186.60354614257812,187.3646697998047,177.13284301757812,4124350
2023-11-16,189.01541137695312,190.14227294921875,188.21475219726562,188.51129150390625,178.2168731689453,2158384
2023-11-17,189.57884216308594,189.7864227294922,187.74029541015625,189.0055389404297,178.68409729003906,2233450
2023-11-20,188.4717559814453,190.16204833984375,187.87867736816406,189.58872985839844,179.23550415039062,2023529
2023-11-21,188.8869171142578,189.4009246826172,187.87867736816406,189.03518676757812,178.71214294433594,1899297
2023-11-22,188.8968048095703,190.64639282226562,187.93798828125,190.0928497314453,179.7120361328125,1903546
2023-11-24,190.8935089111328,191.47671508789062,190.1916961669922,191.18017578125,180.7400360107422,1087032
2023-11-27,190.38938903808594,191.44705200195312,190.13238525390625,190.7452392578125,180.32882690429688,2509431
2023-11-28,190.7650146484375,192.82102966308594,190.1916961669922,192.03025817871094,181.5436553955078,3367929
2023-11-29,193.27572631835938,194.05662536621094,191.6941680908203,192.02037048339844,181.53431701660156,2269161
2023-11-30,192.03025817871094,193.8589324951172,191.7930145263672,193.66123962402344,183.08560180664062,3150320
2023-12-01,194.2345428466797,195.80621337890625,193.06814575195312,195.49978637695312,184.82373046875,3148398
2023-12-04,194.2543182373047,196.1719512939453,194.19500732421875,196.07310485839844,185.36572265625,2749196
2023-12-05,195.24278259277344,195.55909729003906,193.07803344726562,194.67935180664062,184.048095703125,2614341
2023-12-06,195.8655242919922,196.834228515625,195.00555419921875,195.50967407226562,184.8330535888672,2256920
2023-12-07,196.69583129882812,196.75514221191406,195.1834716796875,195.50967407226562,184.8330535888672,2465323
2023-12-08,193.77984619140625,194.9561309814453,190.78477478027344,192.3663330078125,181.8614044189453,4598314
2023-12-11,194.18511962890625,198.1983184814453,193.78973388671875,198.07969665527344,187.26275634765625,3749427
2023-12-12,199.671142578125,199.96768188476562,198.54428100585938,199.18678283691406,188.3093719482422,3129986
2023-12-13,200.26422119140625,200.81776428222656,197.94131469726562,200.73867797851562,189.77650451660156,3099130
2023-12-14,201.6480712890625,202.28070068359375,200.12583923339844,201.06488037109375,190.0849151611328,3829855
2023-12-15,201.4998016357422,202.68597412109375,200.10606384277344,201.05499267578125,190.0755615234375,7611048
2023-12-18,201.657958984375,203.08135986328125,201.1340789794922,202.7353973388672,191.66421508789062,3005349
2023-12-19,202.17196655273438,202.70574951171875,201.14395141601562,202.2411651611328,191.1969757080078,2627189
2023-12-20,201.36141967773438,203.00228881835938,200.50144958496094,200.56076049804688,189.6083221435547,3388668
2023-12-21,201.4405059814453,202.84413146972656,201.08465576171875,202.68597412109375,191.61746215820312,2183777
2023-12-22,202.68597412109375,204.7716522216797,202.59701538085938,203.2691650390625,192.16883850097656,1911741
2023-12-26,203.76341247558594,206.14561462402344,203.4174346923828,205.64149475097656,194.41162109375,1881896
2023-12-27,204.7716522216797,207.24282836914062,204.7716522216797,206.61019897460938,195.32740783691406,2367394
2023-12-28,206.90673828125,207.54925537109375,206.42239379882812,206.7584686279297,195.46755981445312,1666918
2023-12-29,206.80789184570312,207.7469482421875,206.50146484375,207.29225158691406,195.97222900390625,2282718
2024-01-02,206.45204162597656,208.18186950683594,205.91827392578125,206.59043884277344,195.30873107910156,3169238
2024-01-03,206.01712036132812,206.01712036132812,201.9050750732422,202.17196655273438,191.1315460205078,3858485
2024-01-04,201.76669311523438,203.8424835205078,201.677734375,202.53770446777344,191.47731018066406,2571649
2024-01-05,202.03358459472656,202.2115020751953,199.92813110351562,201.18350219726562,190.1970672607422,2713889
2024-01-08,200.77822875976562,201.20326232910156,198.92977905273438,200.3235321044922,189.38401794433594,4066887
2024-01-09,198.1686553955078,199.4042510986328,196.60687255859375,199.30540466308594,188.4215087890625,3118048
2024-01-10,198.6826629638672,200.13571166992188,198.10934448242188,200.0665283203125,189.14109802246094,2399868
2024-01-11,199.95779418945312,200.25433349609375,197.24937438964844,199.34494018554688,188.45889282226562,1963335
2024-01-12,201.04510498046875,201.63819885253906,197.85235595703125,198.78150939941406,187.9262237548828,2457533
2024-01-16,198.36634826660156,198.81117248535156,195.23289489746094,195.48989868164062,184.8143768310547,3541227
2024-01-17,194.48165893554688,195.80621337890625,193.7403106689453,195.66783142089844,184.98257446289062,2539579
2024-01-18,195.4404754638672,198.22796630859375,194.98577880859375,197.82269287109375,187.01980590820312,2634979
2024-01-19,197.97096252441406,198.91989135742188,196.34986877441406,198.46519470214844,187.627197265625,3125636
2024-01-22,199.01873779296875,201.56900024414062,198.11923217773438,198.72219848632812,187.87014770507812,3631063
2024-01-23,198.91001892089844,200.81776428222656,198.31692504882812,200.6002960205078,189.6457061767578,2057521
2024-01-24,200.6002960205078,201.4306182861328,197.3778839111328,197.56568908691406,186.77684020996094,3524534
2024-01-25,199.4141387939453,200.82765197753906,198.35647583007812,200.2246856689453,189.29061889648438,2684146
2024-01-26,200.6892547607422,201.5393524169922,199.0681610107422,199.4734344482422,188.58033752441406,1947149
2024-01-29,199.1077117919922,200.7189178466797,198.50474548339844,200.7090301513672,189.74851989746094,2222422
2024-01-30,198.8408203125,203.99075317382812,198.8408203125,203.5261688232422,192.41180419921875,5711852
2024-01-31,204.81118774414062,205.3153076171875,199.43389892578125,199.92813110351562,189.01026916503906,5690101
2024-02-01,193.61181640625,195.29220581054688,187.47340393066406,195.0352020263672,184.38450622558594,7910298
2024-02-02,194.76832580566406,197.74362182617188,193.28561401367188,193.8490447998047,183.2631378173828,4368059
2024-02-05,191.7238311767578,192.6035614013672,190.5969696044922,190.78477478027344,180.36619567871094,4686228
2024-02-06,190.32020568847656,191.8325653076172,189.82595825195312,191.4075164794922,180.95494079589844,3785139
2024-02-07,193.21641540527344,193.5623779296875,191.35809326171875,191.86221313476562,181.38479614257812,3065138
2024-02-08,191.35809326171875,191.78314208984375,190.03353881835938,191.22959899902344,180.7867431640625,2545548
2024-02-09,190.77490234375,192.97918701171875,190.6068572998047,192.59368896484375,182.0763397216797,3729295
2024-02-12,191.7436065673828,195.3515167236328,191.53602600097656,195.0747528076172,184.42190551757812,2860883
2024-02-13,194.47177124023438,194.68923950195312,190.4981231689453,191.77325439453125,181.3007049560547,4483794
2024-02-14,192.1982879638672,193.3350372314453,191.64474487304688,192.6233367919922,182.10435485839844,2139871
2024-02-15,193.7403106689453,195.91494750976562,193.36468505859375,195.66783142089844,184.98257446289062,2019584
2024-02-16,195.24278259277344,196.60687255859375,194.18511962890625,194.89682006835938,184.25367736816406,2358188
2024-02-20,195.66783142089844,197.34823608398438,194.6398162841797,196.6464080810547,185.90769958496094,2793304
2024-02-21,197.29879760742188,198.06980895996094,195.92483520507812,197.2296142578125,186.4591064453125,1992471
2024-02-22,197.13076782226562,199.2362060546875,196.32022094726562,198.49485778808594,187.6552276611328,3677397
2024-02-23,198.49485778808594,200.2938690185547,198.21807861328125,198.31692504882812,187.48703002929688,2478778
2024-02-26,197.72384643554688,197.8918914794922,195.92483520507812,196.89353942871094,186.14137268066406,2052261
2024-02-27,197.28892517089844,197.3976593017578,194.67935180664062,195.89517211914062,185.197509765625,2480397
2024-02-28,195.82598876953125,196.63653564453125,194.9759063720703,195.29220581054688,184.6274871826172,2695173
2024-02-29,196.00390625,197.9017791748047,194.36305236816406,196.4388427734375,186.73223876953125,3477391
2024-03-01,195.31198120117188,196.6464080810547,193.80950927734375,196.37953186035156,186.67588806152344,2817888
2024-03-04,196.1422882080078,197.4866180419922,195.8754119873047,196.94296264648438,187.2114715576172,2173964
2024-03-05,196.834228515625,197.2296142578125,194.36305236816406,195.0747528076172,185.43557739257812,2561734
2024-03-06,197.199951171875,200.076416015625,196.37953186035156,198.1884307861328,188.3953857421875,2745048
2024-03-07,199.8787078857422,200.91661071777344,199.4042510986328,200.27410888671875,190.37799072265625,2476046
2024-03-08,200.78810119628906,201.56900024414062,198.13900756835938,198.435546875,188.6302947998047,2164353
2024-03-11,199.2559814453125,200.23455810546875,196.8243408203125,197.98085021972656,188.1980743408203,2471696
2024-03-12,197.42730712890625,197.94131469726562,195.39105224609375,196.834228515625,187.10809326171875,2973077
2024-03-13,197.644775390625,198.81117248535156,196.5475616455078,197.42730712890625,187.67189025878906,2567197
2024-03-14,196.9528350830078,197.42730712890625,192.71229553222656,194.08627319335938,184.4959259033203,3882765
2024-03-15,194.1258087158203,196.2609100341797,193.64146423339844,195.41082763671875,185.75502014160156,6383698
2024-03-18,196.71560668945312,196.71560668945312,194.11593627929688,194.49154663085938,184.88116455078125,2510645
2024-03-19,194.49154663085938,196.94296264648438,193.8589324951172,196.74525451660156,187.0235137939453,4577575
2024-03-20,196.30044555664062,199.3844757080078,196.04344177246094,198.860595703125,189.0343475341797,2746059
2024-03-21,199.671142578125,200.74856567382812,198.9693145751953,199.05828857421875,189.22227478027344,2844595
2024-03-22,199.19667053222656,199.6414794921875,197.7831573486328,198.415771484375,188.6114959716797,2085342
2024-03-25,198.06980895996094,198.39601135253906,196.1422882080078,196.19171142578125,186.49734497070312,1984176
2024-03-26,195.7666778564453,199.14724731445312,195.4701385498047,198.6826629638672,188.86520385742188,2728558
2024-03-27,200.6002960205078,202.8935546875,199.8787078857422,202.76504516601562,192.745849609375,2792292
2024-03-28,203.0319366455078,204.43556213378906,202.81446838378906,202.8836669921875,192.85861206054688,3636020
2024-04-01,203.0220489501953,203.5162811279297,199.56240844726562,199.68101501464844,189.814208984375,2247815
2024-04-02,199.75021362304688,199.96768188476562,197.71395874023438,197.92153930664062,188.14170837402344,2645601
2024-04-03,197.12088012695312,198.62335205078125,195.63816833496094,195.68759155273438,186.0181121826172,2525112
2024-04-04,198.36634826660156,198.36634826660156,193.26583862304688,193.78973388671875,184.21405029296875,3454527
2024-04-05,193.64146423339844,196.11264038085938,192.90011596679688,194.87704467773438,185.2476348876953,2238609
2024-04-08,195.31198120117188,196.89353942871094,195.0549774169922,195.4800262451172,185.82083129882812,2412514
2024-04-09,196.06321716308594,197.2197265625,193.7600860595703,196.12252807617188,186.43157958984375,2065817
2024-04-10,193.3152618408203,194.18511962890625,192.15875244140625,193.39434814453125,183.8382110595703,2941209
2024-04-11,193.7501983642578,194.9264678955078,192.03025817871094,194.60028076171875,184.9845428466797,3061597
2024-04-12,193.65135192871094,194.18511962890625,192.3663330078125,193.89846801757812,184.31741333007812,3540316
2024-04-15,195.82598876953125,196.20159912109375,190.95281982421875,191.8029022216797,182.3253936767578,3216989
2024-04-16,190.9132843017578,191.45693969726562,188.3333740234375,188.52117919921875,179.2058563232422,2834580
2024-04-17,190.1916961669922,190.30043029785156,187.56236267089844,188.1653289794922,178.86758422851562,2452576
2024-04-18,188.79795837402344,190.0829620361328,187.7996063232422,188.8770294189453,179.54409790039062,2168096
2024-04-19,190.38938903808594,192.28726196289062,189.42068481445312,192.02037048339844,182.5321044921875,3611639
2024-04-22,192.04014587402344,194.03684997558594,191.90174865722656,193.3251495361328,183.77239990234375,2394506
2024-04-23,193.76995849609375,195.3317413330078,193.4239959716797,193.89846801757812,184.31741333007812,2587127
2024-04-24,191.3284454345703,193.46353149414062,191.0319061279297,192.5442657470703,183.03013610839844,3620036
2024-04-25,197.16041564941406,197.83258056640625,188.29383850097656,190.79466247558594,181.3669891357422,3939721
2024-04-26,188.10601806640625,191.4174041748047,187.918212890625,191.21971130371094,181.77102661132812,3076772
2024-04-29,191.0319061279297,192.02037048339844,190.00389099121094,191.53602600097656,182.07171630859375,2623850
2024-04-30,191.75347900390625,193.5821533203125,190.1027374267578,190.5080108642578,181.094482421875,3164382
2024-05-01,189.75677490234375,194.90670776367188,189.6875762939453,193.0483856201172,183.50933837890625,5143904
2024-05-02,194.11593627929688,194.21478271484375,190.46847534179688,191.4075164794922,181.94955444335938,3458574
2024-05-03,192.5244903564453,193.9775390625,191.3086700439453,193.55250549316406,183.98855590820312,2277659
2024-05-06,194.10604858398438,194.9264678955078,191.7139434814453,192.75184631347656,183.2274627685547,2283932
2024-05-07,192.781494140625,194.91659545898438,192.781494140625,194.58050537109375,184.96575927734375,2076136
2024-05-08,194.42234802246094,196.07310485839844,193.66123962402344,195.7666778564453,186.09329223632812,1809158
2024-05-09,196.5574493408203,198.47508239746094,195.5887451171875,198.31692504882812,188.51754760742188,2723398
2024-05-10,198.6826629638672,200.88694763183594,198.40589904785156,200.58053588867188,190.6693115234375,2345441
2024-05-13,202.0830078125,204.3367156982422,201.3910675048828,201.45037841796875,191.49615478515625,3546184
2024-05-14,202.6365509033203,203.0121612548828,200.57064819335938,200.8671875,190.9417724609375,2406140
2024-05-15,202.01380920410156,202.98251342773438,200.4322509765625,202.69586181640625,192.68008422851562,2707009
2024-05-16,202.6068878173828,204.88037109375,202.2213897705078,204.2378692626953,195.17385864257812,2596738
2024-05-17,204.5047607421875,204.61349487304688,202.81446838378906,203.59536743164062,194.55987548828125,2293643
2024-05-20,203.37789916992188,203.81283569335938,200.90672302246094,202.26092529296875,193.28460693359375,2031724
2024-05-21,202.85401916503906,202.873779296875,200.79798889160156,201.16372680664062,192.23611450195312,1763127
2024-05-22,200.77822875976562,201.58877563476562,199.55252075195312,200.4619140625,191.5654754638672,2036782
2024-05-23,199.20655822753906,199.226318359375,196.92318725585938,197.0912322998047,188.34437561035156,2646916
2024-05-24,198.0401611328125,198.49485778808594,196.89353942871094,197.3877716064453,188.6277618408203,2388133
2024-05-28,195.8754119873047,198.52450561523438,195.81610107421875,196.88365173339844,188.14598083496094,2445494
2024-05-29,195.54920959472656,196.12252807617188,194.62005615234375,194.7979736328125,186.15289306640625,2879397
2024-05-30,195.51956176757812,198.95944213867188,195.12417602539062,198.5937042236328,189.78016662597656,2339775
2024-05-31,198.0203857421875,199.94790649414062,196.834228515625,199.85894775390625,190.9892578125,3200397
2024-06-03,201.47015380859375,201.47015380859375,198.6727752685547,200.12583923339844,191.2442626953125,2472000
2024-06-04,198.74197387695312,205.75022888183594,198.74197387695312,204.84083557128906,195.7500457763672,3399999
2024-06-05,205.53277587890625,207.03524780273438,203.49652099609375,206.85731506347656,197.6770477294922,2754557
2024-06-06,206.7584686279297,207.78648376464844,205.22634887695312,206.04676818847656,196.90243530273438,3308949
2024-06-07,206.115966796875,208.5377197265625,205.26588439941406,206.3729705810547,197.2141876220703,2593096
2024-06-10,207.3515625,208.62667846679688,206.71893310546875,208.3103790283203,199.06561279296875,2679087
2024-06-11,207.36143493652344,207.44052124023438,204.7617645263672,207.0648956298828,197.8754119873047,2331581
2024-06-12,208.32025146484375,209.1901092529297,205.34495544433594,206.09619140625,196.94969177246094,2500023
2024-06-13,204.70245361328125,206.56077575683594,203.87213134765625,206.22470092773438,197.07247924804688,1982557
2024-06-14,204.81118774414062,206.2741241455078,203.63490295410156,206.1258544921875,196.97801208496094,2265317
2024-06-17,205.60195922851562,209.72389221191406,205.1472625732422,209.5064239501953,200.20855712890625,3136764
2024-06-18,208.60691833496094,210.77166748046875,208.0039520263672,210.4158172607422,201.07760620117188,2471899
2024-06-20,210.93971252441406,212.7090606689453,210.4158172607422,211.67117309570312,202.27725219726562,4089144
2024-06-21,213.30215454101562,213.58880615234375,211.05831909179688,212.61021423339844,203.17459106445312,8021480
2024-06-24,212.7288360595703,215.84251403808594,212.4322967529297,213.4010009765625,203.93032836914062,2967411
2024-06-25,214.3301544189453,214.3301544189453,211.25601196289062,211.97760009765625,202.57008361816406,3000290
2024-06-26,211.08798217773438,211.6019744873047,209.16046142578125,210.9693603515625,201.60659790039062,2199255
2024-06-27,211.82933044433594,212.86721801757812,210.55419921875,211.9084014892578,202.5039520263672,1935515
2024-06-28,211.67117309570312,213.6580047607422,208.7057647705078,211.07809448242188,201.71047973632812,4860841
2024-07-01,210.68270874023438,213.04515075683594,208.43887329101562,208.5179443359375,199.2639617919922,2173559
2024-07-02,209.3284912109375,210.8210906982422,208.52783203125,210.77166748046875,201.41766357421875,1930557
2024-07-03,210.5443115234375,210.8112030029297,209.62503051757812,210.0105438232422,200.69032287597656,1099375
2024-07-05,210.11927795410156,210.45535278320312,208.3103790283203,209.79307556152344,200.4824981689453,1371108
2024-07-08,209.44711303710938,210.77166748046875,208.58714294433594,209.1901092529297,199.90631103515625,1859539
2024-07-09,209.24942016601562,209.65469360351562,208.1324462890625,208.17198181152344,198.93336486816406,1391442
2024-07-10,208.76507568359375,212.46194458007812,208.34002685546875,212.0171356201172,202.6078643798828,1812699
2024-07-11,212.52125549316406,214.17201232910156,211.18682861328125,212.37298583984375,202.9479217529297,2731593
2024-07-12,213.04515075683594,214.3499298095703,209.8820343017578,212.62998962402344,203.19351196289062,2113567
2024-07-15,211.9281768798828,213.83592224121094,210.9495849609375,213.2329559326172,203.7697296142578,1752404
2024-07-16,213.36146545410156,216.4850311279297,213.16375732421875,215.9512481689453,206.36737060546875,3013240
2024-07-17,216.4751434326172,218.16542053222656,215.33839416503906,217.6711883544922,208.01100158691406,2719453
2024-07-18,217.44384765625,218.2445068359375,215.01220703125,215.1604766845703,205.61167907714844,2190656
2024-07-19,215.21978759765625,215.62506103515625,211.77001953125,212.13575744628906,202.72122192382812,2691632
2024-07-22,212.78814697265625,214.60693359375,211.16705322265625,214.4685516357422,204.95046997070312,2817078
2024-07-23,214.47842407226562,216.33676147460938,213.71730041503906,214.8738250732422,205.33775329589844,1812092
2024-07-24,214.8738250732422,215.2593231201172,210.67282104492188,211.18682861328125,201.81439208984375,3565709
2024-07-25,200.4520263671875,202.8638916015625,196.70571899414062,200.11595153808594,191.23487854003906,6761655
2024-07-26,200.6892547607422,205.40426635742188,195.95448303222656,200.40260314941406,191.50880432128906,7539321
2024-07-29,201.18350219726562,201.4108428955078,196.834228515625,199.0780487060547,190.24301147460938,2907420
2024-07-30,199.62171936035156,201.59864807128906,199.14724731445312,200.3037567138672,191.414306640625,2638924
2024-07-31,201.4108428955078,204.37625122070312,199.8095245361328,202.38943481445312,193.40740966796875,3362668
2024-08-01,201.97427368164062,204.37625122070312,199.17689514160156,202.2213897705078,193.24684143066406,3786656
2024-08-02,205.8490753173828,206.55088806152344,198.9792022705078,201.34165954589844,192.40615844726562,3417096
2024-08-05,200.1950225830078,200.1950225830078,194.6299285888672,197.40753173828125,188.6466064453125,3960966
2024-08-06,197.3976593017578,199.84906005859375,196.20159912109375,196.50802612304688,187.78704833984375,3671428
2024-08-07,198.23785400390625,201.59864807128906,195.42071533203125,195.63816833496094,186.95578002929688,3330599
2024-08-08,195.63816833496094,198.22796630859375,195.63816833496094,197.51626586914062,188.75054931640625,2489805
2024-08-09,196.73538208007812,196.86387634277344,195.24278259277344,195.94459533691406,187.24862670898438,1910122
2024-08-12,196.1719512939453,196.21148681640625,194.2642059326172,194.5211944580078,185.88839721679688,3109752
2024-08-13,194.98577880859375,195.13404846191406,193.3548126220703,194.46189880371094,185.83172607421875,3782812
2024-08-14,193.7403106689453,195.50967407226562,193.3152618408203,195.32186889648438,186.6535186767578,3511686
2024-08-15,196.6562957763672,197.92153930664062,195.81610107421875,196.1719512939453,187.4658966064453,2934026
2024-08-16,195.31198120117188,197.30868530273438,194.5607452392578,196.21148681640625,188.52963256835938,2843887
2024-08-19,196.1719512939453,197.13076782226562,195.55909729003906,196.74525451660156,189.04249572753906,2068043
2024-08-20,196.70571899414062,198.1983184814453,195.64805603027344,197.7633819580078,190.020751953125,3096095
2024-08-21,198.52450561523438,199.45367431640625,197.58546447753906,199.0978240966797,191.30296325683594,1805617
2024-08-22,198.435546875,199.04840087890625,197.02203369140625,197.83258056640625,190.0872344970703,1970316
2024-08-23,199.36471557617188,200.442138671875,198.52450561523438,200.14559936523438,192.30970764160156,2982789
2024-08-26,201.2427978515625,202.4586181640625,200.57064819335938,201.4998016357422,193.61090087890625,1856200
2024-08-27,201.61842346191406,203.9215545654297,201.4108428955078,203.73374938964844,195.75738525390625,2389650
2024-08-28,204.2279815673828,204.71234130859375,201.4405059814453,202.6365509033203,194.703125,2366079
2024-08-29,203.9413299560547,206.00723266601562,202.0830078125,205.11761474609375,197.0870819091797,2396833
2024-08-30,205.5821990966797,206.3433074951172,202.93309020996094,205.51300048828125,197.4669647216797,1945834
2024-09-03,205.25599670410156,205.51300048828125,201.75680541992188,202.4981689453125,194.5701446533203,2080891
2024-09-04,202.9034423828125,204.7419891357422,202.81446838378906,203.17031860351562,195.2160186767578,1759789
2024-09-05,202.82435607910156,203.06158447265625,199.36471557617188,200.63983154296875,192.7845916748047,1529838
2024-09-06,200.65960693359375,200.75845336914062,195.56898498535156,195.8457489013672,188.17822265625,2570333
2024-09-09,197.67442321777344,199.3745880126953,196.85398864746094,198.8408203125,191.05601501464844,2327231
2024-09-10,197.99073791503906,198.860595703125,196.2806854248047,198.63323974609375,190.85658264160156,1411675
2024-09-11,198.52450561523438,202.00392150878906,195.08462524414062,201.6876220703125,193.7913818359375,2769631
2024-09-12,201.58877563476562,202.6266632080078,199.54263305664062,202.3103485107422,194.38970947265625,1967382
2024-09-13,202.11265563964844,203.24940490722656,201.21315002441406,201.7963409423828,193.8958282470703,1996316
2024-09-16,203.62501525878906,204.56407165527344,201.38119506835938,202.3202362060547,194.3992156982422,1580421
2024-09-17,202.6365509033203,203.36801147460938,201.20326232910156,201.88531494140625,193.98130798339844,1458414
2024-09-18,201.88531494140625,202.35977172851562,198.2773895263672,199.31529235839844,191.51190185546875,2419292
2024-09-19,201.8062286376953,203.17031860351562,199.84906005859375,201.35153198242188,193.46841430664062,2726635
2024-09-20,201.4405059814453,201.4405059814453,199.631591796875,201.0055694580078,193.13601684570312,3874469
2024-09-23,201.657958984375,201.69749450683594,200.27410888671875,201.4207305908203,193.534912109375,2290204
2024-09-24,201.4207305908203,203.62501525878906,200.35317993164062,202.9034423828125,194.9595947265625,2611812
2024-09-25,203.8227081298828,205.36473083496094,202.8935546875,204.39602661132812,196.3937225341797,2891435
2024-09-26,205.3251953125,206.09619140625,204.17855834960938,204.6431427001953,196.6311492919922,1616638
2024-09-27,205.10772705078125,208.41909790039062,204.7419891357422,205.23622131347656,197.20103454589844,2482926
2024-09-30,205.7008056640625,206.39273071289062,201.87542724609375,204.3268280029297,196.3272247314453,2655010
2024-10-01,204.05006408691406,205.60195922851562,202.468505859375,203.6942138671875,195.71939086914062,2327130
2024-10-02,203.19998168945312,203.6744384765625,201.31199645996094,201.5294647216797,193.63938903808594,1863282
2024-10-03,200.16537475585938,201.22303771972656,199.27574157714844,200.54098510742188,192.68960571289062,2071482
2024-10-04,202.2115020751953,202.7156219482422,199.31529235839844,201.4306182861328,193.54441833496094,1662669
2024-10-07,199.8787078857422,201.97427368164062,199.3943634033203,200.98580932617188,193.11703491210938,1822411
2024-10-08,206.2840118408203,207.26258850097656,201.4405059814453,204.61349487304688,196.60267639160156,4180598
2024-10-09,204.6332550048828,211.56243896484375,204.5146484375,211.2362518310547,202.96615600585938,5141881
2024-10-10,209.06161499023438,211.2065887451172,208.6859893798828,211.1374053955078,202.87118530273438,5015423
2024-10-11,212.69918823242188,214.07315063476562,211.26589965820312,213.49984741210938,205.14111328125,3853932
2024-10-14,213.74696350097656,215.20989990234375,212.77825927734375,215.09127807617188,206.67025756835938,1871577
2024-10-15,215.48666381835938,216.69261169433594,213.98419189453125,214.7650909423828,206.35682678222656,3994452
2024-10-16,214.56739807128906,217.07810974121094,214.0632781982422,216.43560791015625,207.96197509765625,2626683
2024-10-17,216.4751434326172,217.54269409179688,215.8326416015625,217.018798828125,208.52230834960938,3171565
2024-10-18,215.20989990234375,219.50975036621094,215.20989990234375,219.4603271484375,210.86825561523438,4080747
2024-10-21,219.41090393066406,220.4092559814453,217.55258178710938,218.94631958007812,210.37435913085938,3733139
2024-10-22,218.0072784423828,220.2708740234375,217.22637939453125,219.78651428222656,211.18165588378906,4058288
2024-10-23,218.98585510253906,220.05340576171875,216.6431884765625,217.79969787597656,209.2726287841797,6255925
2024-10-24,211.89852905273438,213.70742797851562,206.49159240722656,206.6892852783203,198.5972137451172,8801675
2024-10-25,206.6892852783203,207.93475341796875,204.2576446533203,205.60195922851562,197.5524444580078,6158906
2024-10-28,205.66127014160156,206.30377197265625,202.54759216308594,203.72386169433594,195.74789428710938,6165482
2024-10-29,202.66619873046875,205.20657348632812,200.6892547607422,203.60525512695312,195.6339111328125,6141607
2024-10-30,202.0928955078125,204.2477569580078,200.74856567382812,201.8457794189453,193.94329833984375,5416649
2024-10-31,202.29058837890625,203.77328491210938,201.04510498046875,203.3087158203125,195.34901428222656,4708889
2024-11-01,203.91168212890625,207.11431884765625,203.40756225585938,206.7782440185547,198.6826934814453,4536603
2024-11-04,206.42239379882812,206.42239379882812,204.04017639160156,205.1472625732422,197.1155548095703,4076903
2024-11-05,205.79965209960938,209.39768981933594,204.2378692626953,206.3729705810547,198.29327392578125,7463649
2024-11-06,209.6151580810547,214.38946533203125,206.6793975830078,213.90512084960938,205.53054809570312,6223956
2024-11-07,214.4487762451172,215.8326416015625,212.93641662597656,214.992431640625,206.5752716064453,5435870
2024-11-08,214.94300842285156,217.1769561767578,214.01385498046875,216.95948791503906,208.46533203125,5761221
2024-11-11,216.67283630371094,222.72227478027344,216.67283630371094,222.64320373535156,213.926513671875,7383525
2024-11-12,236.6004180908203,239.97109985351562,226.93316650390625,231.21324157714844,222.16104125976562,11218033
2024-11-13,232.29067993164062,233.80303955078125,229.50318908691406,230.3829345703125,221.36322021484375,5595612
2024-11-14,230.30384826660156,231.86563110351562,227.63497924804688,228.01060485839844,219.08377075195312,3881753
2024-11-15,226.35984802246094,228.53448486328125,225.7568817138672,226.34996032714844,218.55880737304688,3751147
2024-11-18,226.83432006835938,227.41751098632812,225.63827514648438,226.21157836914062,218.42518615722656,3486294
2024-11-19,224.7091064453125,226.27088928222656,223.6613311767578,225.56907653808594,217.8048095703125,3739614
2024-11-20,224.62014770507812,226.25111389160156,222.8112335205078,224.0567169189453,216.34449768066406,4686632
2024-11-21,225.3713836669922,226.23135375976562,222.22804260253906,223.4833984375,215.79092407226562,5696475
2024-11-22,225.124267578125,227.46693420410156,224.50152587890625,226.4685821533203,218.67335510253906,3879021
2024-11-25,228.45541381835938,229.3153839111328,227.05178833007812,227.94140625,220.09547424316406,3882461
2024-11-26,229.1275634765625,229.8195037841797,227.20005798339844,227.74371337890625,219.9046173095703,4252123
2024-11-27,229.50318908691406,230.27420043945312,226.82443237304688,226.9924774169922,219.17922973632812,2903474
2024-11-29,226.76512145996094,230.58062744140625,226.76512145996094,230.24453735351562,222.3193359375,1939865
2024-12-02,230.5015411376953,231.0155487060547,227.16050720214844,227.2989044189453,219.47508239746094,3263019
2024-12-03,225.509765625,226.5575408935547,220.58717346191406,224.34336853027344,216.6212921142578,4070226
2024-12-04,224.77830505371094,227.48670959472656,224.17532348632812,227.1407470703125,219.32237243652344,2685764
2024-12-05,227.2989044189453,227.48670959472656,222.91009521484375,223.68109130859375,215.98179626464844,5244160
2024-12-06,224.66957092285156,225.33184814453125,223.1077880859375,223.7700653076172,216.06773376464844,3216989
2024-12-09,224.0270538330078,225.1143798828125,222.34666442871094,222.49493408203125,214.83648681640625,2572458
2024-12-10,222.56411743164062,226.8936309814453,221.99081420898438,226.43893432617188,218.6447296142578,3589281
2024-12-11,229.21653747558594,231.3022003173828,225.23300170898438,226.41915893554688,218.6256103515625,4433615
2024-12-12,225.124267578125,227.2890167236328,224.718994140625,225.06495666503906,217.3180389404297,2747273
2024-12-13,223.3351287841797,226.4488067626953,223.2659454345703,224.99575805664062,217.25123596191406,2460568
2024-12-16,229.77996826171875,235.19677734375,227.49659729003906,233.27914428710938,225.24949645996094,8292909
2024-12-17,235.41424560546875,235.56251525878906,228.96942138671875,230.44223022460938,222.51022338867188,5445178
2024-12-18,231.0056610107422,231.994140625,223.79971313476562,224.24452209472656,216.52586364746094,6503883
2024-12-19,225.98423767089844,230.80796813964844,223.69097900390625,224.26429748535156,216.54493713378906,4927307
2024-12-20,222.56411743164062,227.10121154785156,222.0303497314453,225.6876983642578,217.9193572998047,6912899
2024-12-23,225.14402770996094,225.61849975585938,223.3450164794922,224.52130126953125,216.7930908203125,3508247
2024-12-24,224.0369415283203,226.63662719726562,223.04847717285156,226.26100158691406,218.47293090820312,1895453
2024-12-26,226.14239501953125,229.33514404296875,225.7865447998047,229.18687438964844,221.29808044433594,3107324
2024-12-27,228.3367919921875,228.8903350830078,226.1621551513672,226.8639678955078,219.05514526367188,3089317
2024-12-30,224.5311737060547,224.80795288085938,222.80136108398438,223.98751831054688,216.27769470214844,2399261
2024-12-31,224.5311737060547,224.92657470703125,222.99905395507812,223.28570556640625,215.60003662109375,1959390
2025-01-02,224.4521026611328,225.3614959716797,222.05999755859375,222.9199676513672,215.2469024658203,2113871
2025-01-03,223.37466430664062,224.79806518554688,223.2560577392578,223.908447265625,216.20132446289062,2667858
2025-01-06,222.08966064453125,224.3038330078125,218.8079376220703,219.1835479736328,211.63906860351562,3873963
2025-01-07,218.94631958007812,220.5081024169922,217.37464904785156,218.0863494873047,210.5796661376953,3051177
2025-01-08,217.55258178710938,218.82769775390625,216.67283630371094,217.63165283203125,210.14060974121094,3156896
2025-01-10,217.4339599609375,217.46360778808594,213.7864990234375,215.6744842529297,208.2508087158203,3626915
2025-01-13,215.1604766845703,226.3302001953125,214.91336059570312,216.57398986816406,209.1193389892578,5455193
2025-01-14,217.79969787597656,217.9677276611328,212.12586975097656,215.9809112548828,208.54666137695312,4068607
2025-01-15,217.24615478515625,217.9875030517578,213.69754028320312,217.0089111328125,209.53929138183594,4702010
2025-01-16,217.46360778808594,221.94139099121094,217.38453674316406,220.1226043701172,212.5458221435547,4665489
2025-01-17,224.22476196289062,224.25440979003906,219.7272186279297,220.0138702392578,212.44082641601562,3388162
2025-01-21,220.7947540283203,225.1044921875,220.61683654785156,222.47515869140625,214.81739807128906,4710912
2025-01-22,221.41749572753906,221.95126342773438,220.07318115234375,220.5179901123047,212.92759704589844,3007170
2025-01-23,220.87384033203125,223.46363830566406,220.18191528320312,223.05836486816406,215.3805389404297,3072017
2025-01-24,222.40597534179688,224.5311737060547,218.72885131835938,218.95620727539062,211.4195556640625,6406764
2025-01-27,217.71072387695312,223.2659454345703,217.5624542236328,223.1077880859375,215.42825317382812,3146880
2025-01-28,222.1291961669922,222.1291961669922,217.63165283203125,218.15554809570312,210.646484375,3641179
2025-01-29,218.4026641845703,220.23133850097656,218.1061248779297,218.5015106201172,210.98052978515625,1938651
2025-01-30,219.48997497558594,222.1094207763672,219.025390625,221.476806640625,213.85340881347656,1834551
2025-01-31,220.28076171875,223.3450164794922,219.9842071533203,221.14073181152344,213.5288848876953,2510544
2025-02-03,219.93478393554688,220.72557067871094,217.12753295898438,219.8458251953125,212.278564453125,3258163
2025-02-04,221.98092651367188,223.097900390625,220.5377655029297,220.97268676757812,213.36663818359375,3483056
2025-02-05,220.97268676757812,221.6250762939453,216.72225952148438,219.78651428222656,212.22128295898438,4650516
2025-02-06,212.52125549316406,212.75848388671875,203.80294799804688,207.40098571777344,200.2620849609375,12327423
2025-02-07,209.55584716796875,210.93971252441406,203.0121612548828,203.1505584716797,196.157958984375,6774706
2025-02-10,204.16868591308594,206.7485809326172,202.7156219482422,206.115966796875,199.02127075195312,6705508
2025-02-11,204.18844604492188,206.926513671875,203.40756225585938,204.55418395996094,197.51329040527344,3113091
2025-02-12,203.21974182128906,203.91168212890625,201.8951873779297,202.6464385986328,195.67120361328125,3452808
2025-02-13,204.12913513183594,204.9100341796875,202.25103759765625,202.9034423828125,195.9193572998047,3421547
2025-02-14,202.4586181640625,202.77493286132812,199.21644592285156,200.41249084472656,193.51414489746094,5413816
2025-02-18,202.063232421875,205.9874725341797,200.442138671875,205.64149475097656,198.56317138671875,4955027
2025-02-19,205.53277587890625,209.25930786132812,205.52288818359375,208.3795623779297,201.2069854736328,5123671
2025-02-20,207.1736297607422,209.06161499023438,206.46192932128906,208.91334533691406,201.72238159179688,3678408
2025-02-21,208.72552490234375,210.05007934570312,206.98582458496094,209.4965362548828,202.28549194335938,6294671
2025-02-24,209.31861877441406,212.7090606689453,207.30213928222656,207.4899444580078,200.3479766845703,6820838
2025-02-25,208.7156524658203,211.3548583984375,208.58714294433594,209.55584716796875,202.34275817871094,3842703
2025-02-26,208.3993377685547,210.25765991210938,207.331787109375,208.89356994628906,201.70327758789062,3163168
2025-02-27,209.3482666015625,212.4125213623047,209.1802215576172,209.82273864746094,202.60047912597656,2787538
2025-02-28,210.53443908691406,211.30543518066406,208.16209411621094,210.43557739257812,204.27969360351562,4022981
2025-03-03,211.25601196289062,213.56903076171875,208.59703063964844,209.57562255859375,203.44488525390625,5395707
2025-03-04,209.25930786132812,210.07974243164062,205.4339141845703,205.60195922851562,199.58746337890625,7042999
2025-03-05,205.60195922851562,208.0039520263672,204.40591430664062,207.20327758789062,201.14195251464844,5357568
2025-03-06,206.5311279296875,209.29884338378906,205.50311279296875,208.82437133789062,202.71560668945312,5101212
2025-03-07,208.8144989013672,212.87710571289062,208.35980224609375,212.0467987060547,205.84376525878906,5748980
2025-03-10,211.81944274902344,215.9512481689453,211.1176300048828,211.3548583984375,205.1720733642578,4225820
2025-03-11,211.02867126464844,211.28567504882812,204.53440856933594,206.18516540527344,200.1536102294922,5304658
2025-03-12,204.70245361328125,205.39437866210938,202.36965942382812,203.97097778320312,198.00418090820312,3856967
2025-03-13,203.2889404296875,205.50311279296875,202.7452850341797,204.30706787109375,198.33042907714844,3572184
2025-03-14,206.06654357910156,208.7156524658203,205.49322509765625,207.0550079345703,200.9980010986328,3929706
2025-03-17,206.03689575195312,208.6761016845703,205.33506774902344,207.9940643310547,201.90960693359375,4466596
2025-03-18,207.9841766357422,209.0714874267578,206.42239379882812,207.3218994140625,201.25709533691406,3855450
2025-03-19,207.8655548095703,209.67446899414062,205.90838623046875,206.2444610595703,200.21116638183594,6483043
2025-03-20,205.19668579101562,209.22964477539062,204.9100341796875,208.45864868164062,202.36056518554688,3624689
2025-03-21,206.71893310546875,209.01219177246094,206.3729705810547,207.69752502441406,201.62173461914062,6621439
2025-03-24,209.1999969482422,210.22801208496094,208.07313537597656,209.40757751464844,203.28175354003906,4297749
2025-03-25,208.65634155273438,210.55419921875,207.84579467773438,209.67446899414062,203.54083251953125,3854741
2025-03-26,210.27743530273438,214.65635681152344,210.1588134765625,210.66293334960938,204.50038146972656,5311942
2025-03-27,210.64315795898438,212.7288360595703,209.82273864746094,211.70082092285156,205.50791931152344,3626105
2025-03-28,211.79966735839844,212.4224090576172,207.54925537109375,207.91497802734375,201.83282470703125,3291346
2025-03-31,208.3993377685547,209.9907684326172,207.3416748046875,209.30873107910156,203.185791015625,4014584
2025-04-01,208.6761016845703,211.16705322265625,207.26258850097656,210.98912048339844,204.81703186035156,2593703
2025-04-02,210.04019165039062,213.91500854492188,209.8820343017578,213.49984741210938,207.2543182373047,3463835
2025-04-03,211.1275177001953,213.79638671875,203.9512176513672,204.29718017578125,198.32086181640625,6586638
2025-04-04,200.90672302246094,202.27081298828125,188.51129150390625,188.78807067871094,183.2654266357422,8543802
2025-04-07,188.6101531982422,193.9676513671875,181.27569580078125,185.29876708984375,179.87820434570312,9461279
2025-04-08,186.0697784423828,188.9659881591797,178.74520874023438,180.75180053710938,175.46424865722656,7033085
2025-04-09,178.41900634765625,197.4767303466797,177.2921600341797,196.8045654296875,191.04742431640625,9247920
2025-04-10,194.71890258789062,197.24937438964844,186.62332153320312,191.160400390625,185.56837463378906,5889197
2025-04-11,190.55743408203125,197.11099243164062,189.3910369873047,196.2609100341797,190.51966857910156,5162418
2025-04-14,196.72549438476562,199.03851318359375,195.91494750976562,197.94131469726562,192.1509246826172,4544494
2025-04-15,198.51461791992188,200.0269775390625,196.10275268554688,196.51791381835938,190.76913452148438,3054718
2025-04-16,195.2230224609375,196.30044555664062,190.29054260253906,191.05166625976562,185.4628143310547,4177057
2025-04-17,192.99896240234375,196.04344177246094,192.73207092285156,194.33338928222656,188.64854431152344,3253105
2025-04-21,192.73207092285156,193.54261779785156,189.90504455566406,191.99072265625,186.37442016601562,5006217
2025-04-22,193.6019287109375,197.34823608398438,193.1571044921875,196.08299255371094,190.34695434570312,4397398
2025-04-23,197.32846069335938,198.95944213867188,194.5508575439453,195.0352020263672,189.32981872558594,4206193
2025-04-24,195.0549774169922,199.27574157714844,193.9775390625,198.4256591796875,192.62109375,3277486
2025-04-25,196.90341186523438,198.2675018310547,195.50967407226562,196.86387634277344,191.10499572753906,3681443
2025-04-28,197.26914978027344,199.3943634033203,195.70736694335938,198.34658813476562,192.54432678222656,5756972
2025-04-29,205.0583038330078,209.9808807373047,204.47509765625,209.05172729492188,202.93630981445312,8846593
2025-04-30,208.6859893798828,209.2197723388672,203.4174346923828,208.07313537597656,201.98634338378906,5090691
2025-05-01,207.9742889404297,209.0912628173828,207.3515625,208.3103790283203,202.21664428710938,3633491
2025-05-02,209.7337646484375,212.46194458007812,209.57562255859375,211.66128540039062,205.46954345703125,4429569
2025-05-05,210.61351013183594,213.05503845214844,210.0204315185547,211.7799072265625,205.58468627929688,6358406
2025-05-06,210.27743530273438,210.8309783935547,207.0747833251953,207.50970458984375,201.4394073486328,5189024
2025-05-07,211.43394470214844,214.27085876464844,210.67282104492188,212.13575744628906,205.9301300048828,4384550
2025-05-08,213.2131805419922,214.16212463378906,211.31532287597656,212.06655883789062,205.8629608154297,3947106
2025-05-09,212.06655883789062,212.40264892578125,210.21812438964844,210.573974609375,204.4140625,2421922
2025-05-12,215.48666381835938,216.92984008789062,214.0336151123047,216.81121826171875,210.46884155273438,4079533
2025-05-13,217.22637939453125,217.829345703125,215.5459747314453,215.70413208007812,209.3941192626953,3903200
2025-05-14,213.87545776367188,215.6843719482422,213.33180236816406,214.67613220214844,208.39620971679688,3272731
2025-05-15,215.19012451171875,220.4092559814453,215.19012451171875,219.7272186279297,213.2995147705078,4181104
2025-05-16,219.73709106445312,220.4191436767578,218.0764617919922,220.31040954589844,214.95835876464844,2929777
2025-05-19,219.0550537109375,222.50482177734375,218.0764617919922,222.34666442871094,216.94515991210938,3455033
2025-05-20,220.68603515625,222.6629638671875,220.68603515625,222.46527099609375,217.06088256835938,3372481
2025-05-21,221.84254455566406,222.36642456054688,218.95620727539062,219.3120574951172,213.98428344726562,3653522
2025-05-22,218.83758544921875,222.4356231689453,218.639892578125,221.0517578125,215.6817169189453,2949505
2025-05-23,218.27415466308594,220.4290313720703,218.27415466308594,219.47021484375,214.1385955810547,2566793
2025-05-27,221.83265686035156,224.1456756591797,219.76675415039062,223.84913635253906,218.41111755371094,3126850
2025-05-28,223.84913635253906,225.2626495361328,221.59542846679688,222.0204620361328,216.6268768310547,2612823
2025-05-29,222.9397430419922,223.30548095703125,220.666259765625,222.59378051757812,217.186279296875,6818713
2025-05-30,224.0369415283203,224.40267944335938,221.19015502929688,224.0567169189453,218.6136932373047,8396402
2025-06-02,222.40597534179688,223.3351287841797,220.45867919921875,222.9199676513672,217.50453186035156,2560925
2025-06-03,222.40597534179688,224.60037231445312,222.39608764648438,224.1555633544922,218.71011352539062,2841864
2025-06-04,224.8573760986328,226.13250732421875,223.58224487304688,224.82772827148438,219.365966796875,1854076
2025-06-05,224.8474884033203,225.29229736328125,223.5130615234375,224.0567169189453,218.6136932373047,3287502
2025-06-06,226.11273193359375,227.81289672851562,225.5196533203125,226.14239501953125,220.64869689941406,2241543
2025-06-09,226.0534210205078,226.0633087158203,223.9183349609375,224.51141357421875,219.0573272705078,2590971
2025-06-10,224.50152587890625,224.98587036132812,223.12754821777344,223.6514434814453,218.21824645996094,2696184
2025-06-11,223.3153533935547,224.18521118164062,219.09458923339844,223.2165069580078,217.79388427734375,2522785
2025-06-12,222.4356231689453,224.09625244140625,221.19015502929688,223.44386291503906,218.0157012939453,1617448
2025-06-13,222.30711364746094,223.52293395996094,220.9331512451172,221.7041473388672,216.31826782226562,2526124
2025-06-16,222.96939086914062,223.78982543945312,220.95291137695312,221.50645446777344,216.1253662109375,2467447
2025-06-17,221.02210998535156,221.54600524902344,218.92654418945312,219.23297119140625,213.90711975097656,3141620
2025-06-18,219.5987091064453,221.01222229003906,218.34335327148438,219.3120574951172,213.98428344726562,3640269
2025-06-20,220.8145294189453,220.8244171142578,217.6613006591797,219.24285888671875,213.91677856445312,5943624
2025-06-23,220.74533081054688,222.40597534179688,219.1835479736328,222.1489715576172,216.75228881835938,2609788
2025-06-24,222.98916625976562,223.503173828125,221.071533203125,222.0105743408203,216.6172332763672,3625600
2025-06-25,222.08966064453125,222.08966064453125,218.60035705566406,219.23297119140625,213.90711975097656,3038835
2025-06-26,220.2510986328125,223.8787841796875,219.56906127929688,223.7700653076172,218.33399963378906,2660574
2025-06-27,223.56248474121094,226.3203125,223.18685913085938,226.21157836914062,220.71617126464844,5052753
2025-06-30,226.21157836914062,230.86727905273438,225.6876983642578,230.1951141357422,224.6029510498047,4108365
2025-07-01,230.88705444335938,236.12594604492188,230.5015411376953,236.0172119140625,230.28359985351562,3967137
2025-07-02,235.41424560546875,237.74703979492188,234.18853759765625,236.50155639648438,230.75619506835938,4151159
2025-07-03,237.12429809570312,238.51805114746094,236.63006591796875,237.62841796875,231.85568237304688,1925398
2025-07-07,237.1045379638672,238.12265014648438,235.19677734375,236.5905303955078,230.84298706054688,2742215
2025-07-08,236.52133178710938,238.864013671875,236.2742156982422,237.03533935546875,231.2770233154297,2800082
2025-07-09,237.92495727539062,238.93319702148438,233.9908447265625,235.96778869628906,230.2353973388672,2202391
2025-07-10,235.0781707763672,236.62017822265625,233.78326416015625,234.04026794433594,228.3546905517578,2290507
2025-07-11,231.66793823242188,233.3285675048828,231.3022003173828,233.2099609375,227.54457092285156,2445393
2025-07-14,233.77337646484375,236.027099609375,231.92494201660156,235.31539916992188,229.59884643554688,2945155
2025-07-15,234.45542907714844,234.87059020996094,232.47848510742188,232.58721923828125,226.9369354248047,2382771
2025-07-16,232.74537658691406,234.2676239013672,230.32362365722656,234.1490020751953,228.46080017089844,2857646
2025-07-17,233.88211059570312,235.93814086914062,233.4471893310547,235.621826171875,229.8978271484375,2535836
2025-07-18,236.95626831054688,236.95626831054688,232.5279083251953,233.81292724609375,228.1328582763672,3655950
2025-07-21,233.81292724609375,235.60205078125,232.46859741210938,232.50814819335938,226.8598175048828,2927754
2025-07-22,232.42906188964844,234.33680725097656,231.62840270996094,233.8524627685547,228.1714630126953,3448862
2025-07-23,234.86070251464844,237.73715209960938,234.49496459960938,236.51144409179688,230.76585388183594,3873761
2025-07-24,223.5130615234375,227.9315185546875,221.2198028564453,221.8919677734375,216.5015106201172,11324865
2025-07-25,223.71075439453125,223.98751831054688,219.7272186279297,221.65472412109375,216.27005004882812,6038721
2025-07-28,222.5344696044922,225.124267578125,222.1291961669922,222.48504638671875,217.0802001953125,4879354
2025-07-29,223.0880126953125,223.39443969726562,218.68931579589844,219.16378784179688,213.839599609375,3808407
2025-07-30,219.82606506347656,221.80299377441406,218.66954040527344,219.5987091064453,214.2639617919922,4801456
2025-07-31,219.00563049316406,221.15060424804688,218.74862670898438,219.78651428222656,214.4472198486328,3090430
2025-08-01,218.8178253173828,219.08470153808594,214.65635681152344,215.20001220703125,209.9721221923828,4013269
2025-08-04,215.802978515625,218.2642822265625,215.28897094726562,218.2445068359375,212.9426727294922,3492566
2025-08-05,217.48338317871094,218.8178253173828,216.97926330566406,218.5113983154297,213.20306396484375,2508723
2025-08-06,219.09458923339844,219.34170532226562,216.4751434326172,216.70248413085938,211.43809509277344,2825475
2025-08-07,217.74038696289062,217.9677276611328,213.1242218017578,214.08303833007812,208.88229370117188,2936353
2025-08-08,214.27085876464844,215.19012451171875,213.50973510742188,213.816162109375,208.62188720703125,3095184
2025-08-11,213.816162109375,214.09292602539062,211.73048400878906,213.9545440673828,208.75692749023438,2439424
2025-08-12,214.14234924316406,214.7749786376953,213.06491088867188,214.50808715820312,209.2969970703125,4400635
2025-08-13,214.8639373779297,217.40431213378906,214.70578002929688,217.20660400390625,211.9299774169922,3670416
2025-08-14,216.56410217285156,216.56410217285156,214.7749786376953,215.6843719482422,210.44473266601562,3007069
2025-08-15,215.50643920898438,215.50643920898438,213.29226684570312,214.27085876464844,210.1538848876953,2772970
2025-08-18,214.23130798339844,214.90347290039062,213.43064880371094,213.90512084960938,209.79518127441406,4161174
2025-08-19,213.76673889160156,215.6547088623047,212.98583984375,214.24119567871094,210.1248016357422,2404421
2025-08-20,214.55751037597656,216.98915100097656,213.72718811035156,214.49819946289062,210.37684631347656,4108871
2025-08-21,213.99407958984375,215.2593231201172,212.52125549316406,214.91336059570312,210.78404235839844,2718744
2025-08-22,217.0286865234375,220.5081024169922,216.15882873535156,220.260986328125,216.02890014648438,3321089
2025-08-25,219.1835479736328,219.855712890625,217.95785522460938,218.0665740966797,213.8766632080078,2283426
2025-08-26,217.6810760498047,220.2412109375,217.30545043945312,219.9940948486328,215.76715087890625,4104319
2025-08-27,219.06494140625,220.15225219726562,218.14566040039062,218.69920349121094,214.4971466064453,2136330
2025-08-28,219.14401245117188,219.34170532226562,217.24615478515625,218.7980499267578,214.59410095214844,2630629
2025-08-29,218.52127075195312,219.045166015625,216.65306091308594,216.96937561035156,212.80055236816406,2014323
2025-09-02,214.52784729003906,215.60528564453125,212.91664123535156,215.09127807617188,210.95855712890625,3289930
2025-09-03,214.67613220214844,214.72555541992188,210.10939025878906,211.5327911376953,207.4684295654297,3562674
2025-09-04,211.26589965820312,213.1439971923828,209.65469360351562,212.67941284179688,208.593017578125,4709799
2025-09-05,212.50149536132812,213.79638671875,210.91004943847656,211.7799072265625,207.71080017089844,4152778
2025-09-08,212.3433380126953,212.7189483642578,210.08961486816406,212.27413940429688,208.19552612304688,4617030
2025-09-09,212.48171997070312,212.8276824951172,209.4965362548828,211.73048400878906,207.66232299804688,2979450
2025-09-10,211.5031280517578,211.86886596679688,208.9429931640625,209.25930786132812,205.23861694335938,4335180
2025-09-11,209.4767608642578,213.6678924560547,209.03195190429688,212.8276824951172,208.73843383789062,5645588
2025-09-12,211.58221435546875,212.10609436035156,208.50807189941406,209.02206420898438,205.00595092773438,3205962
2025-09-15,209.31861877441406,210.47512817382812,208.2609405517578,209.29884338378906,205.27740478515625,3835924
2025-09-16,209.23953247070312,210.86062622070312,208.17198181152344,208.5179443359375,204.51150512695312,3378754
2025-09-17,209.22964477539062,211.18682861328125,207.82601928710938,209.23953247070312,205.21922302246094,5475426
2025-09-18,208.65634155273438,210.93971252441406,207.62832641601562,207.77659606933594,203.78440856933594,4505545
2025-09-19,208.66622924804688,208.66622924804688,205.0286407470703,206.95616149902344,202.979736328125,11134470
2025-09-22,206.3433074951172,208.1126708984375,204.93968200683594,206.59043884277344,202.62103271484375,4861448
2025-09-23,207.02536010742188,208.58714294433594,206.40261840820312,206.8968505859375,202.9215545654297,6308025
2025-09-24,206.88697814941406,207.85568237304688,205.81942749023438,206.19503784179688,202.23321533203125,6230633
2025-09-25,206.49159240722656,206.96604919433594,204.9100341796875,205.305419921875,201.3607177734375,4121517
2025-09-26,206.01712036132812,206.63986206054688,204.95945739746094,205.78976440429688,201.83572387695312,3593024
2025-09-29,207.4701690673828,207.737060546875,202.01380920410156,206.86720275878906,202.89247131347656,5703759
2025-09-30,206.541015625,208.6761016845703,206.04676818847656,208.07313537597656,204.0752410888672,4231080
2025-10-01,208.07313537597656,210.33673095703125,207.5690155029297,207.75682067871094,203.7650146484375,3932538
2025-10-02,208.07313537597656,210.5640869140625,207.66786193847656,208.57725524902344,204.56967163085938,4357842
2025-10-03,208.547607421875,209.5854949951172,206.01712036132812,206.63986206054688,202.66949462890625,4376962
2025-10-06,207.5789031982422,208.07313537597656,205.40426635742188,206.59043884277344,202.62103271484375,5217452
2025-10-07,206.22470092773438,207.26258850097656,205.41415405273438,206.57066345214844,202.6016387939453,3918577
2025-10-08,206.43228149414062,207.4602813720703,205.50311279296875,207.43063354492188,203.44508361816406,2846922
2025-10-09,207.5690155029297,207.5789031982422,201.1340789794922,201.87542724609375,197.99661254882812,3798695
2025-10-10,202.6068878173828,203.1110076904297,198.40589904785156,198.5937042236328,194.77793884277344,5597231
2025-10-13,200.076416015625,200.89683532714844,198.2971649169922,200.57064819335938,196.71690368652344,3766929
2025-10-14,199.0978240966797,206.32354736328125,199.02862548828125,206.20492553710938,202.24293518066406,4097440
2025-10-15,206.3729705810547,206.99571228027344,199.76998901367188,200.16537475585938,196.31942749023438,4481973
2025-10-16,201.35153198242188,202.50804138183594,199.9083709716797,200.82765197753906,196.96896362304688,3137978
2025-10-17,200.78810119628906,202.6365509033203,199.69090270996094,200.6200714111328,196.76539611816406,3918577
2025-10-20,201.98416137695312,203.81283569335938,201.96438598632812,203.65467834472656,199.74168395996094,3954795
2025-10-21,203.76341247558594,208.18186950683594,203.50640869140625,206.6695098876953,202.69859313964844,3844321
2025-10-22,207.38121032714844,207.76670837402344,203.62501525878906,204.2279815673828,200.30397033691406,4314441
2025-10-23,212.52125549316406,219.91502380371094,211.7799072265625,218.12588500976562,213.93484497070312,9578835
2025-10-24,218.3828887939453,218.3828887939453,212.27413940429688,213.6481170654297,209.5430908203125,8134584
2025-10-27,216.43560791015625,216.68272399902344,212.22471618652344,212.5904541015625,208.50576782226562,5457014
2025-10-28,212.3334503173828,212.9957275390625,210.7123565673828,211.9380645751953,207.8659210205078,4290971
2025-10-29,210.91993713378906,211.98748779296875,208.07313537597656,210.43557739257812,206.3922882080078,4235430
2025-10-30,211.64132690429688,215.2281036376953,209.54379272460938,209.868896484375,205.83648681640625,6208429
2025-10-31,208.49501037597656,211.71473693847656,208.33770751953125,211.14840698242188,207.0914306640625,3878647
2025-11-03,211.14840698242188,211.2742462158203,206.7121124267578,207.414794921875,203.42953491210938,4732602
2025-11-04,207.29942321777344,207.66648864746094,204.17408752441406,206.04090881347656,202.08206176757812,5460695
2025-11-05,205.684326171875,209.47036743164062,204.83482360839844,206.65966796875,202.68894958496094,4010802
2025-11-06,205.5479736328125,206.8694305419922,204.7404327392578,205.46408081054688,201.51632690429688,2890345
2025-11-07,205.61090087890625,206.01992797851562,203.14630126953125,203.5343475341797,199.62364196777344,3534529
2025-11-10,204.49920654296875,206.06187438964844,203.06240844726562,205.6318817138672,201.68087768554688,3643037
2025-11-11,206.06187438964844,211.33717346191406,205.32774353027344,210.18353271484375,206.14508056640625,4001363
2025-11-12,210.7813262939453,212.1447296142578,209.3130645751953,211.42108154296875,207.35885620117188,4392679
2025-11-13,211.08547973632812,212.94178771972656,209.2606201171875,209.61720275878906,205.5896453857422,3968658
2025-11-14,208.13844299316406,209.29208374023438,205.21237182617188,208.74671936035156,205.96214294433594,3552169
2025-11-17,207.54063415527344,209.07183837890625,204.47824096679688,205.64236450195312,202.89920043945312,2705556
2025-11-18,201.1851043701172,203.2931365966797,199.86366271972656,200.7865753173828,198.10818481445312,5790129
2025-11-19,199.97901916503906,200.68170166015625,198.2275848388672,199.86366271972656,197.1975860595703,3234844
2025-11-20,201.81436157226562,202.6743621826172,195.86785888671875,197.31515502929688,194.68309020996094,3502396
2025-11-21,197.4514923095703,200.39852905273438,197.00051879882812,199.28683471679688,196.6284637451172,4492415
2025-11-24,199.31829833984375,199.4651336669922,196.16151428222656,197.8605194091797,195.22116088867188,5057555
2025-11-25,199.07708740234375,200.97535705566406,198.45831298828125,200.33560180664062,197.66322326660156,3493052
2025-11-26,201.66754150390625,201.66754150390625,199.2134246826172,199.25537109375,196.597412109375,2975778
2025-11-28,199.265869140625,201.78289794921875,198.8463592529297,201.5626678466797,198.87393188476562,1567649
2025-12-01,199.5595245361328,201.5312042236328,199.24488830566406,199.49659729003906,196.83541870117188,3070461
2025-12-02,200.10487365722656,203.17776489257812,198.77294921875,202.56948852539062,199.86732482910156,4269010
2025-12-03,202.7582550048828,204.71945190429688,202.1709442138672,202.90509033203125,200.1984405517578,3986584
2025-12-04,202.89459228515625,203.3770294189453,200.79705810546875,201.6046142578125,198.91531372070312,3819912
2025-12-05,202.1709442138672,202.7897186279297,199.9475555419922,200.6607208251953,197.98402404785156,4094615
2025-12-08,201.51022338867188,201.74095153808594,199.82171630859375,201.3529052734375,198.66697692871094,3089149
2025-12-09,200.492919921875,202.08705139160156,199.11903381347656,199.44415283203125,196.78367614746094,2643102
2025-12-10,199.4336700439453,202.0975341796875,199.39170837402344,201.42633056640625,198.7394256591797,5308897
2025-12-11,202.07655334472656,203.9119110107422,202.03460693359375,203.30361938476562,200.59165954589844,3560083
2025-12-12,203.5867919921875,204.21604919433594,201.8982696533203,203.10435485839844,200.39505004882812,3169911
2025-12-15,205.20188903808594,207.17356872558594,202.8002166748047,207.0791778564453,204.31686401367188,3302257
2025-12-16,207.13162231445312,208.45306396484375,206.28211975097656,207.92868041992188,205.155029296875,4514250
2025-12-17,208.08599853515625,212.33351135253906,207.7818603515625,209.63816833496094,206.84170532226562,5998564
2025-12-18,210.6240234375,211.14840698242188,206.2506561279297,207.73989868164062,204.96876525878906,3974474
2025-12-19,208.52647399902344,210.865234375,207.83428955078125,208.82012939453125,206.03457641601562,7500708
2025-12-22,207.9496612548828,209.49134826660156,204.71945190429688,205.5165252685547,202.77505493164062,4180144
2025-12-23,205.3487091064453,205.77871704101562,204.21604919433594,205.03408813476562,202.29905700683594,2307184
2025-12-24,205.03408813476562,206.75405883789062,204.5201873779297,206.53382873535156,203.77877807617188,1411275
2025-12-26,206.32406616210938,207.1106414794922,205.4326171875,206.9952850341797,204.2340850830078,1390108
2025-12-29,206.97430419921875,207.2364959716797,205.81016540527344,206.70162963867188,203.9443359375,1971743
2025-12-30,205.91505432128906,207.21551513671875,204.939697265625,205.93601989746094,203.18894958496094,1815559
2025-12-31,205.93601989746094,206.65966796875,204.5621337890625,204.60409545898438,201.87478637695312,1933031
2026-01-02,205.2333526611328,206.166748046875,202.77923583984375,205.4326171875,202.6922607421875,3009532
2026-01-05,205.3487091064453,211.62034606933594,204.42579650878906,210.89669799804688,208.0834503173828,3667352
2026-01-06,210.1730499267578,215.58468627929688,210.12060546875,214.9344482421875,212.06732177734375,3818768
2026-01-07,215.1127471923828,216.046142578125,208.2013702392578,209.23963928222656,206.448486328125,4850550
2026-01-08,208.641845703125,215.5112762451172,208.23281860351562,215.24908447265625,212.37779235839844,4951049
2026-01-09,214.63031005859375,218.91976928710938,213.43470764160156,217.49343872070312,214.59219360351562,5442292
2026-01-12,217.1997833251953,218.8883056640625,214.6198272705078,218.77294921875,215.85462951660156,5264846
2026-01-13,219.47561645507812,221.51022338867188,218.4792938232422,220.5348663330078,217.59304809570312,3929564
2026-01-14,224.2789764404297,225.03408813476562,221.26901245117188,223.42947387695312,220.44903564453125,4215519
2026-01-15,223.80702209472656,226.06187438964844,222.1814422607422,225.5060272216797,222.49790954589844,5310423
2026-01-16,229.91085815429688,231.38961791992188,227.0896759033203,230.08914184570312,227.01988220214844,8132878
2026-01-20,227.25747680664062,228.98794555664062,224.6460418701172,225.5584716796875,222.54965209960938,7839677
2026-01-21,226.4918670654297,231.1588897705078,226.0513916015625,229.85841369628906,226.792236328125,5392519
2026-01-22,230.72889709472656,234.33665466308594,230.40377807617188,233.39276123046875,230.2794189453125,4150872
2026-01-23,232.7949676513672,234.21080017089844,231.34767150878906,232.26010131835938,229.161865234375,3642275
2026-01-26,232.15521240234375,232.64813232421875,230.43524169921875,231.94546508789062,228.8514404296875,3531669
2026-01-27,232.12374877929688,233.64447021484375,230.84425354003906,231.6832733154297,228.59274291992188,3357083
2026-01-28,230.7393798828125,232.06082153320312,226.73309326171875,227.2050323486328,224.1742401123047,4870001
2026-01-29,232.02935791015625,238.9722137451172,231.54693603515625,238.3219757080078,235.14288330078125,6622248
2026-01-30,237.79759216308594,240.7865753173828,236.4971160888672,238.61563110351562,235.4326171875,6406757
2026-02-02,237.27320861816406,239.49659729003906,236.056640625,238.65757751464844,235.47401428222656,4304576
2026-02-03,237.58782958984375,243.06240844726562,237.58782958984375,242.1709442138672,238.9405059814453,4320690
2026-02-04,244.90823364257812,247.86575317382812,244.41531372070312,246.82748413085938,243.53494262695312,5666746
2026-02-05,245.12847900390625,247.59307861328125,243.89093017578125,245.25433349609375,241.98277282714844,4784186
2026-02-06,246.20870971679688,250.7393798828125,245.56895446777344,250.0052490234375,246.67030334472656,3791593
2026-02-09,248.97744750976562,252.70057678222656,248.5579376220703,251.53643798828125,248.1810760498047,2866888
2026-02-10,251.67279052734375,256.71734619140625,250.9176788330078,255.20713806152344,251.80282592773438,3707971
2026-02-11,255.88882446289062,256.97955322265625,250.7813262939453,254.53591918945312,251.1405487060547,3997263
2026-02-12,256.3398132324219,257.6087951660156,250.85475158691406,251.5259552001953,248.17074584960938,6232171
2026-02-13,251.32669067382812,255.08128356933594,250.613525390625,253.15155029296875,249.77464294433594,5082346
2026-02-17,251.358154296875,256.6858825683594,251.358154296875,254.4834747314453,251.08880615234375,3527759
2026-02-18,254.78762817382812,254.99737548828125,250.77084350585938,252.89984130859375,249.52630615234375,2720526
2026-02-19,252.3020477294922,254.63031005859375,250.84425354003906,252.5117950439453,249.14341735839844,2250355
2026-02-20,252.56423950195312,256.4237060546875,252.0188751220703,255.86785888671875,252.45472717285156,2556524
2026-02-23,255.61614990234375,257.9968566894531,254.2003173828125,254.91348266601562,251.51307678222656,2380031
2026-02-24,254.91348266601562,257.3780822753906,254.91348266601562,255.49029541015625,252.08218383789062,2455739
2026-02-25,256.6858825683594,256.9480895996094,252.3964385986328,254.01153564453125,250.6231689453125,3211960
2026-02-26,254.5673828125,255.74200439453125,251.51547241210938,252.62716674804688,249.25726318359375,2898640
2026-02-27,253.15155029296875,255.82591247558594,251.9769287109375,255.46932983398438,253.31292724609375,3707303
2026-03-02,254.53591918945312,260.2831726074219,252.98374938964844,260.1363525390625,257.9405822753906,3465686
2026-03-03,255.82591247558594,259.2134094238281,253.42422485351562,255.74200439453125,253.5832977294922,6071125
2026-03-04,256.549560546875,259.32879638671875,250.84425354003906,257.96539306640625,255.78790283203125,4552772
2026-03-05,255.41688537597656,255.81541442871094,247.4777069091797,250.0052490234375,247.89495849609375,4107869
2026-03-06,246.7960205078125,248.5159912109375,245.53749084472656,246.76455688476562,244.681640625,3678508
2026-03-09,245.5479736328125,250.01573181152344,242.0450897216797,249.1767120361328,247.07342529296875,3246763
2026-03-10,248.3481903076172,257.22076416015625,248.15940856933594,252.343994140625,250.21397399902344,4852457
2026-03-11,251.45254516601562,253.7493438720703,249.0089111328125,251.116943359375,248.9972686767578,3090484
2026-03-12,249.36549377441406,251.46302795410156,244.5621337890625,244.78237915039062,242.71617126464844,4379235
2026-03-13,246.97430419921875,249.16622924804688,245.2333526611328,245.93601989746094,243.86007690429688,2972536
2026-03-16,246.4604034423828,247.83428955078125,245.03408813476562,245.94651794433594,243.87049865722656,3028983
2026-03-17,245.83114624023438,247.13162231445312,239.64341735839844,242.70582580566406,240.6571502685547,4027584
2026-03-18,242.85264587402344,244.43629455566406,239.7063446044922,241.13267517089844,239.0972900390625,3103833
2026-03-19,239.29733276367188,241.8563232421875,238.0702667236328,240.1992645263672,238.1717529296875,2890917
2026-03-20,239.0561065673828,240.6921844482422,230.55059814453125,232.3020477294922,230.34120178222656,7721824
2026-03-23,235.9202880859375,237.54588317871094,233.7808074951172,233.88568115234375,231.91146850585938,3487331
2026-03-24,231.36863708496094,235.6056671142578,231.33717346191406,232.37545776367188,230.4139862060547,3171341
2026-03-25,234.7351837158203,238.71002197265625,233.4976348876953,236.80125427246094,234.80242919921875,4361881
2026-03-26,235.6371307373047,239.8007354736328,235.37493896484375,236.15101623535156,234.1576690673828,4533320
2026-03-27,237.2417449951172,237.2417449951172,233.5395965576172,234.0010528564453,232.02586364746094,3161997
2026-03-30,236.81175231933594,237.38856506347656,233.46617126464844,234.37860107421875,232.4002227783203,3067886
2026-03-31,236.67539978027344,237.7346649169922,232.95228576660156,237.05296325683594,235.05201721191406,3317227
2026-04-01,238.29051208496094,240.90194702148438,237.67173767089844,239.32879638671875,237.30862426757812,3659247
2026-04-02,237.9549102783203,241.74095153808594,236.0985870361328,240.63975524902344,238.6085205078125,2848391
2026-04-06,239.16098022460938,239.96853637695312,237.42002868652344,239.3392791748047,237.3190155029297,2993513
2026-04-07,237.7346649169922,237.87100219726562,232.23912048339844,234.75616455078125,232.77459716796875,3546543
2026-04-08,240.72364807128906,243.8280029296875,239.44415283203125,243.80702209472656,241.74905395507812,3630737
2026-04-09,241.9297332763672,247.88673400878906,239.8846435546875,247.5720977783203,245.4823455810547,3043477
2026-04-10,247.84478759765625,248.37965393066406,245.4850616455078,246.5023651123047,244.42164611816406,1818229
2026-04-13,244.82432556152344,246.3450469970703,243.0938720703125,245.03408813476562,242.9657745361328,2533736
2026-04-14,244.6145782470703,245.91505432128906,242.95751953125,244.6145782470703,242.54978942871094,3008579
2026-04-15,244.2684783935547,244.2789764404297,240.09439086914062,243.51336669921875,241.4578857421875,3351076
2026-04-16,242.99948120117188,244.99212646484375,240.14682006835938,240.5663299560547,238.5357208251953,2789846
2026-04-17,242.40167236328125,247.9811248779297,242.0241241455078,244.939697265625,242.87216186523438,3882557
2026-04-20,244.70896911621094,245.00262451171875,240.1153564453125,240.9438934326172,238.91009521484375,3068172
2026-04-21,238.0702667236328,240.99632263183594,231.9244842529297,233.05715942382812,231.08993530273438,4667478
2026-04-22,235.2281036376953,237.02149963378906,229.98426818847656,230.6974334716797,228.75013732910156,4262336
2026-04-23,218.00733947753906,228.63136291503906,217.96539306640625,224.79286193847656,222.8953857421875,7646307
2026-04-24,223.18824768066406,225.17042541503906,220.0524444580078,223.56581115722656,221.6787109375,4393347
2026-04-27,223.76507568359375,224.5726318359375,220.7865753173828,222.3911895751953,220.5139923095703,3447379
2026-04-28,225.21237182617188,225.42213439941406,220.6187744140625,223.31410217285156,221.42910766601562,3620344
2026-04-29,222.86312866210938,223.2826385498047,218.45831298828125,220.55584716796875,218.69415283203125,4293229
2026-04-30,219.72732543945312,225.0550537109375,219.66439819335938,224.78237915039062,222.88499450683594,3936620
2026-05-01,225.5165252685547,226.07237243652344,222.3492431640625,222.86312866210938,220.98196411132812,2849249
2026-05-04,222.24436950683594,223.64971923828125,219.4336700439453,219.81121826171875,217.95579528808594,2690777
2026-05-05,220.22024536132812,221.41583251953125,218.71002197265625,219.25537109375,217.40464782714844,2531733
2026-05-06,223.23020935058594,228.7152557373047,223.23020935058594,227.43576049804688,225.5159912109375,4097476
2026-05-07,227.43576049804688,228.90403747558594,224.44677734375,226.60723876953125,224.6944580078125,3406951
2026-05-08,227.0372314453125,227.22601318359375,223.1358184814453,223.51336669921875,221.62669372558594,3558176
2026-05-11,225.77871704101562,231.81961059570312,225.3487091064453,229.7954864501953,227.85580444335938,4246889
2026-05-12,229.8269500732422,230.5401153564453,226.9638214111328,229.19769287109375,227.26304626464844,3423637
2026-05-13,228.63136291503906,230.131103515625,226.4918670654297,228.5894012451172,226.65989685058594,3198134
2026-05-14,228.2013702392578,229.627685546875,226.28211975097656,228.33770751953125,226.41030883789062,3220637
2026-05-15,226.15626525878906,226.15626525878906,221.81436157226562,223.63922119140625,222.97018432617188,4256901
2026-05-18,224.55165100097656,229.52281188964844,223.4084930419922,227.8238067626953,227.1422576904297,5574828
2026-05-19,227.59307861328125,228.85159301757812,225.66334533691406,227.73989868164062,227.05860900878906,4868094
2026-05-20,227.5301513671875,228.9669647216797,225.24383544921875,227.99160766601562,227.30955505371094,3839745
2026-05-21,228.7152557373047,236.2978515625,227.84478759765625,234.71421813964844,234.01205444335938,4512439
2026-05-22,236.5390625,240.15731811523438,233.4032440185547,239.03514099121094,238.32005310058594,4835294
2026-05-26,244.49920654296875,247.42527770996094,241.86680603027344,243.02044677734375,242.29344177246094,6280514
2026-05-27,245.20188903808594,246.68064880371094,242.74777221679688,242.8421630859375,242.11569213867188,4270059
2026-05-28,242.16046142578125,244.8662872314453,239.44415283203125,244.3628692626953,243.63185119628906,4232110
2026-05-29,244.3628692626953,251.64132690429688,243.14630126953125,249.4598846435547,248.71360778808594,5235382
2026-06-01,245.41163635253906,248.8411102294922,244.04824829101562,248.0755157470703,247.33338928222656,4782470
2026-06-02,247.414794921875,250.6659698486328,243.39801025390625,246.70162963867188,245.96360778808594,4467910
2026-06-03,245.3067626953125,249.07183837890625,232.18667602539062,234.1478729248047,233.44740295410156,5895872
2026-06-04,236.32931518554688,237.8185577392578,227.34136962890625,228.25379943847656,227.5709686279297,6447853
2026-06-05,229.54379272460938,229.6696319580078,223.3875274658203,224.4048309326172,223.73350524902344,4696846
2026-06-08,224.21604919433594,226.33456420898438,221.75144958496094,222.12899780273438,221.46449279785156,3583062
2026-06-09,223.2511749267578,226.75405883789062,222.48558044433594,226.2191925048828,225.54244995117188,4307341
2026-06-10,224.66702270507812,225.3487091064453,215.54273986816406,215.9202880859375,215.27435302734375,4433012
2026-06-11,218.05978393554688,230.2045135498047,217.27320861816406,229.8059844970703,229.11849975585938,6339535
2026-06-12,232.82643127441406,236.51809692382812,229.84793090820312,231.05401611328125,230.36280822753906,4443310
2026-06-15,238.0702667236328,242.6324005126953,236.02517700195312,238.50025939941406,237.78677368164062,7949520
2026-06-16,240.1678009033203,242.73728942871094,237.98635864257812,240.68170166015625,239.96168518066406,3973235
2026-06-17,241.6780242919922,246.14578247070312,239.00367736816406,239.7587890625,239.04153442382812,5710321
2026-06-18,243.61825561523438,244.2370147705078,237.9549102783203,240.17828369140625,239.45977783203125,6344780
2026-06-22,240.98583984375,242.68484497070312,238.28001403808594,239.23440551757812,238.5187225341797,3842605
2026-06-23,236.63345336914062,236.790771484375,231.4001007080078,233.2144775390625,232.5167999267578,6104784
2026-06-24,234.7351837158203,239.96853637695312,234.6198272705078,238.51075744628906,237.7972412109375,3911066
2026-06-25,238.87782287597656,248.94598388671875,238.87782287597656,242.5170440673828,241.79153442382812,5579501
2026-06-26,240.72364807128906,245.0550537109375,237.3256378173828,243.5343475341797,242.80580139160156,17047627
2026-06-29,240.64999389648438,252.0,227.16000366210938,227.8000030517578,227.1185302734375,7773000
2026-06-30,231.35000610351562,232.5500030517578,219.3300018310547,223.89999389648438,223.2301788330078,6010600
2026-07-01,227.30999755859375,227.30999755859375,220.60000610351562,221.75,221.0866241455078,6204600
2026-07-02,222.27999877929688,230.1300048828125,220.22000122070312,229.86000061035156,229.17236328125,5659100
2026-07-06,229.14999389648438,231.86000061035156,222.85000610351562,231.17999267578125,230.4884033203125,7539100
2026-07-07,230.4199981689453,234.63999938964844,222.0500030517578,225.0500030517578,224.3767547607422,4462900
2026-07-08,223.0,223.05999755859375,218.6999969482422,220.36000061035156,219.70077514648438,4323100
2026-07-09,221.22000122070312,223.5,218.10000610351562,223.4199981689453,222.75161743164062,3026400
2026-07-10,224.0500030517578,228.77999877929688,222.11000061035156,226.4199981689453,225.74264526367188,2601700
2026-07-13,225.9499969482422,226.8699951171875,220.38999938964844,222.25,221.5851287841797,2585800
2026-07-14,223.3000030517578,225.77999877929688,222.22000122070312,222.67999267578125,222.0138397216797,2123900
2026-07-15,222.5,225.91000366210938,220.5399932861328,222.83999633789062,222.17335510253906,2515100
2026-07-16,221.1699981689453,226.39999389648438,221.1699981689453,226.3300018310547,225.65292358398438,3149600
2026-07-17,225.9600067138672,230.47000122070312,224.52999877929688,225.02000427246094,224.3468475341797,3920200
2026-07-20,225.0,227.77000427246094,223.58999633789062,226.17999267578125,225.50335693359375,3114100
2026-07-21,227.89999389648438,232.83999633789062,225.50999450683594,229.86000061035156,229.17236328125,2405300
2026-07-22,232.4600067138672,238.11000061035156,231.32000732421875,232.99000549316406,232.29299926757812,3798800
2026-07-23,238.0,250.27000427246094,237.69000244140625,246.27000427246094,245.5332794189453,6306300
2026-07-24,246.88999938964844,247.75,239.1199951171875,243.14999389648438,242.42259216308594,3822500
2026-07-27,244.5,248.00999450683594,242.52999877929688,245.75,245.01483154296875,4053300
2026-07-28,249.8000030517578,252.0,246.08999633789062,247.0500030517578,246.31094360351562,2945300
2026-07-29,245.44000244140625,246.24000549316406,240.32000732421875,241.1199951171875,240.39866638183594,2775200
2026-07-30,241.8800048828125,242.4199981689453,237.36000061035156,241.91000366210938,241.18630981445312,2839500
2026-07-31,240.52000427246094,246.0,238.02000427246094,243.0500030517578,242.32290649414062,3888100
2026-08-03,245.47000122070312,249.63999938964844,242.1999969482422,246.77000427246094,246.0317840576172,3279000
2026-08-04,249.6199951171875,250.25999450683594,245.0,248.7899932861328,248.0457305908203,3568900
2026-08-05,248.6199951171875,251.16000366210938,246.74000549316406,248.1199951171875,247.3777313232422,2230400
2026-08-06,248.9600067138672,250.0,239.92999267578125,240.74000549316406,240.0198211669922,5041000
2026-08-07,240.5500030517578,246.72999572753906,239.47999572753906,246.2100067138672,245.47344970703125,2837400
2026-08-10,245.75999450683594,246.25,241.8800048828125,242.92999267578125,242.2032470703125,2245100
2026-08-11,242.32000732421875,244.80999755859375,229.6999969482422,230.1199951171875,229.43157958984375,5436300
2026-08-12,231.0,235.6699981689453,228.55999755859375,235.33999633789062,234.63595581054688,3145900
2026-08-13,235.5,236.35000610351562,232.5,233.99000549316406,233.29000854492188,2477500
2026-08-14,232.38999938964844,234.8000030517578,232.38999938964844,233.9600067138672,233.9600067138672,2686400
2026-08-17,232.30999755859375,232.77000427246094,228.27999877929688,229.4499969482422,229.4499969482422,2599400
2026-08-18,229.2899932861328,229.75999450683594,227.42999267578125,227.7100067138672,227.7100067138672,2505800
2026-08-19,226.89999389648438,227.0,221.49000549316406,221.72999572753906,221.72999572753906,2306600
2026-08-20,221.08999633789062,222.17999267578125,218.0500030517578,218.32000732421875,218.32000732421875,2438300
2026-08-21,219.3800048828125,219.8300018310547,215.77999877929688,215.89999389648438,215.89999389648438,3470400
2026-08-24,216.00999450683594,216.99000549316406,213.10000610351562,214.77000427246094,214.77000427246094,2686700
2026-08-25,216.50999450683594,216.5399932861328,214.44000244140625,215.67999267578125,215.67999267578125,2265500
2026-08-26,216.52000427246094,221.27000427246094,216.41000366210938,220.6699981689453,220.6699981689453,3214100
2026-08-27,219.67999267578125,221.25,217.1999969482422,220.38999938964844,220.38999938964844,2246600
2026-08-28,221.4499969482422,221.4499969482422,215.08999633789062,217.42999267578125,217.42999267578125,2109000
2026-08-31,214.74000549316406,215.5399932861328,212.22000122070312,213.52999877929688,213.52999877929688,5081600
2026-09-01,213.1699981689453,214.0,208.80999755859375,209.97999572753906,209.97999572753906,2345400
2026-09-02,210.6300048828125,210.72999572753906,204.80999755859375,206.07000732421875,206.07000732421875,2911200
2026-09-03,208.36000061035156,209.2899932861328,204.91000366210938,207.6300048828125,207.6300048828125,2490100
2026-09-04,207.05999755859375,210.0,206.9199981689453,209.61000061035156,209.61000061035156,2698300
2026-09-08,209.0,209.7899932861328,207.0500030517578,208.24000549316406,208.24000549316406,2278300
2026-09-09,207.05999755859375,208.22999572753906,204.72000122070312,204.92999267578125,204.92999267578125,2126000
2026-09-10,202.52999877929688,204.2100067138672,201.0800018310547,202.17999267578125,202.17999267578125,2006000
2026-09-11,203.6199951171875,204.1999969482422,201.5399932861328,202.36000061035156,202.36000061035156,2746400
2026-09-14,199.3000030517578,201.5399932861328,196.97999572753906,201.3800048828125,201.3800048828125,3290700
2026-09-15,201.3800048828125,205.22000122070312,199.91000366210938,203.44000244140625,203.44000244140625,3686800
2026-09-16,204.85000610351562,210.58999633789062,204.32000732421875,207.66000366210938,207.66000366210938,5045800
2026-09-17,209.0399932861328,209.5800018310547,204.5,206.49000549316406,206.49000549316406,3381500
2026-09-18,206.49000549316406,207.47999572753906,204.25999450683594,206.4600067138672,206.4600067138672,7042200
2026-09-21,206.89999389648438,207.6300048828125,204.2899932861328,206.47999572753906,206.47999572753906,3436000
2026-09-22,207.9199981689453,212.27000427246094,206.49000549316406,211.85000610351562,211.85000610351562,4840000
2026-09-23,209.0,213.00999450683594,209.0,212.57000732421875,212.57000732421875,2480100
2026-09-24,212.1999969482422,212.97000122070312,209.17999267578125,211.7899932861328,211.7899932861328,2144100
2026-09-25,211.5399932861328,213.63999938964844,210.75,212.5500030517578,212.5500030517578,1827400
2026-09-28,211.14999389648438,212.80999755859375,209.72999572753906,211.52000427246094,211.52000427246094,2198700
2026-09-29,211.89999389648438,213.3699951171875,209.02000427246094,210.1300048828125,210.1300048828125,2026600
2026-09-30,210.80999755859375,211.9199981689453,209.5,210.94000244140625,210.94000244140625,1901000
