Date,Open,High,Low,Close,Adj Close,Volume
2020-12-31,118.75717163085938,120.4875717163086,118.53728485107422,120.34416961669922,95.89026641845703,3738822
2021-01-04,120.31549072265625,120.38240814208984,117.62906646728516,118.48948669433594,94.4124526977539,5417443
2021-01-05,119.5124282836914,121.1089859008789,119.13002014160156,120.59273529052734,96.08833312988281,6395872
2021-01-06,121.3193130493164,126.08030700683594,121.14722442626953,123.60420989990234,98.48784637451172,8322708
2021-01-07,124.32122039794922,124.7227554321289,122.61949920654297,123.31739807128906,98.25932312011719,4714740
2021-01-08,122.9158706665039,123.63288879394531,121.39579010009766,122.87763214111328,97.90892028808594,4891305
2021-01-11,122.32313537597656,123.97705841064453,122.04589080810547,122.92543029785156,97.94700622558594,5859587
2021-01-12,123.41300201416016,124.13957977294922,122.3135757446289,123.52772521972656,98.42689514160156,3921663
2021-01-13,123.4703598022461,124.04397583007812,120.8986587524414,121.33843231201172,96.68248748779297,8030874
2021-01-14,122.39006042480469,124.43594360351562,121.94072723388672,123.29827880859375,98.24410247802734,7848347
2021-01-15,122.63862609863281,123.55640411376953,122.05545043945312,122.74378967285156,97.80228424072266,5131153
2021-01-19,123.59464263916016,123.8910140991211,122.45697784423828,123.34607696533203,98.28218841552734,5646308
2021-01-20,123.99617767333984,125.2963638305664,122.90631103515625,124.35946655273438,99.08966064453125,5856240
2021-01-21,124.397705078125,126.42447662353516,124.3307876586914,125.86042022705078,100.28559875488281,13116003
2021-01-22,115.3919677734375,115.3919677734375,112.1988525390625,113.39388275146484,90.35226440429688,39814421
2021-01-25,113.53728485107422,114.2829818725586,112.28489685058594,113.36520385742188,90.32942199707031,14315974
2021-01-26,113.93881225585938,117.1988525390625,113.21223449707031,117.1032485961914,93.30787658691406,11186656
2021-01-27,116.7112808227539,119.3021011352539,116.2715072631836,117.0841293334961,93.29264068603516,12705239
2021-01-28,117.39962005615234,117.78202819824219,114.7896728515625,114.79923248291016,91.47205352783203,8455969
2021-01-29,114.93307495117188,115.96558380126953,113.67112731933594,113.87189483642578,90.73314666748047,12369473
2021-02-01,114.62715148925781,115.63097381591797,113.50860595703125,115.23900604248047,91.82246398925781,6538023
2021-02-02,114.11090087890625,115.67877960205078,114.03441619873047,114.1873779296875,90.98453521728516,6633627
2021-02-03,113.80496978759766,114.53154754638672,112.92543029785156,113.88145446777344,90.74076080322266,7024308
2021-02-04,114.63671112060547,115.77437591552734,113.64244842529297,115.6978988647461,92.1881103515625,4771957
2021-02-05,115.67877960205078,116.45315551757812,115.21988677978516,116.43403625488281,92.77466583251953,4775722
2021-02-08,117.22753143310547,118.52772521972656,117.01720428466797,118.17399597167969,94.16107177734375,6158848
2021-02-09,116.53919982910156,117.20841217041016,115.72657775878906,116.73040008544922,94.25369262695312,4933982
2021-02-10,117.61949920654297,117.98279571533203,115.8795394897461,116.86424255371094,94.36175537109375,5090673
2021-02-11,116.63479614257812,116.83556365966797,115.3250503540039,115.59273529052734,93.3350830078125,5629154
2021-02-12,115.67877960205078,116.02294158935547,114.80879211425781,115.4875717163086,93.25016021728516,4049275
2021-02-16,114.86615753173828,115.2963638305664,114.11090087890625,114.7896728515625,92.68665313720703,6945231
2021-02-17,114.02485656738281,115.25812530517578,113.78585052490234,114.69407653808594,92.6094741821289,4141219
2021-02-18,115.20076751708984,115.62141418457031,114.43594360351562,115.42064666748047,93.19613647460938,5646413
2021-02-19,115.43977355957031,115.44933319091797,113.17399597167969,113.75717163085938,91.85295104980469,6881320
2021-02-22,113.2887191772461,115.80306243896484,113.23136138916016,115.54492950439453,93.2964859008789,6149643
2021-02-23,115.602294921875,116.01338195800781,114.53154754638672,115.40152740478516,93.1806869506836,4739740
2021-02-24,115.4875717163086,118.05927276611328,115.21988677978516,117.79158782958984,95.11054992675781,6087720
2021-02-25,117.94454956054688,118.88145446777344,116.95984649658203,117.0841293334961,94.53929138183594,5953623
2021-02-26,116.8738021850586,116.8738021850586,113.65200805664062,113.6998062133789,91.806640625,9467346
2021-03-01,115.05735778808594,116.94072723388672,114.58891296386719,115.43020629882812,93.20387268066406,5977367
2021-03-02,115.43020629882812,116.53919982910156,114.97132110595703,115.03823852539062,92.88735961914062,4732418
2021-03-03,115.20076751708984,117.23709106445312,114.7036361694336,116.97896575927734,94.45439910888672,7744898
2021-03-04,116.63479614257812,117.8011474609375,113.53728485107422,114.82791900634766,92.71753692626953,8439651
2021-03-05,115.33460998535156,118.3078384399414,114.96176147460938,117.42829895019531,94.81720733642578,7268968
2021-03-08,117.58126068115234,121.2715072631836,117.4760971069336,119.32122039794922,96.34564208984375,7572203
2021-03-09,119.8852767944336,120.86997985839844,118.6998062133789,118.71892547607422,95.85931396484375,5867014
2021-03-10,119.55066680908203,122.60037994384766,119.13002014160156,122.24665069580078,98.70777893066406,7581199
2021-03-11,122.45697784423828,122.98279571533203,121.20458984375,121.54875946044922,98.1442642211914,5383657
2021-03-12,121.5965576171875,122.06501007080078,121.04206848144531,121.99808502197266,98.5070571899414,4194565
2021-03-15,122.15105438232422,123.08795166015625,121.93116760253906,122.92543029785156,99.25586700439453,3577948
2021-03-16,122.63862609863281,122.86807250976562,121.73995971679688,122.60037994384766,98.99337768554688,4867247
2021-03-17,122.81070709228516,123.79541015625,121.88336181640625,123.35564422607422,99.60321807861328,4488804
2021-03-18,123.26959991455078,125.23900604248047,122.17017364501953,124.34034729003906,100.39832305908203,6104142
2021-03-19,124.3021011352539,124.7036361694336,122.87763214111328,123.23136138916016,99.50287628173828,10297870
2021-03-22,122.84894561767578,124.97132110595703,122.26577758789062,124.80879211425781,100.77657318115234,4356485
2021-03-23,124.7036361694336,125.77437591552734,124.09178161621094,124.7227554321289,100.70709228515625,4556794
2021-03-24,125.19120788574219,126.3001937866211,124.82791900634766,124.87571716308594,100.83059692382812,4189230
2021-03-25,124.59847259521484,127.38050079345703,124.06309509277344,127.21797180175781,102.72187042236328,5809484
2021-03-26,127.42829895019531,130.47801208496094,127.26577758789062,130.38241577148438,105.27699279785156,5823710
2021-03-29,130.0,131.0420684814453,129.55067443847656,129.88528442382812,104.87557220458984,4835344
2021-03-30,129.88528442382812,130.27725219726562,128.12619018554688,128.79541015625,103.99556732177734,5010758
2021-03-31,128.62332153320312,128.78585815429688,126.8738021850586,127.39962005615234,102.86852264404297,5172575
2021-04-01,127.87763214111328,128.04014587402344,126.45315551757812,127.37093353271484,102.84536743164062,4261404
2021-04-05,127.76290893554688,130.67877197265625,127.53346252441406,129.9521942138672,104.92958068847656,5722980
2021-04-06,129.61758422851562,129.67495727539062,128.193115234375,128.31739807128906,103.60957336425781,3787566
2021-04-07,127.95410919189453,129.0057373046875,127.8967514038086,128.9961700439453,104.15765380859375,3112896
2021-04-08,128.65200805664062,129.66539001464844,128.26004028320312,129.17782592773438,104.30435180664062,4275211
2021-04-09,128.93881225585938,129.7705535888672,128.78585815429688,129.76100158691406,104.77521514892578,3162999
2021-04-12,129.08221435546875,129.4168243408203,127.96366882324219,128.67112731933594,103.89521026611328,3926684
2021-04-13,127.15105438232422,127.74378967285156,124.64627075195312,125.41108703613281,101.26289367675781,8403041
2021-04-14,125.53536987304688,126.94072723388672,124.78011322021484,126.79732513427734,102.3822021484375,6137928
2021-04-15,127.41873931884766,127.98279571533203,126.40535736083984,126.74951934814453,102.34361267089844,4062664
2021-04-16,127.15105438232422,128.2026824951172,127.1032485961914,127.71510314941406,103.12326049804688,5535223
2021-04-19,127.72466278076172,127.93498992919922,126.74951934814453,127.26577758789062,102.76045227050781,8575736
2021-04-20,131.0420684814453,133.62332153320312,130.68833923339844,132.08413696289062,106.65103149414062,16192708
2021-04-21,131.988525390625,137.4091796875,131.65391540527344,137.23709106445312,110.8117904663086,12456814
2021-04-22,137.3804931640625,138.374755859375,134.7992401123047,135.06692504882812,109.05947875976562,7428064
2021-04-23,135.09559631347656,137.29444885253906,134.75143432617188,136.16635131835938,109.94719696044922,4765576
2021-04-26,136.1567840576172,137.31358337402344,135.2581329345703,135.3441619873047,109.28334045410156,4927497
2021-04-27,135.45889282226562,136.29063415527344,134.5602264404297,135.7648162841797,109.62297821044922,4062664
2021-04-28,136.63479614257812,137.09368896484375,135.85086059570312,136.71128845214844,110.38722229003906,3941433
2021-04-29,137.7915802001953,142.1988525390625,136.69215393066406,137.89674377441406,111.34439086914062,4554179
2021-04-30,137.3804931640625,137.50477600097656,134.3690185546875,135.64053344726562,109.52265167236328,9280321
2021-05-03,137.48565673828125,139.34034729003906,137.23709106445312,138.3843231201172,111.73811340332031,5997241
2021-05-04,138.0592803955078,140.14340209960938,137.9827880859375,139.34034729003906,112.51004791259766,6642623
2021-05-05,139.52198791503906,139.52198791503906,138.5946502685547,138.83364868164062,112.10092163085938,5229895
2021-05-06,138.87188720703125,141.97897338867188,138.79541015625,141.89292907714844,114.57111358642578,7848661
2021-05-07,139.50286865234375,139.71319580078125,138.2122344970703,139.06309509277344,113.54076385498047,7325661
2021-05-10,139.3881378173828,141.8546905517578,139.3881378173828,139.7418670654297,114.09498596191406,7304636
2021-05-11,138.61376953125,138.8049774169922,136.6156768798828,137.87762451171875,112.57289123535156,7454214
2021-05-12,137.51434326171875,137.81069946289062,134.93307495117188,135.08604431152344,110.29364013671875,6233742
2021-05-13,135.2294464111328,138.52772521972656,135.06692504882812,137.829833984375,112.53384399414062,4807207
2021-05-14,138.72848510742188,139.28298950195312,137.62905883789062,138.31739807128906,112.93194580078125,2873780
2021-05-17,138.08795166015625,139.3881378173828,137.9827880859375,138.72848510742188,113.26756286621094,4471755
2021-05-18,138.41299438476562,138.91014099121094,136.93116760253906,137.58126831054688,112.3309097290039,4000009
2021-05-19,136.06118774414062,136.90248107910156,134.72274780273438,136.89292907714844,111.76886749267578,4498532
2021-05-20,136.8260040283203,138.53729248046875,135.90821838378906,137.55258178710938,112.30750274658203,4301675
2021-05-21,137.93499755859375,139.29254150390625,137.93499755859375,138.374755859375,112.9787826538086,4219041
2021-05-24,138.68069458007812,138.9961700439453,137.83938598632812,138.3556365966797,112.96314239501953,3449290
2021-05-25,138.54684448242188,138.62332153320312,136.90248107910156,137.46653747558594,112.23725128173828,4118311
2021-05-26,137.18930053710938,137.65774536132812,136.74952697753906,137.07456970214844,111.91722106933594,3225655
2021-05-27,137.49522399902344,138.4034423828125,137.31358337402344,137.49522399902344,112.26065826416016,5889294
2021-05-28,137.86807250976562,137.9827880859375,137.1797332763672,137.41873168945312,112.19820404052734,2651192
2021-06-01,138.62332153320312,139.4168243408203,137.4282989501953,137.8489532470703,112.54945373535156,2528705
2021-06-02,138.26004028320312,139.34034729003906,137.7724609375,139.31166076660156,113.74373626708984,2915097
2021-06-03,138.53729248046875,139.46463012695312,137.70555114746094,139.14913940429688,113.61103057861328,4320608
2021-06-04,139.579345703125,141.06118774414062,139.3498992919922,140.93690490722656,115.07069396972656,3261323
2021-06-07,141.06118774414062,142.1988525390625,140.69789123535156,141.51051330566406,115.53901672363281,3621984
2021-06-08,141.6061248779297,143.5946502685547,141.6061248779297,142.51434326171875,116.3586196899414,5313785
2021-06-09,142.47610473632812,144.4263916015625,142.27532958984375,144.04397583007812,117.60753631591797,5547252
2021-06-10,144.8087921142578,146.11854553222656,143.1739959716797,143.91969299316406,117.50604248046875,4977391
2021-06-11,143.8145294189453,145.17208862304688,143.75717163085938,144.6271514892578,118.08366394042969,3596462
2021-06-14,144.08221435546875,144.3881378173828,142.12237548828125,143.43212890625,117.10795593261719,3498661
2021-06-15,143.26004028320312,143.31739807128906,142.06500244140625,142.7915802001953,116.58499145507812,2628912
2021-06-16,143.1739959716797,143.1739959716797,140.74569702148438,141.32887268066406,115.39071655273438,4057329
2021-06-17,141.06118774414062,141.5487518310547,138.89100646972656,139.1969451904297,113.65007019042969,4568300
2021-06-18,138.12619018554688,138.31739807128906,136.74952697753906,136.8260040283203,111.71427154541016,9577699
2021-06-21,137.7724609375,140.602294921875,137.72467041015625,140.2007598876953,114.46963500976562,4482633
2021-06-22,140.07647705078125,140.35372924804688,138.9579315185547,139.92352294921875,114.2433090209961,2549102
2021-06-23,139.9904327392578,140.05735778808594,138.2122344970703,138.25047302246094,112.8772964477539,3349920
2021-06-24,139.3881378173828,139.76100158691406,138.32696533203125,139.04397583007812,113.5251693725586,3775746
2021-06-25,138.9866180419922,140.46844482421875,138.57553100585938,140.38241577148438,114.61796569824219,3759533
2021-06-28,140.54493713378906,140.82217407226562,138.53729248046875,138.90057373046875,113.4080810546875,4067789
2021-06-29,138.87188720703125,140.28680419921875,138.71893310546875,139.14913940429688,113.61103057861328,2540211
2021-06-30,138.7476043701172,140.46844482421875,138.34608459472656,140.14340209960938,114.42282104492188,3394375
2021-07-01,140.49713134765625,141.0133819580078,140.12428283691406,140.38241577148438,114.61796569824219,2809661
2021-07-02,140.44932556152344,140.48757934570312,133.32696533203125,133.86233520507812,109.29450988769531,17584515
2021-07-06,133.83364868164062,134.24473571777344,131.07073974609375,132.67686462402344,108.32661437988281,8466010
2021-07-07,132.65774536132812,134.15870666503906,132.65774536132812,133.67112731933594,109.13839721679688,4246446
2021-07-08,131.72084045410156,135.09559631347656,131.6061248779297,134.55067443847656,109.85652923583984,5739820
2021-07-09,135.2294464111328,135.73614501953125,134.64627075195312,135.29637145996094,110.4653549194336,4083689
2021-07-12,135.2103271484375,135.71701049804688,133.9579315185547,134.72274780273438,109.99701690673828,3496360
2021-07-13,134.72274780273438,134.72274780273438,133.48948669433594,134.11090087890625,109.49745178222656,3309858
2021-07-14,134.53155517578125,134.5602264404297,132.8202667236328,133.67112731933594,109.13839721679688,4606061
2021-07-15,133.193115234375,134.28298950195312,132.69598388671875,134.27342224121094,109.63015747070312,3807126
2021-07-16,134.7992401123047,134.7992401123047,132.49522399902344,132.7915802001953,108.4202651977539,4298328
2021-07-19,130.44932556152344,132.3996124267578,130.21987915039062,131.8546905517578,107.65534210205078,8977086
2021-07-20,136.71128845214844,138.54684448242188,132.6003875732422,133.8145294189453,109.2554931640625,14237838
2021-07-21,133.8145294189453,135.17208862304688,133.50860595703125,135.08604431152344,110.29364013671875,5024984
2021-07-22,135.43020629882812,135.5736083984375,134.2351837158203,134.52198791503906,109.83309936523438,3466653
2021-07-23,134.76100158691406,135.46844482421875,134.15870666503906,135.12428283691406,110.3248519897461,4680013
2021-07-26,135.17208862304688,136.71128845214844,134.92352294921875,136.49139404296875,111.44107055664062,4441630
2021-07-27,136.26194763183594,137.32313537597656,135.3728485107422,136.47227478027344,111.42546081542969,3281302
2021-07-28,136.72084045410156,136.806884765625,135.4110870361328,135.53536987304688,110.66050720214844,2660815
2021-07-29,136.07073974609375,136.67303466796875,135.3728485107422,135.68833923339844,110.78538513183594,2793761
2021-07-30,135.29637145996094,135.6118621826172,134.5984649658203,134.76100158691406,110.02823638916016,3698238
2021-08-02,135.2294464111328,136.76864624023438,134.82791137695312,135.2007598876953,110.38728332519531,3064257
2021-08-03,135.65965270996094,138.33651733398438,135.420654296875,137.73422241210938,112.45578002929688,4272596
2021-08-04,137.47610473632812,137.83938598632812,136.20458984375,136.48184204101562,111.43327331542969,2960285
2021-08-05,136.73995971679688,137.10325622558594,135.965576171875,136.49139404296875,111.44107055664062,2884240
2021-08-06,136.71128845214844,138.04014587402344,136.6061248779297,137.7533416748047,112.47138977050781,4002833
2021-08-09,135.9464569091797,136.2332763671875,134.7705535888672,135.03823852539062,111.52394104003906,5129689
2021-08-10,135.0,135.5736083984375,134.1682586669922,135.1625213623047,111.6265869140625,5543695
2021-08-11,135.54493713378906,136.49139404296875,135.27725219726562,135.87954711914062,112.2187728881836,4455960
2021-08-12,136.0038299560547,136.8546905517578,135.8317413330078,136.7781982421875,112.96092224121094,2184780
2021-08-13,136.3671112060547,137.26577758789062,136.1759033203125,136.88336181640625,113.04779052734375,1997965
2021-08-16,136.93116760253906,137.41873168945312,135.9751434326172,137.27532958984375,113.37149047851562,2913319
2021-08-17,136.71128845214844,136.86424255371094,134.88528442382812,136.1567840576172,112.44772338867188,3215195
2021-08-18,135.4397735595703,135.67877197265625,133.26004028320312,133.33651733398438,110.11854553222656,3672192
2021-08-19,132.5908203125,133.31739807128906,131.1759033203125,131.95028686523438,108.97368621826172,4351465
2021-08-20,131.68260192871094,133.25047302246094,131.2332763671875,132.9923553466797,109.83432006835938,2780059
2021-08-23,133.47991943359375,133.9866180419922,132.69598388671875,133.47991943359375,110.2369613647461,3179422
2021-08-24,133.6328887939453,134.06309509277344,133.193115234375,133.69024658203125,110.41067504882812,2474418
2021-08-25,133.7667236328125,134.6080322265625,133.32696533203125,133.70936584472656,110.42649841308594,2105389
2021-08-26,133.8145294189453,134.6080322265625,132.6099395751953,132.67686462402344,109.5737533569336,2613640
2021-08-27,132.6099395751953,133.4512481689453,132.31358337402344,133.27915954589844,110.0711669921875,2572637
2021-08-30,133.36520385742188,133.72848510742188,132.71510314941406,132.85850524902344,109.72376251220703,2087293
2021-08-31,133.4034423828125,134.7418670654297,132.83938598632812,134.1682586669922,110.80545043945312,4429915
2021-09-01,133.8240966796875,133.91014099121094,133.06883239746094,133.1739959716797,109.98432159423828,2588327
2021-09-02,133.57553100585938,133.89100646972656,132.91586303710938,133.85276794433594,110.54487609863281,2840413
2021-09-03,133.53729248046875,134.29254150390625,133.1739959716797,133.44168090820312,110.20538330078125,2009575
2021-09-07,133.50860595703125,133.64244079589844,131.70172119140625,131.988525390625,109.00529479980469,3436110
2021-09-08,132.06500244140625,132.97323608398438,131.5487518310547,132.5717010498047,109.4869155883789,3122728
2021-09-09,131.7877655029297,132.8489532470703,131.51051330566406,131.68260192871094,108.75263214111328,3669682
2021-09-10,132.71510314941406,133.2409210205078,130.9751434326172,130.9942626953125,108.18415832519531,4157955
2021-09-13,132.31358337402344,132.87762451171875,131.46270751953125,132.07456970214844,109.07633972167969,4334729
2021-09-14,132.31358337402344,132.47610473632812,129.3881378173828,130.2294464111328,107.55249786376953,4659198
2021-09-15,130.2294464111328,131.73995971679688,129.70362854003906,131.16635131835938,108.3262710571289,3403579
2021-09-16,131.24282836914062,131.88336181640625,129.7418670654297,130.43020629882812,107.71829223632812,2765624
2021-09-17,129.78012084960938,129.94264221191406,129.11090087890625,129.28298950195312,106.77084350585938,5890340
2021-09-20,128.011474609375,129.2351837158203,126.94072723388672,128.4034423828125,106.04446411132812,4990152
2021-09-21,129.1682586669922,129.68450927734375,127.09368896484375,127.12236785888672,104.98648071289062,4261927
2021-09-22,127.83938598632812,129.4168243408203,127.60037994384766,128.70936584472656,106.297119140625,3767901
2021-09-23,129.30210876464844,131.37667846679688,129.09178161621094,130.71701049804688,107.9551773071289,3151807
2021-09-24,131.0038299560547,132.3900604248047,130.73614501953125,131.44358825683594,108.55522918701172,3100762
2021-09-27,131.89292907714844,132.95411682128906,131.4340362548828,132.46653747558594,109.40007019042969,3459017
2021-09-28,133.04971313476562,133.54684448242188,131.1759033203125,131.42446899414062,108.5394515991211,4513072
2021-09-29,131.67303466796875,133.7762908935547,130.4397735595703,133.0592803955078,109.88958740234375,3947499
2021-09-30,133.8432159423828,134.3881378173828,132.4091796875,132.8202667236328,109.69219207763672,6090230
2021-10-01,134.7992401123047,137.6386260986328,134.1969451904297,137.0172119140625,113.15833282470703,6907889
2021-10-04,136.46270751953125,139.579345703125,136.08985900878906,137.7724609375,113.78206634521484,7689251
2021-10-05,138.3843231201172,138.62332153320312,136.3671112060547,136.8546905517578,113.02411651611328,7297524
2021-10-06,136.21414184570312,137.06500244140625,134.69407653808594,136.09942626953125,112.40035247802734,5573506
2021-10-07,136.45315551757812,137.09368896484375,135.30592346191406,135.5736083984375,111.966064453125,3999695
2021-10-08,135.5736083984375,137.33270263671875,134.84703063964844,136.92160034179688,113.07935333251953,3902940
2021-10-11,137.18930053710938,137.74378967285156,136.13766479492188,136.16635131835938,112.45561981201172,2921792
2021-10-12,135.95602416992188,136.0420684814453,134.13002014160156,134.29254150390625,110.9080810546875,3293436
2021-10-13,134.34034729003906,135.1912078857422,133.51815795898438,134.56979370117188,111.1370620727539,3013003
2021-10-14,134.8374786376953,137.5908203125,134.8087921142578,137.08413696289062,113.21357727050781,4410668
2021-10-15,137.08413696289062,138.47991943359375,136.51051330566406,138.25047302246094,114.17682647705078,3371049
2021-10-18,137.66729736328125,138.5659637451172,135.52581787109375,136.06118774414062,112.3687744140625,6437189
2021-10-19,134.87571716308594,136.65391540527344,134.34034729003906,135.73614501953125,112.1003189086914,4539117
2021-10-20,135.44932556152344,135.9464569091797,134.51242065429688,135.65965270996094,112.03714752197266,6474008
2021-10-21,127.63862609863281,127.83938598632812,122.46653747558594,122.6864242553711,101.3229751586914,32913959
2021-10-22,122.41873931884766,124.52198791503906,121.04206848144531,122.25621032714844,100.96766662597656,12114981
2021-10-25,121.9216079711914,122.99235534667969,121.35755157470703,122.02677154541016,100.7781753540039,6667204
2021-10-26,121.91204833984375,122.65774536132812,121.18547058105469,121.53919982910156,100.37550354003906,8912861
2021-10-27,121.83556365966797,122.25621032714844,119.5124282836914,119.66539001464844,98.8279800415039,7294176
2021-10-28,119.66539001464844,120.75525665283203,119.13957977294922,120.30592346191406,99.35697937011719,6802138
2021-10-29,119.91395568847656,120.76481628417969,119.41682434082031,119.59847259521484,98.77272033691406,6188973
2021-11-01,119.55066680908203,120.75525665283203,118.39388275146484,120.72657775878906,99.70438385009766,6177153
2021-11-02,120.74569702148438,121.57743835449219,119.41682434082031,120.63097381591797,99.62542724609375,4722062
2021-11-03,120.67877960205078,121.6921615600586,120.15296173095703,121.53919982910156,100.37550354003906,5670784
2021-11-04,123.05000305175781,123.33999633789062,119.9000015258789,120.8499984741211,99.80632781982422,7208700
2021-11-05,121.43000030517578,123.7699966430664,121.43000030517578,123.61000061035156,102.08570098876953,6790500
2021-11-08,123.98999786376953,124.77999877929688,123.52999877929688,124.54000091552734,102.8537826538086,5625300
2021-11-09,122.55999755859375,122.9000015258789,120.26000213623047,120.8499984741211,101.13815307617188,7236600
2021-11-10,121.0,122.43000030517578,119.93000030517578,120.22000122070312,100.61091613769531,6270300
2021-11-11,120.9000015258789,121.79000091552734,120.08000183105469,120.2699966430664,100.65274047851562,4643300
2021-11-12,120.0,120.63999938964844,118.77999877929688,118.95999908447266,99.55642700195312,5418300
2021-11-15,119.54000091552734,120.16000366210938,118.30999755859375,118.87000274658203,99.48110961914062,5046300
2021-11-16,118.91999816894531,119.9000015258789,118.41999816894531,118.45999908447266,99.13797760009766,4750800
2021-11-17,118.37999725341797,119.33000183105469,117.77999877929688,118.05999755859375,98.80321502685547,4043300
2021-11-18,118.36000061035156,118.36000061035156,116.30999755859375,116.66000366210938,97.63158416748047,5046900
2021-11-19,116.48999786376953,116.55999755859375,115.2699966430664,116.05000305175781,97.12110137939453,5380200
2021-11-22,116.0,118.80999755859375,115.19000244140625,116.47000122070312,97.47257232666016,6416200
2021-11-23,116.79000091552734,117.94000244140625,116.04000091552734,116.79000091552734,97.74038696289062,4912800
2021-11-24,116.16000366210938,117.2699966430664,116.08000183105469,116.7300033569336,97.69017028808594,3220800
2021-11-26,115.0,116.33999633789062,114.55999755859375,115.80999755859375,96.92022705078125,3322000
2021-11-29,118.62000274658203,119.61000061035156,117.52999877929688,118.5,99.17144775390625,8949800
2021-11-30,117.5,119.23999786376953,116.44999694824219,117.0999984741211,97.99980163574219,9252700
2021-12-01,118.25,118.93000030517578,116.8499984741211,116.91999816894531,97.84915161132812,5958300
2021-12-02,117.37000274658203,117.9800033569336,116.55999755859375,116.9000015258789,97.83245086669922,5267100
2021-12-03,117.36000061035156,119.36000061035156,117.36000061035156,118.83999633789062,99.45599365234375,6630100
2021-12-06,119.4000015258789,121.1500015258789,119.4000015258789,119.91000366210938,100.35145568847656,4785600
2021-12-07,120.4800033569336,122.08000183105469,120.06999969482422,121.58000183105469,101.74908447265625,5194000
2021-12-08,122.0,123.37999725341797,121.5199966430664,123.0199966430664,102.95418548583984,5483900
2021-12-09,122.1500015258789,123.94999694824219,121.79000091552734,123.56999969482422,103.41449737548828,4601100
2021-12-10,124.30000305175781,125.33000183105469,123.36000061035156,124.08999633789062,103.84965515136719,4966900
2021-12-13,123.76000213623047,124.36000061035156,120.79000091552734,122.58000183105469,102.58596801757812,6847500
2021-12-14,122.3499984741211,125.02999877929688,122.30000305175781,123.76000213623047,103.5735092163086,5716100
2021-12-15,123.80000305175781,124.81999969482422,122.18000030517578,123.11000061035156,103.02953338623047,4990000
2021-12-16,123.51000213623047,126.63999938964844,123.4800033569336,125.93000030517578,105.38956451416016,7280500
2021-12-17,125.87000274658203,128.63999938964844,125.20999908447266,127.4000015258789,106.6197738647461,10379000
2021-12-20,125.72000122070312,127.19999694824219,124.69999694824219,127.05999755859375,106.3352279663086,4941400
2021-12-21,127.66000366210938,129.33999633789062,127.66000366210938,128.97000122070312,107.9336929321289,4856000
2021-12-22,129.05999755859375,129.7899932861328,127.5999984741211,129.75,108.58647918701172,3923200
2021-12-23,130.0,130.9600067138672,129.52000427246094,130.6300048828125,109.32293701171875,3649000
2021-12-27,130.6300048828125,131.64999389648438,129.9499969482422,131.6199951171875,110.15145111083984,4293900
2021-12-28,131.60000610351562,133.22000122070312,131.58999633789062,132.6300048828125,110.99671173095703,3445200
2021-12-29,132.39999389648438,134.2100067138672,132.3000030517578,133.35000610351562,111.59928131103516,4239900
2021-12-30,133.75,134.3699951171875,133.3300018310547,133.91000366210938,112.06791687011719,3158100
2021-12-31,134.0,134.99000549316406,133.61000061035156,133.66000366210938,111.85871124267578,3362100
2022-01-03,134.07000732421875,136.2899932861328,133.6300048828125,136.0399932861328,113.8504867553711,4605900
2022-01-04,136.10000610351562,139.9499969482422,135.89999389648438,138.02000427246094,115.507568359375,7300000
2022-01-05,138.30999755859375,142.1999969482422,137.8800048828125,138.22000122070312,115.6749267578125,8956900
2022-01-06,138.1999969482422,138.41000366210938,132.50999450683594,135.33999633789062,113.26467895507812,9908100
2022-01-07,134.89999389648438,135.66000366210938,133.50999450683594,134.8300018310547,112.8378677368164,5238100
2022-01-10,134.47000122070312,136.1999969482422,133.3800048828125,135.02999877929688,113.0052261352539,5432800
2022-01-11,130.52000427246094,133.25,127.97000122070312,132.8699951171875,111.19754791259766,11105300
2022-01-12,133.25,134.47000122070312,131.3699951171875,133.58999633789062,111.80011749267578,5352000
2022-01-13,133.89999389648438,136.0500030517578,133.55999755859375,134.75999450683594,112.7792739868164,4868300
2022-01-14,134.5500030517578,135.13999938964844,133.3000030517578,134.2100067138672,112.31898498535156,5310300
2022-01-18,132.9499969482422,133.88999938964844,131.77999877929688,132.94000244140625,111.25614929199219,5246700
2022-01-19,132.89999389648438,133.89999389648438,131.5,131.5800018310547,110.11799621582031,4103700
2022-01-20,131.25999450683594,132.8800048828125,130.57000732421875,130.82000732421875,109.48193359375,5278200
2022-01-21,131.64999389648438,131.8699951171875,129.27000427246094,129.35000610351562,108.25172424316406,5907000
2022-01-24,127.98999786376953,129.14999389648438,124.19000244140625,128.82000732421875,107.80815124511719,13484000
2022-01-25,129.13999938964844,137.33999633789062,128.3000030517578,136.10000610351562,113.90072631835938,19715700
2022-01-26,136.47000122070312,137.07000732421875,133.1300048828125,134.25999450683594,112.36083984375,8336000
2022-01-27,133.66000366210938,134.75,132.0800018310547,132.52000427246094,110.9046401977539,5497300
2022-01-28,133.19000244140625,134.52999877929688,131.7899932861328,134.5,112.56169128417969,5471500
2022-01-31,134.08999633789062,134.08999633789062,132.3000030517578,133.57000732421875,111.78340911865234,5859000
2022-02-01,133.75999450683594,135.9600067138672,132.5,135.52999877929688,113.42367553710938,6206400
2022-02-02,135.6999969482422,137.55999755859375,135.25999450683594,137.25,114.86316680908203,5357200
2022-02-03,137.0,138.75999450683594,135.8300018310547,137.77999877929688,115.30670928955078,6100800
2022-02-04,137.86000061035156,138.82000732421875,136.22000122070312,137.14999389648438,114.77947998046875,4142000
2022-02-07,137.4499969482422,137.82000732421875,136.27000427246094,137.24000549316406,114.85477447509766,3759000
2022-02-08,137.22999572753906,137.52000427246094,135.77999877929688,137.02000427246094,114.670654296875,4181800
2022-02-09,137.83999633789062,138.35000610351562,136.8300018310547,137.7899932861328,115.31505584716797,5393500
2022-02-10,135.47000122070312,136.55999755859375,133.1699981689453,133.52000427246094,113.08753967285156,5978600
2022-02-11,133.89999389648438,134.7100067138672,132.3800048828125,132.69000244140625,112.38453674316406,4176200
2022-02-14,132.58999633789062,132.64999389648438,129.07000732421875,130.14999389648438,110.23323059082031,5345300
2022-02-15,130.63999938964844,131.67999267578125,129.61000061035156,129.94000244140625,110.05536651611328,4394000
2022-02-16,129.4499969482422,130.44000244140625,128.25999450683594,129.17999267578125,109.41168212890625,4875600
2022-02-17,128.0500030517578,128.5,124.8499984741211,124.97000122070312,105.8459243774414,6797000
2022-02-18,124.94000244140625,125.44000244140625,123.61000061035156,124.3499984741211,105.32080078125,4609200
2022-02-22,124.19999694824219,125.0,122.68000030517578,123.91999816894531,104.95660400390625,5349700
2022-02-23,124.37999725341797,124.69999694824219,121.87000274658203,122.06999969482422,103.38970184326172,4086400
2022-02-24,120.0,122.0999984741211,118.80999755859375,121.97000122070312,103.30502319335938,6563200
2022-02-25,122.05000305175781,124.26000213623047,121.44999694824219,124.18000030517578,105.17682647705078,4460900
2022-02-28,122.20999908447266,123.38999938964844,121.04000091552734,122.51000213623047,103.76238250732422,6757300
2022-03-01,122.66999816894531,123.38999938964844,120.69999694824219,121.3499984741211,102.77989959716797,4873300
2022-03-02,122.58999633789062,124.63999938964844,121.80000305175781,123.86000061035156,104.90577697753906,4891400
2022-03-03,124.95999908447266,126.66999816894531,124.23999786376953,125.93000030517578,106.6590347290039,5206600
2022-03-04,124.4000015258789,127.3499984741211,124.20999908447266,126.62000274658203,107.2434310913086,4402400
2022-03-07,126.47000122070312,127.91000366210938,125.62000274658203,126.06999969482422,106.77758026123047,5047400
2022-03-08,126.62000274658203,128.35000610351562,124.81999969482422,125.68000030517578,106.44728088378906,4887600
2022-03-09,127.41000366210938,128.10000610351562,125.91000366210938,126.22000122070312,106.90463256835938,4403500
2022-03-10,125.75,126.02999877929688,123.12999725341797,124.3499984741211,105.32080078125,5326800
2022-03-11,125.0,126.7699966430664,123.91000366210938,123.95999908447266,104.99047088623047,4119600
2022-03-14,124.44999694824219,125.16000366210938,122.69000244140625,123.94000244140625,104.97355651855469,3289200
2022-03-15,124.0,125.94000244140625,123.22000122070312,125.63999938964844,106.41340637207031,4021200
2022-03-16,126.5,127.27999877929688,124.70999908447266,127.04000091552734,107.59915924072266,4292800
2022-03-17,127.0999984741211,128.2899932861328,126.52999877929688,127.95999908447266,108.37836456298828,3671900
2022-03-18,127.37999725341797,128.92999267578125,126.37000274658203,128.75999450683594,109.05595397949219,7466000
2022-03-21,129.0,129.74000549316406,127.4000015258789,128.10000610351562,108.4969482421875,3384600
2022-03-22,128.5,129.3000030517578,127.8499984741211,129.05999755859375,109.31004333496094,2690200
2022-03-23,129.0800018310547,129.32000732421875,128.25,128.3000030517578,108.66634368896484,2924500
2022-03-24,128.3300018310547,129.3699951171875,127.80000305175781,129.25,109.47095489501953,2971100
2022-03-25,129.5,131.39999389648438,129.30999755859375,131.35000610351562,111.2496109008789,3530200
2022-03-28,130.82000732421875,131.5,129.60000610351562,131.47000122070312,111.35123443603516,2483500
2022-03-29,132.0399932861328,132.83999633789062,130.42999267578125,131.94000244140625,111.74929809570312,5791000
2022-03-30,132.00999450683594,133.0800018310547,131.38999938964844,132.1300048828125,111.91022491455078,2622900
2022-03-31,130.72000122070312,131.8800048828125,130.0,130.02000427246094,110.12311553955078,4274000
2022-04-01,129.66000366210938,130.27000427246094,128.05999755859375,130.14999389648438,110.23323059082031,4012400
2022-04-04,130.25999450683594,130.4499969482422,128.92999267578125,130.27000427246094,110.33486938476562,2809800
2022-04-05,129.85000610351562,131.22999572753906,128.66000366210938,128.88999938964844,109.16605377197266,3107200
2022-04-06,127.77999877929688,129.50999450683594,127.25,129.38999938964844,109.58953094482422,3958100
2022-04-07,128.8699951171875,129.25,126.7300033569336,128.5500030517578,108.87808990478516,3538300
2022-04-08,128.00999450683594,128.77999877929688,127.2699966430664,127.7300033569336,108.18357849121094,3143300
2022-04-11,127.94999694824219,128.17999267578125,126.18000030517578,126.37000274658203,107.03169250488281,3202500
2022-04-12,126.41999816894531,127.33999633789062,125.58000183105469,125.9800033569336,106.70137023925781,2691000
2022-04-13,125.63999938964844,126.66999816894531,124.91000366210938,126.13999938964844,106.83688354492188,3064900
2022-04-14,128.92999267578125,130.5800018310547,126.37999725341797,126.55999755859375,107.19261169433594,6384200
2022-04-18,126.5999984741211,127.38999938964844,125.52999877929688,126.16999816894531,106.86229705810547,4884200
2022-04-19,126.08000183105469,129.39999389648438,126.0,129.14999389648438,109.38627624511719,7971400
2022-04-20,135.0,139.55999755859375,133.3800048828125,138.32000732421875,117.15299987792969,17859200
2022-04-21,138.22999572753906,141.8800048828125,137.35000610351562,139.85000610351562,118.44886779785156,9922300
2022-04-22,139.6999969482422,140.44000244140625,137.35000610351562,138.25,117.09371185302734,6508600
2022-04-25,137.58999633789062,139.64999389648438,135.19000244140625,139.10000610351562,117.81362915039062,5748300
2022-04-26,139.0,139.8699951171875,136.1699981689453,136.19000244140625,115.34891510009766,4956200
2022-04-27,135.77999877929688,137.1199951171875,134.6300048828125,135.05999755859375,114.39185333251953,4369100
2022-04-28,136.85000610351562,136.99000549316406,134.80999755859375,135.74000549316406,114.96781158447266,4474300
2022-04-29,135.1300048828125,135.5500030517578,132.0,132.2100067138672,111.97799682617188,5078700
2022-05-02,133.0,133.77000427246094,130.88999938964844,133.0399932861328,112.68097686767578,4213500
2022-05-03,133.0,133.60000610351562,131.99000549316406,132.52000427246094,112.24057006835938,3688600
2022-05-04,132.8699951171875,137.8699951171875,132.13999938964844,137.39999389648438,116.37377166748047,5932600
2022-05-05,136.4600067138672,137.25999450683594,134.75999450683594,135.9199981689453,115.12024688720703,5957400
2022-05-06,135.47000122070312,137.99000549316406,135.47000122070312,137.6699981689453,116.60245513916016,7306400
2022-05-09,134.41000366210938,136.35000610351562,133.32000732421875,134.44000244140625,115.24798583984375,7647900
2022-05-10,135.0,135.41000366210938,128.42999267578125,129.1300048828125,110.69603729248047,8642400
2022-05-11,129.86000061035156,132.9600067138672,129.86000061035156,130.75,112.08477783203125,5301100
2022-05-12,131.27000427246094,133.6199951171875,130.41000366210938,132.89999389648438,113.92784118652344,5384800
2022-05-13,133.0,133.8000030517578,131.0500030517578,133.60000610351562,114.5279541015625,4195100
2022-05-16,133.10000610351562,136.50999450683594,132.41000366210938,135.02999877929688,115.7537841796875,4250400
2022-05-17,137.19000244140625,138.3699951171875,135.63999938964844,138.3699951171875,118.61695861816406,4372900
2022-05-18,137.10000610351562,137.6199951171875,132.1699981689453,132.94000244140625,113.96212768554688,6003000
2022-05-19,132.0,132.32000732421875,128.7100067138672,129.66000366210938,111.15038299560547,5819700
2022-05-20,130.17999267578125,130.3699951171875,125.80000305175781,128.47999572753906,110.13880920410156,6914500
2022-05-23,129.5,131.9499969482422,129.4199981689453,131.1699981689453,112.44481658935547,3591500
2022-05-24,130.57000732421875,134.3699951171875,130.4199981689453,133.8000030517578,114.69939422607422,4189700
2022-05-25,132.86000061035156,134.82000732421875,132.86000061035156,134.38999938964844,115.20513153076172,3299300
2022-05-26,135.0,137.5500030517578,134.52000427246094,136.88999938964844,117.34825134277344,3929300
2022-05-27,137.38999938964844,139.74000549316406,137.24000549316406,139.27000427246094,119.38849639892578,4608000
2022-05-31,138.1999969482422,139.8300018310547,136.80999755859375,138.83999633789062,119.0198745727539,7978100
2022-06-01,139.6699981689453,140.47000122070312,138.52000427246094,139.42999267578125,119.52566528320312,3796500
2022-06-02,139.4499969482422,140.2899932861328,136.85000610351562,140.14999389648438,120.14285278320312,3734800
2022-06-03,140.25999450683594,142.5800018310547,139.74000549316406,141.17999267578125,121.02581024169922,4352200
2022-06-06,142.97999572753906,144.72999572753906,142.0,142.8800048828125,122.483154296875,4766900
2022-06-07,142.60000610351562,142.97999572753906,140.9600067138672,142.77999877929688,122.39742279052734,2887100
2022-06-08,142.07000732421875,142.8000030517578,140.14999389648438,140.8300018310547,120.72579956054688,3005700
2022-06-09,140.14999389648438,141.0399932861328,137.92999267578125,137.9600067138672,118.26551818847656,3591000
2022-06-10,137.8000030517578,137.8000030517578,135.25,136.19000244140625,116.7481689453125,4659500
2022-06-13,133.97000122070312,137.57000732421875,133.75999450683594,135.11000061035156,115.82234954833984,6486000
2022-06-14,135.0,136.9499969482422,134.86000061035156,135.72000122070312,116.34526062011719,4607800
2022-06-15,136.00999450683594,138.4499969482422,135.5800018310547,137.05999755859375,117.49398040771484,4606900
2022-06-16,135.3000030517578,136.24000549316406,134.38999938964844,135.6699981689453,116.30242919921875,5386400
2022-06-17,135.99000549316406,136.97999572753906,132.85000610351562,135.02000427246094,115.74520111083984,12968500
2022-06-21,135.89999389648438,138.5,135.89999389648438,137.85000610351562,118.17121887207031,4089300
2022-06-22,136.10000610351562,138.17999267578125,136.02999877929688,137.0800018310547,117.51113891601562,3791500
2022-06-23,137.13999938964844,138.6199951171875,136.5,138.44000244140625,118.67699432373047,4547900
2022-06-24,139.1999969482422,142.3699951171875,139.1300048828125,142.05999755859375,121.78022003173828,11493000
2022-06-27,142.25999450683594,143.8300018310547,141.9499969482422,142.8000030517578,122.4145736694336,3936000
2022-06-28,142.9199981689453,144.16000366210938,141.32000732421875,141.86000061035156,121.60877990722656,4064800
2022-06-29,142.74000549316406,143.52000427246094,139.5,140.7100067138672,120.62295532226562,4161500
2022-06-30,139.5800018310547,142.4600067138672,139.27999877929688,141.19000244140625,121.03441619873047,4878000
2022-07-01,141.0,141.6699981689453,139.25999450683594,141.1199951171875,120.97437286376953,4011900
2022-07-05,139.97000122070312,139.97000122070312,135.27000427246094,137.6199951171875,117.97405242919922,6273400
2022-07-06,138.0,139.13999938964844,137.1300048828125,138.0800018310547,118.3683853149414,3237000
2022-07-07,138.91000366210938,141.32000732421875,138.8300018310547,140.8300018310547,120.72579956054688,3897100
2022-07-08,140.75999450683594,141.32000732421875,139.82000732421875,140.47000122070312,120.41719818115234,2820800
2022-07-11,140.6199951171875,141.8699951171875,140.1300048828125,141.0,120.87154388427734,3904700
2022-07-12,140.83999633789062,141.5500030517578,138.57000732421875,139.17999267578125,119.31134033203125,3235400
2022-07-13,137.17999267578125,138.89999389648438,136.8000030517578,137.17999267578125,117.59686279296875,4123200
2022-07-14,135.60000610351562,139.42999267578125,135.02000427246094,139.05999755859375,119.20851135253906,5298400
2022-07-15,140.67999267578125,140.67999267578125,138.61000061035156,139.9199981689453,119.9457015991211,4519300
2022-07-18,140.14999389648438,140.30999755859375,137.77999877929688,138.1300048828125,118.41124725341797,8231700
2022-07-19,131.5800018310547,132.55999755859375,127.72000122070312,130.8800048828125,112.19622802734375,29690500
2022-07-20,130.6999969482422,130.72000122070312,128.05999755859375,129.17999267578125,110.73890686035156,9882000
2022-07-21,128.75,128.80999755859375,125.12999725341797,127.1500015258789,108.99868774414062,11975400
2022-07-22,127.02999877929688,128.32000732421875,125.70999908447266,128.25,109.94166564941406,6467200
2022-07-25,128.44000244140625,129.1300048828125,127.9000015258789,128.5399932861328,110.19024658203125,4702400
2022-07-26,128.25999450683594,129.3000030517578,127.62999725341797,128.0800018310547,109.79592895507812,3645300
2022-07-27,127.97000122070312,129.42999267578125,127.58000183105469,129.1199951171875,110.68746948242188,4175600
2022-07-28,128.75,129.80999755859375,128.61000061035156,129.22000122070312,110.77318572998047,3913700
2022-07-29,129.52000427246094,131.0,129.30999755859375,130.7899932861328,112.11906433105469,5786800
2022-08-01,130.75,132.6999969482422,130.6999969482422,132.0399932861328,113.19060516357422,4142100
2022-08-02,132.1999969482422,132.77999877929688,130.50999450683594,131.80999755859375,112.99345397949219,4403600
2022-08-03,131.82000732421875,132.86000061035156,131.32000732421875,132.33999633789062,113.44778442382812,3088500
2022-08-04,132.14999389648438,132.2899932861328,131.02000427246094,131.63999938964844,112.84771728515625,3179800
2022-08-05,131.25,132.6699981689453,131.07000732421875,132.47999572753906,113.56781768798828,2586500
2022-08-08,133.10000610351562,133.35000610351562,132.02000427246094,132.61000061035156,113.67924499511719,3821200
2022-08-09,129.9199981689453,130.7899932861328,129.1199951171875,129.47000122070312,112.3858642578125,3496000
2022-08-10,130.75,131.77999877929688,130.33999633789062,131.5,114.14800262451172,3664000
2022-08-11,132.36000061035156,133.22999572753906,132.0,132.5399932861328,115.05076599121094,3501900
2022-08-12,132.6199951171875,134.08999633789062,131.97999572753906,134.00999450683594,116.3267822265625,2766900
2022-08-15,132.9600067138672,135.19000244140625,132.24000549316406,134.92999267578125,117.1253890991211,2791200
2022-08-16,134.60000610351562,137.3699951171875,134.4499969482422,136.55999755859375,118.54031372070312,4313600
2022-08-17,136.4600067138672,138.4199981689453,136.3000030517578,137.7899932861328,119.60800170898438,3667600
2022-08-18,137.7899932861328,139.1199951171875,137.75,139.07000732421875,120.71908569335938,3177700
2022-08-19,138.75,139.33999633789062,137.66000366210938,138.3699951171875,120.11145782470703,3155800
2022-08-22,137.64999389648438,137.85000610351562,135.47000122070312,135.5500030517578,117.66356658935547,3093600
2022-08-23,135.3699951171875,136.10000610351562,134.72000122070312,134.74000549316406,116.96044921875,4141800
2022-08-24,134.88999938964844,135.11000061035156,133.11000061035156,133.22999572753906,115.64971160888672,2855400
2022-08-25,133.64999389648438,134.42999267578125,133.07000732421875,133.97999572753906,116.30075073242188,2706000
2022-08-26,134.10000610351562,134.17999267578125,130.33999633789062,130.3800048828125,113.17581176757812,4185300
2022-08-29,129.99000549316406,131.4199981689453,129.57000732421875,130.30999755859375,113.11502838134766,2783000
2022-08-30,130.55999755859375,130.77000427246094,129.2899932861328,129.5800018310547,112.48135375976562,2407900
2022-08-31,129.9199981689453,130.0,128.39999389648438,128.4499969482422,111.50045776367188,3490400
2022-09-01,128.39999389648438,129.82000732421875,127.73999786376953,129.66000366210938,112.5508041381836,3396200
2022-09-02,130.3000030517578,130.55999755859375,127.23999786376953,127.79000091552734,110.92753601074219,3040600
2022-09-06,127.80000305175781,128.05999755859375,126.30000305175781,126.72000122070312,109.99874877929688,3347100
2022-09-07,126.69000244140625,127.87000274658203,126.27999877929688,127.70999908447266,110.85811614990234,2401500
2022-09-08,127.19999694824219,128.5399932861328,126.58999633789062,128.47000122070312,111.517822265625,2964600
2022-09-09,128.89999389648438,129.49000549316406,128.05999755859375,129.19000244140625,112.14282989501953,3291900
2022-09-12,130.3300018310547,130.99000549316406,129.88999938964844,130.66000366210938,113.41883087158203,3741100
2022-09-13,129.13999938964844,129.91000366210938,126.7699966430664,127.25,110.45880889892578,4565600
2022-09-14,127.5,129.0,126.8499984741211,127.69000244140625,110.84075164794922,3819100
2022-09-15,127.38999938964844,127.47000122070312,124.9000015258789,125.48999786376953,108.9310531616211,5141700
2022-09-16,124.36000061035156,127.52999877929688,123.83000183105469,127.2699966430664,110.47616577148438,9839700
2022-09-19,126.48999786376953,128.05999755859375,126.27999877929688,127.7300033569336,110.8754653930664,3981600
2022-09-20,126.9000015258789,126.98999786376953,125.5199966430664,126.30000305175781,109.6341552734375,2837500
2022-09-21,126.88999938964844,127.83999633789062,124.91999816894531,124.93000030517578,108.44493103027344,3389500
2022-09-22,124.76000213623047,126.51000213623047,124.41000366210938,125.30999755859375,108.7747802734375,4046600
2022-09-23,124.52999877929688,125.0,121.73999786376953,122.70999908447266,106.51787567138672,5195600
2022-09-26,122.30000305175781,124.26000213623047,121.75,122.01000213623047,105.91026306152344,3987800
2022-09-27,122.5999984741211,123.94999694824219,121.08000183105469,121.73999786376953,105.67585754394531,4117200
2022-09-28,121.6500015258789,123.2300033569336,119.80999755859375,122.76000213623047,106.561279296875,4996400
2022-09-29,121.8499984741211,122.62000274658203,120.56999969482422,121.62999725341797,105.58038330078125,3817700
2022-09-30,121.66000366210938,122.43000030517578,118.61000061035156,118.80999755859375,103.13249969482422,5346100
2022-10-03,120.16000366210938,122.20999908447266,119.5999984741211,121.51000213623047,105.47623443603516,4261700
2022-10-04,122.80000305175781,125.6500015258789,122.5199966430664,125.5,108.93971252441406,4566100
2022-10-05,124.70999908447266,126.45999908447266,124.2300033569336,125.73999786376953,109.14804077148438,3212900
2022-10-06,124.87999725341797,125.30000305175781,121.7699966430664,122.2300033569336,106.10122680664062,5074600
2022-10-07,121.5,121.80000305175781,118.06999969482422,118.81999969482422,103.14118194580078,4499700
2022-10-10,119.79000091552734,119.95999908447266,117.04000091552734,117.75,102.21236419677734,5990000
2022-10-11,117.45999908447266,119.2300033569336,116.94000244140625,117.80000305175781,102.25576782226562,4043100
2022-10-12,118.0,118.80999755859375,117.19999694824219,117.56999969482422,102.0561294555664,3338800
2022-10-13,116.0999984741211,122.1500015258789,115.55000305175781,121.79000091552734,105.71926879882812,5837500
2022-10-14,121.80000305175781,122.54000091552734,119.83999633789062,120.04000091552734,104.20018768310547,3762400
2022-10-17,121.80000305175781,122.87999725341797,121.43000030517578,121.5199966430664,105.48490142822266,5458600
2022-10-18,123.0,123.94000244140625,121.81999969482422,122.94000244140625,106.71752166748047,5120300
2022-10-19,122.36000061035156,123.94000244140625,121.98999786376953,122.51000213623047,106.34428405761719,5906600
2022-10-20,126.25,128.9600067138672,125.1500015258789,128.3000030517578,111.37025451660156,13623100
2022-10-21,128.38999938964844,130.85000610351562,127.58999633789062,129.89999389648438,112.75912475585938,7201300
2022-10-24,130.89999389648438,133.11000061035156,129.85000610351562,132.69000244140625,115.18097686767578,5610900
2022-10-25,132.0,133.3000030517578,131.3000030517578,132.92999267578125,115.3893051147461,5957600
2022-10-26,133.72000122070312,135.86000061035156,132.80999755859375,135.00999450683594,117.19483184814453,5139000
2022-10-27,135.5500030517578,136.39999389648438,134.4499969482422,134.77000427246094,116.98651123046875,3993200
2022-10-28,135.55999755859375,138.86000061035156,135.22000122070312,138.50999450683594,120.2330093383789,5965500
2022-10-31,138.05999755859375,138.77000427246094,136.60000610351562,138.2899932861328,120.0420150756836,4915300
2022-11-01,138.25,138.64999389648438,136.6999969482422,138.1999969482422,119.96388244628906,3590600
2022-11-02,137.75,140.1699981689453,136.8000030517578,136.8300018310547,118.77470397949219,5360500
2022-11-03,136.4199981689453,136.47999572753906,133.97000122070312,134.47000122070312,116.72608947753906,4442400
2022-11-04,135.64999389648438,137.72999572753906,134.94000244140625,136.9600067138672,118.88753509521484,4178000
2022-11-07,136.63999938964844,138.6999969482422,136.50999450683594,138.33999633789062,120.0854263305664,4043100
2022-11-08,139.0,140.92999267578125,138.72000122070312,140.0399932861328,121.56110382080078,5042800
2022-11-09,137.9499969482422,138.89999389648438,136.94000244140625,137.38999938964844,120.6827163696289,4720000
2022-11-10,140.25999450683594,141.3699951171875,138.2899932861328,141.22999572753906,124.05574035644531,5389000
2022-11-11,141.5,144.1300048828125,140.9600067138672,143.1699981689453,125.75981140136719,5871300
2022-11-14,142.6300048828125,146.0800018310547,142.17999267578125,144.1999969482422,126.6645736694336,5293500
2022-11-15,144.0800018310547,146.16000366210938,142.0,144.33999633789062,126.78754425048828,4727100
2022-11-16,144.1300048828125,144.9499969482422,144.00999450683594,144.52000427246094,126.9456787109375,3445200
2022-11-17,143.41000366210938,146.17999267578125,143.25,146.08999633789062,128.32476806640625,3954000
2022-11-18,146.55999755859375,148.30999755859375,145.94000244140625,147.63999938964844,129.68629455566406,4661700
2022-11-21,147.5500030517578,147.92999267578125,146.4499969482422,146.67999267578125,128.8429718017578,3476200
2022-11-22,147.60000610351562,149.35000610351562,147.02000427246094,149.10000610351562,130.96873474121094,7062100
2022-11-23,149.10000610351562,150.4600067138672,148.3000030517578,148.75,130.66127014160156,3658200
2022-11-25,148.27000427246094,149.49000549316406,148.10000610351562,148.3699951171875,130.32749938964844,2075200
2022-11-28,147.97999572753906,148.24000549316406,145.94000244140625,146.17999267578125,128.40379333496094,3538100
2022-11-29,145.91000366210938,147.1699981689453,145.6999969482422,146.49000549316406,128.67611694335938,2754700
2022-11-30,146.19000244140625,149.63999938964844,145.6699981689453,148.89999389648438,130.79302978515625,6377600
2022-12-01,149.97999572753906,150.00999450683594,147.33999633789062,149.16000366210938,131.02145385742188,4495900
2022-12-02,148.1300048828125,149.16000366210938,147.72999572753906,148.6699981689453,130.59100341796875,2900000
2022-12-05,147.94000244140625,148.92999267578125,146.8000030517578,147.41000366210938,129.4842071533203,2784600
2022-12-06,147.3000030517578,147.8000030517578,146.6999969482422,147.5,129.5633087158203,2847600
2022-12-07,147.3300018310547,148.10000610351562,146.2899932861328,147.27000427246094,129.3612518310547,3971300
2022-12-08,147.89999389648438,149.14999389648438,147.3699951171875,147.77999877929688,129.80923461914062,2665700
2022-12-09,147.39999389648438,148.33999633789062,146.97000122070312,147.0500030517578,129.16799926757812,3047600
2022-12-12,147.82000732421875,149.2100067138672,146.94000244140625,149.2100067138672,131.0653533935547,4032800
2022-12-13,150.3699951171875,153.2100067138672,149.9499969482422,150.57000732421875,132.25994873046875,8811500
2022-12-14,150.47000122070312,151.91000366210938,148.4499969482422,149.86000061035156,131.6362762451172,4205900
2022-12-15,148.52000427246094,148.97999572753906,141.5800018310547,142.36000061035156,125.04833221435547,6687000
2022-12-16,141.25,141.9199981689453,138.97000122070312,140.16000366210938,123.11589813232422,9834400
2022-12-19,140.16000366210938,140.44000244140625,137.1999969482422,138.8699951171875,121.98274230957031,5282900
2022-12-20,138.83999633789062,141.42999267578125,138.33999633789062,141.27999877929688,124.09966278076172,5156500
2022-12-21,141.83999633789062,143.08999633789062,140.97999572753906,142.13999938964844,124.8551025390625,3793700
2022-12-22,140.9499969482422,141.44000244140625,138.6199951171875,140.8800048828125,123.7483139038086,3337100
2022-12-23,140.58999633789062,141.86000061035156,139.60000610351562,141.64999389648438,124.4246597290039,2092500
2022-12-27,141.72999572753906,142.72000122070312,141.22999572753906,142.4199981689453,125.10102081298828,2742400
2022-12-28,142.39999389648438,142.80999755859375,139.9499969482422,140.02000427246094,122.99287414550781,2539500
2022-12-29,140.5800018310547,142.25999450683594,140.4499969482422,141.05999755859375,123.90640258789062,2337200
2022-12-30,140.5399932861328,140.89999389648438,139.4499969482422,140.88999938964844,123.7571029663086,2858000
2023-01-03,141.10000610351562,141.89999389648438,140.47999572753906,141.5500030517578,124.33682250976562,3338600
2023-01-04,142.07000732421875,143.6199951171875,141.3699951171875,142.60000610351562,125.25914764404297,3869200
2023-01-05,142.44000244140625,142.5,140.00999450683594,141.11000061035156,123.95032501220703,2866600
2023-01-06,142.3800048828125,144.25,141.5800018310547,143.6999969482422,126.22537994384766,3574000
2023-01-09,144.0800018310547,145.47000122070312,143.39999389648438,143.5500030517578,126.09363555908203,3987700
2023-01-10,143.61000061035156,144.85000610351562,142.89999389648438,144.8000030517578,127.19161987304688,2152100
2023-01-11,145.0,145.52999877929688,143.4499969482422,145.25999450683594,127.59564971923828,3268700
2023-01-12,144.8800048828125,146.66000366210938,144.52000427246094,145.5500030517578,127.85042572021484,2715900
2023-01-13,144.05999755859375,146.10000610351562,144.00999450683594,145.88999938964844,128.1490936279297,2455700
2023-01-17,146.4199981689453,147.17999267578125,145.00999450683594,145.19000244140625,127.53421783447266,2986500
2023-01-18,144.39999389648438,144.67999267578125,140.22999572753906,140.41000366210938,123.3354721069336,6445600
2023-01-19,140.0,142.22999572753906,139.75,140.6199951171875,123.5199203491211,4833900
2023-01-20,141.6699981689453,141.86000061035156,140.50999450683594,141.1999969482422,124.02941131591797,7153300
2023-01-23,141.39999389648438,142.99000549316406,141.05999755859375,141.86000061035156,124.609130859375,5898400
2023-01-24,141.25,142.75,140.0,141.49000549316406,124.28414154052734,4407600
2023-01-25,140.47000122070312,141.02999877929688,139.36000061035156,140.75999450683594,123.64289855957031,7347500
2023-01-26,137.52999877929688,138.27000427246094,132.97999572753906,134.4499969482422,118.1002197265625,17548500
2023-01-27,134.44000244140625,135.49000549316406,133.77000427246094,134.38999938964844,118.04751586914062,8143100
2023-01-30,134.32000732421875,136.11000061035156,133.97999572753906,135.3000030517578,118.84688568115234,5375700
2023-01-31,135.5,135.64999389648438,133.75999450683594,134.72999572753906,118.34619903564453,7206400
2023-02-01,134.49000549316406,135.7899932861328,132.8000030517578,135.08999633789062,118.66239929199219,5428900
2023-02-02,135.9600067138672,136.72000122070312,134.85000610351562,136.38999938964844,119.80430603027344,6107800
2023-02-03,136.35000610351562,136.9499969482422,135.52999877929688,136.94000244140625,120.28743743896484,3755700
2023-02-06,135.8300018310547,136.32000732421875,134.9499969482422,136.17999267578125,119.61988067626953,4841300
2023-02-07,135.6699981689453,136.39999389648438,134.4499969482422,135.83999633789062,119.3211898803711,3737600
2023-02-08,135.7100067138672,136.74000549316406,135.16000366210938,135.97999572753906,119.4441909790039,4593700
2023-02-09,134.99000549316406,135.72999572753906,133.33999633789062,133.75,118.9284439086914,3918800
2023-02-10,133.77999877929688,135.77000427246094,133.5,135.60000610351562,120.57345581054688,5049600
2023-02-13,136.0,137.38999938964844,135.85000610351562,137.35000610351562,122.12952423095703,4403000
2023-02-14,137.0500030517578,137.24000549316406,135.0500030517578,136.00999450683594,120.93800354003906,3202200
2023-02-15,135.1999969482422,136.4499969482422,135.07000732421875,136.39999389648438,121.28479766845703,2506700
2023-02-16,135.57000732421875,135.97000122070312,134.58999633789062,135.0,120.03994750976562,2965500
2023-02-17,134.5,135.5800018310547,133.88999938964844,135.02000427246094,120.05772399902344,3466200
2023-02-21,134.0,134.38999938964844,131.66000366210938,131.7100067138672,117.11451721191406,4257200
2023-02-22,131.89999389648438,131.99000549316406,130.2899932861328,130.97000122070312,116.45651245117188,3200200
2023-02-23,131.5,131.6999969482422,128.86000061035156,130.7899932861328,116.29644775390625,3725600
2023-02-24,129.6199951171875,130.6699981689453,129.22000122070312,130.57000732421875,116.10084533691406,3015800
2023-02-27,131.4199981689453,131.8699951171875,130.1300048828125,130.49000549316406,116.02970123291016,2761300
2023-02-28,130.5500030517578,130.61000061035156,129.13999938964844,129.3000030517578,114.97157287597656,5143100
2023-03-01,128.89999389648438,129.47000122070312,127.73999786376953,128.19000244140625,113.98458862304688,3760700
2023-03-02,128.38999938964844,129.22000122070312,127.70999908447266,128.92999267578125,114.64257049560547,3340100
2023-03-03,129.35000610351562,129.91000366210938,128.77000427246094,129.63999938964844,115.27388763427734,2860300
2023-03-06,129.63999938964844,130.86000061035156,129.58999633789062,130.19000244140625,115.762939453125,3131200
2023-03-07,130.27999877929688,130.4199981689453,128.19000244140625,128.25,114.03792572021484,3530400
2023-03-08,128.47999572753906,128.74000549316406,127.55000305175781,128.0500030517578,113.86009979248047,2778800
2023-03-09,128.3000030517578,128.52999877929688,125.9800033569336,126.16000366210938,112.1795425415039,5478300
2023-03-10,126.12000274658203,127.29000091552734,125.12999725341797,125.44999694824219,111.54820251464844,5990900
2023-03-13,125.1500015258789,128.19000244140625,124.8499984741211,125.58000183105469,111.66382598876953,8188400
2023-03-14,126.48999786376953,126.63999938964844,123.19999694824219,124.6500015258789,110.83687591552734,8114800
2023-03-15,122.98999786376953,123.3499984741211,121.70999908447266,123.27999877929688,109.61868286132812,5989300
2023-03-16,122.95999908447266,124.81999969482422,121.91999816894531,124.69999694824219,110.88133239746094,6438700
2023-03-17,124.08000183105469,124.5199966430664,122.93000030517578,123.69000244140625,109.9832534790039,37400200
2023-03-20,124.30999755859375,126.16000366210938,124.19000244140625,125.94000244140625,111.9839096069336,4588300
2023-03-21,126.9000015258789,127.1500015258789,125.66000366210938,126.56999969482422,112.54410552978516,3856300
2023-03-22,127.0,127.22000122070312,124.01000213623047,124.05000305175781,110.3033676147461,3549000
2023-03-23,123.80999755859375,124.93000030517578,122.5999984741211,123.37000274658203,109.69871520996094,4651900
2023-03-24,123.36000061035156,125.4000015258789,122.87999725341797,125.29000091552734,111.40596008300781,3812300
2023-03-27,126.47000122070312,130.25999450683594,126.47000122070312,129.30999755859375,114.98046875,6524100
2023-03-28,129.17999267578125,129.66000366210938,128.8000030517578,129.33999633789062,115.00714874267578,2888900
2023-03-29,130.1199951171875,130.35000610351562,129.17999267578125,129.7100067138672,115.33615112304688,3279600
2023-03-30,130.16000366210938,131.47999572753906,129.10000610351562,129.22000122070312,114.90043640136719,3561800
2023-03-31,129.47000122070312,131.22999572753906,129.4199981689453,131.08999633789062,116.56320190429688,4524700
2023-04-03,130.97000122070312,132.61000061035156,130.77000427246094,132.05999755859375,117.42572021484375,3840100
2023-04-04,131.99000549316406,132.14999389648438,130.88999938964844,131.60000610351562,117.01671600341797,3382800
2023-04-05,131.3699951171875,132.61000061035156,131.3699951171875,132.13999938964844,117.49685668945312,2898700
2023-04-06,132.16000366210938,132.60000610351562,130.32000732421875,130.5,116.0385971069336,3050600
2023-04-10,129.8300018310547,131.0800018310547,129.24000549316406,131.02999877929688,116.5098648071289,2614400
2023-04-11,130.5800018310547,131.10000610351562,130.17999267578125,130.4199981689453,115.96744537353516,3132400
2023-04-12,130.39999389648438,130.88999938964844,128.1699981689453,128.5399932861328,114.29579162597656,3957500
2023-04-13,128.00999450683594,128.38999938964844,126.0,127.9000015258789,113.72671508789062,5621500
2023-04-14,128.4600067138672,129.83999633789062,127.30999755859375,128.13999938964844,113.94011688232422,4180600
2023-04-17,128.3000030517578,128.72000122070312,126.80000305175781,127.81999969482422,113.65557861328125,3662700
2023-04-18,128.13999938964844,128.67999267578125,127.3499984741211,127.77999877929688,113.6200180053711,3193800
2023-04-19,126.5,126.9800033569336,125.30000305175781,126.31999969482422,112.3218002319336,7014400
2023-04-20,130.14999389648438,130.97999572753906,125.83999633789062,126.36000061035156,112.35737609863281,9749600
2023-04-21,126.0,126.69999694824219,125.2699966430664,125.7300033569336,111.79719543457031,6725400
2023-04-24,125.55000305175781,126.05000305175781,124.55999755859375,125.4000015258789,111.5037612915039,4043900
2023-04-25,124.9000015258789,126.19000244140625,124.76000213623047,125.88999938964844,111.93946838378906,4275400
2023-04-26,125.80999755859375,126.55000305175781,125.12000274658203,125.8499984741211,111.90389251708984,4070200
2023-04-27,126.37000274658203,127.0199966430664,125.45999908447266,126.97000122070312,112.8997802734375,3204900
2023-04-28,126.58000183105469,127.25,125.63999938964844,126.41000366210938,112.4018325805664,5061200
2023-05-01,126.3499984741211,126.75,126.05999755859375,126.08999633789062,112.1172866821289,2725000
2023-05-02,126.30000305175781,126.44999694824219,123.2699966430664,125.16000366210938,111.29035186767578,4445300
2023-05-03,125.45999908447266,125.56999969482422,123.26000213623047,123.44999694824219,109.76985168457031,4554200
2023-05-04,123.02999877929688,123.5199966430664,121.76000213623047,122.56999969482422,108.98736572265625,4468200
2023-05-05,123.11000061035156,124.0999984741211,122.80999755859375,123.6500015258789,109.94768524169922,4971900
2023-05-08,123.76000213623047,123.91999816894531,122.55000305175781,123.4000015258789,109.72539520263672,3663800
2023-05-09,121.9000015258789,121.97000122070312,120.66000366210938,121.16999816894531,109.2116470336914,4540000
2023-05-10,121.98999786376953,122.48999786376953,121.0999984741211,122.0199966430664,109.97774505615234,4189200
2023-05-11,122.0199966430664,122.23999786376953,120.55000305175781,120.9000015258789,108.96829223632812,3446500
2023-05-12,121.41000366210938,122.86000061035156,121.11000061035156,122.83999633789062,110.71682739257812,4564800
2023-05-15,123.0,123.69000244140625,122.33999633789062,123.36000061035156,111.18550109863281,2915700
2023-05-16,123.3499984741211,123.86000061035156,122.44999694824219,123.45999908447266,111.27562713623047,2748400
2023-05-17,123.94000244140625,125.8499984741211,123.47000122070312,125.70999908447266,113.30358123779297,4515100
2023-05-18,125.30000305175781,126.51000213623047,125.19000244140625,126.1500015258789,113.70015716552734,3797900
2023-05-19,126.79000091552734,128.2899932861328,126.55000305175781,127.26000213623047,114.70060729980469,4306700
2023-05-22,127.5,128.19000244140625,127.1500015258789,127.5,114.91690826416016,2806800
2023-05-23,127.23999786376953,129.08999633789062,127.12999725341797,128.17999267578125,115.52981567382812,4592300
2023-05-24,127.81999969482422,127.9000015258789,125.47000122070312,125.68000030517578,113.27653503417969,3915500
2023-05-25,125.61000061035156,127.2300033569336,125.01000213623047,126.76000213623047,114.24996185302734,4102900
2023-05-26,127.05999755859375,129.66000366210938,126.80999755859375,128.88999938964844,116.16975402832031,5612600
2023-05-30,129.55999755859375,130.07000732421875,128.25999450683594,129.47999572753906,116.70150756835938,3741100
2023-05-31,128.50999450683594,129.44000244140625,127.45999908447266,128.58999633789062,115.89934539794922,11590200
2023-06-01,128.44000244140625,130.14999389648438,127.77999877929688,129.82000732421875,117.00797271728516,4136100
2023-06-02,130.3800048828125,133.1199951171875,130.14999389648438,132.4199981689453,119.35137939453125,5375800
2023-06-05,133.1199951171875,133.5800018310547,132.27000427246094,132.63999938964844,119.54965209960938,3993500
2023-06-06,132.42999267578125,132.94000244140625,131.8800048828125,132.69000244140625,119.59471893310547,3298000
2023-06-07,132.5,134.44000244140625,132.19000244140625,134.3800048828125,121.1179428100586,5772000
2023-06-08,134.69000244140625,135.97999572753906,134.00999450683594,134.41000366210938,121.14496612548828,4128500
2023-06-09,134.36000061035156,136.10000610351562,134.1699981689453,135.3000030517578,121.94715118408203,3981500
2023-06-12,136.0,136.6199951171875,135.82000732421875,136.4199981689453,122.95659637451172,4494500
2023-06-13,136.50999450683594,138.1699981689453,136.0,137.60000610351562,124.0201416015625,3927300
2023-06-14,137.8000030517578,138.92999267578125,136.94000244140625,137.1999969482422,123.65960693359375,4514900
2023-06-15,137.27000427246094,138.8000030517578,137.17999267578125,138.39999389648438,124.74120330810547,3812600
2023-06-16,139.22999572753906,139.47000122070312,137.47000122070312,137.47999572753906,123.91197204589844,7473700
2023-06-20,136.36000061035156,137.22999572753906,135.88999938964844,135.9600067138672,122.5419921875,4271300
2023-06-21,135.11000061035156,135.38999938964844,133.2899932861328,133.69000244140625,120.49603271484375,5501300
2023-06-22,131.67999267578125,132.9600067138672,130.67999267578125,131.1699981689453,118.2247314453125,6012800
2023-06-23,130.39999389648438,130.6199951171875,129.17999267578125,129.42999267578125,116.65644073486328,11324700
2023-06-26,129.38999938964844,131.41000366210938,129.30999755859375,131.33999633789062,118.37794494628906,4845600
2023-06-27,131.3000030517578,132.9499969482422,130.8300018310547,132.33999633789062,119.27924346923828,3219900
2023-06-28,132.05999755859375,132.1699981689453,130.91000366210938,131.75999450683594,118.75650024414062,2753800
2023-06-29,131.75,134.35000610351562,131.69000244140625,134.05999755859375,120.82950592041016,3639800
2023-06-30,134.69000244140625,135.02999877929688,133.42999267578125,133.80999755859375,120.60417175292969,4236700
2023-07-03,133.4199981689453,134.35000610351562,132.8699951171875,133.6699981689453,120.47801208496094,1477100
2023-07-05,133.32000732421875,134.30999755859375,132.58999633789062,134.24000549316406,120.99174499511719,2955100
2023-07-06,133.24000549316406,133.89999389648438,131.5500030517578,132.16000366210938,119.11701202392578,3507700
2023-07-07,131.77999877929688,133.85000610351562,131.75,132.0800018310547,119.044921875,2982700
2023-07-10,131.75999450683594,133.0500030517578,131.6999969482422,132.89999389648438,119.78396606445312,2369200
2023-07-11,133.66000366210938,134.55999755859375,133.22999572753906,134.44000244140625,121.17200469970703,2924000
2023-07-12,135.07000732421875,135.3300018310547,132.57000732421875,132.83999633789062,119.72990417480469,3732200
2023-07-13,133.50999450683594,135.07000732421875,133.36000061035156,133.9199981689453,120.70333862304688,3221400
2023-07-14,133.91000366210938,133.9199981689453,132.94000244140625,133.39999389648438,120.23462677001953,2861500
2023-07-17,133.25999450683594,134.61000061035156,133.10000610351562,134.24000549316406,120.99174499511719,3167400
2023-07-18,134.7100067138672,135.9499969482422,134.2899932861328,135.36000061035156,122.00122833251953,3852100
2023-07-19,135.52999877929688,136.4499969482422,135.19000244140625,135.47999572753906,122.10936737060547,5520000
2023-07-20,137.19000244140625,140.32000732421875,136.55999755859375,138.3800048828125,124.72317504882812,10896300
2023-07-21,138.2100067138672,139.77999877929688,137.75999450683594,138.94000244140625,125.2279052734375,5858600
2023-07-24,139.35000610351562,140.1199951171875,138.77999877929688,139.5399932861328,125.7686767578125,3475200
2023-07-25,139.4199981689453,140.42999267578125,139.0399932861328,140.3300018310547,126.480712890625,3770800
2023-07-26,140.44000244140625,141.25,139.8800048828125,141.07000732421875,127.1477279663086,4046400
2023-07-27,142.3000030517578,143.3800048828125,141.89999389648438,142.97000122070312,128.86019897460938,6331600
2023-07-28,143.44000244140625,143.9499969482422,142.85000610351562,143.4499969482422,129.2928009033203,6686400
2023-07-31,143.80999755859375,144.60000610351562,143.52999877929688,144.17999267578125,129.95074462890625,6138100
2023-08-01,144.25,144.47999572753906,142.1699981689453,143.3300018310547,129.1846466064453,4797700
2023-08-02,142.77999877929688,144.3000030517578,142.30999755859375,144.1699981689453,129.94175720214844,4957400
2023-08-03,143.77999877929688,145.22000122070312,143.30999755859375,144.4499969482422,130.19410705566406,3951900
2023-08-04,145.08999633789062,146.08999633789062,143.99000549316406,144.24000549316406,130.0048370361328,4223100
2023-08-07,145.0,146.5,144.92999267578125,146.17999267578125,131.7533416748047,3438700
2023-08-08,145.6999969482422,146.14999389648438,144.11000061035156,145.91000366210938,131.51002502441406,4654600
2023-08-09,144.94000244140625,144.94000244140625,142.3000030517578,142.49000549316406,129.90548706054688,4072900
2023-08-10,143.0399932861328,144.5800018310547,142.69000244140625,143.25,130.59835815429688,4735800
2023-08-11,143.1199951171875,143.4499969482422,142.2100067138672,143.1199951171875,130.4798126220703,2526400
2023-08-14,143.0500030517578,143.3699951171875,141.8000030517578,141.91000366210938,129.376708984375,4226400
2023-08-15,141.5,142.30999755859375,141.1999969482422,141.8699951171875,129.34022521972656,3656600
2023-08-16,141.6999969482422,142.08999633789062,140.55999755859375,140.63999938964844,128.21885681152344,3285300
2023-08-17,141.00999450683594,142.66000366210938,140.60000610351562,140.66000366210938,128.23709106445312,3742100
2023-08-18,140.0,141.8300018310547,139.75999450683594,141.41000366210938,128.92083740234375,3915500
2023-08-21,141.4199981689453,142.38999938964844,141.11000061035156,142.27999877929688,129.7140350341797,2937800
2023-08-22,142.66000366210938,143.22999572753906,141.3000030517578,141.49000549316406,128.99378967285156,3557500
2023-08-23,141.72000122070312,143.47999572753906,141.5800018310547,143.41000366210938,130.7442169189453,2559100
2023-08-24,143.50999450683594,144.47000122070312,143.22000122070312,143.5500030517578,130.87185668945312,2900200
2023-08-25,144.17999267578125,145.47000122070312,143.5,145.35000610351562,132.51292419433594,3660100
2023-08-28,145.41000366210938,146.74000549316406,145.2100067138672,146.02000427246094,133.1237030029297,3561100
2023-08-29,146.3000030517578,146.72999572753906,145.6199951171875,146.4499969482422,133.51571655273438,2778100
2023-08-30,146.4199981689453,146.9199981689453,145.75,146.86000061035156,133.88951110839844,2245400
2023-08-31,146.94000244140625,147.72999572753906,146.5399932861328,146.8300018310547,133.86216735839844,3885900
2023-09-01,147.25999450683594,148.10000610351562,146.9199981689453,147.94000244140625,134.8741455078125,2727800
2023-09-05,147.91000366210938,149.0,147.57000732421875,148.1300048828125,135.04733276367188,3731300
2023-09-06,147.66000366210938,148.3300018310547,147.1199951171875,148.05999755859375,134.98355102539062,2932200
2023-09-07,148.1300048828125,148.77999877929688,147.39999389648438,147.52000427246094,134.49124145507812,3332900
2023-09-08,147.35000610351562,148.58999633789062,147.25999450683594,147.67999267578125,134.63710021972656,3722800
2023-09-11,148.57000732421875,148.77999877929688,147.5800018310547,148.3800048828125,135.27528381347656,3273600
2023-09-12,147.9199981689453,148.0,145.8000030517578,146.3000030517578,133.37901306152344,4457700
2023-09-13,145.9499969482422,146.97999572753906,145.9199981689453,146.5500030517578,133.60687255859375,2627800
2023-09-14,147.3800048828125,147.72999572753906,146.47999572753906,147.35000610351562,134.33621215820312,2723100
2023-09-15,147.11000061035156,147.85000610351562,145.52999877929688,145.99000549316406,133.09637451171875,6234000
2023-09-18,145.77000427246094,146.47999572753906,145.05999755859375,145.08999633789062,132.27584838867188,2508100
2023-09-19,145.0,146.72000122070312,144.66000366210938,146.52000427246094,133.57955932617188,3945400
2023-09-20,148.36000061035156,151.92999267578125,148.1300048828125,149.8300018310547,136.59719848632812,9632400
2023-09-21,149.0,149.25,147.30999755859375,147.3800048828125,134.36358642578125,4944600
2023-09-22,147.41000366210938,148.10000610351562,146.82000732421875,146.91000366210938,133.9351043701172,2562000
2023-09-25,146.57000732421875,147.42999267578125,146.25,146.47999572753906,133.54306030273438,2694200
2023-09-26,145.50999450683594,146.1699981689453,143.02000427246094,143.24000549316406,130.58924865722656,4824700
2023-09-27,143.6699981689453,143.82000732421875,141.75999450683594,143.1699981689453,130.525390625,4439800
2023-09-28,142.13999938964844,142.27999877929688,140.2100067138672,141.5800018310547,129.07583618164062,5783200
2023-09-29,142.0,142.1300048828125,139.61000061035156,140.3000030517578,127.90888214111328,5704000
2023-10-02,140.0399932861328,141.4499969482422,139.86000061035156,140.8000030517578,128.36471557617188,3275300
2023-10-03,140.8699951171875,141.63999938964844,140.0,140.38999938964844,127.9909439086914,3284400
2023-10-04,140.3699951171875,141.1999969482422,139.99000549316406,141.07000732421875,128.6108856201172,2637600
2023-10-05,140.89999389648438,141.6999969482422,140.19000244140625,141.52000427246094,129.02113342285156,3223900
2023-10-06,141.39999389648438,142.94000244140625,140.11000061035156,142.02999877929688,129.486083984375,3511100
2023-10-09,142.3000030517578,142.39999389648438,140.67999267578125,142.1999969482422,129.64108276367188,2354400
2023-10-10,142.60000610351562,143.4199981689453,141.72000122070312,142.11000061035156,129.55902099609375,3015800
2023-10-11,142.50999450683594,143.33999633789062,142.13999938964844,143.22999572753906,130.58010864257812,2511500
2023-10-12,142.50999450683594,142.92999267578125,140.9499969482422,141.24000549316406,128.76588439941406,3921100
2023-10-13,139.77000427246094,140.1199951171875,138.27000427246094,138.4600067138672,126.23140716552734,4582800
2023-10-16,139.27999877929688,139.77999877929688,138.52000427246094,139.2100067138672,126.9151611328125,3361500
2023-10-17,137.1199951171875,140.6199951171875,136.30999755859375,140.32000732421875,127.92711639404297,4172800
2023-10-18,140.0,140.42999267578125,139.5800018310547,139.97000122070312,127.60802459716797,3330000
2023-10-19,138.63999938964844,139.41000366210938,137.92999267578125,138.00999450683594,125.8211441040039,5314200
2023-10-20,138.14999389648438,139.27000427246094,137.1199951171875,137.16000366210938,125.04620361328125,4865600
2023-10-23,136.6300048828125,137.67999267578125,135.8699951171875,136.3800048828125,124.3351058959961,3457500
2023-10-24,136.74000549316406,137.97999572753906,136.0500030517578,137.7899932861328,125.62055969238281,3698000
2023-10-25,137.5,138.49000549316406,136.3300018310547,137.0800018310547,124.97328186035156,6472500
2023-10-26,142.1999969482422,144.41000366210938,141.5800018310547,143.75999450683594,131.0632781982422,11130200
2023-10-27,143.6199951171875,144.6999969482422,141.7100067138672,142.52000427246094,129.93280029296875,5469200
2023-10-30,143.19000244140625,144.5,142.5800018310547,142.6300048828125,130.0330810546875,4204100
2023-10-31,143.0,144.75999450683594,142.58999633789062,144.63999938964844,131.8655548095703,6591800
2023-11-01,145.0,146.50999450683594,144.4499969482422,145.39999389648438,132.55845642089844,4750100
2023-11-02,145.77000427246094,147.10000610351562,144.83999633789062,147.00999450683594,134.0262451171875,3902700
2023-11-03,147.4499969482422,148.4499969482422,147.27999877929688,147.89999389648438,134.83767700195312,3510500
2023-11-06,147.88999938964844,149.22999572753906,147.85000610351562,148.97000122070312,135.81317138671875,4597200
2023-11-07,149.02999877929688,149.27999877929688,148.02999877929688,148.8300018310547,135.68551635742188,3549900
2023-11-08,149.25,149.67999267578125,147.58999633789062,148.02999877929688,134.95619201660156,3618600
2023-11-09,146.5500030517578,146.99000549316406,145.27999877929688,146.6199951171875,135.18670654296875,3412700
2023-11-10,147.44000244140625,149.1699981689453,146.85000610351562,149.02000427246094,137.39955139160156,3179000
2023-11-13,148.4600067138672,148.49000549316406,147.35000610351562,148.10000610351562,136.55130004882812,2647200
2023-11-14,149.4499969482422,150.80999755859375,149.0500030517578,150.41000366210938,138.68113708496094,4321900
2023-11-15,150.39999389648438,153.22000122070312,150.39999389648438,152.5800018310547,140.6819305419922,4632500
2023-11-16,153.0,153.35000610351562,152.1300048828125,153.05999755859375,141.12449645996094,3519200
2023-11-17,153.2899932861328,153.5,152.4600067138672,152.88999938964844,140.96774291992188,4426500
2023-11-20,152.50999450683594,154.67999267578125,152.35000610351562,154.35000610351562,142.3139190673828,3658500
2023-11-21,154.60000610351562,154.66000366210938,153.50999450683594,153.91000366210938,141.90823364257812,2859500
2023-11-22,154.5,155.7100067138672,154.16000366210938,155.1300048828125,143.03309631347656,3044700
2023-11-24,155.1300048828125,155.39999389648438,153.9199981689453,155.17999267578125,143.07919311523438,1799200
2023-11-27,154.99000549316406,156.13999938964844,154.75,155.57000732421875,143.4387969970703,4053100
2023-11-28,155.44000244140625,155.75,154.86000061035156,155.64999389648438,143.5125274658203,2666200
2023-11-29,156.14999389648438,157.50999450683594,156.02000427246094,156.41000366210938,144.21328735351562,3568900
2023-11-30,156.9499969482422,158.60000610351562,156.88999938964844,158.55999755859375,146.1956329345703,6740600
2023-12-01,158.41000366210938,160.58999633789062,158.0,160.5500030517578,148.0304412841797,4871900
2023-12-04,160.2899932861328,162.7899932861328,160.2899932861328,161.10000610351562,148.53753662109375,5779000
2023-12-05,160.75999450683594,162.47000122070312,160.72000122070312,161.38999938964844,148.80494689941406,4556700
2023-12-06,161.58999633789062,162.35000610351562,160.00999450683594,160.27999877929688,147.78150939941406,3555900
2023-12-07,161.0,161.47000122070312,159.97000122070312,160.22000122070312,147.72616577148438,3665500
2023-12-08,160.0,162.0399932861328,160.0,161.9600067138672,149.33047485351562,4561300
2023-12-11,162.67999267578125,163.64999389648438,161.9499969482422,163.50999450683594,150.75961303710938,6077200
2023-12-12,163.27000427246094,166.33999633789062,162.9199981689453,164.7100067138672,151.8660430908203,5292300
2023-12-13,164.3699951171875,164.97000122070312,162.74000549316406,163.6199951171875,150.86106872558594,4989100
2023-12-14,162.92999267578125,163.5,160.14999389648438,162.91000366210938,150.20639038085938,6129800
2023-12-15,162.3000030517578,164.08999633789062,162.0399932861328,162.22999572753906,149.57943725585938,11016100
2023-12-18,162.22999572753906,163.3300018310547,161.5800018310547,162.74000549316406,150.0496826171875,3677300
2023-12-19,161.8000030517578,162.27999877929688,161.32000732421875,161.55999755859375,148.96163940429688,3766600
2023-12-20,161.2899932861328,161.8000030517578,160.00999450683594,160.0500030517578,147.56942749023438,4865800
2023-12-21,160.58999633789062,161.0800018310547,159.52999877929688,160.77999877929688,148.2424774169922,2982900
2023-12-22,161.10000610351562,162.41000366210938,161.0,162.13999938964844,149.49644470214844,2442700
2023-12-26,162.22999572753906,163.30999755859375,162.0500030517578,163.2100067138672,150.48301696777344,1772400
2023-12-27,163.13999938964844,163.63999938964844,162.67999267578125,163.4600067138672,150.71351623535156,3234600
2023-12-28,163.9600067138672,163.9600067138672,163.39999389648438,163.75,150.9808807373047,2071300
2023-12-29,163.75,164.17999267578125,162.8300018310547,163.5500030517578,150.7965087890625,2526200
2024-01-02,162.8300018310547,163.2899932861328,160.4600067138672,161.5,148.90638732910156,3825000
2024-01-03,161.0,161.72999572753906,160.0800018310547,160.10000610351562,147.6155548095703,4086100
2024-01-04,160.22000122070312,161.80999755859375,160.1699981689453,160.86000061035156,148.31622314453125,3212000
2024-01-05,159.91000366210938,160.5500030517578,158.6699981689453,159.16000366210938,146.7488250732422,4199400
2024-01-08,158.69000244140625,161.22000122070312,157.88999938964844,161.13999938964844,148.57444763183594,3321700
2024-01-09,160.0,160.47999572753906,159.50999450683594,160.0800018310547,147.5970916748047,2617200
2024-01-10,160.27999877929688,161.33999633789062,159.74000549316406,161.22999572753906,148.6574249267578,2967800
2024-01-11,161.02000427246094,162.22999572753906,160.2899932861328,162.16000366210938,149.51487731933594,3778200
2024-01-12,162.97000122070312,165.97999572753906,162.35000610351562,165.8000030517578,152.87106323242188,4958300
2024-01-16,165.8000030517578,167.25,165.33999633789062,166.9600067138672,153.9405975341797,4869600
2024-01-17,166.7899932861328,167.82000732421875,165.5,166.0800018310547,153.1291961669922,4288600
2024-01-18,166.49000549316406,166.99000549316406,165.0399932861328,166.83999633789062,153.82992553710938,3776900
2024-01-19,170.58999633789062,171.5800018310547,169.17999267578125,171.47999572753906,158.10812377929688,6929100
2024-01-22,172.82000732421875,174.4499969482422,172.39999389648438,172.8300018310547,159.3528594970703,4926000
2024-01-23,172.89999389648438,174.02000427246094,172.47999572753906,173.94000244140625,160.3762969970703,3983500
2024-01-24,174.75999450683594,174.86000061035156,172.89999389648438,173.92999267578125,160.36708068847656,9097800
2024-01-25,184.9600067138672,196.89999389648438,184.8300018310547,190.42999267578125,175.58042907714844,29596200
2024-01-26,191.30999755859375,192.38999938964844,186.16000366210938,187.4199981689453,172.80514526367188,9895900
2024-01-29,187.4600067138672,189.4600067138672,186.0500030517578,187.13999938964844,172.5469970703125,6107900
2024-01-30,187.7100067138672,188.64999389648438,186.77000427246094,187.8699951171875,173.2200469970703,4575100
2024-01-31,187.0500030517578,187.64999389648438,183.13999938964844,183.66000366210938,169.3383331298828,8876100
2024-02-01,183.6300048828125,187.50999450683594,182.7100067138672,186.89999389648438,172.32568359375,4669400
2024-02-02,187.10000610351562,187.38999938964844,185.6199951171875,185.7899932861328,171.30224609375,4055400
2024-02-05,185.50999450683594,185.77999877929688,183.25999450683594,183.4199981689453,169.11703491210938,4379600
2024-02-06,183.5500030517578,184.67999267578125,183.0399932861328,183.41000366210938,169.10784912109375,3337600
2024-02-07,183.33999633789062,184.02000427246094,182.6300048828125,183.74000549316406,169.41209411621094,4841200
2024-02-08,182.6300048828125,184.5500030517578,181.49000549316406,184.36000061035156,171.53347778320312,5161200
2024-02-09,184.44000244140625,187.17999267578125,183.85000610351562,186.33999633789062,173.37571716308594,5064600
2024-02-12,185.89999389648438,186.47999572753906,184.02999877929688,186.16000366210938,173.20823669433594,4724000
2024-02-13,184.27999877929688,184.77000427246094,182.36000061035156,183.6999969482422,170.91941833496094,4290500
2024-02-14,185.0,185.0,182.25999450683594,183.57000732421875,170.79843139648438,3173400
2024-02-15,183.6199951171875,186.97999572753906,183.6199951171875,186.8699951171875,173.8688201904297,4714300
2024-02-16,186.6300048828125,188.9499969482422,185.9499969482422,187.63999938964844,174.5852813720703,4842800
2024-02-20,187.63999938964844,188.77000427246094,183.05999755859375,183.44000244140625,170.67747497558594,4247200
2024-02-21,182.55999755859375,183.02999877929688,178.75,179.6999969482422,167.19769287109375,4723700
2024-02-22,182.4499969482422,184.5500030517578,181.92999267578125,184.2100067138672,171.39389038085938,5078400
2024-02-23,184.89999389648438,186.4600067138672,184.57000732421875,185.72000122070312,172.798828125,3433800
2024-02-26,185.60000610351562,186.1300048828125,184.05999755859375,184.1300048828125,171.31948852539062,4620800
2024-02-27,184.16000366210938,185.1300048828125,182.6199951171875,184.8699951171875,172.00799560546875,3641400
2024-02-28,184.6300048828125,185.3699951171875,183.5500030517578,185.3000030517578,172.40809631347656,3216300
2024-02-29,186.14999389648438,186.85000610351562,184.69000244140625,185.02999877929688,172.15687561035156,6458500
2024-03-01,185.49000549316406,188.3800048828125,185.17999267578125,188.1999969482422,175.10630798339844,4018400
2024-03-04,187.75999450683594,193.89999389648438,187.60000610351562,193.05999755859375,179.62818908691406,7938300
2024-03-05,192.0,193.94000244140625,190.57000732421875,191.9499969482422,178.5954132080078,5653600
2024-03-06,193.5,198.1300048828125,192.9600067138672,196.16000366210938,182.5124969482422,6945800
2024-03-07,197.5800018310547,198.72999572753906,196.13999938964844,196.5399932861328,182.86607360839844,4604500
2024-03-08,196.05999755859375,197.77000427246094,194.3800048828125,195.9499969482422,182.31712341308594,3943100
2024-03-11,195.08999633789062,195.3800048828125,190.8800048828125,191.72999572753906,178.39071655273438,4725100
2024-03-12,192.4600067138672,199.17999267578125,192.14999389648438,197.77999877929688,184.019775390625,5880100
2024-03-13,197.5500030517578,198.10000610351562,195.32000732421875,196.6999969482422,183.0149688720703,3993300
2024-03-14,196.9499969482422,197.75,192.1199951171875,193.42999267578125,179.97242736816406,4109600
2024-03-15,191.99000549316406,193.05999755859375,190.6999969482422,191.07000732421875,177.77667236328125,8828200
2024-03-18,191.6999969482422,193.22999572753906,190.32000732421875,191.69000244140625,178.35350036621094,5410600
2024-03-19,191.49000549316406,193.5800018310547,190.27999877929688,193.33999633789062,179.88870239257812,5317300
2024-03-20,192.8699951171875,193.97999572753906,191.30999755859375,193.9600067138672,180.46556091308594,3238600
2024-03-21,193.0,193.3699951171875,190.00999450683594,191.89999389648438,178.5488739013672,6013600
2024-03-22,192.0,192.99000549316406,190.50999450683594,190.83999633789062,177.56263732910156,3988400
2024-03-25,190.25999450683594,190.82000732421875,188.75,188.7899932861328,175.6552734375,3718300
2024-03-26,189.02000427246094,190.0,188.5,188.5,175.38543701171875,4229500
2024-03-27,189.60000610351562,190.9600067138672,188.60000610351562,190.8000030517578,177.5254364013672,3693300
2024-03-28,190.94000244140625,191.92999267578125,190.33999633789062,190.9600067138672,177.67431640625,3742200
2024-04-01,190.0,190.4600067138672,188.52000427246094,189.8300018310547,176.6229248046875,2364300
2024-04-02,189.13999938964844,189.8000030517578,187.60000610351562,188.8800048828125,175.73902893066406,2693500
2024-04-03,188.60000610351562,191.35000610351562,188.49000549316406,190.89999389648438,177.6184539794922,2826200
2024-04-04,192.0,193.27999877929688,187.33999633789062,187.94000244140625,174.86439514160156,2983900
2024-04-05,188.58999633789062,190.32000732421875,188.02000427246094,189.13999938964844,175.98089599609375,2014300
2024-04-08,189.24000549316406,190.24000549316406,188.91000366210938,189.82000732421875,176.6136016845703,2678300
2024-04-09,190.5399932861328,191.25,186.66000366210938,189.30999755859375,176.13909912109375,2794200
2024-04-10,187.4199981689453,187.9199981689453,185.52000427246094,186.0399932861328,173.09658813476562,3081700
2024-04-11,186.0399932861328,186.8000030517578,184.5800018310547,185.89999389648438,172.96632385253906,2861700
2024-04-12,184.0,185.1699981689453,181.69000244140625,182.27000427246094,169.5888671875,3547400
2024-04-15,185.57000732421875,187.47999572753906,180.8800048828125,181.25,168.6398468017578,3528100
2024-04-16,185.58999633789062,185.7100067138672,182.86000061035156,183.75,170.96592712402344,4473700
2024-04-17,184.16000366210938,184.6699981689453,181.77999877929688,183.10000610351562,170.36114501953125,3003000
2024-04-18,182.35000610351562,183.4600067138672,180.1699981689453,181.47000122070312,168.84454345703125,2886700
2024-04-19,182.42999267578125,182.8000030517578,180.57000732421875,181.5800018310547,168.94688415527344,3038000
2024-04-22,182.4499969482422,183.32000732421875,180.4499969482422,181.89999389648438,169.24459838867188,3076500
2024-04-23,182.72999572753906,184.67999267578125,179.0,182.19000244140625,169.5144500732422,5950200
2024-04-24,183.1699981689453,184.2899932861328,181.39999389648438,184.10000610351562,171.29159545898438,7616600
2024-04-25,168.1999969482422,172.4499969482422,165.66000366210938,168.91000366210938,157.1584014892578,16702200
2024-04-26,167.5,167.8699951171875,165.72999572753906,167.1300048828125,155.50221252441406,8983800
2024-04-29,167.39999389648438,168.22000122070312,166.22999572753906,167.42999267578125,155.78135681152344,5242200
2024-04-30,166.49000549316406,166.75999450683594,165.25999450683594,166.1999969482422,154.63694763183594,6011600
2024-05-01,165.69000244140625,166.27000427246094,164.3000030517578,164.42999267578125,152.99008178710938,4029900
2024-05-02,164.35000610351562,164.8800048828125,162.6199951171875,164.69000244140625,153.2319793701172,3829900
2024-05-03,165.0,166.61000061035156,164.9199981689453,165.7100067138672,154.18101501464844,3400400
2024-05-06,166.5,168.6699981689453,166.3800048828125,168.61000061035156,156.87925720214844,4222300
2024-05-07,169.0,169.2899932861328,167.94000244140625,168.3800048828125,156.66526794433594,3155300
2024-05-08,168.00999450683594,170.25999450683594,167.89999389648438,169.89999389648438,158.0794677734375,3522000
2024-05-09,167.5,167.5500030517578,165.8800048828125,166.27000427246094,156.23776245117188,4266600
2024-05-10,167.1300048828125,168.07000732421875,166.32000732421875,167.14999389648438,157.0646514892578,2255400
2024-05-13,167.5,168.05999755859375,166.75999450683594,167.55999755859375,157.44993591308594,2414900
2024-05-14,167.86000061035156,168.1300048828125,166.47999572753906,167.36000061035156,157.2620086669922,2601000
2024-05-15,167.94000244140625,168.35000610351562,167.33999633789062,168.25999450683594,158.10768127441406,4468800
2024-05-16,168.25999450683594,169.6300048828125,167.7899932861328,168.97000122070312,158.7748260498047,3492300
2024-05-17,168.97000122070312,169.11000061035156,167.3300018310547,169.02999877929688,158.8312225341797,2956400
2024-05-20,169.0,170.16000366210938,168.3800048828125,169.9199981689453,159.66751098632812,2726300
2024-05-21,169.94000244140625,174.97000122070312,169.94000244140625,173.47000122070312,163.0033416748047,6459800
2024-05-22,173.38999938964844,174.99000549316406,172.75999450683594,173.69000244140625,163.21005249023438,3294900
2024-05-23,175.38999938964844,175.4600067138672,170.44000244140625,170.6699981689453,160.37228393554688,3341300
2024-05-24,171.47999572753906,172.00999450683594,170.2100067138672,170.88999938964844,160.57901000976562,2587400
2024-05-28,170.44000244140625,171.08999633789062,168.64999389648438,169.66000366210938,159.42323303222656,2629500
2024-05-29,168.0,168.6300048828125,166.2100067138672,167.0500030517578,156.970703125,4206600
2024-05-30,165.55999755859375,166.72999572753906,164.22999572753906,165.6300048828125,155.63638305664062,3842400
2024-05-31,165.6999969482422,166.97000122070312,163.83999633789062,166.85000610351562,156.7827911376953,4905000
2024-06-03,166.5399932861328,166.77999877929688,163.52999877929688,165.27999877929688,155.3074951171875,2776100
2024-06-04,164.60000610351562,166.39999389648438,163.8800048828125,165.80999755859375,155.80551147460938,2594200
2024-06-05,166.41000366210938,167.7899932861328,165.77999877929688,167.3800048828125,157.28079223632812,3049400
2024-06-06,167.3800048828125,168.44000244140625,166.8000030517578,168.1999969482422,158.0513153076172,2207100
2024-06-07,168.17999267578125,171.30999755859375,168.05999755859375,170.00999450683594,159.75209045410156,3475500
2024-06-10,169.5500030517578,170.75999450683594,168.8800048828125,170.3800048828125,160.0998077392578,3440000
2024-06-11,169.97999572753906,170.0,166.80999755859375,169.32000732421875,159.103759765625,2951300
2024-06-12,171.35000610351562,172.47000122070312,168.10000610351562,169.0,158.8030548095703,3522700
2024-06-13,169.00999450683594,169.58999633789062,168.33999633789062,169.1199951171875,158.91580200195312,3525700
2024-06-14,168.2899932861328,169.47000122070312,167.22999572753906,169.2100067138672,159.0003662109375,2777700
2024-06-17,168.75999450683594,169.72000122070312,167.5,169.5,159.27288818359375,3239800
2024-06-18,170.0,170.75,168.3800048828125,170.5500030517578,160.25950622558594,3386400
2024-06-20,174.0800018310547,174.27999877929688,171.22000122070312,173.9199981689453,163.42616271972656,4723100
2024-06-21,173.97000122070312,174.9600067138672,171.39999389648438,172.4600067138672,162.05429077148438,10181500
2024-06-24,175.0,178.4600067138672,174.14999389648438,175.00999450683594,164.45042419433594,4864700
2024-06-25,175.13999938964844,175.75,171.4199981689453,172.60000610351562,162.1858367919922,4069800
2024-06-26,171.27999877929688,172.67999267578125,170.41000366210938,171.8699951171875,161.49989318847656,2779000
2024-06-27,171.1199951171875,172.5,170.47999572753906,170.85000610351562,160.5414276123047,2894000
2024-06-28,170.85000610351562,173.4600067138672,170.52999877929688,172.9499969482422,162.51470947265625,4193300
2024-07-01,173.4499969482422,176.4600067138672,173.3800048828125,175.10000610351562,164.5349884033203,3321000
2024-07-02,174.83999633789062,177.49000549316406,174.32000732421875,177.3000030517578,166.60223388671875,2883300
2024-07-03,177.8800048828125,177.97999572753906,175.1699981689453,175.72999572753906,165.12696838378906,1649000
2024-07-05,175.74000549316406,176.08999633789062,173.9499969482422,176.02000427246094,165.39947509765625,2086000
2024-07-08,176.41000366210938,178.58999633789062,176.00999450683594,177.63999938964844,166.92173767089844,2503000
2024-07-09,177.60000610351562,177.6999969482422,175.5800018310547,176.47999572753906,165.8317108154297,2512700
2024-07-10,176.60000610351562,178.22000122070312,174.4499969482422,177.83999633789062,167.10964965820312,3462200
2024-07-11,177.64999389648438,179.44000244140625,176.6199951171875,178.30999755859375,167.5513153076172,2806800
2024-07-12,178.55999755859375,184.16000366210938,178.5,182.8300018310547,171.79859924316406,4785600
2024-07-15,183.3800048828125,184.89999389648438,182.60000610351562,182.8800048828125,171.8455810546875,2925700
2024-07-16,184.6699981689453,186.60000610351562,184.52000427246094,185.80999755859375,174.59877014160156,3374500
2024-07-17,185.44000244140625,187.94000244140625,185.07000732421875,187.4499969482422,176.1398162841797,4225300
2024-07-18,186.63999938964844,189.47000122070312,185.10000610351562,185.22000122070312,174.04437255859375,3487800
2024-07-19,186.3300018310547,187.0,181.9499969482422,183.25,172.19326782226562,3816000
2024-07-22,183.39999389648438,184.97000122070312,182.86000061035156,184.14999389648438,173.0389404296875,2488500
2024-07-23,184.36000061035156,185.3800048828125,183.00999450683594,184.10000610351562,172.9919891357422,2180200
2024-07-24,184.13999938964844,185.07000732421875,183.14999389648438,184.02000427246094,172.91677856445312,6962100
2024-07-25,186.8000030517578,196.25999450683594,185.3000030517578,191.97999572753906,180.396484375,9532800
2024-07-26,190.50999450683594,193.57000732421875,189.6199951171875,191.75,180.1803741455078,4294900
2024-07-29,193.17999267578125,193.2899932861328,189.17999267578125,191.5,179.94544982910156,3336800
2024-07-30,191.47999572753906,192.77000427246094,189.08999633789062,191.0399932861328,179.51321411132812,3065000
2024-07-31,191.0,194.5500030517578,189.99000549316406,192.13999938964844,180.54685974121094,5558400
2024-08-01,192.80999755859375,193.63999938964844,188.2899932861328,189.66000366210938,178.2164764404297,4085400
2024-08-02,188.77999877929688,189.25999450683594,185.6999969482422,189.1199951171875,177.7090606689453,4548800
2024-08-05,184.5500030517578,185.25999450683594,181.80999755859375,183.30999755859375,172.24960327148438,4975000
2024-08-06,184.6999969482422,188.89999389648438,183.63999938964844,186.8000030517578,175.529052734375,3632500
2024-08-07,188.0800018310547,189.8699951171875,186.6999969482422,186.8000030517578,175.529052734375,3801900
2024-08-08,187.5,192.8800048828125,187.0,192.61000061035156,180.98849487304688,3712700
2024-08-09,191.17999267578125,192.6300048828125,189.0399932861328,191.4499969482422,181.47189331054688,2773700
2024-08-12,191.25,191.5800018310547,189.0,189.47999572753906,179.60458374023438,2290300
2024-08-13,190.2899932861328,191.30999755859375,189.2100067138672,190.99000549316406,181.03590393066406,2178900
2024-08-14,191.14999389648438,193.08999633789062,190.72999572753906,192.32000732421875,182.29656982421875,1895100
2024-08-15,193.50999450683594,194.25,193.27999877929688,193.9499969482422,183.84161376953125,2472000
2024-08-16,193.5800018310547,194.35000610351562,192.86000061035156,193.77999877929688,183.68048095703125,2494400
2024-08-19,193.83999633789062,195.52999877929688,193.72000122070312,194.72999572753906,184.5809326171875,2361400
2024-08-20,194.58999633789062,196.2100067138672,193.75,196.02999877929688,185.81320190429688,1790400
2024-08-21,195.97000122070312,197.3300018310547,194.1199951171875,197.2100067138672,186.93170166015625,2579300
2024-08-22,197.25,197.9199981689453,195.57000732421875,195.9600067138672,185.74685668945312,1969500
2024-08-23,196.7899932861328,197.3800048828125,194.38999938964844,196.10000610351562,185.8795623779297,2322000
2024-08-26,196.0,198.35000610351562,195.89999389648438,197.97999572753906,187.66156005859375,2567200
2024-08-27,197.44000244140625,199.39999389648438,196.97000122070312,198.72999572753906,188.3724822998047,2617100
2024-08-28,199.0,200.0,197.49000549316406,198.4600067138672,188.1165771484375,2645200
2024-08-29,199.3000030517578,201.1199951171875,198.27000427246094,198.89999389648438,188.53359985351562,2989600
2024-08-30,199.11000061035156,202.1699981689453,198.72999572753906,202.1300048828125,191.5952911376953,4751000
2024-09-03,201.91000366210938,204.72000122070312,200.2100067138672,201.27999877929688,190.7895965576172,3874700
2024-09-04,200.75999450683594,204.36000061035156,200.5,204.11000061035156,193.4720916748047,3142500
2024-09-05,204.0800018310547,205.9499969482422,200.9600067138672,202.58999633789062,192.03131103515625,3229200
2024-09-06,202.3800048828125,204.10000610351562,199.33999633789062,200.74000549316406,190.27774047851562,3304500
2024-09-09,201.94000244140625,205.0500030517578,201.42999267578125,203.52999877929688,192.92233276367188,3705000
2024-09-10,204.1999969482422,205.8300018310547,202.8699951171875,205.32000732421875,194.61900329589844,3070600
2024-09-11,207.75999450683594,210.1199951171875,203.0399932861328,209.88999938964844,198.95083618164062,5554300
2024-09-12,210.0,212.64999389648438,208.27000427246094,211.61000061035156,200.58119201660156,4615300
2024-09-13,212.47999572753906,216.08999633789062,212.1300048828125,214.7899932861328,203.595458984375,4572300
2024-09-16,215.8800048828125,217.89999389648438,215.52000427246094,217.16000366210938,205.84194946289062,4176100
2024-09-17,217.25,218.83999633789062,213.0,214.1300048828125,202.9698944091797,5635200
2024-09-18,214.1300048828125,216.86000061035156,213.58999633789062,214.94000244140625,203.73764038085938,3482800
2024-09-19,218.00999450683594,218.47999572753906,210.3699951171875,213.88999938964844,202.74237060546875,5279600
2024-09-20,214.3300018310547,217.85000610351562,213.74000549316406,217.6999969482422,206.35379028320312,9958800
2024-09-23,218.0,220.6199951171875,217.27000427246094,220.5,209.00787353515625,4074800
2024-09-24,219.77999877929688,221.19000244140625,218.16000366210938,220.97000122070312,209.45335388183594,3183900
2024-09-25,221.1699981689453,221.85000610351562,220.16000366210938,221.22999572753906,209.6998291015625,2537800
2024-09-26,222.11000061035156,224.0,221.36000061035156,223.42999267578125,211.78514099121094,2673200
2024-09-27,223.0,224.14999389648438,220.77000427246094,220.83999633789062,209.3301239013672,3830300
2024-09-30,220.64999389648438,221.32000732421875,219.02000427246094,221.0800018310547,209.55763244628906,3543400
2024-10-01,220.6300048828125,221.10000610351562,215.89999389648438,219.35000610351562,207.9178009033203,3548400
2024-10-02,218.30999755859375,220.1999969482422,215.8000030517578,219.72999572753906,208.2779998779297,3343400
2024-10-03,219.5,222.8300018310547,219.27000427246094,222.72000122070312,211.11216735839844,3788300
2024-10-04,223.75,226.0800018310547,223.27000427246094,226.0,214.22120666503906,3553800
2024-10-07,225.3800048828125,227.6699981689453,225.02000427246094,227.1199951171875,215.2828369140625,3458000
2024-10-08,228.11000061035156,229.35000610351562,227.0399932861328,228.6199951171875,216.70465087890625,3245100
2024-10-09,229.1999969482422,234.9499969482422,228.5,234.3000030517578,222.08863830566406,5083600
2024-10-10,235.10000610351562,235.8300018310547,231.80999755859375,233.02000427246094,220.87535095214844,3142000
2024-10-11,233.25,233.44000244140625,230.4600067138672,233.25999450683594,221.1028289794922,3469200
2024-10-14,233.57000732421875,236.1199951171875,233.1699981689453,235.25999450683594,222.9985809326172,2524400
2024-10-15,236.39999389648438,237.3699951171875,232.7100067138672,232.9600067138672,220.81846618652344,3350600
2024-10-16,232.11000061035156,233.8800048828125,231.1199951171875,233.6699981689453,221.49147033691406,2846700
2024-10-17,232.0,233.14999389648438,230.66000366210938,232.8800048828125,220.74264526367188,5040100
2024-10-18,231.9199981689453,232.64999389648438,230.1699981689453,232.1999969482422,220.09805297851562,4715700
2024-10-21,231.2100067138672,232.4199981689453,230.25999450683594,231.75,219.67153930664062,2733300
2024-10-22,231.99000549316406,232.97000122070312,230.6699981689453,232.25,220.14547729492188,3180800
2024-10-23,230.41000366210938,233.33999633789062,230.25999450683594,232.75,220.6194305419922,5791000
2024-10-24,220.8000030517578,221.32000732421875,216.16000366210938,218.38999938964844,207.00782775878906,11193400
2024-10-25,216.8000030517578,218.64999389648438,214.38999938964844,214.6699981689453,203.48170471191406,8482200
2024-10-28,215.5,216.25,212.6999969482422,212.91000366210938,201.81344604492188,4993300
2024-10-29,211.99000549316406,213.33999633789062,209.85000610351562,210.42999267578125,199.4626922607422,5258400
2024-10-30,209.47999572753906,211.1199951171875,204.25999450683594,204.89999389648438,194.2209014892578,6956600
2024-10-31,204.1300048828125,208.1300048828125,203.50999450683594,206.72000122070312,195.94607543945312,5925300
2024-11-01,207.77000427246094,209.83999633789062,207.41000366210938,208.25,197.3963165283203,3334100
2024-11-04,207.64999389648438,207.6999969482422,205.8000030517578,206.32000732421875,195.56692504882812,2593900
2024-11-05,206.1699981689453,208.1199951171875,205.57000732421875,207.57000732421875,196.7517547607422,2441500
2024-11-06,213.47999572753906,214.3300018310547,210.3699951171875,213.60000610351562,202.46746826171875,3934400
2024-11-07,213.63999938964844,214.52000427246094,211.92999267578125,213.69000244140625,202.55279541015625,3675800
2024-11-08,214.16000366210938,216.6999969482422,212.77999877929688,213.72000122070312,202.58123779296875,3201000
2024-11-11,214.39999389648438,215.41000366210938,213.47999572753906,213.57000732421875,202.43905639648438,3013000
2024-11-12,211.89999389648438,213.02999877929688,209.05999755859375,210.86000061035156,201.44549560546875,2817800
2024-11-13,209.5,211.41000366210938,209.07000732421875,210.9199981689453,201.5028076171875,3247800
2024-11-14,210.0,210.5,206.35000610351562,208.99000549316406,199.6589813232422,6372900
2024-11-15,207.4600067138672,208.49000549316406,204.07000732421875,204.99000549316406,195.83758544921875,3986500
2024-11-18,207.0,208.4199981689453,205.3699951171875,208.08999633789062,198.7991485595703,3405900
2024-11-19,206.5,210.3300018310547,206.19000244140625,210.25,200.8627166748047,2860700
2024-11-20,211.0,214.9600067138672,209.77000427246094,214.60000610351562,205.01852416992188,4562900
2024-11-21,215.80999755859375,222.6300048828125,215.27000427246094,222.39999389648438,212.47023010253906,5236400
2024-11-22,223.35000610351562,227.1999969482422,220.88999938964844,222.97000122070312,213.01478576660156,5320700
2024-11-25,223.35000610351562,226.4199981689453,222.64999389648438,226.1300048828125,216.03369140625,7189300
2024-11-26,226.72999572753906,228.97999572753906,225.50999450683594,228.8300018310547,218.61314392089844,4449500
2024-11-27,228.8300018310547,229.19000244140625,224.27000427246094,226.9199981689453,216.78842163085938,2995100
2024-11-29,227.75,230.36000061035156,227.19000244140625,227.41000366210938,217.25656127929688,2640300
2024-12-02,227.5,228.3800048828125,225.50999450683594,227.38999938964844,217.23745727539062,2655900
2024-12-03,227.24000549316406,229.11000061035156,226.6699981689453,229.0,218.77554321289062,3163800
2024-12-04,230.0,233.74000549316406,229.35000610351562,233.49000549316406,223.06512451171875,4104200
2024-12-05,233.5500030517578,236.52000427246094,233.4600067138672,234.75,224.2688446044922,4791100
2024-12-06,234.42999267578125,238.3800048828125,234.22000122070312,238.0399932861328,227.4119415283203,4028400
2024-12-09,238.0,239.35000610351562,228.91000366210938,230.0,219.73092651367188,4970400
2024-12-10,228.39999389648438,234.38999938964844,227.8000030517578,231.72000122070312,221.37413024902344,4769500
2024-12-11,232.69000244140625,233.0,229.1300048828125,230.1199951171875,219.84556579589844,3872700
2024-12-12,230.66000366210938,233.88999938964844,230.3800048828125,232.25999450683594,221.88999938964844,4515700
2024-12-13,232.25,233.77999877929688,230.25999450683594,230.82000732421875,220.5143280029297,2757400
2024-12-16,230.72999572753906,231.02999877929688,226.8800048828125,229.3300018310547,219.09083557128906,3610300
2024-12-17,229.22999572753906,230.1999969482422,227.6199951171875,228.97000122070312,218.7469024658203,3651300
2024-12-18,229.0399932861328,229.0399932861328,220.02999877929688,220.1699981689453,210.33982849121094,4152500
2024-12-19,224.4199981689453,226.1999969482422,222.97999572753906,223.9199981689453,213.92237854003906,4427200
2024-12-20,222.72999572753906,227.67999267578125,221.67999267578125,223.36000061035156,213.38739013671875,12423200
2024-12-23,222.80999755859375,223.74000549316406,221.0800018310547,221.92999267578125,212.02122497558594,2988100
2024-12-24,222.27000427246094,224.44000244140625,221.5399932861328,224.41000366210938,214.39051818847656,1186200
2024-12-26,223.30999755859375,225.39999389648438,222.5500030517578,224.88999938964844,214.8490753173828,3286500
2024-12-27,223.13999938964844,224.4199981689453,221.41000366210938,222.77999877929688,212.83328247070312,1810800
2024-12-30,220.5399932861328,221.58999633789062,217.64999389648438,220.25,210.41624450683594,2095600
2024-12-31,220.72000122070312,221.0500030517578,218.44000244140625,219.8300018310547,210.01499938964844,2270200
2025-01-02,221.82000732421875,222.49000549316406,217.60000610351562,219.94000244140625,210.12005615234375,2579500
2025-01-03,220.5500030517578,223.66000366210938,220.5500030517578,222.64999389648438,212.70907592773438,3872100
2025-01-06,223.0,224.35000610351562,220.75,222.6699981689453,212.7281951904297,2846700
2025-01-07,223.35000610351562,226.7100067138672,222.8300018310547,223.9600067138672,213.96060180664062,3299300
2025-01-08,223.91000366210938,224.89999389648438,220.8300018310547,223.17999267578125,213.21539306640625,2619800
2025-01-10,222.0,222.42999267578125,216.8000030517578,219.75,209.93856811523438,3570300
2025-01-13,217.88999938964844,219.58999633789062,214.75,217.39999389648438,207.6934814453125,3716800
2025-01-14,218.0,218.1300048828125,214.61000061035156,217.75,208.02786254882812,3485500
2025-01-15,220.8699951171875,221.67999267578125,218.00999450683594,220.02999877929688,210.2060546875,2951600
2025-01-16,219.69000244140625,222.67999267578125,217.3800048828125,222.66000366210938,212.71864318847656,3329100
2025-01-17,225.9600067138672,225.9600067138672,223.63999938964844,224.7899932861328,214.75350952148438,5506800
2025-01-21,224.99000549316406,227.4499969482422,222.8300018310547,224.25999450683594,214.2471923828125,3982200
2025-01-22,221.97999572753906,224.39999389648438,220.35000610351562,223.25999450683594,213.2918243408203,4759500
2025-01-23,223.94000244140625,226.0399932861328,223.14999389648438,226.0399932861328,215.9477081298828,3619700
2025-01-24,225.27000427246094,226.80999755859375,223.8000030517578,224.8000030517578,214.7631072998047,3232900
2025-01-27,222.19000244140625,224.3000030517578,219.83999633789062,224.1300048828125,214.12301635742188,4898400
2025-01-28,224.32000732421875,225.77000427246094,221.77000427246094,225.66000366210938,215.58470153808594,4485400
2025-01-29,225.6199951171875,229.47000122070312,223.72999572753906,228.6300048828125,218.4220733642578,7079800
2025-01-30,250.0,261.79998779296875,247.00999450683594,258.2699890136719,246.73867797851562,15381900
2025-01-31,256.04998779296875,257.239990234375,251.88999938964844,255.6999969482422,244.28346252441406,7199800
2025-02-03,252.39999389648438,262.05999755859375,251.83999633789062,260.7300109863281,249.08888244628906,8408500
2025-02-04,260.0,265.25,258.1199951171875,264.4599914550781,252.65234375,6077700
2025-02-05,265.7099914550781,265.7200012207031,261.17999267578125,263.29998779296875,251.5441436767578,6165100
2025-02-06,262.9800109863281,263.3800048828125,252.72999572753906,253.44000244140625,242.1243438720703,6128300
2025-02-07,255.27999877929688,256.92999267578125,252.02000427246094,252.33999633789062,241.07347106933594,3370300
2025-02-10,250.86000061035156,251.9499969482422,246.8699951171875,249.27000427246094,239.7270965576172,3564400
2025-02-11,251.10000610351562,256.75,250.5800018310547,254.6999969482422,244.94920349121094,4801600
2025-02-12,252.72000122070312,256.3999938964844,252.02000427246094,255.80999755859375,246.01669311523438,3075300
2025-02-13,255.66000366210938,259.2799987792969,254.41000366210938,259.19000244140625,249.26730346679688,4531500
2025-02-14,259.0,261.94000244140625,257.9100036621094,261.2799987792969,251.2772979736328,3925300
2025-02-18,261.92999267578125,263.9599914550781,259.8299865722656,263.07000732421875,252.99879455566406,4262800
2025-02-19,262.0,264.3599853515625,260.0899963378906,264.32000732421875,254.20091247558594,3718700
2025-02-20,263.6499938964844,265.0899963378906,262.1499938964844,264.739990234375,254.60484313964844,4884800
2025-02-21,263.8500061035156,264.8299865722656,261.1000061035156,261.4800109863281,251.46963500976562,5667900
2025-02-24,261.5,263.8500061035156,259.5799865722656,261.8699951171875,251.8446807861328,4398100
2025-02-25,261.0799865722656,263.4800109863281,256.7699890136719,257.75,247.88243103027344,6292200
2025-02-26,258.1000061035156,258.3299865722656,254.41000366210938,255.83999633789062,246.04554748535156,3460100
2025-02-27,255.22000122070312,257.6300048828125,253.0500030517578,253.22999572753906,243.5354766845703,3402200
2025-02-28,250.86000061035156,252.80999755859375,246.5399932861328,252.44000244140625,242.77574157714844,7988800
2025-03-03,254.74000549316406,255.99000549316406,248.25,250.19000244140625,240.61187744140625,2977700
2025-03-04,248.75,255.47999572753906,248.10000610351562,253.2100067138672,243.51626586914062,5342100
2025-03-05,251.5800018310547,252.74000549316406,247.00999450683594,251.35000610351562,241.7274627685547,4009800
2025-03-06,249.75,252.10000610351562,246.8000030517578,248.69000244140625,239.16928100585938,3254400
2025-03-07,245.9499969482422,261.9599914550781,245.17999267578125,261.5400085449219,251.52737426757812,6700200
2025-03-10,261.55999755859375,266.45001220703125,254.75,256.8999938964844,247.06497192382812,8165500
2025-03-11,255.99000549316406,256.70001220703125,245.86000061035156,248.9499969482422,239.41932678222656,5630600
2025-03-12,250.35000610351562,253.1300048828125,245.52999877929688,249.6300048828125,240.0733184814453,3848800
2025-03-13,248.8000030517578,249.27000427246094,243.0399932861328,245.8000030517578,236.38992309570312,3862400
2025-03-14,242.75,248.9499969482422,241.67999267578125,248.35000610351562,238.84231567382812,4045200
2025-03-17,249.25,254.6300048828125,249.0,252.97000122070312,243.28543090820312,3233900
2025-03-18,252.50999450683594,252.57000732421875,245.1199951171875,246.9499969482422,237.4958953857422,4171900
2025-03-19,248.3300018310547,253.66000366210938,246.63999938964844,252.2899932861328,242.63145446777344,3853600
2025-03-20,244.24000549316406,246.8000030517578,237.22000122070312,243.32000732421875,234.00485229492188,7026800
2025-03-21,241.69000244140625,245.2100067138672,238.5,243.8699951171875,234.53379821777344,9580100
2025-03-24,247.30999755859375,248.82000732421875,245.97000122070312,248.4499969482422,238.9384765625,4753300
2025-03-25,248.36000061035156,250.89999389648438,248.1999969482422,249.89999389648438,240.33294677734375,3133800
2025-03-26,251.25,254.32000732421875,249.52999877929688,250.33999633789062,240.756103515625,4450100
2025-03-27,249.7100067138672,250.3000030517578,245.72999572753906,246.2100067138672,236.7842254638672,2889300
2025-03-28,246.27000427246094,247.57000732421875,242.07000732421875,244.0,234.6588134765625,3125300
2025-03-31,242.74000549316406,250.88999938964844,242.49000549316406,248.66000366210938,239.14044189453125,6795000
2025-04-01,248.02999877929688,250.6199951171875,243.49000549316406,250.33999633789062,240.756103515625,4412900
2025-04-02,248.22000122070312,252.7899932861328,247.22999572753906,249.97999572753906,240.40989685058594,4080800
2025-04-03,242.7100067138672,250.61000061035156,242.52999877929688,243.49000549316406,234.1683807373047,5309600
2025-04-04,238.0,240.16000366210938,226.8800048828125,227.47999572753906,218.77127075195312,7407100
2025-04-07,219.24000549316406,232.2899932861328,214.5,225.77999877929688,217.13636779785156,7797900
2025-04-08,232.55999755859375,233.0500030517578,217.27999877929688,221.02999877929688,212.56822204589844,6850000
2025-04-09,217.1199951171875,236.3000030517578,215.16000366210938,235.30999755859375,226.301513671875,7302800
2025-04-10,231.0,232.57000732421875,222.02000427246094,229.5500030517578,220.7620391845703,5656100
2025-04-11,229.72000122070312,237.5800018310547,227.50999450683594,235.47999572753906,226.46499633789062,4325900
2025-04-14,239.77000427246094,241.77000427246094,236.72999572753906,239.05999755859375,229.907958984375,3321500
2025-04-15,239.5500030517578,241.52999877929688,238.27000427246094,240.6999969482422,231.48516845703125,3363700
2025-04-16,240.27999877929688,243.3000030517578,235.88999938964844,238.57000732421875,229.43670654296875,4869900
2025-04-17,239.67999267578125,241.77999877929688,237.39999389648438,238.80999755859375,229.6675262451172,4635200
2025-04-21,238.07000732421875,240.80999755859375,232.92999267578125,236.22000122070312,227.17669677734375,4908900
2025-04-22,238.5,242.63999938964844,238.02000427246094,240.89999389648438,231.67750549316406,4232700
2025-04-23,246.0,249.33999633789062,243.66000366210938,245.47999572753906,236.08218383789062,7948300
2025-04-24,231.17999267578125,232.77999877929688,224.44000244140625,229.3300018310547,220.55044555664062,15428100
2025-04-25,228.9499969482422,233.36000061035156,226.32000732421875,232.41000366210938,223.5125274658203,6700100
2025-04-28,232.86000061035156,236.6300048828125,232.07000732421875,236.16000366210938,227.1189727783203,3653500
2025-04-29,237.0,239.97999572753906,236.13999938964844,239.38999938964844,230.22531127929688,3426500
2025-04-30,236.72999572753906,242.47000122070312,234.33999633789062,241.82000732421875,232.56228637695312,5143000
2025-05-01,241.44000244140625,242.3699951171875,237.9499969482422,239.66000366210938,230.48500061035156,4243300
2025-05-02,243.1300048828125,245.69000244140625,241.3300018310547,245.5500030517578,236.1494903564453,3731900
2025-05-05,243.74000549316406,249.8000030517578,243.63999938964844,249.17999267578125,239.64051818847656,4137800
2025-05-06,247.75999450683594,250.19000244140625,246.11000061035156,249.1199951171875,239.58282470703125,2900600
2025-05-07,249.4499969482422,254.47000122070312,248.8300018310547,253.3699951171875,243.67010498046875,3399700
2025-05-08,255.0,256.5199890136719,253.25,254.13999938964844,244.41062927246094,3637000
2025-05-09,252.50999450683594,253.0,247.63999938964844,249.1999969482422,241.2545623779297,2901300
2025-05-12,252.5,253.80999755859375,244.64999389648438,253.69000244140625,245.60142517089844,4609500
2025-05-13,254.42999267578125,259.5799865722656,252.8800048828125,258.5899963378906,250.34519958496094,3521400
2025-05-14,257.6000061035156,260.54998779296875,256.2200012207031,257.82000732421875,249.59974670410156,3634700
2025-05-15,259.010009765625,267.42999267578125,258.6099853515625,266.67999267578125,258.1772155761719,4856300
2025-05-16,266.3500061035156,267.9800109863281,264.5899963378906,266.760009765625,258.25469970703125,3817900
2025-05-19,265.45001220703125,269.1400146484375,265.0799865722656,268.4100036621094,259.85211181640625,3198600
2025-05-20,267.3999938964844,269.2799987792969,265.6199951171875,266.95001220703125,258.4386291503906,2437900
2025-05-21,264.9700012207031,265.6499938964844,260.4100036621094,260.8699951171875,252.552490234375,3753900
2025-05-22,260.7699890136719,261.2699890136719,257.9100036621094,258.3699951171875,250.1322021484375,3091300
2025-05-23,258.5799865722656,259.8699951171875,255.7899932861328,258.6300048828125,250.3839111328125,2722600
2025-05-27,261.0,263.7900085449219,259.6300048828125,263.2300109863281,254.8372802734375,3284200
2025-05-28,263.1600036621094,265.0,259.94000244140625,260.239990234375,251.9425506591797,2318400
2025-05-29,260.75,261.1300048828125,256.7699890136719,258.69000244140625,250.44198608398438,2295000
2025-05-30,258.75,260.1199951171875,257.1000061035156,259.05999755859375,250.80020141601562,9668900
2025-06-02,257.8500061035156,263.9800109863281,257.2200012207031,263.8999938964844,255.48585510253906,2831900
2025-06-03,263.3500061035156,265.55999755859375,262.5799865722656,265.20001220703125,256.7444763183594,2494700
2025-06-04,264.8999938964844,267.0,264.7900085449219,265.5199890136719,257.0542297363281,2588600
2025-06-05,265.20001220703125,267.510009765625,265.1000061035156,266.8599853515625,258.35150146484375,2658400
2025-06-06,267.989990234375,270.1700134277344,267.5299987792969,268.8699951171875,260.29742431640625,2495200
2025-06-09,268.1000061035156,273.4700012207031,266.7099914550781,272.0799865722656,263.40509033203125,4331500
2025-06-10,273.19000244140625,277.4700012207031,272.55999755859375,276.239990234375,267.43243408203125,5163500
2025-06-11,276.70001220703125,281.75,275.1099853515625,281.5199890136719,272.5440979003906,4656000
2025-06-12,281.5299987792969,283.05999755859375,279.8299865722656,281.0299987792969,272.0697021484375,3418000
2025-06-13,278.2099914550781,279.8399963378906,275.8299865722656,277.2200012207031,268.3812255859375,3243800
2025-06-16,279.30999755859375,284.5,278.6700134277344,281.8299865722656,272.84423828125,3685300
2025-06-17,281.1499938964844,284.7900085449219,281.0,283.04998779296875,274.0252990722656,3069600
2025-06-18,285.0,286.9100036621094,282.94000244140625,283.2099914550781,274.1802062988281,3534100
2025-06-20,279.2799987792969,284.1199951171875,277.20001220703125,280.9700012207031,272.0116271972656,7677000
2025-06-23,281.6499938964844,289.5799865722656,280.2099914550781,289.17999267578125,279.9598388671875,3786200
2025-06-24,290.4599914550781,294.3399963378906,288.4100036621094,293.7900085449219,284.4228820800781,4219100
2025-06-25,294.489990234375,296.1600036621094,289.5,291.05999755859375,281.7799072265625,3862300
2025-06-26,291.79998779296875,292.9100036621094,290.1700134277344,291.92999267578125,282.6221923828125,3621100
2025-06-27,292.9700012207031,293.1199951171875,288.5199890136719,289.70001220703125,280.46331787109375,3562500
2025-06-30,290.92999267578125,294.80999755859375,290.0,294.7799987792969,285.3813171386719,3495400
2025-07-01,294.54998779296875,295.1099853515625,290.0799865722656,291.20001220703125,281.91546630859375,3272800
2025-07-02,290.0,290.19000244140625,286.8999938964844,287.6499938964844,278.4786376953125,3257500
2025-07-03,287.94000244140625,292.32000732421875,287.8999938964844,291.9700012207031,282.6609191894531,1853300
2025-07-07,292.5,295.2200012207031,290.3599853515625,292.4700012207031,283.14495849609375,4488100
2025-07-08,293.1000061035156,295.6099853515625,289.489990234375,290.4200134277344,281.1603088378906,2925300
2025-07-09,291.3900146484375,291.6000061035156,288.6300048828125,290.1400146484375,280.8892517089844,2971300
2025-07-10,288.8999938964844,288.8999938964844,282.2099914550781,287.42999267578125,278.26568603515625,3487800
2025-07-11,285.010009765625,287.42999267578125,282.9200134277344,283.5899963378906,274.548095703125,3790700
2025-07-14,282.8299865722656,284.92999267578125,281.7099914550781,283.7900085449219,274.7417297363281,2857100
2025-07-15,283.7699890136719,284.1499938964844,280.7300109863281,282.70001220703125,273.68646240234375,2864100
2025-07-16,282.75,283.8699951171875,279.8699951171875,281.9200134277344,272.93133544921875,2804800
2025-07-17,281.5,283.4599914550781,280.8999938964844,282.0,273.0087890625,3337200
2025-07-18,283.3800048828125,287.1600036621094,282.2200012207031,285.8699951171875,276.7554016113281,4478200
2025-07-21,286.2900085449219,287.7300109863281,284.3800048828125,284.7099914550781,275.63238525390625,3051800
2025-07-22,284.739990234375,284.8800048828125,281.25,281.9599914550781,272.97003173828125,4824200
2025-07-23,284.29998779296875,288.0799865722656,281.44000244140625,282.010009765625,273.0184631347656,8105900
2025-07-24,261.25,262.04998779296875,252.75,260.510009765625,252.20396423339844,22647700
2025-07-25,260.0199890136719,260.79998779296875,256.3500061035156,259.7200012207031,251.43917846679688,7758700
2025-07-28,260.29998779296875,264.0,259.6099853515625,263.2099914550781,254.81788635253906,5192500
2025-07-29,264.29998779296875,265.79998779296875,261.0199890136719,262.4100036621094,254.0433807373047,4627300
2025-07-30,261.6000061035156,262.0,258.8999938964844,260.260009765625,251.9619598388672,3718300
2025-07-31,259.57000732421875,259.989990234375,252.22000122070312,253.14999389648438,245.07861328125,6739100
2025-08-01,251.41000366210938,251.47999572753906,245.61000061035156,250.0500030517578,242.0774688720703,9683400
2025-08-04,251.0500030517578,252.0800018310547,248.11000061035156,251.97999572753906,243.9459228515625,5280600
2025-08-05,252.0,252.8000030517578,249.0,250.6699981689453,242.67770385742188,5823000
2025-08-06,251.52999877929688,254.32000732421875,249.27999877929688,252.27999877929688,244.2363739013672,3692100
2025-08-07,252.80999755859375,255.0,248.8800048828125,250.16000366210938,242.18397521972656,6251300
2025-08-08,248.8800048828125,249.47999572753906,241.64999389648438,242.27000427246094,236.13131713867188,6828400
2025-08-11,242.24000549316406,243.14999389648438,234.6999969482422,236.3000030517578,230.31259155273438,9382000
2025-08-12,236.52999877929688,237.9600067138672,233.36000061035156,234.77000427246094,228.8213653564453,8792800
2025-08-13,236.1999969482422,240.83999633789062,236.1999969482422,240.07000732421875,233.98707580566406,5663600
2025-08-14,238.25,239.0,235.6199951171875,237.11000061035156,231.10205078125,4556700
2025-08-15,237.61000061035156,240.6199951171875,236.77000427246094,239.72000122070312,233.64593505859375,4344300
2025-08-18,239.57000732421875,241.4199981689453,239.1199951171875,239.4499969482422,233.3827667236328,3569600
2025-08-19,240.0,242.8300018310547,239.49000549316406,241.27999877929688,235.16641235351562,3328300
2025-08-20,242.11000061035156,242.8800048828125,240.33999633789062,242.5500030517578,236.40423583984375,3240100
2025-08-21,242.2100067138672,242.5,238.64999389648438,239.39999389648438,233.3340301513672,2991900
2025-08-22,240.74000549316406,243.67999267578125,240.22000122070312,242.08999633789062,235.95587158203125,3134900
2025-08-25,242.57000732421875,242.57000732421875,239.42999267578125,239.42999267578125,233.36326599121094,3513300
2025-08-26,241.02000427246094,244.97999572753906,240.3800048828125,242.6300048828125,236.48220825195312,5386600
2025-08-27,242.8699951171875,245.9600067138672,242.0,244.83999633789062,238.6361846923828,3698400
2025-08-28,245.42999267578125,245.8800048828125,243.36000061035156,245.72999572753906,239.503662109375,2820800
2025-08-29,245.22999572753906,245.4600067138672,241.72000122070312,243.49000549316406,237.32041931152344,2967600
2025-09-02,240.89999389648438,241.5500030517578,238.25,241.5,235.38082885742188,3469500
2025-09-03,240.02000427246094,244.25,239.41000366210938,244.10000610351562,237.9149627685547,3163200
2025-09-04,245.4199981689453,249.27999877929688,242.85000610351562,247.17999267578125,240.91690063476562,4765100
2025-09-05,248.22999572753906,249.02999877929688,245.4499969482422,248.52999877929688,242.2327117919922,3147500
2025-09-08,248.6300048828125,257.1499938964844,247.02000427246094,256.0899963378906,249.60113525390625,6940300
2025-09-09,256.1199951171875,260.6600036621094,254.8800048828125,259.1099853515625,252.54461669921875,4931100
2025-09-10,259.6499938964844,260.0799865722656,254.55999755859375,256.8800048828125,250.37112426757812,5185400
2025-09-11,257.55999755859375,258.54998779296875,255.66000366210938,257.010009765625,250.49786376953125,3576000
2025-09-12,256.95001220703125,257.25,252.42999267578125,253.44000244140625,247.01829528808594,3433300
2025-09-15,254.02000427246094,259.04998779296875,254.0,256.239990234375,249.74734497070312,4028400
2025-09-16,256.260009765625,258.0,254.41000366210938,257.5199890136719,250.9949188232422,2719900
2025-09-17,257.5,260.9599914550781,257.010009765625,259.0799865722656,252.51536560058594,3974800
2025-09-18,258.8599853515625,265.2300109863281,256.79998779296875,265.0,258.285400390625,4988400
2025-09-19,266.04998779296875,267.8699951171875,263.6400146484375,266.3999938964844,259.64990234375,9858100
2025-09-22,266.6199951171875,272.30999755859375,266.0,271.3699951171875,264.4939880371094,5030500
2025-09-23,272.70001220703125,273.29998779296875,269.2699890136719,272.239990234375,265.3419189453125,5394100
2025-09-24,272.6199951171875,273.6499938964844,267.29998779296875,267.5299987792969,260.75128173828125,3159900
2025-09-25,272.94000244140625,284.2300109863281,271.1499938964844,281.44000244140625,274.308837890625,11506200
2025-09-26,280.510009765625,288.8500061035156,280.1099853515625,284.30999755859375,277.1061096191406,9063900
2025-09-29,286.0,286.0,279.6600036621094,279.79998779296875,272.7103576660156,6022100
2025-09-30,280.8800048828125,286.0199890136719,280.5199890136719,282.1600036621094,275.0106201171875,5926900
2025-10-01,280.20001220703125,286.5899963378906,280.1499938964844,286.489990234375,279.2308349609375,4381300
2025-10-02,285.7900085449219,288.5400085449219,282.7900085449219,286.7200012207031,279.45501708984375,3814200
2025-10-03,287.5,293.32000732421875,287.29998779296875,288.3699951171875,281.0632019042969,4375100
2025-10-06,288.6099853515625,291.45001220703125,287.79998779296875,289.4200134277344,282.0866394042969,2881900
2025-10-07,295.54998779296875,301.0400085449219,293.2900085449219,293.8699951171875,286.4239196777344,7190100
2025-10-08,294.1600036621094,294.20001220703125,286.4700012207031,289.4599914550781,282.1255798339844,5297000
2025-10-09,289.82000732421875,290.1300048828125,283.32000732421875,288.2300109863281,280.9267883300781,4912400
2025-10-10,288.9700012207031,290.3900146484375,277.5,277.82000732421875,270.78057861328125,4508500
2025-10-13,279.7900085449219,282.44000244140625,274.6400146484375,277.2200012207031,270.1957702636719,4333800
2025-10-14,275.5199890136719,277.5299987792969,272.54998779296875,276.1499938964844,269.1528625488281,3058100
2025-10-15,278.3800048828125,285.45001220703125,277.0,280.75,273.6363220214844,3346800
2025-10-16,281.1099853515625,282.55999755859375,275.6000061035156,275.9700012207031,268.9774169921875,2956900
2025-10-17,276.1499938964844,283.3999938964844,275.3500061035156,281.2799987792969,274.15289306640625,5309600
2025-10-20,281.25,285.5,280.9599914550781,283.6499938964844,276.46282958984375,3494300
2025-10-21,283.30999755859375,285.30999755859375,281.6000061035156,282.04998779296875,274.9033508300781,4081000
2025-10-22,281.989990234375,289.1700134277344,281.3500061035156,287.510009765625,280.22503662109375,10538500
2025-10-23,264.95001220703125,285.5799865722656,263.55999755859375,285.0,277.7786560058594,16676400
2025-10-24,283.7699890136719,310.75,282.2099914550781,307.4599914550781,299.6695251464844,16914200
2025-10-27,307.79998779296875,313.5,302.8800048828125,313.0899963378906,305.1568908691406,9868200
2025-10-28,312.6000061035156,319.3500061035156,311.4100036621094,312.57000732421875,304.6500549316406,6044800
2025-10-29,312.7900085449219,314.3299865722656,307.5199890136719,308.2099914550781,300.4005126953125,4135900
2025-10-30,306.6499938964844,313.75,305.0199890136719,310.05999755859375,302.2036437988281,4694300
2025-10-31,312.0,313.5,301.6300048828125,307.4100036621094,299.6208190917969,7697500
2025-11-03,308.0,312.1400146484375,304.2300109863281,304.7300109863281,297.0086975097656,4958000
2025-11-04,300.0,303.1700134277344,296.0,300.8500061035156,293.2270202636719,5677300
2025-11-05,301.3800048828125,307.20001220703125,299.7099914550781,306.7699890136719,298.9969787597656,4650400
2025-11-06,306.75,315.44000244140625,301.0899963378906,312.4200134277344,304.50384521484375,6818500
2025-11-07,309.67999267578125,310.0,302.6300048828125,306.3800048828125,298.6169128417969,5070800
2025-11-10,306.82000732421875,309.94000244140625,304.2300109863281,309.1300048828125,302.9584655761719,2975200
2025-11-11,309.0,317.9100036621094,308.42999267578125,313.7200012207031,307.4568176269531,4381900
2025-11-12,319.8900146484375,324.8999938964844,314.5299987792969,314.9800109863281,308.6916809082031,6042700
2025-11-13,312.2900085449219,314.6000061035156,303.67999267578125,304.8599853515625,298.773681640625,5310200
2025-11-14,300.0,307.7200012207031,297.5899963378906,305.69000244140625,299.5871276855469,3592500
2025-11-17,305.5899963378906,306.0,296.510009765625,297.1700134277344,291.23724365234375,3909700
2025-11-18,297.0,297.0,289.9200134277344,289.95001220703125,284.161376953125,4861900
2025-11-19,290.5,291.1099853515625,288.07000732421875,288.5299987792969,282.76971435546875,3595900
2025-11-20,294.6400146484375,300.7099914550781,290.1600036621094,290.3999938964844,284.60235595703125,5597000
2025-11-21,293.4800109863281,300.4800109863281,291.8900146484375,297.44000244140625,291.5018310546875,5710900
2025-11-24,299.17999267578125,307.17999267578125,297.510009765625,304.1199951171875,298.0484619140625,6050600
2025-11-25,304.1300048828125,306.0,297.05999755859375,304.4800109863281,298.4012756347656,2825300
2025-11-26,305.17999267578125,306.6000061035156,301.6400146484375,303.2099914550781,297.1566467285156,2196400
2025-11-28,304.05999755859375,309.17999267578125,303.6000061035156,308.5799865722656,302.41943359375,1689000
2025-12-01,306.510009765625,307.1199951171875,302.79998779296875,305.6700134277344,299.56756591796875,3166600
2025-12-02,307.0,310.4700012207031,301.57000732421875,301.7799987792969,295.75518798828125,4261100
2025-12-03,302.8800048828125,303.9700012207031,298.9100036621094,302.6199951171875,296.57843017578125,3953400
2025-12-04,302.8800048828125,309.6099853515625,302.5400085449219,307.989990234375,301.8411865234375,2962500
2025-12-05,308.5899963378906,311.8299865722656,307.17999267578125,307.94000244140625,301.7922058105469,2344700
2025-12-08,309.6199951171875,315.3500061035156,307.95001220703125,309.17999267578125,303.0074157714844,3630200
2025-12-09,309.6300048828125,313.9700012207031,308.75,310.4800109863281,304.2815246582031,2935300
2025-12-10,310.2300109863281,314.69000244140625,306.6499938964844,312.6700134277344,306.42779541015625,3411500
2025-12-11,312.0,313.44000244140625,308.3999938964844,310.739990234375,304.5362854003906,2755700
2025-12-12,310.57000732421875,311.04998779296875,303.3299865722656,309.239990234375,303.06622314453125,2953400
2025-12-15,308.989990234375,311.3599853515625,306.3500061035156,308.6600036621094,302.4978332519531,3566700
2025-12-16,307.32000732421875,307.3800048828125,300.4200134277344,303.17999267578125,297.1272277832031,3366900
2025-12-17,303.7900085449219,306.25,303.0799865722656,303.32000732421875,297.2644348144531,3131000
2025-12-18,303.1499938964844,304.45001220703125,295.70001220703125,300.45001220703125,294.4517517089844,5411700
2025-12-19,300.3500061035156,306.8599853515625,299.1000061035156,300.9800109863281,294.9711608886719,11031000
2025-12-22,301.0299987792969,303.17999267578125,298.32000732421875,302.7900085449219,296.7450256347656,2612100
2025-12-23,301.3399963378906,305.1300048828125,300.6499938964844,303.7799987792969,297.7152404785156,2923000
2025-12-24,303.760009765625,305.1499938964844,302.29998779296875,304.55999755859375,298.4797058105469,1210600
2025-12-26,304.69000244140625,305.75,303.6700134277344,305.0899963378906,298.9991149902344,2814700
2025-12-29,304.6499938964844,310.0,303.75,305.739990234375,299.6361083984375,4664500
2025-12-30,306.1499938964844,306.239990234375,302.0,302.04998779296875,296.0198059082031,1883700
2025-12-31,301.760009765625,301.8500061035156,295.8699951171875,296.2099914550781,290.2964172363281,3430100
2026-01-02,297.55999755859375,297.57000732421875,289.0,291.5,285.680419921875,4662800
2026-01-05,295.7699890136719,299.19000244140625,294.25,294.9700012207031,289.0811462402344,4190000
2026-01-06,295.0,303.0400085449219,294.4200134277344,302.4700012207031,296.4314270019531,4147300
2026-01-07,302.5,304.30999755859375,296.3500061035156,296.7300109863281,290.8060302734375,2833300
2026-01-08,295.0,303.6700134277344,295.0,302.7200012207031,296.6764221191406,3343300
2026-01-09,302.6099853515625,307.0,302.0,304.2200012207031,298.1464538574219,2718800
2026-01-12,302.6199951171875,312.3299865722656,299.9599914550781,312.17999267578125,305.9475402832031,3895200
2026-01-13,311.6000061035156,312.80999755859375,301.8699951171875,303.1600036621094,297.1076354980469,4507800
2026-01-14,303.5,309.19000244140625,301.5,309.0299987792969,302.8604431152344,3779000
2026-01-15,309.0,311.8800048828125,297.0400085449219,297.95001220703125,292.00164794921875,4932500
2026-01-16,301.0,307.45001220703125,300.7799987792969,305.6700134277344,299.56756591796875,6199600
2026-01-20,301.3500061035156,301.6000061035156,290.1600036621094,291.3500061035156,285.5334167480469,7275500
2026-01-21,292.760009765625,297.6700134277344,292.510009765625,297.5400085449219,291.5998229980469,5185000
2026-01-22,299.4200134277344,300.92999267578125,293.5299987792969,294.6700134277344,288.78717041015625,3670200
2026-01-23,294.07000732421875,294.3399963378906,289.7900085449219,292.44000244140625,286.6016540527344,3298400
2026-01-26,293.1600036621094,296.82000732421875,293.1400146484375,296.3299865722656,290.41400146484375,3726900
2026-01-27,297.1600036621094,297.3299865722656,293.2699890136719,293.8599853515625,287.9932861328125,2954900
2026-01-28,294.1700134277344,295.95001220703125,291.260009765625,294.1600036621094,288.2873229980469,5790300
2026-01-29,317.8599853515625,319.8999938964844,303.4700012207031,309.239990234375,303.06622314453125,10124900
2026-01-30,307.6000061035156,307.7799987792969,299.7300109863281,306.70001220703125,300.57696533203125,5940700
2026-02-02,307.510009765625,316.6400146484375,306.4100036621094,314.7300109863281,308.4466552734375,4581200
2026-02-03,312.3999938964844,312.9800109863281,283.8500061035156,294.30999755859375,288.434326171875,11466500
2026-02-04,291.4100036621094,291.4100036621094,278.9599914550781,289.04998779296875,283.2793273925781,8708000
2026-02-05,286.1000061035156,291.80999755859375,285.1000061035156,289.8900146484375,284.1025695800781,5532800
2026-02-06,292.5,299.8900146484375,290.6600036621094,298.92999267578125,292.96209716796875,3744300
2026-02-09,295.9100036621094,297.7200012207031,291.4200134277344,296.3399963378906,290.4237976074219,4627800
2026-02-10,294.989990234375,297.6099853515625,290.3299865722656,291.760009765625,287.56549072265625,3837300
2026-02-11,292.3399963378906,293.5,272.3599853515625,272.80999755859375,268.887939453125,7628200
2026-02-12,270.29998779296875,271.29998779296875,257.2200012207031,259.5199890136719,255.78897094726562,12565400
2026-02-13,260.0,264.6600036621094,256.6400146484375,262.3800048828125,258.6078796386719,6842600
2026-02-17,259.20001220703125,260.70001220703125,254.64999389648438,258.30999755859375,254.5963897705078,4929700
2026-02-18,258.6400146484375,261.1099853515625,256.25,260.7900085449219,257.0407409667969,3949200
2026-02-19,256.0,258.2799987792969,253.50999450683594,256.2799987792969,252.59556579589844,4948700
2026-02-20,255.1999969482422,259.0400085449219,253.8000030517578,257.1600036621094,253.4629364013672,4708600
2026-02-23,254.3699951171875,255.19000244140625,220.72000122070312,223.35000610351562,220.1389923095703,19522900
2026-02-24,227.8000030517578,236.58999633789062,223.6300048828125,229.32000732421875,226.02317810058594,13379800
2026-02-25,233.22000122070312,239.5500030517578,231.22000122070312,237.5399932861328,234.12498474121094,8569700
2026-02-26,239.7100067138672,247.49000549316406,238.9499969482422,242.00999450683594,238.5307159423828,7343100
2026-02-27,238.07000732421875,240.2100067138672,234.57000732421875,240.2100067138672,236.75660705566406,6642200
2026-03-02,235.6999969482422,240.77999877929688,233.77999877929688,239.3699951171875,235.9286651611328,6220300
2026-03-03,236.35000610351562,246.08999633789062,234.2899932861328,245.27999877929688,241.7537078857422,6960400
2026-03-04,245.75,250.85000610351562,244.9600067138672,250.05999755859375,246.46499633789062,6085000
2026-03-05,249.32000732421875,260.3800048828125,249.0,256.54998779296875,252.86167907714844,9894600
2026-03-06,256.44000244140625,259.3999938964844,252.2100067138672,258.8500061035156,255.12863159179688,6234400
2026-03-09,255.3800048828125,258.0799865722656,251.57000732421875,253.3300018310547,249.68797302246094,6126600
2026-03-10,253.25999450683594,253.44000244140625,246.5500030517578,250.1999969482422,246.60296630859375,4938000
2026-03-11,250.00999450683594,253.72000122070312,247.1999969482422,248.8699951171875,245.29209899902344,4008500
2026-03-12,247.10000610351562,250.0500030517578,245.63999938964844,247.67999267578125,244.11920166015625,5547700
2026-03-13,247.6699981689453,249.72000122070312,244.7100067138672,246.27999877929688,242.7393341064453,4338400
2026-03-16,247.8699951171875,252.1999969482422,246.10000610351562,249.25,245.66664123535156,5674200
2026-03-17,250.50999450683594,256.3900146484375,250.0,256.1099853515625,252.42800903320312,5840100
2026-03-18,254.16000366210938,258.2799987792969,250.16000366210938,251.60000610351562,247.9828643798828,5177000
2026-03-19,249.42999267578125,252.19000244140625,248.25,250.3699951171875,246.77053833007812,4249500
2026-03-20,249.0,250.27999877929688,241.77000427246094,241.77000427246094,238.29417419433594,11314100
2026-03-23,246.5,251.35000610351562,244.7100067138672,248.44000244140625,244.8682861328125,4972000
2026-03-24,246.4499969482422,247.11000061035156,238.0,240.58999633789062,237.13113403320312,4151500
2026-03-25,243.60000610351562,246.19000244140625,238.0,241.38999938964844,237.91964721679688,4207900
2026-03-26,240.55999755859375,246.6699981689453,239.8000030517578,241.6699981689453,238.19561767578125,3606800
2026-03-27,238.85000610351562,239.44000244140625,233.75,236.33999633789062,232.94224548339844,4853700
2026-03-30,237.8000030517578,240.2100067138672,236.1300048828125,237.25,233.8391571044922,3882600
2026-03-31,240.27000427246094,242.85000610351562,236.3800048828125,242.38999938964844,238.90525817871094,4750300
2026-04-01,242.1199951171875,246.25999450683594,240.13999938964844,243.13999938964844,239.6444854736328,4228700
2026-04-02,243.0,248.2100067138672,241.49000549316406,248.16000366210938,244.59231567382812,3350900
2026-04-06,248.13999938964844,248.89999389648438,244.74000549316406,246.74000549316406,243.19271850585938,3376000
2026-04-07,245.32000732421875,245.75999450683594,241.10000610351562,245.07000732421875,241.54673767089844,2356100
2026-04-08,248.6300048828125,250.0,240.8000030517578,241.74000549316406,238.2646026611328,4771500
2026-04-09,240.8800048828125,241.74000549316406,233.75999450683594,237.17999267578125,233.77015686035156,5078600
2026-04-10,239.19000244140625,239.27000427246094,230.50999450683594,230.75999450683594,227.44244384765625,5869400
2026-04-13,233.6300048828125,238.07000732421875,231.6999969482422,237.82000732421875,234.40097045898438,5349600
2026-04-14,238.75,241.5399932861328,238.1199951171875,240.27000427246094,236.81573486328125,3777300
2026-04-15,242.25,246.05999755859375,240.99000549316406,244.8000030517578,241.28062438964844,3879500
2026-04-16,248.75,251.22000122070312,246.1300048828125,251.0,247.3914794921875,4817500
2026-04-17,254.6699981689453,255.64999389648438,251.0399932861328,253.47000122070312,249.8259735107422,5671500
2026-04-20,255.0,258.5,252.55999755859375,253.7100067138672,250.06253051757812,5157700
2026-04-21,254.0,258.0899963378906,251.8699951171875,255.67999267578125,252.00418090820312,5584900
2026-04-22,254.50999450683594,257.5400085449219,247.2100067138672,251.86000061035156,248.23910522460938,12190200
2026-04-23,232.27000427246094,232.91000366210938,221.72999572753906,231.0800018310547,227.7578582763672,22297800
2026-04-24,231.92999267578125,232.8000030517578,225.0,231.97999572753906,228.64491271972656,9816900
2026-04-27,229.9499969482422,231.32000732421875,227.1199951171875,228.0500030517578,224.77142333984375,8060700
2026-04-28,230.5,233.55999755859375,228.4600067138672,233.0399932861328,229.68966674804688,5162900
2026-04-29,230.33999633789062,231.47999572753906,226.82000732421875,227.10000610351562,223.8350830078125,6443700
2026-04-30,226.52999877929688,231.60000610351562,224.89999389648438,230.97999572753906,227.6593017578125,6283300
2026-05-01,234.5500030517578,235.9499969482422,231.75,232.1999969482422,228.86175537109375,3582100
2026-05-04,232.0,234.08999633789062,228.6199951171875,229.47999572753906,226.1808624267578,4003100
2026-05-05,230.16000366210938,231.0,227.14999389648438,229.02999877929688,225.73733520507812,4221900
2026-05-06,228.75,229.0,224.3800048828125,225.74000549316406,222.49464416503906,7673200
2026-05-07,227.5,231.82000732421875,227.41000366210938,231.30999755859375,227.98455810546875,5485500
2026-05-08,229.72999572753906,230.7100067138672,224.8300018310547,229.75999450683594,228.12355041503906,5332800
2026-05-11,228.66000366210938,230.22999572753906,222.5500030517578,223.5500030517578,221.95779418945312,6677200
2026-05-12,224.42999267578125,224.42999267578125,219.22000122070312,219.22000122070312,217.65863037109375,6045200
2026-05-13,218.27000427246094,218.30999755859375,212.33999633789062,214.63999938964844,213.1112518310547,8361200
2026-05-14,215.5500030517578,220.9600067138672,215.0,218.3699951171875,216.81468200683594,5906200
2026-05-15,218.1999969482422,220.91000366210938,217.6199951171875,219.3000030517578,217.73806762695312,6154500
2026-05-18,218.5500030517578,223.3300018310547,217.75,222.75,221.16348266601562,5946400
2026-05-19,224.5,227.35000610351562,221.9199981689453,222.3300018310547,220.74647521972656,5937800
2026-05-20,221.0500030517578,225.0,216.77999877929688,225.0,223.3974609375,4873400
2026-05-21,232.5800018310547,253.6300048828125,230.94000244140625,252.97000122070312,251.16824340820312,25707800
2026-05-22,262.04998779296875,264.3800048828125,253.38999938964844,253.83999633789062,252.03204345703125,19072900
2026-05-26,254.5500030517578,254.5500030517578,245.4499969482422,250.69000244140625,248.9044952392578,9256100
2026-05-27,250.4600067138672,257.6199951171875,250.4600067138672,255.1999969482422,253.38235473632812,9275500
2026-05-28,261.0,268.8900146484375,257.0,264.2200012207031,262.338134765625,12432900
2026-05-29,277.29998779296875,301.0,273.3299865722656,297.79998779296875,295.6789245605469,28481000
2026-06-01,322.54998779296875,327.9800109863281,308.0,320.4200134277344,318.1378479003906,32880200
2026-06-02,313.75,332.4599914550781,310.1099853515625,329.2300109863281,326.8851013183594,17210700
2026-06-03,318.29998779296875,318.29998779296875,302.5299987792969,305.6300048828125,303.45318603515625,13926600
2026-06-04,307.42999267578125,310.44000244140625,300.17999267578125,301.7699890136719,299.62066650390625,9608100
2026-06-05,300.0,302.29998779296875,281.07000732421875,284.8399963378906,282.8112487792969,12509500
2026-06-08,286.44000244140625,290.5,279.42999267578125,280.82000732421875,278.81988525390625,6790600
2026-06-09,281.1400146484375,283.5899963378906,271.2900085449219,277.489990234375,275.51361083984375,9007900
2026-06-10,273.82000732421875,280.510009765625,271.3299865722656,272.3599853515625,270.4201354980469,5497100
2026-06-11,268.0,276.4800109863281,266.5,274.8500061035156,272.8924255371094,7558300
2026-06-12,278.94000244140625,278.94000244140625,267.67999267578125,272.239990234375,270.3009948730469,5748900
2026-06-15,272.0,272.25,264.79998779296875,268.7099914550781,266.796142578125,7178800
2026-06-16,270.8699951171875,276.6199951171875,268.6099853515625,270.80999755859375,268.8811950683594,4917600
2026-06-17,266.3500061035156,268.8699951171875,261.8800048828125,262.3500061035156,260.4814453125,5537000
2026-06-18,251.3800048828125,252.47000122070312,243.67999267578125,249.10000610351562,247.32582092285156,16619700
2026-06-22,248.42999267578125,253.30999755859375,243.80999755859375,252.22000122070312,250.423583984375,9615400
2026-06-23,261.5799865722656,267.5299987792969,255.25999450683594,264.94000244140625,263.0530090332031,15686100
2026-06-24,261.8399963378906,265.07000732421875,256.17999267578125,262.9599914550781,261.08709716796875,8149900
2026-06-25,267.6700134277344,268.760009765625,256.0,258.2699890136719,256.43048095703125,8520700
2026-06-26,258.94000244140625,273.1400146484375,258.2799987792969,271.6300048828125,269.6953430175781,9719900
2026-06-29,274.29998779296875,278.1499938964844,269.05999755859375,278.0,276.01995849609375,6464200
2026-06-30,273.2099914550781,282.57000732421875,271.1199951171875,281.2099914550781,279.20709228515625,7458400
2026-07-01,279.6600036621094,294.489990234375,278.9599914550781,286.25,284.2112121582031,6905800
2026-07-02,283.1400146484375,290.92999267578125,282.2799987792969,289.5199890136719,287.4579162597656,5944100
2026-07-06,288.3500061035156,300.82000732421875,287.6499938964844,299.5199890136719,297.3866882324219,7181500
2026-07-07,305.6600036621094,311.79998779296875,300.489990234375,306.1300048828125,303.9496154785156,8618600
2026-07-08,300.7699890136719,303.82000732421875,295.5899963378906,302.04998779296875,299.898681640625,7416700
2026-07-09,285.8399963378906,297.2799987792969,284.44000244140625,295.29998779296875,293.1967468261719,10842000
2026-07-10,297.260009765625,298.7699890136719,287.5,287.55999755859375,285.5118713378906,3640100
2026-07-13,290.5,297.5,289.1000061035156,290.2300109863281,288.1628723144531,5024200
2026-07-14,226.3699951171875,229.9199981689453,213.22000122070312,217.07000732421875,215.52394104003906,67440900
2026-07-15,220.97000122070312,223.80999755859375,211.02999877929688,211.1999969482422,209.69573974609375,29590400
2026-07-16,208.82000732421875,219.9499969482422,204.44000244140625,219.0500030517578,217.48983764648438,22533300
2026-07-17,215.6199951171875,217.1699981689453,210.22000122070312,212.6699981689453,211.1552734375,13150200
2026-07-20,210.07000732421875,216.27999877929688,208.82000732421875,213.0,211.48292541503906,9585000
2026-07-21,210.72000122070312,214.97000122070312,209.17999267578125,210.5,209.000732421875,11954400
2026-07-22,207.67999267578125,212.33999633789062,204.72999572753906,205.77000427246094,204.30442810058594,14606700
2026-07-23,202.63999938964844,207.5500030517578,199.19000244140625,206.64999389648438,205.1781463623047,15306000
2026-07-24,209.27999877929688,216.10000610351562,206.8000030517578,214.19000244140625,212.66445922851562,10578800
2026-07-27,217.75,219.6300048828125,215.2899932861328,216.27999877929688,214.73956298828125,8362300
2026-07-28,219.72999572753906,228.97999572753906,215.11000061035156,227.5500030517578,225.92930603027344,13263000
2026-07-29,227.6999969482422,230.97000122070312,223.9499969482422,226.44000244140625,224.82720947265625,8806700
2026-07-30,222.0,224.86000061035156,220.1999969482422,221.74000549316406,220.1606903076172,9675200
2026-07-31,221.14999389648438,224.75999450683594,216.58999633789062,223.64999389648438,222.05706787109375,9093600
2026-08-03,228.3300018310547,228.5500030517578,224.8699951171875,226.30999755859375,224.69813537597656,7974700
2026-08-04,224.75999450683594,235.30999755859375,223.3000030517578,235.14999389648438,233.47515869140625,7537900
2026-08-05,236.10000610351562,238.9600067138672,233.4600067138672,235.9199981689453,234.23968505859375,5726900
2026-08-06,229.61000061035156,234.47000122070312,228.44000244140625,233.42999267578125,231.7674102783203,4250100
2026-08-07,235.3800048828125,237.32000732421875,232.72000122070312,237.27999877929688,235.58999633789062,4763300
2026-08-10,235.0,240.74000549316406,234.1300048828125,236.30999755859375,236.30999755859375,7348900
2026-08-11,236.30999755859375,241.8000030517578,235.44000244140625,238.4199981689453,238.4199981689453,4469000
2026-08-12,236.9499969482422,237.4600067138672,231.67999267578125,235.97999572753906,235.97999572753906,5696200
2026-08-13,238.9199981689453,239.7100067138672,233.61000061035156,237.13999938964844,237.13999938964844,5395200
2026-08-14,238.3699951171875,239.14999389648438,233.72999572753906,234.32000732421875,234.32000732421875,4523500
2026-08-17,231.58999633789062,233.64999389648438,227.39999389648438,228.85000610351562,228.85000610351562,7564300
2026-08-18,229.72999572753906,234.4499969482422,229.4199981689453,232.6699981689453,232.6699981689453,4650100
2026-08-19,232.25999450683594,238.6199951171875,230.50999450683594,237.16000366210938,237.16000366210938,5342600
2026-08-20,236.0,237.5,233.02999877929688,233.69000244140625,233.69000244140625,4986900
2026-08-21,233.7100067138672,238.72000122070312,233.1199951171875,235.67999267578125,235.67999267578125,3888700
2026-08-24,234.3699951171875,234.49000549316406,230.47000122070312,231.0399932861328,231.0399932861328,4078300
2026-08-25,230.0,234.44000244140625,229.50999450683594,234.19000244140625,234.19000244140625,3022800
2026-08-26,230.6999969482422,234.22999572753906,228.9600067138672,229.8699951171875,229.8699951171875,4632000
2026-08-27,232.8000030517578,240.80999755859375,231.4499969482422,238.7899932861328,238.7899932861328,5501300
2026-08-28,238.3000030517578,239.0800018310547,235.08999633789062,235.58999633789062,235.58999633789062,3943300
2026-08-31,232.72999572753906,235.94000244140625,232.17999267578125,233.8699951171875,233.8699951171875,6096600
2026-09-01,231.0,233.08999633789062,229.89999389648438,231.39999389648438,231.39999389648438,3236800
2026-09-02,230.5500030517578,232.8800048828125,229.10000610351562,231.6999969482422,231.6999969482422,4653600
2026-09-03,234.3800048828125,238.2899932861328,232.82000732421875,234.7100067138672,234.7100067138672,4371500
2026-09-04,233.3300018310547,236.1699981689453,231.67999267578125,234.88999938964844,234.88999938964844,3721100
2026-09-08,232.9499969482422,233.39999389648438,230.1999969482422,232.08999633789062,232.08999633789062,4785300
2026-09-09,232.64999389648438,241.5,230.36000061035156,239.94000244140625,239.94000244140625,6397500
2026-09-10,238.17999267578125,242.30999755859375,231.8300018310547,234.02000427246094,234.02000427246094,5817600
2026-09-11,235.77999877929688,243.6300048828125,235.0,243.2899932861328,243.2899932861328,4914700
2026-09-14,249.41000366210938,251.3699951171875,244.1199951171875,249.08999633789062,249.08999633789062,6959400
2026-09-15,246.19000244140625,251.82000732421875,246.14999389648438,248.3699951171875,248.3699951171875,4516800
2026-09-16,240.5,243.33999633789062,235.41000366210938,237.49000549316406,237.49000549316406,6181800
2026-09-17,238.5800018310547,243.3699951171875,237.35000610351562,237.75,237.75,5901300
2026-09-18,237.85000610351562,237.88999938964844,229.3800048828125,229.5500030517578,229.5500030517578,13413800
2026-09-21,231.99000549316406,234.6999969482422,228.35000610351562,231.92999267578125,231.92999267578125,8200100
2026-09-22,234.47000122070312,236.1999969482422,230.0800018310547,231.3800048828125,231.3800048828125,4801500
2026-09-23,233.47000122070312,237.86000061035156,232.52999877929688,232.75999450683594,232.75999450683594,4536600
2026-09-24,232.0,232.6199951171875,226.00999450683594,227.05999755859375,227.05999755859375,4142400
2026-09-25,226.14999389648438,228.99000549316406,225.19000244140625,225.50999450683594,225.50999450683594,4143500
2026-09-28,222.5,223.13999938964844,219.22999572753906,220.6699981689453,220.6699981689453,5285800
2026-09-29,220.8699951171875,223.1199951171875,219.91000366210938,219.99000549316406,219.99000549316406,3762100
2026-09-30,220.6999969482422,222.3300018310547,218.60000610351562,219.92999267578125,219.92999267578125,4569800
