Date,Open,High,Low,Close,Adj Close,Volume
2020-12-31,48.75,50.189998626708984,48.720001220703125,49.81999969482422,45.038536071777344,28576800
2021-01-04,49.88999938964844,51.38999938964844,49.400001525878906,49.66999816894531,44.902931213378906,46102500
2021-01-05,49.45000076293945,50.83000183105469,49.33000183105469,50.61000061035156,45.75271987915039,24866600
2021-01-06,50.439998626708984,52.150001525878906,50.20000076293945,51.099998474121094,46.19569396972656,36809600
2021-01-07,51.4900016784668,52.689998626708984,51.29999923706055,52.189998626708984,47.18108367919922,32092300
2021-01-08,52.45000076293945,52.529998779296875,51.27000045776367,51.650001525878906,46.69290542602539,34625400
2021-01-11,51.290000915527344,52.2400016784668,51.25,51.540000915527344,46.59346389770508,32925000
2021-01-12,51.900001525878906,53.849998474121094,51.560001373291016,53.2400016784668,48.130306243896484,39883900
2021-01-13,59.5,60.25,56.900001525878906,56.95000076293945,51.48423767089844,124070700
2021-01-14,58.45000076293945,60.13999938964844,57.84000015258789,59.25,53.563499450683594,74680900
2021-01-15,58.849998474121094,59.650001525878906,57.5,57.58000183105469,52.05378341674805,50265400
2021-01-19,57.939998626708984,58.34000015258789,57.099998474121094,57.9900016784668,52.4244270324707,35647100
2021-01-20,58.2400016784668,59.220001220703125,58.09000015258789,58.66999816894531,53.03916931152344,28701300
2021-01-21,59.040000915527344,63.95000076293945,58.220001220703125,62.459999084472656,56.46541976928711,86519500
2021-01-22,58.849998474121094,59.619998931884766,56.650001525878906,56.65999984741211,51.222076416015625,85729300
2021-01-25,56.380001068115234,56.5,54.060001373291016,55.439998626708984,50.11915969848633,61968500
2021-01-26,55.279998779296875,56.20000076293945,54.849998474121094,55.209999084472656,49.91123962402344,31485900
2021-01-27,54.61000061035156,54.849998474121094,53.29999923706055,53.59000015258789,48.44670486450195,49722900
2021-01-28,54.790000915527344,57.400001525878906,54.70000076293945,56.06999969482422,50.688697814941406,49202600
2021-01-29,55.97999954223633,57.15999984741211,55.36000061035156,55.5099983215332,50.18243408203125,37256200
2021-02-01,55.95000076293945,57.38999938964844,55.709999084472656,56.689998626708984,51.24918746948242,26926600
2021-02-02,57.189998626708984,58.279998779296875,56.880001068115234,58.0,52.433467864990234,23580900
2021-02-03,57.88999938964844,58.33000183105469,57.380001068115234,57.68000030517578,52.14418029785156,21893200
2021-02-04,57.61000061035156,58.880001068115234,57.189998626708984,58.790000915527344,53.470245361328125,29853800
2021-02-05,59.0,59.08000183105469,58.119998931884766,58.18000030517578,52.91544723510742,23432600
2021-02-08,58.380001068115234,59.220001220703125,57.95000076293945,59.15999984741211,53.8067741394043,34358300
2021-02-09,58.77000045776367,59.310001373291016,57.939998626708984,58.779998779296875,53.46115493774414,28754100
2021-02-10,59.29999923706055,59.41999816894531,58.119998931884766,58.86000061035156,53.533912658691406,16325100
2021-02-11,59.099998474121094,60.9900016784668,58.86000061035156,60.65999984741211,55.17103958129883,27539100
2021-02-12,60.599998474121094,62.5099983215332,60.43000030517578,61.810001373291016,56.216983795166016,26214200
2021-02-16,62.0,62.869998931884766,61.70000076293945,62.470001220703125,56.8172607421875,26326300
2021-02-17,61.4900016784668,62.189998626708984,61.209999084472656,61.849998474121094,56.25335693359375,21055400
2021-02-18,60.650001525878906,61.97999954223633,60.63999938964844,61.61000061035156,56.035072326660156,17846100
2021-02-19,61.90999984741211,63.2599983215332,61.849998474121094,63.0099983215332,57.308387756347656,28290100
2021-02-22,61.880001068115234,62.70000076293945,60.65999984741211,60.709999084472656,55.21651077270508,32288200
2021-02-23,60.47999954223633,61.5,59.16999816894531,61.119998931884766,55.589412689208984,27374600
2021-02-24,60.529998779296875,63.279998779296875,60.380001068115234,63.189998626708984,57.472110748291016,24669900
2021-02-25,62.40999984741211,63.540000915527344,60.130001068115234,60.400001525878906,54.934574127197266,36394000
2021-02-26,60.88999938964844,61.689998626708984,59.68000030517578,60.779998779296875,55.280181884765625,38216800
2021-03-01,61.720001220703125,63.08000183105469,61.650001525878906,62.880001068115234,57.19016647338867,28495400
2021-03-02,62.79999923706055,63.13999938964844,61.11000061035156,61.2400016784668,55.69856262207031,23320000
2021-03-03,60.63999938964844,61.52000045776367,59.70000076293945,59.900001525878906,54.47980880737305,28740400
2021-03-04,59.83000183105469,60.2400016784668,57.90999984741211,58.33000183105469,53.05187225341797,40210400
2021-03-05,59.2599983215332,61.18000030517578,58.5099983215332,60.7400016784668,55.243797302246094,39511700
2021-03-08,60.470001220703125,61.70000076293945,59.720001220703125,59.849998474121094,54.43433380126953,33112400
2021-03-09,61.18000030517578,63.16999816894531,60.84000015258789,62.66999816894531,56.9991569519043,36387500
2021-03-10,63.220001220703125,64.12000274658203,62.130001068115234,62.25,56.617164611816406,27160300
2021-03-11,62.939998626708984,64.08999633789062,62.38999938964844,63.310001373291016,57.58124542236328,30701800
2021-03-12,62.650001525878906,63.29999923706055,62.2400016784668,62.900001525878906,57.20833969116211,20173000
2021-03-15,63.61000061035156,63.880001068115234,62.47999954223633,63.790000915527344,58.017818450927734,21247400
2021-03-16,64.1500015258789,65.7300033569336,64.08000183105469,64.77999877929688,58.918235778808594,30186600
2021-03-17,64.22000122070312,66.29000091552734,63.709999084472656,65.77999877929688,59.827735900878906,32394700
2021-03-18,65.62999725341797,65.69999694824219,63.650001525878906,63.72999954223633,57.96324157714844,30094200
2021-03-19,63.18000030517578,64.98999786376953,62.91999816894531,63.7599983215332,57.99052429199219,54951700
2021-03-22,64.81999969482422,66.37999725341797,64.55999755859375,65.62999725341797,59.691307067871094,34380100
2021-03-23,66.0,66.05000305175781,63.16999816894531,63.47999954223633,57.73585891723633,35160000
2021-03-24,66.58000183105469,67.44000244140625,61.9900016784668,62.040000915527344,56.42616653442383,74584700
2021-03-25,61.65999984741211,62.439998626708984,60.97999954223633,62.02000045776367,56.407981872558594,35401400
2021-03-26,61.79999923706055,64.97000122070312,61.77000045776367,64.87000274658203,59.00009536743164,34705800
2021-03-29,64.01000213623047,65.12999725341797,63.61000061035156,64.5,58.66355895996094,26161600
2021-03-30,63.77000045776367,64.0,63.150001525878906,63.77000045776367,57.99961853027344,20709500
2021-03-31,64.01000213623047,64.48999786376953,63.58000183105469,64.0,58.20880889892578,33013200
2021-04-01,64.72000122070312,64.88999938964844,63.58000183105469,64.55000305175781,58.709049224853516,31416300
2021-04-05,64.94999694824219,66.73999786376953,64.69999694824219,66.54000091552734,60.518978118896484,27947500
2021-04-06,66.05999755859375,66.58000183105469,65.29000091552734,65.55999755859375,59.627647399902344,28771400
2021-04-07,65.66999816894531,66.56999969482422,65.36000061035156,66.25,60.25520706176758,17793300
2021-04-08,66.97000122070312,67.29000091552734,66.36000061035156,67.05000305175781,60.982826232910156,22224200
2021-04-09,66.80000305175781,68.4000015258789,66.62999725341797,68.26000213623047,62.083335876464844,27177100
2021-04-12,68.19999694824219,68.48999786376953,64.70999908447266,65.41000366210938,59.49122619628906,51266900
2021-04-13,65.61000061035156,65.62999725341797,64.20999908447266,65.22000122070312,59.31840896606445,26822000
2021-04-14,65.30999755859375,65.37999725341797,63.84000015258789,64.19000244140625,58.381614685058594,25768400
2021-04-15,63.970001220703125,65.22000122070312,63.68000030517578,65.0199966430664,59.13652038574219,24927700
2021-04-16,65.33000183105469,65.5199966430664,64.56999969482422,64.75,58.89094924926758,24625500
2021-04-19,64.69999694824219,64.73999786376953,63.06999969482422,63.630001068115234,57.872291564941406,23997700
2021-04-20,63.63999938964844,63.7599983215332,62.40999984741211,62.70000076293945,57.02644348144531,19872100
2021-04-21,62.790000915527344,63.779998779296875,62.29999923706055,63.70000076293945,57.93595886230469,24364200
2021-04-22,63.349998474121094,63.90999984741211,62.279998779296875,62.56999969482422,56.908203125,38257600
2021-04-23,59.15999984741211,60.0,57.900001525878906,59.2400016784668,53.87953186035156,77479500
2021-04-26,59.099998474121094,59.52000045776367,58.459999084472656,58.7599983215332,53.44295883178711,39645900
2021-04-27,58.560001373291016,58.630001068115234,57.77000045776367,57.970001220703125,52.724449157714844,38167700
2021-04-28,57.52000045776367,58.15999984741211,57.150001525878906,57.619998931884766,52.4061164855957,30387400
2021-04-29,57.880001068115234,58.29999923706055,57.470001220703125,58.279998779296875,53.00638961791992,23290600
2021-04-30,57.61000061035156,58.43000030517578,57.06999969482422,57.529998779296875,52.32426452636719,30731800
2021-05-03,57.86000061035156,57.880001068115234,56.84000015258789,57.2599983215332,52.07868957519531,22281700
2021-05-04,56.880001068115234,56.97999954223633,55.810001373291016,56.900001525878906,51.75127029418945,35323600
2021-05-05,56.959999084472656,57.29999923706055,56.459999084472656,56.849998474121094,51.70579147338867,21001900
2021-05-06,56.619998931884766,57.25,56.25,57.189998626708984,52.33539581298828,25529300
2021-05-07,57.70000076293945,58.0099983215332,57.2400016784668,57.66999816894531,52.7746467590332,19959000
2021-05-10,57.150001525878906,57.22999954223633,55.880001068115234,55.970001220703125,51.218955993652344,35046500
2021-05-11,55.04999923706055,55.630001068115234,54.29999923706055,55.040000915527344,50.367897033691406,35968100
2021-05-12,54.38999938964844,54.650001525878906,53.41999816894531,53.619998931884766,49.06843948364258,30232300
2021-05-13,54.040000915527344,54.38999938964844,53.459999084472656,54.0099983215332,49.42533493041992,29192500
2021-05-14,54.599998474121094,55.849998474121094,54.2599983215332,55.349998474121094,50.65158462524414,28158300
2021-05-17,55.290000915527344,55.88999938964844,54.7599983215332,55.33000183105469,50.633277893066406,20010200
2021-05-18,55.95000076293945,56.13999938964844,54.79999923706055,54.84000015258789,50.184879302978516,18703400
2021-05-19,54.06999969482422,55.43000030517578,53.84000015258789,55.36000061035156,50.660728454589844,23769700
2021-05-20,55.56999969482422,56.2400016784668,55.36000061035156,55.95000076293945,51.20064926147461,23145200
2021-05-21,56.41999816894531,56.709999084472656,55.97999954223633,56.08000183105469,51.31962203979492,17723100
2021-05-24,56.650001525878906,57.38999938964844,56.400001525878906,56.959999084472656,52.12491989135742,19164400
2021-05-25,57.560001373291016,57.560001373291016,56.41999816894531,56.869998931884766,52.04255294799805,22309900
2021-05-26,57.04999923706055,57.22999954223633,56.59000015258789,56.91999816894531,52.088314056396484,15173600
2021-05-27,57.11000061035156,57.880001068115234,57.0,57.72999954223633,52.829559326171875,32387600
2021-05-28,57.54999923706055,57.650001525878906,56.939998626708984,57.119998931884766,52.271339416503906,20303900
2021-06-01,57.61000061035156,57.81999969482422,56.59000015258789,56.88999938964844,52.06085968017578,20326400
2021-06-02,56.90999984741211,57.689998626708984,56.7599983215332,57.47999954223633,52.60077667236328,18483600
2021-06-03,56.97999954223633,57.099998474121094,56.09000015258789,56.2400016784668,51.46603775024414,21831300
2021-06-04,56.54999923706055,57.75,56.540000915527344,57.369998931884766,52.50011444091797,21493800
2021-06-07,57.40999984741211,57.439998626708984,56.779998779296875,57.09000015258789,52.24388122558594,17364400
2021-06-08,57.45000076293945,57.63999938964844,56.599998474121094,57.0,52.16151809692383,33254500
2021-06-09,57.36000061035156,57.47999954223633,56.970001220703125,57.0,52.16151809692383,13904800
2021-06-10,57.150001525878906,58.029998779296875,56.93000030517578,57.380001068115234,52.50925827026367,26738100
2021-06-11,57.470001220703125,57.939998626708984,56.95000076293945,57.849998474121094,52.93936538696289,18119700
2021-06-14,58.02000045776367,58.20000076293945,57.22999954223633,58.189998626708984,53.25050735473633,21784500
2021-06-15,58.209999084472656,58.41999816894531,57.79999923706055,57.9900016784668,53.06748580932617,20806500
2021-06-16,58.150001525878906,58.369998931884766,56.77000045776367,57.220001220703125,52.362850189208984,21879700
2021-06-17,57.04999923706055,57.900001525878906,56.70000076293945,57.18000030517578,52.326236724853516,21498800
2021-06-18,56.68000030517578,56.75,55.099998474121094,55.66999816894531,50.944419860839844,55118300
2021-06-21,55.75,56.040000915527344,55.369998931884766,55.869998931884766,51.127437591552734,19254600
2021-06-22,55.939998626708984,56.279998779296875,55.5,55.869998931884766,51.127437591552734,18682800
2021-06-23,55.869998931884766,55.970001220703125,55.22999954223633,55.2599983215332,50.5692138671875,20287900
2021-06-24,55.4900016784668,56.099998474121094,55.34000015258789,56.06999969482422,51.31046676635742,21209700
2021-06-25,56.02000045776367,56.40999984741211,55.75,55.90999984741211,51.16404724121094,21101200
2021-06-28,56.36000061035156,57.72999954223633,56.34000015258789,57.47999954223633,52.60077667236328,22480900
2021-06-29,57.54999923706055,57.83000183105469,55.880001068115234,56.75,51.932743072509766,26360000
2021-06-30,56.34000015258789,56.380001068115234,55.38999938964844,56.13999938964844,51.37452697753906,29891600
2021-07-01,56.130001068115234,56.63999938964844,55.869998931884766,56.0099983215332,51.25555419921875,24871600
2021-07-02,56.54999923706055,56.9900016784668,56.31999969482422,56.7599983215332,51.941898345947266,17219400
2021-07-06,56.91999816894531,57.0099983215332,55.70000076293945,56.09000015258789,51.328765869140625,26186600
2021-07-07,56.369998931884766,56.45000076293945,55.709999084472656,55.959999084472656,51.20980453491211,14857400
2021-07-08,55.310001373291016,55.720001220703125,54.790000915527344,55.38999938964844,50.688194274902344,19162000
2021-07-09,55.5099983215332,56.11000061035156,55.310001373291016,55.9900016784668,51.23725891113281,18708000
2021-07-12,56.2599983215332,56.7599983215332,56.11000061035156,56.72999954223633,51.91443634033203,15392800
2021-07-13,56.619998931884766,57.29999923706055,56.34000015258789,56.869998931884766,52.04255294799805,15716000
2021-07-14,57.16999816894531,57.459999084472656,56.33000183105469,56.52000045776367,51.72226333618164,16263600
2021-07-15,56.400001525878906,56.400001525878906,55.56999969482422,55.810001373291016,51.072540283203125,18917000
2021-07-16,56.04999923706055,56.93000030517578,54.900001525878906,54.970001220703125,50.30384063720703,25263800
2021-07-19,54.40999984741211,54.810001373291016,53.970001220703125,54.63999938964844,50.00184631347656,27007700
2021-07-20,54.91999816894531,55.560001373291016,54.27000045776367,55.2400016784668,50.550933837890625,19867000
2021-07-21,55.18000030517578,56.279998779296875,55.0099983215332,56.22999954223633,51.45688247680664,18497200
2021-07-22,56.060001373291016,56.540000915527344,55.68000030517578,55.959999084472656,51.20980453491211,36691000
2021-07-23,54.58000183105469,54.709999084472656,52.31999969482422,53.0,48.501068115234375,67742300
2021-07-26,52.810001373291016,54.540000915527344,52.7599983215332,54.310001373291016,49.69987487792969,32881200
2021-07-27,53.119998931884766,53.20000076293945,52.310001373291016,53.18000030517578,48.6657829284668,39878000
2021-07-28,53.029998779296875,53.91999816894531,52.939998626708984,53.06999969482422,48.565128326416016,28478800
2021-07-29,53.47999954223633,54.099998474121094,53.31999969482422,53.70000076293945,49.14165115356445,16886600
2021-07-30,53.650001525878906,53.900001525878906,53.25,53.720001220703125,49.15994644165039,16465700
2021-08-02,53.9900016784668,54.470001220703125,53.540000915527344,53.68000030517578,49.12333679199219,18098100
2021-08-03,53.88999938964844,54.15999984741211,53.2599983215332,54.060001373291016,49.47108840942383,16375900
2021-08-04,54.25,54.439998626708984,53.70000076293945,53.900001525878906,49.324668884277344,17612700
2021-08-05,53.9900016784668,54.02000045776367,53.58000183105469,53.88999938964844,49.635986328125,15310000
2021-08-06,53.86000061035156,54.130001068115234,53.72999954223633,53.91999816894531,49.663612365722656,19256000
2021-08-09,54.08000183105469,54.40999984741211,53.83000183105469,54.04999923706055,49.783355712890625,14670100
2021-08-10,54.2400016784668,54.38999938964844,53.5099983215332,53.939998626708984,49.68204116821289,16215700
2021-08-11,54.2599983215332,54.36000061035156,53.84000015258789,54.13999938964844,49.86625289916992,18590800
2021-08-12,54.16999816894531,54.18000030517578,53.2599983215332,53.540000915527344,49.3136100769043,15070100
2021-08-13,53.5,53.560001373291016,53.060001373291016,53.4900016784668,49.267555236816406,15281100
2021-08-16,53.22999954223633,53.4900016784668,53.0,53.470001220703125,49.249141693115234,17690300
2021-08-17,53.16999816894531,53.18000030517578,52.220001220703125,52.689998626708984,48.53071594238281,22014900
2021-08-18,52.599998474121094,53.029998779296875,52.11000061035156,52.189998626708984,48.07017517089844,15061700
2021-08-19,52.04999923706055,52.66999816894531,51.58000183105469,52.439998626708984,48.300445556640625,22999400
2021-08-20,52.15999984741211,52.380001068115234,51.41999816894531,52.0099983215332,47.904388427734375,25728300
2021-08-23,52.59000015258789,53.540000915527344,52.47999954223633,53.22999954223633,49.02808380126953,23976300
2021-08-24,53.560001373291016,53.970001220703125,53.310001373291016,53.810001373291016,49.56230163574219,20348800
2021-08-25,54.08000183105469,54.22999954223633,53.72999954223633,53.810001373291016,49.56230163574219,15048400
2021-08-26,53.75,53.75,52.970001220703125,53.130001068115234,48.93598175048828,19570000
2021-08-27,53.36000061035156,53.939998626708984,52.91999816894531,53.88999938964844,49.635986328125,16525000
2021-08-30,54.2599983215332,54.869998931884766,53.7599983215332,53.939998626708984,49.68204116821289,14581300
2021-08-31,54.439998626708984,54.5,53.65999984741211,54.060001373291016,49.79256820678711,22350100
2021-09-01,54.11000061035156,54.15999984741211,53.529998779296875,53.66999816894531,49.433345794677734,18615000
2021-09-02,53.79999923706055,53.88999938964844,53.349998474121094,53.72999954223633,49.488616943359375,15869500
2021-09-03,53.439998626708984,54.08000183105469,53.31999969482422,53.5099983215332,49.28598403930664,13456200
2021-09-07,53.56999969482422,53.95000076293945,53.439998626708984,53.650001525878906,49.41493225097656,13915000
2021-09-08,53.72999954223633,53.91999816894531,52.9900016784668,53.56999969482422,49.34124755859375,18235100
2021-09-09,53.65999984741211,53.88999938964844,53.34000015258789,53.400001525878906,49.184669494628906,13495800
2021-09-10,53.849998474121094,54.97999954223633,53.810001373291016,53.84000015258789,49.589935302734375,20324700
2021-09-13,54.61000061035156,55.4900016784668,54.40999984741211,54.9900016784668,50.64915466308594,22639200
2021-09-14,55.369998931884766,55.439998626708984,54.27000045776367,54.52000045776367,50.21625900268555,22072700
2021-09-15,54.66999816894531,55.150001525878906,54.41999816894531,55.119998931884766,50.768890380859375,18796200
2021-09-16,54.86000061035156,54.95000076293945,54.2400016784668,54.83000183105469,50.50178527832031,19863100
2021-09-17,54.59000015258789,54.59000015258789,53.66999816894531,54.2599983215332,49.976783752441406,35359200
2021-09-20,53.209999084472656,53.5,52.31999969482422,52.97999954223633,48.79781723022461,35051900
2021-09-21,53.20000076293945,53.45000076293945,52.83000183105469,52.869998931884766,48.69650650024414,17968900
2021-09-22,53.400001525878906,53.869998931884766,53.0,53.5,49.27677536010742,18594100
2021-09-23,53.75,54.29999923706055,53.599998474121094,54.029998779296875,49.76493453979492,16474300
2021-09-24,53.779998779296875,54.41999816894531,53.72999954223633,54.220001220703125,49.939937591552734,12976200
2021-09-27,53.939998626708984,54.869998931884766,53.81999969482422,54.65999984741211,50.34519958496094,13899900
2021-09-28,54.18000030517578,54.59000015258789,53.959999084472656,54.0,49.737308502197266,24691300
2021-09-29,54.0,54.04999923706055,53.18000030517578,53.4900016784668,49.267555236816406,20514300
2021-09-30,53.7599983215332,53.97999954223633,53.2599983215332,53.279998779296875,49.07413864135742,20534100
2021-10-01,53.650001525878906,54.11000061035156,53.04999923706055,53.86000061035156,49.60835647583008,19895100
2021-10-04,53.93000030517578,54.33000183105469,53.08000183105469,53.470001220703125,49.249141693115234,27353300
2021-10-05,53.54999923706055,54.34000015258789,53.47999954223633,53.95000076293945,49.691253662109375,18129400
2021-10-06,53.47999954223633,54.06999969482422,53.06999969482422,53.97999954223633,49.71888732910156,20059600
2021-10-07,54.31999969482422,54.9900016784668,54.119998931884766,54.18000030517578,49.90309143066406,20704400
2021-10-08,54.54999923706055,54.58000183105469,53.70000076293945,53.810001373291016,49.56230163574219,16068000
2021-10-11,53.810001373291016,54.40999984741211,53.41999816894531,53.439998626708984,49.22150802612305,14398800
2021-10-12,53.56999969482422,53.720001220703125,52.0099983215332,52.16999816894531,48.0517578125,32784300
2021-10-13,52.380001068115234,52.58000183105469,51.869998931884766,52.2599983215332,48.13465118408203,18534000
2021-10-14,52.900001525878906,54.0,52.72999954223633,53.900001525878906,49.645198822021484,26586700
2021-10-15,54.20000076293945,54.4900016784668,53.810001373291016,54.459999084472656,50.160987854003906,25231100
2021-10-18,54.189998626708984,54.560001373291016,53.720001220703125,54.470001220703125,50.17020034790039,22407600
2021-10-19,54.630001068115234,55.220001220703125,54.369998931884766,55.209999084472656,50.85179138183594,18392900
2021-10-20,55.25,55.4900016784668,55.08000183105469,55.369998931884766,50.9991569519043,16850300
2021-10-21,54.93000030517578,56.06999969482422,54.83000183105469,56.0,51.57943344116211,38390900
2021-10-22,50.38999938964844,50.54999923706055,49.13999938964844,49.459999084472656,45.55568313598633,109971900
2021-10-25,49.83000183105469,50.06999969482422,49.310001373291016,49.40999984741211,45.50963592529297,43178800
2021-10-26,49.400001525878906,49.439998626708984,47.93000030517578,48.279998779296875,44.46883010864258,68405400
2021-10-27,48.52000045776367,48.81999969482422,47.869998931884766,47.88999938964844,44.10962677001953,41081500
2021-10-28,48.13999938964844,48.36000061035156,47.880001068115234,48.08000183105469,44.28461456298828,31317200
2021-10-29,48.099998474121094,49.279998779296875,47.91999816894531,49.0,45.13199996948242,42301000
2021-11-01,49.400001525878906,49.599998474121094,49.0,49.54999923706055,45.63858413696289,28013700
2021-11-02,49.61000061035156,49.900001525878906,49.22999954223633,49.86000061035156,45.924110412597656,27193300
2021-11-03,49.93000030517578,50.45000076293945,49.709999084472656,50.38999938964844,46.41227340698242,23962100
2021-11-04,50.2400016784668,50.349998474121094,49.72999954223633,50.310001373291016,46.66083908081055,24806000
2021-11-05,50.54999923706055,51.58000183105469,50.540000915527344,50.91999816894531,47.226585388183594,36816200
2021-11-08,51.459999084472656,51.9900016784668,51.060001373291016,51.54999923706055,47.810890197753906,31647800
2021-11-09,51.540000915527344,51.77000045776367,50.77000045776367,51.20000076293945,47.48627853393555,22508400
2021-11-10,50.97999954223633,51.38999938964844,50.709999084472656,50.7599983215332,47.078189849853516,25040700
2021-11-11,51.0099983215332,51.06999969482422,50.40999984741211,50.529998779296875,46.864871978759766,25420000
2021-11-12,50.599998474121094,50.900001525878906,50.18000030517578,50.310001373291016,46.66083908081055,23884800
2021-11-15,50.40999984741211,50.630001068115234,50.119998931884766,50.31999969482422,46.670108795166016,24695800
2021-11-16,50.369998931884766,51.150001525878906,50.34000015258789,50.61000061035156,46.939064025878906,30927800
2021-11-17,50.599998474121094,50.939998626708984,49.97999954223633,50.22999954223633,46.58662796020508,23546900
2021-11-18,50.2400016784668,50.2400016784668,48.970001220703125,49.68000030517578,46.076534271240234,30658200
2021-11-19,49.599998474121094,49.72999954223633,49.2400016784668,49.52000045776367,45.928138732910156,27607600
2021-11-22,49.54999923706055,50.849998474121094,49.40999984741211,49.83000183105469,46.21565628051758,33389600
2021-11-23,50.15999984741211,50.45000076293945,48.63999938964844,49.099998474121094,45.53860092163086,44713300
2021-11-24,48.86000061035156,49.779998779296875,48.630001068115234,49.7599983215332,46.150726318359375,26035800
2021-11-26,48.900001525878906,49.18000030517578,48.119998931884766,48.779998779296875,45.2418098449707,25269000
2021-11-29,49.29999923706055,50.130001068115234,48.720001220703125,50.0,46.37331771850586,31478900
2021-11-30,49.5,50.400001525878906,48.68000030517578,49.20000076293945,45.63134765625,49460800
2021-12-01,49.84000015258789,50.310001373291016,48.52000045776367,48.599998474121094,45.07486343383789,35093500
2021-12-02,48.61000061035156,49.790000915527344,48.33000183105469,49.5,45.90958023071289,37240800
2021-12-03,49.68000030517578,50.060001373291016,48.7599983215332,49.25,45.67771911621094,32224900
2021-12-06,49.47999954223633,51.209999084472656,49.18000030517578,50.9900016784668,47.2915153503418,40336000
2021-12-07,54.65999984741211,55.0,52.209999084472656,52.56999969482422,48.75690460205078,91731500
2021-12-08,52.56999969482422,52.880001068115234,51.380001068115234,51.75,47.99639129638672,37143400
2021-12-09,51.29999923706055,51.59000015258789,50.43000030517578,50.47999954223633,46.818504333496094,31694200
2021-12-10,50.84000015258789,51.06999969482422,50.04999923706055,50.59000015258789,46.920528411865234,23783600
2021-12-13,50.849998474121094,51.02000045776367,49.95000076293945,50.0,46.37331771850586,35726900
2021-12-14,49.81999969482422,50.27000045776367,49.31999969482422,49.70000076293945,46.09507751464844,34120400
2021-12-15,49.869998931884766,50.779998779296875,49.33000183105469,50.66999816894531,46.99471664428711,32590300
2021-12-16,50.7400016784668,51.400001525878906,50.58000183105469,50.83000183105469,47.14311981201172,33132300
2021-12-17,50.59000015258789,51.02000045776367,50.0099983215332,50.619998931884766,46.94834899902344,50102300
2021-12-20,49.90999984741211,50.130001068115234,48.959999084472656,49.599998474121094,46.00233459472656,30140300
2021-12-21,49.939998626708984,50.84000015258789,49.939998626708984,50.77000045776367,47.08747100830078,31956300
2021-12-22,50.63999938964844,51.02000045776367,50.209999084472656,50.970001220703125,47.2729606628418,23307900
2021-12-23,51.08000183105469,51.72999954223633,51.04999923706055,51.310001373291016,47.58830261230469,25198200
2021-12-27,51.349998474121094,52.060001373291016,51.29999923706055,51.939998626708984,48.17259979248047,20985400
2021-12-28,51.93000030517578,52.119998931884766,51.630001068115234,51.7599983215332,48.00565719604492,19290400
2021-12-29,51.810001373291016,52.13999938964844,51.65999984741211,51.83000183105469,48.07058334350586,14174800
2021-12-30,51.91999816894531,52.13999938964844,51.650001525878906,51.7400016784668,47.98711395263672,18359400
2021-12-31,51.88999938964844,52.15999984741211,51.459999084472656,51.5,47.7645263671875,16319000
2022-01-03,51.650001525878906,53.22999954223633,51.599998474121094,53.209999084472656,49.350486755371094,33857600
2022-01-04,53.56999969482422,53.939998626708984,52.650001525878906,53.13999938964844,49.285560607910156,45681400
2022-01-05,54.189998626708984,56.16999816894531,53.83000183105469,53.869998931884766,49.96261215209961,59109300
2022-01-06,54.61000061035156,54.66999816894531,53.41999816894531,54.0099983215332,50.09245300292969,35757900
2022-01-07,54.189998626708984,54.38999938964844,53.150001525878906,53.439998626708984,49.56380081176758,30717200
2022-01-10,53.970001220703125,55.310001373291016,53.310001373291016,55.209999084472656,51.20541763305664,49260800
2022-01-11,55.5,56.08000183105469,54.72999954223633,55.90999984741211,51.854644775390625,39795200
2022-01-12,56.13999938964844,56.279998779296875,54.810001373291016,55.7400016784668,51.69697952270508,29136800
2022-01-13,56.0,56.209999084472656,54.77000045776367,54.939998626708984,50.95500564575195,29605400
2022-01-14,54.849998474121094,55.77000045776367,54.529998779296875,55.70000076293945,51.65988540649414,30151500
2022-01-18,55.310001373291016,55.650001525878906,54.68000030517578,54.7599983215332,50.788055419921875,35313800
2022-01-19,54.630001068115234,54.849998474121094,53.560001373291016,53.619998931884766,49.73073959350586,30595100
2022-01-20,53.86000061035156,54.09000015258789,51.939998626708984,52.040000915527344,48.265350341796875,28582600
2022-01-21,52.08000183105469,53.130001068115234,51.95000076293945,52.040000915527344,48.265350341796875,46372400
2022-01-24,51.47999954223633,52.130001068115234,49.880001068115234,51.939998626708984,48.17259979248047,64198400
2022-01-25,51.0099983215332,51.619998931884766,50.25,51.0,47.300785064697266,44095400
2022-01-26,51.130001068115234,52.720001220703125,50.75,51.689998626708984,47.940738677978516,54895400
2022-01-27,49.97999954223633,50.060001373291016,47.779998779296875,48.04999923706055,44.56475830078125,89642800
2022-01-28,47.709999084472656,48.20000076293945,46.29999923706055,47.72999954223633,44.26797103881836,61945400
2022-01-31,47.68000030517578,48.869998931884766,47.310001373291016,48.81999969482422,45.278907775878906,51828400
2022-02-01,48.779998779296875,49.029998779296875,48.36000061035156,48.95000076293945,45.399478912353516,35386100
2022-02-02,48.25,49.58000183105469,48.09000015258789,49.5099983215332,45.918853759765625,37962700
2022-02-03,49.25,49.689998626708984,48.25,48.279998779296875,44.778072357177734,42145800
2022-02-04,47.86000061035156,48.2400016784668,47.130001068115234,48.0099983215332,44.866859436035156,32431500
2022-02-07,48.130001068115234,48.65999984741211,47.959999084472656,48.18000030517578,45.025726318359375,27558500
2022-02-08,47.97999954223633,48.939998626708984,47.900001525878906,48.810001373291016,45.61448669433594,28051200
2022-02-09,49.33000183105469,49.970001220703125,48.83000183105469,49.90999984741211,46.64247512817383,35217300
2022-02-10,49.18000030517578,49.93000030517578,48.7599983215332,48.86000061035156,45.66121292114258,32762700
2022-02-11,48.95000076293945,49.11000061035156,47.5,47.630001068115234,44.511741638183594,37208200
2022-02-14,47.91999816894531,48.18000030517578,47.11000061035156,47.58000183105469,44.46501541137695,28456900
2022-02-15,47.70000076293945,48.459999084472656,47.189998626708984,48.439998626708984,45.26870346069336,35837900
2022-02-16,48.060001373291016,48.4900016784668,47.599998474121094,48.22999954223633,45.072444915771484,26022900
2022-02-17,47.86000061035156,48.2599983215332,47.380001068115234,47.56999969482422,44.455657958984375,32030600
2022-02-18,46.189998626708984,46.209999084472656,44.5099983215332,45.040000915527344,42.09130096435547,76520100
2022-02-22,44.689998626708984,45.40999984741211,43.849998474121094,44.689998626708984,41.764217376708984,57093300
2022-02-23,45.16999816894531,45.709999084472656,44.54999923706055,44.650001525878906,41.726829528808594,38176700
2022-02-24,43.900001525878906,46.790000915527344,43.630001068115234,46.720001220703125,43.66131591796875,72740100
2022-02-25,46.93000030517578,47.790000915527344,46.25,47.709999084472656,44.58649444580078,39266300
2022-02-28,47.0,47.81999969482422,46.849998474121094,47.70000076293945,44.577152252197266,41946100
2022-03-01,47.540000915527344,47.900001525878906,46.220001220703125,46.81999969482422,43.754764556884766,53853000
2022-03-02,47.52000045776367,48.9900016784668,47.47999954223633,48.869998931884766,45.670555114746094,46936500
2022-03-03,48.18000030517578,48.54999923706055,47.619998931884766,47.93000030517578,44.79209518432617,36389900
2022-03-04,47.369998931884766,48.27000045776367,47.369998931884766,48.06999969482422,44.92292785644531,38310700
2022-03-07,48.0099983215332,48.540000915527344,47.599998474121094,47.68000030517578,44.5584602355957,43813700
2022-03-08,47.689998626708984,48.720001220703125,46.88999938964844,47.5,44.39024353027344,44813900
2022-03-09,48.40999984741211,48.459999084472656,46.88999938964844,47.630001068115234,44.511741638183594,36076500
2022-03-10,47.290000915527344,47.310001373291016,46.15999984741211,46.65999984741211,43.60523986816406,36456000
2022-03-11,47.150001525878906,47.279998779296875,45.77000045776367,45.83000183105469,42.82958221435547,27082100
2022-03-14,45.900001525878906,45.97999954223633,44.29999923706055,44.400001525878906,41.493202209472656,35993900
2022-03-15,44.5,44.900001525878906,44.06999969482422,44.810001373291016,41.8763542175293,34448900
2022-03-16,45.29999923706055,46.630001068115234,45.27000045776367,46.630001068115234,43.577205657958984,38885500
2022-03-17,46.31999969482422,47.290000915527344,45.72999954223633,47.13999938964844,44.05381393432617,28555000
2022-03-18,46.81999969482422,47.599998474121094,46.349998474121094,47.45000076293945,44.3435173034668,46237100
2022-03-21,47.459999084472656,47.88999938964844,47.06999969482422,47.38999938964844,44.28744888305664,32910900
2022-03-22,47.5,48.470001220703125,47.400001525878906,48.38999938964844,45.22197723388672,27923300
2022-03-23,48.459999084472656,49.58000183105469,48.060001373291016,48.27000045776367,45.109840393066406,37126400
2022-03-24,48.65999984741211,51.650001525878906,48.59000015258789,51.619998931884766,48.240516662597656,51677900
2022-03-25,50.689998626708984,51.97999954223633,50.45000076293945,51.83000183105469,48.436767578125,33239800
2022-03-28,51.36000061035156,51.56999969482422,50.560001373291016,51.5099983215332,48.13771438598633,22932400
2022-03-29,52.0,52.290000915527344,51.279998779296875,52.25,48.82926940917969,27303700
2022-03-30,52.25,52.5099983215332,51.220001220703125,51.43000030517578,48.06295394897461,24623300
2022-03-31,51.20000076293945,51.2599983215332,49.5099983215332,49.560001373291016,46.31537628173828,43698300
2022-04-01,49.83000183105469,49.900001525878906,47.33000183105469,48.11000061035156,44.96031188964844,46598600
2022-04-04,48.16999816894531,49.22999954223633,47.91999816894531,49.20000076293945,45.97895050048828,23784900
2022-04-05,48.83000183105469,48.97999954223633,48.02000045776367,48.130001068115234,44.979000091552734,25779200
2022-04-06,47.439998626708984,48.16999816894531,47.2400016784668,47.540000915527344,44.42763137817383,31518700
2022-04-07,47.43000030517578,47.90999984741211,46.77000045776367,47.560001373291016,44.44631576538086,24117000
2022-04-08,47.279998779296875,47.58000183105469,46.849998474121094,47.02000045776367,43.94167709350586,22167300
2022-04-11,46.900001525878906,47.29999923706055,46.529998779296875,46.56999969482422,43.52113723754883,30352500
2022-04-12,47.31999969482422,47.90999984741211,46.40999984741211,46.5,43.45571517944336,29861400
2022-04-13,46.75,47.27000045776367,46.54999923706055,47.0099983215332,43.93231964111328,22171300
2022-04-14,46.75,46.75,45.619998931884766,45.66999816894531,42.680049896240234,36181800
2022-04-18,45.529998779296875,46.88999938964844,45.52000045776367,46.63999938964844,43.58654022216797,25593100
2022-04-19,46.599998474121094,48.0,46.34000015258789,47.93000030517578,44.79209518432617,31483100
2022-04-20,48.36000061035156,48.75,47.97999954223633,48.11000061035156,44.96031188964844,22787100
2022-04-21,48.619998931884766,48.900001525878906,47.400001525878906,47.5,44.39024353027344,27316900
2022-04-22,47.45000076293945,47.650001525878906,46.5,46.540000915527344,43.493099212646484,28219900
2022-04-25,46.209999084472656,47.13999938964844,46.18000030517578,47.060001373291016,43.97904968261719,35999300
2022-04-26,46.689998626708984,46.84000015258789,45.5099983215332,45.52000045776367,42.53987121582031,35356600
2022-04-27,45.47999954223633,46.060001373291016,45.0099983215332,45.220001220703125,42.25951385498047,28320900
2022-04-28,45.790000915527344,47.27000045776367,45.540000915527344,46.84000015258789,43.7734489440918,41097000
2022-04-29,44.9900016784668,45.36000061035156,43.5,43.59000015258789,40.736228942871094,70765900
2022-05-02,43.720001220703125,44.9900016784668,43.5099983215332,44.959999084472656,42.01653289794922,45446500
2022-05-03,44.790000915527344,45.4900016784668,44.22999954223633,45.060001373291016,42.109989166259766,40158400
2022-05-04,45.060001373291016,46.63999938964844,44.40999984741211,46.540000915527344,43.493099212646484,44625600
2022-05-05,45.599998474121094,45.90999984741211,44.130001068115234,44.599998474121094,42.009578704833984,52996700
2022-05-06,44.4900016784668,45.150001525878906,43.84000015258789,44.29999923706055,41.72700119018555,40916600
2022-05-09,43.810001373291016,44.20000076293945,42.869998931884766,43.06999969482422,40.568443298339844,44925800
2022-05-10,44.349998474121094,44.7400016784668,43.5,44.0099983215332,41.4538459777832,42770000
2022-05-11,44.02000045776367,44.290000915527344,42.779998779296875,42.83000183105469,40.34238052368164,40351700
2022-05-12,42.72999954223633,42.90999984741211,42.0099983215332,42.84000015258789,40.351802825927734,42329600
2022-05-13,43.41999816894531,43.84000015258789,42.970001220703125,43.599998474121094,41.06764602661133,32034100
2022-05-16,43.41999816894531,43.61000061035156,42.790000915527344,43.08000183105469,40.57786178588867,25071900
2022-05-17,43.81999969482422,44.41999816894531,43.650001525878906,44.400001525878906,41.82119369506836,28596600
2022-05-18,43.97999954223633,43.97999954223633,42.220001220703125,42.349998474121094,39.890254974365234,35218400
2022-05-19,42.31999969482422,42.70000076293945,41.720001220703125,42.0099983215332,39.56999969482422,29181000
2022-05-20,42.25,42.290000915527344,40.310001373291016,41.650001525878906,39.23091506958008,44802300
2022-05-23,41.689998626708984,42.25,41.33000183105469,42.0,39.560585021972656,27199500
2022-05-24,41.70000076293945,41.88999938964844,41.099998474121094,41.66999816894531,39.24974822998047,29837500
2022-05-25,41.439998626708984,42.52000045776367,41.38999938964844,42.20000076293945,39.74897384643555,26283100
2022-05-26,42.16999816894531,43.68000030517578,42.08000183105469,43.47999954223633,40.954620361328125,28826700
2022-05-27,43.59000015258789,44.54999923706055,43.54999923706055,44.54999923706055,41.96247863769531,30553300
2022-05-31,44.25,44.75,43.650001525878906,44.41999816894531,41.84002685546875,41111500
2022-06-01,44.77000045776367,44.93000030517578,43.529998779296875,44.11000061035156,41.54802703857422,29885500
2022-06-02,44.189998626708984,44.880001068115234,43.939998626708984,44.84000015258789,42.23563766479492,28727600
2022-06-03,44.11000061035156,44.25,43.34000015258789,43.38999938964844,40.869850158691406,33174700
2022-06-06,43.810001373291016,44.040000915527344,43.08000183105469,43.34000015258789,40.822757720947266,25437100
2022-06-07,43.060001373291016,43.59000015258789,42.65999984741211,43.529998779296875,41.00171661376953,25168700
2022-06-08,42.25,42.2599983215332,41.029998779296875,41.22999954223633,38.83531188964844,59649900
2022-06-09,41.0099983215332,41.349998474121094,40.0099983215332,40.0099983215332,37.686161041259766,39047200
2022-06-10,39.849998474121094,40.08000183105469,39.18000030517578,39.18000030517578,36.90437316894531,43066200
2022-06-13,38.54999923706055,38.810001373291016,37.66999816894531,37.77000045776367,35.576271057128906,50335900
2022-06-14,38.0099983215332,38.20000076293945,37.540000915527344,37.93000030517578,35.72697830200195,31351700
2022-06-15,38.560001373291016,39.16999816894531,37.91999816894531,38.650001525878906,36.4051513671875,37652300
2022-06-16,37.70000076293945,37.790000915527344,36.93000030517578,37.34000015258789,35.17124557495117,45576500
2022-06-17,37.47999954223633,38.119998931884766,36.599998474121094,36.970001220703125,34.82273483276367,71393200
2022-06-21,37.36000061035156,38.029998779296875,37.33000183105469,37.72999954223633,35.53858947753906,34004900
2022-06-22,37.33000183105469,37.77000045776367,37.220001220703125,37.380001068115234,35.208919525146484,32571000
2022-06-23,37.61000061035156,37.619998931884766,36.90999984741211,37.40999984741211,35.23717498779297,30163000
2022-06-24,37.849998474121094,38.63999938964844,37.7400016784668,38.61000061035156,36.36748123168945,38159900
2022-06-27,38.869998931884766,39.060001373291016,38.470001220703125,38.630001068115234,36.386322021484375,29585300
2022-06-28,38.58000183105469,39.02000045776367,37.7400016784668,37.779998779296875,35.58568572998047,37824200
2022-06-29,37.540000915527344,37.599998474121094,37.02000045776367,37.290000915527344,35.12415313720703,25437200
2022-06-30,37.209999084472656,38.0,36.72999954223633,37.40999984741211,35.23717498779297,35141000
2022-07-01,37.09000015258789,37.20000076293945,35.880001068115234,36.34000015258789,34.229331970214844,40596300
2022-07-05,35.93000030517578,36.7400016784668,35.540000915527344,36.689998626708984,34.55900192260742,33215000
2022-07-06,36.81999969482422,37.41999816894531,36.459999084472656,36.9900016784668,34.841575622558594,26258300
2022-07-07,37.88999938964844,38.33000183105469,37.72999954223633,38.13999938964844,35.92477798461914,33165400
2022-07-08,37.65999984741211,38.13999938964844,37.38999938964844,37.9900016784668,35.78348922729492,22566300
2022-07-11,37.65999984741211,37.66999816894531,37.029998779296875,37.20000076293945,35.03937530517578,25904300
2022-07-12,37.650001525878906,37.70000076293945,36.9900016784668,37.209999084472656,35.048797607421875,30546300
2022-07-13,36.68000030517578,37.43000030517578,36.619998931884766,37.209999084472656,35.048797607421875,27059200
2022-07-14,36.9900016784668,38.15999984741211,36.290000915527344,37.709999084472656,35.51975631713867,36690700
2022-07-15,38.27000045776367,38.66999816894531,37.72999954223633,38.619998931884766,36.37690353393555,32892300
2022-07-18,39.099998474121094,39.34000015258789,38.529998779296875,38.709999084472656,36.461669921875,30814400
2022-07-19,39.31999969482422,40.72999954223633,39.2400016784668,40.220001220703125,37.883975982666016,53095300
2022-07-20,40.209999084472656,40.66999816894531,39.560001373291016,40.560001373291016,38.204227447509766,36387900
2022-07-21,40.5099983215332,40.650001525878906,39.81999969482422,40.61000061035156,38.25132369995117,29661200
2022-07-22,40.369998931884766,40.5099983215332,38.939998626708984,39.20000076293945,36.923213958740234,41350000
2022-07-25,39.279998779296875,39.40999984741211,38.54999923706055,39.15999984741211,36.88554000854492,32263400
2022-07-26,39.099998474121094,39.56999969482422,38.880001068115234,38.959999084472656,36.6971549987793,35925500
2022-07-27,39.27000045776367,40.41999816894531,39.22999954223633,40.18000030517578,37.84629440307617,42571600
2022-07-28,40.09000015258789,40.119998931884766,39.040000915527344,39.709999084472656,37.40359115600586,56662300
2022-07-29,35.599998474121094,36.619998931884766,35.2400016784668,36.310001373291016,34.201072692871094,125292400
2022-08-01,36.04999923706055,37.689998626708984,36.04999923706055,36.959999084472656,34.813316345214844,52513400
2022-08-02,36.59000015258789,36.65999984741211,36.0,36.0099983215332,33.918495178222656,53929400
2022-08-03,36.09000015258789,36.59000015258789,35.2599983215332,36.52000045776367,34.39887237548828,59513900
2022-08-04,36.0099983215332,36.099998474121094,35.36000061035156,35.65999984741211,33.927913665771484,54046300
2022-08-05,35.349998474121094,35.689998626708984,35.18000030517578,35.38999938964844,33.67102813720703,40205100
2022-08-08,35.36000061035156,35.959999084472656,35.20000076293945,35.380001068115234,33.66151428222656,41534600
2022-08-09,35.220001220703125,35.29999923706055,34.400001525878906,34.52000045776367,32.84328842163086,48202300
2022-08-10,34.9900016784668,35.400001525878906,34.59000015258789,35.369998931884766,33.652000427246094,42243300
2022-08-11,35.63999938964844,36.290000915527344,35.4900016784668,35.59000015258789,33.86131286621094,35569700
2022-08-12,35.79999923706055,36.13999938964844,35.66999816894531,36.11000061035156,34.35606002807617,37675200
2022-08-15,36.099998474121094,36.43000030517578,35.709999084472656,36.34000015258789,34.574886322021484,25400600
2022-08-16,36.15999984741211,36.58000183105469,35.70000076293945,36.189998626708984,34.432167053222656,25000200
2022-08-17,35.810001373291016,36.08000183105469,35.27000045776367,35.779998779296875,34.042083740234375,29176100
2022-08-18,35.68000030517578,36.33000183105469,35.56999969482422,36.20000076293945,34.44168472290039,24598200
2022-08-19,35.79999923706055,36.029998779296875,35.189998626708984,35.380001068115234,33.66151428222656,31425500
2022-08-22,35.0,35.060001373291016,33.72999954223633,33.84000015258789,32.196311950683594,51006100
2022-08-23,33.97999954223633,34.38999938964844,33.90999984741211,33.95000076293945,32.30097961425781,30687100
2022-08-24,33.970001220703125,33.9900016784668,33.599998474121094,33.86000061035156,32.21534729003906,25105700
2022-08-25,33.869998931884766,34.93000030517578,33.81999969482422,34.88999938964844,33.1953125,29799100
2022-08-26,34.95000076293945,35.029998779296875,33.349998474121094,33.36000061035156,31.7396297454834,44851500
2022-08-29,33.22999954223633,33.40999984741211,32.810001373291016,32.939998626708984,31.34002685546875,32976800
2022-08-30,33.040000915527344,33.06999969482422,32.150001525878906,32.2599983215332,30.693058013916016,40182500
2022-08-31,32.38999938964844,32.38999938964844,31.770000457763672,31.920000076293945,30.36957359313965,44074500
2022-09-01,31.56999969482422,31.829999923706055,31.1299991607666,31.760000228881836,30.217344284057617,36440700
2022-09-02,32.209999084472656,32.380001068115234,31.059999465942383,31.219999313354492,29.70357322692871,34893300
2022-09-06,31.389999389648438,31.389999389648438,30.329999923706055,30.360000610351562,28.885345458984375,46989600
2022-09-07,30.420000076293945,30.790000915527344,30.049999237060547,30.649999618530273,29.1612606048584,37329500
2022-09-08,30.3700008392334,30.850000381469727,29.90999984741211,30.75,29.25640296936035,37359500
2022-09-09,31.190000534057617,31.5,31.079999923706055,31.459999084472656,29.931917190551758,34069500
2022-09-12,31.739999771118164,31.860000610351562,31.100000381469727,31.559999465942383,30.027057647705078,38305500
2022-09-13,30.829999923706055,30.93000030517578,29.25,29.290000915527344,27.867321014404297,71417900
2022-09-14,29.549999237060547,29.770000457763672,29.010000228881836,29.18000030517578,27.762662887573242,40767200
2022-09-15,29.149999618530273,29.40999984741211,28.709999084472656,28.84000015258789,27.439176559448242,39919100
2022-09-16,28.700000762939453,29.31999969482422,28.420000076293945,29.239999771118164,27.819747924804688,72748000
2022-09-19,29.020000457763672,29.5,28.899999618530273,29.440000534057617,28.010034561157227,33151900
2022-09-20,29.06999969482422,29.170000076293945,28.709999084472656,28.959999084472656,27.5533504486084,31129000
2022-09-21,29.149999618530273,29.59000015258789,28.459999084472656,28.469999313354492,27.087148666381836,39977300
2022-09-22,28.399999618530273,28.5,28.040000915527344,28.06999969482422,26.70657730102539,36092700
2022-09-23,27.899999618530273,27.899999618530273,27.190000534057617,27.520000457763672,26.183290481567383,43491100
2022-09-26,27.559999465942383,27.700000762939453,26.860000610351562,26.969999313354492,25.660005569458008,44786400
2022-09-27,27.399999618530273,27.600000381469727,26.6200008392334,26.889999389648438,25.583892822265625,44121400
2022-09-28,26.860000610351562,27.280000686645508,26.600000381469727,27.1299991607666,25.81223487854004,40433400
2022-09-29,26.780000686645508,26.780000686645508,26.190000534057617,26.3799991607666,25.098661422729492,41831300
2022-09-30,26.299999237060547,26.56999969482422,25.739999771118164,25.770000457763672,24.518293380737305,43821000
2022-10-03,26.329999923706055,27.25,26.06999969482422,26.969999313354492,25.660005569458008,44096200
2022-10-04,27.43000030517578,27.799999237060547,27.09000015258789,27.700000762939453,26.354549407958984,42427500
2022-10-05,27.3700008392334,27.84000015258789,26.889999389648438,27.639999389648438,26.297462463378906,30120000
2022-10-06,27.440000534057617,27.760000228881836,27.0,27.18000030517578,25.85980796813965,33985100
2022-10-07,26.170000076293945,26.280000686645508,25.649999618530273,25.719999313354492,24.470718383789062,57215500
2022-10-10,25.940000534057617,25.989999771118164,25.09000015258789,25.200000762939453,23.975980758666992,43409300
2022-10-11,25.010000228881836,25.479999542236328,24.690000534057617,25.040000915527344,23.823753356933594,48134900
2022-10-12,25.049999237060547,25.520000457763672,24.65999984741211,25.329999923706055,24.09966278076172,39634100
2022-10-13,24.729999542236328,26.84000015258789,24.59000015258789,26.420000076293945,25.136722564697266,62447000
2022-10-14,26.459999084472656,26.6299991607666,25.760000228881836,25.90999984741211,24.651493072509766,48185400
2022-10-17,26.309999465942383,26.75,26.170000076293945,26.420000076293945,25.136722564697266,39416500
2022-10-18,26.739999771118164,26.959999084472656,25.540000915527344,25.8700008392334,24.613433837890625,51126900
2022-10-19,25.739999771118164,26.25,25.690000534057617,26.0,24.737117767333984,33882300
2022-10-20,26.149999618530273,26.950000762939453,25.950000762939453,26.079999923706055,24.813236236572266,33247700
2022-10-21,25.850000381469727,27.049999237060547,25.790000915527344,26.969999313354492,25.660005569458008,53058700
2022-10-24,26.75,27.479999542236328,26.520000457763672,27.18000030517578,25.85980796813965,43831600
2022-10-25,27.18000030517578,27.559999465942383,27.0,27.40999984741211,26.078636169433594,32205300
2022-10-26,27.190000534057617,27.799999237060547,26.989999771118164,27.209999084472656,25.888347625732422,37111100
2022-10-27,27.450000762939453,27.59000015258789,26.1299991607666,26.270000457763672,24.994007110595703,56305100
2022-10-28,28.18000030517578,29.219999313354492,27.860000610351562,29.06999969482422,27.658002853393555,91695700
2022-10-31,29.079999923706055,29.18000030517578,28.049999237060547,28.43000030517578,27.049091339111328,59507700
2022-11-01,28.799999237060547,28.850000381469727,27.889999389648438,28.299999237060547,26.925403594970703,44418700
2022-11-02,28.270000457763672,28.850000381469727,27.40999984741211,27.420000076293945,26.088150024414062,51956100
2022-11-03,27.450000762939453,27.8799991607666,27.170000076293945,27.389999389648438,26.059602737426758,39678200
2022-11-04,27.56999969482422,28.239999771118164,27.40999984741211,28.200000762939453,27.1926326751709,43051900
2022-11-07,28.360000610351562,28.469999313354492,27.889999389648438,28.40999984741211,27.395132064819336,34389800
2022-11-08,28.760000228881836,28.950000762939453,27.93000030517578,28.479999542236328,27.462631225585938,36258000
2022-11-09,28.219999313354492,28.299999237060547,27.520000457763672,27.520000457763672,26.536922454833984,30544800
2022-11-10,28.8799991607666,29.829999923706055,28.649999618530273,29.760000228881836,28.69690704345703,62943900
2022-11-11,28.93000030517578,30.6299991607666,28.8700008392334,30.43000030517578,29.342971801757812,49826500
2022-11-14,30.34000015258789,30.989999771118164,30.18000030517578,30.350000381469727,29.265830993652344,39395300
2022-11-15,31.100000381469727,31.34000015258789,30.170000076293945,30.709999084472656,29.61296844482422,40933200
2022-11-16,30.110000610351562,30.229999542236328,29.440000534057617,29.530000686645508,28.47512435913086,35582800
2022-11-17,29.06999969482422,29.950000762939453,29.0,29.889999389648438,28.8222599029541,31983300
2022-11-18,30.260000228881836,30.260000228881836,29.610000610351562,29.8700008392334,28.802980422973633,27122200
2022-11-21,29.65999984741211,29.719999313354492,28.90999984741211,28.940000534057617,27.906198501586914,36086800
2022-11-22,29.139999389648438,29.860000610351562,29.059999465942383,29.81999969482422,28.754764556884766,25584100
2022-11-23,29.729999542236328,30.079999923706055,29.489999771118164,29.670000076293945,28.61012077331543,23143900
2022-11-25,29.68000030517578,29.68000030517578,29.34000015258789,29.34000015258789,28.29191017150879,11314900
2022-11-28,29.100000381469727,29.190000534057617,28.540000915527344,28.729999542236328,27.703697204589844,28267900
2022-11-29,28.850000381469727,29.18000030517578,28.739999771118164,28.899999618530273,27.867626190185547,24361500
2022-11-30,28.770000457763672,30.079999923706055,28.219999313354492,30.06999969482422,28.995830535888672,72072500
2022-12-01,30.239999771118164,30.479999542236328,29.520000457763672,29.829999923706055,28.764404296875,38896300
2022-12-02,29.170000076293945,29.43000030517578,28.709999084472656,29.40999984741211,28.359407424926758,31546000
2022-12-05,29.420000076293945,29.75,28.889999389648438,29.170000076293945,28.127981185913086,34040400
2022-12-06,29.190000534057617,29.309999465942383,28.34000015258789,28.600000381469727,27.578344345092773,27701200
2022-12-07,28.280000686645508,28.549999237060547,28.149999618530273,28.329999923706055,27.317989349365234,28239900
2022-12-08,28.31999969482422,28.600000381469727,28.06999969482422,28.440000534057617,27.42405891418457,28486100
2022-12-09,28.389999389648438,28.780000686645508,28.190000534057617,28.239999771118164,27.231204986572266,25641300
2022-12-12,28.1299991607666,28.709999084472656,27.860000610351562,28.690000534057617,27.665128707885742,35117900
2022-12-13,29.790000915527344,30.09000015258789,28.3700008392334,28.729999542236328,27.703697204589844,58546800
2022-12-14,28.510000228881836,29.1200008392334,28.010000228881836,28.260000228881836,27.25048828125,37141100
2022-12-15,27.940000534057617,28.0,27.1200008392334,27.149999618530273,26.180139541625977,45682700
2022-12-16,27.0,27.139999389648438,26.450000762939453,26.920000076293945,25.958356857299805,81104200
2022-12-19,26.899999618530273,26.969999313354492,26.5,26.790000915527344,25.833003997802734,37662500
2022-12-20,26.540000915527344,26.8700008392334,26.420000076293945,26.440000534057617,25.49550437927246,31863300
2022-12-21,26.59000015258789,26.969999313354492,26.579999923706055,26.829999923706055,25.871572494506836,28100900
2022-12-22,26.450000762939453,26.450000762939453,25.350000381469727,25.969999313354492,25.04229164123535,47478300
2022-12-23,25.920000076293945,26.190000534057617,25.68000030517578,26.09000015258789,25.158010482788086,23600900
2022-12-27,25.850000381469727,26.100000381469727,25.649999618530273,25.940000534057617,25.013368606567383,29548100
2022-12-28,25.84000015258789,26.1200008392334,25.5,25.540000915527344,24.627656936645508,26176900
2022-12-29,25.770000457763672,26.290000915527344,25.75,26.209999084472656,25.273719787597656,30944800
2022-12-30,25.899999618530273,26.459999084472656,25.799999237060547,26.43000030517578,25.485858917236328,31030100
2023-01-03,27.049999237060547,27.06999969482422,26.3700008392334,26.729999542236328,25.775144577026367,31308000
2023-01-04,27.40999984741211,27.920000076293945,27.15999984741211,27.68000030517578,26.69120979309082,37665200
2023-01-05,27.440000534057617,27.780000686645508,27.3799991607666,27.559999465942383,26.57549476623535,33552600
2023-01-06,27.93000030517578,28.829999923706055,27.3799991607666,28.729999542236328,27.703697204589844,31788600
2023-01-09,28.84000015258789,29.8700008392334,28.84000015258789,29.309999465942383,28.262981414794922,37493200
2023-01-10,29.239999771118164,29.510000228881836,28.920000076293945,29.440000534057617,28.38833999633789,23008100
2023-01-11,29.68000030517578,29.8799991607666,29.0,29.850000381469727,28.78369140625,30375400
2023-01-12,29.979999542236328,30.3799991607666,29.469999313354492,30.290000915527344,29.207975387573242,28963900
2023-01-13,29.969999313354492,30.170000076293945,29.809999465942383,30.110000610351562,29.034406661987305,31361900
2023-01-17,30.18000030517578,30.260000228881836,29.520000457763672,29.600000381469727,28.54262351989746,34759100
2023-01-18,29.799999237060547,29.81999969482422,28.6299991607666,28.809999465942383,27.78084373474121,44199600
2023-01-19,28.610000610351562,28.760000228881836,28.239999771118164,28.420000076293945,27.404775619506836,36886600
2023-01-20,28.420000076293945,29.229999542236328,28.25,29.219999313354492,28.17619514465332,35158500
2023-01-23,29.329999923706055,30.489999771118164,29.18000030517578,30.270000457763672,29.188688278198242,38795800
2023-01-24,29.940000534057617,30.190000534057617,29.729999542236328,29.920000076293945,28.8511905670166,24855100
2023-01-25,29.520000457763672,29.889999389648438,29.170000076293945,29.700000762939453,28.639049530029297,28268000
2023-01-26,30.059999465942383,30.110000610351562,29.329999923706055,30.09000015258789,29.015119552612305,56088100
2023-01-27,27.06999969482422,28.239999771118164,26.780000686645508,28.15999984741211,27.15406036376953,148548200
2023-01-30,27.719999313354492,28.510000228881836,27.670000076293945,27.950000762939453,26.951568603515625,55145800
2023-01-31,27.780000686645508,28.290000915527344,27.530000686645508,28.260000228881836,27.25048828125,52621600
2023-02-01,27.889999389648438,29.43000030517578,27.68000030517578,29.06999969482422,28.031553268432617,63330600
2023-02-02,29.25,30.299999237060547,28.799999237060547,30.190000534057617,29.111547470092773,62230700
2023-02-03,29.6200008392334,31.170000076293945,29.530000686645508,30.31999969482422,29.236902236938477,57603100
2023-02-06,29.549999237060547,29.649999618530273,28.610000610351562,28.690000534057617,28.002227783203125,48726400
2023-02-07,28.649999618530273,29.270000457763672,28.43000030517578,29.049999237060547,28.353595733642578,50780800
2023-02-08,28.950000762939453,29.1200008392334,28.209999084472656,28.239999771118164,27.56301498413086,36479100
2023-02-09,28.68000030517578,28.81999969482422,27.56999969482422,27.729999542236328,27.06524085998535,43906400
2023-02-10,27.6299991607666,27.989999771118164,27.34000015258789,27.799999237060547,27.133560180664062,31232500
2023-02-13,27.8700008392334,28.549999237060547,27.719999313354492,28.549999237060547,27.865583419799805,32347500
2023-02-14,28.3799991607666,28.719999313354492,27.989999771118164,28.639999389648438,27.95342445373535,27928900
2023-02-15,28.360000610351562,28.8799991607666,28.15999984741211,28.850000381469727,28.158390045166016,23359400
2023-02-16,28.5,28.829999923706055,28.1299991607666,28.200000762939453,27.52397346496582,28972500
2023-02-17,28.0,28.06999969482422,27.3799991607666,27.610000610351562,26.948116302490234,32086200
2023-02-21,27.110000610351562,27.270000457763672,26.040000915527344,26.059999465942383,25.435272216796875,63668400
2023-02-22,25.90999984741211,26.899999618530273,25.299999237060547,25.469999313354492,24.859416961669922,89195300
2023-02-23,25.780000686645508,26.079999923706055,25.31999969482422,25.610000610351562,24.996065139770508,56473200
2023-02-24,25.219999313354492,25.350000381469727,24.920000076293945,25.139999389648438,24.537330627441406,44089900
2023-02-27,25.549999237060547,25.579999923706055,24.8799991607666,24.899999618530273,24.303081512451172,37657000
2023-02-28,24.940000534057617,25.1200008392334,24.729999542236328,24.93000030517578,24.332365036010742,50255300
2023-03-01,25.030000686645508,25.920000076293945,24.969999313354492,25.329999923706055,24.722774505615234,47823400
2023-03-02,25.209999084472656,26.299999237060547,25.1200008392334,26.200000762939453,25.571918487548828,48309300
2023-03-03,26.200000762939453,26.479999542236328,26.010000228881836,26.399999618530273,25.767122268676758,36744900
2023-03-06,26.469999313354492,26.540000915527344,25.93000030517578,25.989999771118164,25.366954803466797,37879800
2023-03-07,25.84000015258789,25.989999771118164,25.5,25.530000686645508,24.917980194091797,43164600
2023-03-08,25.559999465942383,26.010000228881836,25.450000762939453,25.979999542236328,25.357192993164062,36071900
2023-03-09,25.979999542236328,26.979999542236328,25.969999313354492,26.440000534057617,25.806163787841797,54886100
2023-03-10,26.549999237060547,27.520000457763672,26.31999969482422,27.219999313354492,26.567466735839844,65187000
2023-03-13,26.739999771118164,27.309999465942383,26.610000610351562,26.950000762939453,26.303939819335938,50977000
2023-03-14,27.350000381469727,28.100000381469727,27.25,28.010000228881836,27.33852767944336,47689800
2023-03-15,27.729999542236328,28.5,27.65999984741211,28.40999984741211,27.728939056396484,49322800
2023-03-16,28.389999389648438,30.270000457763672,28.389999389648438,30.18000030517578,29.45650863647461,75779500
2023-03-17,29.920000076293945,31.0,29.440000534057617,29.809999465942383,29.095378875732422,80628500
2023-03-20,29.799999237060547,29.899999618530273,28.6299991607666,29.15999984741211,28.460956573486328,38780100
2023-03-21,29.0,29.170000076293945,27.979999542236328,28.459999084472656,27.77773666381836,55650800
2023-03-22,28.479999542236328,29.1200008392334,28.100000381469727,28.1299991607666,27.455650329589844,37415500
2023-03-23,28.3799991607666,29.15999984741211,28.219999313354492,29.030000686645508,28.334077835083008,43785500
2023-03-24,29.040000915527344,29.809999465942383,28.93000030517578,29.360000610351562,28.656166076660156,55912100
2023-03-27,29.3700008392334,29.729999542236328,29.079999923706055,29.18000030517578,28.48048210144043,34758200
2023-03-28,29.079999923706055,29.329999923706055,28.6299991607666,29.290000915527344,28.587844848632812,37407900
2023-03-29,29.770000457763672,31.889999389648438,29.760000228881836,31.520000457763672,30.76438331604004,85556200
2023-03-30,31.850000381469727,32.58000183105469,31.809999465942383,32.09000015258789,31.32071876525879,70077600
2023-03-31,31.799999237060547,32.900001525878906,31.729999542236328,32.66999816894531,31.886812210083008,59765000
2023-04-03,32.939998626708984,33.560001373291016,32.540000915527344,32.88999938964844,32.101539611816406,57038300
2023-04-04,32.849998474121094,33.84000015258789,32.84000015258789,33.099998474121094,32.3065071105957,55714100
2023-04-05,32.79999923706055,32.9900016784668,32.34000015258789,32.83000183105469,32.04298400878906,39615700
2023-04-06,32.599998474121094,33.0,32.459999084472656,32.810001373291016,32.023460388183594,28551900
2023-04-10,32.599998474121094,32.7599983215332,32.20000076293945,32.52000045776367,31.74041175842285,30534400
2023-04-11,32.65999984741211,33.11000061035156,32.31999969482422,32.349998474121094,31.57448387145996,27059100
2023-04-12,32.77000045776367,32.88999938964844,31.959999084472656,32.02000045776367,31.252399444580078,37070800
2023-04-13,31.81999969482422,32.43000030517578,31.649999618530273,32.130001068115234,31.359764099121094,29722300
2023-04-14,32.0,32.2400016784668,31.690000534057617,31.889999389648438,31.125513076782227,24623600
2023-04-17,31.950000762939453,32.63999938964844,31.770000457763672,32.13999938964844,31.36952018737793,29601100
2023-04-18,32.43000030517578,32.459999084472656,31.780000686645508,31.829999923706055,31.06695556640625,26041400
2023-04-19,31.100000381469727,31.520000457763672,31.079999923706055,31.149999618530273,30.403255462646484,25746600
2023-04-20,30.760000228881836,31.25,30.709999084472656,30.860000610351562,30.12020492553711,30255100
2023-04-21,30.84000015258789,30.84000015258789,30.229999542236328,30.299999237060547,29.573631286621094,28655800
2023-04-24,30.1299991607666,30.3700008392334,29.610000610351562,29.65999984741211,28.948972702026367,38732500
2023-04-25,29.440000534057617,29.56999969482422,28.8700008392334,28.8799991607666,28.187671661376953,38289900
2023-04-26,29.200000762939453,29.809999465942383,28.84000015258789,29.049999237060547,28.353595733642578,41218800
2023-04-27,28.75,29.950000762939453,28.510000228881836,29.860000610351562,29.144182205200195,60186200
2023-04-28,31.979999542236328,32.56999969482422,30.809999465942383,31.059999465942383,30.315412521362305,80252400
2023-05-01,31.110000610351562,31.239999771118164,30.280000686645508,30.299999237060547,29.573631286621094,36918500
2023-05-02,30.299999237060547,30.579999923706055,29.75,29.770000457763672,29.056339263916016,33463400
2023-05-03,30.639999389648438,31.110000610351562,30.25,30.649999618530273,29.915239334106445,45554500
2023-05-04,30.440000534057617,31.719999313354492,30.3799991607666,31.239999771118164,30.615957260131836,46104000
2023-05-05,31.3799991607666,31.40999984741211,30.729999542236328,30.989999771118164,30.370952606201172,35024600
2023-05-08,30.700000762939453,30.84000015258789,30.389999389648438,30.770000457763672,30.155345916748047,30882800
2023-05-09,30.3799991607666,30.579999923706055,29.90999984741211,30.100000381469727,29.49873161315918,30706500
2023-05-10,30.290000915527344,30.399999618530273,29.489999771118164,29.969999313354492,29.371328353881836,40526500
2023-05-11,29.600000381469727,29.68000030517578,28.81999969482422,28.860000610351562,28.28350067138672,47144400
2023-05-12,29.030000686645508,29.100000381469727,28.719999313354492,28.950000762939453,28.371702194213867,24153800
2023-05-15,28.899999618530273,29.829999923706055,28.8799991607666,29.799999237060547,29.204721450805664,28717500
2023-05-16,29.6200008392334,29.899999618530273,29.209999084472656,29.219999313354492,28.636308670043945,22812000
2023-05-17,29.520000457763672,29.559999465942383,28.68000030517578,28.8700008392334,28.29330062866211,41667300
2023-05-18,29.0,29.760000228881836,28.8700008392334,29.68000030517578,29.087120056152344,36529200
2023-05-19,29.600000381469727,30.239999771118164,29.5,29.93000030517578,29.33212661743164,40683000
2023-05-22,29.850000381469727,30.450000762939453,29.81999969482422,30.280000686645508,29.67513656616211,28693400
2023-05-23,30.049999237060547,30.200000762939453,29.489999771118164,29.510000228881836,28.920516967773438,29400900
2023-05-24,29.309999465942383,29.489999771118164,28.81999969482422,29.0,28.420705795288086,28045800
2023-05-25,28.290000915527344,28.290000915527344,26.860000610351562,27.399999618530273,26.852664947509766,78009400
2023-05-26,27.440000534057617,29.09000015258789,27.100000381469727,29.0,28.420705795288086,71910600
2023-05-30,29.700000762939453,30.040000915527344,29.0,29.989999771118164,29.390928268432617,54874800
2023-05-31,29.700000762939453,32.290000915527344,29.670000076293945,31.440000534057617,30.811962127685547,136243800
2023-06-01,31.799999237060547,31.940000534057617,31.020000457763672,31.1299991607666,30.508153915405273,52667400
2023-06-02,31.399999618530273,31.59000015258789,30.829999923706055,31.309999465942383,30.684560775756836,36521000
2023-06-05,31.309999465942383,31.399999618530273,29.829999923706055,29.860000610351562,29.263526916503906,48244100
2023-06-06,29.770000457763672,31.450000762939453,29.700000762939453,30.959999084472656,30.341550827026367,42295300
2023-06-07,31.030000686645508,31.3700008392334,30.93000030517578,31.280000686645508,30.655160903930664,39098000
2023-06-08,31.43000030517578,31.850000381469727,31.059999465942383,31.81999969482422,31.184371948242188,35199000
2023-06-09,31.93000030517578,31.989999771118164,30.68000030517578,31.34000015258789,30.713960647583008,40218000
2023-06-12,31.399999618530273,33.29999923706055,31.360000610351562,33.06999969482422,32.409400939941406,59881600
2023-06-13,33.77000045776367,33.95000076293945,33.06999969482422,33.90999984741211,33.23262023925781,51990000
2023-06-14,33.869998931884766,35.599998474121094,33.79999923706055,35.58000183105469,34.869266510009766,74404300
2023-06-15,35.279998779296875,36.41999816894531,35.220001220703125,35.81999969482422,35.10447311401367,67676300
2023-06-16,36.36000061035156,36.79999923706055,35.599998474121094,36.369998931884766,35.64347839355469,110240300
2023-06-20,36.77000045776367,37.11000061035156,34.720001220703125,35.0,34.30084991455078,65970200
2023-06-21,34.91999816894531,35.04999923706055,32.83000183105469,32.900001525878906,32.2427978515625,70973500
2023-06-22,32.689998626708984,33.2400016784668,32.130001068115234,32.709999084472656,32.05659484863281,45740300
2023-06-23,32.209999084472656,33.45000076293945,32.029998779296875,33.0,32.34080123901367,46327100
2023-06-26,33.189998626708984,33.9900016784668,33.099998474121094,33.34000015258789,32.67401123046875,38952400
2023-06-27,33.220001220703125,34.22999954223633,33.0099983215332,34.099998474121094,33.418827056884766,33038900
2023-06-28,33.61000061035156,33.810001373291016,33.029998779296875,33.56999969482422,32.899417877197266,33906900
2023-06-29,33.34000015258789,33.34000015258789,32.4900016784668,32.90999984741211,32.252601623535156,38313000
2023-06-30,33.36000061035156,33.560001373291016,33.15999984741211,33.439998626708984,32.772010803222656,33811300
2023-07-03,33.540000915527344,33.88999938964844,33.13999938964844,33.619998931884766,32.94841384887695,15753000
2023-07-05,33.310001373291016,33.33000183105469,32.5,32.5099983215332,31.8605899810791,37664700
2023-07-06,31.899999618530273,32.040000915527344,31.3799991607666,31.969999313354492,31.331377029418945,41693600
2023-07-07,32.0,32.40999984741211,31.81999969482422,31.850000381469727,31.213775634765625,28356300
2023-07-10,31.8700008392334,32.83000183105469,31.770000457763672,32.7400016784668,32.085994720458984,36305700
2023-07-11,32.81999969482422,33.36000061035156,32.5,33.29999923706055,32.63480758666992,28148800
2023-07-12,33.689998626708984,34.08000183105469,33.060001373291016,33.97999954223633,33.30122375488281,37762200
2023-07-13,34.150001525878906,34.29999923706055,33.619998931884766,33.869998931884766,33.19342041015625,32745800
2023-07-14,33.779998779296875,33.869998931884766,33.0,33.150001525878906,32.48780822753906,30438700
2023-07-17,33.15999984741211,34.599998474121094,33.06999969482422,34.369998931884766,33.68343734741211,34111200
2023-07-18,34.279998779296875,34.70000076293945,33.83000183105469,34.5,33.81083679199219,29662200
2023-07-19,34.400001525878906,34.84000015258789,34.33000183105469,34.459999084472656,33.77163314819336,26486700
2023-07-20,33.70000076293945,34.209999084472656,33.22999954223633,33.369998931884766,32.70341110229492,37878000
2023-07-21,33.72999954223633,34.25,33.41999816894531,34.02000045776367,33.340423583984375,79737000
2023-07-24,33.84000015258789,34.459999084472656,33.560001373291016,33.630001068115234,32.958221435546875,25225800
2023-07-25,33.70000076293945,34.34000015258789,33.400001525878906,34.099998474121094,33.418827056884766,31771100
2023-07-26,33.720001220703125,34.529998779296875,33.70000076293945,34.36000061035156,33.67363357543945,32643200
2023-07-27,34.81999969482422,35.029998779296875,34.11000061035156,34.54999923706055,33.85983657836914,58890800
2023-07-28,36.75,36.9900016784668,35.5099983215332,36.83000183105469,36.094295501708984,90863000
2023-07-31,36.869998931884766,37.189998626708984,35.66999816894531,35.77000045776367,35.05546951293945,55630700
2023-08-01,35.81999969482422,36.02000045776367,35.279998779296875,35.79999923706055,35.08486557006836,24702200
2023-08-02,35.150001525878906,35.18000030517578,34.279998779296875,34.38999938964844,33.703033447265625,39052000
2023-08-03,34.290000915527344,35.029998779296875,34.130001068115234,34.869998931884766,34.17344284057617,24817900
2023-08-04,34.47999954223633,35.560001373291016,34.47999954223633,35.13999938964844,34.56195068359375,26674900
2023-08-07,35.40999984741211,35.54999923706055,34.75,35.22999954223633,34.65047073364258,22486900
2023-08-08,34.66999816894531,35.099998474121094,33.86000061035156,35.02000045776367,34.44392395019531,34753600
2023-08-09,35.0,35.099998474121094,34.22999954223633,34.279998779296875,33.716094970703125,28720200
2023-08-10,34.70000076293945,35.09000015258789,34.47999954223633,34.68000030517578,34.10951614379883,30957300
2023-08-11,34.459999084472656,34.95000076293945,34.36000061035156,34.88999938964844,34.31605911254883,28783700
2023-08-14,34.66999816894531,35.709999084472656,34.470001220703125,35.68000030517578,35.09306335449219,36896100
2023-08-15,35.40999984741211,35.630001068115234,34.75,34.77000045776367,34.198036193847656,27420300
2023-08-16,34.52000045776367,34.630001068115234,33.459999084472656,33.529998779296875,32.978431701660156,35757300
2023-08-17,33.560001373291016,33.59000015258789,32.349998474121094,32.58000183105469,32.044063568115234,39906700
2023-08-18,32.22999954223633,32.90999984741211,32.18000030517578,32.75,32.21126174926758,23701100
2023-08-21,32.599998474121094,33.16999816894531,32.02000045776367,33.13999938964844,32.5948486328125,43718200
2023-08-22,33.220001220703125,33.79999923706055,32.83000183105469,32.88999938964844,32.34896469116211,23425300
2023-08-23,32.880001068115234,34.150001525878906,32.79999923706055,33.97999954223633,33.4210319519043,32324300
2023-08-24,33.720001220703125,34.09000015258789,32.4900016784668,32.59000015258789,32.05389404296875,37931000
2023-08-25,32.529998779296875,33.400001525878906,32.349998474121094,33.25,32.703041076660156,27324800
2023-08-28,33.5,33.779998779296875,33.209999084472656,33.619998931884766,33.066951751708984,22341800
2023-08-29,33.4900016784668,34.47999954223633,33.470001220703125,34.310001373291016,33.74560546875,29943600
2023-08-30,34.060001373291016,34.65999984741211,33.779998779296875,34.529998779296875,33.96198272705078,26279200
2023-08-31,34.31999969482422,35.560001373291016,34.29999923706055,35.13999938964844,34.56195068359375,48157600
2023-09-01,35.790000915527344,36.75,35.72999954223633,36.61000061035156,36.00776672363281,43808500
2023-09-05,36.58000183105469,37.40999984741211,36.459999084472656,36.709999084472656,36.10612106323242,43379400
2023-09-06,36.560001373291016,37.040000915527344,36.029998779296875,36.97999954223633,36.37167739868164,39643400
2023-09-07,36.83000183105469,38.34000015258789,36.75,38.18000030517578,37.551944732666016,67659700
2023-09-08,38.119998931884766,38.83000183105469,37.709999084472656,38.0099983215332,37.384735107421875,44255200
2023-09-11,38.2400016784668,38.7400016784668,37.84000015258789,38.59000015258789,37.955196380615234,36349300
2023-09-12,38.650001525878906,40.06999969482422,38.650001525878906,38.86000061035156,38.22075271606445,55326600
2023-09-13,38.79999923706055,39.150001525878906,38.25,38.709999084472656,38.07322311401367,35407800
2023-09-14,38.810001373291016,38.900001525878906,38.29999923706055,38.66999816894531,38.033878326416016,30616500
2023-09-15,38.41999816894531,38.52000045776367,37.619998931884766,37.880001068115234,37.256874084472656,68881200
2023-09-18,37.619998931884766,38.38999938964844,37.5099983215332,37.9900016784668,37.36506652832031,29322200
2023-09-19,38.040000915527344,38.099998474121094,36.02000045776367,36.34000015258789,35.742210388183594,53288100
2023-09-20,36.220001220703125,36.25,34.630001068115234,34.689998626708984,34.11935043334961,57660800
2023-09-21,34.56999969482422,35.25,34.459999084472656,34.650001525878906,34.08000946044922,45240600
2023-09-22,34.810001373291016,34.88999938964844,34.13999938964844,34.18000030517578,33.61774444580078,29232700
2023-09-25,34.0,34.369998931884766,33.77000045776367,34.290000915527344,33.72593307495117,21729400
2023-09-26,34.13999938964844,34.779998779296875,33.63999938964844,33.83000183105469,33.273502349853516,34198300
2023-09-27,33.91999816894531,34.83000183105469,33.880001068115234,34.61000061035156,34.040672302246094,44369100
2023-09-28,34.650001525878906,35.65999984741211,34.380001068115234,35.18000030517578,34.601287841796875,32265300
2023-09-29,35.650001525878906,35.90999984741211,35.15999984741211,35.54999923706055,34.965206146240234,28763700
2023-10-02,35.61000061035156,35.97999954223633,34.97999954223633,35.459999084472656,34.87668228149414,26086200
2023-10-03,35.27000045776367,36.540000915527344,35.27000045776367,35.689998626708984,35.102901458740234,45292600
2023-10-04,36.52000045776367,36.52000045776367,35.33000183105469,35.93000030517578,35.33895492553711,39842200
2023-10-05,35.970001220703125,36.099998474121094,35.599998474121094,35.88999938964844,35.29960632324219,25771200
2023-10-06,35.869998931884766,36.459999084472656,35.18000030517578,36.189998626708984,35.59467697143555,33262200
2023-10-09,35.70000076293945,36.16999816894531,35.5,36.060001373291016,35.46681594848633,19376100
2023-10-10,36.13999938964844,36.7400016784668,35.810001373291016,36.43000030517578,35.83073425292969,24044100
2023-10-11,36.619998931884766,37.029998779296875,36.380001068115234,36.880001068115234,36.27332305908203,19262600
2023-10-12,36.79999923706055,37.220001220703125,36.38999938964844,36.84000015258789,36.233985900878906,23639200
2023-10-13,36.7400016784668,36.790000915527344,35.86000061035156,35.970001220703125,35.3782958984375,28390100
2023-10-16,36.13999938964844,36.939998626708984,36.08000183105469,36.560001373291016,35.95859146118164,29555800
2023-10-17,35.91999816894531,36.349998474121094,35.06999969482422,36.060001373291016,35.46681594848633,24993600
2023-10-18,35.52000045776367,36.02000045776367,35.45000076293945,35.63999938964844,35.0537223815918,22086000
2023-10-19,35.959999084472656,36.36000061035156,35.52000045776367,35.66999816894531,35.083229064941406,29201800
2023-10-20,35.650001525878906,36.279998779296875,34.869998931884766,34.91999816894531,34.3455696105957,32303300
2023-10-23,34.599998474121094,35.189998626708984,33.38999938964844,33.849998474121094,33.29317092895508,53924700
2023-10-24,33.63999938964844,34.709999084472656,33.63999938964844,34.59000015258789,34.020999908447266,52673900
2023-10-25,34.18000030517578,34.45000076293945,32.54999923706055,32.83000183105469,32.289947509765625,44658500
2023-10-26,32.88999938964844,33.220001220703125,32.150001525878906,32.52000045776367,31.985048294067383,59142500
2023-10-27,34.65999984741211,36.380001068115234,34.599998474121094,35.540000915527344,34.95536422729492,84128200
2023-10-30,35.470001220703125,35.959999084472656,34.91999816894531,35.689998626708984,35.102901458740234,36656300
2023-10-31,35.65999984741211,36.56999969482422,35.619998931884766,36.5,35.899574279785156,41185200
2023-11-01,36.5,37.31999969482422,36.279998779296875,37.290000915527344,36.67658233642578,41710700
2023-11-02,37.58000183105469,37.81999969482422,36.90999984741211,37.70000076293945,37.07984161376953,35440000
2023-11-03,38.0,38.31999969482422,37.66999816894531,38.13999938964844,37.512596130371094,30502700
2023-11-06,38.02000045776367,38.20000076293945,37.849998474121094,37.95000076293945,37.44845962524414,23877200
2023-11-07,38.2400016784668,38.900001525878906,37.97999954223633,38.77000045776367,38.25762176513672,32052000
2023-11-08,38.849998474121094,38.88999938964844,37.75,37.91999816894531,37.418853759765625,33483400
2023-11-09,38.04999923706055,38.52000045776367,37.77000045776367,37.79999923706055,37.30044174194336,48955800
2023-11-10,38.2400016784668,38.9900016784668,38.2400016784668,38.86000061035156,38.346431732177734,38862500
2023-11-13,38.349998474121094,38.56999969482422,38.13999938964844,38.22999954223633,37.72475814819336,24558300
2023-11-14,38.79999923706055,39.4900016784668,38.06999969482422,39.40999984741211,38.889163970947266,45457400
2023-11-15,39.59000015258789,40.84000015258789,39.58000183105469,40.61000061035156,40.07330322265625,47392100
2023-11-16,41.0,43.400001525878906,40.81999969482422,43.349998474121094,42.77709197998047,86405700
2023-11-17,42.90999984741211,43.810001373291016,42.560001373291016,43.810001373291016,43.23101806640625,49735000
2023-11-20,43.779998779296875,44.93000030517578,43.779998779296875,44.7400016784668,44.14872360229492,44564900
2023-11-21,44.5,44.65999984741211,43.29999923706055,43.63999938964844,43.063262939453125,37252100
2023-11-22,44.029998779296875,44.630001068115234,43.540000915527344,43.66999816894531,43.09286117553711,31481200
2023-11-24,43.68000030517578,44.0,43.61000061035156,43.959999084472656,43.3790283203125,13037100
2023-11-27,43.650001525878906,44.54999923706055,43.650001525878906,44.08000183105469,43.4974479675293,33339900
2023-11-28,43.689998626708984,44.380001068115234,43.65999984741211,44.22999954223633,43.64546203613281,24548900
2023-11-29,44.599998474121094,45.34000015258789,44.599998474121094,44.939998626708984,44.34607696533203,38982000
2023-11-30,44.650001525878906,45.09000015258789,44.40999984741211,44.70000076293945,44.1092529296875,46263000
2023-12-01,44.36000061035156,44.36000061035156,42.86000061035156,43.7400016784668,43.16194152832031,43928400
2023-12-04,43.29999923706055,43.310001373291016,41.689998626708984,42.349998474121094,41.79030990600586,50417600
2023-12-05,41.90999984741211,42.290000915527344,41.61000061035156,41.91999816894531,41.365989685058594,31859300
2023-12-06,42.47999954223633,42.59000015258789,41.16999816894531,41.27000045776367,40.72458267211914,31992300
2023-12-07,41.75,42.439998626708984,41.18000030517578,42.150001525878906,41.59295654296875,29118700
2023-12-08,41.84000015258789,42.959999084472656,41.810001373291016,42.70000076293945,42.13568878173828,42815000
2023-12-11,43.15999984741211,44.72999954223633,43.08000183105469,44.540000915527344,43.95136260986328,48288200
2023-12-12,44.36000061035156,44.439998626708984,43.630001068115234,44.040000915527344,43.45797348022461,31452200
2023-12-13,44.08000183105469,44.720001220703125,43.33000183105469,44.56999969482422,43.98097229003906,35216100
2023-12-14,45.0099983215332,47.06999969482422,44.650001525878906,45.18000030517578,44.582908630371094,70620800
2023-12-15,45.939998626708984,47.27000045776367,45.66999816894531,46.15999984741211,45.54995346069336,84583400
2023-12-18,46.150001525878906,46.22999954223633,45.400001525878906,45.689998626708984,45.08616638183594,27895700
2023-12-19,45.599998474121094,46.68000030517578,45.5099983215332,46.65999984741211,46.0433464050293,35358800
2023-12-20,46.63999938964844,46.95000076293945,45.70000076293945,45.7599983215332,45.155242919921875,38159100
2023-12-21,46.47999954223633,47.119998931884766,46.02000045776367,47.08000183105469,46.45779800415039,28320500
2023-12-22,47.25,48.15999984741211,47.20000076293945,48.0,47.365638732910156,30095700
2023-12-26,48.91999816894531,50.52000045776367,48.709999084472656,50.5,49.83259963989258,60287400
2023-12-27,50.630001068115234,51.279998779296875,50.189998626708984,50.7599983215332,50.08916091918945,52148000
2023-12-28,50.810001373291016,50.869998931884766,50.15999984741211,50.38999938964844,49.724056243896484,27705200
2023-12-29,50.29999923706055,50.56999969482422,49.77000045776367,50.25,49.58590316772461,29288700
2024-01-02,49.20000076293945,49.380001068115234,47.45000076293945,47.79999923706055,47.16828155517578,45905700
2024-01-03,47.099998474121094,47.810001373291016,46.79999923706055,47.04999923706055,46.42819595336914,35858400
2024-01-04,45.720001220703125,47.15999984741211,45.2400016784668,46.869998931884766,46.25057601928711,47797800
2024-01-05,47.029998779296875,47.83000183105469,46.63999938964844,46.88999938964844,46.27030944824219,34344000
2024-01-08,47.06999969482422,48.7599983215332,46.970001220703125,48.45000076293945,47.809696197509766,42135100
2024-01-09,48.0099983215332,48.560001373291016,47.79999923706055,48.04999923706055,47.41497802734375,30097000
2024-01-10,48.2400016784668,48.29999923706055,46.939998626708984,47.470001220703125,46.84264373779297,31480200
2024-01-11,47.439998626708984,47.84000015258789,46.72999954223633,47.63999938964844,47.010398864746094,31707900
2024-01-12,47.599998474121094,47.66999816894531,46.61000061035156,47.119998931884766,46.49726486206055,27587900
2024-01-16,46.97999954223633,47.220001220703125,46.380001068115234,47.060001373291016,46.43806457519531,43720700
2024-01-17,46.41999816894531,46.41999816894531,45.650001525878906,46.060001373291016,45.4512825012207,33488000
2024-01-18,47.029998779296875,47.56999969482422,46.16999816894531,46.7400016784668,46.122291564941406,46681300
2024-01-19,47.0,48.7599983215332,46.439998626708984,48.150001525878906,47.51365661621094,55979800
2024-01-22,48.849998474121094,49.16999816894531,47.63999938964844,48.220001220703125,47.582733154296875,45639500
2024-01-23,48.119998931884766,48.939998626708984,47.31999969482422,48.88999938964844,48.243873596191406,37224100
2024-01-24,49.16999816894531,49.77000045776367,48.27000045776367,49.09000015258789,48.44123077392578,49375800
2024-01-25,50.0,50.29999923706055,48.970001220703125,49.54999923706055,48.89515686035156,84845100
2024-01-26,44.18000030517578,45.40999984741211,43.349998474121094,43.650001525878906,43.07312774658203,127665300
2024-01-29,43.709999084472656,43.9900016784668,42.810001373291016,43.84000015258789,43.2606201171875,51790900
2024-01-30,43.66999816894531,43.81999969482422,42.88999938964844,42.91999816894531,42.35277557373047,47958800
2024-01-31,42.56999969482422,43.790000915527344,42.36000061035156,43.08000183105469,42.51066207885742,51584200
2024-02-01,43.150001525878906,43.56999969482422,42.4900016784668,43.36000061035156,42.78696060180664,38819900
2024-02-02,43.0,43.13999938964844,41.599998474121094,42.599998474121094,42.03700256347656,53683500
2024-02-05,42.619998931884766,43.150001525878906,42.43000030517578,42.77000045776367,42.20475387573242,28890300
2024-02-06,42.70000076293945,42.779998779296875,42.13999938964844,42.7400016784668,42.29877853393555,34068200
2024-02-07,42.88999938964844,43.099998474121094,42.54999923706055,42.779998779296875,42.33836364746094,34269200
2024-02-08,42.720001220703125,42.970001220703125,42.33000183105469,42.5,42.061256408691406,33206500
2024-02-09,42.54999923706055,43.52000045776367,42.400001525878906,43.310001373291016,42.86289596557617,51193000
2024-02-12,43.38999938964844,45.040000915527344,43.31999969482422,44.029998779296875,43.57545852661133,51107300
2024-02-13,43.0,43.630001068115234,42.7599983215332,43.15999984741211,42.71444320678711,36622200
2024-02-14,43.81999969482422,44.290000915527344,43.38999938964844,44.189998626708984,43.73380661010742,36186200
2024-02-15,44.7599983215332,45.27000045776367,44.02000045776367,44.04999923706055,43.595252990722656,44024500
2024-02-16,44.029998779296875,44.220001220703125,43.119998931884766,43.5099983215332,43.060829162597656,29975300
2024-02-20,44.2599983215332,45.16999816894531,43.41999816894531,44.52000045776367,44.060401916503906,61514100
2024-02-21,44.47999954223633,44.689998626708984,43.08000183105469,43.470001220703125,43.021240234375,57485200
2024-02-22,44.68000030517578,44.68000030517578,42.529998779296875,42.97999954223633,42.53630065917969,62809300
2024-02-23,43.130001068115234,43.5099983215332,42.65999984741211,42.9900016784668,42.54619598388672,33810700
2024-02-26,43.5,43.68000030517578,42.81999969482422,42.9900016784668,42.54619598388672,27035400
2024-02-27,43.25,43.27000045776367,42.5099983215332,42.72999954223633,42.28887939453125,25126400
2024-02-28,42.439998626708984,42.45000076293945,41.90999984741211,41.9900016784668,41.556522369384766,26928500
2024-02-29,42.369998931884766,43.150001525878906,42.36000061035156,43.04999923706055,42.60557556152344,48875100
2024-03-01,43.40999984741211,44.27000045776367,43.130001068115234,43.81999969482422,43.36762619018555,41426100
2024-03-04,44.27000045776367,46.61000061035156,43.849998474121094,45.61000061035156,45.1391487121582,59990800
2024-03-05,44.560001373291016,44.869998931884766,42.689998626708984,43.15999984741211,42.71444320678711,56655100
2024-03-06,43.93000030517578,45.5099983215332,43.560001373291016,44.5099983215332,44.05050277709961,52652000
2024-03-07,45.54999923706055,46.41999816894531,45.18000030517578,46.150001525878906,45.67357635498047,50378200
2024-03-08,46.439998626708984,46.630001068115234,44.0,44.0,43.54576873779297,54916600
2024-03-11,43.869998931884766,44.93000030517578,43.65999984741211,44.86000061035156,44.39689254760742,35051000
2024-03-12,45.060001373291016,45.27000045776367,44.459999084472656,45.2400016784668,44.77296829223633,31795800
2024-03-13,44.5099983215332,44.97999954223633,43.20000076293945,43.22999954223633,42.78371810913086,53195900
2024-03-14,43.22999954223633,43.349998474121094,42.5099983215332,42.75,42.30867385864258,38100000
2024-03-15,42.45000076293945,43.150001525878906,42.349998474121094,42.63999938964844,42.199806213378906,66952900
2024-03-18,43.09000015258789,43.380001068115234,42.599998474121094,42.709999084472656,42.26908493041992,27668300
2024-03-19,42.25,42.290000915527344,41.439998626708984,42.04999923706055,41.61589813232422,34673000
2024-03-20,42.9900016784668,43.0099983215332,41.40999984741211,42.20000076293945,41.76435470581055,74865000
2024-03-21,42.9900016784668,43.599998474121094,42.31999969482422,42.41999816894531,41.98208236694336,50807600
2024-03-22,42.25,42.79999923706055,42.09000015258789,42.56999969482422,42.13053512573242,28503100
2024-03-25,40.88999938964844,42.220001220703125,40.56999969482422,41.83000183105469,41.39817428588867,47276500
2024-03-26,41.95000076293945,42.27000045776367,41.65999984741211,41.9900016784668,41.556522369384766,39109700
2024-03-27,42.540000915527344,43.83000183105469,42.5,43.77000045776367,43.318145751953125,51017800
2024-03-28,43.7599983215332,44.599998474121094,43.709999084472656,44.16999816894531,43.714012145996094,54204200
2024-04-01,44.290000915527344,45.40999984741211,44.18000030517578,44.52000045776367,44.060401916503906,31712600
2024-04-02,43.93000030517578,44.08000183105469,43.5,43.939998626708984,43.48638916015625,32748400
2024-04-03,41.400001525878906,41.650001525878906,40.220001220703125,40.33000183105469,39.913658142089844,83718000
2024-04-04,40.59000015258789,40.779998779296875,39.70000076293945,39.72999954223633,39.31985092163086,57307200
2024-04-05,39.349998474121094,39.459999084472656,38.5099983215332,38.709999084472656,38.31037902832031,67263000
2024-04-08,38.63999938964844,38.86000061035156,37.90999984741211,37.97999954223633,37.58791732788086,56967800
2024-04-09,38.04999923706055,38.58000183105469,37.33000183105469,38.33000183105469,37.93430709838867,78671700
2024-04-10,38.02000045776367,38.220001220703125,37.02000045776367,37.20000076293945,36.81596755981445,51108400
2024-04-11,37.43000030517578,37.66999816894531,37.08000183105469,37.630001068115234,37.24153137207031,41909100
2024-04-12,36.689998626708984,36.70000076293945,35.599998474121094,35.689998626708984,35.321556091308594,80254800
2024-04-15,36.040000915527344,36.70000076293945,35.88999938964844,36.310001373291016,35.935157775878906,50751600
2024-04-16,36.27000045776367,36.5099983215332,35.7599983215332,36.2599983215332,35.88566970825195,30607500
2024-04-17,36.099998474121094,36.130001068115234,35.369998931884766,35.68000030517578,35.31166076660156,41173300
2024-04-18,35.41999816894531,35.65999984741211,34.77000045776367,35.040000915527344,34.67826843261719,42334400
2024-04-19,35.130001068115234,35.130001068115234,34.18000030517578,34.20000076293945,33.84694290161133,59070300
2024-04-22,34.41999816894531,34.56999969482422,34.08000183105469,34.40999984741211,34.054771423339844,39909900
2024-04-23,34.34000015258789,34.599998474121094,34.18000030517578,34.279998779296875,33.92611312866211,46834000
2024-04-24,34.86000061035156,35.18000030517578,34.34000015258789,34.5,34.14384078979492,53261100
2024-04-25,34.560001373291016,35.29999923706055,34.5,35.11000061035156,34.74754333496094,66549400
2024-04-26,31.780000686645508,32.2400016784668,30.639999389648438,31.8799991607666,31.55088996887207,119742500
2024-04-29,31.860000610351562,31.90999984741211,31.06999969482422,31.360000610351562,31.036256790161133,58533300
2024-04-30,31.040000915527344,31.18000030517578,30.420000076293945,30.469999313354492,30.155445098876953,72346400
2024-05-01,30.170000076293945,31.040000915527344,30.020000457763672,30.3700008392334,30.05647850036621,60654800
2024-05-02,30.59000015258789,30.670000076293945,30.190000534057617,30.510000228881836,30.195032119750977,50899400
2024-05-03,30.979999542236328,31.059999465942383,30.700000762939453,30.899999618530273,30.58100700378418,36794800
2024-05-06,31.1200008392334,31.200000762939453,30.729999542236328,30.969999313354492,30.774776458740234,36185600
2024-05-07,31.09000015258789,31.450000762939453,30.610000610351562,30.68000030517578,30.486604690551758,44683400
2024-05-08,30.0,30.149999618530273,29.729999542236328,30.0,29.81089210510254,63734600
2024-05-09,29.93000030517578,30.389999389648438,29.809999465942383,30.09000015258789,29.90032386779785,45003400
2024-05-10,30.329999923706055,30.459999084472656,29.84000015258789,29.850000381469727,29.66183853149414,42931300
2024-05-13,30.030000686645508,31.1299991607666,30.0,30.510000228881836,30.317676544189453,51459100
2024-05-14,30.6200008392334,31.110000610351562,30.610000610351562,31.049999237060547,30.854272842407227,47759900
2024-05-15,31.3799991607666,31.399999618530273,30.809999465942383,31.270000457763672,31.072887420654297,36992900
2024-05-16,31.6299991607666,32.2599983215332,31.520000457763672,32.029998779296875,31.828094482421875,47752800
2024-05-17,32.060001373291016,32.11000061035156,31.59000015258789,31.829999923706055,31.629356384277344,41449800
2024-05-20,31.850000381469727,32.41999816894531,31.760000228881836,32.099998474121094,31.897653579711914,31989000
2024-05-21,31.979999542236328,32.2400016784668,31.6200008392334,31.739999771118164,31.5399227142334,42975400
2024-05-22,31.90999984741211,32.06999969482422,31.100000381469727,31.420000076293945,31.221940994262695,36706400
2024-05-23,31.450000762939453,31.56999969482422,29.8700008392334,30.079999923706055,29.8903865814209,62014500
2024-05-24,30.290000915527344,31.020000457763672,30.1299991607666,30.719999313354492,30.526351928710938,42434500
2024-05-28,30.940000534057617,31.3700008392334,30.65999984741211,31.059999465942383,30.86421012878418,36799100
2024-05-29,30.469999313354492,30.670000076293945,30.110000610351562,30.1299991607666,29.94007110595703,35848600
2024-05-30,30.209999084472656,30.5,30.059999465942383,30.190000534057617,29.99969482421875,33351000
2024-05-31,30.219999313354492,30.959999084472656,29.940000534057617,30.850000381469727,30.655534744262695,95797500
2024-06-03,31.030000686645508,31.06999969482422,30.049999237060547,30.290000915527344,30.099063873291016,35544900
2024-06-04,30.75,30.75,29.940000534057617,30.030000686645508,29.8407039642334,51027200
2024-06-05,30.270000457763672,30.84000015258789,30.010000228881836,30.780000686645508,30.585975646972656,44161700
2024-06-06,30.549999237060547,30.59000015258789,30.15999984741211,30.420000076293945,30.22824478149414,34248100
2024-06-07,30.25,30.780000686645508,30.209999084472656,30.739999771118164,30.546226501464844,34085500
2024-06-10,30.549999237060547,30.950000762939453,30.290000915527344,30.90999984741211,30.71515464782715,37396500
2024-06-11,30.770000457763672,31.030000686645508,30.530000686645508,30.920000076293945,30.7250919342041,25326900
2024-06-12,31.459999084472656,31.479999542236328,30.389999389648438,30.760000228881836,30.56610107421875,51323900
2024-06-13,30.3799991607666,30.579999923706055,30.139999389648438,30.459999084472656,30.26799201965332,33787200
2024-06-14,30.290000915527344,30.559999465942383,30.209999084472656,30.450000762939453,30.258056640625,28125900
2024-06-17,30.34000015258789,31.0,30.18000030517578,30.979999542236328,30.784713745117188,36235300
2024-06-18,30.989999771118164,31.469999313354492,30.5,30.6299991607666,30.436920166015625,33294700
2024-06-20,30.559999465942383,31.110000610351562,30.450000762939453,30.6200008392334,30.426984786987305,43826300
2024-06-21,30.850000381469727,31.360000610351562,30.670000076293945,31.09000015258789,30.894020080566406,90795200
2024-06-24,31.139999389648438,31.420000076293945,30.530000686645508,30.56999969482422,30.37729835510254,40611800
2024-06-25,30.700000762939453,30.829999923706055,30.290000915527344,30.739999771118164,30.546226501464844,29323600
2024-06-26,30.639999389648438,30.68000030517578,30.270000457763672,30.540000915527344,30.347488403320312,30743000
2024-06-27,30.420000076293945,30.65999984741211,30.290000915527344,30.59000015258789,30.397172927856445,30184300
2024-06-28,30.75,31.309999465942383,30.719999313354492,30.969999313354492,30.774776458740234,41467700
2024-07-01,30.90999984741211,31.020000457763672,30.610000610351562,30.84000015258789,30.645597457885742,32401800
2024-07-02,30.860000610351562,31.309999465942383,30.59000015258789,31.06999969482422,30.874147415161133,35999300
2024-07-03,31.1200008392334,31.34000015258789,30.90999984741211,31.229999542236328,31.033138275146484,24065700
2024-07-05,31.399999618530273,32.34000015258789,31.309999465942383,32.02000045776367,31.818159103393555,45309400
2024-07-08,33.029998779296875,34.09000015258789,32.81999969482422,33.9900016784668,33.77574157714844,82315900
2024-07-09,35.02000045776367,35.220001220703125,33.720001220703125,34.59000015258789,34.3719596862793,97546900
2024-07-10,34.439998626708984,34.970001220703125,34.130001068115234,34.869998931884766,34.65019226074219,52256200
2024-07-11,35.029998779296875,35.150001525878906,33.310001373291016,33.5,33.2888298034668,55213700
2024-07-12,33.77000045776367,35.47999954223633,33.77000045776367,34.4900016784668,34.27259063720703,62792600
2024-07-15,34.70000076293945,35.22999954223633,34.310001373291016,34.459999084472656,34.242774963378906,39847900
2024-07-16,34.36000061035156,34.45000076293945,33.84000015258789,34.34000015258789,34.12353515625,28409900
2024-07-17,36.08000183105469,37.15999984741211,34.400001525878906,34.459999084472656,34.242774963378906,112304200
2024-07-18,34.959999084472656,36.29999923706055,34.529998779296875,34.869998931884766,34.65019226074219,84188600
2024-07-19,34.56999969482422,34.58000183105469,32.849998474121094,32.97999954223633,32.7721061706543,69628700
2024-07-22,33.279998779296875,33.40999984741211,32.7599983215332,33.369998931884766,33.15964889526367,48503700
2024-07-23,32.959999084472656,33.22999954223633,32.83000183105469,32.95000076293945,32.7422981262207,29466400
2024-07-24,32.529998779296875,32.79999923706055,31.65999984741211,31.700000762939453,31.50017547607422,62216700
2024-07-25,31.3700008392334,31.989999771118164,30.950000762939453,31.100000381469727,30.90395736694336,49774000
2024-07-26,31.43000030517578,31.559999465942383,31.020000457763672,31.350000381469727,31.152381896972656,38352500
2024-07-29,31.420000076293945,31.469999313354492,30.790000915527344,30.829999923706055,30.63566017150879,32342200
2024-07-30,30.850000381469727,30.90999984741211,30.010000228881836,30.1299991607666,29.94007110595703,48256600
2024-07-31,30.540000915527344,30.8700008392334,30.280000686645508,30.739999771118164,30.546226501464844,56110600
2024-08-01,30.43000030517578,30.709999084472656,28.889999389648438,29.049999237060547,28.866878509521484,107672500
2024-08-02,21.940000534057617,21.979999542236328,20.420000076293945,21.479999542236328,21.3445987701416,300895900
2024-08-05,20.200000762939453,20.389999389648438,19.290000915527344,20.110000610351562,19.983234405517578,147385700
2024-08-06,20.31999969482422,20.6299991607666,19.75,19.829999923706055,19.704999923706055,106670400
2024-08-07,19.920000076293945,20.25,18.950000762939453,18.989999771118164,18.989999771118164,97972300
2024-08-08,19.100000381469727,20.549999237060547,18.84000015258789,20.489999771118164,20.489999771118164,96836800
2024-08-09,20.079999923706055,20.149999618530273,19.5,19.709999084472656,19.709999084472656,76394500
2024-08-12,19.8700008392334,19.969999313354492,19.0,19.360000610351562,19.360000610351562,54677600
2024-08-13,19.479999542236328,20.479999542236328,19.469999313354492,20.469999313354492,20.469999313354492,77511300
2024-08-14,20.489999771118164,20.5,19.790000915527344,19.920000076293945,19.920000076293945,56758200
2024-08-15,20.31999969482422,21.059999465942383,20.229999542236328,20.690000534057617,20.690000534057617,84814900
2024-08-16,20.530000686645508,20.899999618530273,20.40999984741211,20.8700008392334,20.8700008392334,48582700
2024-08-19,20.889999389648438,21.860000610351562,20.84000015258789,21.520000457763672,21.520000457763672,65956300
2024-08-20,21.209999084472656,21.229999542236328,20.81999969482422,20.989999771118164,20.989999771118164,84161300
2024-08-21,21.06999969482422,21.440000534057617,21.06999969482422,21.40999984741211,21.40999984741211,57028900
2024-08-22,21.389999389648438,21.399999618530273,20.040000915527344,20.100000381469727,20.100000381469727,81444700
2024-08-23,20.31999969482422,20.93000030517578,20.260000228881836,20.540000915527344,20.540000915527344,73398400
2024-08-26,20.530000686645508,20.559999465942383,19.950000762939453,20.1299991607666,20.1299991607666,58534800
2024-08-27,20.1299991607666,20.260000228881836,19.84000015258789,20.06999969482422,20.06999969482422,43862000
2024-08-28,19.979999542236328,20.110000610351562,19.510000228881836,19.610000610351562,19.610000610351562,50144900
2024-08-29,19.760000228881836,20.600000381469727,19.75,20.1299991607666,20.1299991607666,64529700
2024-08-30,21.25,22.1200008392334,21.0,22.040000915527344,22.040000915527344,177785400
2024-09-03,21.540000915527344,21.690000534057617,19.989999771118164,20.100000381469727,20.100000381469727,115305500
2024-09-04,19.760000228881836,20.049999237060547,19.280000686645508,19.43000030517578,19.43000030517578,85871900
2024-09-05,19.280000686645508,19.899999618530273,19.239999771118164,19.399999618530273,19.399999618530273,65388800
2024-09-06,19.440000534057617,19.489999771118164,18.639999389648438,18.889999389648438,18.889999389648438,92686500
2024-09-09,19.0,19.540000915527344,18.950000762939453,19.06999969482422,19.06999969482422,64244100
2024-09-10,19.030000686645508,19.110000610351562,18.510000228881836,18.979999542236328,18.979999542236328,55621300
2024-09-11,19.010000228881836,19.690000534057617,18.520000457763672,19.639999389648438,19.639999389648438,71403100
2024-09-12,19.43000030517578,19.540000915527344,19.040000915527344,19.360000610351562,19.360000610351562,51520600
2024-09-13,19.489999771118164,19.799999237060547,19.489999771118164,19.65999984741211,19.65999984741211,44236300
2024-09-16,20.030000686645508,21.06999969482422,19.760000228881836,20.90999984741211,20.90999984741211,149337000
2024-09-17,21.709999084472656,22.579999923706055,21.239999771118164,21.469999313354492,21.469999313354492,196249800
2024-09-18,21.360000610351562,21.739999771118164,20.719999313354492,20.770000457763672,20.770000457763672,118727900
2024-09-19,21.280000686645508,21.690000534057617,21.030000686645508,21.139999389648438,21.139999389648438,99829200
2024-09-20,20.889999389648438,23.139999389648438,20.350000381469727,21.84000015258789,21.84000015258789,260377900
2024-09-23,22.43000030517578,22.81999969482422,22.030000686645508,22.559999465942383,22.559999465942383,184439100
2024-09-24,22.530000686645508,23.110000610351562,22.290000915527344,22.809999465942383,22.809999465942383,113082500
2024-09-25,22.799999237060547,24.059999465942383,22.729999542236328,23.540000915527344,23.540000915527344,117013400
2024-09-26,24.280000686645508,24.420000076293945,23.25,23.920000076293945,23.920000076293945,95416900
2024-09-27,24.15999984741211,24.65999984741211,23.700000762939453,23.90999984741211,23.90999984741211,85883300
2024-09-30,23.739999771118164,23.950000762939453,23.09000015258789,23.459999084472656,23.459999084472656,66308200
2024-10-01,23.459999084472656,23.719999313354492,22.260000228881836,22.690000534057617,22.690000534057617,86344400
2024-10-02,22.670000076293945,23.06999969482422,22.350000381469727,22.389999389648438,22.389999389648438,59033900
2024-10-03,22.139999389648438,22.729999542236328,21.649999618530273,22.260000228881836,22.260000228881836,49565900
2024-10-04,22.700000762939453,22.90999984741211,22.299999237060547,22.59000015258789,22.59000015258789,49845500
2024-10-07,22.399999618530273,22.649999618530273,22.020000457763672,22.3799991607666,22.3799991607666,54928700
2024-10-08,22.25,23.420000076293945,22.049999237060547,23.31999969482422,23.31999969482422,58650500
2024-10-09,23.25,23.479999542236328,23.059999465942383,23.459999084472656,23.459999084472656,44759000
2024-10-10,23.190000534057617,23.530000686645508,22.959999084472656,23.219999313354492,23.219999313354492,44874600
2024-10-11,23.049999237060547,23.81999969482422,22.979999542236328,23.559999465942383,23.559999465942383,43585300
2024-10-14,23.579999923706055,23.770000457763672,23.270000457763672,23.440000534057617,23.440000534057617,35403600
2024-10-15,23.40999984741211,23.719999313354492,22.469999313354492,22.65999984741211,22.65999984741211,68900600
2024-10-16,22.3799991607666,22.540000915527344,21.739999771118164,22.309999465942383,22.309999465942383,62151800
2024-10-17,22.719999313354492,22.81999969482422,22.399999618530273,22.440000534057617,22.440000534057617,43807600
2024-10-18,22.610000610351562,22.81999969482422,22.5,22.770000457763672,22.770000457763672,39971700
2024-10-21,22.610000610351562,22.8799991607666,22.25,22.84000015258789,22.84000015258789,39727000
2024-10-22,22.729999542236328,22.81999969482422,22.170000076293945,22.399999618530273,22.399999618530273,50160400
2024-10-23,22.299999237060547,22.43000030517578,21.579999923706055,21.979999542236328,21.979999542236328,45799100
2024-10-24,22.09000015258789,22.3700008392334,21.969999313354492,22.34000015258789,22.34000015258789,40554400
2024-10-25,22.420000076293945,23.34000015258789,22.40999984741211,22.68000030517578,22.68000030517578,67503000
2024-10-28,22.670000076293945,23.270000457763672,22.559999465942383,22.920000076293945,22.920000076293945,41915000
2024-10-29,22.8700008392334,23.139999389648438,22.40999984741211,22.899999618530273,22.899999618530273,83422200
2024-10-30,22.420000076293945,22.93000030517578,22.260000228881836,22.299999237060547,22.299999237060547,50941200
2024-10-31,22.149999618530273,22.25,21.469999313354492,21.520000457763672,21.520000457763672,112485500
2024-11-01,23.0,23.579999923706055,21.90999984741211,23.200000762939453,23.200000762939453,173471100
2024-11-04,22.959999084472656,23.0,22.0,22.520000457763672,22.520000457763672,84616300
2024-11-05,22.579999923706055,23.579999923706055,22.399999618530273,23.31999969482422,23.31999969482422,59153300
2024-11-06,24.299999237060547,25.1200008392334,24.049999237060547,25.049999237060547,25.049999237060547,116760500
2024-11-07,25.43000030517578,26.3799991607666,25.190000534057617,26.229999542236328,26.229999542236328,101489300
2024-11-08,26.0,26.43000030517578,25.829999923706055,26.200000762939453,26.200000762939453,76428000
2024-11-11,25.959999084472656,26.290000915527344,24.829999923706055,25.049999237060547,25.049999237060547,80185300
2024-11-12,24.65999984741211,24.959999084472656,23.889999389648438,24.15999984741211,24.15999984741211,62539700
2024-11-13,24.059999465942383,25.139999389648438,24.020000457763672,24.920000076293945,24.920000076293945,58202000
2024-11-14,25.1200008392334,25.610000610351562,24.93000030517578,25.030000686645508,25.030000686645508,49252100
2024-11-15,24.809999465942383,24.81999969482422,24.229999542236328,24.350000381469727,24.350000381469727,55104900
2024-11-18,24.329999923706055,25.020000457763672,24.15999984741211,24.84000015258789,24.84000015258789,59589500
2024-11-19,24.5,24.540000915527344,24.100000381469727,24.200000762939453,24.200000762939453,61190900
2024-11-20,24.06999969482422,24.209999084472656,23.549999237060547,24.010000228881836,24.010000228881836,50191500
2024-11-21,24.079999923706055,24.770000457763672,23.829999923706055,24.440000534057617,24.440000534057617,58928400
2024-11-22,24.350000381469727,24.68000030517578,24.139999389648438,24.5,24.5,36784700
2024-11-25,25.040000915527344,25.56999969482422,24.760000228881836,24.8700008392334,24.8700008392334,91128400
2024-11-26,24.950000762939453,24.989999771118164,23.809999465942383,24.049999237060547,24.049999237060547,69613600
2024-11-27,23.829999923706055,23.93000030517578,23.059999465942383,23.649999618530273,23.649999618530273,53992300
2024-11-29,23.719999313354492,24.280000686645508,23.600000381469727,24.049999237060547,24.049999237060547,36616800
2024-12-02,24.84000015258789,25.479999542236328,23.440000534057617,23.93000030517578,23.93000030517578,150497900
2024-12-03,23.68000030517578,23.75,22.440000534057617,22.469999313354492,22.469999313354492,138160500
2024-12-04,22.530000686645508,22.540000915527344,21.809999465942383,21.959999084472656,21.959999084472656,104649000
2024-12-05,22.040000915527344,22.190000534057617,20.65999984741211,20.799999237060547,20.799999237060547,167993500
2024-12-06,20.950000762939453,21.049999237060547,20.65999984741211,20.920000076293945,20.920000076293945,78539100
2024-12-09,20.920000076293945,21.059999465942383,20.729999542236328,20.809999465942383,20.809999465942383,68818200
2024-12-10,20.829999923706055,20.860000610351562,19.959999084472656,20.15999984741211,20.15999984741211,90004800
2024-12-11,20.139999389648438,20.25,19.8700008392334,20.1200008392334,20.1200008392334,75209300
2024-12-12,20.020000457763672,20.899999618530273,19.920000076293945,20.780000686645508,20.780000686645508,77695000
2024-12-13,20.600000381469727,20.799999237060547,20.25,20.34000015258789,20.34000015258789,55104100
2024-12-16,20.170000076293945,21.100000381469727,20.0,20.829999923706055,20.829999923706055,73832900
2024-12-17,20.639999389648438,20.770000457763672,20.290000915527344,20.440000534057617,20.440000534057617,51767200
2024-12-18,20.479999542236328,20.579999923706055,19.209999084472656,19.299999237060547,19.299999237060547,86041200
2024-12-19,19.530000686645508,19.690000534057617,19.030000686645508,19.059999465942383,19.059999465942383,69117800
2024-12-20,18.969999313354492,19.760000228881836,18.899999618530273,19.520000457763672,19.520000457763672,108453700
2024-12-23,19.579999923706055,20.229999542236328,19.520000457763672,20.200000762939453,20.200000762939453,57988400
2024-12-24,20.219999313354492,20.399999618530273,19.959999084472656,20.399999618530273,20.399999618530273,29884000
2024-12-26,20.229999542236328,20.670000076293945,20.079999923706055,20.440000534057617,20.440000534057617,39846200
2024-12-27,20.209999084472656,20.610000610351562,20.09000015258789,20.299999237060547,20.299999237060547,48260800
2024-12-30,20.010000228881836,20.110000610351562,19.729999542236328,19.81999969482422,19.81999969482422,59608100
2024-12-31,19.989999771118164,20.399999618530273,19.8799991607666,20.049999237060547,20.049999237060547,49846700
2025-01-02,20.229999542236328,20.43000030517578,20.0,20.219999313354492,20.219999313354492,46438500
2025-01-03,20.389999389648438,20.670000076293945,20.059999465942383,20.559999465942383,20.559999465942383,48983900
2025-01-06,20.829999923706055,20.979999542236328,19.780000686645508,19.8700008392334,19.8700008392334,83271000
2025-01-07,20.020000457763672,20.34000015258789,19.899999618530273,20.010000228881836,20.010000228881836,61726100
2025-01-08,19.829999923706055,20.1200008392334,19.709999084472656,19.8799991607666,19.8799991607666,47897100
2025-01-10,19.65999984741211,19.65999984741211,18.90999984741211,19.149999618530273,19.149999618530273,71244600
2025-01-13,18.920000076293945,19.25,18.729999542236328,19.200000762939453,19.200000762939453,50669000
2025-01-14,19.360000610351562,19.520000457763672,18.81999969482422,19.200000762939453,19.200000762939453,47147500
2025-01-15,19.399999618530273,19.770000457763672,19.170000076293945,19.719999313354492,19.719999313354492,56306000
2025-01-16,19.75,19.950000762939453,19.399999618530273,19.670000076293945,19.670000076293945,44898100
2025-01-17,21.260000228881836,21.6200008392334,20.790000915527344,21.489999771118164,21.489999771118164,166483900
2025-01-21,22.030000686645508,22.40999984741211,21.75,21.770000457763672,21.770000457763672,96262200
2025-01-22,21.729999542236328,22.290000915527344,21.56999969482422,21.860000610351562,21.860000610351562,60972600
2025-01-23,21.690000534057617,21.75,21.350000381469727,21.56999969482422,21.56999969482422,55778200
2025-01-24,21.360000610351562,21.40999984741211,20.75,20.829999923706055,20.829999923706055,66300600
2025-01-27,20.809999465942383,21.059999465942383,20.139999389648438,20.290000915527344,20.290000915527344,83582100
2025-01-28,20.34000015258789,20.34000015258789,19.739999771118164,19.799999237060547,19.799999237060547,73411400
2025-01-29,19.8700008392334,20.079999923706055,19.65999984741211,19.75,19.75,86506800
2025-01-30,19.719999313354492,20.100000381469727,19.43000030517578,20.010000228881836,20.010000228881836,108167000
2025-01-31,20.100000381469727,20.329999923706055,19.3799991607666,19.43000030517578,19.43000030517578,117081700
2025-02-03,18.969999313354492,19.75,18.780000686645508,19.3799991607666,19.3799991607666,77523100
2025-02-04,19.100000381469727,19.530000686645508,19.020000457763672,19.290000915527344,19.290000915527344,54098200
2025-02-05,19.190000534057617,19.770000457763672,18.90999984741211,19.649999618530273,19.649999618530273,66059200
2025-02-06,19.510000228881836,19.700000762939453,19.219999313354492,19.3799991607666,19.3799991607666,45553800
2025-02-07,19.350000381469727,19.360000610351562,19.030000686645508,19.100000381469727,19.100000381469727,58277900
2025-02-10,19.25,20.079999923706055,19.239999771118164,19.770000457763672,19.770000457763672,73007300
2025-02-11,19.8700008392334,21.8799991607666,19.860000610351562,20.969999313354492,20.969999313354492,150960700
2025-02-12,21.979999542236328,22.559999465942383,20.93000030517578,22.479999542236328,22.479999542236328,162631200
2025-02-13,22.84000015258789,24.829999923706055,22.790000915527344,24.1299991607666,24.1299991607666,248661300
2025-02-14,24.360000610351562,25.190000534057617,22.860000610351562,23.600000381469727,23.600000381469727,230254100
2025-02-18,24.600000381469727,27.549999237060547,24.489999771118164,27.389999389648438,27.389999389648438,284292200
2025-02-19,25.979999542236328,26.329999923706055,25.459999084472656,25.719999313354492,25.719999313354492,151881700
2025-02-20,25.559999465942383,26.1200008392334,24.479999542236328,26.09000015258789,26.09000015258789,144939600
2025-02-21,25.959999084472656,26.290000915527344,24.84000015258789,24.8700008392334,24.8700008392334,111630900
2025-02-24,24.549999237060547,24.799999237060547,23.6200008392334,24.270000457763672,24.270000457763672,91358100
2025-02-25,24.209999084472656,24.280000686645508,22.770000457763672,22.989999771118164,22.989999771118164,88886500
2025-02-26,23.25,23.81999969482422,23.209999084472656,23.520000457763672,23.520000457763672,67449300
2025-02-27,23.700000762939453,24.399999618530273,23.06999969482422,23.09000015258789,23.09000015258789,97871900
2025-02-28,23.020000457763672,24.440000534057617,22.639999389648438,23.729999542236328,23.729999542236328,104133800
2025-03-03,25.0,25.040000915527344,22.520000457763672,22.739999771118164,22.739999771118164,141348700
2025-03-04,22.540000915527344,22.6299991607666,20.760000228881836,21.329999923706055,21.329999923706055,152182200
2025-03-05,21.329999923706055,21.360000610351562,20.18000030517578,20.809999465942383,20.809999465942383,127219300
2025-03-06,20.260000228881836,21.1299991607666,20.0,20.75,20.75,96466400
2025-03-07,20.270000457763672,21.200000762939453,20.110000610351562,20.639999389648438,20.639999389648438,81099600
2025-03-10,20.239999771118164,20.510000228881836,19.649999618530273,19.93000030517578,19.93000030517578,82760600
2025-03-11,19.969999313354492,20.059999465942383,19.290000915527344,19.780000686645508,19.780000686645508,80789000
2025-03-12,20.790000915527344,21.170000076293945,20.209999084472656,20.68000030517578,20.68000030517578,128671100
2025-03-13,23.5,24.530000686645508,23.1299991607666,23.700000762939453,23.700000762939453,243261000
2025-03-14,23.68000030517578,24.3700008392334,23.520000457763672,24.049999237060547,24.049999237060547,116901600
2025-03-17,24.420000076293945,26.149999618530273,24.3700008392334,25.690000534057617,25.690000534057617,160723600
2025-03-18,25.549999237060547,26.40999984741211,25.389999389648438,25.920000076293945,25.920000076293945,132488800
2025-03-19,24.899999618530273,25.229999542236328,24.030000686645508,24.1200008392334,24.1200008392334,135491400
2025-03-20,23.770000457763672,24.309999465942383,23.729999542236328,23.959999084472656,23.959999084472656,68937600
2025-03-21,23.600000381469727,24.700000762939453,23.489999771118164,24.260000228881836,24.260000228881836,94110700
2025-03-24,24.719999313354492,24.989999771118164,24.1299991607666,24.219999313354492,24.219999313354492,69169000
2025-03-25,24.18000030517578,24.75,24.110000610351562,24.200000762939453,24.200000762939453,51743300
2025-03-26,24.25,24.420000076293945,23.25,23.420000076293945,23.420000076293945,59496700
2025-03-27,23.290000915527344,23.760000228881836,22.860000610351562,23.6200008392334,23.6200008392334,57720600
2025-03-28,23.350000381469727,23.579999923706055,22.559999465942383,22.709999084472656,22.709999084472656,58365300
2025-03-31,22.3799991607666,22.75,21.75,22.709999084472656,22.709999084472656,65832000
2025-04-01,22.559999465942383,22.6200008392334,21.65999984741211,22.049999237060547,22.049999237060547,64060400
2025-04-02,21.889999389648438,22.3799991607666,21.700000762939453,21.979999542236328,21.979999542236328,58878800
2025-04-03,21.399999618530273,23.899999618530273,20.860000610351562,22.43000030517578,22.43000030517578,242972100
2025-04-04,21.700000762939453,22.200000762939453,19.700000762939453,19.850000381469727,19.850000381469727,175014700
2025-04-07,19.139999389648438,20.670000076293945,18.559999465942383,19.56999969482422,19.56999969482422,142491200
2025-04-08,20.059999465942383,20.389999389648438,17.670000076293945,18.1299991607666,18.1299991607666,163982700
2025-04-09,18.06999969482422,21.729999542236328,17.979999542236328,21.530000686645508,21.530000686645508,224183500
2025-04-10,20.68000030517578,20.81999969482422,19.15999984741211,19.8799991607666,19.8799991607666,129064900
2025-04-11,19.25,19.799999237060547,18.18000030517578,19.739999771118164,19.739999771118164,128425800
2025-04-14,20.59000015258789,21.049999237060547,19.979999542236328,20.309999465942383,20.309999465942383,101964400
2025-04-15,20.200000762939453,20.469999313354492,19.809999465942383,19.850000381469727,19.850000381469727,64056900
2025-04-16,19.34000015258789,19.43000030517578,18.719999313354492,19.229999542236328,19.229999542236328,89469700
2025-04-17,18.90999984741211,19.100000381469727,18.559999465942383,18.93000030517578,18.93000030517578,85646700
2025-04-21,18.93000030517578,18.989999771118164,18.25,18.84000015258789,18.84000015258789,72409900
2025-04-22,19.059999465942383,19.739999771118164,19.040000915527344,19.510000228881836,19.510000228881836,83365600
2025-04-23,20.719999313354492,21.030000686645508,20.309999465942383,20.59000015258789,20.59000015258789,97188100
2025-04-24,21.040000915527344,21.549999237060547,20.8799991607666,21.489999771118164,21.489999771118164,117086200
2025-04-25,19.729999542236328,20.18000030517578,19.34000015258789,20.049999237060547,20.049999237060547,147711200
2025-04-28,20.1200008392334,21.079999923706055,20.049999237060547,20.510000228881836,20.510000228881836,96624400
2025-04-29,20.309999465942383,20.850000381469727,20.219999313354492,20.34000015258789,20.34000015258789,70031900
2025-04-30,19.709999084472656,20.18000030517578,19.549999237060547,20.100000381469727,20.100000381469727,68297300
2025-05-01,20.219999313354492,20.649999618530273,19.940000534057617,19.979999542236328,19.979999542236328,72607500
2025-05-02,20.260000228881836,20.780000686645508,20.209999084472656,20.6200008392334,20.6200008392334,63298500
2025-05-05,20.389999389648438,20.579999923706055,20.239999771118164,20.270000457763672,20.270000457763672,44237000
2025-05-06,19.920000076293945,20.1200008392334,19.770000457763672,19.940000534057617,19.940000534057617,51330800
2025-05-07,19.969999313354492,20.3700008392334,19.81999969482422,20.309999465942383,20.309999465942383,61002600
2025-05-08,21.010000228881836,21.239999771118164,20.639999389648438,21.0,21.0,71651700
2025-05-09,21.200000762939453,21.450000762939453,20.829999923706055,21.420000076293945,21.420000076293945,51768600
2025-05-12,22.18000030517578,22.670000076293945,21.8799991607666,22.18000030517578,22.18000030517578,94578700
2025-05-13,22.360000610351562,22.8799991607666,22.299999237060547,22.559999465942383,22.559999465942383,76850400
2025-05-14,22.350000381469727,22.459999084472656,21.459999084472656,21.520000457763672,21.520000457763672,91584800
2025-05-15,21.229999542236328,21.6299991607666,21.190000534057617,21.549999237060547,21.549999237060547,66705500
2025-05-16,21.530000686645508,21.760000228881836,21.350000381469727,21.65999984741211,21.65999984741211,55795100
2025-05-19,21.18000030517578,21.559999465942383,21.049999237060547,21.3799991607666,21.3799991607666,64279100
2025-05-20,21.329999923706055,21.40999984741211,21.1200008392334,21.270000457763672,21.270000457763672,48497400
2025-05-21,21.190000534057617,21.6299991607666,20.59000015258789,20.690000534057617,20.690000534057617,62904700
2025-05-22,20.729999542236328,20.899999618530273,20.510000228881836,20.549999237060547,20.549999237060547,56077500
2025-05-23,20.15999984741211,20.270000457763672,19.940000534057617,20.049999237060547,20.049999237060547,68206100
2025-05-27,20.440000534057617,20.670000076293945,20.18000030517578,20.549999237060547,20.549999237060547,69504600
2025-05-28,20.56999969482422,20.639999389648438,20.329999923706055,20.3700008392334,20.3700008392334,46096500
2025-05-29,20.540000915527344,20.600000381469727,20.100000381469727,20.25,20.25,66372200
2025-05-30,20.260000228881836,20.260000228881836,19.309999465942383,19.549999237060547,19.549999237060547,114281900
2025-06-02,19.479999542236328,19.81999969482422,19.3700008392334,19.739999771118164,19.739999771118164,67885500
2025-06-03,19.75,20.40999984741211,19.399999618530273,20.290000915527344,20.290000915527344,80401900
2025-06-04,20.34000015258789,20.5,20.010000228881836,20.25,20.25,71166500
2025-06-05,20.270000457763672,20.549999237060547,19.850000381469727,19.989999771118164,19.989999771118164,72458400
2025-06-06,20.170000076293945,20.440000534057617,20.030000686645508,20.059999465942383,20.059999465942383,70072800
2025-06-09,20.219999313354492,20.959999084472656,20.219999313354492,20.479999542236328,20.479999542236328,92893900
2025-06-10,20.5,22.440000534057617,20.280000686645508,22.079999923706055,22.079999923706055,171457000
2025-06-11,21.780000686645508,21.829999923706055,20.3799991607666,20.68000030517578,20.68000030517578,146784500
2025-06-12,20.5,20.979999542236328,20.40999984741211,20.770000457763672,20.770000457763672,78175900
2025-06-13,20.329999923706055,20.600000381469727,20.100000381469727,20.139999389648438,20.139999389648438,87655900
2025-06-16,20.40999984741211,20.93000030517578,20.299999237060547,20.739999771118164,20.739999771118164,86745100
2025-06-17,20.6299991607666,21.479999542236328,20.6200008392334,20.799999237060547,20.799999237060547,87512200
2025-06-18,20.809999465942383,21.600000381469727,20.65999984741211,21.489999771118164,21.489999771118164,94200600
2025-06-20,21.700000762939453,21.889999389648438,20.8799991607666,21.079999923706055,21.079999923706055,133472800
2025-06-23,21.06999969482422,21.579999923706055,20.729999542236328,21.190000534057617,21.190000534057617,81461000
2025-06-24,21.34000015258789,22.690000534057617,21.329999923706055,22.549999237060547,22.549999237060547,130368700
2025-06-25,22.579999923706055,22.770000457763672,22.1299991607666,22.200000762939453,22.200000762939453,64975100
2025-06-26,22.399999618530273,22.6200008392334,22.209999084472656,22.5,22.5,63229300
2025-06-27,22.709999084472656,23.3799991607666,22.420000076293945,22.690000534057617,22.690000534057617,95542400
2025-06-30,22.969999313354492,22.969999313354492,22.270000457763672,22.399999618530273,22.399999618530273,77102400
2025-07-01,22.329999923706055,23.15999984741211,22.280000686645508,22.850000381469727,22.850000381469727,79094900
2025-07-02,22.530000686645508,22.770000457763672,21.520000457763672,21.8799991607666,21.8799991607666,138245300
2025-07-03,22.149999618530273,22.6299991607666,21.989999771118164,22.489999771118164,22.489999771118164,61176000
2025-07-07,22.209999084472656,22.389999389648438,21.860000610351562,22.0,22.0,80725200
2025-07-08,22.18000030517578,23.790000915527344,22.1299991607666,23.59000015258789,23.59000015258789,119545500
2025-07-09,23.290000915527344,23.530000686645508,23.1299991607666,23.440000534057617,23.440000534057617,70247700
2025-07-10,23.6299991607666,24.040000915527344,23.479999542236328,23.81999969482422,23.81999969482422,54599800
2025-07-11,23.559999465942383,23.65999984741211,23.15999984741211,23.43000030517578,23.43000030517578,49367900
2025-07-14,23.239999771118164,23.399999618530273,22.8799991607666,23.299999237060547,23.299999237060547,48420500
2025-07-15,23.56999969482422,23.780000686645508,22.899999618530273,22.920000076293945,22.920000076293945,66099400
2025-07-16,22.989999771118164,23.1299991607666,22.25,22.690000534057617,22.690000534057617,58865900
2025-07-17,22.65999984741211,23.049999237060547,22.59000015258789,22.799999237060547,22.799999237060547,49384000
2025-07-18,23.219999313354492,23.59000015258789,22.899999618530273,23.100000381469727,23.100000381469727,60195600
2025-07-21,23.399999618530273,23.829999923706055,23.15999984741211,23.260000228881836,23.260000228881836,61658000
2025-07-22,23.34000015258789,23.540000915527344,23.079999923706055,23.239999771118164,23.239999771118164,53969800
2025-07-23,23.260000228881836,23.6200008392334,22.920000076293945,23.489999771118164,23.489999771118164,68711700
2025-07-24,23.489999771118164,23.579999923706055,22.600000381469727,22.6299991607666,22.6299991607666,131963300
2025-07-25,20.68000030517578,21.049999237060547,20.360000610351562,20.700000762939453,20.700000762939453,245077700
2025-07-28,20.81999969482422,21.290000915527344,20.649999618530273,20.68000030517578,20.68000030517578,86105600
2025-07-29,20.690000534057617,20.850000381469727,20.34000015258789,20.40999984741211,20.40999984741211,100831500
2025-07-30,20.43000030517578,20.6200008392334,20.079999923706055,20.34000015258789,20.34000015258789,67420300
2025-07-31,20.170000076293945,20.229999542236328,19.65999984741211,19.799999237060547,19.799999237060547,90665200
2025-08-01,19.5,19.549999237060547,18.969999313354492,19.309999465942383,19.309999465942383,86496100
2025-08-04,19.520000457763672,19.59000015258789,19.350000381469727,19.5,19.5,69249400
2025-08-05,19.700000762939453,20.540000915527344,19.68000030517578,20.190000534057617,20.190000534057617,97338200
2025-08-06,20.1200008392334,20.479999542236328,19.8700008392334,20.40999984741211,20.40999984741211,67074200
2025-08-07,20.0,20.440000534057617,19.600000381469727,19.770000457763672,19.770000457763672,131382800
2025-08-08,20.0,20.020000457763672,19.610000610351562,19.950000762939453,19.950000762939453,75415000
2025-08-11,20.450000762939453,21.600000381469727,20.440000534057617,20.649999618530273,20.649999618530273,175545600
2025-08-12,21.200000762939453,21.860000610351562,20.760000228881836,21.809999465942383,21.809999465942383,134153600
2025-08-13,21.6200008392334,22.299999237060547,21.360000610351562,22.219999313354492,22.219999313354492,86024400
2025-08-14,21.989999771118164,24.200000762939453,21.899999618530273,23.860000610351562,23.860000610351562,188052500
2025-08-15,25.010000228881836,25.649999618530273,24.110000610351562,24.559999465942383,24.559999465942383,310161100
2025-08-18,24.0,24.899999618530273,23.209999084472656,23.65999984741211,23.65999984741211,212515600
2025-08-19,24.940000534057617,26.530000686645508,24.940000534057617,25.309999465942383,25.309999465942383,297659200
2025-08-20,24.899999618530273,24.93000030517578,23.329999923706055,23.540000915527344,23.540000915527344,161149400
2025-08-21,23.530000686645508,23.56999969482422,22.780000686645508,23.5,23.5,97718300
2025-08-22,23.649999618530273,25.229999542236328,23.649999618530273,24.799999237060547,24.799999237060547,200266800
2025-08-25,25.5,25.8799991607666,24.440000534057617,24.549999237060547,24.549999237060547,156825600
2025-08-26,24.579999923706055,24.739999771118164,24.100000381469727,24.350000381469727,24.350000381469727,78558200
2025-08-27,24.190000534057617,24.989999771118164,24.049999237060547,24.850000381469727,24.850000381469727,90934400
2025-08-28,24.959999084472656,25.139999389648438,24.610000610351562,24.93000030517578,24.93000030517578,60035100
2025-08-29,24.760000228881836,24.969999313354492,24.280000686645508,24.350000381469727,24.350000381469727,63734400
2025-09-02,23.8799991607666,24.239999771118164,23.68000030517578,24.209999084472656,24.209999084472656,57661800
2025-09-03,24.09000015258789,24.09000015258789,23.719999313354492,24.0,24.0,47822900
2025-09-04,23.850000381469727,24.639999389648438,23.75,24.610000610351562,24.610000610351562,59056500
2025-09-05,24.600000381469727,24.709999084472656,24.170000076293945,24.489999771118164,24.489999771118164,55975300
2025-09-08,24.479999542236328,24.739999771118164,24.1200008392334,24.479999542236328,24.479999542236328,51122100
2025-09-09,24.530000686645508,24.809999465942383,24.270000457763672,24.440000534057617,24.440000534057617,42146200
2025-09-10,24.420000076293945,24.8700008392334,24.280000686645508,24.770000457763672,24.770000457763672,61600700
2025-09-11,24.760000228881836,24.93000030517578,24.56999969482422,24.610000610351562,24.610000610351562,55536900
2025-09-12,24.610000610351562,24.6299991607666,24.049999237060547,24.079999923706055,24.079999923706055,52672800
2025-09-15,24.329999923706055,25.459999084472656,24.219999313354492,24.770000457763672,24.770000457763672,83951600
2025-09-16,24.81999969482422,25.34000015258789,24.690000534057617,25.270000457763672,25.270000457763672,60336600
2025-09-17,25.079999923706055,25.260000228881836,24.450000762939453,24.899999618530273,24.899999618530273,63093700
2025-09-18,31.780000686645508,32.380001068115234,30.15999984741211,30.56999969482422,30.56999969482422,523908000
2025-09-19,30.3799991607666,30.6299991607666,29.329999923706055,29.579999923706055,29.579999923706055,225702900
2025-09-22,29.670000076293945,30.100000381469727,28.729999542236328,28.760000228881836,28.760000228881836,130314500
2025-09-23,28.989999771118164,30.200000762939453,28.81999969482422,29.34000015258789,29.34000015258789,126317900
2025-09-24,29.3799991607666,31.700000762939453,29.229999542236328,31.219999313354492,31.219999313354492,164458500
2025-09-25,31.610000610351562,34.25,31.209999084472656,33.9900016784668,33.9900016784668,295709300
2025-09-26,35.02000045776367,36.29999923706055,34.4900016784668,35.5,35.5,268583300
2025-09-29,34.52000045776367,35.04999923706055,33.72999954223633,34.47999954223633,34.47999954223633,152605900
2025-09-30,33.93000030517578,34.2400016784668,33.02000045776367,33.54999923706055,33.54999923706055,124818400
2025-10-01,33.529998779296875,36.060001373291016,33.5,35.939998626708984,35.939998626708984,162649700
2025-10-02,35.7599983215332,37.56999969482422,35.439998626708984,37.29999923706055,37.29999923706055,149361700
2025-10-03,37.95000076293945,38.08000183105469,36.45000076293945,36.83000183105469,36.83000183105469,125359300
2025-10-06,37.189998626708984,38.68000030517578,36.43000030517578,36.59000015258789,36.59000015258789,112086100
2025-10-07,36.63999938964844,38.04999923706055,36.349998474121094,37.16999816894531,37.16999816894531,111140200
2025-10-08,36.54999923706055,37.790000915527344,35.90999984741211,37.43000030517578,37.43000030517578,103202100
2025-10-09,37.529998779296875,38.099998474121094,36.86000061035156,37.79999923706055,37.79999923706055,89884700
2025-10-10,38.459999084472656,39.650001525878906,36.29999923706055,36.369998931884766,36.369998931884766,183063300
2025-10-13,36.439998626708984,37.5099983215332,36.279998779296875,37.220001220703125,37.220001220703125,104020700
2025-10-14,36.0,36.54999923706055,34.689998626708984,35.630001068115234,35.630001068115234,117908300
2025-10-15,36.400001525878906,37.4900016784668,35.63999938964844,37.150001525878906,37.150001525878906,99242700
2025-10-16,37.150001525878906,38.02000045776367,36.40999984741211,36.84000015258789,36.84000015258789,83357800
2025-10-17,36.36000061035156,38.380001068115234,36.08000183105469,37.0099983215332,37.0099983215332,119394700
2025-10-20,37.56999969482422,38.52000045776367,37.560001373291016,38.099998474121094,38.099998474121094,80230200
2025-10-21,38.13999938964844,38.349998474121094,37.66999816894531,38.119998931884766,38.119998931884766,73134900
2025-10-22,37.84000015258789,37.93000030517578,36.040000915527344,36.91999816894531,36.91999816894531,87099900
2025-10-23,36.599998474121094,38.400001525878906,36.43000030517578,38.15999984741211,38.15999984741211,121974200
2025-10-24,40.02000045776367,41.119998931884766,37.83000183105469,38.279998779296875,38.279998779296875,246380000
2025-10-27,38.38999938964844,40.66999816894531,38.22999954223633,39.540000915527344,39.540000915527344,160007600
2025-10-28,39.59000015258789,42.47999954223633,39.540000915527344,41.529998779296875,41.529998779296875,181256400
2025-10-29,41.599998474121094,42.040000915527344,40.91999816894531,41.34000015258789,41.34000015258789,106962900
2025-10-30,40.970001220703125,41.43000030517578,40.11000061035156,40.15999984741211,40.15999984741211,84855500
2025-10-31,40.68000030517578,40.83000183105469,39.790000915527344,39.9900016784668,39.9900016784668,80471400
2025-11-03,40.25,40.45000076293945,39.04999923706055,39.5,39.5,61267500
2025-11-04,38.13999938964844,38.25,36.630001068115234,37.029998779296875,37.029998779296875,102250300
2025-11-05,37.41999816894531,38.689998626708984,37.11000061035156,38.380001068115234,38.380001068115234,74631600
2025-11-06,38.34000015258789,39.84000015258789,36.79999923706055,37.2400016784668,37.2400016784668,77629900
2025-11-07,37.2599983215332,38.27000045776367,36.970001220703125,38.130001068115234,38.130001068115234,95521400
2025-11-10,38.93000030517578,39.529998779296875,37.970001220703125,38.45000076293945,38.45000076293945,77820300
2025-11-11,38.150001525878906,38.220001220703125,37.4900016784668,37.880001068115234,37.880001068115234,53741900
2025-11-12,38.060001373291016,38.20000076293945,37.349998474121094,37.88999938964844,37.88999938964844,53876000
2025-11-13,37.27000045776367,37.310001373291016,35.45000076293945,35.90999984741211,35.90999984741211,95593200
2025-11-14,35.029998779296875,36.099998474121094,34.619998931884766,35.52000045776367,35.52000045776367,71716200
2025-11-17,35.45000076293945,35.72999954223633,34.22999954223633,34.709999084472656,34.709999084472656,72580100
2025-11-18,34.25,34.7599983215332,33.56999969482422,34.33000183105469,34.33000183105469,61504800
2025-11-19,34.33000183105469,35.75,34.25,35.11000061035156,35.11000061035156,67115500
2025-11-20,36.0,36.68000030517578,33.47999954223633,33.619998931884766,33.619998931884766,96389100
2025-11-21,33.5099983215332,34.97999954223633,32.88999938964844,34.5,34.5,105641700
2025-11-24,34.970001220703125,36.15999984741211,34.689998626708984,35.790000915527344,35.790000915527344,103804200
2025-11-25,35.54999923706055,36.130001068115234,34.68000030517578,35.83000183105469,35.83000183105469,62203300
2025-11-26,36.20000076293945,37.2400016784668,36.130001068115234,36.810001373291016,36.810001373291016,54563400
2025-11-28,37.400001525878906,40.59000015258789,37.34000015258789,40.560001373291016,40.560001373291016,95799500
2025-12-01,39.86000061035156,40.380001068115234,39.599998474121094,40.0099983215332,40.0099983215332,74534900
2025-12-02,40.470001220703125,43.68000030517578,40.04999923706055,43.470001220703125,43.470001220703125,167205800
2025-12-03,43.38999938964844,44.02000045776367,42.5099983215332,43.7599983215332,43.7599983215332,91957200
2025-12-04,43.2599983215332,43.279998779296875,40.13999938964844,40.5,40.5,107850200
2025-12-05,41.15999984741211,42.83000183105469,41.150001525878906,41.40999984741211,41.40999984741211,103042000
2025-12-08,41.939998626708984,42.119998931884766,39.70000076293945,40.29999923706055,40.29999923706055,93953600
2025-12-09,40.72999954223633,41.2599983215332,40.029998779296875,40.5,40.5,61877200
2025-12-10,40.11000061035156,40.9900016784668,38.88999938964844,40.779998779296875,40.779998779296875,75974900
2025-12-11,40.06999969482422,40.189998626708984,39.08000183105469,39.5099983215332,39.5099983215332,59096800
2025-12-12,39.25,40.029998779296875,37.619998931884766,37.810001373291016,37.810001373291016,87784500
2025-12-15,38.33000183105469,38.47999954223633,37.31999969482422,37.5099983215332,37.5099983215332,60898500
2025-12-16,37.58000183105469,37.959999084472656,36.91999816894531,37.310001373291016,37.310001373291016,50490300
2025-12-17,37.59000015258789,37.84000015258789,35.970001220703125,36.04999923706055,36.04999923706055,54792000
2025-12-18,37.380001068115234,37.4900016784668,35.66999816894531,36.279998779296875,36.279998779296875,69468400
2025-12-19,36.47999954223633,37.58000183105469,36.439998626708984,36.81999969482422,36.81999969482422,163221300
2025-12-22,37.88999938964844,37.900001525878906,36.290000915527344,36.369998931884766,36.369998931884766,51685400
2025-12-23,36.2400016784668,36.79999923706055,36.029998779296875,36.349998474121094,36.349998474121094,35958000
2025-12-24,35.16999816894531,36.18000030517578,34.95000076293945,36.15999984741211,36.15999984741211,37443800
2025-12-26,36.16999816894531,36.4900016784668,35.849998474121094,36.20000076293945,36.20000076293945,28779400
2025-12-29,36.0099983215332,36.79999923706055,35.81999969482422,36.68000030517578,36.68000030517578,38062300
2025-12-30,36.90999984741211,38.2599983215332,36.81999969482422,37.29999923706055,37.29999923706055,61935300
2025-12-31,37.400001525878906,37.58000183105469,36.869998931884766,36.900001525878906,36.900001525878906,51524700
2026-01-02,37.77000045776367,39.86000061035156,37.7599983215332,39.380001068115234,39.380001068115234,95396400
2026-01-05,41.59000015258789,42.099998474121094,39.27000045776367,39.369998931884766,39.369998931884766,96665400
2026-01-06,39.86000061035156,40.310001373291016,38.95000076293945,40.040000915527344,40.040000915527344,66395100
2026-01-07,40.18000030517578,44.56999969482422,40.119998931884766,42.630001068115234,42.630001068115234,166028400
2026-01-08,42.619998931884766,43.34000015258789,40.68000030517578,41.11000061035156,41.11000061035156,88242000
2026-01-09,41.83000183105469,45.72999954223633,41.56999969482422,45.54999923706055,45.54999923706055,186691400
2026-01-12,44.2400016784668,45.45000076293945,43.88999938964844,44.060001373291016,44.060001373291016,101989100
2026-01-13,45.88999938964844,48.2400016784668,45.220001220703125,47.290000915527344,47.290000915527344,168656400
2026-01-14,48.95000076293945,49.0,47.41999816894531,48.720001220703125,48.720001220703125,148225800
2026-01-15,49.349998474121094,50.38999938964844,47.83000183105469,48.31999969482422,48.31999969482422,132328900
2026-01-16,49.27000045776367,50.209999084472656,46.709999084472656,46.959999084472656,46.959999084472656,127314700
2026-01-20,47.29999923706055,50.22999954223633,47.0,48.560001373291016,48.560001373291016,150153000
2026-01-21,50.31999969482422,54.40999984741211,50.150001525878906,54.25,54.25,220565300
2026-01-22,54.209999084472656,54.599998474121094,53.08000183105469,54.31999969482422,54.31999969482422,190066400
2026-01-23,46.86000061035156,48.130001068115234,44.45000076293945,45.06999969482422,45.06999969482422,294675400
2026-01-26,44.279998779296875,44.459999084472656,42.279998779296875,42.4900016784668,42.4900016784668,149407800
2026-01-27,43.970001220703125,44.529998779296875,43.099998474121094,43.93000030517578,43.93000030517578,121832200
2026-01-28,46.599998474121094,49.290000915527344,46.31999969482422,48.779998779296875,48.779998779296875,201995100
2026-01-29,47.560001373291016,48.77000045776367,46.9900016784668,48.65999984741211,48.65999984741211,124256600
2026-01-30,48.97999954223633,49.58000183105469,45.959999084472656,46.470001220703125,46.470001220703125,114920100
2026-02-02,45.630001068115234,49.84000015258789,45.5,48.810001373291016,48.810001373291016,101414600
2026-02-03,50.060001373291016,51.4900016784668,48.43000030517578,49.25,49.25,122205100
2026-02-04,49.540000915527344,49.70000076293945,47.0,48.599998474121094,48.599998474121094,128702300
2026-02-05,47.59000015258789,50.86000061035156,46.790000915527344,48.2400016784668,48.2400016784668,114307800
2026-02-06,49.099998474121094,51.29999923706055,48.83000183105469,50.59000015258789,50.59000015258789,115600200
2026-02-09,49.59000015258789,51.220001220703125,47.59000015258789,50.2400016784668,50.2400016784668,94841400
2026-02-10,50.40999984741211,50.540000915527344,46.77000045776367,47.130001068115234,47.130001068115234,99832900
2026-02-11,48.11000061035156,49.54999923706055,46.86000061035156,48.290000915527344,48.290000915527344,107681200
2026-02-12,47.79999923706055,48.95000076293945,46.189998626708984,46.47999954223633,46.47999954223633,88321200
2026-02-13,45.7599983215332,47.689998626708984,44.970001220703125,46.790000915527344,46.790000915527344,69740400
2026-02-17,45.93000030517578,46.83000183105469,45.459999084472656,46.18000030517578,46.18000030517578,65802200
2026-02-18,45.91999816894531,46.77000045776367,44.880001068115234,45.459999084472656,45.459999084472656,65306100
2026-02-19,44.95000076293945,45.16999816894531,43.91999816894531,44.619998931884766,44.619998931884766,72724900
2026-02-20,43.88999938964844,44.38999938964844,42.880001068115234,44.11000061035156,44.11000061035156,90743600
2026-02-23,44.09000015258789,44.54999923706055,43.18000030517578,43.630001068115234,43.630001068115234,57130900
2026-02-24,44.099998474121094,46.599998474121094,43.540000915527344,46.119998931884766,46.119998931884766,98872300
2026-02-25,46.09000015258789,46.970001220703125,45.08000183105469,46.880001068115234,46.880001068115234,75645300
2026-02-26,46.77000045776367,46.95000076293945,44.38999938964844,45.459999084472656,45.459999084472656,71457500
2026-02-27,44.459999084472656,46.560001373291016,44.400001525878906,45.61000061035156,45.61000061035156,79327200
2026-03-02,44.20000076293945,45.810001373291016,43.95000076293945,45.5,45.5,60705100
2026-03-03,43.439998626708984,43.689998626708984,42.13999938964844,43.099998474121094,43.099998474121094,83971000
2026-03-04,44.06999969482422,46.130001068115234,43.27000045776367,45.58000183105469,45.58000183105469,96628100
2026-03-05,44.869998931884766,46.47999954223633,44.70000076293945,45.95000076293945,45.95000076293945,78229400
2026-03-06,44.66999816894531,45.18000030517578,43.279998779296875,43.41999816894531,43.41999816894531,74698300
2026-03-09,42.7400016784668,45.7599983215332,41.63999938964844,45.58000183105469,45.58000183105469,82937400
2026-03-10,45.40999984741211,47.880001068115234,45.40999984741211,46.779998779296875,46.779998779296875,85233300
2026-03-11,46.81999969482422,48.83000183105469,46.65999984741211,47.97999954223633,47.97999954223633,72480600
2026-03-12,47.400001525878906,47.439998626708984,45.16999816894531,45.25,45.25,85110200
2026-03-13,45.970001220703125,46.650001525878906,45.38999938964844,45.77000045776367,45.77000045776367,68386200
2026-03-16,47.90999984741211,49.16999816894531,45.689998626708984,45.7599983215332,45.7599983215332,114199400
2026-03-17,46.08000183105469,46.08000183105469,43.90999984741211,44.060001373291016,44.060001373291016,89061600
2026-03-18,44.20000076293945,45.709999084472656,44.04999923706055,45.029998779296875,45.029998779296875,78056200
2026-03-19,43.9900016784668,46.439998626708984,43.650001525878906,46.18000030517578,46.18000030517578,74051500
2026-03-20,46.95000076293945,47.54999923706055,43.63999938964844,43.869998931884766,43.869998931884766,162814200
2026-03-23,44.5,45.459999084472656,43.7400016784668,44.0099983215332,44.0099983215332,80772200
2026-03-24,43.540000915527344,44.310001373291016,43.20000076293945,44.060001373291016,44.060001373291016,65323500
2026-03-25,45.849998474121094,47.849998474121094,45.45000076293945,47.18000030517578,47.18000030517578,97467900
2026-03-26,46.29999923706055,46.599998474121094,43.91999816894531,44.099998474121094,44.099998474121094,82841400
2026-03-27,43.619998931884766,44.130001068115234,42.86000061035156,43.130001068115234,43.130001068115234,70002200
2026-03-30,43.720001220703125,43.9900016784668,40.630001068115234,41.189998626708984,41.189998626708984,84596000
2026-03-31,41.95000076293945,44.22999954223633,41.599998474121094,44.130001068115234,44.130001068115234,95294900
2026-04-01,45.0,48.77000045776367,44.97999954223633,48.029998779296875,48.029998779296875,129598500
2026-04-02,46.060001373291016,50.4900016784668,46.040000915527344,50.380001068115234,50.380001068115234,117134200
2026-04-06,50.880001068115234,52.38999938964844,49.869998931884766,50.779998779296875,50.779998779296875,79978800
2026-04-07,51.90999984741211,53.27000045776367,51.220001220703125,52.90999984741211,52.90999984741211,129543800
2026-04-08,55.369998931884766,59.16999816894531,54.79999923706055,58.95000076293945,58.95000076293945,184599900
2026-04-09,58.400001525878906,62.08000183105469,58.38999938964844,61.720001220703125,61.720001220703125,155609900
2026-04-10,61.52000045776367,63.38999938964844,60.75,62.380001068115234,62.380001068115234,98624400
2026-04-13,62.18000030517578,65.6500015258789,62.18000030517578,65.18000030517578,65.18000030517578,112111000
2026-04-14,65.16000366210938,65.18000030517578,62.09000015258789,63.810001373291016,63.810001373291016,112796100
2026-04-15,63.77000045776367,65.83999633789062,62.880001068115234,64.94000244140625,64.94000244140625,92051500
2026-04-16,64.93000030517578,68.61000061035156,64.2699966430664,68.5,68.5,108328300
2026-04-17,68.8499984741211,70.33000183105469,67.73999786376953,68.5,68.5,118831500
2026-04-20,68.44999694824219,69.20999908447266,64.47000122070312,65.69999694824219,65.69999694824219,96851100
2026-04-21,67.13999938964844,67.66999816894531,65.63999938964844,66.26000213623047,66.26000213623047,91402300
2026-04-22,67.94000244140625,68.7699966430664,64.9800033569336,65.2699966430664,65.2699966430664,90267300
2026-04-23,66.0999984741211,68.27999877929688,65.41999816894531,66.77999877929688,66.77999877929688,155141800
2026-04-24,82.19999694824219,85.22000122070312,79.62000274658203,82.54000091552734,82.54000091552734,281405200
2026-04-27,83.66999816894531,87.0999984741211,82.61000061035156,84.98999786376953,84.98999786376953,178820200
2026-04-28,81.27999877929688,84.58999633789062,80.80000305175781,84.5199966430664,84.5199966430664,147773500
2026-04-29,86.13999938964844,94.94999694824219,85.87000274658203,94.75,94.75,235070900
2026-04-30,95.5999984741211,95.69000244140625,91.5,94.4800033569336,94.4800033569336,160597300
2026-05-01,93.19999694824219,100.44999694824219,92.61000061035156,99.62000274658203,99.62000274658203,158502800
2026-05-04,99.18000030517578,99.81999969482422,95.5999984741211,95.77999877929688,95.77999877929688,119294000
2026-05-05,100.51000213623047,110.4800033569336,100.08000183105469,108.1500015258789,108.1500015258789,198482000
2026-05-06,110.9800033569336,113.5,106.58000183105469,113.01000213623047,113.01000213623047,157320100
2026-05-07,111.0199966430664,114.51000213623047,109.1500015258789,109.62000274658203,109.62000274658203,122699900
2026-05-08,111.80999755859375,130.57000732421875,111.80000305175781,124.91999816894531,124.91999816894531,227681300
2026-05-11,130.8800048828125,132.75,123.91999816894531,129.44000244140625,129.44000244140625,179486500
2026-05-12,124.36000061035156,127.79000091552734,115.0,120.61000061035156,120.61000061035156,172516500
2026-05-13,124.0999984741211,125.0,116.41000366210938,120.29000091552734,120.29000091552734,115364400
2026-05-14,114.66000366210938,118.56999969482422,113.16999816894531,115.93000030517578,115.93000030517578,118279800
2026-05-15,109.79000091552734,110.56999969482422,105.0199966430664,108.7699966430664,108.7699966430664,135206000
2026-05-18,113.47000122070312,115.54000091552734,103.8499984741211,108.16999816894531,108.16999816894531,145764000
2026-05-19,106.9800033569336,113.06999969482422,102.4000015258789,110.80000305175781,110.80000305175781,150234900
2026-05-20,116.22000122070312,121.94000244140625,114.80000305175781,118.95999908447266,118.95999908447266,165086900
2026-05-21,116.58000183105469,119.41000366210938,113.16999816894531,118.5,118.5,102452500
2026-05-22,120.33999633789062,122.77999877929688,118.08999633789062,119.83999633789062,119.83999633789062,82663000
2026-05-26,122.0999984741211,125.62000274658203,117.3499984741211,123.5199966430664,123.5199966430664,108167300
2026-05-27,124.38999938964844,125.2699966430664,117.0,121.7699966430664,121.7699966430664,93323300
2026-05-28,121.44999694824219,123.08000183105469,116.30999755859375,120.88999938964844,120.88999938964844,97321000
2026-05-29,123.8499984741211,126.63999938964844,113.54000091552734,114.68000030517578,114.68000030517578,191676100
2026-06-01,109.43000030517578,113.30000305175781,106.33000183105469,109.33000183105469,109.33000183105469,134900400
2026-06-02,107.44999694824219,109.0,104.16999816894531,107.93000030517578,107.93000030517578,106336200
2026-06-03,116.41999816894531,118.29000091552734,110.86000061035156,112.70999908447266,112.70999908447266,118928800
2026-06-04,108.4000015258789,113.13999938964844,107.4800033569336,111.77999877929688,111.77999877929688,77325800
2026-06-05,106.4800033569336,106.4800033569336,98.33000183105469,99.16999816894531,99.16999816894531,145209400
2026-06-08,111.0,112.54000091552734,106.66000366210938,110.2699966430664,110.2699966430664,136973900
2026-06-09,112.98999786376953,114.0,99.45999908447266,107.91999816894531,107.91999816894531,149623100
2026-06-10,106.02999877929688,111.5,104.91999816894531,107.04000091552734,107.04000091552734,122653500
2026-06-11,113.5199966430664,119.44000244140625,110.51000213623047,116.95999908447266,116.95999908447266,188430300
2026-06-12,117.41999816894531,127.5999984741211,115.33000183105469,124.56999969482422,124.56999969482422,151169400
2026-06-15,129.49000549316406,132.61000061035156,126.66000366210938,127.86000061035156,127.86000061035156,134507500
2026-06-16,125.11000061035156,128.6999969482422,116.0,117.05000305175781,117.05000305175781,132962600
2026-06-17,121.8499984741211,125.19999694824219,118.05999755859375,121.0999984741211,121.0999984741211,115324900
2026-06-18,131.80999755859375,135.47999572753906,127.9000015258789,133.99000549316406,133.99000549316406,233906600
2026-06-22,139.1199951171875,141.4499969482422,136.2100067138672,140.94000244140625,140.94000244140625,127190600
2026-06-23,129.72999572753906,137.97999572753906,128.3000030517578,132.27999877929688,132.27999877929688,132976700
2026-06-24,133.0500030517578,136.0800018310547,127.94999694824219,131.64999389648438,131.64999389648438,104591700
2026-06-25,139.72999572753906,140.72000122070312,125.41000366210938,132.8699951171875,132.8699951171875,122588800
2026-06-26,128.7100067138672,131.22999572753906,125.5,128.32000732421875,128.32000732421875,99475400
2026-06-29,127.0,132.0500030517578,118.5,131.72000122070312,131.72000122070312,106805300
2026-06-30,131.99000549316406,142.35000610351562,131.52000427246094,139.6300048828125,139.6300048828125,116996700
2026-07-01,135.0,135.74000549316406,126.68000030517578,127.0199966430664,127.0199966430664,113107200
2026-07-02,128.9199981689453,130.74000549316406,117.62999725341797,120.3499984741211,120.3499984741211,124577600
2026-07-06,122.56999969482422,127.30000305175781,121.5199966430664,122.19999694824219,122.19999694824219,86950200
2026-07-07,116.30000305175781,116.47000122070312,108.30000305175781,110.38999938964844,110.38999938964844,140405900
2026-07-08,108.30000305175781,110.48999786376953,104.41000366210938,110.23999786376953,110.23999786376953,105488100
2026-07-09,114.87000274658203,116.7699966430664,111.51000213623047,112.54000091552734,112.54000091552734,99352500
2026-07-10,109.58000183105469,110.8499984741211,107.44999694824219,109.83999633789062,109.83999633789062,70846600
2026-07-13,105.9800033569336,106.16999816894531,101.79000091552734,103.12000274658203,103.12000274658203,100988800
2026-07-14,107.9800033569336,109.19000244140625,103.58999633789062,107.76000213623047,107.76000213623047,91129000
2026-07-15,109.30000305175781,109.61000061035156,99.19999694824219,102.98999786376953,102.98999786376953,120625500
2026-07-16,101.13999938964844,101.87999725341797,95.4800033569336,96.9800033569336,96.9800033569336,107742900
2026-07-17,92.13999938964844,98.05000305175781,89.58999633789062,95.04000091552734,95.04000091552734,126779300
2026-07-20,97.58000183105469,100.9800033569336,96.91999816894531,97.05999755859375,97.05999755859375,89741400
2026-07-21,103.19000244140625,106.33999633789062,101.22000122070312,105.44999694824219,105.44999694824219,105429400
2026-07-22,101.55000305175781,106.8499984741211,101.4800033569336,102.62000274658203,102.62000274658203,78431000
2026-07-23,101.13999938964844,104.18000030517578,99.23999786376953,100.2300033569336,100.2300033569336,140806900
2026-07-24,100.36000061035156,101.73999786376953,91.58000183105469,92.31999969482422,92.31999969482422,181132900
2026-07-27,92.45999908447266,94.9800033569336,86.94000244140625,91.66999816894531,91.66999816894531,133247300
2026-07-28,86.62000274658203,88.27999877929688,83.0999984741211,86.30000305175781,86.30000305175781,154346700
2026-07-29,86.56999969482422,88.47000122070312,81.79000091552734,81.87999725341797,81.87999725341797,152394600
2026-07-30,86.51000213623047,94.0999984741211,85.97000122070312,91.12999725341797,91.12999725341797,140322600
2026-07-31,96.72000122070312,97.9000015258789,90.12999725341797,90.19999694824219,90.19999694824219,109039500
2026-08-03,88.4000015258789,91.68000030517578,85.62000274658203,91.0,91.0,96633600
2026-08-04,95.23999786376953,101.38999938964844,94.31999969482422,100.86000061035156,100.86000061035156,124355100
2026-08-05,99.30000305175781,102.83000183105469,97.9000015258789,101.05999755859375,101.05999755859375,85388400
2026-08-06,98.22000122070312,103.37999725341797,95.5999984741211,99.80999755859375,99.80999755859375,78088100
2026-08-07,102.33000183105469,103.66000366210938,98.02999877929688,101.6500015258789,101.6500015258789,76760600
2026-08-10,98.26000213623047,100.02999877929688,96.30000305175781,97.5199966430664,97.5199966430664,101153400
2026-08-11,96.77999877929688,98.3499984741211,95.3499984741211,97.70999908447266,97.70999908447266,164063600
2026-08-12,101.33000183105469,103.16000366210938,100.12000274658203,100.94999694824219,100.94999694824219,162446700
2026-08-13,101.51000213623047,107.56999969482422,100.33000183105469,104.55999755859375,104.55999755859375,116837600
2026-08-14,104.4800033569336,106.87000274658203,102.05000305175781,102.5,102.5,95387500
2026-08-17,103.55000305175781,105.97000122070312,101.80000305175781,103.48999786376953,103.48999786376953,88616800
2026-08-18,99.22000122070312,99.30999755859375,95.25,96.69000244140625,96.69000244140625,121969500
2026-08-19,97.41000366210938,98.19999694824219,91.27999877929688,92.80000305175781,92.80000305175781,110268600
2026-08-20,91.87000274658203,92.68000030517578,89.8499984741211,92.12999725341797,92.12999725341797,85654700
2026-08-21,92.70999908447266,92.7699966430664,89.75,90.06999969482422,90.06999969482422,91670100
2026-08-24,88.86000061035156,88.91000366210938,85.13999938964844,87.26000213623047,87.26000213623047,96903400
2026-08-25,90.05999755859375,90.18000030517578,87.29000091552734,87.4800033569336,87.4800033569336,81853800
2026-08-26,86.80999755859375,88.27999877929688,85.62999725341797,88.23999786376953,88.23999786376953,75752800
2026-08-27,89.91000366210938,92.94999694824219,88.45999908447266,92.08999633789062,92.08999633789062,100556800
2026-08-28,90.2699966430664,93.69999694824219,89.05000305175781,89.47000122070312,89.47000122070312,86172600
2026-08-31,90.0,91.8499984741211,88.97000122070312,89.51000213623047,89.51000213623047,65188200
2026-09-01,86.83999633789062,89.41000366210938,85.72000122070312,88.97000122070312,88.97000122070312,73962100
2026-09-02,88.8499984741211,90.43000030517578,87.5,90.05000305175781,90.05000305175781,61554500
2026-09-03,89.3499984741211,92.37000274658203,87.7300033569336,91.66999816894531,91.66999816894531,79927800
2026-09-04,92.44999694824219,95.94000244140625,91.87000274658203,95.80000305175781,95.80000305175781,97654300
2026-09-08,100.80000305175781,106.08999633789062,100.3499984741211,104.47000122070312,104.47000122070312,140269300
2026-09-09,102.69999694824219,106.69000244140625,102.69999694824219,106.23999786376953,106.23999786376953,96891400
2026-09-10,102.44999694824219,103.2300033569336,99.33999633789062,100.31999969482422,100.31999969482422,96887100
2026-09-11,102.47000122070312,104.9000015258789,101.06999969482422,102.94000244140625,102.94000244140625,86990400
2026-09-14,95.81999969482422,98.86000061035156,94.5199966430664,97.19000244140625,97.19000244140625,96459700
2026-09-15,98.83000183105469,100.4800033569336,96.5199966430664,97.13999938964844,97.13999938964844,84999300
2026-09-16,101.37000274658203,104.41999816894531,99.29000091552734,101.05000305175781,101.05000305175781,119923600
2026-09-17,104.69999694824219,111.37000274658203,104.69999694824219,108.80000305175781,108.80000305175781,149726000
2026-09-18,109.80000305175781,110.48999786376953,106.4000015258789,108.5999984741211,108.5999984741211,174996700
2026-09-21,116.52999877929688,124.7300033569336,114.93000030517578,121.77999877929688,121.77999877929688,191638400
2026-09-22,120.1500015258789,124.08999633789062,120.08000183105469,123.86000061035156,123.86000061035156,108379400
2026-09-23,123.87000274658203,124.25,119.44000244140625,122.5999984741211,122.5999984741211,85621100
2026-09-24,120.61000061035156,127.44000244140625,119.55000305175781,127.38999938964844,127.38999938964844,119296700
2026-09-25,126.83000183105469,126.93000030517578,122.83999633789062,123.0,123.0,97728400
2026-09-28,120.68000030517578,121.70999908447266,114.70999908447266,116.02999877929688,116.02999877929688,112436900
2026-09-29,116.69999694824219,118.75,113.97000122070312,115.93000030517578,115.93000030517578,88744500
2026-09-30,116.22000122070312,120.55000305175781,116.0,120.2300033569336,120.2300033569336,94917200
