Date,Open,High,Low,Close,Adj Close,Volume
2020-12-31,156.52999877929688,157.66000366210938,155.11000061035156,157.3800048828125,134.3797149658203,5099900
2021-01-04,157.24000549316406,157.3800048828125,154.1300048828125,156.5,133.6282958984375,11765900
2021-01-05,156.25,158.75999450683594,155.07000732421875,158.33999633789062,135.19940185546875,9602300
2021-01-06,157.24000549316406,160.22999572753906,156.72000122070312,159.8300018310547,136.47164916992188,8230100
2021-01-07,159.0,161.02999877929688,158.35000610351562,160.3699951171875,136.93275451660156,7747200
2021-01-08,160.50999450683594,161.10000610351562,159.8800048828125,160.0399932861328,136.65093994140625,8228900
2021-01-11,160.55999755859375,161.32000732421875,158.77000427246094,159.3699951171875,136.078857421875,7066200
2021-01-12,159.14999389648438,159.66000366210938,157.3300018310547,158.1300048828125,135.02008056640625,6903200
2021-01-13,158.22999572753906,158.4600067138672,156.75,157.88999938964844,134.815185546875,6643100
2021-01-14,160.4499969482422,161.9499969482422,159.61000061035156,160.64999389648438,137.1717987060547,10030800
2021-01-15,160.3000030517578,161.41000366210938,159.11000061035156,160.3000030517578,136.8730010986328,7630800
2021-01-19,162.0,163.0399932861328,161.10000610351562,162.77999877929688,138.99050903320312,9057600
2021-01-20,163.1999969482422,164.13999938964844,161.8000030517578,162.3800048828125,138.6489715576172,6839900
2021-01-21,161.32000732421875,162.47999572753906,160.05999755859375,161.72999572753906,138.09397888183594,6818000
2021-01-22,162.36000061035156,165.16000366210938,161.8699951171875,163.5500030517578,139.64801025390625,8137000
2021-01-25,165.00999450683594,166.08999633789062,163.66000366210938,165.97999572753906,141.7228546142578,9924400
2021-01-26,169.6999969482422,173.64999389648438,169.38999938964844,170.47999572753906,145.56524658203125,14205700
2021-01-27,169.1199951171875,170.9199981689453,167.4499969482422,167.8800048828125,143.34523010253906,14207300
2021-01-28,168.1999969482422,170.86000061035156,167.8000030517578,169.16000366210938,144.43807983398438,8944400
2021-01-29,164.25999450683594,166.0,160.5500030517578,163.1300048828125,139.28936767578125,22505900
2021-02-01,165.30999755859375,165.30999755859375,162.60000610351562,162.7100067138672,138.93077087402344,9971400
2021-02-02,163.3800048828125,163.66000366210938,161.17999267578125,161.25,137.6841278076172,11443300
2021-02-03,160.94000244140625,161.52000427246094,159.57000732421875,160.5,137.0437469482422,8601900
2021-02-04,161.0,162.08999633789062,159.75999450683594,161.99000549316406,138.31600952148438,7758100
2021-02-05,164.86000061035156,165.44000244140625,163.86000061035156,164.4499969482422,140.41647338867188,9495300
2021-02-08,165.02999877929688,165.9199981689453,163.8800048828125,164.9199981689453,140.81776428222656,6035300
2021-02-09,165.1999969482422,166.58999633789062,164.97000122070312,166.27000427246094,141.97047424316406,5544200
2021-02-10,167.88999938964844,167.94000244140625,165.6999969482422,166.80999755859375,142.43153381347656,5921300
2021-02-11,167.0,167.3800048828125,165.60000610351562,166.05999755859375,141.7911376953125,4871300
2021-02-12,164.39999389648438,166.85000610351562,164.0,166.5800018310547,142.23513793945312,4413100
2021-02-16,166.5800018310547,167.0500030517578,164.63999938964844,165.07000732421875,140.94586181640625,5656100
2021-02-17,164.97000122070312,166.08999633789062,164.36000061035156,165.66000366210938,141.4496612548828,6676700
2021-02-18,164.9600067138672,166.16000366210938,164.3000030517578,165.74000549316406,141.51792907714844,5189100
2021-02-19,165.60000610351562,165.9600067138672,162.91000366210938,162.97999572753906,139.1613006591797,8190900
2021-02-22,161.8699951171875,162.5399932861328,160.2899932861328,161.8699951171875,139.07537841796875,6447100
2021-02-23,161.47999572753906,163.19000244140625,160.39999389648438,160.44000244140625,137.8467559814453,7042800
2021-02-24,162.39999389648438,164.38999938964844,160.9199981689453,162.58999633789062,139.69398498535156,10286100
2021-02-25,163.1300048828125,163.6999969482422,161.99000549316406,162.75999450683594,139.84005737304688,9719700
2021-02-26,162.0,162.41000366210938,157.97000122070312,158.4600067138672,136.14556884765625,14417500
2021-03-01,161.4499969482422,161.52999877929688,159.08999633789062,159.32000732421875,136.88450622558594,10551400
2021-03-02,159.77999877929688,160.77999877929688,158.60000610351562,159.02000427246094,136.626708984375,7610900
2021-03-03,158.25,158.89999389648438,156.05999755859375,156.22000122070312,134.22105407714844,8499600
2021-03-04,155.99000549316406,156.10000610351562,151.47000122070312,153.07000732421875,131.51458740234375,11033200
2021-03-05,153.97999572753906,156.69000244140625,153.1300048828125,156.10000610351562,134.11793518066406,8331600
2021-03-08,157.0,159.3300018310547,155.97999572753906,157.39999389648438,135.23483276367188,6546700
2021-03-09,156.88999938964844,160.75,156.88999938964844,157.6999969482422,135.49261474609375,7461300
2021-03-10,158.82000732421875,159.89999389648438,157.36000061035156,159.14999389648438,136.73843383789062,6635600
2021-03-11,159.5399932861328,160.6300048828125,158.9199981689453,159.13999938964844,136.7298583984375,6305600
2021-03-12,159.27999877929688,160.30999755859375,159.19000244140625,159.60000610351562,137.1250762939453,5474800
2021-03-15,159.75,160.66000366210938,158.5,160.4199981689453,137.82957458496094,5524100
2021-03-16,160.4600067138672,161.67999267578125,160.24000549316406,161.3699951171875,138.645751953125,6369100
2021-03-17,160.8300018310547,161.72999572753906,159.52999877929688,160.77000427246094,138.13031005859375,6001400
2021-03-18,160.2100067138672,161.49000549316406,159.9600067138672,160.47000122070312,137.8725128173828,4801800
2021-03-19,160.69000244140625,161.5,159.47000122070312,160.0399932861328,137.5030517578125,14891500
2021-03-22,158.30999755859375,160.64999389648438,158.0,160.5,137.89828491210938,7544100
2021-03-23,160.2100067138672,161.1999969482422,158.8800048828125,160.35000610351562,137.76939392089844,7178300
2021-03-24,160.10000610351562,162.47999572753906,159.82000732421875,161.91000366210938,139.10975646972656,6370100
2021-03-25,162.44000244140625,162.4499969482422,160.63999938964844,161.97000122070312,139.16128540039062,6269800
2021-03-26,162.08999633789062,165.10000610351562,161.3800048828125,164.92999267578125,141.70445251464844,7619200
2021-03-29,163.8300018310547,167.02999877929688,163.6300048828125,166.0399932861328,142.6581573486328,8535100
2021-03-30,165.02000427246094,165.66000366210938,164.22999572753906,165.00999450683594,141.77316284179688,7236300
2021-03-31,164.9600067138672,165.38999938964844,163.6999969482422,164.35000610351562,141.20614624023438,8281500
2021-04-01,162.60000610351562,163.83999633789062,162.25999450683594,162.8300018310547,139.90016174316406,7229700
2021-04-05,163.63999938964844,164.75,162.66000366210938,163.42999267578125,140.4157257080078,7387100
2021-04-06,164.0800018310547,164.52000427246094,163.0,163.38999938964844,140.38133239746094,5074200
2021-04-07,163.5500030517578,164.27999877929688,163.32000732421875,163.61000061035156,140.57034301757812,4608000
2021-04-08,164.0,164.11000061035156,162.85000610351562,162.97000122070312,140.0205078125,5039400
2021-04-09,162.1199951171875,162.92999267578125,159.77999877929688,161.25,138.54269409179688,8418300
2021-04-12,161.08999633789062,162.0800018310547,160.33999633789062,161.63999938964844,138.87779235839844,5022800
2021-04-13,156.86000061035156,159.92999267578125,156.52999877929688,159.47999572753906,137.0219268798828,18424100
2021-04-14,157.8300018310547,160.11000061035156,157.5399932861328,159.9199981689453,137.39999389648438,7718300
2021-04-15,160.72000122070312,162.38999938964844,160.22999572753906,160.38999938964844,137.80380249023438,7524600
2021-04-16,161.33999633789062,162.50999450683594,160.55999755859375,162.24000549316406,139.3932342529297,9049400
2021-04-19,162.5,163.11000061035156,160.83999633789062,162.69000244140625,139.77993774414062,8353500
2021-04-20,161.0,167.7899932861328,161.0,166.47999572753906,143.0362548828125,14050700
2021-04-21,166.3699951171875,166.91000366210938,165.2899932861328,166.58999633789062,143.1306915283203,6333200
2021-04-22,165.83999633789062,166.27999877929688,164.6199951171875,165.17999267578125,141.91929626464844,7233000
2021-04-23,164.52999877929688,166.05999755859375,164.0,165.52000427246094,142.21141052246094,6015300
2021-04-26,165.2100067138672,165.41000366210938,163.75999450683594,164.1199951171875,141.00851440429688,6027800
2021-04-27,163.75999450683594,163.91000366210938,162.47000122070312,163.17999267578125,140.20089721679688,6217700
2021-04-28,162.86000061035156,163.1999969482422,161.64999389648438,161.97999572753906,139.16989135742188,7448000
2021-04-29,161.89999389648438,164.25999450683594,161.80999755859375,164.1999969482422,141.07725524902344,6394300
2021-04-30,164.14999389648438,164.3300018310547,162.52000427246094,162.72999572753906,139.81427001953125,9079100
2021-05-03,163.60000610351562,165.32000732421875,163.1199951171875,165.2100067138672,141.94505310058594,6594100
2021-05-04,164.8300018310547,167.85000610351562,164.6699981689453,167.77000427246094,144.14456176757812,10179500
2021-05-05,167.5,168.39999389648438,166.7899932861328,167.07000732421875,143.54312133789062,7792300
2021-05-06,166.7899932861328,167.88999938964844,166.24000549316406,167.74000549316406,144.1187744140625,5529900
2021-05-07,168.3000030517578,169.17999267578125,167.8300018310547,168.5,144.77175903320312,5316200
2021-05-10,169.89999389648438,171.52999877929688,169.22999572753906,170.27000427246094,146.29249572753906,8357500
2021-05-11,170.64999389648438,170.8699951171875,168.27999877929688,168.8800048828125,145.0982208251953,8217900
2021-05-12,168.5399932861328,169.8000030517578,167.9499969482422,168.1999969482422,144.5139617919922,6758300
2021-05-13,166.97000122070312,170.6999969482422,166.97000122070312,169.9600067138672,146.026123046875,8018600
2021-05-14,171.47999572753906,171.61000061035156,170.1699981689453,170.22000122070312,146.24951171875,5797700
2021-05-17,170.39999389648438,171.88999938964844,170.30999755859375,170.38999938964844,146.39561462402344,5722600
2021-05-18,169.97999572753906,171.3699951171875,169.52999877929688,170.4499969482422,146.44711303710938,5846000
2021-05-19,169.91000366210938,170.16000366210938,168.0399932861328,170.0800018310547,146.12925720214844,5533800
2021-05-20,169.94000244140625,171.58999633789062,169.69000244140625,171.07000732421875,146.9798583984375,4853200
2021-05-21,171.3300018310547,172.74000549316406,170.8699951171875,170.9600067138672,146.8852996826172,6501800
2021-05-24,170.89999389648438,171.35000610351562,169.77000427246094,170.5500030517578,147.44729614257812,5195100
2021-05-25,170.6699981689453,171.02999877929688,169.74000549316406,170.0800018310547,147.04095458984375,7444700
2021-05-26,170.0,170.0800018310547,168.27999877929688,169.07000732421875,146.1677703857422,5726400
2021-05-27,169.25999450683594,170.1699981689453,168.3800048828125,168.80999755859375,145.9429473876953,8114700
2021-05-28,169.52000427246094,171.00999450683594,169.1699981689453,169.25,146.32334899902344,6400800
2021-06-01,170.14999389648438,170.1999969482422,165.3800048828125,165.52999877929688,143.1072540283203,10448400
2021-06-02,165.3000030517578,166.72999572753906,165.11000061035156,166.1999969482422,143.6865234375,6806000
2021-06-03,165.88999938964844,167.14999389648438,165.7100067138672,166.0399932861328,143.54815673828125,5808800
2021-06-04,167.00999450683594,167.57000732421875,165.8699951171875,165.97000122070312,143.4876708984375,6510300
2021-06-07,166.0,166.32000732421875,164.6300048828125,164.83999633789062,142.5107421875,5362800
2021-06-08,165.27999877929688,165.66000366210938,162.07000732421875,163.38999938964844,141.25717163085938,7746800
2021-06-09,163.99000549316406,165.77999877929688,163.66000366210938,165.58999633789062,143.15916442871094,5552600
2021-06-10,166.0,167.5800018310547,165.9499969482422,167.0800018310547,144.4473114013672,6463100
2021-06-11,167.07000732421875,167.0800018310547,164.22000122070312,164.9600067138672,142.61448669433594,7389900
2021-06-14,164.5,165.4600067138672,163.89999389648438,165.3699951171875,142.96896362304688,4931300
2021-06-15,165.22999572753906,165.86000061035156,164.38999938964844,164.49000549316406,142.2081756591797,5062900
2021-06-16,164.8000030517578,165.75,163.47999572753906,164.42999267578125,142.15626525878906,6988500
2021-06-17,164.19000244140625,165.6999969482422,163.5,165.22000122070312,142.83926391601562,5874700
2021-06-18,163.27000427246094,164.19000244140625,161.7899932861328,161.97999572753906,140.0381622314453,12993000
2021-06-21,162.77000427246094,164.25999450683594,162.25,163.83999633789062,141.6461944580078,6592300
2021-06-22,163.7100067138672,164.0399932861328,163.27999877929688,163.6199951171875,141.45599365234375,5627800
2021-06-23,163.69000244140625,163.69000244140625,162.47999572753906,162.6300048828125,140.60009765625,4493400
2021-06-24,163.27000427246094,164.1999969482422,162.8000030517578,163.3699951171875,141.2399139404297,4549200
2021-06-25,162.94000244140625,164.77999877929688,162.88999938964844,164.2100067138672,141.96609497070312,10963800
2021-06-28,164.44000244140625,165.07000732421875,163.52000427246094,164.02000427246094,141.80184936523438,5604000
2021-06-29,164.0,164.63999938964844,163.41000366210938,164.02999877929688,141.8104705810547,3749500
2021-06-30,164.0,164.97000122070312,163.6699981689453,164.74000549316406,142.42431640625,6151700
2021-07-01,164.74000549316406,166.00999450683594,164.6300048828125,165.9600067138672,143.47906494140625,6320200
2021-07-02,166.02000427246094,169.3000030517578,165.63999938964844,168.97999572753906,146.08993530273438,9059900
2021-07-06,167.91000366210938,168.86000061035156,166.99000549316406,167.97000122070312,145.21676635742188,6098500
2021-07-07,167.47999572753906,169.5,167.47999572753906,169.41000366210938,146.46173095703125,6293500
2021-07-08,168.6999969482422,169.4600067138672,167.5800018310547,169.0800018310547,146.17637634277344,5755500
2021-07-09,169.3699951171875,170.3699951171875,169.24000549316406,169.75,146.7556610107422,6120900
2021-07-12,169.72999572753906,171.17999267578125,168.5399932861328,169.47999572753906,146.5221710205078,7840500
2021-07-13,168.97000122070312,169.75999450683594,168.6699981689453,169.27000427246094,146.3406524658203,4691200
2021-07-14,170.0,170.8300018310547,169.0399932861328,170.4199981689453,147.3349151611328,6162900
2021-07-15,169.3000030517578,169.89999389648438,167.72000122070312,168.3699951171875,145.56251525878906,6656900
2021-07-16,168.33999633789062,169.08999633789062,167.9499969482422,168.10000610351562,145.32919311523438,5834900
2021-07-19,166.47999572753906,168.19000244140625,165.32000732421875,166.8800048828125,144.27442932128906,8219700
2021-07-20,166.89999389648438,170.80999755859375,166.83999633789062,168.4499969482422,145.6317596435547,9902800
2021-07-21,169.3000030517578,169.69000244140625,167.47999572753906,169.49000549316406,146.53085327148438,7585200
2021-07-22,169.36000061035156,171.07000732421875,168.64999389648438,169.97999572753906,146.95448303222656,5281900
2021-07-23,171.0,172.17999267578125,170.3800048828125,171.7899932861328,148.519287109375,5014900
2021-07-26,171.82000732421875,172.13999938964844,170.86000061035156,171.8699951171875,148.5885009765625,4484900
2021-07-27,171.8000030517578,172.72000122070312,170.6699981689453,172.66000366210938,149.27145385742188,7089300
2021-07-28,172.72999572753906,173.3800048828125,172.0800018310547,172.17999267578125,148.85647583007812,5750700
2021-07-29,172.74000549316406,173.33999633789062,171.08999633789062,172.17999267578125,148.85647583007812,4214100
2021-07-30,172.5399932861328,172.97999572753906,171.83999633789062,172.1999969482422,148.87374877929688,5346400
2021-08-02,172.47000122070312,172.83999633789062,171.3000030517578,172.27000427246094,148.93429565429688,3721500
2021-08-03,172.72999572753906,174.5,172.44000244140625,174.38999938964844,150.76710510253906,6033000
2021-08-04,174.1999969482422,174.58999633789062,173.25999450683594,173.36000061035156,149.8766326904297,4793100
2021-08-05,173.85000610351562,173.85000610351562,172.4199981689453,173.69000244140625,150.16192626953125,4291000
2021-08-06,173.94000244140625,173.94000244140625,172.4499969482422,173.11000061035156,149.66050720214844,4581100
2021-08-09,173.72000122070312,174.25,172.92999267578125,173.7100067138672,150.17918395996094,3950200
2021-08-10,173.25999450683594,174.11000061035156,172.77999877929688,173.77000427246094,150.2310791015625,3678300
2021-08-11,174.25,174.47000122070312,173.55999755859375,173.8000030517578,150.25701904296875,4221300
2021-08-12,173.82000732421875,175.2899932861328,173.58999633789062,175.1999969482422,151.4673614501953,4300400
2021-08-13,175.2899932861328,176.2899932861328,175.1199951171875,176.25,152.37513732910156,5882100
2021-08-16,176.5500030517578,177.88999938964844,175.9499969482422,177.83999633789062,153.74977111816406,4782800
2021-08-17,177.30999755859375,179.50999450683594,177.30999755859375,179.47000122070312,155.15895080566406,6041900
2021-08-18,179.5,179.5,177.1300048828125,177.19000244140625,153.1878204345703,7134100
2021-08-19,176.6199951171875,179.3300018310547,176.07000732421875,178.57000732421875,154.38088989257812,5615000
2021-08-20,178.88999938964844,179.9199981689453,178.07000732421875,179.44000244140625,155.133056640625,5428700
2021-08-23,178.38999938964844,178.92999267578125,177.5399932861328,177.61000061035156,154.46336364746094,6461700
2021-08-24,176.99000549316406,177.2100067138672,175.27999877929688,175.38999938964844,152.53271484375,5734800
2021-08-25,175.69000244140625,175.89999389648438,173.88999938964844,174.22999572753906,151.5238494873047,5700300
2021-08-26,173.9499969482422,174.72000122070312,173.0500030517578,173.3000030517578,150.7150421142578,5031600
2021-08-27,174.27999877929688,174.27999877929688,172.75,172.92999267578125,150.3932647705078,7046100
2021-08-30,172.7899932861328,174.27999877929688,172.77999877929688,173.66000366210938,151.02816772460938,3252700
2021-08-31,173.49000549316406,174.49000549316406,172.47999572753906,173.1300048828125,150.56719970703125,7106800
2021-09-01,172.89999389648438,173.74000549316406,172.05999755859375,173.74000549316406,151.0977325439453,5327400
2021-09-02,174.33999633789062,175.19000244140625,173.91000366210938,174.92999267578125,152.1326141357422,4544300
2021-09-03,175.10000610351562,175.22000122070312,173.80999755859375,175.0399932861328,152.2283172607422,4096900
2021-09-07,174.35000610351562,175.02999877929688,171.6699981689453,172.32000732421875,149.86276245117188,6859900
2021-09-08,171.6199951171875,172.97999572753906,171.0800018310547,171.89999389648438,149.49754333496094,4661700
2021-09-09,171.19000244140625,171.47999572753906,167.6999969482422,168.07000732421875,146.1666717529297,7114600
2021-09-10,168.5500030517578,169.08999633789062,166.8699951171875,166.97000122070312,145.2100372314453,6699300
2021-09-13,167.9199981689453,168.1199951171875,165.1300048828125,165.8000030517578,144.19248962402344,6273500
2021-09-14,166.39999389648438,166.5399932861328,164.50999450683594,164.8000030517578,143.32281494140625,5259600
2021-09-15,165.0,165.9600067138672,164.30999755859375,165.4199981689453,143.86199951171875,7935300
2021-09-16,165.64999389648438,166.4600067138672,164.19000244140625,165.22000122070312,143.68804931640625,5665400
2021-09-17,164.3000030517578,164.91000366210938,163.55999755859375,164.75,143.27932739257812,13419800
2021-09-20,163.47999572753906,165.1699981689453,162.1699981689453,163.80999755859375,142.4618377685547,7270800
2021-09-21,164.61000061035156,165.97999572753906,164.24000549316406,164.52999877929688,143.0879669189453,6663600
2021-09-22,165.35000610351562,165.9499969482422,163.6300048828125,163.92999267578125,142.566162109375,5657100
2021-09-23,164.39999389648438,165.77000427246094,164.14999389648438,164.86000061035156,143.375,4697900
2021-09-24,164.75,165.64999389648438,163.88999938964844,164.36000061035156,142.94015502929688,4399300
2021-09-27,164.0,164.36000061035156,162.85000610351562,163.1699981689453,141.90525817871094,5775500
2021-09-28,163.10000610351562,163.91000366210938,161.77000427246094,162.80999755859375,141.59214782714844,7610400
2021-09-29,163.0,164.66000366210938,162.77999877929688,164.02000427246094,142.6444854736328,5124100
2021-09-30,164.63999938964844,165.39999389648438,161.41000366210938,161.5,140.45286560058594,6972300
2021-10-01,161.52999877929688,161.89999389648438,158.6199951171875,160.47000122070312,139.55709838867188,8568300
2021-10-04,159.99000549316406,161.0,157.6699981689453,159.22000122070312,138.4700164794922,8620700
2021-10-05,159.86000061035156,161.11000061035156,159.14999389648438,159.5800018310547,138.7830810546875,5129000
2021-10-06,159.8699951171875,159.9499969482422,157.83999633789062,159.91000366210938,139.07008361816406,7312600
2021-10-07,160.02000427246094,162.61000061035156,160.02000427246094,161.33999633789062,140.31370544433594,5309200
2021-10-08,161.32000732421875,161.61000061035156,160.25,160.92999267578125,139.95716857910156,4343200
2021-10-11,160.86000061035156,161.85000610351562,159.94000244140625,160.25,139.36581420898438,4101600
2021-10-12,160.0,160.17999267578125,157.33999633789062,157.69000244140625,137.13943481445312,6686400
2021-10-13,157.82000732421875,160.0800018310547,157.75,159.1999969482422,138.45260620117188,6901100
2021-10-14,159.7100067138672,161.13999938964844,159.60000610351562,160.11000061035156,139.24404907226562,4579200
2021-10-15,161.02999877929688,161.80999755859375,160.41000366210938,161.3000030517578,140.27890014648438,6918400
2021-10-18,160.25,160.88999938964844,159.1999969482422,160.1199951171875,139.252685546875,7465500
2021-10-19,160.89999389648438,165.14999389648438,160.72999572753906,163.8699951171875,142.51405334472656,10081300
2021-10-20,163.97999572753906,164.75,163.25999450683594,163.77999877929688,142.43576049804688,6003200
2021-10-21,164.3000030517578,164.38999938964844,162.27999877929688,163.39999389648438,142.10523986816406,4524100
2021-10-22,163.05999755859375,164.05999755859375,162.9600067138672,163.72000122070312,142.38352966308594,4304300
2021-10-25,163.72000122070312,164.30999755859375,161.7100067138672,164.0800018310547,142.69664001464844,6715400
2021-10-26,164.55999755859375,166.02999877929688,164.0500030517578,165.75,144.1490020751953,6939100
2021-10-27,165.67999267578125,165.75999450683594,163.30999755859375,163.74000549316406,142.4009246826172,7018800
2021-10-28,163.77000427246094,165.1999969482422,162.32000732421875,162.85000610351562,141.62692260742188,6278800
2021-10-29,162.35000610351562,163.25,160.61000061035156,162.8800048828125,141.6529998779297,8526800
2021-11-01,163.16000366210938,163.97999572753906,159.39999389648438,163.02000427246094,141.77474975585938,5846400
2021-11-02,163.6999969482422,166.97999572753906,162.97999572753906,165.58999633789062,144.0098419189453,8450600
2021-11-03,165.0399932861328,165.77000427246094,163.42999267578125,165.05999755859375,143.5489501953125,6717800
2021-11-04,164.94000244140625,164.99000549316406,162.6699981689453,164.60000610351562,143.1488800048828,8224400
2021-11-05,162.47999572753906,164.60000610351562,162.1999969482422,163.42999267578125,142.13133239746094,6215900
2021-11-08,163.67999267578125,164.1699981689453,162.00999450683594,162.8699951171875,141.64434814453125,5578800
2021-11-09,162.61000061035156,163.58999633789062,162.02000427246094,162.50999450683594,141.33126831054688,6112800
2021-11-10,162.52999877929688,164.83999633789062,162.35000610351562,164.27000427246094,142.86187744140625,6225100
2021-11-11,163.49000549316406,163.80999755859375,162.49000549316406,163.05999755859375,141.8095703125,4118800
2021-11-12,167.42999267578125,167.6199951171875,164.61000061035156,165.00999450683594,143.5054168701172,18995200
2021-11-15,165.0,165.4600067138672,163.22000122070312,163.52000427246094,142.2096405029297,7496200
2021-11-16,163.17999267578125,164.35000610351562,162.6199951171875,162.6699981689453,141.47039794921875,7594700
2021-11-17,162.8699951171875,163.86000061035156,161.7899932861328,163.27999877929688,142.00088500976562,5414500
2021-11-18,163.4499969482422,164.47000122070312,162.1300048828125,162.39999389648438,141.2355499267578,6358700
2021-11-19,163.0399932861328,163.19000244140625,161.77999877929688,162.88999938964844,141.66172790527344,7620700
2021-11-22,161.02999877929688,162.63999938964844,159.64999389648438,159.6999969482422,139.79718017578125,7634500
2021-11-23,159.52000427246094,161.0,158.77999877929688,160.69000244140625,140.66378784179688,7734000
2021-11-24,160.13999938964844,160.6199951171875,159.3800048828125,160.24000549316406,140.26988220214844,5230900
2021-11-26,160.60000610351562,161.16000366210938,158.66000366210938,159.1999969482422,139.3594512939453,8523100
2021-11-29,159.5,160.4199981689453,158.4199981689453,159.75,139.8409423828125,9188500
2021-11-30,158.50999450683594,159.0,155.85000610351562,155.92999267578125,136.49703979492188,14981700
2021-12-01,156.8800048828125,160.0800018310547,156.25,158.0800018310547,138.3790740966797,9835800
2021-12-02,157.25999450683594,159.2899932861328,156.75,157.08999633789062,137.51243591308594,11334700
2021-12-03,157.91000366210938,159.6699981689453,157.58999633789062,159.3800048828125,139.51707458496094,8750500
2021-12-06,160.19000244140625,163.52000427246094,159.8300018310547,162.94000244140625,142.63336181640625,9692000
2021-12-07,164.0,164.27000427246094,162.41000366210938,163.36000061035156,143.00106811523438,8311300
2021-12-08,163.47000122070312,164.57000732421875,162.63999938964844,164.33999633789062,143.8589324951172,6216400
2021-12-09,164.17999267578125,165.97999572753906,163.49000549316406,165.89999389648438,145.2244873046875,8574200
2021-12-10,165.57000732421875,166.69000244140625,164.64999389648438,165.49000549316406,144.8656005859375,6572200
2021-12-13,164.75,169.1999969482422,163.8000030517578,168.4499969482422,147.45668029785156,11142300
2021-12-14,168.3300018310547,170.97000122070312,167.16000366210938,170.2899932861328,149.06736755371094,10482400
2021-12-15,169.85000610351562,171.3000030517578,169.4199981689453,171.13999938964844,149.8114776611328,8552200
2021-12-16,171.25999450683594,173.50999450683594,170.83999633789062,173.00999450683594,151.4484100341797,8998600
2021-12-17,169.63999938964844,170.77999877929688,167.66000366210938,168.22999572753906,147.26414489746094,16726200
2021-12-20,167.80999755859375,168.50999450683594,166.5500030517578,167.75,146.84396362304688,7954500
2021-12-21,168.05999755859375,168.10000610351562,165.97999572753906,167.2100067138672,146.37124633789062,7954200
2021-12-22,167.05999755859375,168.1699981689453,166.1199951171875,167.92999267578125,147.00152587890625,4178200
2021-12-23,167.8800048828125,168.9499969482422,167.36000061035156,168.25,147.28164672851562,3501500
2021-12-27,169.13999938964844,169.85000610351562,168.6999969482422,169.6699981689453,148.524658203125,3704800
2021-12-28,169.7899932861328,170.63999938964844,169.58999633789062,170.35000610351562,149.1199188232422,3187000
2021-12-29,170.0,171.99000549316406,169.91000366210938,171.5500030517578,150.1703643798828,3662000
2021-12-30,172.1199951171875,172.8800048828125,171.75,172.30999755859375,150.83563232421875,4231800
2021-12-31,172.52999877929688,172.67999267578125,171.02999877929688,171.07000732421875,149.75018310546875,4409500
2022-01-03,170.2100067138672,171.60000610351562,169.10000610351562,171.5399932861328,150.1615753173828,6012200
2022-01-04,171.05999755859375,172.2899932861328,170.60000610351562,171.0800018310547,149.75892639160156,6748400
2022-01-05,172.0,173.47000122070312,171.6199951171875,172.22000122070312,150.75685119628906,7016100
2022-01-06,172.14999389648438,172.5,170.8000030517578,171.6300048828125,150.24038696289062,7301600
2022-01-07,171.4600067138672,174.3000030517578,171.1300048828125,173.9499969482422,152.27127075195312,6986000
2022-01-10,173.69000244140625,173.69000244140625,172.16000366210938,173.08999633789062,151.51841735839844,7698400
2022-01-11,172.99000549316406,173.38999938964844,170.11000061035156,171.25,149.90771484375,8341100
2022-01-12,169.61000061035156,170.0800018310547,168.33999633789062,169.7899932861328,148.62969970703125,8116200
2022-01-13,169.0,170.4199981689453,168.4600067138672,168.75999450683594,147.72804260253906,6159400
2022-01-14,168.6300048828125,168.64999389648438,167.14999389648438,167.83999633789062,146.9227294921875,5847700
2022-01-18,167.10000610351562,167.72000122070312,166.00999450683594,167.10000610351562,146.27496337890625,7815600
2022-01-19,167.1999969482422,168.72000122070312,166.32000732421875,166.5800018310547,145.8197479248047,5926500
2022-01-20,167.2899932861328,167.86000061035156,164.92999267578125,165.25,144.65548706054688,6011300
2022-01-21,166.19000244140625,167.99000549316406,164.47000122070312,164.8699951171875,144.32289123535156,10550300
2022-01-24,164.0,164.1699981689453,158.25999450683594,162.97000122070312,142.65965270996094,14054600
2022-01-25,162.36000061035156,168.41000366210938,161.5800018310547,167.6300048828125,146.73890686035156,14081200
2022-01-26,167.5399932861328,169.22000122070312,166.22999572753906,168.3800048828125,147.3954315185547,9963200
2022-01-27,169.38999938964844,171.91000366210938,169.0,170.58999633789062,149.3300018310547,9066700
2022-01-28,170.86000061035156,171.83999633789062,169.3000030517578,171.7899932861328,150.38043212890625,9783100
2022-01-31,171.5,172.6199951171875,170.82000732421875,172.2899932861328,150.8181610107422,8054800
2022-02-01,171.74000549316406,171.97999572753906,169.42999267578125,170.8800048828125,149.58389282226562,8154700
2022-02-02,169.64999389648438,172.99000549316406,169.64999389648438,172.77000427246094,151.2383270263672,7382800
2022-02-03,172.25999450683594,173.6199951171875,171.0399932861328,172.75999450683594,151.22955322265625,6240400
2022-02-04,171.0,172.97999572753906,170.1199951171875,171.6300048828125,150.24038696289062,6392200
2022-02-07,171.41000366210938,171.74000549316406,170.00999450683594,171.05999755859375,149.74142456054688,6065700
2022-02-08,171.02000427246094,172.0500030517578,170.47999572753906,171.50999450683594,150.1353302001953,6296100
2022-02-09,172.07000732421875,172.24000549316406,171.25,171.49000549316406,150.1178436279297,5387500
2022-02-10,171.2100067138672,171.22000122070312,169.3000030517578,169.4199981689453,148.30581665039062,10355300
2022-02-11,169.1199951171875,170.14999389648438,167.5399932861328,167.7100067138672,146.8089141845703,13125300
2022-02-14,167.7100067138672,167.97000122070312,163.80999755859375,165.60000610351562,144.96185302734375,8967600
2022-02-15,166.1300048828125,168.10000610351562,166.00999450683594,167.30999755859375,146.45875549316406,6631400
2022-02-16,166.49000549316406,167.83999633789062,165.7100067138672,167.2100067138672,146.37124633789062,8482400
2022-02-17,167.2100067138672,167.4499969482422,164.9199981689453,166.19000244140625,145.47836303710938,6227600
2022-02-18,164.97999572753906,165.36000061035156,162.94000244140625,163.36000061035156,143.91900634765625,6423200
2022-02-22,163.57000732421875,163.74000549316406,160.44000244140625,161.13999938964844,141.9631805419922,6868900
2022-02-23,161.50999450683594,162.63999938964844,160.85000610351562,161.22000122070312,142.03366088867188,8016900
2022-02-24,159.77999877929688,160.1300048828125,155.72000122070312,158.13999938964844,139.32020568847656,12883400
2022-02-25,160.0,166.99000549316406,159.6999969482422,166.0,146.2447967529297,11340400
2022-02-28,162.8699951171875,165.17999267578125,162.3800048828125,164.57000732421875,144.98501586914062,9373500
2022-03-01,163.0399932861328,164.75,162.41000366210938,164.0,144.48281860351562,8737800
2022-03-02,164.41000366210938,167.6300048828125,164.0399932861328,166.0399932861328,146.28004455566406,6793300
2022-03-03,166.6999969482422,169.33999633789062,166.32000732421875,168.47999572753906,148.42967224121094,7333700
2022-03-04,167.63999938964844,169.86000061035156,166.85000610351562,169.47999572753906,149.31065368652344,6302500
2022-03-07,168.3000030517578,173.1199951171875,167.36000061035156,172.2100067138672,151.7157745361328,11663400
2022-03-08,172.0399932861328,173.1199951171875,168.50999450683594,168.72000122070312,148.64114379882812,11100300
2022-03-09,170.00999450683594,170.22999572753906,167.88999938964844,169.36000061035156,149.2049102783203,7248200
2022-03-10,168.55999755859375,170.14999389648438,168.0800018310547,169.66000366210938,149.46926879882812,6171400
2022-03-11,169.1300048828125,171.4600067138672,169.02000427246094,169.35000610351562,149.1961669921875,5188000
2022-03-14,170.67999267578125,174.1199951171875,170.35000610351562,171.69000244140625,151.25767517089844,7729500
2022-03-15,173.3300018310547,176.52000427246094,172.5500030517578,176.13999938964844,155.1780548095703,10554400
2022-03-16,175.4600067138672,176.9499969482422,172.55999755859375,174.52000427246094,153.75088500976562,9603300
2022-03-17,175.2100067138672,176.83999633789062,174.1999969482422,176.8000030517578,155.7595672607422,7472100
2022-03-18,177.0,177.0,173.66000366210938,174.83999633789062,154.03277587890625,13809500
2022-03-21,174.66000366210938,177.16000366210938,174.32000732421875,175.8300018310547,154.90496826171875,7574900
2022-03-22,175.8300018310547,176.3699951171875,173.91000366210938,175.0,154.17376708984375,8442100
2022-03-23,175.22999572753906,175.5399932861328,174.08999633789062,174.33999633789062,153.59228515625,5254200
2022-03-24,175.0,175.5399932861328,174.07000732421875,175.24000549316406,154.38519287109375,5012300
2022-03-25,175.69000244140625,177.6999969482422,175.22000122070312,176.9199981689453,155.86521911621094,4809500
2022-03-28,176.64999389648438,178.17999267578125,176.35000610351562,177.8300018310547,156.66693115234375,5604200
2022-03-29,178.6199951171875,179.39999389648438,176.8000030517578,177.74000549316406,156.58767700195312,5933400
2022-03-30,178.44000244140625,179.86000061035156,177.67999267578125,179.58999633789062,158.21751403808594,6277600
2022-03-31,179.58999633789062,180.2100067138672,176.97999572753906,177.22999572753906,156.13839721679688,11490400
2022-04-01,177.0500030517578,178.42999267578125,175.60000610351562,178.19000244140625,156.98411560058594,6525600
2022-04-04,178.19000244140625,178.19000244140625,175.52000427246094,176.47000122070312,155.4687957763672,6860600
2022-04-05,176.47000122070312,179.64999389648438,176.2899932861328,177.61000061035156,156.47312927246094,7446100
2022-04-06,179.38999938964844,182.60000610351562,178.6199951171875,182.22999572753906,160.54335021972656,10330900
2022-04-07,181.6699981689453,182.9499969482422,180.22999572753906,181.75999450683594,160.1292724609375,7385200
2022-04-08,181.3300018310547,183.19000244140625,180.42999267578125,182.1199951171875,160.44644165039062,7144500
2022-04-11,183.0,184.1999969482422,179.60000610351562,179.83999633789062,158.437744140625,5932000
2022-04-12,179.1999969482422,180.80999755859375,178.1999969482422,179.89999389648438,158.49063110351562,5957500
2022-04-13,179.89999389648438,180.83999633789062,179.24000549316406,180.66000366210938,159.16015625,5643100
2022-04-14,180.0,181.39999389648438,179.72999572753906,179.89999389648438,158.49063110351562,6188200
2022-04-18,179.72999572753906,180.38999938964844,176.74000549316406,177.66000366210938,156.5172119140625,6318700
2022-04-19,180.72000122070312,185.94000244140625,179.9499969482422,183.0800018310547,161.29212951660156,14380800
2022-04-20,182.24000549316406,184.32000732421875,181.89999389648438,183.88999938964844,162.00579833984375,8044900
2022-04-21,183.92999267578125,184.8699951171875,182.55999755859375,183.36000061035156,161.53884887695312,6969200
2022-04-22,182.47000122070312,183.14999389648438,181.3800048828125,181.5399932861328,159.93544006347656,8003600
2022-04-25,182.33999633789062,186.69000244140625,182.10000610351562,186.00999450683594,163.87347412109375,11176500
2022-04-26,185.10000610351562,186.57000732421875,184.17999267578125,184.67999267578125,162.70176696777344,10190000
2022-04-27,184.24000549316406,184.82000732421875,181.74000549316406,182.10000610351562,160.4288330078125,11090100
2022-04-28,182.25,184.5,181.9199981689453,183.4600067138672,161.62696838378906,9403900
2022-04-29,182.5,182.5500030517578,180.1999969482422,180.4600067138672,158.9839630126953,8463100
2022-05-02,180.47000122070312,181.41000366210938,177.02999877929688,178.63999938964844,157.3805694580078,7145400
2022-05-03,178.8000030517578,180.6300048828125,177.67999267578125,178.2899932861328,157.0722198486328,5898700
2022-05-04,178.14999389648438,180.5,177.14999389648438,180.1999969482422,158.7549285888672,5923000
2022-05-05,179.4199981689453,179.7100067138672,175.27000427246094,176.75999450683594,155.7243194580078,7089200
2022-05-06,175.13999938964844,176.8699951171875,174.69000244140625,176.3699951171875,155.38072204589844,6434000
2022-05-09,175.4499969482422,178.55999755859375,174.58999633789062,177.3300018310547,156.2264862060547,7855200
2022-05-10,178.22999572753906,179.17999267578125,176.5,177.08999633789062,156.01502990722656,8186700
2022-05-11,175.9600067138672,178.32000732421875,175.8800048828125,176.1300048828125,155.16929626464844,6138900
2022-05-12,176.47000122070312,177.9499969482422,174.7100067138672,177.8699951171875,156.7021942138672,6898600
2022-05-13,178.6999969482422,178.88999938964844,175.8000030517578,176.85000610351562,155.8035888671875,7732200
2022-05-16,176.85000610351562,179.1300048828125,176.1699981689453,178.0800018310547,156.88717651367188,5516700
2022-05-17,178.72000122070312,179.6999969482422,176.58999633789062,178.82000732421875,157.5391387939453,5751100
2022-05-18,178.83999633789062,179.3699951171875,175.1699981689453,175.5,154.6142120361328,8608800
2022-05-19,174.72000122070312,174.8000030517578,172.69000244140625,173.94000244140625,153.2399139404297,6874500
2022-05-20,174.85000610351562,177.16000366210938,174.0500030517578,176.97999572753906,155.9181365966797,7522100
2022-05-23,177.60000610351562,179.92999267578125,177.4600067138672,179.44000244140625,159.10122680664062,7040800
2022-05-24,179.25,181.74000549316406,179.10000610351562,181.39999389648438,160.8390655517578,6419800
2022-05-25,180.52999877929688,181.5500030517578,179.05999755859375,179.6199951171875,159.26080322265625,6558900
2022-05-26,181.0,181.0,178.60000610351562,179.4600067138672,159.1189727783203,6897600
2022-05-27,179.75999450683594,181.16000366210938,178.22999572753906,181.08999633789062,160.5641632080078,5853600
2022-05-31,178.0,180.1699981689453,175.00999450683594,179.52999877929688,159.18099975585938,16391400
2022-06-01,179.14999389648438,179.8300018310547,175.89999389648438,177.7100067138672,157.56727600097656,5175400
2022-06-02,177.74000549316406,177.80999755859375,174.58999633789062,177.14999389648438,157.0707550048828,8666500
2022-06-03,177.07000732421875,178.6699981689453,176.14999389648438,176.4199981689453,156.42349243164062,4234200
2022-06-06,177.2100067138672,178.5,176.0,176.39999389648438,156.40576171875,5386500
2022-06-07,176.97999572753906,179.3000030517578,176.39999389648438,178.33999633789062,158.12591552734375,5447800
2022-06-08,178.10000610351562,179.4499969482422,176.8000030517578,177.27999877929688,157.18600463867188,4333100
2022-06-09,177.2100067138672,178.64999389648438,173.63999938964844,173.7100067138672,154.0206756591797,5509600
2022-06-10,172.1699981689453,173.97000122070312,170.6199951171875,172.5500030517578,152.99220275878906,6647300
2022-06-13,170.0800018310547,172.25,170.0800018310547,170.80999755859375,151.4493865966797,7997000
2022-06-14,171.05999755859375,171.11000061035156,167.25999450683594,168.19000244140625,149.12637329101562,7116800
2022-06-15,169.63999938964844,171.44000244140625,168.63999938964844,169.99000549316406,150.72230529785156,7796100
2022-06-16,168.39999389648438,170.2100067138672,167.41000366210938,170.0800018310547,150.80213928222656,7056700
2022-06-17,170.6300048828125,172.1999969482422,169.24000549316406,169.4600067138672,150.25242614746094,12486600
2022-06-21,170.75,173.86000061035156,169.55999755859375,173.00999450683594,153.4000244140625,8219700
2022-06-22,172.0,177.9199981689453,171.69000244140625,175.74000549316406,155.82058715820312,10593100
2022-06-23,177.0,179.82000732421875,176.52000427246094,179.66000366210938,159.29627990722656,10223500
2022-06-24,180.77999877929688,182.52999877929688,179.97999572753906,182.2899932861328,161.628173828125,9374400
2022-06-27,181.63999938964844,183.35000610351562,181.5,182.1199951171875,161.47744750976562,5908600
2022-06-28,182.1699981689453,182.97000122070312,176.30999755859375,176.94000244140625,156.8845672607422,9245700
2022-06-29,177.22000122070312,178.3000030517578,176.42999267578125,176.99000549316406,156.9288787841797,7097900
2022-06-30,176.86000061035156,178.2899932861328,175.02999877929688,177.50999450683594,157.3899688720703,10777200
2022-07-01,177.4499969482422,179.72000122070312,176.69000244140625,179.52000427246094,159.17213439941406,5498400
2022-07-05,178.8300018310547,179.1300048828125,174.61000061035156,178.13999938964844,157.9485626220703,5676400
2022-07-06,178.07000732421875,179.44000244140625,177.41000366210938,178.3000030517578,158.09042358398438,5335600
2022-07-07,177.86000061035156,179.1199951171875,177.50999450683594,178.5,158.2677459716797,5725800
2022-07-08,178.3300018310547,179.99000549316406,177.77000427246094,178.27999877929688,158.07269287109375,3828300
2022-07-11,177.6999969482422,179.02000427246094,177.52000427246094,178.35000610351562,158.13478088378906,3645200
2022-07-12,177.97999572753906,178.4499969482422,175.1999969482422,175.85000610351562,155.91815185546875,4708800
2022-07-13,175.66000366210938,176.3300018310547,174.5,175.44000244140625,155.55459594726562,5291700
2022-07-14,172.52999877929688,176.00999450683594,172.3000030517578,175.67999267578125,155.7674102783203,5359600
2022-07-15,177.7100067138672,178.50999450683594,176.5500030517578,178.22999572753906,158.02835083007812,5691100
2022-07-18,177.74000549316406,178.19000244140625,173.91000366210938,174.22999572753906,154.4817352294922,7605700
2022-07-19,176.3300018310547,176.75,169.8800048828125,171.69000244140625,152.22962951660156,13256400
2022-07-20,172.1999969482422,172.5500030517578,169.75999450683594,170.7100067138672,151.36070251464844,7455800
2022-07-21,170.0500030517578,171.38999938964844,169.77000427246094,171.30999755859375,151.89271545410156,5729200
2022-07-22,171.60000610351562,172.49000549316406,171.05999755859375,172.1199951171875,152.61087036132812,4257000
2022-07-25,172.1199951171875,172.97999572753906,171.72000122070312,172.4600067138672,152.91236877441406,4437300
2022-07-26,172.55999755859375,174.97999572753906,172.49000549316406,173.67999267578125,153.99407958984375,4525500
2022-07-27,172.6300048828125,174.10000610351562,171.1300048828125,173.1999969482422,153.56849670410156,4648500
2022-07-28,173.39999389648438,176.08999633789062,171.44000244140625,174.1999969482422,154.45510864257812,5513000
2022-07-29,173.7899932861328,174.85000610351562,172.91000366210938,174.52000427246094,154.73886108398438,6451400
2022-08-01,174.1699981689453,175.16000366210938,173.5399932861328,173.91000366210938,154.19801330566406,5461400
2022-08-02,175.00999450683594,175.49000549316406,172.6999969482422,172.9199981689453,153.32022094726562,5794200
2022-08-03,172.5500030517578,175.25999450683594,171.77000427246094,174.58999633789062,154.80091857910156,5010000
2022-08-04,174.80999755859375,175.08999633789062,171.60000610351562,171.7899932861328,152.31829833984375,5651600
2022-08-05,171.3000030517578,171.52999877929688,169.7899932861328,171.11000061035156,151.71539306640625,5235500
2022-08-08,171.3000030517578,171.47999572753906,169.44000244140625,170.1999969482422,150.90850830078125,4629800
2022-08-09,170.5399932861328,171.1199951171875,169.72999572753906,170.17999267578125,150.89077758789062,5532500
2022-08-10,171.02000427246094,171.24000549316406,169.52999877929688,170.6699981689453,151.3252410888672,5603400
2022-08-11,168.52000427246094,169.9499969482422,166.97999572753906,167.13999938964844,148.19537353515625,9328700
2022-08-12,167.5399932861328,167.94000244140625,165.14999389648438,165.3000030517578,146.56394958496094,14606900
2022-08-15,166.0,166.75,165.1300048828125,166.08999633789062,147.26434326171875,10072000
2022-08-16,165.86000061035156,168.25,165.60000610351562,167.57000732421875,148.5766143798828,7453600
2022-08-17,166.41000366210938,168.55999755859375,166.41000366210938,167.5800018310547,148.58546447753906,7406600
2022-08-18,167.67999267578125,168.3000030517578,165.92999267578125,166.77000427246094,147.86729431152344,8312100
2022-08-19,167.10000610351562,170.1199951171875,167.0,169.30999755859375,150.11940002441406,8128500
2022-08-22,168.89999389648438,168.9199981689453,167.1699981689453,167.58999633789062,149.5927734375,5462600
2022-08-23,167.0,167.77000427246094,165.8000030517578,166.1300048828125,148.28956604003906,5566300
2022-08-24,166.55999755859375,166.58999633789062,165.07000732421875,165.5800018310547,147.79859924316406,5684300
2022-08-25,165.9499969482422,167.24000549316406,164.6999969482422,167.1300048828125,149.18215942382812,5678700
2022-08-26,167.4600067138672,167.5,164.1999969482422,164.27000427246094,146.62930297851562,5667100
2022-08-29,163.47000122070312,163.83999633789062,162.02000427246094,163.0,145.4956817626953,5259200
2022-08-30,163.3000030517578,163.5399932861328,162.02999877929688,162.42999267578125,144.9868927001953,6973300
2022-08-31,163.22999572753906,163.5500030517578,161.27000427246094,161.33999633789062,144.01393127441406,8741700
2022-09-01,161.49000549316406,165.5,161.47999572753906,165.33999633789062,147.5843963623047,7509600
2022-09-02,165.86000061035156,166.1999969482422,162.00999450683594,162.74000549316406,145.2636260986328,5803700
2022-09-06,163.94000244140625,166.22000122070312,162.82000732421875,163.17999267578125,145.65634155273438,7394600
2022-09-07,162.91000366210938,164.4199981689453,162.16000366210938,164.07000732421875,146.45074462890625,4590600
2022-09-08,163.8800048828125,165.4199981689453,163.0800018310547,165.38999938964844,147.62901306152344,5838400
2022-09-09,164.99000549316406,166.1999969482422,164.38999938964844,165.7100067138672,147.91465759277344,5500600
2022-09-12,166.11000061035156,166.57000732421875,165.22000122070312,165.63999938964844,147.85218811035156,6365300
2022-09-13,163.57000732421875,164.44000244140625,160.80999755859375,161.3300018310547,144.00503540039062,6726400
2022-09-14,162.3800048828125,165.36000061035156,162.3800048828125,164.66000366210938,146.97740173339844,9555700
2022-09-15,164.4499969482422,166.07000732421875,164.10000610351562,165.0800018310547,147.352294921875,7174500
2022-09-16,165.32000732421875,167.6300048828125,164.75,167.60000610351562,149.60171508789062,20201500
2022-09-19,166.3000030517578,166.42999267578125,164.0800018310547,166.27999877929688,148.4234619140625,7380900
2022-09-20,165.22000122070312,165.89999389648438,164.32000732421875,164.97000122070312,147.25416564941406,7143400
2022-09-21,165.02000427246094,166.8000030517578,163.24000549316406,163.27999877929688,145.74559020996094,8071200
2022-09-22,163.14999389648438,167.16000366210938,162.8300018310547,166.17999267578125,148.33416748046875,7401100
2022-09-23,165.74000549316406,167.47999572753906,164.66000366210938,166.72000122070312,148.8162078857422,9598600
2022-09-26,165.8000030517578,166.83999633789062,164.3800048828125,165.6999969482422,147.90570068359375,8735500
2022-09-27,166.36000061035156,167.6699981689453,164.39999389648438,164.94000244140625,147.22735595703125,8686700
2022-09-28,166.25,167.3800048828125,165.10000610351562,166.36000061035156,148.49484252929688,8660900
2022-09-29,166.47999572753906,167.1699981689453,163.88999938964844,164.52999877929688,146.8613739013672,7008100
2022-09-30,165.0,165.74000549316406,163.32000732421875,163.36000061035156,145.81700134277344,8985200
2022-10-03,164.2899932861328,164.3800048828125,161.6999969482422,163.1999969482422,145.6741943359375,8657000
2022-10-04,163.85000610351562,166.0,162.9199981689453,165.6199951171875,147.8343048095703,6236100
2022-10-05,165.02000427246094,166.0399932861328,164.2100067138672,165.11000061035156,147.37905883789062,4539400
2022-10-06,164.7899932861328,165.0,161.69000244140625,161.91000366210938,144.52273559570312,5890700
2022-10-07,161.77000427246094,162.22000122070312,159.1699981689453,160.1999969482422,142.99636840820312,6363500
2022-10-10,160.6300048828125,161.27999877929688,159.17999267578125,160.41000366210938,143.1837921142578,5315600
2022-10-11,160.3699951171875,164.11000061035156,160.3699951171875,162.72999572753906,145.25466918945312,6212200
2022-10-12,162.94000244140625,164.8800048828125,162.5,162.69000244140625,145.21897888183594,4341700
2022-10-13,160.88999938964844,165.99000549316406,160.75,165.14999389648438,147.41481018066406,6465100
2022-10-14,164.44000244140625,165.67999267578125,163.60000610351562,164.4600067138672,146.7989044189453,5684600
2022-10-17,165.39999389648438,167.2100067138672,165.00999450683594,166.58999633789062,148.7001495361328,6710800
2022-10-18,165.0,167.1699981689453,163.0500030517578,166.00999450683594,148.18243408203125,10883600
2022-10-19,166.0,166.25,163.88999938964844,164.69000244140625,147.00421142578125,10044600
2022-10-20,165.0,165.74000549316406,164.3300018310547,165.11000061035156,147.37905883789062,5659900
2022-10-21,164.7100067138672,169.3699951171875,164.42999267578125,168.7100067138672,150.59251403808594,8487600
2022-10-24,169.80999755859375,172.0800018310547,169.25,170.97999572753906,152.6187286376953,6855500
2022-10-25,170.1699981689453,171.11000061035156,168.52000427246094,170.7100067138672,152.37771606445312,5661900
2022-10-26,171.32000732421875,172.57000732421875,170.52000427246094,172.2100067138672,153.7166290283203,6123800
2022-10-27,172.35000610351562,173.42999267578125,171.72000122070312,172.30999755859375,153.80589294433594,5390900
2022-10-28,173.0,175.38999938964844,172.58999633789062,174.8699951171875,156.09095764160156,6073900
2022-10-31,174.52000427246094,175.16000366210938,173.4199981689453,173.97000122070312,155.28761291503906,7810000
2022-11-01,174.05999755859375,174.6300048828125,170.4199981689453,173.08999633789062,154.5021209716797,6985000
2022-11-02,172.88999938964844,173.94000244140625,170.2899932861328,170.42999267578125,152.1277313232422,6877300
2022-11-03,169.80999755859375,171.47000122070312,168.94000244140625,170.72000122070312,152.3866424560547,4819900
2022-11-04,171.55999755859375,172.5,169.24000549316406,171.47999572753906,153.06503295898438,5300900
2022-11-07,171.6699981689453,173.85000610351562,171.44000244140625,172.97999572753906,154.40394592285156,6621000
2022-11-08,173.1300048828125,174.69000244140625,172.17999267578125,173.83999633789062,155.17161560058594,5148400
2022-11-09,174.27000427246094,175.0,172.33999633789062,172.4499969482422,153.93087768554688,6150000
2022-11-10,174.35000610351562,174.77000427246094,172.0399932861328,174.47000122070312,155.73394775390625,7877500
2022-11-11,172.72999572753906,173.11000061035156,166.82000732421875,169.25,151.07447814941406,11074700
2022-11-14,170.25,173.25999450683594,170.25,171.91000366210938,153.44883728027344,6581500
2022-11-15,172.19000244140625,173.0,170.52000427246094,172.38999938964844,153.8772735595703,9351000
2022-11-16,173.63999938964844,174.99000549316406,173.1300048828125,173.4600067138672,154.83242797851562,5500900
2022-11-17,173.0,174.99000549316406,172.97999572753906,174.86000061035156,156.08206176757812,4464100
2022-11-18,175.0,176.63999938964844,174.6199951171875,176.1999969482422,157.27813720703125,6555700
2022-11-21,175.88999938964844,176.5500030517578,174.8300018310547,175.97000122070312,158.08665466308594,5706600
2022-11-22,176.39999389648438,177.19000244140625,176.3300018310547,176.82000732421875,158.85032653808594,4707900
2022-11-23,176.44000244140625,177.39999389648438,176.00999450683594,177.00999450683594,159.02096557617188,5389200
2022-11-25,177.3800048828125,178.1199951171875,176.86000061035156,177.24000549316406,159.22763061523438,3058600
2022-11-28,176.75,177.77000427246094,176.55999755859375,177.3300018310547,159.30848693847656,6183100
2022-11-29,177.00999450683594,177.25999450683594,174.66000366210938,176.08999633789062,158.19448852539062,6700500
2022-11-30,176.3699951171875,178.00999450683594,174.77999877929688,178.0,159.91036987304688,13288000
2022-12-01,179.0,179.9600067138672,177.77000427246094,178.74000549316406,160.5751953125,6282600
2022-12-02,177.5,178.9600067138672,176.9600067138672,178.8800048828125,160.70094299316406,5823900
2022-12-05,178.36000061035156,179.36000061035156,178.0,178.77999877929688,160.61111450195312,5120600
2022-12-06,179.9199981689453,180.0,175.92999267578125,176.10000610351562,158.2034912109375,7943500
2022-12-07,176.57000732421875,177.8800048828125,176.22999572753906,177.1699981689453,159.1647491455078,5702600
2022-12-08,176.82000732421875,177.47000122070312,176.33999633789062,177.1999969482422,159.1916961669922,4798500
2022-12-09,177.1199951171875,177.88999938964844,175.66000366210938,175.74000549316406,157.8800506591797,4561000
2022-12-12,175.9499969482422,177.8699951171875,175.60000610351562,177.83999633789062,159.76663208007812,4882400
2022-12-13,179.10000610351562,180.1999969482422,178.30999755859375,179.2100067138672,160.99742126464844,9177500
2022-12-14,178.5800018310547,181.0399932861328,178.5800018310547,179.75999450683594,161.49151611328125,9533600
2022-12-15,179.1999969482422,179.83999633789062,176.39999389648438,177.49000549316406,159.45220947265625,7602400
2022-12-16,177.0,177.0,174.86000061035156,175.6699981689453,157.8171844482422,18841800
2022-12-19,175.35000610351562,176.1699981689453,174.07000732421875,175.47999572753906,157.64646911621094,5736000
2022-12-20,176.0,176.44000244140625,175.1699981689453,175.6699981689453,157.8171844482422,6174700
2022-12-21,176.27000427246094,178.17999267578125,175.64999389648438,177.67999267578125,159.6228790283203,5472000
2022-12-22,176.77000427246094,177.50999450683594,175.33999633789062,177.02999877929688,159.0389404296875,5709100
2022-12-23,176.6699981689453,177.52000427246094,175.80999755859375,177.47999572753906,159.44322204589844,3683400
2022-12-27,178.11000061035156,178.35000610351562,176.99000549316406,177.42999267578125,159.39830017089844,3067300
2022-12-28,177.75999450683594,178.4499969482422,176.64999389648438,176.66000366210938,158.70655822753906,2645400
2022-12-29,177.5500030517578,178.3000030517578,177.07000732421875,177.55999755859375,159.51510620117188,2828800
2022-12-30,177.49000549316406,177.77000427246094,175.39999389648438,176.64999389648438,158.6975555419922,4216600
2023-01-03,176.16000366210938,178.3800048828125,176.00999450683594,178.19000244140625,160.08108520507812,6344900
2023-01-04,178.88999938964844,180.19000244140625,178.47999572753906,180.1300048828125,161.82391357421875,9788800
2023-01-05,179.02000427246094,179.99000549316406,178.41000366210938,178.8000030517578,160.62911987304688,6255300
2023-01-06,180.1300048828125,180.92999267578125,179.38999938964844,180.25,161.9317169189453,5706000
2023-01-09,179.3000030517578,179.75999450683594,175.17999267578125,175.5800018310547,157.736328125,7925300
2023-01-10,175.6999969482422,176.13999938964844,174.32000732421875,175.16000366210938,157.35902404785156,5047500
2023-01-11,175.57000732421875,175.72000122070312,172.11000061035156,174.8800048828125,157.10748291015625,6494800
2023-01-12,174.25999450683594,174.7100067138672,172.8000030517578,174.0,156.31686401367188,4269400
2023-01-13,173.19000244140625,174.00999450683594,172.3800048828125,173.42999267578125,155.80482482910156,6088000
2023-01-17,174.0,174.5800018310547,172.08999633789062,172.36000061035156,154.84356689453125,6053300
2023-01-18,171.64999389648438,172.0,169.7100067138672,169.75999450683594,152.5077667236328,7047800
2023-01-19,169.02999877929688,171.27999877929688,168.7100067138672,169.52999877929688,152.30116271972656,6939500
2023-01-20,170.10000610351562,170.11000061035156,167.47999572753906,168.74000549316406,151.5914764404297,8620600
2023-01-23,169.10000610351562,169.6300048828125,167.9499969482422,168.30999755859375,151.20513916015625,8425400
2023-01-24,169.02000427246094,170.99000549316406,166.00999450683594,168.30999755859375,151.20513916015625,10541800
2023-01-25,167.1699981689453,169.50999450683594,167.0800018310547,169.50999450683594,152.283203125,7099800
2023-01-26,169.5500030517578,169.91000366210938,168.64999389648438,168.88999938964844,151.72621154785156,6946100
2023-01-27,168.5399932861328,168.8699951171875,167.77000427246094,168.22999572753906,151.13327026367188,6058100
2023-01-30,167.92999267578125,168.5399932861328,161.0800018310547,162.0,145.53640747070312,23259100
2023-01-31,161.6999969482422,163.42999267578125,161.0500030517578,163.4199981689453,146.81211853027344,11612500
2023-02-01,162.99000549316406,165.97999572753906,162.39999389648438,164.9199981689453,148.15966796875,9865300
2023-02-02,163.0,166.22000122070312,162.82000732421875,165.5399932861328,148.71665954589844,10099000
2023-02-03,166.02999877929688,166.33999633789062,163.88999938964844,164.61000061035156,147.88113403320312,6868500
2023-02-06,164.5500030517578,164.85000610351562,163.10000610351562,163.36000061035156,146.75820922851562,7021000
2023-02-07,161.60000610351562,163.8800048828125,161.4199981689453,163.39999389648438,146.79412841796875,7310800
2023-02-08,163.3000030517578,164.55999755859375,162.89999389648438,163.61000061035156,146.9827880859375,6054700
2023-02-09,163.6300048828125,164.8000030517578,161.07000732421875,161.39999389648438,144.99740600585938,7949500
2023-02-10,161.77000427246094,162.7899932861328,161.35000610351562,162.14999389648438,145.671142578125,7028000
2023-02-13,161.3300018310547,162.82000732421875,161.14999389648438,162.75,146.21018981933594,6414700
2023-02-14,162.74000549316406,162.97000122070312,161.75999450683594,162.0399932861328,145.57235717773438,6316000
2023-02-15,161.9499969482422,161.97999572753906,159.2899932861328,159.3699951171875,143.1736602783203,12621800
2023-02-16,159.07000732421875,159.64999389648438,157.9199981689453,158.24000549316406,142.1585693359375,11177000
2023-02-17,157.02000427246094,161.11000061035156,156.6199951171875,160.38999938964844,145.12637329101562,12401900
2023-02-21,159.64999389648438,160.35000610351562,157.88999938964844,158.0,142.96380615234375,9423900
2023-02-22,158.5,158.85000610351562,157.3699951171875,157.77999877929688,142.76478576660156,9820200
2023-02-23,157.7100067138672,158.58999633789062,156.6699981689453,157.72999572753906,142.71949768066406,9385100
2023-02-24,156.64999389648438,156.85000610351562,155.2100067138672,155.97000122070312,141.1269989013672,8689700
2023-02-27,156.4499969482422,156.89999389648438,155.0800018310547,155.6300048828125,140.81936645507812,7267100
2023-02-28,154.97999572753906,155.27000427246094,153.0399932861328,153.25999450683594,138.67489624023438,9062300
2023-03-01,153.00999450683594,153.24000549316406,151.91000366210938,152.57000732421875,138.0505828857422,6767000
2023-03-02,151.75,152.75999450683594,151.22999572753906,152.4499969482422,137.94204711914062,8762500
2023-03-03,153.3699951171875,154.1199951171875,152.83999633789062,154.02000427246094,139.36257934570312,5747200
2023-03-06,154.66000366210938,155.72999572753906,154.57000732421875,155.55999755859375,140.7560272216797,8148200
2023-03-07,156.08999633789062,156.25,153.35000610351562,154.08999633789062,139.4259490966797,7457700
2023-03-08,153.97999572753906,154.1999969482422,152.47999572753906,152.9600067138672,138.40347290039062,6230500
2023-03-09,153.4600067138672,153.60000610351562,150.7100067138672,151.24000549316406,136.84715270996094,7439400
2023-03-10,151.86000061035156,153.49000549316406,151.10000610351562,151.61000061035156,137.18194580078125,8504300
2023-03-13,152.08999633789062,155.91000366210938,151.57000732421875,153.05999755859375,138.4939422607422,10799600
2023-03-14,153.27999877929688,154.02999877929688,151.89999389648438,153.9199981689453,139.27212524414062,8421200
2023-03-15,152.83999633789062,154.88999938964844,152.52999877929688,154.35000610351562,139.66119384765625,7757700
2023-03-16,153.4499969482422,154.3699951171875,152.60000610351562,154.02999877929688,139.37164306640625,7605500
2023-03-17,154.47999572753906,154.9499969482422,152.3000030517578,152.3800048828125,137.87867736816406,20540700
2023-03-20,152.47000122070312,154.07000732421875,152.3800048828125,153.88999938964844,139.2449493408203,7129000
2023-03-21,154.0,154.1300048828125,152.1699981689453,153.88999938964844,139.2449493408203,8376800
2023-03-22,153.85000610351562,154.05999755859375,151.02999877929688,151.0500030517578,136.67526245117188,7943500
2023-03-23,151.17999267578125,151.69000244140625,150.11000061035156,151.1300048828125,136.7476043701172,9051500
2023-03-24,151.47999572753906,152.75999450683594,150.8300018310547,152.64999389648438,138.1229705810547,5696200
2023-03-27,154.1999969482422,154.5399932861328,153.11000061035156,153.3000030517578,138.71112060546875,6772300
2023-03-28,152.38999938964844,153.4499969482422,151.72999572753906,151.82000732421875,137.37196350097656,6115300
2023-03-29,152.24000549316406,153.3800048828125,152.07000732421875,153.30999755859375,138.72019958496094,6012000
2023-03-30,153.5800018310547,153.8000030517578,152.80999755859375,153.42999267578125,138.82875061035156,4555700
2023-03-31,153.7899932861328,155.19000244140625,153.24000549316406,155.0,140.24932861328125,9890000
2023-04-03,154.9499969482422,157.00999450683594,153.94000244140625,156.85000610351562,141.9232940673828,6841900
2023-04-04,156.97000122070312,158.97000122070312,156.58999633789062,158.49000549316406,143.40721130371094,8314500
2023-04-05,164.3699951171875,165.66000366210938,162.75999450683594,165.61000061035156,149.84962463378906,16704200
2023-04-06,165.99000549316406,167.22999572753906,164.8000030517578,165.14999389648438,149.4333953857422,9615400
2023-04-10,164.6300048828125,164.83999633789062,163.63999938964844,164.32000732421875,148.68240356445312,5354000
2023-04-11,164.4199981689453,165.27999877929688,164.0399932861328,164.27000427246094,148.63717651367188,5903800
2023-04-12,163.94000244140625,164.83999633789062,163.10000610351562,163.9199981689453,148.32046508789062,5764100
2023-04-13,164.17999267578125,166.3300018310547,163.80999755859375,166.11000061035156,150.3020477294922,5640600
2023-04-14,165.97000122070312,166.1199951171875,164.05999755859375,165.83999633789062,150.0577392578125,7225100
2023-04-17,165.74000549316406,166.24000549316406,164.94000244140625,165.6699981689453,149.90394592285156,8046400
2023-04-18,164.25,164.69000244140625,159.64999389648438,161.00999450683594,145.68739318847656,14571500
2023-04-19,161.99000549316406,162.67999267578125,161.1699981689453,162.52999877929688,147.062744140625,6752000
2023-04-20,162.42999267578125,163.82000732421875,160.9600067138672,163.5800018310547,148.01280212402344,9498800
2023-04-21,164.44000244140625,164.97000122070312,161.97000122070312,162.69000244140625,147.20751953125,7014200
2023-04-24,162.69000244140625,163.80999755859375,161.8699951171875,163.67999267578125,148.10325622558594,5278900
2023-04-25,164.30999755859375,165.35000610351562,164.16000366210938,165.17999267578125,149.46054077148438,6263100
2023-04-26,164.08999633789062,164.38999938964844,162.24000549316406,162.6199951171875,147.14413452148438,5518200
2023-04-27,162.89999389648438,163.41000366210938,162.1300048828125,163.0,147.4879913330078,5739700
2023-04-28,162.80999755859375,163.75999450683594,162.55999755859375,163.6999969482422,148.1213836669922,6024900
2023-05-01,163.60000610351562,164.3000030517578,162.24000549316406,163.60000610351562,148.03091430664062,4893400
2023-05-02,164.33999633789062,165.47999572753906,163.55999755859375,165.02999877929688,149.32481384277344,7541700
2023-05-03,165.5500030517578,166.17999267578125,162.50999450683594,162.8699951171875,147.37037658691406,5937200
2023-05-04,162.67999267578125,162.89999389648438,161.25,162.1300048828125,146.7008056640625,5128000
2023-05-05,162.83999633789062,163.1300048828125,161.69000244140625,162.67999267578125,147.19847106933594,5194500
2023-05-08,161.99000549316406,162.57000732421875,161.33999633789062,162.30999755859375,146.86367797851562,4994900
2023-05-09,161.75,162.1300048828125,160.7899932861328,161.0500030517578,145.72357177734375,5520500
2023-05-10,161.1999969482422,161.97000122070312,160.05999755859375,161.64999389648438,146.2664794921875,6756600
2023-05-11,161.8300018310547,162.19000244140625,159.38999938964844,160.99000549316406,145.66928100585938,5867600
2023-05-12,161.36000061035156,161.55999755859375,160.00999450683594,160.77999877929688,145.4792938232422,3904200
2023-05-15,160.8000030517578,161.02999877929688,158.94000244140625,159.5500030517578,144.36631774902344,5104500
2023-05-16,159.05999755859375,160.25,158.52999877929688,159.33999633789062,144.17630004882812,5599200
2023-05-17,159.7899932861328,160.05999755859375,157.77000427246094,158.99000549316406,143.85963439941406,6840700
2023-05-18,158.66000366210938,158.92999267578125,157.55999755859375,158.47999572753906,143.39817810058594,5173000
2023-05-19,158.58999633789062,159.92999267578125,158.13999938964844,158.91000366210938,143.7872314453125,6527100
2023-05-22,158.0,159.13999938964844,156.77999877929688,156.8699951171875,143.0123291015625,5675900
2023-05-23,157.10000610351562,158.27000427246094,156.3699951171875,156.80999755859375,142.9575958251953,5793000
2023-05-24,157.0800018310547,157.13999938964844,155.9199981689453,156.66000366210938,142.82086181640625,5015100
2023-05-25,156.0500030517578,156.2899932861328,153.72000122070312,154.41000366210938,140.7696533203125,6886100
2023-05-26,154.69000244140625,155.27999877929688,154.1999969482422,154.35000610351562,140.7149200439453,6845400
2023-05-30,153.97000122070312,155.3800048828125,153.32000732421875,154.3699951171875,140.73312377929688,5593100
2023-05-31,154.6999969482422,155.69000244140625,153.85000610351562,155.05999755859375,141.36219787597656,11324600
2023-06-01,154.5399932861328,155.0399932861328,153.14999389648438,154.5399932861328,140.88812255859375,7901300
2023-06-02,154.72000122070312,157.30999755859375,154.08999633789062,156.97000122070312,143.1034698486328,7659700
2023-06-05,156.75,158.63999938964844,156.75,158.32000732421875,144.33424377441406,6430500
2023-06-06,159.5800018310547,159.61000061035156,157.39999389648438,158.17999267578125,144.2065887451172,5073600
2023-06-07,158.10000610351562,158.8000030517578,157.44000244140625,158.52000427246094,144.51654052734375,6504300
2023-06-08,158.5,160.4199981689453,157.82000732421875,160.25999450683594,146.10287475585938,5818400
2023-06-09,160.4199981689453,160.72999572753906,159.47000122070312,160.00999450683594,145.8749237060547,6264400
2023-06-12,160.0,160.25,158.72999572753906,159.89999389648438,145.77464294433594,6510600
2023-06-13,159.72999572753906,160.83999633789062,159.14999389648438,160.74000549316406,146.5404510498047,6066800
2023-06-14,161.60000610351562,162.0800018310547,160.97999572753906,161.55999755859375,147.2880401611328,6699100
2023-06-15,162.0500030517578,163.91000366210938,161.42999267578125,163.72999572753906,149.26632690429688,7138300
2023-06-16,164.47999572753906,164.99000549316406,163.8699951171875,164.22999572753906,149.72215270996094,13426600
2023-06-20,164.25999450683594,165.30999755859375,163.80999755859375,164.1300048828125,149.63095092773438,7995800
2023-06-21,163.5800018310547,164.9199981689453,162.69000244140625,163.8800048828125,149.40306091308594,7177500
2023-06-22,163.89999389648438,165.72000122070312,163.7899932861328,165.6199951171875,150.98934936523438,5485900
2023-06-23,166.11000061035156,166.27000427246094,165.02999877929688,165.47999572753906,150.86172485351562,9450700
2023-06-26,164.97999572753906,164.97999572753906,161.3300018310547,163.6300048828125,149.17515563964844,6978800
2023-06-27,163.67999267578125,163.8800048828125,162.44000244140625,163.2899932861328,148.8651580810547,4927500
2023-06-28,163.1999969482422,163.1999969482422,161.91000366210938,162.9600067138672,148.5643768310547,6780400
2023-06-29,162.63999938964844,164.32000732421875,162.22999572753906,164.10000610351562,149.60365295410156,4547500
2023-06-30,164.86000061035156,165.94000244140625,164.35000610351562,165.52000427246094,150.89820861816406,7580000
2023-07-03,164.33999633789062,164.38999938964844,162.9600067138672,163.35000610351562,148.91990661621094,4033700
2023-07-05,162.99000549316406,163.9199981689453,162.72999572753906,162.80999755859375,148.42758178710938,7224600
2023-07-06,162.25,162.3699951171875,161.0,161.60000610351562,147.32447814941406,6332500
2023-07-07,160.47000122070312,161.0399932861328,159.1999969482422,159.25,145.1820526123047,7022200
2023-07-10,159.42999267578125,160.3000030517578,159.0,159.50999450683594,145.41909790039062,5739200
2023-07-11,159.1300048828125,160.3000030517578,157.60000610351562,158.6300048828125,144.61685180664062,6606700
2023-07-12,158.94000244140625,158.94000244140625,157.8800048828125,158.0800018310547,144.1154327392578,6940400
2023-07-13,158.0,159.1300048828125,157.41000366210938,158.80999755859375,144.7809295654297,6401700
2023-07-14,159.17999267578125,160.22999572753906,158.97999572753906,159.8699951171875,145.747314453125,5362200
2023-07-17,159.75,159.8699951171875,158.14999389648438,159.07000732421875,145.0179443359375,5486800
2023-07-18,159.07000732421875,160.88999938964844,158.19000244140625,159.05999755859375,145.0088348388672,6332500
2023-07-19,157.91000366210938,160.41000366210938,157.3300018310547,158.74000549316406,144.71713256835938,7522600
2023-07-20,161.94000244140625,169.13999938964844,161.3000030517578,168.3800048828125,153.5055694580078,21892900
2023-07-21,168.17999267578125,170.82000732421875,168.17999267578125,170.19000244140625,155.15567016601562,12080000
2023-07-24,171.5,173.82000732421875,170.99000549316406,171.0800018310547,155.96701049804688,15155400
2023-07-25,170.4499969482422,172.67999267578125,169.75,172.38999938964844,157.16128540039062,13790100
2023-07-26,172.0,173.85000610351562,171.39999389648438,172.72000122070312,157.46214294433594,14288200
2023-07-27,172.17999267578125,174.2899932861328,172.0399932861328,173.69000244140625,158.34645080566406,12446400
2023-07-28,174.0,175.36000061035156,173.22999572753906,174.47999572753906,159.06668090820312,14138800
2023-07-31,169.69000244140625,170.22000122070312,166.7100067138672,167.52999877929688,152.73065185546875,22632700
2023-08-01,166.3699951171875,169.08999633789062,166.05999755859375,168.88999938964844,153.97048950195312,15810300
2023-08-02,168.85000610351562,171.24000549316406,168.85000610351562,169.91000366210938,154.90037536621094,14595600
2023-08-03,169.9499969482422,171.32000732421875,169.6699981689453,170.63999938964844,155.56590270996094,17424800
2023-08-04,170.33999633789062,172.67999267578125,167.88999938964844,169.0399932861328,154.1072235107422,23415100
2023-08-07,169.49000549316406,173.33999633789062,169.36000061035156,173.10000610351562,157.80859375,17736400
2023-08-08,172.99000549316406,173.5500030517578,171.38999938964844,173.17999267578125,157.8815155029297,27378700
2023-08-09,173.0,174.25,172.0500030517578,173.07000732421875,157.78123474121094,42974400
2023-08-10,174.0,175.97000122070312,171.63999938964844,172.1699981689453,156.9607391357422,48213800
2023-08-11,172.47999572753906,173.9499969482422,171.6199951171875,173.85000610351562,158.49234008789062,45905600
2023-08-14,173.52000427246094,175.60000610351562,171.75,173.44000244140625,158.11854553222656,64036900
2023-08-15,172.8000030517578,174.55999755859375,172.13999938964844,172.94000244140625,157.66270446777344,88958100
2023-08-16,172.52999877929688,174.72999572753906,172.1300048828125,172.38999938964844,157.16128540039062,85832700
2023-08-17,172.86000061035156,175.38999938964844,172.75999450683594,174.00999450683594,158.63818359375,70904200
2023-08-18,173.1699981689453,173.99000549316406,171.30999755859375,172.49000549316406,157.25250244140625,49631700
2023-08-21,169.69000244140625,169.85000610351562,165.9600067138672,167.35000610351562,152.56654357910156,151319500
2023-08-22,166.86000061035156,167.83999633789062,165.41000366210938,166.02000427246094,151.35401916503906,56834800
2023-08-23,165.89999389648438,166.5,163.47000122070312,164.52999877929688,149.9956512451172,119011400
2023-08-24,164.02999877929688,166.6699981689453,163.86000061035156,165.08999633789062,150.5061798095703,70755100
2023-08-25,164.3000030517578,167.77999877929688,164.05999755859375,166.25,152.66412353515625,18185500
2023-08-28,165.0,166.2100067138672,163.1699981689453,164.2899932861328,150.86428833007812,18458000
2023-08-29,164.8699951171875,165.67999267578125,162.77000427246094,164.30999755859375,150.8826904296875,12208600
2023-08-30,165.11000061035156,165.8300018310547,163.67999267578125,163.72999572753906,150.3500518798828,9939100
2023-08-31,163.3699951171875,163.57000732421875,161.27999877929688,161.67999267578125,148.4675750732422,15333000
2023-09-01,161.4199981689453,162.47999572753906,160.00999450683594,160.47999572753906,147.3656463623047,8610100
2023-09-05,160.55999755859375,161.97000122070312,160.27999877929688,160.67999267578125,147.54930114746094,9019800
2023-09-06,159.83999633789062,160.0,157.35000610351562,158.00999450683594,145.09750366210938,9753800
2023-09-07,159.13999938964844,161.05999755859375,158.97999572753906,160.02999877929688,146.95240783691406,9931800
2023-09-08,159.58999633789062,160.67999267578125,159.19000244140625,160.55999755859375,147.4390869140625,6957000
2023-09-11,161.05999755859375,162.69000244140625,160.4499969482422,162.66000366210938,149.3675079345703,6309300
2023-09-12,162.22000122070312,163.92999267578125,161.52999877929688,163.5800018310547,150.21234130859375,6045800
2023-09-13,163.75999450683594,164.9499969482422,163.0,163.99000549316406,150.58883666992188,7397500
2023-09-14,164.67999267578125,165.27000427246094,163.44000244140625,163.74000549316406,150.35923767089844,7758400
2023-09-15,163.97999572753906,164.82000732421875,161.2100067138672,161.4499969482422,148.25637817382812,13392100
2023-09-18,162.1199951171875,163.14999389648438,160.75,162.47000122070312,149.1930389404297,5789000
2023-09-19,162.25,162.85000610351562,161.3800048828125,162.1999969482422,148.94509887695312,5550800
2023-09-20,162.19000244140625,163.5399932861328,161.66000366210938,162.91000366210938,149.5970458984375,3837400
2023-09-21,162.57000732421875,163.5,161.58999633789062,161.66000366210938,148.44920349121094,4526700
2023-09-22,161.3000030517578,161.39999389648438,160.25,160.5,147.384033203125,4976700
2023-09-25,160.07000732421875,160.36000061035156,158.72999572753906,160.25999450683594,147.1636505126953,6722500
2023-09-26,159.80999755859375,160.0800018310547,158.86000061035156,159.02000427246094,146.02496337890625,4904800
2023-09-27,158.5800018310547,158.75999450683594,155.25999450683594,157.11000061035156,144.27105712890625,10211600
2023-09-28,157.5,157.9600067138672,156.22000122070312,156.8800048828125,144.05982971191406,7861900
2023-09-29,157.3699951171875,157.60000610351562,155.35000610351562,155.75,143.0221710205078,7680700
2023-10-02,155.4199981689453,155.4199981689453,153.32000732421875,155.14999389648438,142.47122192382812,7259700
2023-10-03,154.67999267578125,155.5,153.88999938964844,155.33999633789062,142.6456756591797,5740800
2023-10-04,155.57000732421875,155.92999267578125,154.57000732421875,155.52000427246094,142.81101989746094,4955200
2023-10-05,156.27000427246094,158.0399932861328,156.07000732421875,157.13999938964844,144.298583984375,5993300
2023-10-06,157.0800018310547,158.3000030517578,156.58999633789062,157.63999938964844,144.7577362060547,5802200
2023-10-09,157.17999267578125,158.8800048828125,157.08999633789062,158.5399932861328,145.58416748046875,4414100
2023-10-10,158.3800048828125,159.27000427246094,157.89999389648438,158.36000061035156,145.4188995361328,5273500
2023-10-11,158.4600067138672,159.0500030517578,156.0399932861328,156.17999267578125,143.41705322265625,6922900
2023-10-12,155.9199981689453,156.55999755859375,155.07000732421875,156.3300018310547,143.55479431152344,5792400
2023-10-13,156.72999572753906,157.36000061035156,156.0500030517578,156.85000610351562,144.03228759765625,5359800
2023-10-16,157.82000732421875,158.25,156.83999633789062,157.52999877929688,144.65672302246094,6408100
2023-10-17,155.97999572753906,158.9499969482422,154.61000061035156,156.08999633789062,143.33441162109375,12244400
2023-10-18,155.41000366210938,155.9499969482422,152.0500030517578,152.72999572753906,140.24900817871094,9097300
2023-10-19,151.6699981689453,153.11000061035156,150.14999389648438,152.32000732421875,139.87252807617188,7733800
2023-10-20,152.74000549316406,153.8699951171875,152.3300018310547,153.0,140.49691772460938,7207000
2023-10-23,152.86000061035156,153.5,151.2100067138672,151.38999938964844,139.0184783935547,5874000
2023-10-24,150.75,151.9600067138672,150.1300048828125,151.22999572753906,138.87155151367188,6155300
2023-10-25,151.24000549316406,152.1699981689453,150.22999572753906,151.57000732421875,139.1837921142578,5880800
2023-10-26,151.97000122070312,151.97000122070312,148.8800048828125,149.0,136.8238067626953,7612500
2023-10-27,148.49000549316406,148.66000366210938,144.9499969482422,145.60000610351562,133.70162963867188,11385800
2023-10-30,146.08999633789062,147.24000549316406,146.0,147.02999877929688,135.01478576660156,8205300
2023-10-31,147.5399932861328,148.5399932861328,146.63999938964844,148.33999633789062,136.21771240234375,7576900
2023-11-01,149.19000244140625,149.75999450683594,148.4600067138672,148.69000244140625,136.53912353515625,5733000
2023-11-02,147.7100067138672,150.39999389648438,147.5399932861328,150.24000549316406,137.96246337890625,5349100
2023-11-03,151.2100067138672,152.27000427246094,150.14999389648438,151.33999633789062,138.9725799560547,4926800
2023-11-06,151.77999877929688,152.42999267578125,151.3699951171875,151.6999969482422,139.30313110351562,4851400
2023-11-07,151.92999267578125,152.25,150.67999267578125,150.89999389648438,138.5685272216797,4840400
2023-11-08,151.35000610351562,151.8300018310547,150.33999633789062,150.35000610351562,138.0634765625,5460000
2023-11-09,150.5,150.5,147.25999450683594,147.4199981689453,135.3729248046875,6973600
2023-11-10,148.25,148.5,145.63999938964844,147.25,135.21681213378906,6930700
2023-11-13,147.25,147.89999389648438,146.64999389648438,147.6300048828125,135.5657501220703,5889300
2023-11-14,147.63999938964844,148.5399932861328,146.97000122070312,147.66000366210938,135.5933074951172,6713600
2023-11-15,147.35000610351562,149.4199981689453,147.27000427246094,148.8000030517578,136.64010620117188,6729100
2023-11-16,149.5,150.1699981689453,148.63999938964844,150.10000610351562,137.8339080810547,6875600
2023-11-17,150.5500030517578,150.7899932861328,149.07000732421875,149.7899932861328,137.54920959472656,7023300
2023-11-20,147.91000366210938,150.39999389648438,147.5399932861328,149.91000366210938,138.76181030273438,8851700
2023-11-21,150.10000610351562,151.2899932861328,149.61000061035156,151.1199951171875,139.8818359375,5916300
2023-11-22,151.6300048828125,152.0399932861328,150.38999938964844,150.82000732421875,139.60415649414062,4633500
2023-11-24,150.86000061035156,152.67999267578125,150.86000061035156,152.5,141.15921020507812,3351400
2023-11-27,152.2899932861328,152.32000732421875,150.97000122070312,151.27999877929688,140.02992248535156,6449700
2023-11-28,151.39999389648438,151.80999755859375,150.83999633789062,151.6300048828125,140.35391235351562,5909000
2023-11-29,151.3300018310547,152.1999969482422,151.07000732421875,152.11000061035156,140.79820251464844,5190000
2023-11-30,152.25999450683594,155.13999938964844,151.9199981689453,154.66000366210938,143.15858459472656,12481900
2023-12-01,156.44000244140625,158.4600067138672,155.47000122070312,158.3800048828125,146.60194396972656,10342900
2023-12-04,158.0,160.02000427246094,158.0,158.8800048828125,147.0647735595703,8920300
2023-12-05,158.8000030517578,159.6300048828125,158.22000122070312,158.5500030517578,146.75930786132812,7268200
2023-12-06,158.52000427246094,158.66000366210938,156.1699981689453,156.6199951171875,144.97280883789062,6642900
2023-12-07,156.5800018310547,156.5800018310547,154.7100067138672,155.39999389648438,143.84353637695312,6532400
2023-12-08,155.4199981689453,155.85000610351562,153.83999633789062,154.4199981689453,142.93641662597656,6254700
2023-12-11,154.5,155.47999572753906,154.35000610351562,155.05999755859375,143.5288543701172,6090400
2023-12-12,155.0,155.32000732421875,153.64999389648438,155.07000732421875,143.53810119628906,5324400
2023-12-13,153.66000366210938,155.94000244140625,151.77000427246094,155.7899932861328,144.20452880859375,10764600
2023-12-14,156.47000122070312,157.16000366210938,155.0500030517578,156.8699951171875,145.20423889160156,9240700
2023-12-15,155.49000549316406,156.69000244140625,153.75999450683594,155.16000366210938,143.62139892578125,21727800
2023-12-18,155.2100067138672,156.44000244140625,154.75999450683594,155.44000244140625,143.8805694580078,7231400
2023-12-19,155.3000030517578,156.5,154.94000244140625,156.4600067138672,144.82472229003906,6651500
2023-12-20,156.5399932861328,156.66000366210938,153.11000061035156,153.27000427246094,141.8719482421875,7008300
2023-12-21,153.69000244140625,155.1300048828125,153.3000030517578,154.83999633789062,143.32521057128906,4598600
2023-12-22,155.25,156.52999877929688,155.02000427246094,155.4600067138672,143.89907836914062,3798900
2023-12-26,155.0,156.35000610351562,154.85000610351562,156.13999938964844,144.5285186767578,4170000
2023-12-27,155.5,156.52000427246094,155.4199981689453,156.35000610351562,144.72291564941406,5288100
2023-12-28,156.0,157.24000549316406,155.99000549316406,156.5800018310547,144.93580627441406,4377500
2023-12-29,156.50999450683594,156.89999389648438,155.97999572753906,156.74000549316406,145.08389282226562,4313700
2024-01-02,156.92999267578125,161.63999938964844,156.7899932861328,159.97000122070312,148.07369995117188,9622100
2024-01-03,160.63999938964844,161.44000244140625,159.8000030517578,160.97000122070312,148.99932861328125,8232000
2024-01-04,161.58999633789062,161.97999572753906,160.4199981689453,160.6300048828125,148.68463134765625,6766600
2024-01-05,160.5,161.33999633789062,159.47000122070312,161.1300048828125,149.1474609375,5602500
2024-01-08,161.10000610351562,161.66000366210938,159.61000061035156,161.52999877929688,149.51766967773438,6569800
2024-01-09,161.6300048828125,163.27999877929688,160.60000610351562,161.6300048828125,149.61024475097656,6357000
2024-01-10,161.82000732421875,162.6199951171875,161.1999969482422,161.8699951171875,149.8323974609375,4945100
2024-01-11,162.07000732421875,162.1999969482422,160.77999877929688,161.14999389648438,149.16595458984375,4946000
2024-01-12,161.83999633789062,162.47000122070312,161.69000244140625,162.38999938964844,150.31373596191406,4496900
2024-01-16,161.57000732421875,162.25,160.17999267578125,160.52000427246094,148.58279418945312,6923200
2024-01-17,160.25,161.3000030517578,159.8699951171875,160.42999267578125,148.49948120117188,5072100
2024-01-18,160.0,161.3699951171875,159.69000244140625,161.2100067138672,149.2214813232422,5368500
2024-01-19,161.14999389648438,161.9199981689453,160.27999877929688,161.67999267578125,149.656494140625,7071300
2024-01-22,162.0,163.5800018310547,161.33999633789062,162.47000122070312,150.38778686523438,6824200
2024-01-23,159.66000366210938,160.50999450683594,156.91000366210938,159.80999755859375,147.92559814453125,9149800
2024-01-24,159.75,160.60000610351562,158.16000366210938,158.9600067138672,147.13882446289062,7247900
2024-01-25,159.0,159.6199951171875,158.47000122070312,159.55999755859375,147.69418334960938,5478900
2024-01-26,160.42999267578125,160.74000549316406,159.36000061035156,159.5,147.6386260986328,5591900
2024-01-29,159.00999450683594,160.07000732421875,158.9600067138672,159.36000061035156,147.50904846191406,6483200
2024-01-30,159.35000610351562,159.75999450683594,158.1300048828125,158.77000427246094,146.9629364013672,7200500
2024-01-31,160.39999389648438,160.6199951171875,158.6699981689453,158.89999389648438,147.083251953125,8256800
2024-02-01,158.16000366210938,158.49000549316406,157.0500030517578,158.36000061035156,146.58343505859375,8012000
2024-02-02,157.97000122070312,158.30999755859375,155.94000244140625,156.61000061035156,144.96356201171875,8295900
2024-02-05,156.61000061035156,156.88999938964844,155.33999633789062,155.8000030517578,144.21377563476562,9121600
2024-02-06,155.8300018310547,158.72999572753906,155.60000610351562,158.05999755859375,146.30572509765625,9229900
2024-02-07,157.8000030517578,159.3699951171875,157.69000244140625,157.97999572753906,146.231689453125,8690300
2024-02-08,157.33999633789062,157.33999633789062,155.30999755859375,156.39999389648438,144.76919555664062,9755000
2024-02-09,156.27000427246094,157.1999969482422,155.6699981689453,156.75999450683594,145.10238647460938,6529200
2024-02-12,156.5800018310547,158.41000366210938,156.35000610351562,157.85000610351562,146.11135864257812,6701500
2024-02-13,157.63999938964844,158.4499969482422,155.75,156.47000122070312,144.83396911621094,8621000
2024-02-14,156.35000610351562,156.4600067138672,154.83999633789062,155.74000549316406,144.1582794189453,9098800
2024-02-15,155.97999572753906,158.47999572753906,155.88999938964844,157.9199981689453,146.17613220214844,7462500
2024-02-16,156.60000610351562,157.25999450683594,155.6699981689453,156.5500030517578,146.0082550048828,8541000
2024-02-20,156.55999755859375,158.61000061035156,156.44000244140625,157.86000061035156,147.2300567626953,9501700
2024-02-21,158.02000427246094,158.69000244140625,157.1300048828125,158.67999267578125,147.99484252929688,7472500
2024-02-22,158.97999572753906,160.74000549316406,157.77000427246094,160.4499969482422,149.64564514160156,8065000
2024-02-23,160.8800048828125,162.25,160.16000366210938,161.83999633789062,150.94207763671875,6726000
2024-02-26,161.8000030517578,162.00999450683594,160.57000732421875,160.7899932861328,149.9627685546875,5465400
2024-02-27,160.33999633789062,161.0399932861328,159.63999938964844,160.97999572753906,150.1399688720703,5078600
2024-02-28,161.0,161.61000061035156,160.2899932861328,161.5500030517578,150.67156982421875,6071100
2024-02-29,162.0,162.19000244140625,160.94000244140625,161.3800048828125,150.5130157470703,9849100
2024-03-01,161.8300018310547,162.57000732421875,161.08999633789062,162.1199951171875,151.20318603515625,5670100
2024-03-04,161.32000732421875,161.61000061035156,158.27000427246094,159.83999633789062,149.07672119140625,8532900
2024-03-05,160.6199951171875,161.24000549316406,159.1999969482422,159.97000122070312,149.19796752929688,8298200
2024-03-06,159.4600067138672,160.92999267578125,159.22000122070312,159.33999633789062,148.61038208007812,5773700
2024-03-07,160.0,160.36000061035156,158.24000549316406,158.8699951171875,148.1720428466797,5188700
2024-03-08,158.8699951171875,160.38999938964844,158.42999267578125,159.52000427246094,148.77828979492188,5284000
2024-03-11,159.49000549316406,161.32000732421875,158.8800048828125,161.22999572753906,150.3731231689453,4620800
2024-03-12,161.5800018310547,163.11000061035156,161.1300048828125,162.74000549316406,151.7814483642578,8018700
2024-03-13,162.52999877929688,162.67999267578125,159.80999755859375,161.10000610351562,150.2518768310547,6260000
2024-03-14,160.94000244140625,161.5399932861328,158.69000244140625,159.2100067138672,148.48915100097656,6988300
2024-03-15,158.05999755859375,159.19000244140625,157.10000610351562,158.17999267578125,147.52850341796875,13165500
2024-03-18,158.57000732421875,158.69000244140625,156.5,156.75999450683594,146.2041015625,6602300
2024-03-19,156.6699981689453,156.86000061035156,155.66000366210938,156.2100067138672,145.69117736816406,7840600
2024-03-20,155.6999969482422,156.44000244140625,155.2100067138672,155.75999450683594,145.27146911621094,5982300
2024-03-21,155.58999633789062,156.9499969482422,155.10000610351562,155.75,145.26211547851562,5915800
2024-03-22,155.69000244140625,156.36000061035156,155.11000061035156,155.22999572753906,144.77716064453125,7248600
2024-03-25,155.39999389648438,155.97999572753906,154.89999389648438,155.22000122070312,144.76780700683594,7498100
2024-03-26,155.61000061035156,156.22999572753906,154.75999450683594,155.77000427246094,145.28079223632812,6864100
2024-03-27,155.99000549316406,158.22000122070312,155.44000244140625,157.9600067138672,147.32333374023438,8461600
2024-03-28,158.1999969482422,159.13999938964844,158.11000061035156,158.19000244140625,147.53785705566406,6181500
2024-04-01,157.72000122070312,158.14999389648438,156.77000427246094,157.77999877929688,147.15545654296875,4364700
2024-04-02,156.57000732421875,157.8300018310547,155.9499969482422,157.72999572753906,147.10879516601562,6102300
2024-04-03,157.7899932861328,158.0500030517578,154.25,154.25999450683594,143.8724822998047,8098200
2024-04-04,155.30999755859375,155.5,152.41000366210938,152.5,142.23097229003906,6947400
2024-04-05,152.02999877929688,153.00999450683594,151.61000061035156,152.38999938964844,142.12838745117188,6783000
2024-04-08,151.99000549316406,153.0399932861328,151.55999755859375,151.58999633789062,141.3822784423828,5935400
2024-04-09,151.5500030517578,152.52999877929688,150.94000244140625,152.2899932861328,142.03512573242188,6135300
2024-04-10,151.52999877929688,151.82000732421875,149.75999450683594,150.1999969482422,140.0858612060547,6809500
2024-04-11,150.8000030517578,150.8699951171875,148.38999938964844,148.7899932861328,138.77081298828125,8374400
2024-04-12,148.05999755859375,149.07000732421875,147.14999389648438,147.52000427246094,137.58633422851562,7100200
2024-04-15,148.3699951171875,149.49000549316406,147.3699951171875,147.58999633789062,137.651611328125,8502300
2024-04-16,145.00999450683594,146.25,143.38999938964844,144.4499969482422,134.72305297851562,12774900
2024-04-17,145.0,145.41000366210938,143.5399932861328,144.77000427246094,135.021484375,9378100
2024-04-18,144.97999572753906,145.8000030517578,143.1300048828125,145.74000549316406,135.9261932373047,9887700
2024-04-19,146.14999389648438,148.1300048828125,144.5399932861328,147.91000366210938,137.9500732421875,9750800
2024-04-22,148.50999450683594,150.27000427246094,147.3000030517578,149.1199951171875,139.07855224609375,10118700
2024-04-23,149.86000061035156,150.49000549316406,148.1999969482422,149.55999755859375,139.48895263671875,10110400
2024-04-24,148.13999938964844,148.99000549316406,146.86000061035156,148.52999877929688,138.52830505371094,9756300
2024-04-25,149.3699951171875,149.5800018310547,146.3300018310547,146.82000732421875,136.9334716796875,7642700
2024-04-26,146.6999969482422,147.17999267578125,145.9499969482422,146.13999938964844,136.29925537109375,6183000
2024-04-29,146.13999938964844,147.22000122070312,145.99000549316406,146.82000732421875,136.9334716796875,6149600
2024-04-30,146.8800048828125,146.8800048828125,144.52999877929688,144.58999633789062,134.85360717773438,8817700
2024-05-01,148.74000549316406,151.85000610351562,147.6199951171875,151.17999267578125,140.99986267089844,14470900
2024-05-02,152.0399932861328,152.3300018310547,149.13999938964844,149.9199981689453,139.82470703125,8459800
2024-05-03,149.88999938964844,149.88999938964844,147.82000732421875,149.27000427246094,139.21847534179688,6532700
2024-05-06,149.8699951171875,150.0500030517578,147.91000366210938,148.5800018310547,138.57496643066406,5042800
2024-05-07,149.3800048828125,149.72999572753906,148.4499969482422,148.72000122070312,138.70553588867188,7333500
2024-05-08,149.1199951171875,149.72999572753906,148.6999969482422,148.9499969482422,138.92002868652344,7735100
2024-05-09,148.97999572753906,150.10000610351562,148.88999938964844,149.85000610351562,139.7594451904297,6546200
2024-05-10,150.0,150.08999633789062,149.19000244140625,149.91000366210938,139.81541442871094,5710600
2024-05-13,150.0399932861328,152.0,149.7100067138672,151.22000122070312,141.0371856689453,5628500
2024-05-14,151.85000610351562,152.2100067138672,150.6999969482422,151.3800048828125,141.18643188476562,8254200
2024-05-15,151.82000732421875,152.9499969482422,151.3000030517578,152.6699981689453,142.3895263671875,5548000
2024-05-16,153.0,154.3800048828125,152.3300018310547,154.27999877929688,143.89112854003906,7591000
2024-05-17,154.86000061035156,154.86000061035156,153.7100067138672,154.63999938964844,144.22689819335938,6521800
2024-05-20,153.10000610351562,153.38999938964844,151.25999450683594,151.27000427246094,142.2242431640625,7742300
2024-05-21,151.77999877929688,152.58999633789062,150.7899932861328,151.24000549316406,142.19607543945312,5492400
2024-05-22,150.83999633789062,154.0800018310547,150.32000732421875,153.5,144.32090759277344,6609800
2024-05-23,152.75,152.83999633789062,149.3800048828125,149.6999969482422,140.74815368652344,8000400
2024-05-24,149.52999877929688,149.80999755859375,146.75999450683594,146.97000122070312,138.181396484375,9520600
2024-05-28,146.7899932861328,146.7899932861328,144.14999389648438,144.3800048828125,135.74624633789062,10499800
2024-05-29,143.82000732421875,145.4199981689453,143.7100067138672,144.44000244140625,135.80267333984375,8263800
2024-05-30,144.6199951171875,145.61000061035156,144.02000427246094,145.27999877929688,136.59243774414062,8490300
2024-05-31,145.57000732421875,147.47999572753906,145.19000244140625,146.6699981689453,137.8993377685547,14621200
2024-06-03,147.25,148.89999389648438,146.77000427246094,147.74000549316406,138.9053497314453,7329200
2024-06-04,147.47999572753906,148.30999755859375,146.19000244140625,147.8000030517578,138.9617462158203,8876400
2024-06-05,147.97000122070312,147.99000549316406,145.85000610351562,145.97000122070312,137.24118041992188,5891300
2024-06-06,145.5,147.0,144.66000366210938,146.4199981689453,137.66424560546875,5016300
2024-06-07,146.67999267578125,148.3000030517578,146.33999633789062,147.0800018310547,138.28482055664062,5111600
2024-06-10,146.52999877929688,147.55999755859375,145.60000610351562,147.1300048828125,138.3318328857422,5749900
2024-06-11,146.80999755859375,147.16000366210938,145.44000244140625,146.75999450683594,137.98394775390625,5661200
2024-06-12,147.05999755859375,147.2100067138672,144.77999877929688,145.41000366210938,136.71466064453125,6180500
2024-06-13,145.07000732421875,146.0,143.8800048828125,145.4499969482422,136.7522735595703,6840400
2024-06-14,145.13999938964844,145.97000122070312,144.47999572753906,145.5399932861328,136.83689880371094,4075300
2024-06-17,145.02000427246094,146.42999267578125,144.74000549316406,145.9499969482422,137.2223663330078,6666600
2024-06-18,145.9600067138672,146.38999938964844,145.25999450683594,145.64999389648438,136.9403076171875,6156600
2024-06-20,145.27000427246094,148.0800018310547,145.00999450683594,147.77999877929688,138.94293212890625,8749700
2024-06-21,147.88999938964844,149.0800018310547,147.3699951171875,148.75,139.8549346923828,15172300
2024-06-24,149.0,149.72000122070312,148.1699981689453,149.1199951171875,140.20278930664062,6914700
2024-06-25,149.17999267578125,149.1999969482422,146.94000244140625,147.19000244140625,138.38821411132812,5912500
2024-06-26,146.1999969482422,147.19000244140625,145.77999877929688,146.82000732421875,138.0403594970703,5267800
2024-06-27,146.8000030517578,147.36000061035156,144.83999633789062,145.8000030517578,137.0813446044922,5739200
2024-06-28,146.0399932861328,147.07000732421875,145.64999389648438,146.16000366210938,137.41983032226562,10495700
2024-07-01,146.07000732421875,148.6999969482422,145.6199951171875,146.44000244140625,137.6830596923828,5144400
2024-07-02,146.42999267578125,147.14999389648438,145.74000549316406,146.02999877929688,137.297607421875,5492000
2024-07-03,146.1999969482422,146.64999389648438,144.74000549316406,145.69000244140625,136.97792053222656,3246200
2024-07-05,145.77000427246094,146.5500030517578,144.5,146.47999572753906,137.72067260742188,4888500
2024-07-08,146.39999389648438,147.22000122070312,145.25,145.47999572753906,136.7804718017578,5260200
2024-07-09,145.6699981689453,147.1300048828125,145.17999267578125,147.0500030517578,138.25660705566406,5890400
2024-07-10,147.25999450683594,149.47000122070312,146.67999267578125,149.42999267578125,140.49429321289062,6093200
2024-07-11,149.5800018310547,150.5800018310547,148.63999938964844,149.6999969482422,140.74815368652344,6350400
2024-07-12,150.0,150.8800048828125,149.24000549316406,149.8800048828125,140.91737365722656,5336400
2024-07-15,150.0800018310547,150.25,148.8699951171875,149.24000549316406,140.31564331054688,6711400
2024-07-16,149.69000244140625,151.0800018310547,149.16000366210938,151.00999450683594,141.97979736328125,6469600
2024-07-17,151.5500030517578,157.49000549316406,151.4199981689453,156.5800018310547,147.2167205810547,13801400
2024-07-18,155.60000610351562,157.07000732421875,154.6199951171875,155.4199981689453,146.12608337402344,10166200
2024-07-19,156.50999450683594,156.50999450683594,154.1199951171875,154.69000244140625,145.4397430419922,7398000
2024-07-22,154.77000427246094,155.11000061035156,153.58999633789062,154.24000549316406,145.0166473388672,6840600
2024-07-23,153.30999755859375,153.5,151.57000732421875,152.35000610351562,143.2396697998047,6261900
2024-07-24,152.75999450683594,156.41000366210938,152.3300018310547,156.27999877929688,146.93467712402344,7168200
2024-07-25,156.47999572753906,160.5800018310547,156.0,159.63999938964844,150.09373474121094,10019600
2024-07-26,159.75,161.5800018310547,159.47000122070312,160.63999938964844,151.033935546875,8356900
2024-07-29,159.97000122070312,160.0,158.0500030517578,158.55999755859375,149.0783233642578,5625000
2024-07-30,158.5399932861328,161.5500030517578,158.36000061035156,161.3300018310547,151.68267822265625,6545700
2024-07-31,159.85000610351562,160.35000610351562,157.74000549316406,157.85000610351562,148.41078186035156,8293200
2024-08-01,158.47999572753906,160.80999755859375,157.7100067138672,160.75999450683594,151.14674377441406,7213400
2024-08-02,161.89999389648438,164.85000610351562,161.0,164.13999938964844,154.3246307373047,11280400
2024-08-05,163.7899932861328,165.77999877929688,160.5800018310547,161.25,151.60745239257812,12032200
2024-08-06,161.0500030517578,161.47999572753906,158.94000244140625,158.97000122070312,149.46380615234375,7607100
2024-08-07,158.8699951171875,160.6199951171875,158.19000244140625,158.89999389648438,149.39801025390625,5993000
2024-08-08,158.57000732421875,160.6999969482422,158.02999877929688,160.22000122070312,150.63906860351562,5094800
2024-08-09,160.1199951171875,160.92999267578125,159.33999633789062,160.6199951171875,151.01513671875,4579200
2024-08-12,160.97000122070312,161.6999969482422,158.7100067138672,159.8800048828125,150.3193817138672,7605400
2024-08-13,160.27000427246094,160.3699951171875,156.44000244140625,158.38999938964844,148.91848754882812,9711400
2024-08-14,157.8300018310547,159.5500030517578,157.39999389648438,158.47999572753906,149.00308227539062,5141200
2024-08-15,158.3699951171875,159.5,157.83999633789062,159.08999633789062,149.57662963867188,7237800
2024-08-16,159.13999938964844,159.94000244140625,158.17999267578125,159.38999938964844,149.85870361328125,5012800
2024-08-19,159.4600067138672,160.2899932861328,159.1300048828125,159.6300048828125,150.08433532714844,4408400
2024-08-20,160.0,160.92999267578125,159.6699981689453,160.16000366210938,150.5826416015625,7275100
2024-08-21,160.39999389648438,161.47999572753906,160.30999755859375,161.42999267578125,151.7766876220703,5019400
2024-08-22,162.0,162.49000549316406,160.7899932861328,162.35000610351562,152.6416778564453,6552100
2024-08-23,162.5,164.22000122070312,161.6999969482422,164.1300048828125,154.3152313232422,7093400
2024-08-26,164.1699981689453,165.7100067138672,163.5399932861328,164.61000061035156,154.7665557861328,6870600
2024-08-27,163.5,164.0399932861328,162.16000366210938,162.9499969482422,154.36865234375,4388700
2024-08-28,163.0,165.0,162.7100067138672,163.9199981689453,155.28756713867188,5187000
2024-08-29,164.6300048828125,164.72000122070312,163.36000061035156,164.22999572753906,155.5812530517578,7390100
2024-08-30,164.1199951171875,165.97999572753906,163.80999755859375,165.86000061035156,157.12542724609375,7971000
2024-09-03,165.24000549316406,167.80999755859375,164.77000427246094,167.16000366210938,158.35696411132812,6956500
2024-09-04,167.80999755859375,168.85000610351562,166.0399932861328,167.36000061035156,158.54641723632812,6939100
2024-09-05,167.1999969482422,167.3699951171875,164.8300018310547,164.99000549316406,156.3012237548828,4600400
2024-09-06,165.17999267578125,165.94000244140625,164.1199951171875,164.3800048828125,155.72335815429688,6016900
2024-09-09,164.83999633789062,167.41000366210938,164.47000122070312,166.61000061035156,157.83590698242188,7538200
2024-09-10,167.5,168.4600067138672,166.75,167.3800048828125,158.5653839111328,6559600
2024-09-11,166.7899932861328,166.7899932861328,164.08999633789062,164.82000732421875,156.14019775390625,5920200
2024-09-12,164.1999969482422,165.10000610351562,162.7100067138672,164.63999938964844,155.9696502685547,4540900
2024-09-13,164.74000549316406,165.75,163.82000732421875,165.52000427246094,156.80331420898438,3693400
2024-09-16,166.36000061035156,167.25,165.77999877929688,166.99000549316406,158.19589233398438,5187800
2024-09-17,166.24000549316406,167.72000122070312,165.92999267578125,167.07000732421875,158.27169799804688,5066500
2024-09-18,166.6300048828125,168.35000610351562,165.74000549316406,166.14999389648438,157.40013122558594,4722800
2024-09-19,166.22999572753906,166.3699951171875,164.4199981689453,164.82000732421875,156.14019775390625,4956100
2024-09-20,164.3000030517578,164.8699951171875,163.5500030517578,164.16000366210938,155.51495361328125,11839000
2024-09-23,164.39999389648438,164.5,162.72000122070312,163.22000122070312,154.62442016601562,4671600
2024-09-24,162.7899932861328,163.49000549316406,161.5500030517578,162.77999877929688,154.2075958251953,6041600
2024-09-25,163.0,163.32000732421875,160.36000061035156,160.60000610351562,152.1424102783203,5420000
2024-09-26,160.24000549316406,161.5399932861328,160.02000427246094,161.38999938964844,152.8908233642578,6122000
2024-09-27,162.0,163.42999267578125,161.33999633789062,161.39999389648438,152.90028381347656,7553800
2024-09-30,161.57000732421875,162.17999267578125,160.67999267578125,162.05999755859375,153.52552795410156,6010000
2024-10-01,162.42999267578125,162.75,161.17999267578125,161.99000549316406,153.459228515625,4408000
2024-10-02,161.50999450683594,162.1199951171875,160.64999389648438,161.1699981689453,152.68238830566406,4684400
2024-10-03,160.77999877929688,161.44000244140625,160.22000122070312,160.5,152.0476531982422,4791200
2024-10-04,159.6300048828125,160.5,158.77999877929688,160.2899932861328,151.84873962402344,5331100
2024-10-07,160.25,160.86000061035156,159.22000122070312,159.52999877929688,151.1287384033203,4266000
2024-10-08,159.49000549316406,160.25,158.9499969482422,159.69000244140625,151.2803192138672,4766300
2024-10-09,159.9199981689453,161.22000122070312,159.50999450683594,160.64999389648438,152.1897735595703,6047200
2024-10-10,161.36000061035156,161.38999938964844,160.0,160.50999450683594,152.05715942382812,4793900
2024-10-11,162.17999267578125,162.66000366210938,161.1999969482422,161.4600067138672,152.95712280273438,5253500
2024-10-14,161.39999389648438,162.13999938964844,160.89999389648438,161.60000610351562,153.08975219726562,5964000
2024-10-15,160.0,166.75,159.0,164.10000610351562,155.4580841064453,10548000
2024-10-16,164.0,164.99000549316406,162.63999938964844,164.27999877929688,155.6286163330078,5982100
2024-10-17,164.25999450683594,165.0,163.6300048828125,164.47000122070312,155.8086395263672,4798000
2024-10-18,164.88999938964844,165.2899932861328,163.92999267578125,165.1199951171875,156.42437744140625,5908000
2024-10-21,165.10000610351562,165.25,162.30999755859375,162.8300018310547,154.25498962402344,6082700
2024-10-22,162.32000732421875,163.72999572753906,161.89999389648438,163.4499969482422,154.84231567382812,5680300
2024-10-23,162.82000732421875,166.0,162.4199981689453,165.86000061035156,157.12542724609375,7441600
2024-10-24,165.0,165.50999450683594,163.33999633789062,163.6699981689453,155.0507354736328,5386300
2024-10-25,163.67999267578125,163.9199981689453,160.61000061035156,160.8800048828125,152.40768432617188,6400400
2024-10-28,161.1300048828125,161.97000122070312,161.0,161.60000610351562,153.08975219726562,4842500
2024-10-29,161.4600067138672,162.1699981689453,160.05999755859375,160.08999633789062,151.65927124023438,5216900
2024-10-30,159.4499969482422,161.27999877929688,159.02999877929688,160.61000061035156,152.15191650390625,5820500
2024-10-31,159.99000549316406,160.8699951171875,159.4600067138672,159.86000061035156,151.44137573242188,8613900
2024-11-01,160.5800018310547,161.05999755859375,159.8800048828125,160.1300048828125,151.69717407226562,5256400
2024-11-04,159.6999969482422,160.27999877929688,158.07000732421875,158.24000549316406,149.9066925048828,4644000
2024-11-05,157.6699981689453,158.58999633789062,156.35000610351562,158.35000610351562,150.01092529296875,6547100
2024-11-06,159.89999389648438,160.85000610351562,157.35000610351562,157.8800048828125,149.56565856933594,8926600
2024-11-07,158.47000122070312,158.75,156.50999450683594,156.72999572753906,148.47621154785156,7522800
2024-11-08,157.0,157.0800018310547,155.41000366210938,155.47000122070312,147.28257751464844,8926100
2024-11-11,155.6199951171875,157.5800018310547,154.91000366210938,155.0399932861328,146.8751983642578,7146800
2024-11-12,154.52999877929688,155.0399932861328,152.3699951171875,152.63999938964844,144.60159301757812,7181400
2024-11-13,152.5,153.50999450683594,151.4199981689453,153.24000549316406,145.17001342773438,7161900
2024-11-14,153.17999267578125,153.58999633789062,150.75999450683594,151.8699951171875,143.87216186523438,7716400
2024-11-15,150.89999389648438,154.42999267578125,150.89999389648438,154.0,145.88999938964844,11328500
2024-11-18,152.58999633789062,155.3300018310547,152.3300018310547,154.77000427246094,146.6194305419922,7510600
2024-11-19,153.9499969482422,153.99000549316406,152.0500030517578,153.0,144.94264221191406,8233700
2024-11-20,153.02999877929688,153.25,151.80999755859375,153.11000061035156,145.04685974121094,9061300
2024-11-21,153.6199951171875,156.05999755859375,152.80999755859375,155.5,147.3109893798828,10141100
2024-11-22,155.89999389648438,157.1199951171875,154.11000061035156,155.1699981689453,146.99835205078125,8266000
2024-11-25,155.1699981689453,157.0399932861328,155.13999938964844,155.77999877929688,147.57626342773438,12256200
2024-11-26,155.16000366210938,155.25,153.16000366210938,154.52000427246094,147.5571746826172,5683500
2024-11-27,154.6300048828125,156.6300048828125,154.60000610351562,155.39999389648438,148.39749145507812,4140400
2024-11-29,154.88999938964844,155.6699981689453,154.1699981689453,155.00999450683594,148.02503967285156,5687800
2024-12-02,154.75,155.0,153.92999267578125,154.8000030517578,147.8245391845703,6946500
2024-12-03,154.8000030517578,154.8000030517578,152.30999755859375,152.36000061035156,145.4944610595703,8674400
2024-12-04,151.2899932861328,151.55999755859375,149.75,150.47000122070312,143.68963623046875,10333100
2024-12-05,150.0,150.3800048828125,148.9499969482422,149.52000427246094,142.78245544433594,7898100
2024-12-06,149.38999938964844,150.0500030517578,148.3800048828125,149.30999755859375,142.5819091796875,8389600
2024-12-09,149.2899932861328,150.88999938964844,148.44000244140625,149.60000610351562,142.85885620117188,8410300
2024-12-10,149.92999267578125,150.8300018310547,148.3300018310547,149.22999572753906,142.50550842285156,9398700
2024-12-11,148.5,148.5,146.3699951171875,146.63999938964844,140.03224182128906,13446700
2024-12-12,147.1999969482422,147.77000427246094,146.00999450683594,146.24000549316406,139.6502685546875,6176300
2024-12-13,145.66000366210938,146.92999267578125,145.0399932861328,146.6199951171875,140.0131378173828,8324900
2024-12-16,146.72999572753906,147.25,143.52000427246094,143.85000610351562,137.3679656982422,8732400
2024-12-17,143.83999633789062,146.66000366210938,143.7100067138672,146.41000366210938,139.81260681152344,10343000
2024-12-18,145.67999267578125,146.74000549316406,144.6699981689453,144.75,138.22738647460938,9336100
2024-12-19,144.13999938964844,145.22000122070312,143.3699951171875,143.5800018310547,137.11009216308594,9516700
2024-12-20,143.0500030517578,145.47000122070312,142.75,144.47000122070312,137.96002197265625,17702800
2024-12-23,144.6300048828125,145.3300018310547,143.4499969482422,145.27000427246094,138.72396850585938,8720800
2024-12-24,145.0,145.85000610351562,144.3300018310547,145.85000610351562,139.27784729003906,3164100
2024-12-26,145.50999450683594,146.3699951171875,145.08999633789062,145.5800018310547,139.01998901367188,4656300
2024-12-27,144.8699951171875,146.60000610351562,144.67999267578125,145.0500030517578,138.51388549804688,5588300
2024-12-30,144.83999633789062,144.8800048828125,142.9499969482422,143.33999633789062,136.88092041015625,6268700
2024-12-31,143.75999450683594,144.6699981689453,143.30999755859375,144.6199951171875,138.10324096679688,5811400
2025-01-02,145.22999572753906,145.77000427246094,143.77999877929688,144.02000427246094,137.53028869628906,6051300
2025-01-03,144.07000732421875,144.57000732421875,143.6199951171875,144.19000244140625,137.692626953125,5878800
2025-01-06,143.50999450683594,144.82000732421875,142.92999267578125,143.66000366210938,137.1865234375,7910500
2025-01-07,143.75999450683594,147.17999267578125,143.58999633789062,146.22999572753906,139.64068603515625,8422000
2025-01-08,145.49000549316406,145.58999633789062,141.44000244140625,142.27000427246094,135.8591766357422,11175600
2025-01-10,141.0,143.6699981689453,140.67999267578125,142.05999755859375,135.65863037109375,8821500
2025-01-13,142.97999572753906,145.07000732421875,142.30999755859375,144.47000122070312,137.96002197265625,10376400
2025-01-14,144.5,144.80999755859375,142.86000061035156,144.75,138.22738647460938,8681700
2025-01-15,145.30999755859375,146.0500030517578,144.25999450683594,144.97000122070312,138.4375,7434600
2025-01-16,144.32000732421875,148.07000732421875,144.05999755859375,147.77000427246094,141.11131286621094,8964000
2025-01-17,147.44000244140625,148.3800048828125,146.61000061035156,147.02999877929688,140.40467834472656,10773100
2025-01-21,147.55999755859375,148.86000061035156,147.0500030517578,148.14999389648438,141.4741973876953,11111700
2025-01-22,144.0,145.47000122070312,142.11000061035156,145.27000427246094,138.72396850585938,16834700
2025-01-23,145.44000244140625,147.91000366210938,144.80999755859375,146.63999938964844,140.03224182128906,10506400
2025-01-24,146.80999755859375,147.6300048828125,146.3800048828125,146.82000732421875,140.2041015625,9887300
2025-01-27,148.4499969482422,153.4499969482422,148.0,152.88999938964844,146.0006103515625,15152300
2025-01-28,152.66000366210938,152.97000122070312,150.3000030517578,150.3800048828125,143.60369873046875,10320600
2025-01-29,150.5,151.8800048828125,150.0,151.14999389648438,144.33901977539062,7156400
2025-01-30,151.91000366210938,154.13999938964844,151.36000061035156,152.8699951171875,145.98150634765625,8911000
2025-01-31,152.6199951171875,153.17999267578125,152.05999755859375,152.14999389648438,145.29393005371094,8457800
2025-02-03,152.0,152.47000122070312,150.77999877929688,151.8699951171875,145.02655029296875,6687500
2025-02-04,151.36000061035156,154.17999267578125,150.9499969482422,153.49000549316406,146.57357788085938,9645000
2025-02-05,153.82000732421875,154.72999572753906,153.30999755859375,154.69000244140625,147.719482421875,8947000
2025-02-06,154.7899932861328,154.83999633789062,153.3800048828125,153.50999450683594,146.59263610839844,7418100
2025-02-07,153.52999877929688,154.49000549316406,152.8000030517578,153.1199951171875,146.22023010253906,6204900
2025-02-10,153.61000061035156,154.3699951171875,152.2899932861328,154.24000549316406,147.28977966308594,6936200
2025-02-11,154.11000061035156,156.38999938964844,153.94000244140625,156.1300048828125,149.09461975097656,7554500
2025-02-12,155.27000427246094,155.66000366210938,154.27000427246094,155.25999450683594,148.2637939453125,7746000
2025-02-13,155.25999450683594,158.1300048828125,154.7899932861328,157.25,150.1641387939453,10704700
2025-02-14,157.2899932861328,157.47000122070312,156.05999755859375,156.14999389648438,149.11370849609375,6411800
2025-02-18,154.13999938964844,155.4499969482422,153.24000549316406,154.99000549316406,149.1907196044922,9670700
2025-02-19,155.0,158.3000030517578,154.75,157.88999938964844,151.98219299316406,7974700
2025-02-20,156.9499969482422,159.9499969482422,156.9499969482422,159.67999267578125,153.70521545410156,7224000
2025-02-21,159.8800048828125,163.50999450683594,159.27999877929688,162.3000030517578,156.2271728515625,12546900
2025-02-24,162.67999267578125,164.8699951171875,162.0500030517578,163.74000549316406,157.61329650878906,10201900
2025-02-25,164.10000610351562,166.42999267578125,163.94000244140625,166.08999633789062,159.87538146972656,12303700
2025-02-26,165.0800018310547,165.1300048828125,162.55999755859375,163.0800018310547,156.97801208496094,11396400
2025-02-27,162.30999755859375,163.9499969482422,161.72999572753906,163.72999572753906,157.6036376953125,8364600
2025-02-28,164.30999755859375,165.94000244140625,162.6999969482422,165.02000427246094,158.84539794921875,12037200
2025-03-03,164.9600067138672,167.3300018310547,164.83999633789062,167.27999877929688,161.02085876464844,9191500
2025-03-04,168.0800018310547,169.99000549316406,165.32000732421875,165.4199981689453,159.23046875,11999700
2025-03-05,164.50999450683594,166.4600067138672,163.52999877929688,165.1199951171875,158.94166564941406,8744800
2025-03-06,165.0,165.8699951171875,163.50999450683594,165.8300018310547,159.62510681152344,8037900
2025-03-07,165.1300048828125,168.4600067138672,164.6999969482422,166.69000244140625,160.45294189453125,9637600
2025-03-10,167.47999572753906,169.89999389648438,167.0500030517578,167.6999969482422,161.4251251220703,17559000
2025-03-11,167.1999969482422,167.3000030517578,165.0500030517578,165.86000061035156,159.6539764404297,9890300
2025-03-12,163.72999572753906,164.2100067138672,162.22999572753906,162.85000610351562,156.756591796875,8010700
2025-03-13,163.42999267578125,164.5399932861328,162.66000366210938,162.99000549316406,156.89137268066406,5286700
2025-03-14,162.1199951171875,163.14999389648438,161.10000610351562,162.80999755859375,156.7180938720703,6235800
2025-03-17,162.41000366210938,163.5,161.72999572753906,162.83999633789062,156.74696350097656,6669800
2025-03-18,163.44000244140625,164.86000061035156,162.97000122070312,164.25,158.10421752929688,7348800
2025-03-19,163.97000122070312,164.36000061035156,162.2100067138672,162.99000549316406,156.89137268066406,5936400
2025-03-20,163.0,163.1999969482422,161.92999267578125,163.02000427246094,156.92022705078125,7485900
2025-03-21,163.0,164.1300048828125,162.47999572753906,163.6300048828125,157.50743103027344,17047100
2025-03-24,162.83999633789062,164.38999938964844,162.5,163.2899932861328,157.18011474609375,8046400
2025-03-25,163.52000427246094,164.19000244140625,160.55999755859375,161.02000427246094,154.99508666992188,7456200
2025-03-26,161.2100067138672,162.49000549316406,160.63999938964844,161.72000122070312,155.6688995361328,7223500
2025-03-27,162.35000610351562,164.07000732421875,161.32000732421875,163.1300048828125,157.02613830566406,6752500
2025-03-28,163.58999633789062,164.52000427246094,162.91000366210938,163.7100067138672,157.5844268798828,5760300
2025-03-31,164.3699951171875,166.6300048828125,164.22999572753906,165.83999633789062,159.6347198486328,12481400
2025-04-01,160.72999572753906,161.80999755859375,153.1300048828125,153.25,147.51580810546875,23303100
2025-04-02,154.00999450683594,155.7899932861328,153.4499969482422,155.36000061035156,149.54685974121094,10356900
2025-04-03,158.75,160.64999389648438,157.47999572753906,159.82000732421875,153.83999633789062,13249300
2025-04-04,159.16000366210938,159.82000732421875,152.92999267578125,153.24000549316406,147.50619506835938,16601700
2025-04-07,151.27999877929688,152.7100067138672,147.39999389648438,150.6199951171875,144.98419189453125,18083000
2025-04-08,153.58999633789062,153.58999633789062,148.0,150.0,144.38742065429688,12018400
2025-04-09,142.1999969482422,153.19000244140625,141.5,150.97000122070312,145.32110595703125,18773700
2025-04-10,150.3699951171875,151.1999969482422,145.1300048828125,148.69000244140625,143.1264190673828,13830500
2025-04-11,149.3300018310547,152.35000610351562,148.19000244140625,151.72999572753906,146.0526885986328,9943900
2025-04-14,151.58999633789062,154.6699981689453,151.1699981689453,154.36000061035156,148.58428955078125,10685300
2025-04-15,155.6999969482422,156.3000030517578,152.10000610351562,153.6199951171875,147.87197875976562,10847700
2025-04-16,155.3699951171875,155.6300048828125,152.24000549316406,153.91000366210938,148.15110778808594,7986900
2025-04-17,154.16000366210938,159.44000244140625,154.16000366210938,157.47000122070312,151.57789611816406,10981100
2025-04-21,157.9600067138672,158.22999572753906,155.49000549316406,156.9199981689453,151.04847717285156,6285400
2025-04-22,157.5500030517578,158.72000122070312,156.25999450683594,157.75,151.84742736816406,7136300
2025-04-23,156.49000549316406,157.10000610351562,154.3300018310547,155.3800048828125,149.5661163330078,9099400
2025-04-24,155.8000030517578,155.89999389648438,153.44000244140625,154.92999267578125,149.1329345703125,8310400
2025-04-25,154.32000732421875,154.89999389648438,152.4499969482422,154.5800018310547,148.79603576660156,8643600
2025-04-28,155.5,155.80999755859375,153.82000732421875,155.35000610351562,149.5372314453125,5815200
2025-04-29,155.4499969482422,157.02000427246094,154.2899932861328,155.91000366210938,150.07627868652344,5246700
2025-04-30,158.1999969482422,158.1999969482422,155.02000427246094,156.30999755859375,150.46128845214844,9598200
2025-05-01,155.0,155.08999633789062,153.36000061035156,154.4600067138672,148.68052673339844,7325800
2025-05-02,156.07000732421875,156.72000122070312,155.0399932861328,156.1199951171875,150.27842712402344,5974500
2025-05-05,156.6699981689453,156.7899932861328,154.72999572753906,155.0,149.20033264160156,5464100
2025-05-06,154.82000732421875,155.89999389648438,153.69000244140625,154.47000122070312,148.69017028808594,8644200
2025-05-07,154.74000549316406,157.94000244140625,154.5,157.3000030517578,151.41427612304688,7853100
2025-05-08,155.82000732421875,157.02999877929688,154.77999877929688,155.66000366210938,149.83563232421875,7606100
2025-05-09,155.4199981689453,156.05999755859375,153.80999755859375,154.22000122070312,148.44952392578125,6520400
2025-05-12,152.02000427246094,155.36000061035156,151.17999267578125,154.13999938964844,148.37249755859375,9023800
2025-05-13,151.6999969482422,151.6999969482422,148.0800018310547,148.44000244140625,142.88580322265625,10549600
2025-05-14,148.6699981689453,148.82000732421875,146.1199951171875,146.36000061035156,140.88363647460938,10216000
2025-05-15,148.0,149.64999389648438,147.3300018310547,149.61000061035156,144.0120086669922,7945800
2025-05-16,149.6699981689453,151.5,149.22000122070312,151.3300018310547,145.6676483154297,8051200
2025-05-19,151.88999938964844,152.66000366210938,151.0500030517578,152.49000549316406,146.7842559814453,12639900
2025-05-20,152.3300018310547,154.0399932861328,152.1199951171875,153.66000366210938,147.9104766845703,7351500
2025-05-21,153.19000244140625,154.42999267578125,153.0,153.17999267578125,147.44842529296875,7032200
2025-05-22,152.64999389648438,153.32000732421875,151.3699951171875,152.61000061035156,146.89974975585938,7535300
2025-05-23,153.0,153.47999572753906,152.2100067138672,152.94000244140625,147.21742248535156,6727300
2025-05-27,152.52000427246094,154.0399932861328,151.92999267578125,153.25,148.7804412841797,6990700
2025-05-28,153.27999877929688,153.63999938964844,151.92999267578125,152.42999267578125,147.98435974121094,8459300
2025-05-29,151.75,154.0399932861328,151.55999755859375,153.5800018310547,149.100830078125,6810600
2025-05-30,153.89999389648438,155.7100067138672,153.22000122070312,155.2100067138672,150.6832733154297,15529700
2025-06-02,154.47999572753906,155.5399932861328,152.3000030517578,155.39999389648438,150.86773681640625,6669300
2025-06-03,154.8000030517578,155.66000366210938,154.0800018310547,154.4199981689453,149.91632080078125,8209800
2025-06-04,154.92999267578125,154.92999267578125,153.1300048828125,153.22000122070312,148.75132751464844,6983900
2025-06-05,153.67999267578125,154.08999633789062,152.63999938964844,153.66000366210938,149.17849731445312,5295400
2025-06-06,154.0,156.02999877929688,154.0,155.02999877929688,150.508544921875,5391500
2025-06-09,154.85000610351562,155.99000549316406,154.4499969482422,155.22999572753906,150.70269775390625,5319000
2025-06-10,155.42999267578125,157.44000244140625,155.02000427246094,156.4499969482422,151.88711547851562,6791600
2025-06-11,156.3000030517578,156.60000610351562,154.72999572753906,155.25999450683594,150.73184204101562,6016000
2025-06-12,156.24000549316406,156.67999267578125,155.1699981689453,156.66000366210938,152.0909881591797,7075500
2025-06-13,155.97000122070312,157.6699981689453,155.97000122070312,157.10000610351562,152.51817321777344,6587500
2025-06-16,156.4199981689453,156.5,154.4499969482422,155.22000122070312,150.6929931640625,7024000
2025-06-17,154.97000122070312,155.27999877929688,152.10000610351562,152.3800048828125,147.93582153320312,6407100
2025-06-18,152.57000732421875,152.64999389648438,150.7100067138672,150.72999572753906,146.33395385742188,8325200
2025-06-20,151.25999450683594,151.39999389648438,149.0399932861328,149.7899932861328,145.4213409423828,22605500
2025-06-23,149.74000549316406,151.42999267578125,149.74000549316406,151.32000732421875,146.90675354003906,7397900
2025-06-24,151.5,152.72000122070312,150.97999572753906,152.19000244140625,147.75135803222656,9544200
2025-06-25,151.3800048828125,153.07000732421875,150.72999572753906,152.27999877929688,147.83876037597656,7153700
2025-06-26,152.6999969482422,153.22000122070312,151.52999877929688,152.00999450683594,147.57659912109375,7156900
2025-06-27,152.00999450683594,153.3300018310547,151.00999450683594,152.41000366210938,147.96495056152344,10010800
2025-06-30,152.16000366210938,152.97000122070312,151.52000427246094,152.75,148.29502868652344,9039300
2025-07-01,153.0,157.75,152.80999755859375,155.9199981689453,151.37255859375,10896700
2025-07-02,156.0,156.3000030517578,155.07000732421875,155.55999755859375,151.02305603027344,5544000
2025-07-03,155.42999267578125,156.27999877929688,154.8800048828125,156.00999450683594,151.4599609375,3482500
2025-07-07,156.02000427246094,156.35000610351562,154.88999938964844,155.27000427246094,150.7415313720703,6270900
2025-07-08,154.47999572753906,156.75999450683594,154.2100067138672,155.7899932861328,151.24635314941406,6438200
2025-07-09,155.7899932861328,156.69000244140625,155.07000732421875,156.27999877929688,151.7220916748047,6147400
2025-07-10,156.10000610351562,159.24000549316406,155.82000732421875,157.69000244140625,153.09095764160156,6732900
2025-07-11,157.08999633789062,157.17999267578125,155.17999267578125,156.89999389648438,152.32398986816406,7872000
2025-07-14,156.8699951171875,157.47000122070312,155.52000427246094,156.82000732421875,152.246337890625,10185600
2025-07-15,156.36000061035156,157.19000244140625,154.8000030517578,155.1699981689453,150.6444549560547,6873200
2025-07-16,160.3000030517578,166.1199951171875,159.8000030517578,164.77999877929688,159.97415161132812,22134800
2025-07-17,163.17999267578125,164.6999969482422,162.3000030517578,162.97999572753906,158.22666931152344,11295700
2025-07-18,163.92999267578125,165.10000610351562,163.36000061035156,163.6999969482422,158.92567443847656,9792600
2025-07-21,163.77000427246094,164.9199981689453,162.77999877929688,164.36000061035156,159.56643676757812,8254000
2025-07-22,165.0,168.05999755859375,164.7100067138672,167.92999267578125,163.0323028564453,9288000
2025-07-23,168.60000610351562,169.1199951171875,166.58999633789062,169.10000610351562,164.16819763183594,10617600
2025-07-24,169.5,169.99000549316406,168.8800048828125,169.55999755859375,164.61474609375,6636900
2025-07-25,169.75,169.8800048828125,167.44000244140625,168.3000030517578,163.3915252685547,6254900
2025-07-28,167.86000061035156,167.94000244140625,165.0500030517578,166.22000122070312,161.37217712402344,8014600
2025-07-29,166.6699981689453,168.77999877929688,166.3699951171875,168.11000061035156,163.20704650878906,7663400
2025-07-30,167.6999969482422,168.61000061035156,166.77999877929688,167.25999450683594,162.3818359375,6189200
2025-07-31,165.92999267578125,167.07000732421875,164.22999572753906,164.74000549316406,159.9353485107422,11036200
2025-08-01,165.47999572753906,167.6199951171875,164.7899932861328,167.3300018310547,162.44979858398438,8927800
2025-08-04,167.02999877929688,171.19000244140625,166.63999938964844,171.0399932861328,166.0515899658203,12679100
2025-08-05,170.5399932861328,171.55999755859375,169.64999389648438,170.74000549316406,165.76036071777344,7934400
2025-08-06,169.91000366210938,172.17999267578125,169.67999267578125,170.58999633789062,165.61471557617188,8957200
2025-08-07,171.1699981689453,171.6199951171875,169.9199981689453,171.52999877929688,166.5272979736328,9315900
2025-08-08,171.02000427246094,173.9600067138672,170.38999938964844,173.3300018310547,168.27481079101562,7686800
2025-08-11,173.39999389648438,174.60000610351562,173.0500030517578,173.82000732421875,168.75054931640625,7256800
2025-08-12,174.0,174.75999450683594,171.80999755859375,172.77999877929688,167.74085998535156,7916700
2025-08-13,173.0,174.5399932861328,172.6999969482422,174.4199981689453,169.3330078125,5878700
2025-08-14,174.30999755859375,175.72000122070312,172.72000122070312,174.72000122070312,169.62425231933594,8241700
2025-08-15,175.57000732421875,177.27000427246094,174.9600067138672,176.63999938964844,171.48828125,9477600
2025-08-18,176.5,177.57000732421875,176.10000610351562,176.25,171.10963439941406,9284000
2025-08-19,176.0399932861328,178.17999267578125,175.97999572753906,177.8000030517578,172.6144561767578,9274200
2025-08-20,178.5,180.61000061035156,178.0,178.83999633789062,173.6240997314453,9030000
2025-08-21,178.5500030517578,180.0800018310547,178.16000366210938,178.92999267578125,173.71148681640625,8859600
2025-08-22,180.0399932861328,181.16000366210938,177.47000122070312,179.2899932861328,174.0609893798828,9524000
2025-08-25,179.52000427246094,180.25999450683594,178.2899932861328,178.41000366210938,173.20664978027344,6229100
2025-08-26,176.75,177.16000366210938,175.77000427246094,176.49000549316406,172.60032653808594,9145000
2025-08-27,176.97000122070312,177.69000244140625,176.16000366210938,176.7899932861328,172.89369201660156,5951100
2025-08-28,176.3699951171875,176.49000549316406,174.6300048828125,175.4499969482422,171.583251953125,6424700
2025-08-29,175.97000122070312,177.41000366210938,175.4499969482422,177.1699981689453,173.26531982421875,6942300
2025-09-02,177.47000122070312,179.1999969482422,176.88999938964844,178.05999755859375,174.13571166992188,9049000
2025-09-03,177.6699981689453,178.2899932861328,176.52999877929688,178.0,174.07704162597656,7111700
2025-09-04,178.0,178.89999389648438,177.5500030517578,178.75999450683594,174.82029724121094,7854800
2025-09-05,178.0,179.50999450683594,176.55999755859375,178.42999267578125,174.49754333496094,9733800
2025-09-08,177.36000061035156,179.4499969482422,176.6999969482422,178.1300048828125,174.2041778564453,8382500
2025-09-09,178.0,178.08999633789062,176.4499969482422,176.9600067138672,173.0599822998047,6005700
2025-09-10,176.3000030517578,176.61000061035156,174.3300018310547,175.7899932861328,171.91575622558594,6891600
2025-09-11,175.75,178.85000610351562,175.6300048828125,178.5,174.56600952148438,5792500
2025-09-12,177.7100067138672,178.8000030517578,176.72000122070312,178.05999755859375,174.13571166992188,7220200
2025-09-15,177.75999450683594,178.99000549316406,176.92999267578125,177.39999389648438,173.49026489257812,4768100
2025-09-16,177.57000732421875,177.6199951171875,175.64999389648438,176.4600067138672,172.5709991455078,7959300
2025-09-17,176.7100067138672,178.50999450683594,176.58999633789062,177.1999969482422,173.294677734375,6714900
2025-09-18,176.60000610351562,177.02000427246094,173.8699951171875,174.16000366210938,170.32168579101562,8200900
2025-09-19,174.69000244140625,177.16000366210938,173.3300018310547,176.19000244140625,172.30694580078125,25621000
2025-09-22,176.08999633789062,176.63999938964844,174.1199951171875,174.2100067138672,170.37057495117188,7193900
2025-09-23,174.88999938964844,176.97000122070312,174.8300018310547,176.5800018310547,172.68833923339844,8350400
2025-09-24,176.13999938964844,176.9499969482422,175.74000549316406,176.69000244140625,172.79592895507812,6676800
2025-09-25,177.1999969482422,178.39999389648438,175.91000366210938,177.72999572753906,173.81298828125,8475000
2025-09-26,178.60000610351562,179.91000366210938,177.32000732421875,179.7100067138672,175.74935913085938,8634400
2025-09-29,179.8300018310547,181.8699951171875,179.8000030517578,181.6199951171875,177.6172637939453,8597100
2025-09-30,181.6999969482422,185.99000549316406,181.07000732421875,185.4199981689453,181.33351135253906,11569000
2025-10-01,186.0,186.55999755859375,183.91000366210938,186.0500030517578,181.9496307373047,13063800
2025-10-02,184.19000244140625,186.58999633789062,184.08999633789062,185.97999572753906,181.8811798095703,7728100
2025-10-03,187.05999755859375,189.77999877929688,186.91000366210938,188.63999938964844,184.4825439453125,8675100
2025-10-06,188.0,189.9199981689453,187.3699951171875,188.16000366210938,184.01312255859375,5806100
2025-10-07,183.77000427246094,189.22999572753906,182.94000244140625,188.88999938964844,184.72703552246094,8776800
2025-10-08,188.8699951171875,190.22000122070312,188.27000427246094,189.69000244140625,185.50941467285156,5751200
2025-10-09,190.0,192.10000610351562,189.72999572753906,191.0800018310547,186.8687744140625,7484800
2025-10-10,192.00999450683594,192.07000732421875,189.85000610351562,190.72000122070312,186.51670837402344,9598000
2025-10-13,189.8300018310547,191.3000030517578,189.27999877929688,190.89999389648438,186.69271850585938,7979500
2025-10-14,192.9199981689453,194.39999389648438,185.8800048828125,190.85000610351562,186.6438446044922,13613300
2025-10-15,191.47999572753906,193.57000732421875,189.3000030517578,191.1699981689453,186.956787109375,9473000
2025-10-16,191.33999633789062,193.0500030517578,190.42999267578125,192.1199951171875,187.88584899902344,10611800
2025-10-17,192.5,193.60000610351562,191.67999267578125,193.22000122070312,188.96160888671875,7764400
2025-10-20,193.5,194.47999572753906,192.3300018310547,193.72000122070312,189.45059204101562,8034700
2025-10-21,193.00999450683594,193.5500030517578,191.77000427246094,191.8800048828125,187.65115356445312,6716000
2025-10-22,192.0,193.4499969482422,191.77999877929688,192.94000244140625,188.68780517578125,6343100
2025-10-23,192.55999755859375,194.0,191.5399932861328,192.47000122070312,188.22813415527344,8882500
2025-10-24,192.1999969482422,192.30999755859375,189.4199981689453,190.39999389648438,186.2037353515625,6903400
2025-10-27,189.99000549316406,190.8000030517578,189.52999877929688,190.3000030517578,186.10595703125,7126000
2025-10-28,189.25999450683594,189.50999450683594,186.6199951171875,186.92999267578125,182.8102264404297,8329500
2025-10-29,186.6999969482422,187.10000610351562,184.66000366210938,186.60000610351562,182.48751831054688,10551100
2025-10-30,187.0800018310547,189.3800048828125,186.91000366210938,189.0500030517578,184.8834991455078,7072500
2025-10-31,187.4600067138672,189.5,186.75999450683594,188.8699951171875,184.7074737548828,8791700
2025-11-03,189.0,189.02999877929688,185.52000427246094,186.25999450683594,182.15499877929688,7542600
2025-11-04,186.8300018310547,187.82000732421875,185.6199951171875,186.86000061035156,182.7417755126953,7209400
2025-11-05,186.63999938964844,187.8300018310547,185.39999389648438,186.0,181.90072631835938,5049400
2025-11-06,186.75999450683594,187.52000427246094,185.3699951171875,186.97000122070312,182.84934997558594,6767400
2025-11-07,187.74000549316406,188.35000610351562,185.6999969482422,186.57000732421875,182.4581756591797,6959200
2025-11-10,186.0,188.4199981689453,185.1199951171875,188.41000366210938,184.25762939453125,5323800
2025-11-11,189.38999938964844,193.9199981689453,189.0500030517578,193.8300018310547,189.55816650390625,7465600
2025-11-12,193.36000061035156,195.5500030517578,193.07000732421875,194.38999938964844,190.10580444335938,8803000
2025-11-13,194.2100067138672,196.0,193.4499969482422,195.25,190.94686889648438,8631600
2025-11-14,195.0,197.17999267578125,193.5500030517578,195.92999267578125,191.61187744140625,8824800
2025-11-17,196.9600067138672,200.27999877929688,195.89999389648438,199.5800018310547,195.1814422607422,13257000
2025-11-18,199.00999450683594,200.3000030517578,198.52999877929688,200.0,195.59217834472656,12468600
2025-11-19,200.0,203.47999572753906,199.3800048828125,202.50999450683594,198.04685974121094,14690800
2025-11-20,202.0,204.50999450683594,201.57000732421875,203.07000732421875,198.59451293945312,10612600
2025-11-21,203.9600067138672,206.94000244140625,202.99000549316406,203.89999389648438,199.40621948242188,13189100
2025-11-24,203.7100067138672,206.1199951171875,203.0,206.0500030517578,201.5088348388672,14803900
2025-11-25,205.17999267578125,207.72000122070312,205.17999267578125,206.6699981689453,203.39846801757812,10275300
2025-11-26,206.49000549316406,207.80999755859375,205.94000244140625,207.55999755859375,204.2743682861328,6729000
2025-11-28,207.0,207.4600067138672,204.6300048828125,206.9199981689453,203.64450073242188,5638300
2025-12-01,206.5,207.6999969482422,205.33999633789062,205.33999633789062,202.08950805664062,8473700
2025-12-02,205.24000549316406,205.61000061035156,203.10000610351562,205.4199981689453,202.16824340820312,8393600
2025-12-03,205.89999389648438,207.02000427246094,204.99000549316406,205.3300018310547,202.0796661376953,8363300
2025-12-04,204.58999633789062,204.86000061035156,201.7100067138672,202.47999572753906,199.27479553222656,9049900
2025-12-05,202.97999572753906,203.4499969482422,200.80999755859375,201.92999267578125,198.73348999023438,7785300
2025-12-08,202.66000366210938,203.25999450683594,200.99000549316406,201.6199951171875,198.4283905029297,7785700
2025-12-09,202.9199981689453,205.5399932861328,199.91000366210938,199.9600067138672,196.794677734375,7509400
2025-12-10,200.58999633789062,206.8000030517578,200.17999267578125,206.5399932861328,203.2705078125,11599800
2025-12-11,207.89999389648438,211.24000549316406,207.8300018310547,210.00999450683594,206.68557739257812,9009000
2025-12-12,210.27999877929688,212.27000427246094,208.9600067138672,211.5800018310547,208.23074340820312,6922700
2025-12-15,210.35000610351562,215.19000244140625,209.00999450683594,214.1699981689453,210.77972412109375,8467000
2025-12-16,214.0,214.72999572753906,208.80999755859375,209.3000030517578,205.98681640625,9949800
2025-12-17,209.38999938964844,211.52000427246094,208.4600067138672,210.3300018310547,207.00050354003906,8457600
2025-12-18,209.8000030517578,211.05999755859375,207.75999450683594,208.30999755859375,205.01248168945312,7499900
2025-12-19,207.55999755859375,209.24000549316406,206.02999877929688,206.3699951171875,203.10321044921875,24803900
2025-12-22,206.1300048828125,208.0800018310547,205.5,207.32000732421875,204.0381622314453,8187800
2025-12-23,205.02000427246094,206.52999877929688,203.27999877929688,205.77999877929688,202.52255249023438,7047300
2025-12-24,206.0,207.94000244140625,205.57000732421875,207.77999877929688,204.4908905029297,2376500
2025-12-26,207.52999877929688,208.0399932861328,206.7100067138672,207.6300048828125,204.34326171875,2316700
2025-12-29,208.0,209.47000122070312,207.3800048828125,207.55999755859375,204.2743682861328,4348900
2025-12-30,207.50999450683594,207.69000244140625,206.52000427246094,206.91000366210938,203.6346435546875,3937400
2025-12-31,206.91000366210938,207.5,206.3699951171875,206.9499969482422,203.6740264892578,4083800
2026-01-02,206.82000732421875,207.38999938964844,203.67999267578125,207.35000610351562,204.06768798828125,6325500
2026-01-05,205.8699951171875,205.94000244140625,200.91000366210938,204.30999755859375,201.0758056640625,9477000
2026-01-06,204.60000610351562,206.7100067138672,204.1199951171875,204.7899932861328,201.5482177734375,8107900
2026-01-07,205.25999450683594,208.25999450683594,205.02999877929688,207.49000549316406,204.20547485351562,7545900
2026-01-08,206.92999267578125,208.97999572753906,204.97000122070312,205.75,202.49301147460938,6557800
2026-01-09,205.91000366210938,206.6999969482422,204.00999450683594,204.38999938964844,201.15455627441406,6154300
2026-01-12,205.5500030517578,209.89999389648438,203.85000610351562,209.72000122070312,206.4001922607422,11794300
2026-01-13,209.91000366210938,214.38999938964844,208.86000061035156,213.64999389648438,210.26795959472656,11379600
2026-01-14,214.72999572753906,218.86000061035156,214.14999389648438,218.5500030517578,215.09039306640625,11858800
2026-01-15,218.22999572753906,219.75,215.91000366210938,219.57000732421875,216.09425354003906,8492100
2026-01-16,219.0399932861328,220.11000061035156,218.13999938964844,218.66000366210938,215.1986541748047,10021500
2026-01-20,217.08999633789062,218.72999572753906,214.5,218.2100067138672,214.7557830810547,14057100
2026-01-21,211.0,218.67999267578125,210.5,218.00999450683594,214.55894470214844,14762900
2026-01-22,218.77000427246094,222.1699981689453,218.10000610351562,218.49000549316406,215.03135681152344,13160000
2026-01-23,219.8000030517578,221.2100067138672,217.83999633789062,220.13999938964844,216.6552276611328,6950600
2026-01-26,220.2100067138672,222.02999877929688,220.0,221.49000549316406,217.98385620117188,6856700
2026-01-27,222.0,225.5,220.6999969482422,224.44000244140625,220.8871612548828,8154100
2026-01-28,226.39999389648438,228.57000732421875,226.0800018310547,227.72000122070312,224.11524963378906,9026500
2026-01-29,228.80999755859375,230.0,227.0800018310547,227.2899932861328,223.69203186035156,9645300
2026-01-30,228.25999450683594,228.5,225.3300018310547,227.25,223.6526641845703,11045500
2026-02-02,228.32000732421875,231.19000244140625,227.25,230.75,227.0972900390625,8187500
2026-02-03,231.5,235.1999969482422,230.47999572753906,233.10000610351562,229.4100799560547,9346600
2026-02-04,235.0,235.8300018310547,232.94000244140625,234.47000122070312,230.7583770751953,8641400
2026-02-05,235.0,239.5800018310547,234.99000549316406,237.7899932861328,234.02581787109375,10267500
2026-02-06,238.9600067138672,240.94000244140625,237.97999572753906,239.99000549316406,236.19100952148438,8274000
2026-02-09,240.25,240.74000549316406,237.0399932861328,238.63999938964844,234.86236572265625,9378500
2026-02-10,239.97999572753906,240.5,237.8800048828125,238.35000610351562,234.5769805908203,6723300
2026-02-11,239.33999633789062,241.25999450683594,237.39999389648438,240.86000061035156,237.0472412109375,6803900
2026-02-12,240.47999572753906,246.35000610351562,239.67999267578125,244.5500030517578,240.67881774902344,10254300
2026-02-13,244.58999633789062,244.9499969482422,242.61000061035156,243.4499969482422,239.5962371826172,13268500
2026-02-17,244.1300048828125,244.49000549316406,241.8699951171875,243.3300018310547,239.47813415527344,12703000
2026-02-18,243.24000549316406,245.07000732421875,242.82000732421875,244.99000549316406,241.1118621826172,8129700
2026-02-19,244.6199951171875,246.9600067138672,244.27000427246094,246.91000366210938,243.00146484375,7553900
2026-02-20,246.47000122070312,246.8800048828125,240.27999877929688,242.49000549316406,238.65142822265625,13565800
2026-02-23,243.6300048828125,246.80999755859375,242.60000610351562,245.83999633789062,241.9484100341797,9622700
2026-02-24,245.35000610351562,247.25,244.5399932861328,246.27999877929688,243.6699676513672,7246300
2026-02-25,244.86000061035156,247.25,243.72000122070312,245.1699981689453,242.5717315673828,7698200
2026-02-26,245.11000061035156,245.47000122070312,242.02000427246094,243.47000122070312,240.88975524902344,7172600
2026-02-27,244.02999877929688,248.94000244140625,242.5,248.42999267578125,245.79718017578125,16428600
2026-03-02,249.19000244140625,251.7100067138672,246.8699951171875,248.55999755859375,245.92579650878906,9042400
2026-03-03,246.4600067138672,247.8800048828125,244.36000061035156,246.75,244.13497924804688,6178700
2026-03-04,245.75,246.57000732421875,243.17999267578125,245.3000030517578,242.7003631591797,5768000
2026-03-05,242.6300048828125,243.0,235.92999267578125,239.6300048828125,237.0904541015625,9375400
2026-03-06,238.1199951171875,240.7899932861328,235.42999267578125,240.39999389648438,237.85227966308594,7179800
2026-03-09,240.8699951171875,244.08999633789062,240.0399932861328,242.58999633789062,240.01905822753906,7844000
2026-03-10,242.3000030517578,245.0,240.82000732421875,243.7100067138672,241.12721252441406,7214100
2026-03-11,242.8699951171875,243.69000244140625,241.36000061035156,242.99000549316406,240.41482543945312,6933200
2026-03-12,241.4600067138672,244.39999389648438,240.3000030517578,242.0399932861328,239.47488403320312,7710200
2026-03-13,244.2100067138672,245.58999633789062,241.5,241.52000427246094,238.9604034423828,6415300
2026-03-16,243.9199981689453,245.05999755859375,241.6699981689453,243.19000244140625,240.61270141601562,7571500
2026-03-17,243.5800018310547,244.13999938964844,237.22000122070312,238.11000061035156,235.5865478515625,7281800
2026-03-18,237.8699951171875,239.11000061035156,235.4199981689453,237.27999877929688,234.7653350830078,6811500
2026-03-19,238.33999633789062,239.25999450683594,236.30999755859375,237.60000610351562,235.0819549560547,7511500
2026-03-20,236.8300018310547,238.2899932861328,234.5,235.3699951171875,232.87557983398438,17156600
2026-03-23,237.39999389648438,238.30999755859375,234.25,235.4199981689453,232.925048828125,7313700
2026-03-24,234.13999938964844,236.0,232.24000549316406,235.27000427246094,232.77664184570312,9046200
2026-03-25,236.8000030517578,241.4600067138672,235.72999572753906,239.92999267578125,237.3872528076172,6456400
2026-03-26,240.0,241.64999389648438,238.92999267578125,239.24000549316406,236.70458984375,5171400
2026-03-27,241.19000244140625,242.67999267578125,239.1300048828125,240.4499969482422,237.90174865722656,7617600
2026-03-30,243.49000549316406,244.2100067138672,240.50999450683594,242.49000549316406,239.92013549804688,7241300
2026-03-31,243.00999450683594,245.3300018310547,242.64999389648438,244.44000244140625,241.84947204589844,7554200
2026-04-01,245.60000610351562,247.1999969482422,243.74000549316406,244.1199951171875,241.53285217285156,6314600
2026-04-02,245.11000061035156,247.2100067138672,241.8699951171875,243.0399932861328,240.46429443359375,6878700
2026-04-06,242.64999389648438,243.52000427246094,240.5,240.97000122070312,238.41622924804688,4442400
2026-04-07,240.77999877929688,240.77999877929688,236.00999450683594,238.41000366210938,235.8833770751953,6241100
2026-04-08,236.63999938964844,241.3300018310547,233.89999389648438,241.3000030517578,238.7427520751953,8771100
2026-04-09,241.3000030517578,244.1999969482422,240.5399932861328,241.30999755859375,238.7526397705078,6216500
2026-04-10,242.0,242.25999450683594,237.91000366210938,238.4600067138672,235.93284606933594,7354500
2026-04-13,237.7100067138672,238.38999938964844,235.17999267578125,237.9600067138672,235.43814086914062,7663600
2026-04-14,235.00999450683594,242.19000244140625,233.25,240.10000610351562,237.5554656982422,10318700
2026-04-15,239.94000244140625,240.4199981689453,236.75,238.6699981689453,236.14060974121094,6463500
2026-04-16,237.4199981689453,238.13999938964844,232.1199951171875,234.5399932861328,232.05438232421875,8668900
2026-04-17,234.36000061035156,235.5399932861328,232.0399932861328,234.17999267578125,231.6981964111328,8946300
2026-04-20,234.80999755859375,235.25999450683594,229.52999877929688,230.69000244140625,228.2451934814453,7810500
2026-04-21,229.35000610351562,229.69000244140625,224.6999969482422,226.16000366210938,223.76318359375,11681200
2026-04-22,226.17999267578125,227.47999572753906,223.77999877929688,226.10000610351562,223.70384216308594,9003400
2026-04-23,227.25,231.38999938964844,227.02999877929688,230.64999389648438,228.2056121826172,7097600
2026-04-24,229.02999877929688,229.99000549316406,227.02000427246094,227.5,225.0889892578125,6067500
2026-04-27,225.77000427246094,227.91000366210938,224.35000610351562,225.33999633789062,222.95188903808594,7897800
2026-04-28,227.72999572753906,231.02999877929688,226.3699951171875,227.7899932861328,225.37591552734375,7179800
2026-04-29,225.52000427246094,228.7100067138672,224.86000061035156,227.35000610351562,224.94058227539062,7071100
2026-04-30,227.9499969482422,231.16000366210938,227.80999755859375,229.85000610351562,227.41409301757812,8157200
2026-05-01,229.05999755859375,229.77000427246094,227.02000427246094,227.19000244140625,224.7822723388672,6863600
2026-05-04,225.50999450683594,227.07000732421875,223.5800018310547,224.1999969482422,221.82395935058594,8215200
2026-05-05,225.38999938964844,226.52999877929688,224.89999389648438,225.5500030517578,223.15966796875,5556700
2026-05-06,225.25,226.33999633789062,222.9499969482422,224.6199951171875,222.23951721191406,7982300
2026-05-07,224.77999877929688,224.77999877929688,220.6300048828125,222.50999450683594,220.15187072753906,7269700
2026-05-08,222.94000244140625,223.3699951171875,220.9199981689453,221.32000732421875,218.9744873046875,5550600
2026-05-11,221.32000732421875,223.27999877929688,220.3699951171875,221.42999267578125,219.08331298828125,6223200
2026-05-12,223.0,227.64999389648438,221.64999389648438,224.25999450683594,221.88331604003906,8632500
2026-05-13,225.82000732421875,230.8000030517578,225.44000244140625,230.4199981689453,227.97804260253906,7464500
2026-05-14,231.0,231.75999450683594,229.16000366210938,230.8000030517578,228.35403442382812,6974400
2026-05-15,230.77000427246094,232.13999938964844,226.44000244140625,226.7100067138672,224.307373046875,12167000
2026-05-18,226.7100067138672,229.6999969482422,225.86000061035156,228.9199981689453,226.4939422607422,10141600
2026-05-19,228.94000244140625,230.85000610351562,228.0399932861328,230.0,227.56248474121094,9677900
2026-05-20,231.69000244140625,232.0,229.1699981689453,229.32000732421875,226.88970947265625,7353800
2026-05-21,229.32000732421875,231.88999938964844,227.35000610351562,231.72999572753906,229.27415466308594,5239000
2026-05-22,233.0,235.5,232.72000122070312,234.33999633789062,231.85650634765625,5462300
2026-05-26,233.0,233.24000549316406,229.0800018310547,230.17999267578125,229.0503387451172,6619600
2026-05-27,229.97999572753906,232.88999938964844,229.02000427246094,231.2899932861328,230.15489196777344,5835500
2026-05-28,230.02999877929688,231.8699951171875,229.72999572753906,230.8000030517578,229.66729736328125,7193400
2026-05-29,231.22999572753906,231.5,224.58999633789062,225.3300018310547,224.22413635253906,13897700
2026-06-01,223.1999969482422,224.44000244140625,220.83999633789062,223.50999450683594,222.41307067871094,8041000
2026-06-02,222.5800018310547,225.5,221.1699981689453,222.88999938964844,221.79611206054688,5669000
2026-06-03,222.4499969482422,224.92999267578125,222.0,223.24000549316406,222.1444091796875,6507200
2026-06-04,227.08999633789062,228.6699981689453,225.89999389648438,228.1699981689453,227.05020141601562,7274800
2026-06-05,230.0,235.22000122070312,229.0,232.77000427246094,231.6276397705078,8034900
2026-06-08,232.77000427246094,234.9499969482422,230.55999755859375,232.16000366210938,231.0206298828125,7559800
2026-06-09,232.3800048828125,237.7100067138672,230.41000366210938,237.0,235.8368682861328,8354500
2026-06-10,238.85000610351562,240.92999267578125,237.0500030517578,238.49000549316406,237.31956481933594,8350800
2026-06-11,240.0,241.60000610351562,238.13999938964844,238.3300018310547,237.16033935546875,7399000
2026-06-12,240.0,240.91000366210938,237.52000427246094,240.8699951171875,239.6878662109375,6459400
2026-06-15,239.0,239.5,233.5800018310547,235.66000366210938,234.50344848632812,7732000
2026-06-16,236.3699951171875,236.3699951171875,231.02000427246094,235.17999267578125,234.02578735351562,7718100
2026-06-17,234.02999877929688,235.42999267578125,230.6999969482422,234.1999969482422,233.0506134033203,8548000
2026-06-18,231.77999877929688,232.75,227.60000610351562,228.38999938964844,227.2691192626953,18989800
2026-06-22,228.9499969482422,231.4499969482422,227.5,231.2899932861328,230.15489196777344,8518300
2026-06-23,235.63999938964844,239.8000030517578,234.35000610351562,239.0800018310547,237.9066619873047,11802000
2026-06-24,239.88999938964844,243.0399932861328,238.75,241.0,239.81723022460938,8139200
2026-06-25,241.27000427246094,248.19000244140625,240.88999938964844,244.8800048828125,243.67820739746094,10130400
2026-06-26,248.27000427246094,255.11000061035156,247.8699951171875,254.66000366210938,253.4102020263672,16316800
2026-06-29,253.19000244140625,258.5799865722656,252.02999877929688,258.510009765625,257.2413024902344,8608400
2026-06-30,259.0,259.8999938964844,253.1699981689453,253.97000122070312,252.7235870361328,8469500
2026-07-01,253.25,254.1999969482422,251.0800018310547,253.97999572753906,252.73353576660156,6516500
2026-07-02,255.77999877929688,263.1000061035156,254.0,263.0400085449219,261.74908447265625,7998700
2026-07-06,260.2300109863281,261.3800048828125,255.92999267578125,259.3299865722656,258.0572509765625,6803700
2026-07-07,264.8900146484375,269.42999267578125,264.04998779296875,267.239990234375,265.9284362792969,9089700
2026-07-08,268.6000061035156,268.6000061035156,263.1300048828125,263.3999938964844,262.1072998046875,6769400
2026-07-09,260.6300048828125,263.45001220703125,258.1300048828125,259.1000061035156,257.8283996582031,6426100
2026-07-10,260.19000244140625,261.29998779296875,255.52000427246094,256.9800109863281,255.7188262939453,6534700
2026-07-13,257.95001220703125,259.5299987792969,256.1499938964844,257.7699890136719,256.5049133300781,5272200
2026-07-14,255.52999877929688,256.3900146484375,252.13999938964844,253.85000610351562,252.60418701171875,8770600
2026-07-15,250.08999633789062,256.8299865722656,246.0500030517578,247.02000427246094,245.8076934814453,10547300
2026-07-16,248.89999389648438,253.5500030517578,246.3000030517578,249.97000122070312,248.7432098388672,11097600
2026-07-17,252.58999633789062,255.66000366210938,251.9499969482422,253.0399932861328,251.7981414794922,10167700
2026-07-20,252.00999450683594,254.17999267578125,248.6300048828125,248.82000732421875,247.59886169433594,8114700
2026-07-21,247.4499969482422,251.33999633789062,245.49000549316406,250.61000061035156,249.3800811767578,7793100
2026-07-22,252.75999450683594,256.2900085449219,251.2100067138672,255.6300048828125,254.3754425048828,9100200
2026-07-23,255.24000549316406,260.20001220703125,254.4199981689453,259.2699890136719,257.99755859375,8063300
2026-07-24,261.42999267578125,263.7099914550781,259.6099853515625,263.3999938964844,262.1072998046875,6351800
2026-07-27,262.54998779296875,268.79998779296875,261.3500061035156,265.95001220703125,264.6448059082031,9647900
2026-07-28,270.0,274.8999938964844,266.17999267578125,266.7300109863281,265.42095947265625,10491000
2026-07-29,268.5,269.3399963378906,264.7900085449219,265.5299987792969,264.2268371582031,6105600
2026-07-30,259.0299987792969,260.5199890136719,254.55999755859375,255.82000732421875,254.56451416015625,8216500
2026-07-31,256.010009765625,258.4800109863281,253.2899932861328,256.3500061035156,255.09190368652344,6782100
2026-08-03,254.97000122070312,257.75,250.91000366210938,254.41000366210938,253.1614227294922,8136300
2026-08-04,254.41000366210938,255.52000427246094,250.44000244140625,254.92999267578125,253.67886352539062,7362400
2026-08-05,255.25,259.32000732421875,254.47000122070312,257.5899963378906,256.3258056640625,6472600
2026-08-06,261.7099914550781,262.1099853515625,255.27999877929688,256.9800109863281,255.7188262939453,6931800
2026-08-07,255.88999938964844,259.6000061035156,255.1199951171875,259.239990234375,257.96771240234375,6532100
2026-08-10,259.05999755859375,262.0,258.54998779296875,261.80999755859375,260.5251159667969,8985100
2026-08-11,261.2300109863281,264.1499938964844,258.3599853515625,259.79998779296875,258.52496337890625,5945900
2026-08-12,256.0,261.4100036621094,255.25999450683594,260.8599853515625,259.5797424316406,4629300
2026-08-13,261.7300109863281,262.6199951171875,259.6499938964844,262.0799865722656,260.79376220703125,4852700
2026-08-14,260.6499938964844,261.7099914550781,259.1600036621094,260.3500061035156,259.072265625,4998100
2026-08-17,258.8699951171875,264.2799987792969,258.010009765625,262.3699951171875,261.0823669433594,5515500
2026-08-18,267.6700134277344,271.7300109863281,266.3299865722656,271.1099853515625,269.7794494628906,7838200
2026-08-19,273.0,276.4700012207031,270.55999755859375,273.4100036621094,272.06817626953125,7728500
2026-08-20,273.3999938964844,273.3999938964844,267.3699951171875,267.3699951171875,266.0578308105469,6475900
2026-08-21,267.8299865722656,272.6600036621094,267.0,270.239990234375,268.9137268066406,6186800
2026-08-24,269.739990234375,273.9800109863281,268.57000732421875,273.0400085449219,271.70001220703125,5436100
2026-08-25,271.0,273.79998779296875,270.17999267578125,273.1400146484375,273.1400146484375,4687000
2026-08-26,271.9700012207031,272.9100036621094,269.54998779296875,270.0,270.0,7214100
2026-08-27,268.45001220703125,268.45001220703125,263.8299865722656,265.7699890136719,265.7699890136719,7306200
2026-08-28,265.7799987792969,268.3800048828125,264.2699890136719,268.0400085449219,268.0400085449219,5765600
2026-08-31,267.1300048828125,267.7699890136719,265.1700134277344,265.8500061035156,265.8500061035156,7900100
2026-09-01,270.8299865722656,271.9100036621094,267.0199890136719,271.19000244140625,271.19000244140625,6033600
2026-09-02,274.739990234375,281.07000732421875,273.5299987792969,275.2099914550781,275.2099914550781,7910600
2026-09-03,277.32000732421875,278.8900146484375,273.1600036621094,278.42999267578125,278.42999267578125,5940300
2026-09-04,275.1300048828125,277.79998779296875,274.75,275.2300109863281,275.2300109863281,4320100
2026-09-08,271.2799987792969,271.989990234375,266.8800048828125,269.1199951171875,269.1199951171875,8084700
2026-09-09,268.510009765625,270.1000061035156,266.7300109863281,267.0799865722656,267.0799865722656,6124600
2026-09-10,270.2099914550781,271.2699890136719,265.7200012207031,266.3500061035156,266.3500061035156,4929500
2026-09-11,268.0299987792969,270.3999938964844,265.25,265.5799865722656,265.5799865722656,4701200
2026-09-14,271.0,271.54998779296875,266.19000244140625,266.32000732421875,266.32000732421875,4740800
2026-09-15,265.80999755859375,267.20001220703125,260.67999267578125,267.20001220703125,267.20001220703125,5283500
2026-09-16,266.80999755859375,268.6499938964844,266.29998779296875,267.2799987792969,267.2799987792969,4887300
2026-09-17,268.0,270.8699951171875,267.1099853515625,270.2200012207031,270.2200012207031,6568800
2026-09-18,269.45001220703125,272.1099853515625,267.20001220703125,269.989990234375,269.989990234375,16428400
2026-09-21,271.739990234375,273.7300109863281,268.5,269.4700012207031,269.4700012207031,4485300
2026-09-22,267.510009765625,270.1000061035156,265.0400085449219,269.19000244140625,269.19000244140625,5680700
2026-09-23,269.4700012207031,272.1400146484375,266.5,269.1700134277344,269.1700134277344,6632700
2026-09-24,269.5199890136719,275.2300109863281,269.010009765625,270.67999267578125,270.67999267578125,6320600
2026-09-25,271.70001220703125,272.25,269.260009765625,271.2200012207031,271.2200012207031,4085700
2026-09-28,270.1700134277344,273.7799987792969,269.2699890136719,271.95001220703125,271.95001220703125,7185600
2026-09-29,269.1099853515625,271.8900146484375,265.5899963378906,267.57000732421875,267.57000732421875,5620500
2026-09-30,267.9100036621094,268.4800109863281,264.510009765625,264.739990234375,264.739990234375,6341000
