Date,Open,High,Low,Close,Adj Close,Volume
2020-12-31,125.08999633789062,127.33000183105469,124.81999969482422,127.06999969482422,110.0396957397461,8580200
2021-01-04,127.5,127.86000061035156,124.77999877929688,125.87000274658203,109.00051879882812,16819900
2021-01-05,124.98999786376953,126.30000305175781,123.7699966430664,125.6500015258789,109.59363555908203,13731200
2021-01-06,129.8800048828125,132.77000427246094,127.87999725341797,131.5500030517578,114.73969268798828,24909100
2021-01-07,135.69000244140625,138.19000244140625,134.9199981689453,135.8699951171875,118.50762939453125,21940400
2021-01-08,135.97000122070312,136.35000610351562,134.1199951171875,136.02000427246094,118.63847351074219,12035100
2021-01-11,134.5800018310547,138.1999969482422,134.11000061035156,138.0500030517578,120.40907287597656,15937900
2021-01-12,139.44000244140625,141.66000366210938,138.8300018310547,140.22000122070312,122.3017578125,18033500
2021-01-13,138.58999633789062,140.7899932861328,138.10000610351562,140.35000610351562,122.41519927978516,14816800
2021-01-14,140.49000549316406,142.75,140.0,141.1699981689453,123.1303939819336,18565600
2021-01-15,137.42999267578125,141.64999389648438,137.00999450683594,138.63999938964844,120.9237060546875,27881000
2021-01-19,139.86000061035156,140.6999969482422,137.82000732421875,138.0399932861328,120.40033721923828,19843800
2021-01-20,137.82000732421875,138.1699981689453,135.44000244140625,135.97000122070312,118.59488677978516,16028800
2021-01-21,135.69000244140625,136.16000366210938,134.32000732421875,134.8300018310547,117.60057067871094,13411700
2021-01-22,132.69000244140625,134.39999389648438,132.1999969482422,133.7899932861328,116.69345092773438,12933200
2021-01-25,132.13999938964844,133.1699981689453,130.05999755859375,132.1199951171875,115.23684692382812,14212800
2021-01-26,132.75,133.1699981689453,131.33999633789062,131.5800018310547,114.76586151123047,11307800
2021-01-27,129.58999633789062,129.85000610351562,127.3499984741211,127.86000061035156,111.5212173461914,17603900
2021-01-28,129.89999389648438,132.1699981689453,128.99000549316406,130.11000061035156,113.48369598388672,13761800
2021-01-29,131.19000244140625,131.72000122070312,128.19000244140625,128.6699981689453,112.22772979736328,14808100
2021-02-01,129.39999389648438,130.07000732421875,128.47999572753906,129.6199951171875,113.05632019042969,11080700
2021-02-02,131.94000244140625,134.38999938964844,131.22000122070312,133.61000061035156,116.53645324707031,12253600
2021-02-03,133.64999389648438,135.75999450683594,133.50999450683594,135.13999938964844,117.87093353271484,10600800
2021-02-04,135.47000122070312,138.66000366210938,135.47000122070312,138.25,120.58352661132812,12419500
2021-02-05,139.38999938964844,139.49000549316406,137.3800048828125,137.97999572753906,120.34801483154297,10051300
2021-02-08,138.1999969482422,140.3000030517578,138.17999267578125,140.13999938964844,122.23197174072266,10136400
2021-02-09,139.42999267578125,139.97999572753906,138.5399932861328,139.5800018310547,121.74357604980469,8614800
2021-02-10,140.0,140.8699951171875,139.0399932861328,139.66000366210938,121.81336212158203,10323200
2021-02-11,139.66000366210938,140.5500030517578,138.22000122070312,139.27000427246094,121.47319030761719,9201000
2021-02-12,139.0500030517578,141.61000061035156,139.0,141.25,123.20015716552734,8324600
2021-02-16,143.5500030517578,145.32000732421875,142.39999389648438,144.64999389648438,126.16568756103516,12130600
2021-02-17,143.9499969482422,145.3800048828125,143.1199951171875,145.10000610351562,126.55818176269531,10810100
2021-02-18,144.0,145.7899932861328,143.39999389648438,145.58999633789062,126.98555755615234,10587800
2021-02-19,145.86000061035156,148.83999633789062,145.86000061035156,148.02000427246094,129.10504150390625,11969800
2021-02-22,146.8699951171875,150.19000244140625,146.7899932861328,149.41000366210938,130.31739807128906,11488400
2021-02-23,151.50999450683594,152.30999755859375,149.58999633789062,150.61000061035156,131.36410522460938,16234400
2021-02-24,150.11000061035156,153.75999450683594,150.11000061035156,153.25999450683594,133.67547607421875,15061400
2021-02-25,154.27000427246094,154.89999389648438,150.58999633789062,151.17999267578125,131.8612518310547,18127700
2021-02-26,150.3000030517578,150.8699951171875,146.50999450683594,147.1699981689453,128.36367797851562,19829200
2021-03-01,149.52000427246094,151.3800048828125,148.47999572753906,150.5,131.26815795898438,14845500
2021-03-02,150.0800018310547,151.77999877929688,149.83999633789062,150.00999450683594,130.84075927734375,14221700
2021-03-03,151.22999572753906,154.97999572753906,150.82000732421875,152.91000366210938,133.3701629638672,14324100
2021-03-04,152.61000061035156,154.3800048828125,148.6199951171875,150.55999755859375,131.3204803466797,20093900
2021-03-05,153.22000122070312,153.49000549316406,147.97000122070312,150.91000366210938,131.62576293945312,18465100
2021-03-08,152.47000122070312,155.4600067138672,150.75,152.91000366210938,133.3701629638672,17133300
2021-03-09,151.5,154.25,149.82000732421875,151.8300018310547,132.4281768798828,16238800
2021-03-10,151.91000366210938,156.16000366210938,151.50999450683594,155.1300048828125,135.3064727783203,14342200
2021-03-11,154.11000061035156,156.14999389648438,153.36000061035156,154.32000732421875,134.60000610351562,11771500
2021-03-12,156.86000061035156,157.6300048828125,155.07000732421875,156.14999389648438,136.19613647460938,12849500
2021-03-15,156.35000610351562,156.9199981689453,153.9600067138672,155.3699951171875,135.51580810546875,12101100
2021-03-16,154.08999633789062,154.60000610351562,152.19000244140625,153.50999450683594,133.89353942871094,12805600
2021-03-17,155.33999633789062,156.8800048828125,153.0500030517578,155.08999633789062,135.27157592773438,13952400
2021-03-18,157.60000610351562,161.69000244140625,157.11000061035156,157.64999389648438,137.50442504882812,21898500
2021-03-19,155.50999450683594,155.94000244140625,151.19000244140625,155.13999938964844,135.31521606445312,54418800
2021-03-22,152.8000030517578,153.97000122070312,150.61000061035156,150.97000122070312,131.67803955078125,19944800
2021-03-23,150.3300018310547,152.1199951171875,148.9600067138672,149.4600067138672,130.3610382080078,17076300
2021-03-24,150.0,153.17999267578125,149.86000061035156,150.6199951171875,131.37283325195312,13079800
2021-03-25,150.0,152.97000122070312,149.3300018310547,152.5500030517578,133.05613708496094,15608300
2021-03-26,154.3000030517578,155.4499969482422,152.5500030517578,155.08999633789062,135.27157592773438,16754400
2021-03-29,152.1199951171875,153.72999572753906,151.0399932861328,152.67999267578125,133.1695556640625,17570300
2021-03-30,154.4600067138672,155.8699951171875,153.8800048828125,154.47999572753906,134.7395477294922,13184300
2021-03-31,153.27999877929688,154.49000549316406,152.1199951171875,152.22999572753906,132.77706909179688,16736700
2021-04-01,151.89999389648438,153.7899932861328,151.5500030517578,153.7100067138672,134.0679168701172,16561500
2021-04-05,154.39999389648438,154.94000244140625,152.60000610351562,153.6199951171875,134.77859497070312,13508000
2021-04-06,152.7899932861328,154.27999877929688,151.86000061035156,152.5399932861328,133.83108520507812,13071600
2021-04-07,153.10000610351562,155.22999572753906,152.64999389648438,154.92999267578125,135.92791748046875,16903500
2021-04-08,154.0,155.50999450683594,152.30999755859375,155.1199951171875,136.09461975097656,12335500
2021-04-09,155.80999755859375,157.0399932861328,154.97000122070312,156.27999877929688,137.1123504638672,12122400
2021-04-12,155.5800018310547,157.25,155.57000732421875,155.9499969482422,136.82281494140625,12273400
2021-04-13,154.75,155.1999969482422,152.42999267578125,154.08999633789062,135.19093322753906,16113600
2021-04-14,151.47000122070312,153.8300018310547,150.92999267578125,151.2100067138672,132.66421508789062,19939600
2021-04-15,151.25,152.1999969482422,149.32000732421875,152.1699981689453,133.5064239501953,17694100
2021-04-16,153.8699951171875,154.50999450683594,152.69000244140625,153.3000030517578,134.4978485107422,13773400
2021-04-19,153.4199981689453,153.8800048828125,152.22000122070312,152.64999389648438,133.92758178710938,11900200
2021-04-20,151.74000549316406,151.75,148.64999389648438,149.27000427246094,130.96212768554688,13716700
2021-04-21,147.7899932861328,150.61000061035156,146.7899932861328,150.5399932861328,132.07635498046875,12236700
2021-04-22,150.22999572753906,150.3000030517578,147.25999450683594,147.3699951171875,129.295166015625,15256100
2021-04-23,147.17999267578125,151.1300048828125,146.69000244140625,150.19000244140625,131.769287109375,14041900
2021-04-26,150.77999877929688,152.4600067138672,150.3800048828125,150.55999755859375,132.09390258789062,10799100
2021-04-27,150.5,151.57000732421875,150.11000061035156,151.25,132.6992645263672,12821200
2021-04-28,152.42999267578125,152.88999938964844,151.39999389648438,152.22999572753906,133.55909729003906,8943700
2021-04-29,153.5399932861328,155.27999877929688,153.1999969482422,155.19000244140625,136.15603637695312,12976900
2021-04-30,154.10000610351562,154.49000549316406,153.00999450683594,153.80999755859375,134.9452362060547,11705100
2021-05-03,154.85000610351562,155.47999572753906,153.1300048828125,153.36000061035156,134.55050659179688,11801100
2021-05-04,152.8699951171875,155.63999938964844,152.13999938964844,155.47999572753906,136.41046142578125,12977700
2021-05-05,156.0,158.27999877929688,154.6300048828125,157.52000427246094,138.20025634765625,10506700
2021-05-06,158.07000732421875,160.82000732421875,157.16000366210938,160.69000244140625,140.98147583007812,13542400
2021-05-07,157.22000122070312,161.5,157.02000427246094,161.24000549316406,141.46405029296875,14257800
2021-05-10,161.5,163.72999572753906,161.1199951171875,161.22000122070312,141.4464569091797,14014300
2021-05-11,161.0800018310547,162.38999938964844,158.0399932861328,158.5399932861328,139.0951690673828,15451700
2021-05-12,159.61000061035156,160.77999877929688,157.02999877929688,157.4499969482422,138.1388702392578,14381700
2021-05-13,158.17999267578125,162.4499969482422,157.67999267578125,161.5,141.692138671875,15395000
2021-05-14,162.38999938964844,164.4499969482422,161.99000549316406,164.00999450683594,143.89427185058594,10584000
2021-05-17,163.3699951171875,164.85000610351562,163.02999877929688,164.6699981689453,144.4733428955078,9886800
2021-05-18,164.67999267578125,165.5,162.24000549316406,162.35000610351562,142.43785095214844,11098100
2021-05-19,161.0,161.17999267578125,158.63999938964844,161.11000061035156,141.3498992919922,13278900
2021-05-20,160.8300018310547,161.86000061035156,159.52000427246094,160.8300018310547,141.10427856445312,10426000
2021-05-21,161.33999633789062,163.22000122070312,160.94000244140625,162.66000366210938,142.7098388671875,10249000
2021-05-24,163.36000061035156,164.22999572753906,162.1199951171875,163.5399932861328,143.48190307617188,9440300
2021-05-25,163.85000610351562,165.6999969482422,161.55999755859375,161.85000610351562,141.99916076660156,12609100
2021-05-26,163.57000732421875,163.74000549316406,161.30999755859375,161.8300018310547,141.9816436767578,13058300
2021-05-27,163.9499969482422,164.75,162.57000732421875,164.35000610351562,144.1925811767578,15707500
2021-05-28,164.67999267578125,164.94000244140625,163.25999450683594,164.24000549316406,144.09608459472656,10291300
2021-06-01,165.8699951171875,166.91000366210938,165.47999572753906,166.0500030517578,145.68406677246094,9445400
2021-06-02,167.25999450683594,167.44000244140625,165.52999877929688,166.05999755859375,145.69284057617188,10498600
2021-06-03,165.41000366210938,167.25,164.66000366210938,166.1699981689453,145.78936767578125,13354400
2021-06-04,166.2100067138672,166.6699981689453,165.02999877929688,166.44000244140625,146.0262451171875,8510800
2021-06-07,167.0,167.10000610351562,165.13999938964844,165.66000366210938,145.34188842773438,7267200
2021-06-08,164.49000549316406,165.75999450683594,163.16000366210938,165.0,144.76284790039062,10370700
2021-06-09,164.13999938964844,164.22000122070312,162.27999877929688,162.94000244140625,142.95547485351562,12377400
2021-06-10,164.36000061035156,165.24000549316406,160.30999755859375,160.39999389648438,140.72702026367188,12119400
2021-06-11,160.42999267578125,161.1999969482422,159.05999755859375,160.2899932861328,140.6304931640625,13683800
2021-06-14,160.14999389648438,160.3300018310547,156.66000366210938,157.57000732421875,138.24412536621094,19917900
2021-06-15,156.6999969482422,156.9199981689453,154.1300048828125,155.17999267578125,136.14727783203125,24485500
2021-06-16,154.72999572753906,157.6199951171875,153.11000061035156,156.27000427246094,137.1035614013672,25321200
2021-06-17,157.10000610351562,157.4600067138672,151.25,151.75999450683594,133.1466827392578,29722400
2021-06-18,149.3000030517578,149.6999969482422,147.55999755859375,147.9199981689453,129.77769470214844,43595700
2021-06-21,149.0800018310547,151.1999969482422,149.02000427246094,150.42999267578125,131.97984313964844,18664800
2021-06-22,150.60000610351562,150.97000122070312,148.66000366210938,150.2100067138672,131.78683471679688,14251200
2021-06-23,150.1999969482422,152.0399932861328,150.08999633789062,151.1199951171875,132.58518981933594,12733300
2021-06-24,151.9199981689453,153.1199951171875,151.22000122070312,152.50999450683594,133.80474853515625,13733200
2021-06-25,152.58999633789062,154.5,151.6699981689453,154.0500030517578,135.15585327148438,15484900
2021-06-28,153.6999969482422,154.47999572753906,152.1199951171875,154.3300018310547,135.4014892578125,14125800
2021-06-29,155.0,156.30999755859375,153.61000061035156,154.13999938964844,135.23483276367188,14528700
2021-06-30,153.75,156.0800018310547,153.7100067138672,155.5399932861328,136.463134765625,12531000
2021-07-01,156.25999450683594,157.13999938964844,155.4199981689453,157.0800018310547,137.81422424316406,10479400
2021-07-02,155.9499969482422,156.32000732421875,155.1199951171875,156.02999877929688,137.68185424804688,11424000
2021-07-06,155.77999877929688,155.77999877929688,152.35000610351562,153.41000366210938,135.36997985839844,15083400
2021-07-07,152.00999450683594,154.27999877929688,151.5500030517578,153.58999633789062,135.52882385253906,12271800
2021-07-08,151.61000061035156,152.52999877929688,150.0399932861328,150.94000244140625,133.19039916992188,17834600
2021-07-09,153.0500030517578,156.14999389648438,152.5800018310547,155.77000427246094,137.4524383544922,13694500
2021-07-12,154.35000610351562,159.16000366210938,153.94000244140625,158.0,139.42022705078125,19940400
2021-07-13,156.0500030517578,157.38999938964844,153.5,155.64999389648438,137.34657287597656,22671700
2021-07-14,155.9499969482422,157.27999877929688,152.9499969482422,155.1199951171875,136.87889099121094,14622800
2021-07-15,153.89999389648438,156.52999877929688,153.6999969482422,155.4600067138672,137.17892456054688,11539300
2021-07-16,155.9600067138672,156.27999877929688,151.02000427246094,151.91000366210938,134.04637145996094,14002700
2021-07-19,148.5500030517578,149.82000732421875,145.7100067138672,146.97000122070312,129.68727111816406,22172900
2021-07-20,146.52000427246094,151.1199951171875,146.3300018310547,149.7100067138672,132.10507202148438,15385200
2021-07-21,152.0500030517578,153.64999389648438,151.36000061035156,152.86000061035156,134.88461303710938,12356700
2021-07-22,152.8800048828125,153.44000244140625,149.97000122070312,150.92999267578125,133.18157958984375,9913300
2021-07-23,151.47999572753906,152.83999633789062,150.25,150.63999938964844,132.92568969726562,9666100
2021-07-26,150.19000244140625,151.9600067138672,150.1699981689453,151.64999389648438,133.81692504882812,8208000
2021-07-27,150.39999389648438,152.49000549316406,149.8000030517578,151.4499969482422,133.64048767089844,11218700
2021-07-28,152.2899932861328,152.77000427246094,150.8800048828125,151.6999969482422,133.86105346679688,9217300
2021-07-29,153.13999938964844,153.8699951171875,151.91000366210938,153.0,135.00819396972656,9063500
2021-07-30,152.5800018310547,153.6699981689453,151.1999969482422,151.77999877929688,133.93161010742188,9805200
2021-08-02,152.02999877929688,154.4499969482422,151.07000732421875,151.1699981689453,133.3933563232422,10203200
2021-08-03,151.9499969482422,153.32000732421875,149.52000427246094,152.88999938964844,134.9111328125,10394800
2021-08-04,151.25,153.3699951171875,150.91000366210938,151.24000549316406,133.4551239013672,10155000
2021-08-05,152.27999877929688,153.69000244140625,152.00999450683594,153.14999389648438,135.14051818847656,9151500
2021-08-06,155.19000244140625,157.82000732421875,155.11000061035156,157.5,138.97898864746094,13328800
2021-08-09,157.52000427246094,158.5500030517578,155.89999389648438,157.3300018310547,138.82901000976562,9516900
2021-08-10,156.74000549316406,159.97999572753906,156.30999755859375,159.25999450683594,140.53199768066406,8667000
2021-08-11,160.0,161.5,159.0800018310547,161.16000366210938,142.20860290527344,9156500
2021-08-12,161.8800048828125,162.3699951171875,160.5500030517578,161.7899932861328,142.76451110839844,8844200
2021-08-13,161.7899932861328,162.16000366210938,159.57000732421875,159.97999572753906,141.16738891601562,8980900
2021-08-16,158.94000244140625,159.02999877929688,156.77999877929688,158.92999267578125,140.24085998535156,8755800
2021-08-17,157.57000732421875,158.86000061035156,155.27000427246094,157.00999450683594,138.54664611816406,9347200
2021-08-18,156.30999755859375,158.00999450683594,155.33999633789062,155.5800018310547,137.28480529785156,8065500
2021-08-19,153.16000366210938,155.55999755859375,153.00999450683594,154.27999877929688,136.13763427734375,9517700
2021-08-20,154.35000610351562,154.89999389648438,153.16000366210938,154.72000122070312,136.52590942382812,6974100
2021-08-23,155.3300018310547,157.08999633789062,155.24000549316406,156.6999969482422,138.2730712890625,7934600
2021-08-24,157.0,158.5500030517578,156.8699951171875,157.6699981689453,139.12901306152344,7670900
2021-08-25,158.50999450683594,161.77999877929688,157.8000030517578,160.9199981689453,141.99681091308594,11335000
2021-08-26,162.25999450683594,163.8300018310547,161.14999389648438,161.75,142.72921752929688,11027500
2021-08-27,161.75,163.16000366210938,161.25999450683594,163.0500030517578,143.87635803222656,8780200
2021-08-30,163.2100067138672,163.49000549316406,159.8800048828125,160.44000244140625,141.5732879638672,7937600
2021-08-31,160.44000244140625,161.3699951171875,159.35000610351562,159.9499969482422,141.140869140625,12340800
2021-09-01,160.22000122070312,160.75999450683594,158.97000122070312,159.72000122070312,140.93795776367188,8729900
2021-09-02,160.02000427246094,161.61000061035156,159.42999267578125,160.4600067138672,141.59092712402344,8813300
2021-09-03,160.38999938964844,160.88999938964844,159.14999389648438,159.49000549316406,140.73501586914062,7959700
2021-09-07,159.99000549316406,161.3800048828125,158.9600067138672,159.2100067138672,140.48793029785156,9285600
2021-09-08,158.88999938964844,159.5800018310547,158.0399932861328,158.5,139.86138916015625,7852700
2021-09-09,158.27000427246094,160.8300018310547,158.0800018310547,159.19000244140625,140.47027587890625,7904300
2021-09-10,160.55999755859375,160.72000122070312,157.22000122070312,157.36000061035156,138.85546875,8311600
2021-09-13,158.52999877929688,160.0500030517578,158.07000732421875,159.86000061035156,141.0614776611328,10052800
2021-09-14,160.4499969482422,161.33999633789062,156.25999450683594,157.07000732421875,138.59957885742188,11685600
2021-09-15,156.72000122070312,158.69000244140625,156.47000122070312,158.16000366210938,139.56138610839844,11691500
2021-09-16,159.41000366210938,160.85000610351562,157.22000122070312,158.08999633789062,139.49961853027344,10880900
2021-09-17,157.3800048828125,159.00999450683594,157.0,157.67999267578125,139.1378173828125,25581600
2021-09-20,153.88999938964844,154.55999755859375,150.49000549316406,152.9600067138672,134.97286987304688,15819900
2021-09-21,153.52999877929688,154.5500030517578,152.5800018310547,152.97999572753906,134.99053955078125,8999900
2021-09-22,155.1999969482422,157.25,155.10000610351562,155.91000366210938,137.5760040283203,11236200
2021-09-23,158.0,161.7100067138672,157.6699981689453,161.17999267578125,142.2262420654297,12336100
2021-09-24,161.44000244140625,163.58999633789062,160.82000732421875,163.0399932861328,143.8675079345703,10102400
2021-09-27,165.0,167.39999389648438,164.61000061035156,166.97999572753906,147.34422302246094,13220900
2021-09-28,167.6999969482422,169.3000030517578,165.66000366210938,166.0800018310547,146.55007934570312,13387900
2021-09-29,166.2100067138672,166.89999389648438,165.0399932861328,165.9499969482422,146.43536376953125,7777100
2021-09-30,166.9199981689453,166.99000549316406,162.7899932861328,163.69000244140625,144.44110107421875,13161200
2021-10-01,164.0,168.3000030517578,163.60000610351562,167.1300048828125,147.47657775878906,11285000
2021-10-04,166.97000122070312,170.44000244140625,165.72999572753906,166.9499969482422,147.31776428222656,14120000
2021-10-05,167.2100067138672,170.13999938964844,166.6699981689453,168.66000366210938,149.7235107421875,12292900
2021-10-06,167.99000549316406,169.10000610351562,166.0,169.02000427246094,150.04306030273438,8692600
2021-10-07,171.1999969482422,171.50999450683594,169.5399932861328,170.08999633789062,150.992919921875,10195400
2021-10-08,170.02000427246094,171.33999633789062,169.3000030517578,170.22000122070312,151.10833740234375,8190100
2021-10-11,170.8000030517578,171.2899932861328,166.4600067138672,166.63999938964844,147.93026733398438,12154700
2021-10-12,165.75,166.69000244140625,164.77000427246094,165.36000061035156,146.79400634765625,13032600
2021-10-13,164.07000732421875,165.41000366210938,160.60000610351562,161.0,142.9235382080078,22753500
2021-10-14,161.75,164.00999450683594,160.05999755859375,163.47000122070312,145.11619567871094,15176800
2021-10-15,165.35000610351562,167.1699981689453,164.13999938964844,166.61000061035156,147.9036407470703,14267400
2021-10-18,166.47999572753906,168.61000061035156,165.91000366210938,166.5500030517578,147.8503875732422,12672900
2021-10-19,167.39999389648438,168.64999389648438,166.5800018310547,168.57000732421875,149.64356994628906,8053900
2021-10-20,168.3000030517578,170.8699951171875,167.4600067138672,170.83999633789062,151.65870666503906,8185600
2021-10-21,170.75999450683594,171.3300018310547,168.67999267578125,169.5,150.4691619873047,8415200
2021-10-22,170.02999877929688,172.08999633789062,169.6999969482422,171.77999877929688,152.49319458007812,8817900
2021-10-25,172.7100067138672,172.9600067138672,170.47999572753906,170.94000244140625,151.7474822998047,10159200
2021-10-26,171.0,172.49000549316406,170.5399932861328,171.39999389648438,152.15582275390625,8015100
2021-10-27,170.32000732421875,170.6999969482422,167.33999633789062,167.8300018310547,148.98667907714844,9847000
2021-10-28,168.3000030517578,170.50999450683594,167.9600067138672,170.36000061035156,151.23263549804688,7212900
2021-10-29,171.17999267578125,172.24000549316406,169.38999938964844,169.88999938964844,150.81539916992188,8140100
2021-11-01,172.0399932861328,172.3300018310547,169.00999450683594,169.8000030517578,150.7354736328125,7435500
2021-11-02,169.8000030517578,171.69000244140625,168.9199981689453,170.47000122070312,151.33023071289062,7173800
2021-11-03,170.1300048828125,171.1300048828125,169.14999389648438,170.52999877929688,151.38351440429688,8402700
2021-11-04,170.0,170.1999969482422,166.49000549316406,168.2899932861328,149.39503479003906,9574200
2021-11-05,168.89999389648438,170.08999633789062,167.41000366210938,168.0500030517578,149.18197631835938,7975600
2021-11-08,169.0500030517578,170.9199981689453,168.74000549316406,169.05999755859375,150.0785675048828,6413700
2021-11-09,167.35000610351562,168.47000122070312,166.60000610351562,167.77999877929688,148.94229125976562,7990300
2021-11-10,167.4499969482422,168.9499969482422,167.08999633789062,167.6199951171875,148.8002471923828,6999200
2021-11-11,167.52000427246094,168.67999267578125,166.89999389648438,167.61000061035156,148.7913818359375,5815300
2021-11-12,167.64999389648438,167.74000549316406,165.72000122070312,166.86000061035156,148.12559509277344,8113400
2021-11-15,167.2100067138672,167.7899932861328,166.0,166.55999755859375,147.8592529296875,6492500
2021-11-16,167.05999755859375,167.07000732421875,165.1199951171875,165.36000061035156,146.79400634765625,9706100
2021-11-17,165.2100067138672,165.55999755859375,163.38999938964844,164.47000122070312,146.00393676757812,9909600
2021-11-18,164.38999938964844,164.85000610351562,162.55999755859375,163.0500030517578,144.7433319091797,8122500
2021-11-19,161.3000030517578,162.11000061035156,159.4499969482422,160.9199981689453,142.8524932861328,12193600
2021-11-22,164.16000366210938,165.97999572753906,162.99000549316406,164.35000610351562,145.89739990234375,14549900
2021-11-23,165.5,168.55999755859375,165.3699951171875,168.27999877929688,149.38613891601562,12354400
2021-11-24,168.4600067138672,169.44000244140625,166.44000244140625,166.9600067138672,148.21432495117188,9629800
2021-11-26,162.13999938964844,162.64999389648438,158.82000732421875,161.92999267578125,143.7490692138672,13619300
2021-11-29,163.30999755859375,164.77999877929688,159.82000732421875,161.22999572753906,143.12767028808594,12104400
2021-11-30,159.16000366210938,160.6300048828125,158.2899932861328,158.8300018310547,140.99716186523438,18922600
2021-12-01,161.0,163.27000427246094,157.8000030517578,157.88999938964844,140.16270446777344,12253400
2021-12-02,159.8300018310547,163.25,158.8000030517578,161.2100067138672,143.1099395751953,12969900
2021-12-03,161.5,161.8300018310547,157.19000244140625,158.2899932861328,140.51779174804688,12681800
2021-12-06,161.00999450683594,162.61000061035156,159.4600067138672,160.16000366210938,142.17782592773438,11186500
2021-12-07,161.8800048828125,163.38999938964844,161.16000366210938,162.57000732421875,144.3172607421875,9851600
2021-12-08,162.66000366210938,163.27000427246094,160.1699981689453,160.7100067138672,142.66604614257812,11705700
2021-12-09,159.64999389648438,160.92999267578125,158.64999389648438,160.4600067138672,142.44415283203125,11189600
2021-12-10,161.32000732421875,161.6999969482422,159.1300048828125,159.82000732421875,141.8760223388672,10405400
2021-12-13,159.5,159.7899932861328,157.27999877929688,157.9199981689453,140.18936157226562,12069000
2021-12-14,157.4499969482422,160.88999938964844,157.3000030517578,159.1300048828125,141.26348876953125,12563600
2021-12-15,159.85000610351562,159.85000610351562,157.35000610351562,157.94000244140625,140.20709228515625,14014200
2021-12-16,160.38999938964844,161.82000732421875,158.6999969482422,160.41000366210938,142.39971923828125,19542800
2021-12-17,159.32000732421875,159.3800048828125,155.17999267578125,156.75999450683594,139.1595458984375,28082000
2021-12-20,154.50999450683594,154.6999969482422,151.83999633789062,153.94000244140625,136.6562042236328,15148000
2021-12-21,155.41000366210938,157.17999267578125,155.08999633789062,156.08999633789062,138.56480407714844,11291300
2021-12-22,155.75,157.05999755859375,155.24000549316406,156.6999969482422,139.10629272460938,7273000
2021-12-23,157.61000061035156,159.1199951171875,157.2100067138672,157.25999450683594,139.60342407226562,8055200
2021-12-27,157.60000610351562,158.1999969482422,156.33999633789062,158.16000366210938,140.40235900878906,6188100
2021-12-28,158.1999969482422,160.14999389648438,158.0800018310547,158.63999938964844,140.82847595214844,6342300
2021-12-29,158.85000610351562,159.6300048828125,158.14999389648438,158.55999755859375,140.7574920654297,6398900
2021-12-30,159.11000061035156,160.24000549316406,158.3699951171875,158.47999572753906,140.68643188476562,6948200
2021-12-31,158.4499969482422,159.2899932861328,157.9600067138672,158.35000610351562,140.571044921875,5805900
2022-01-03,159.86000061035156,162.63999938964844,159.50999450683594,161.6999969482422,143.54490661621094,13120900
2022-01-04,164.30999755859375,168.5800018310547,164.22999572753906,167.8300018310547,148.98667907714844,20195800
2022-01-05,167.82000732421875,168.36000061035156,163.72999572753906,163.77999877929688,146.2628936767578,17539400
2022-01-06,166.91000366210938,167.3699951171875,163.8699951171875,165.52000427246094,147.81678771972656,14047500
2022-01-07,165.6699981689453,167.52999877929688,165.05999755859375,167.16000366210938,149.28140258789062,13913300
2022-01-10,169.07000732421875,169.30999755859375,165.52999877929688,167.32000732421875,149.42425537109375,12922500
2022-01-11,168.25999450683594,168.52000427246094,166.30999755859375,167.49000549316406,149.5760955810547,11854100
2022-01-12,168.4600067138672,169.58999633789062,167.17999267578125,168.44000244140625,150.42445373535156,12568000
2022-01-13,168.33999633789062,169.80999755859375,167.88999938964844,168.22999572753906,150.2369384765625,13623400
2022-01-14,160.75999450683594,161.02999877929688,156.89999389648438,157.88999938964844,141.0028533935547,40158400
2022-01-18,155.77999877929688,155.77999877929688,150.5399932861328,151.27000427246094,135.0908660888672,32324800
2022-01-19,151.57000732421875,152.22999572753906,148.5500030517578,148.92999267578125,133.0011444091797,22380000
2022-01-20,148.99000549316406,150.61000061035156,147.36000061035156,147.66000366210938,131.86700439453125,14860800
2022-01-21,147.5,147.50999450683594,144.27000427246094,145.0800018310547,129.5629425048828,20705400
2022-01-24,142.27999877929688,145.47999572753906,139.57000732421875,144.9499969482422,129.4468536376953,28471400
2022-01-25,143.64999389648438,146.85000610351562,140.7899932861328,146.52999877929688,130.85787963867188,18915900
2022-01-26,148.72000122070312,150.57000732421875,145.9600067138672,147.9199981689453,132.09921264648438,20709100
2022-01-27,149.4199981689453,150.3800048828125,144.1300048828125,145.30999755859375,129.76834106445312,17536800
2022-01-28,144.19000244140625,146.75999450683594,142.1699981689453,146.61000061035156,130.92930603027344,14117000
2022-01-31,145.63999938964844,148.7899932861328,144.6699981689453,148.60000610351562,132.70648193359375,13985700
2022-02-01,148.69000244140625,151.47000122070312,148.3000030517578,151.14999389648438,134.9837188720703,14584900
2022-02-02,150.5,150.94000244140625,148.07000732421875,149.94000244140625,133.90316772460938,12441100
2022-02-03,150.0,151.64999389648438,148.2899932861328,148.6999969482422,132.7957763671875,12474900
2022-02-04,149.10000610351562,153.5,148.77000427246094,152.55999755859375,136.242919921875,16654400
2022-02-07,153.27000427246094,153.6199951171875,150.85000610351562,153.07000732421875,136.69839477539062,12572300
2022-02-08,155.0,158.47999572753906,154.8000030517578,155.9499969482422,139.27032470703125,20411400
2022-02-09,156.58999633789062,157.42999267578125,155.82000732421875,156.60000610351562,139.85081481933594,9131100
2022-02-10,156.66000366210938,159.02999877929688,155.22000122070312,155.9499969482422,139.27032470703125,16455600
2022-02-11,155.61000061035156,158.19000244140625,152.97000122070312,153.9199981689453,137.45741271972656,16830000
2022-02-14,152.72999572753906,153.67999267578125,150.32000732421875,152.49000549316406,136.1803741455078,17026500
2022-02-15,154.50999450683594,155.94000244140625,153.85000610351562,154.72000122070312,138.171875,9500000
2022-02-16,153.74000549316406,156.10000610351562,153.74000549316406,155.0,138.4219207763672,9076500
2022-02-17,153.0,153.72999572753906,150.6699981689453,151.42999267578125,135.23379516601562,11367500
2022-02-18,152.1300048828125,154.13999938964844,151.1300048828125,152.13999938964844,135.86782836914062,11733300
2022-02-22,150.60000610351562,153.24000549316406,150.41000366210938,151.8699951171875,135.62667846679688,11333500
2022-02-23,153.1199951171875,153.3000030517578,147.97000122070312,148.69000244140625,132.78684997558594,11799000
2022-02-24,142.94000244140625,144.99000549316406,139.77999877929688,144.5500030517578,129.0896453857422,25655100
2022-02-25,145.25,150.1300048828125,144.91000366210938,147.97000122070312,132.1438446044922,18367700
2022-02-28,143.5500030517578,145.05999755859375,140.8800048828125,141.8000030517578,126.63375091552734,31315300
2022-03-01,140.0399932861328,140.47999572753906,133.5800018310547,136.4499969482422,121.85594940185547,36840400
2022-03-02,137.2899932861328,140.0399932861328,136.61000061035156,139.27999877929688,124.3832778930664,19405600
2022-03-03,139.83999633789062,140.97999572753906,137.05999755859375,138.2899932861328,123.49915313720703,16640800
2022-03-04,134.94000244140625,135.4199981689453,132.39999389648438,134.39999389648438,120.02519989013672,21016000
2022-03-07,132.1699981689453,132.69000244140625,128.9499969482422,129.2100067138672,115.39032745361328,27560100
2022-03-08,129.63999938964844,131.7899932861328,127.2699966430664,128.3000030517578,114.57765197753906,19207800
2022-03-09,132.89999389648438,135.24000549316406,132.44000244140625,133.44000244140625,119.16791534423828,17536200
2022-03-10,131.86000061035156,133.4499969482422,130.32000732421875,131.86000061035156,117.75688934326172,15604200
2022-03-11,132.49000549316406,134.0800018310547,128.4199981689453,128.88999938964844,115.10455322265625,20061800
2022-03-14,129.4600067138672,132.9199981689453,129.22999572753906,130.1699981689453,116.24765014648438,15786900
2022-03-15,131.8000030517578,133.5500030517578,131.1300048828125,132.47999572753906,118.3105697631836,15096600
2022-03-16,134.8699951171875,138.49000549316406,134.42999267578125,138.39999389648438,123.59740447998047,20354900
2022-03-17,136.86000061035156,140.19000244140625,135.9199981689453,140.14999389648438,125.16022491455078,17050500
2022-03-18,140.19000244140625,140.85000610351562,138.4600067138672,140.10000610351562,125.11556243896484,23656500
2022-03-21,140.35000610351562,140.75999450683594,138.72999572753906,139.64999389648438,124.7137222290039,12676100
2022-03-22,142.27000427246094,143.92999267578125,141.72000122070312,142.6199951171875,127.36604309082031,13548600
2022-03-23,140.97999572753906,141.58999633789062,139.1999969482422,139.77999877929688,124.8298110961914,12093200
2022-03-24,140.3000030517578,140.7100067138672,139.11000061035156,140.69000244140625,125.64247131347656,10017600
2022-03-25,141.08999633789062,143.17999267578125,140.8000030517578,141.9199981689453,126.74089050292969,8383500
2022-03-28,140.0,140.97000122070312,137.89999389648438,140.8699951171875,125.80323028564453,10818100
2022-03-29,143.35000610351562,143.60000610351562,140.24000549316406,141.17999267578125,126.08003997802734,11316500
2022-03-30,141.89999389648438,142.1199951171875,139.91000366210938,140.5399932861328,125.50852966308594,8771000
2022-03-31,139.8300018310547,140.35000610351562,136.25999450683594,136.32000732421875,121.73985290527344,17353900
2022-04-01,137.39999389648438,137.41000366210938,133.8000030517578,135.30999755859375,120.83790588378906,15721300
2022-04-04,134.1199951171875,136.94000244140625,132.88999938964844,135.91000366210938,121.37373352050781,17416400
2022-04-05,134.07000732421875,135.39999389648438,133.00999450683594,133.33999633789062,119.96123504638672,12110300
2022-04-06,131.5800018310547,132.55999755859375,130.9600067138672,131.49000549316406,118.29686737060547,12914700
2022-04-07,130.9499969482422,131.9199981689453,128.72999572753906,131.08999633789062,117.93701171875,12994200
2022-04-08,131.6699981689453,133.89999389648438,131.49000549316406,133.49000549316406,120.09619140625,13126900
2022-04-11,133.0,134.89999389648438,132.57000732421875,133.0,119.6553726196289,10466400
2022-04-12,132.13999938964844,134.5800018310547,130.6999969482422,131.5399932861328,118.34185028076172,12989900
2022-04-13,126.94000244140625,129.25,126.01000213623047,127.30000305175781,114.52728271484375,30838000
2022-04-14,126.5,128.3000030517578,125.0199966430664,126.12000274658203,113.46568298339844,18835200
2022-04-18,125.66999816894531,129.24000549316406,125.54000091552734,128.4600067138672,115.57089233398438,11834400
2022-04-19,128.4499969482422,131.32000732421875,128.22999572753906,131.1199951171875,117.96399688720703,15015400
2022-04-20,132.52000427246094,133.50999450683594,131.33999633789062,131.5800018310547,118.37783813476562,13430200
2022-04-21,132.22000122070312,132.80999755859375,129.9600067138672,130.55999755859375,117.46016693115234,12174200
2022-04-22,130.27999877929688,130.52000427246094,126.69000244140625,126.80999755859375,114.08641815185547,14318800
2022-04-25,126.01000213623047,127.12000274658203,123.11000061035156,126.7699966430664,114.05044555664062,17149000
2022-04-26,124.63999938964844,126.41000366210938,122.87000274658203,123.0199966430664,110.67672729492188,17209500
2022-04-27,122.33000183105469,123.55999755859375,121.22000122070312,121.41999816894531,109.23725128173828,17215200
2022-04-28,122.80999755859375,123.6500015258789,121.13999938964844,123.33999633789062,110.96460723876953,13015600
2022-04-29,123.05000305175781,123.61000061035156,118.9000015258789,119.36000061035156,107.38394927978516,14874800
2022-05-02,119.87999725341797,120.70999908447266,118.22000122070312,120.44999694824219,108.36458587646484,18545000
2022-05-03,121.52999877929688,124.16999816894531,120.77999877929688,123.02999877929688,110.68571472167969,15720900
2022-05-04,122.80000305175781,127.4000015258789,122.73999786376953,127.0999984741211,114.34735107421875,17128500
2022-05-05,125.25,126.0999984741211,122.16000366210938,123.91999816894531,111.48641204833984,15055400
2022-05-06,123.80000305175781,124.29000091552734,121.18000030517578,123.72000122070312,111.30646514892578,14417900
2022-05-09,122.11000061035156,123.33000183105469,120.5,121.86000061035156,109.63310241699219,14312300
2022-05-10,123.11000061035156,123.77999877929688,117.55999755859375,118.88999938964844,106.96110534667969,16382400
2022-05-11,119.30000305175781,122.88999938964844,117.94000244140625,118.13999938964844,106.28634643554688,14630300
2022-05-12,117.0,118.31999969482422,115.37000274658203,118.04000091552734,106.19639587402344,16318800
2022-05-13,119.41000366210938,120.25,117.95999908447266,119.08999633789062,107.14102935791016,10443200
2022-05-16,118.54000091552734,119.45999908447266,117.2300033569336,118.26000213623047,106.39431762695312,10269000
2022-05-17,121.04000091552734,122.97000122070312,120.80999755859375,122.18000030517578,109.92101287841797,11160200
2022-05-18,121.30000305175781,121.97000122070312,119.52999877929688,120.08999633789062,108.04068756103516,12664900
2022-05-19,118.19000244140625,119.6500015258789,117.62999725341797,118.30999755859375,106.43929290771484,12765800
2022-05-20,119.45999908447266,119.66999816894531,115.0199966430664,117.33999633789062,105.5666275024414,13150100
2022-05-23,120.45999908447266,126.56999969482422,120.44999694824219,124.5999984741211,112.09818267822266,24376700
2022-05-24,124.36000061035156,127.48999786376953,123.11000061035156,126.36000061035156,113.68158721923828,19324900
2022-05-25,126.27999877929688,127.86000061035156,125.16999816894531,127.23999786376953,114.47327423095703,12780400
2022-05-26,128.3699951171875,130.19000244140625,128.2100067138672,129.44000244140625,116.45256805419922,15990900
2022-05-27,130.16000366210938,131.27000427246094,129.13999938964844,131.27000427246094,118.09893798828125,11177800
2022-05-31,130.17999267578125,133.14999389648438,129.7100067138672,132.22999572753906,118.96261596679688,17015000
2022-06-01,132.8699951171875,132.8699951171875,128.6699981689453,129.91000366210938,116.8753890991211,10768000
2022-06-02,129.89999389648438,132.00999450683594,128.6699981689453,132.0,118.7557144165039,8374800
2022-06-03,131.2100067138672,131.77000427246094,129.99000549316406,130.16000366210938,117.10031127929688,8596000
2022-06-06,131.08999633789062,132.38999938964844,129.4600067138672,129.72999572753906,116.71345520019531,11323500
2022-06-07,128.8300018310547,130.32000732421875,128.6199951171875,130.07000732421875,117.01935577392578,6722200
2022-06-08,129.0,129.4499969482422,126.9000015258789,128.0,115.15704345703125,8422100
2022-06-09,127.37000274658203,128.10000610351562,125.2699966430664,125.30999755859375,112.73694610595703,13560100
2022-06-10,122.58999633789062,123.4000015258789,119.31999969482422,119.55000305175781,107.55488586425781,12945200
2022-06-13,116.86000061035156,117.94999694824219,115.05999755859375,115.98999786376953,104.35206604003906,16805600
2022-06-14,115.55000305175781,117.31999969482422,113.22000122070312,114.05999755859375,102.61572265625,13357900
2022-06-15,115.62000274658203,116.94999694824219,113.16999816894531,115.41000366210938,103.83027648925781,14083500
2022-06-16,113.86000061035156,114.26000213623047,111.87000274658203,113.43000030517578,102.0489273071289,16724900
2022-06-17,113.54000091552734,114.62999725341797,112.16000366210938,113.02999877929688,101.6890640258789,30919900
2022-06-21,115.87000274658203,117.02999877929688,115.04000091552734,115.83000183105469,104.20813751220703,11680500
2022-06-22,114.87999725341797,116.19999694824219,114.38999938964844,115.18000030517578,103.62335205078125,9842700
2022-06-23,115.01000213623047,115.18000030517578,111.4800033569336,113.91999816894531,102.48976135253906,11851500
2022-06-24,113.2300033569336,117.81999969482422,112.83000183105469,117.31999969482422,105.54862976074219,14841100
2022-06-27,118.05999755859375,118.5,115.63999938964844,116.37999725341797,104.70292663574219,11280500
2022-06-28,117.66999816894531,119.29000091552734,115.5999984741211,115.81999969482422,104.19912719726562,11590900
2022-06-29,116.0,116.81999969482422,114.7300033569336,115.30000305175781,103.73133087158203,9338400
2022-06-30,113.16999816894531,114.08000183105469,110.93000030517578,112.61000061035156,101.31121063232422,15172600
2022-07-01,112.6500015258789,114.41999816894531,111.16000366210938,114.05000305175781,102.60672760009766,10573600
2022-07-05,110.7699966430664,112.70999908447266,109.30000305175781,112.62000274658203,102.21646118164062,12514200
2022-07-06,111.7300033569336,112.98999786376953,110.79000091552734,111.88999938964844,101.55389404296875,10656200
2022-07-07,113.5,114.9000015258789,113.4000015258789,114.72000122070312,104.1224594116211,10347400
2022-07-08,115.16000366210938,115.6500015258789,113.61000061035156,114.36000061035156,103.79570770263672,8807800
2022-07-11,113.55000305175781,114.2300033569336,112.22000122070312,112.86000061035156,102.43427276611328,7939500
2022-07-12,112.58000183105469,115.18000030517578,112.26000213623047,112.97000122070312,102.53411102294922,11250900
2022-07-13,111.75,112.4800033569336,110.37999725341797,111.91000366210938,101.57203674316406,12979900
2022-07-14,107.98999786376953,108.2300033569336,106.05999755859375,108.0,98.02323913574219,26204800
2022-07-15,109.16000366210938,113.87999725341797,107.66999816894531,112.94999694824219,102.51596069335938,18863900
2022-07-18,114.7699966430664,115.83999633789062,111.29000091552734,111.79000091552734,101.46311950683594,13977900
2022-07-19,113.12999725341797,114.94000244140625,112.66999816894531,114.55999755859375,103.97722625732422,11862300
2022-07-20,114.0999984741211,114.73999786376953,113.4800033569336,114.54000091552734,103.9590835571289,11667500
2022-07-21,114.44000244140625,115.52999877929688,113.37000274658203,115.31999969482422,104.66704559326172,11595900
2022-07-22,115.23999786376953,116.25,113.66999816894531,114.76000213623047,104.15875244140625,7645500
2022-07-25,115.83999633789062,116.45999908447266,114.7699966430664,115.22000122070312,104.57627868652344,9394000
2022-07-26,114.58000183105469,115.58000183105469,113.02999877929688,113.41999816894531,102.94254302978516,10675100
2022-07-27,114.01000213623047,115.73999786376953,113.30000305175781,115.23999786376953,104.59442138671875,9337400
2022-07-28,115.25,115.9800033569336,113.52999877929688,114.80999755859375,104.20413208007812,10384800
2022-07-29,115.58999633789062,116.5,114.79000091552734,115.36000061035156,104.70333862304688,12944500
2022-08-01,114.5,115.11000061035156,113.06999969482422,114.20999908447266,103.6595687866211,14740400
2022-08-02,113.91999816894531,114.4000015258789,112.2699966430664,112.43000030517578,102.04399108886719,14942900
2022-08-03,113.44999694824219,114.0999984741211,111.70999908447266,113.61000061035156,103.11499786376953,14394500
2022-08-04,112.8499984741211,113.31999969482422,111.0199966430664,112.36000061035156,101.98046112060547,18033900
2022-08-05,112.52999877929688,116.19000244140625,112.05000305175781,115.76000213623047,105.0663833618164,14174600
2022-08-08,116.25,116.69999694824219,114.18000030517578,114.3499984741211,103.78662872314453,10332500
2022-08-09,114.75,115.98999786376953,114.37000274658203,115.37999725341797,104.72147369384766,10233800
2022-08-10,117.95999908447266,119.37000274658203,117.5,118.38999938964844,107.45343017578125,12847300
2022-08-11,119.9000015258789,121.19999694824219,119.30999755859375,120.13999938964844,109.0417709350586,11684900
2022-08-12,120.66999816894531,122.25,119.44000244140625,122.12999725341797,110.84793090820312,9906700
2022-08-15,121.13999938964844,122.72000122070312,120.5999984741211,122.45999908447266,111.14744567871094,8456200
2022-08-16,122.29000091552734,124.23999786376953,121.87000274658203,123.62999725341797,112.20938873291016,9555000
2022-08-17,122.30000305175781,123.16000366210938,121.69000244140625,122.58999633789062,111.26542663574219,8149300
2022-08-18,122.23999786376953,122.47000122070312,120.55000305175781,121.63999938964844,110.40320587158203,9531800
2022-08-19,120.62000274658203,120.98999786376953,118.11000061035156,118.62999725341797,107.67125701904297,13464500
2022-08-22,116.75,117.16000366210938,115.5,116.66999816894531,105.8923110961914,8967600
2022-08-23,116.69000244140625,117.29000091552734,115.37999725341797,115.5199966430664,104.84855651855469,7607000
2022-08-24,115.29000091552734,116.41000366210938,114.44999694824219,115.80000305175781,105.10267639160156,9771300
2022-08-25,116.16000366210938,118.73999786376953,115.68000030517578,118.55000305175781,107.5986557006836,10758900
2022-08-26,119.45999908447266,119.98999786376953,114.5999984741211,114.66999816894531,104.07706451416016,11276200
2022-08-29,114.0,114.86000061035156,113.45999908447266,114.38999938964844,103.82294464111328,8117300
2022-08-30,115.0,115.58000183105469,113.36000061035156,114.41000366210938,103.84111022949219,10745400
2022-08-31,114.4800033569336,115.02999877929688,113.33999633789062,113.7300033569336,103.22390747070312,10738300
2022-09-01,113.29000091552734,114.62999725341797,111.91000366210938,114.51000213623047,103.93184661865234,9979800
2022-09-02,115.87000274658203,117.44999694824219,113.19000244140625,113.70999908447266,103.20576477050781,10666600
2022-09-06,114.33000183105469,114.75,112.06999969482422,113.73999786376953,103.23298645019531,9751900
2022-09-07,113.12999725341797,116.11000061035156,112.76000213623047,115.9000015258789,105.1934585571289,10647900
2022-09-08,115.27999877929688,118.79000091552734,114.62999725341797,118.5999984741211,107.64403533935547,11435000
2022-09-09,119.13999938964844,120.05000305175781,118.66999816894531,119.16999816894531,108.161376953125,9299700
2022-09-12,120.62000274658203,121.55000305175781,119.79000091552734,120.58000183105469,109.44112396240234,8614600
2022-09-13,118.06999969482422,118.91999816894531,115.77999877929688,116.38999938964844,105.63817596435547,12904600
2022-09-14,116.69999694824219,117.83999633789062,114.87999725341797,116.12000274658203,105.39312744140625,9345700
2022-09-15,116.12000274658203,119.37999725341797,115.76000213623047,117.87000274658203,106.98146057128906,10821400
2022-09-16,117.38999938964844,117.4000015258789,115.37000274658203,117.08000183105469,106.26444244384766,14844100
2022-09-19,116.0,118.7300033569336,115.51000213623047,118.16000366210938,107.24468994140625,8201300
2022-09-20,117.41000366210938,117.69000244140625,114.63999938964844,115.83000183105469,105.12992095947266,9619000
2022-09-21,116.54000091552734,116.5999984741211,112.41999816894531,112.48999786376953,102.09844207763672,12606300
2022-09-22,113.37999725341797,113.5999984741211,111.06999969482422,111.20999908447266,100.93668365478516,11684500
2022-09-23,110.05000305175781,110.33999633789062,107.16000366210938,109.13999938964844,99.05790710449219,18138600
2022-09-26,108.0,109.61000061035156,106.05999755859375,106.79000091552734,96.92501068115234,15753600
2022-09-27,107.75,108.16999816894531,104.6500015258789,105.8499984741211,96.07184600830078,12793600
2022-09-28,105.94999694824219,108.7300033569336,105.63999938964844,107.98999786376953,98.01415252685547,12762600
2022-09-29,106.94999694824219,107.27999877929688,104.4000015258789,106.16000366210938,96.35321044921875,12713900
2022-09-30,106.05999755859375,107.62000274658203,104.4000015258789,104.5,94.84654998779297,15973400
2022-10-03,105.62000274658203,108.36000061035156,104.45999908447266,107.7300033569336,97.77816772460938,12248100
2022-10-04,110.61000061035156,112.98999786376953,109.86000061035156,112.7699966430664,102.35258483886719,16013600
2022-10-05,109.75,110.94999694824219,108.83000183105469,110.38999938964844,101.0888671875,10943500
2022-10-06,109.45999908447266,110.19000244140625,107.94000244140625,108.13999938964844,99.02845001220703,11521400
2022-10-07,107.5199966430664,107.70999908447266,105.2699966430664,105.9800033569336,97.05044555664062,11681100
2022-10-10,106.7300033569336,107.30999755859375,104.5199966430664,104.98999786376953,96.14385986328125,8931700
2022-10-11,104.37000274658203,104.54000091552734,101.8499984741211,101.95999908447266,93.36915588378906,12739700
2022-10-12,101.80000305175781,104.7300033569336,101.27999877929688,103.61000061035156,94.880126953125,13181000
2022-10-13,101.9800033569336,109.9000015258789,101.76000213623047,109.37000274658203,100.15481567382812,22398700
2022-10-14,111.95999908447266,115.23999786376953,110.72000122070312,111.19000244140625,101.82147979736328,33387100
2022-10-17,115.41000366210938,117.01000213623047,114.31999969482422,115.86000061035156,106.0979995727539,22276300
2022-10-18,119.66000366210938,120.13999938964844,116.95999908447266,118.83999633789062,108.82689666748047,21539700
2022-10-19,117.98999786376953,118.83000183105469,115.66999816894531,116.51000213623047,106.69322204589844,17072000
2022-10-20,117.16000366210938,118.70999908447266,115.6500015258789,116.12999725341797,106.34523010253906,12207400
2022-10-21,116.45999908447266,122.38999938964844,116.33000183105469,122.2300033569336,111.9312744140625,20593300
2022-10-24,122.06999969482422,123.0999984741211,121.33000183105469,122.37999725341797,112.0686264038086,12624200
2022-10-25,121.8499984741211,123.2699966430664,120.88999938964844,122.69999694824219,112.36164093017578,11289100
2022-10-26,123.0,125.19999694824219,122.87999725341797,124.11000061035156,113.65287017822266,11667000
2022-10-27,125.19999694824219,126.19999694824219,124.20999908447266,124.5999984741211,114.10157012939453,10727600
2022-10-28,125.29000091552734,126.27999877929688,124.05000305175781,126.08000183105469,115.45687866210938,11859500
2022-10-31,125.69999694824219,127.43000030517578,125.58999633789062,125.87999725341797,115.27374267578125,13295200
2022-11-01,126.87000274658203,128.27999877929688,126.33000183105469,128.14999389648438,117.35245513916016,13386900
2022-11-02,127.6500015258789,130.36000061035156,126.63999938964844,126.97000122070312,116.27188873291016,16546100
2022-11-03,126.30999755859375,128.17999267578125,125.91000366210938,127.19999694824219,116.4825210571289,12474400
2022-11-04,129.49000549316406,130.8300018310547,128.4600067138672,130.67999267578125,119.66928100585938,14953200
2022-11-07,131.0,132.2899932861328,130.47999572753906,131.3699951171875,120.30115509033203,12011200
2022-11-08,131.24000549316406,132.05999755859375,130.13999938964844,131.4499969482422,120.37442016601562,9884100
2022-11-09,131.32000732421875,131.42999267578125,129.22000122070312,129.74000549316406,118.80850219726562,9494000
2022-11-10,132.6300048828125,135.25,132.52999877929688,135.0800018310547,123.69853973388672,16351600
2022-11-11,135.19000244140625,136.1699981689453,133.77999877929688,135.3000030517578,123.9000244140625,10704700
2022-11-14,134.8000030517578,135.72999572753906,133.91000366210938,133.91000366210938,122.62714385986328,11085600
2022-11-15,134.67999267578125,135.7100067138672,131.60000610351562,132.94000244140625,121.73887634277344,14038300
2022-11-16,133.0,133.55999755859375,132.02999877929688,133.1199951171875,121.90369415283203,7893400
2022-11-17,132.0,132.88999938964844,131.27999877929688,132.5399932861328,121.3725814819336,8820200
2022-11-18,134.57000732421875,134.6699981689453,132.27999877929688,133.83999633789062,122.56302642822266,9468500
2022-11-21,133.74000549316406,134.55999755859375,132.75,133.0500030517578,121.83960723876953,7800500
2022-11-22,134.0,135.27000427246094,133.69000244140625,135.0399932861328,123.66192626953125,9185700
2022-11-23,134.94000244140625,136.5,134.86000061035156,136.47999572753906,124.98059844970703,7316200
2022-11-25,136.47999572753906,137.13999938964844,136.05999755859375,136.74000549316406,125.21867370605469,3220500
2022-11-28,136.07000732421875,136.7100067138672,134.19000244140625,134.35000610351562,123.03007507324219,9906900
2022-11-29,134.66000366210938,136.63999938964844,134.41000366210938,136.55999755859375,125.0538558959961,7925300
2022-11-30,136.08999633789062,138.17999267578125,133.19000244140625,138.17999267578125,126.5373764038086,14761200
2022-12-01,138.17999267578125,138.66000366210938,135.42999267578125,136.24000549316406,124.76084899902344,8858500
2022-12-02,134.49000549316406,135.35000610351562,133.33999633789062,135.16000366210938,123.77183532714844,8931900
2022-12-05,134.24000549316406,134.57000732421875,130.60000610351562,131.3699951171875,120.30115509033203,10154500
2022-12-06,133.38999938964844,135.11000061035156,129.8699951171875,131.58999633789062,120.50260925292969,13966700
2022-12-07,131.30999755859375,133.0800018310547,130.3300018310547,131.5,120.4201889038086,11739400
2022-12-08,132.3300018310547,132.97999572753906,131.42999267578125,132.8800048828125,121.68391418457031,8907300
2022-12-09,132.1999969482422,133.75999450683594,132.0,132.16000366210938,121.02461242675781,7957800
2022-12-12,132.39999389648438,134.64999389648438,131.60000610351562,134.2100067138672,122.90187072753906,8841600
2022-12-13,136.88999938964844,137.08999633789062,133.0800018310547,134.0800018310547,122.7828140258789,10025400
2022-12-14,133.77999877929688,135.7100067138672,132.75999450683594,133.41000366210938,122.16925048828125,9966100
2022-12-15,131.14999389648438,132.0800018310547,129.0500030517578,130.10000610351562,119.1381607055664,12087800
2022-12-16,129.14999389648438,129.89999389648438,128.42999267578125,129.2899932861328,118.39640808105469,21133700
2022-12-19,129.64999389648438,131.3300018310547,129.08999633789062,130.05999755859375,119.10153198242188,9017200
2022-12-20,130.97000122070312,132.0500030517578,130.1999969482422,130.69000244140625,119.67845916748047,8549900
2022-12-21,132.17999267578125,132.97999572753906,131.77000427246094,132.16000366210938,121.02461242675781,8051700
2022-12-22,131.10000610351562,131.3000030517578,128.41000366210938,130.66000366210938,119.65098571777344,8648200
2022-12-23,130.5800018310547,131.44000244140625,129.63999938964844,131.27999877929688,120.21874237060547,5091900
2022-12-27,131.57000732421875,132.22000122070312,130.5500030517578,131.74000549316406,120.63996124267578,5411000
2022-12-28,131.85000610351562,133.41000366210938,131.00999450683594,132.4600067138672,121.29933166503906,8827700
2022-12-29,132.92999267578125,133.27000427246094,132.30999755859375,133.22000122070312,121.99527740478516,6585200
2022-12-30,132.80999755859375,134.3300018310547,132.44000244140625,134.10000610351562,122.80111694335938,9292500
2023-01-03,135.24000549316406,136.74000549316406,133.88999938964844,135.1199951171875,123.73519897460938,11054800
2023-01-04,135.99000549316406,137.67999267578125,135.57000732421875,136.3800048828125,124.88904571533203,11687600
2023-01-05,135.66000366210938,135.7100067138672,133.6999969482422,135.35000610351562,124.86136627197266,8381300
2023-01-06,136.1300048828125,138.3800048828125,134.49000549316406,137.94000244140625,127.2506332397461,10029100
2023-01-09,138.60000610351562,138.8800048828125,136.8800048828125,137.3699951171875,126.72482299804688,8482300
2023-01-10,137.7899932861328,138.72000122070312,137.30999755859375,138.60000610351562,127.85948181152344,9048700
2023-01-11,138.89999389648438,139.75,138.10000610351562,139.6300048828125,128.80966186523438,8703700
2023-01-12,140.0,140.86000061035156,139.22000122070312,139.49000549316406,128.68051147460938,11001700
2023-01-13,135.60000610351562,143.49000549316406,134.8000030517578,143.00999450683594,131.927734375,20200000
2023-01-17,141.1699981689453,141.5399932861328,139.22999572753906,140.8000030517578,129.88902282714844,14292900
2023-01-18,138.9199981689453,140.72999572753906,136.41000366210938,136.57000732421875,125.98683166503906,13392600
2023-01-19,135.32000732421875,135.89999389648438,133.58999633789062,134.75,124.30785369873047,13303400
2023-01-20,135.16000366210938,135.49000549316406,133.5500030517578,135.0800018310547,124.61225128173828,13092500
2023-01-23,135.1199951171875,137.9600067138672,134.82000732421875,137.27000427246094,126.6325912475586,10487100
2023-01-24,136.4199981689453,140.2899932861328,135.0,138.4499969482422,127.72113800048828,6945000
2023-01-25,138.0500030517578,139.1199951171875,137.25,139.1199951171875,128.33921813964844,8967000
2023-01-26,139.4199981689453,140.05999755859375,138.36000061035156,139.97999572753906,129.132568359375,7487600
2023-01-27,140.61000061035156,141.25999450683594,139.75,140.32000732421875,129.4462127685547,7489900
2023-01-30,139.22999572753906,140.08999633789062,138.91000366210938,139.1300048828125,128.3484649658203,6729300
2023-01-31,139.8800048828125,140.07000732421875,138.25,139.9600067138672,129.1140899658203,9188700
2023-02-01,138.2100067138672,140.8800048828125,138.1199951171875,139.58999633789062,128.77279663085938,8841800
2023-02-02,140.0,140.4600067138672,138.0,138.94000244140625,128.1731719970703,11822100
2023-02-03,138.17999267578125,142.3300018310547,138.1300048828125,141.08999633789062,130.15652465820312,11501200
2023-02-06,140.22999572753906,142.24000549316406,140.02999877929688,141.9199981689453,130.92221069335938,8406200
2023-02-07,141.3800048828125,144.33999633789062,141.17999267578125,143.64999389648438,132.51812744140625,10447900
2023-02-08,142.64999389648438,144.0399932861328,142.27999877929688,142.63999938964844,131.58641052246094,6958000
2023-02-09,143.1199951171875,143.33999633789062,139.8699951171875,140.4199981689453,129.5384521484375,6443100
2023-02-10,139.77999877929688,141.27999877929688,138.58999633789062,141.0399932861328,130.1104278564453,6582900
2023-02-13,141.3000030517578,142.72999572753906,140.74000549316406,142.57000732421875,131.5218963623047,7134600
2023-02-14,142.5,143.80999755859375,141.60000610351562,143.1999969482422,132.10302734375,9249400
2023-02-15,141.61000061035156,143.88999938964844,141.3000030517578,143.8000030517578,132.65655517578125,6728300
2023-02-16,142.91000366210938,143.38999938964844,141.67999267578125,141.82000732421875,130.82998657226562,8165300
2023-02-17,140.97999572753906,142.8300018310547,140.07000732421875,142.24000549316406,131.2174072265625,7948800
2023-02-21,140.69000244140625,141.33999633789062,138.75,139.6300048828125,128.80966186523438,9996300
2023-02-22,138.9199981689453,139.42999267578125,137.44000244140625,138.55999755859375,127.82262420654297,11107500
2023-02-23,138.72999572753906,140.1699981689453,137.94000244140625,139.6699981689453,128.84657287597656,8068000
2023-02-24,139.11000061035156,141.36000061035156,138.92999267578125,140.92999267578125,130.0089569091797,9126900
2023-02-27,142.11000061035156,143.30999755859375,141.72000122070312,142.16000366210938,131.1436309814453,10014700
2023-02-28,142.94000244140625,143.75999450683594,141.89999389648438,143.35000610351562,132.24143981933594,11019800
2023-03-01,142.10000610351562,143.4600067138672,141.8000030517578,142.5500030517578,131.5033721923828,7139200
2023-03-02,142.24000549316406,142.42999267578125,139.5399932861328,141.07000732421875,130.1381072998047,11106800
2023-03-03,141.50999450683594,143.74000549316406,141.0800018310547,143.66000366210938,132.52735900878906,9513100
2023-03-06,143.44000244140625,144.0399932861328,142.66000366210938,142.82000732421875,131.7524871826172,9261300
2023-03-07,142.00999450683594,142.30999755859375,137.80999755859375,138.6199951171875,127.8779525756836,11747600
2023-03-08,138.0,138.58999633789062,136.88999938964844,137.8000030517578,127.12149047851562,10002500
2023-03-09,136.75999450683594,137.35000610351562,129.22000122070312,130.33999633789062,120.23959350585938,25888100
2023-03-10,128.9600067138672,135.25999450683594,127.81999969482422,133.64999389648438,123.29307556152344,37599700
2023-03-13,131.2100067138672,133.8800048828125,129.41000366210938,131.25,121.07907104492188,42901100
2023-03-14,135.27999877929688,135.52999877929688,131.2899932861328,134.6199951171875,124.18791198730469,29648100
2023-03-15,130.97999572753906,130.99000549316406,126.7300033569336,128.25999450683594,118.3207778930664,34280600
2023-03-16,128.00999450683594,131.9499969482422,126.0199966430664,130.75,120.61780548095703,24558500
2023-03-17,128.3800048828125,128.47999572753906,125.44999694824219,125.80999755859375,116.06063842773438,38396000
2023-03-20,126.98999786376953,129.47000122070312,126.01000213623047,127.13999938964844,117.28756713867188,22875500
2023-03-21,130.58999633789062,131.72999572753906,130.19000244140625,130.5500030517578,120.43330383300781,17807800
2023-03-22,130.55999755859375,130.66000366210938,127.08000183105469,127.18000030517578,117.32447052001953,17250200
2023-03-23,127.9000015258789,129.52999877929688,126.0199966430664,126.83999633789062,117.01081085205078,16677600
2023-03-24,125.62999725341797,125.68000030517578,123.11000061035156,124.91000366210938,115.23038482666016,22311100
2023-03-27,126.79000091552734,129.3800048828125,126.29000091552734,128.49000549316406,118.532958984375,18853900
2023-03-28,128.7100067138672,129.33999633789062,127.73999786376953,128.8800048828125,118.89273834228516,10820500
2023-03-29,130.10000610351562,130.22000122070312,127.7699966430664,129.13999938964844,119.13257598876953,14595300
2023-03-30,129.9499969482422,130.1199951171875,127.6500015258789,128.75,118.77279663085938,12134700
2023-03-31,129.66000366210938,130.33999633789062,128.85000610351562,130.30999755859375,120.2119140625,13105200
2023-04-03,129.91000366210938,131.44000244140625,129.41000366210938,130.16000366210938,120.07353973388672,11775400
2023-04-04,130.5,130.58999633789062,127.41000366210938,128.4199981689453,118.4683609008789,11579900
2023-04-05,126.80000305175781,128.14999389648438,126.45999908447266,127.61000061035156,118.64502716064453,9614700
2023-04-06,127.0,128.0800018310547,126.86000061035156,127.47000122070312,118.51485443115234,8760200
2023-04-10,126.54000091552734,128.22999572753906,126.22000122070312,127.88999938964844,118.90534973144531,9477300
2023-04-11,128.3000030517578,128.94000244140625,127.54000091552734,128.52000427246094,119.49110412597656,10516300
2023-04-12,129.17999267578125,130.42999267578125,128.05999755859375,128.5,119.47249603271484,11821000
2023-04-13,128.4600067138672,129.0399932861328,126.83000183105469,128.99000549316406,119.9280776977539,12450200
2023-04-14,135.14999389648438,139.1199951171875,134.89999389648438,138.72999572753906,128.9838104248047,43931300
2023-04-17,139.9499969482422,140.05999755859375,137.66000366210938,139.8300018310547,130.0065460205078,16050500
2023-04-18,140.27000427246094,141.77999877929688,139.02999877929688,141.39999389648438,131.46621704101562,13760100
2023-04-19,141.22999572753906,141.5,140.39999389648438,141.22000122070312,131.2989044189453,9158100
2023-04-20,139.91000366210938,141.42999267578125,139.83999633789062,140.80999755859375,130.91769409179688,10586200
2023-04-21,139.74000549316406,141.11000061035156,138.77999877929688,140.5399932861328,130.6666259765625,11842500
2023-04-24,140.4600067138672,141.10000610351562,140.0399932861328,140.72999572753906,130.84332275390625,7567500
2023-04-25,139.60000610351562,139.9600067138672,137.6300048828125,137.6699981689453,127.998291015625,10629300
2023-04-26,137.6199951171875,137.80999755859375,134.0,135.22999572753906,125.72967529296875,14416100
2023-04-27,136.0,137.91000366210938,135.66000366210938,137.0500030517578,127.42180633544922,9041100
2023-04-28,136.55999755859375,138.32000732421875,135.6699981689453,138.24000549316406,128.52822875976562,9887300
2023-05-01,142.25999450683594,143.3699951171875,140.8300018310547,141.1999969482422,131.28030395507812,20415800
2023-05-02,141.39999389648438,142.41000366210938,138.42999267578125,138.9199981689453,129.16046142578125,14113400
2023-05-03,138.44000244140625,138.6699981689453,135.75999450683594,135.97999572753906,126.42698669433594,12930900
2023-05-04,134.9600067138672,135.72000122070312,131.80999755859375,134.1199951171875,124.6976547241211,17089200
2023-05-05,136.44000244140625,137.8800048828125,135.91000366210938,136.74000549316406,127.13362884521484,11261400
2023-05-08,137.49000549316406,137.97000122070312,136.47999572753906,137.07000732421875,127.44044494628906,7484900
2023-05-09,135.92999267578125,136.9499969482422,135.2100067138672,136.41000366210938,126.8268051147461,7343600
2023-05-10,137.9499969482422,138.05999755859375,134.8699951171875,136.47999572753906,126.89188385009766,8133400
2023-05-11,135.0,136.80999755859375,134.89999389648438,136.0500030517578,126.4920883178711,7057300
2023-05-12,136.82000732421875,136.99000549316406,133.1300048828125,134.10000610351562,124.67906951904297,9988600
2023-05-15,134.27000427246094,135.6699981689453,133.9600067138672,135.22999572753906,125.72967529296875,7639500
2023-05-16,135.4600067138672,135.94000244140625,133.9600067138672,134.32000732421875,124.8836441040039,6477200
2023-05-17,135.89999389648438,138.58999633789062,135.4600067138672,138.4499969482422,128.72349548339844,12711500
2023-05-18,138.27000427246094,139.72999572753906,137.75999450683594,139.5,129.69972229003906,10999600
2023-05-19,139.7899932861328,140.49000549316406,138.1300048828125,139.17999267578125,129.40220642089844,13492200
2023-05-22,141.0,141.63999938964844,137.66000366210938,138.02999877929688,128.3330078125,11402500
2023-05-23,137.5399932861328,139.02999877929688,136.4600067138672,136.58999633789062,126.99415588378906,9514900
2023-05-24,135.39999389648438,136.35000610351562,135.0800018310547,135.33999633789062,125.83197021484375,8578000
2023-05-25,134.82000732421875,136.27000427246094,134.5800018310547,135.6699981689453,126.13878631591797,8472500
2023-05-26,136.11000061035156,137.60000610351562,135.6300048828125,136.94000244140625,127.31952667236328,8579900
2023-05-30,136.8000030517578,137.72000122070312,136.02000427246094,137.4600067138672,127.80303192138672,7399900
2023-05-31,136.72999572753906,136.83999633789062,134.39999389648438,135.7100067138672,126.17598724365234,14219900
2023-06-01,136.52000427246094,138.22999572753906,135.4499969482422,137.5800018310547,127.91463470458984,12248100
2023-06-02,139.55999755859375,141.47999572753906,139.33999633789062,140.47000122070312,130.6015625,12922500
2023-06-05,140.11000061035156,140.11000061035156,138.1300048828125,139.08999633789062,129.31851196289062,8511900
2023-06-06,138.67999267578125,140.10000610351562,138.2100067138672,139.33999633789062,129.5509796142578,9329500
2023-06-07,139.5500030517578,141.27000427246094,138.8300018310547,140.69000244140625,130.80612182617188,9281400
2023-06-08,140.6699981689453,140.88999938964844,139.47999572753906,140.72999572753906,130.84332275390625,7368100
2023-06-09,140.35000610351562,141.8000030517578,140.2100067138672,141.00999450683594,131.10362243652344,7249100
2023-06-12,141.07000732421875,141.32000732421875,139.75999450683594,141.0,131.0943603515625,7596600
2023-06-13,140.47999572753906,142.8699951171875,140.13999938964844,142.02000427246094,132.04266357421875,7701600
2023-06-14,143.0,143.61000061035156,140.6999969482422,141.49000549316406,131.54991149902344,9068700
2023-06-15,140.58999633789062,143.39999389648438,140.02999877929688,143.08999633789062,133.03750610351562,9343100
2023-06-16,143.0500030517578,143.97000122070312,142.5,143.25999450683594,133.195556640625,13813500
2023-06-20,142.61000061035156,143.0,141.0399932861328,142.52999877929688,132.516845703125,8428600
2023-06-21,142.89999389648438,144.02000427246094,141.69000244140625,142.32000732421875,132.32164001464844,9926500
2023-06-22,142.30999755859375,142.60000610351562,138.9499969482422,139.5800018310547,129.77410888671875,10075200
2023-06-23,138.5399932861328,139.17999267578125,137.6199951171875,138.85000610351562,129.09536743164062,9919500
2023-06-26,138.8699951171875,140.00999450683594,137.69000244140625,139.19000244140625,129.4114990234375,8429700
2023-06-27,139.0,139.83999633789062,138.5399932861328,139.1999969482422,129.42079162597656,8154000
2023-06-28,139.16000366210938,139.2100067138672,137.9600067138672,138.58999633789062,128.85362243652344,7558600
2023-06-29,140.07000732421875,143.55999755859375,139.85000610351562,143.42999267578125,133.35362243652344,15423200
2023-06-30,144.60000610351562,146.0,143.66000366210938,145.44000244140625,135.22242736816406,14212800
2023-07-03,146.19000244140625,147.47999572753906,146.0,146.61000061035156,136.3102264404297,8021600
2023-07-05,144.94000244140625,145.42999267578125,144.36000061035156,144.63999938964844,135.4021759033203,8934900
2023-07-06,143.02000427246094,143.38999938964844,141.44000244140625,143.2100067138672,134.06349182128906,9709500
2023-07-07,143.91000366210938,145.83999633789062,143.0,144.33999633789062,135.12130737304688,8981500
2023-07-10,144.5,145.99000549316406,144.5,145.14999389648438,135.8795928955078,9100100
2023-07-11,146.33999633789062,147.82000732421875,145.7100067138672,147.4199981689453,138.00460815429688,11260900
2023-07-12,147.4499969482422,149.8699951171875,147.0,148.14999389648438,138.68797302246094,11323200
2023-07-13,148.6999969482422,149.3699951171875,147.75,148.8699951171875,139.36203002929688,11234900
2023-07-14,151.5500030517578,152.88999938964844,148.41000366210938,149.77000427246094,140.2045440673828,27028400
2023-07-17,150.35000610351562,153.75,150.35000610351562,153.3800048828125,143.5839385986328,17262400
2023-07-18,153.3800048828125,154.39999389648438,152.82000732421875,153.66000366210938,143.8461151123047,13491700
2023-07-19,152.75,155.2100067138672,152.22000122070312,154.25,144.39840698242188,12510000
2023-07-20,154.52999877929688,156.58999633789062,154.41000366210938,156.14999389648438,146.17703247070312,9935900
2023-07-21,155.8000030517578,156.13999938964844,154.69000244140625,154.9499969482422,145.0537109375,10636400
2023-07-24,154.97000122070312,158.7899932861328,154.72999572753906,158.0,147.9088897705078,14381400
2023-07-25,157.3000030517578,157.72000122070312,155.9600067138672,156.82000732421875,146.80426025390625,9944700
2023-07-26,156.7100067138672,158.25,156.27999877929688,157.75999450683594,147.6842041015625,8728600
2023-07-27,157.77000427246094,158.77999877929688,155.5500030517578,156.02000427246094,146.05532836914062,10778400
2023-07-28,157.27999877929688,157.60000610351562,156.44000244140625,156.91000366210938,146.8885498046875,9103800
2023-07-31,157.17999267578125,159.3800048828125,157.14999389648438,157.9600067138672,147.8714599609375,8892700
2023-08-01,157.42999267578125,158.0,156.14999389648438,157.17999267578125,147.14126586914062,6853900
2023-08-02,155.55999755859375,155.69000244140625,153.94000244140625,155.39999389648438,145.47496032714844,8299400
2023-08-03,155.0,156.9199981689453,154.35000610351562,156.35000610351562,146.36427307128906,6084000
2023-08-04,156.39999389648438,157.8000030517578,155.6999969482422,156.02000427246094,146.05532836914062,6209400
2023-08-07,156.60000610351562,157.6999969482422,156.60000610351562,156.75999450683594,146.74807739257812,7251800
2023-08-08,154.32000732421875,155.97999572753906,152.58999633789062,155.8800048828125,145.92428588867188,8623400
2023-08-09,155.32000732421875,155.52000427246094,153.47000122070312,153.7899932861328,143.9677734375,6277800
2023-08-10,154.3800048828125,155.44000244140625,153.08999633789062,153.55999755859375,143.75245666503906,5995100
2023-08-11,153.02999877929688,154.52000427246094,152.6300048828125,154.4499969482422,144.58563232421875,5180700
2023-08-14,153.61000061035156,154.9199981689453,152.9199981689453,154.77000427246094,144.8852081298828,5044300
2023-08-15,152.85000610351562,153.27000427246094,150.22999572753906,150.8300018310547,141.1968231201172,10300300
2023-08-16,150.60000610351562,150.9600067138672,149.67999267578125,150.19000244140625,140.5977020263672,6978200
2023-08-17,150.8800048828125,151.25999450683594,148.39999389648438,148.6300048828125,139.13734436035156,9953900
2023-08-18,147.64999389648438,149.5,147.44000244140625,148.97000122070312,139.45562744140625,8517500
2023-08-21,149.64999389648438,150.10000610351562,148.02000427246094,149.47999572753906,139.9330596923828,8327000
2023-08-22,149.25999450683594,149.63999938964844,145.85000610351562,146.3800048828125,137.03102111816406,9673300
2023-08-23,146.35000610351562,147.58999633789062,145.4600067138672,147.3699951171875,137.95777893066406,7858000
2023-08-24,147.5,149.41000366210938,146.99000549316406,147.22999572753906,137.8267364501953,6534000
2023-08-25,147.27999877929688,148.6199951171875,145.85000610351562,147.0500030517578,137.65826416015625,6695500
2023-08-28,147.57000732421875,148.61000061035156,147.1300048828125,147.55999755859375,138.1356658935547,5094100
2023-08-29,147.7100067138672,148.85000610351562,147.17999267578125,148.75999450683594,139.259033203125,6337000
2023-08-30,148.6199951171875,149.14999389648438,147.19000244140625,148.16000366210938,138.6973419189453,6277300
2023-08-31,148.25999450683594,148.35000610351562,145.9600067138672,146.3300018310547,136.9842071533203,10933900
2023-09-01,146.08999633789062,148.0800018310547,145.6999969482422,146.82000732421875,137.44293212890625,7903500
2023-09-05,147.16000366210938,148.2100067138672,145.00999450683594,145.1999969482422,135.9263916015625,7854700
2023-09-06,144.6999969482422,145.5399932861328,144.11000061035156,144.9600067138672,135.7017364501953,8629200
2023-09-07,144.1300048828125,145.27000427246094,143.38999938964844,143.72000122070312,134.54095458984375,8373700
2023-09-08,143.3699951171875,144.1199951171875,142.64999389648438,143.8300018310547,134.64390563964844,7107900
2023-09-11,144.75,145.0500030517578,143.69000244140625,144.4600067138672,135.2336883544922,6854200
2023-09-12,144.5,147.32000732421875,144.0500030517578,146.33999633789062,136.9936065673828,8363200
2023-09-13,147.33999633789062,147.6999969482422,145.82000732421875,146.41000366210938,137.0591278076172,8325900
2023-09-14,147.83999633789062,149.89999389648438,147.52000427246094,149.25,139.71774291992188,10034900
2023-09-15,148.9199981689453,149.72999572753906,148.30999755859375,148.80999755859375,139.30584716796875,19863400
2023-09-18,148.16000366210938,149.13999938964844,147.75,149.1199951171875,139.59603881835938,6512400
2023-09-19,149.5,149.72000122070312,147.2100067138672,148.92999267578125,139.4181671142578,7943400
2023-09-20,149.64999389648438,150.25,148.13999938964844,148.3000030517578,138.82843017578125,7332000
2023-09-21,147.5800018310547,148.85000610351562,146.6300048828125,147.13999938964844,137.74249267578125,8052400
2023-09-22,147.2899932861328,147.50999450683594,145.19000244140625,145.72999572753906,136.42257690429688,7071700
2023-09-25,145.35000610351562,146.52000427246094,143.6999969482422,146.4499969482422,137.09658813476562,7044700
2023-09-26,144.60000610351562,145.83999633789062,144.22999572753906,144.92999267578125,135.6736602783203,7468400
2023-09-27,145.19000244140625,146.08999633789062,144.50999450683594,145.77999877929688,136.46934509277344,6717800
2023-09-28,146.27999877929688,148.8699951171875,146.00999450683594,147.58999633789062,138.16375732421875,8868100
2023-09-29,148.60000610351562,148.75999450683594,144.86000061035156,145.02000427246094,135.7578887939453,11917800
2023-10-02,144.8300018310547,145.6199951171875,142.6300048828125,143.77000427246094,134.58773803710938,9170600
2023-10-03,143.1999969482422,143.58999633789062,142.35000610351562,142.7100067138672,133.59542846679688,9431100
2023-10-04,143.19000244140625,143.47000122070312,141.92999267578125,143.35000610351562,134.194580078125,8128700
2023-10-05,142.0399932861328,143.10000610351562,140.8300018310547,142.89999389648438,134.76034545898438,8576200
2023-10-06,142.91000366210938,145.8800048828125,142.13999938964844,145.10000610351562,136.8350830078125,10270600
2023-10-09,143.66000366210938,145.39999389648438,143.5,144.77000427246094,136.5238800048828,6964900
2023-10-10,145.4199981689453,146.77000427246094,145.27999877929688,145.64999389648438,137.35372924804688,11288800
2023-10-11,146.50999450683594,147.22999572753906,145.02000427246094,146.14999389648438,137.82525634765625,8698200
2023-10-12,146.3000030517578,146.9600067138672,145.1300048828125,145.80999755859375,137.50460815429688,10484400
2023-10-13,148.5,153.11000061035156,147.83999633789062,148.0,139.56988525390625,29427000
2023-10-16,149.4499969482422,149.52000427246094,146.72000122070312,147.85000610351562,139.42843627929688,12663500
2023-10-17,147.57000732421875,149.30999755859375,146.7899932861328,147.52999877929688,139.12664794921875,11482700
2023-10-18,146.58999633789062,147.47999572753906,145.3699951171875,145.91000366210938,137.5989227294922,9620300
2023-10-19,145.47999572753906,147.02000427246094,144.8800048828125,145.2899932861328,137.01425170898438,11143600
2023-10-20,144.57000732421875,145.13999938964844,142.1199951171875,142.9499969482422,134.80752563476562,13332900
2023-10-23,142.94000244140625,143.67999267578125,140.72999572753906,141.0,132.96859741210938,10133400
2023-10-24,141.19000244140625,141.72999572753906,140.36000061035156,141.1699981689453,133.1289520263672,8881400
2023-10-25,140.57000732421875,141.17999267578125,139.50999450683594,140.39999389648438,132.40277099609375,8242600
2023-10-26,139.75999450683594,141.6699981689453,139.42999267578125,140.75999450683594,132.74229431152344,9109400
2023-10-27,138.9499969482422,139.10000610351562,135.19000244140625,135.69000244140625,127.96107482910156,17434700
2023-10-30,136.44000244140625,138.0399932861328,136.0399932861328,137.4199981689453,129.59251403808594,9855500
2023-10-31,137.7100067138672,139.24000549316406,137.47000122070312,139.05999755859375,131.1391143798828,9672500
2023-11-01,139.25,140.52999877929688,138.47000122070312,138.94000244140625,131.02593994140625,9432000
2023-11-02,140.08999633789062,141.47999572753906,139.22999572753906,141.4199981689453,133.3647003173828,10186200
2023-11-03,142.19000244140625,143.77000427246094,141.85000610351562,143.0,134.8546905517578,9538700
2023-11-06,143.1699981689453,144.19000244140625,142.7899932861328,144.0800018310547,135.87318420410156,7625100
2023-11-07,143.50999450683594,144.25999450683594,142.82000732421875,144.00999450683594,135.80714416503906,6297900
2023-11-08,144.11000061035156,144.83999633789062,143.6199951171875,144.72000122070312,136.47671508789062,7618200
2023-11-09,145.44000244140625,145.64999389648438,143.6999969482422,144.2899932861328,136.0712127685547,7992500
2023-11-10,144.94000244140625,146.47999572753906,144.0800018310547,146.42999267578125,138.0893096923828,7983300
2023-11-13,145.6999969482422,146.25,145.16000366210938,145.77999877929688,137.47633361816406,6676300
2023-11-14,146.67999267578125,149.25,146.52000427246094,148.44000244140625,139.98484802246094,9927700
2023-11-15,148.4600067138672,150.16000366210938,148.4600067138672,149.74000549316406,141.21078491210938,8365300
2023-11-16,150.08999633789062,151.52999877929688,150.08999633789062,151.4499969482422,142.82337951660156,8126200
2023-11-17,152.1999969482422,152.86000061035156,151.5399932861328,152.82000732421875,144.11534118652344,7812400
2023-11-20,152.0800018310547,153.75,151.9199981689453,153.2899932861328,144.5585479736328,7019000
2023-11-21,153.1999969482422,153.6300048828125,152.57000732421875,152.97000122070312,144.2567901611328,7083500
2023-11-22,153.41000366210938,153.8800048828125,152.89999389648438,153.3300018310547,144.59629821777344,5174500
2023-11-24,153.58999633789062,154.44000244140625,153.27999877929688,153.5399932861328,144.7943115234375,3496900
2023-11-27,153.42999267578125,153.52999877929688,152.7100067138672,153.19000244140625,144.46426391601562,6259100
2023-11-28,153.22000122070312,153.8699951171875,152.72000122070312,153.5399932861328,144.7943115234375,6582700
2023-11-29,154.1699981689453,155.6300048828125,154.0,154.32000732421875,145.52992248535156,9126100
2023-11-30,154.91000366210938,156.1300048828125,154.3800048828125,156.0800018310547,147.1896514892578,9869800
2023-12-01,155.82000732421875,157.86000061035156,155.82000732421875,156.83999633789062,147.90635681152344,8916000
2023-12-04,156.02000427246094,158.0500030517578,155.8800048828125,157.99000549316406,148.99082946777344,9607500
2023-12-05,157.25999450683594,158.5,156.97000122070312,157.97000122070312,148.97201538085938,9135600
2023-12-06,158.83999633789062,159.22000122070312,156.0,156.30999755859375,147.40652465820312,9366000
2023-12-07,156.69000244140625,157.30999755859375,156.14999389648438,156.7899932861328,147.85922241210938,8130900
2023-12-08,157.25999450683594,158.77999877929688,156.97999572753906,158.52000427246094,149.49066162109375,7369400
2023-12-11,158.52000427246094,159.3000030517578,158.14999389648438,159.10000610351562,150.03761291503906,8093900
2023-12-12,159.22999572753906,160.64999389648438,158.8800048828125,160.52000427246094,151.37673950195312,10223000
2023-12-13,160.52000427246094,162.02999877929688,159.77000427246094,161.05999755859375,151.88600158691406,12379100
2023-12-14,161.8300018310547,164.83999633789062,161.7100067138672,163.99000549316406,154.64910888671875,13643000
2023-12-15,163.0800018310547,165.27999877929688,162.38999938964844,165.22999572753906,155.81845092773438,20309300
2023-12-18,165.9199981689453,167.1300048828125,165.6300048828125,166.22999572753906,156.76150512695312,8469600
2023-12-19,166.0,168.47000122070312,165.5500030517578,168.4499969482422,158.85504150390625,10345700
2023-12-20,167.99000549316406,169.41000366210938,166.4499969482422,166.5500030517578,157.0632781982422,10734700
2023-12-21,166.83999633789062,168.08999633789062,165.67999267578125,167.5,157.9591827392578,7601700
2023-12-22,167.5,168.22999572753906,167.22999572753906,167.39999389648438,157.8648681640625,6576300
2023-12-26,167.4600067138672,168.77000427246094,167.17999267578125,168.38999938964844,158.79847717285156,4683600
2023-12-27,167.83999633789062,169.47000122070312,167.5800018310547,169.39999389648438,159.7509307861328,6428600
2023-12-28,169.35000610351562,170.66000366210938,169.0,170.3000030517578,160.59967041015625,6320100
2023-12-29,170.0,170.69000244140625,169.6300048828125,170.10000610351562,160.41107177734375,6435100
2024-01-02,169.08999633789062,172.1699981689453,168.91000366210938,172.0800018310547,162.27828979492188,9977400
2024-01-03,171.86000061035156,172.0399932861328,170.3699951171875,171.3300018310547,161.57101440429688,9852300
2024-01-04,170.63999938964844,173.35000610351562,170.5399932861328,171.41000366210938,162.64320373535156,11972500
2024-01-05,171.47000122070312,173.3800048828125,171.47000122070312,172.27000427246094,163.459228515625,10066000
2024-01-08,172.02000427246094,172.36000061035156,169.49000549316406,172.02000427246094,163.22201538085938,11229900
2024-01-09,171.6199951171875,171.7899932861328,170.10000610351562,170.66000366210938,161.9315948486328,9923600
2024-01-10,170.0,171.0800018310547,168.9499969482422,171.02000427246094,162.27316284179688,9670200
2024-01-11,170.3300018310547,170.36000061035156,168.63999938964844,170.3000030517578,161.58999633789062,11919500
2024-01-12,173.8000030517578,176.30999755859375,168.89999389648438,169.0500030517578,160.4039306640625,19436500
2024-01-16,164.8699951171875,168.08999633789062,164.3000030517578,167.99000549316406,159.3981475830078,17206400
2024-01-17,167.33999633789062,169.07000732421875,166.49000549316406,167.08999633789062,158.544189453125,11107500
2024-01-18,167.1199951171875,167.52999877929688,165.24000549316406,167.4199981689453,158.85728454589844,9382300
2024-01-19,167.5500030517578,170.57000732421875,167.0800018310547,170.30999755859375,161.5994873046875,13115700
2024-01-22,170.4600067138672,171.97999572753906,169.7100067138672,170.11000061035156,161.4097137451172,12837500
2024-01-23,169.6699981689453,169.75,168.44000244140625,168.99000549316406,160.3470001220703,8360800
2024-01-24,169.36000061035156,171.00999450683594,168.86000061035156,170.5,161.7797393798828,9967100
2024-01-25,172.30999755859375,172.99000549316406,170.91000366210938,172.94000244140625,164.094970703125,8873500
2024-01-26,172.61000061035156,173.05999755859375,171.77999877929688,172.27999877929688,163.46873474121094,7443000
2024-01-29,172.24000549316406,172.83999633789062,171.3000030517578,172.72999572753906,163.89572143554688,6971200
2024-01-30,172.8300018310547,176.75999450683594,172.8300018310547,176.27000427246094,167.25466918945312,10822100
2024-01-31,176.1999969482422,178.3000030517578,174.33999633789062,174.36000061035156,165.4423370361328,11521800
2024-02-01,173.63999938964844,174.83999633789062,171.42999267578125,173.72999572753906,164.8445587158203,9354800
2024-02-02,173.3000030517578,175.82000732421875,173.25999450683594,174.72999572753906,165.7933807373047,8607600
2024-02-05,173.86000061035156,175.08999633789062,172.9199981689453,174.5,165.57516479492188,7820200
2024-02-06,174.61000061035156,175.8699951171875,173.75999450683594,175.10000610351562,166.14450073242188,6764800
2024-02-07,175.69000244140625,175.8699951171875,173.9600067138672,175.42999267578125,166.45761108398438,7225500
2024-02-08,175.0,175.30999755859375,173.57000732421875,174.8000030517578,165.85984802246094,6060300
2024-02-09,175.0,175.10000610351562,173.6699981689453,175.00999450683594,166.05911254882812,6296700
2024-02-12,174.77999877929688,176.80999755859375,173.6999969482422,175.7899932861328,166.79917907714844,8539300
2024-02-13,175.32000732421875,176.22999572753906,172.6199951171875,174.25999450683594,165.34742736816406,8397600
2024-02-14,175.07000732421875,176.10000610351562,174.4199981689453,176.02999877929688,167.0269317626953,7056700
2024-02-15,176.14999389648438,180.2100067138672,176.14999389648438,179.8699951171875,170.6705322265625,8723400
2024-02-16,179.61000061035156,179.97999572753906,178.16000366210938,179.02999877929688,169.87350463867188,8152600
2024-02-20,179.19000244140625,180.4600067138672,178.41000366210938,179.72999572753906,170.53770446777344,9668000
2024-02-21,179.9499969482422,180.99000549316406,178.52000427246094,180.89999389648438,171.6478271484375,7024000
2024-02-22,181.82000732421875,183.4199981689453,181.24000549316406,183.07000732421875,173.70684814453125,9296500
2024-02-23,183.80999755859375,185.1999969482422,183.19000244140625,183.99000549316406,174.57981872558594,7105800
2024-02-26,183.75,184.4600067138672,182.47999572753906,183.36000061035156,173.98204040527344,7145400
2024-02-27,183.30999755859375,183.5399932861328,182.24000549316406,183.4499969482422,174.06741333007812,5717100
2024-02-28,183.42999267578125,185.1999969482422,182.9600067138672,184.3800048828125,174.94985961914062,6131600
2024-02-29,185.66000366210938,186.42999267578125,183.85000610351562,186.05999755859375,176.5439453125,9643000
2024-03-01,185.6999969482422,186.44000244140625,185.10000610351562,185.2899932861328,175.8133087158203,6311800
2024-03-04,184.7100067138672,187.58999633789062,184.27000427246094,186.67999267578125,177.13221740722656,7063600
2024-03-05,186.36000061035156,189.3000030517578,186.36000061035156,188.5500030517578,178.90658569335938,6617800
2024-03-06,189.25,190.07000732421875,187.6300048828125,189.52999877929688,179.8364715576172,7572900
2024-03-07,189.91000366210938,190.5,186.6300048828125,187.8699951171875,178.26136779785156,7618300
2024-03-08,188.44000244140625,190.4600067138672,187.9199981689453,188.22000122070312,178.59347534179688,6172200
2024-03-11,187.27999877929688,188.44000244140625,186.22000122070312,188.2899932861328,178.65989685058594,5762600
2024-03-12,188.9499969482422,190.16000366210938,187.91000366210938,189.83999633789062,180.13058471679688,5708400
2024-03-13,190.36000061035156,191.72999572753906,189.83999633789062,191.3800048828125,181.5918731689453,7795500
2024-03-14,191.02999877929688,191.6300048828125,187.10000610351562,187.97000122070312,178.35626220703125,10310900
2024-03-15,186.47999572753906,190.94000244140625,186.47999572753906,190.3000030517578,180.56707763671875,17214200
2024-03-18,190.6300048828125,192.6999969482422,189.88999938964844,192.66000366210938,182.80638122558594,9013800
2024-03-19,192.7100067138672,193.92999267578125,192.3800048828125,193.7899932861328,183.87857055664062,8478700
2024-03-20,194.19000244140625,196.55999755859375,193.61000061035156,196.3300018310547,186.28868103027344,9367000
2024-03-21,196.52000427246094,199.42999267578125,196.3300018310547,199.05999755859375,188.87904357910156,11203800
2024-03-22,199.00999450683594,200.47999572753906,196.5399932861328,196.6199951171875,186.56385803222656,8108800
2024-03-25,196.60000610351562,196.94000244140625,194.36000061035156,194.82000732421875,184.8559112548828,8620000
2024-03-26,194.58999633789062,196.66000366210938,194.05999755859375,195.72999572753906,185.7193603515625,5961500
2024-03-27,196.5,199.60000610351562,196.3800048828125,199.52000427246094,189.31553649902344,8725800
2024-03-28,199.49000549316406,200.72000122070312,198.5399932861328,200.3000030517578,190.05563354492188,8628300
2024-04-01,199.99000549316406,200.94000244140625,198.57000732421875,198.94000244140625,188.76519775390625,7309000
2024-04-02,198.38999938964844,199.77999877929688,198.0800018310547,198.86000061035156,188.6892852783203,7014700
2024-04-03,199.0399932861328,199.55999755859375,197.6999969482422,198.3000030517578,188.1579132080078,9353400
2024-04-04,199.14999389648438,199.67999267578125,195.5500030517578,195.64999389648438,186.72634887695312,9243800
2024-04-05,196.16000366210938,198.1199951171875,195.11000061035156,197.4499969482422,188.44422912597656,6532300
2024-04-08,197.6199951171875,198.97999572753906,197.6199951171875,198.47999572753906,189.42726135253906,8001000
2024-04-09,198.07000732421875,198.8800048828125,194.91000366210938,197.14999389648438,188.15792846679688,7351500
2024-04-10,195.5500030517578,197.07000732421875,194.17999267578125,195.47000122070312,186.55453491210938,7681400
2024-04-11,196.0,196.57000732421875,193.24000549316406,195.42999267578125,186.51638793945312,10137700
2024-04-12,188.32000732421875,188.92999267578125,182.5399932861328,182.7899932861328,174.45289611816406,31532300
2024-04-15,184.5,187.4600067138672,182.1999969482422,182.88999938964844,174.54832458496094,14766600
2024-04-16,182.89999389648438,183.16000366210938,179.64999389648438,180.8000030517578,172.55364990234375,16451800
2024-04-17,181.3699951171875,182.4199981689453,179.1999969482422,180.0800018310547,171.8665008544922,9017100
2024-04-18,181.10000610351562,183.36000061035156,179.97000122070312,181.25,172.98312377929688,9557700
2024-04-19,182.39999389648438,185.8800048828125,181.41000366210938,185.8000030517578,177.32559204101562,13402300
2024-04-22,185.99000549316406,190.1300048828125,185.97999572753906,189.41000366210938,180.77093505859375,11529700
2024-04-23,191.1300048828125,192.22999572753906,190.52000427246094,192.13999938964844,183.37644958496094,9144400
2024-04-24,190.52999877929688,193.22999572753906,190.1699981689453,193.0800018310547,184.2735595703125,6964900
2024-04-25,192.25,193.94000244140625,191.17999267578125,193.3699951171875,184.55030822753906,9802300
2024-04-26,193.57000732421875,194.8699951171875,193.05999755859375,193.49000549316406,184.6648712158203,6413700
2024-04-29,193.47999572753906,194.25999450683594,192.42999267578125,193.27999877929688,184.4644317626953,5387800
2024-04-30,192.80999755859375,194.99000549316406,191.63999938964844,191.74000549316406,182.9946746826172,8153700
2024-05-01,192.27000427246094,194.4600067138672,190.7899932861328,191.86000061035156,183.1091766357422,7445300
2024-05-02,193.07000732421875,193.5,189.52000427246094,191.66000366210938,182.9183349609375,6501700
2024-05-03,192.0,192.52999877929688,188.4600067138672,190.50999450683594,181.82078552246094,8922800
2024-05-06,191.72999572753906,192.1999969482422,189.82000732421875,192.0,183.24282836914062,7911100
2024-05-07,191.6999969482422,192.92999267578125,191.64999389648438,191.75,183.0042266845703,7688800
2024-05-08,191.0,196.64999389648438,191.0,195.64999389648438,186.72634887695312,9227600
2024-05-09,195.1699981689453,197.58999633789062,195.10000610351562,197.5,188.49195861816406,7977300
2024-05-10,198.5399932861328,199.33999633789062,198.27000427246094,198.77000427246094,189.70404052734375,7529800
2024-05-13,198.8000030517578,199.85000610351562,198.0399932861328,198.72999572753906,189.6658477783203,7049200
2024-05-14,199.0,201.5800018310547,198.16000366210938,201.50999450683594,192.3190460205078,8596200
2024-05-15,202.00999450683594,202.69000244140625,199.77000427246094,202.11000061035156,192.89169311523438,8370000
2024-05-16,202.22000122070312,204.47999572753906,201.99000549316406,202.47000122070312,193.2352752685547,8497900
2024-05-17,203.80999755859375,205.0500030517578,202.80999755859375,204.7899932861328,195.449462890625,9260500
2024-05-20,204.38999938964844,205.8800048828125,195.39999389648438,195.5800018310547,186.65951538085938,17373300
2024-05-21,197.0,199.89999389648438,196.60000610351562,199.52000427246094,190.41983032226562,14420800
2024-05-22,199.0,200.94000244140625,197.69000244140625,198.30999755859375,189.26499938964844,9425300
2024-05-23,197.80999755859375,198.3000030517578,196.07000732421875,196.9199981689453,187.93841552734375,8069400
2024-05-24,197.75,200.75999450683594,197.55999755859375,200.7100067138672,191.55555725097656,7356200
2024-05-28,199.86000061035156,200.41000366210938,198.66000366210938,199.5,190.40074157714844,6910200
2024-05-29,198.0,198.99000549316406,196.88999938964844,198.11000061035156,189.07412719726562,6120000
2024-05-30,198.55999755859375,199.85000610351562,198.39999389648438,199.3300018310547,190.23851013183594,6829100
2024-05-31,199.3000030517578,203.3000030517578,198.35000610351562,202.6300048828125,193.3879852294922,14417900
2024-06-03,202.30999755859375,202.4199981689453,199.19000244140625,201.82000732421875,192.61492919921875,6444300
2024-06-04,200.16000366210938,201.97999572753906,198.27999877929688,199.16000366210938,190.07623291015625,6848300
2024-06-05,199.75999450683594,199.82000732421875,196.9199981689453,197.25999450683594,188.26287841796875,8351600
2024-06-06,197.25999450683594,198.02000427246094,195.3300018310547,196.91000366210938,187.92889404296875,7640300
2024-06-07,197.42999267578125,200.9199981689453,197.00999450683594,199.9499969482422,190.8302001953125,6964500
2024-06-10,199.24000549316406,200.83999633789062,198.44000244140625,199.61000061035156,190.50572204589844,6070800
2024-06-11,197.91000366210938,197.94000244140625,193.60000610351562,194.36000061035156,185.49517822265625,9235300
2024-06-12,196.0,196.72000122070312,191.30999755859375,191.52999877929688,182.7942657470703,12751300
2024-06-13,192.32000732421875,194.5800018310547,190.8800048828125,193.66000366210938,184.8271026611328,8587800
2024-06-14,191.4499969482422,194.86000061035156,191.4199981689453,193.77999877929688,184.94161987304688,6874000
2024-06-17,193.47999572753906,195.5800018310547,192.63999938964844,194.97999572753906,186.08688354492188,8725400
2024-06-18,194.60000610351562,197.9600067138672,194.1300048828125,197.0,188.0147705078125,9023000
2024-06-20,196.38999938964844,199.4499969482422,196.11000061035156,198.6699981689453,189.60861206054688,8731100
2024-06-21,196.7100067138672,197.1699981689453,194.22000122070312,196.3000030517578,187.34669494628906,20972100
2024-06-24,197.80999755859375,199.22999572753906,197.10000610351562,198.8800048828125,189.80902099609375,9785900
2024-06-25,198.08999633789062,200.07000732421875,197.74000549316406,198.07000732421875,189.0359649658203,6862500
2024-06-26,197.4499969482422,197.94000244140625,196.27999877929688,197.42999267578125,188.4251251220703,7758600
2024-06-27,197.44000244140625,199.86000061035156,196.89999389648438,199.1699981689453,190.0857696533203,7913500
2024-06-28,200.00999450683594,202.60000610351562,199.3000030517578,202.25999450683594,193.03485107421875,15307600
2024-07-01,202.83999633789062,207.08999633789062,202.66000366210938,205.4499969482422,196.07933044433594,10205800
2024-07-02,205.2899932861328,208.86000061035156,204.77000427246094,208.8300018310547,199.30520629882812,7802900
2024-07-03,209.5500030517578,210.3800048828125,207.64999389648438,208.69000244140625,199.1715850830078,5560900
2024-07-05,206.99000549316406,207.3699951171875,204.52000427246094,204.7899932861328,196.532470703125,8093100
2024-07-08,205.0399932861328,206.89999389648438,203.97000122070312,205.1699981689453,196.8971405029297,8707000
2024-07-09,205.6300048828125,209.75999450683594,205.4499969482422,207.6300048828125,199.25796508789062,9058900
2024-07-10,206.13999938964844,207.97000122070312,205.5800018310547,207.8000030517578,199.4210968017578,8328500
2024-07-11,206.2100067138672,208.10000610351562,205.3800048828125,207.4499969482422,199.08517456054688,10658100
2024-07-12,204.0,207.4499969482422,202.10000610351562,204.94000244140625,196.67642211914062,15443400
2024-07-15,207.19000244140625,211.61000061035156,206.72000122070312,210.0500030517578,201.5803680419922,10719700
2024-07-16,210.0,213.74000549316406,208.0800018310547,213.6199951171875,205.0064239501953,11557000
2024-07-17,213.8000030517578,217.55999755859375,213.27000427246094,216.8699951171875,208.12538146972656,11572500
2024-07-18,215.6300048828125,216.63999938964844,209.24000549316406,209.97999572753906,201.51319885253906,12415100
2024-07-19,211.1999969482422,212.35000610351562,208.9199981689453,209.77999877929688,201.32127380371094,8095900
2024-07-22,210.4600067138672,212.1699981689453,209.7100067138672,210.27999877929688,201.80108642578125,7663200
2024-07-23,211.02000427246094,211.47999572753906,209.35000610351562,210.3300018310547,201.8490753173828,5557300
2024-07-24,209.5500030517578,212.02999877929688,208.07000732421875,208.58999633789062,200.1792449951172,7119000
2024-07-25,208.64999389648438,210.19000244140625,208.0500030517578,208.6699981689453,200.25599670410156,6403800
2024-07-26,209.24000549316406,213.16000366210938,208.6199951171875,212.24000549316406,203.68206787109375,8027800
2024-07-29,212.64999389648438,213.61000061035156,210.5500030517578,210.85000610351562,202.34812927246094,6533600
2024-07-30,213.22999572753906,215.7899932861328,212.9600067138672,215.19000244140625,206.51312255859375,8850700
2024-07-31,214.77999877929688,216.38999938964844,212.6699981689453,212.8000030517578,204.219482421875,9071600
2024-08-01,213.1999969482422,213.8300018310547,206.3800048828125,207.9600067138672,199.57467651367188,10918600
2024-08-02,203.8800048828125,204.6699981689453,196.88999938964844,199.13999938964844,191.11029052734375,18041700
2024-08-05,194.0500030517578,196.1699981689453,190.89999389648438,194.89999389648438,187.04124450683594,13927000
2024-08-06,195.39999389648438,202.60000610351562,194.0,200.33999633789062,192.26187133789062,10605800
2024-08-07,203.50999450683594,205.75,200.1999969482422,200.39999389648438,192.31948852539062,9204400
2024-08-08,202.47000122070312,204.91000366210938,201.7899932861328,204.05999755859375,195.83189392089844,7761200
2024-08-09,203.47000122070312,206.47000122070312,202.89999389648438,205.8000030517578,197.5017547607422,5540200
2024-08-12,206.41000366210938,207.13999938964844,203.66000366210938,206.19000244140625,197.8760223388672,6936000
2024-08-13,207.72999572753906,208.08999633789062,205.39999389648438,207.94000244140625,199.5554656982422,6387800
2024-08-14,207.74000549316406,210.75999450683594,207.1199951171875,210.24000549316406,201.76272583007812,6999800
2024-08-15,213.0,213.88999938964844,211.10000610351562,211.5500030517578,203.01988220214844,7001000
2024-08-16,211.69000244140625,214.08999633789062,211.58999633789062,213.97000122070312,205.34230041503906,7931200
2024-08-19,214.0,215.52999877929688,213.82000732421875,215.4499969482422,206.7626190185547,6090800
2024-08-20,215.0,216.0,213.67999267578125,214.52000427246094,205.87013244628906,5640000
2024-08-21,214.42999267578125,215.0,212.83999633789062,214.60000610351562,205.94692993164062,5202300
2024-08-22,214.5800018310547,216.8000030517578,214.33999633789062,216.6300048828125,207.89503479003906,5247100
2024-08-23,217.60000610351562,219.19000244140625,216.5,218.30999755859375,209.50732421875,7214000
2024-08-26,219.00999450683594,219.67999267578125,218.0500030517578,219.1699981689453,210.33262634277344,5105200
2024-08-27,219.50999450683594,220.4199981689453,219.19000244140625,220.17999267578125,211.3019256591797,5185200
2024-08-28,219.25,222.2100067138672,219.19000244140625,221.2899932861328,212.36715698242188,6506400
2024-08-29,222.14999389648438,222.97999572753906,218.94000244140625,222.2100067138672,213.2500457763672,6416100
2024-08-30,222.5,225.47999572753906,221.92999267578125,224.8000030517578,215.73561096191406,8574100
2024-09-03,222.3000030517578,224.10000610351562,219.24000549316406,220.3000030517578,211.41708374023438,8956100
2024-09-04,221.0399932861328,222.07000732421875,217.2100067138672,219.3300018310547,210.4861602783203,7389500
2024-09-05,220.14999389648438,220.8000030517578,216.02999877929688,217.6300048828125,208.854736328125,8067900
2024-09-06,217.60000610351562,218.74000549316406,211.08999633789062,212.4600067138672,203.8931884765625,7777000
2024-09-09,215.19000244140625,218.14999389648438,214.17999267578125,216.80999755859375,208.0677947998047,8935100
2024-09-10,218.60000610351562,218.63999938964844,200.61000061035156,205.55999755859375,197.2714385986328,28406900
2024-09-11,205.25,207.6999969482422,201.8300018310547,207.22999572753906,198.87405395507812,13658700
2024-09-12,207.64999389648438,208.77999877929688,204.88999938964844,206.60000610351562,198.2694854736328,9054400
2024-09-13,206.86000061035156,207.85000610351562,203.02000427246094,204.32000732421875,196.08140563964844,10226700
2024-09-16,205.8300018310547,208.2100067138672,205.58999633789062,207.86000061035156,199.47866821289062,8634900
2024-09-17,207.72999572753906,209.92999267578125,207.66000366210938,209.25,200.8126220703125,7573300
2024-09-18,209.00999450683594,211.33999633789062,206.6999969482422,207.52999877929688,199.16197204589844,8259900
2024-09-19,209.77999877929688,211.91000366210938,207.33999633789062,210.47999572753906,201.9930419921875,11635200
2024-09-20,209.92999267578125,211.4199981689453,209.5,211.08999633789062,202.57843017578125,20885000
2024-09-23,211.0,211.8000030517578,209.99000549316406,211.44000244140625,202.9143524169922,7223500
2024-09-24,211.14999389648438,212.9499969482422,210.3699951171875,211.58999633789062,203.05828857421875,7323200
2024-09-25,211.67999267578125,212.24000549316406,208.61000061035156,210.19000244140625,201.71475219726562,8976500
2024-09-26,211.1300048828125,211.6999969482422,209.00999450683594,209.77999877929688,201.32127380371094,7807500
2024-09-27,210.64999389648438,212.44000244140625,209.3300018310547,210.5,202.01223754882812,7032500
2024-09-30,206.30999755859375,210.9600067138672,205.25999450683594,210.86000061035156,202.35772705078125,8663800
2024-10-01,208.89999389648438,209.08999633789062,206.19000244140625,207.0399932861328,198.6917266845703,8540100
2024-10-02,207.0800018310547,208.9499969482422,205.69000244140625,207.2899932861328,198.93165588378906,5810900
2024-10-03,206.1699981689453,206.49000549316406,204.33999633789062,205.22999572753906,196.95472717285156,7251300
2024-10-04,209.3000030517578,211.6699981689453,206.91000366210938,211.22000122070312,203.9453887939453,10211700
2024-10-07,211.02999877929688,213.3300018310547,209.69000244140625,210.92999267578125,203.66534423828125,6718900
2024-10-08,210.5800018310547,211.3300018310547,208.3800048828125,210.75,203.49154663085938,6021800
2024-10-09,209.6999969482422,214.24000549316406,209.3800048828125,213.4199981689453,206.06959533691406,7024000
2024-10-10,214.80999755859375,214.80999755859375,211.47000122070312,212.83999633789062,205.5095672607422,7927100
2024-10-11,215.6699981689453,224.6300048828125,215.16000366210938,222.2899932861328,214.6341094970703,18320700
2024-10-14,223.1999969482422,223.6999969482422,218.8800048828125,221.47999572753906,213.8520050048828,9048900
2024-10-15,223.66000366210938,225.4499969482422,221.82000732421875,222.38999938964844,214.73065185546875,9235800
2024-10-16,222.3300018310547,223.67999267578125,221.0399932861328,223.63999938964844,215.93760681152344,6382500
2024-10-17,224.27000427246094,225.85000610351562,223.30999755859375,224.4199981689453,216.6907501220703,6470200
2024-10-18,225.0,225.9199981689453,223.10000610351562,225.3699951171875,217.60800170898438,7000500
2024-10-21,225.22000122070312,225.6999969482422,222.89999389648438,223.0,215.3196563720703,5870000
2024-10-22,223.02000427246094,225.27999877929688,221.10000610351562,224.1199951171875,216.40106201171875,9586800
2024-10-23,223.66000366210938,224.8000030517578,222.52999877929688,223.41000366210938,215.71554565429688,6180500
2024-10-24,221.8300018310547,225.05999755859375,221.66000366210938,224.97999572753906,217.23146057128906,6002200
2024-10-25,225.0,225.6199951171875,220.8800048828125,222.30999755859375,214.65341186523438,6369700
2024-10-28,223.35000610351562,225.63999938964844,222.9499969482422,225.5,217.73355102539062,6843000
2024-10-29,225.2100067138672,226.75,222.80999755859375,222.89999389648438,215.22308349609375,6580000
2024-10-30,222.5399932861328,226.30999755859375,221.5800018310547,224.41000366210938,216.6810760498047,7110900
2024-10-31,224.6999969482422,225.69000244140625,221.82000732421875,221.9199981689453,214.27685546875,7829900
2024-11-01,223.55999755859375,226.14999389648438,222.6999969482422,222.94000244140625,215.26173400878906,6923500
2024-11-04,222.64999389648438,223.75999450683594,219.1699981689453,219.77999877929688,212.2105712890625,8229600
2024-11-05,220.02999877929688,221.9600067138672,220.0,221.49000549316406,213.86167907714844,5600700
2024-11-06,235.0,248.0,234.77000427246094,247.05999755859375,238.5509796142578,23987800
2024-11-07,244.5,244.57000732421875,235.22000122070312,236.3800048828125,228.2388458251953,16451100
2024-11-08,239.33999633789062,239.33999633789062,235.77999877929688,236.97999572753906,228.8181610107422,9502100
2024-11-11,240.0,242.10000610351562,239.0,239.2899932861328,231.04859924316406,9017100
2024-11-12,240.5500030517578,241.4600067138672,238.75999450683594,239.55999755859375,231.30931091308594,6861000
2024-11-13,240.5800018310547,244.08999633789062,240.30999755859375,241.16000366210938,232.85418701171875,11472600
2024-11-14,242.4199981689453,244.2899932861328,241.0500030517578,241.8699951171875,233.5397491455078,10172200
2024-11-15,241.4600067138672,246.4199981689453,241.4600067138672,245.30999755859375,236.86126708984375,11518800
2024-11-18,247.75999450683594,247.92999267578125,242.67999267578125,245.02999877929688,236.59092712402344,9051400
2024-11-19,242.25,245.14999389648438,241.5500030517578,243.08999633789062,234.71774291992188,6792700
2024-11-20,244.39999389648438,244.61000061035156,238.63999938964844,240.77999877929688,232.48728942871094,9015300
2024-11-21,243.22999572753906,245.49000549316406,242.11000061035156,244.75999450683594,236.33021545410156,8783500
2024-11-22,243.61000061035156,249.14999389648438,243.02999877929688,248.5500030517578,239.9897003173828,7997300
2024-11-25,249.58999633789062,254.30999755859375,249.05999755859375,250.2899932861328,241.66973876953125,10295400
2024-11-26,250.49000549316406,251.0,248.33999633789062,249.97000122070312,241.36077880859375,6212100
2024-11-27,249.35000610351562,251.19000244140625,248.77000427246094,249.7899932861328,241.18698120117188,5472300
2024-11-29,249.86000061035156,251.77000427246094,249.4499969482422,249.72000122070312,241.11936950683594,5494800
2024-12-02,249.5500030517578,250.25,245.02999877929688,246.25,237.7689208984375,8899700
2024-12-03,248.22999572753906,249.0399932861328,244.6300048828125,244.82000732421875,236.38816833496094,6657700
2024-12-04,244.6999969482422,245.35000610351562,242.22999572753906,243.39999389648438,235.0170440673828,7346300
2024-12-05,245.38999938964844,247.17999267578125,244.6199951171875,245.47999572753906,237.02540588378906,6572500
2024-12-06,245.6999969482422,247.74000549316406,244.83999633789062,247.36000061035156,238.84066772460938,5519700
2024-12-09,247.1300048828125,247.8699951171875,243.75999450683594,243.80999755859375,235.41294860839844,7076500
2024-12-10,243.88999938964844,247.9600067138672,242.22000122070312,242.86000061035156,234.49566650390625,9108300
2024-12-11,244.0,244.27000427246094,242.17999267578125,243.52999877929688,235.142578125,7884400
2024-12-12,243.0,244.10000610351562,241.0399932861328,241.52999877929688,233.21145629882812,6113800
2024-12-13,242.07000732421875,242.72000122070312,239.13999938964844,239.94000244140625,231.6762237548828,10392700
2024-12-16,240.61000061035156,240.6699981689453,237.52000427246094,239.5800018310547,231.32861328125,9032000
2024-12-17,238.64999389648438,239.02000427246094,236.6300048828125,238.36000061035156,230.15065002441406,8083600
2024-12-18,239.0,239.07000732421875,229.52999877929688,230.3699951171875,222.435791015625,11322400
2024-12-19,232.27000427246094,236.36000061035156,232.27000427246094,232.9600067138672,224.93661499023438,11790800
2024-12-20,231.9199981689453,239.2100067138672,231.58999633789062,237.60000610351562,229.4168243408203,32348400
2024-12-23,236.07000732421875,238.6199951171875,234.8800048828125,238.38999938964844,230.1796112060547,8611500
2024-12-24,239.42999267578125,242.49000549316406,239.07000732421875,242.30999755859375,233.964599609375,3729100
2024-12-26,241.42999267578125,243.25999450683594,240.7899932861328,243.13999938964844,234.7659912109375,4451800
2024-12-27,242.72000122070312,243.38999938964844,240.0399932861328,241.1699981689453,232.86387634277344,5730200
2024-12-30,238.77000427246094,240.83999633789062,237.11000061035156,239.32000732421875,231.07757568359375,5723800
2024-12-31,240.0500030517578,241.44000244140625,239.02999877929688,239.7100067138672,231.4541473388672,4871000
2025-01-02,240.9199981689453,243.27999877929688,239.4499969482422,240.0,231.7341766357422,9220900
2025-01-03,243.88999938964844,244.8800048828125,240.25999450683594,243.27999877929688,234.90118408203125,9491100
2025-01-06,243.6999969482422,245.69000244140625,240.5800018310547,240.85000610351562,233.75595092773438,9917800
2025-01-07,242.13999938964844,245.25999450683594,240.89999389648438,243.1699981689453,236.00759887695312,8753400
2025-01-08,242.75,244.25,240.5,243.1300048828125,235.9687957763672,8675300
2025-01-10,243.08999633789062,243.80999755859375,238.74000549316406,239.8699951171875,232.80479431152344,10256800
2025-01-13,239.6699981689453,244.5399932861328,239.0,244.2100067138672,237.01698303222656,10005300
2025-01-14,242.66000366210938,247.72000122070312,242.19000244140625,247.47000122070312,240.1809539794922,12407400
2025-01-15,250.39999389648438,253.6699981689453,243.67999267578125,252.35000610351562,244.91722106933594,18448500
2025-01-16,254.0,257.0400085449219,252.3300018310547,254.27000427246094,246.78067016601562,15292300
2025-01-17,254.13999938964844,260.6199951171875,252.13999938964844,259.1600036621094,251.5266571044922,17678100
2025-01-21,260.07000732421875,264.25,259.5,263.0299987792969,255.28262329101562,13712100
2025-01-22,262.8999938964844,263.3800048828125,260.25,262.8399963378906,255.0982208251953,9021900
2025-01-23,264.69000244140625,266.8599853515625,263.80999755859375,265.95001220703125,258.1166687011719,10749700
2025-01-24,263.69000244140625,267.1000061035156,263.010009765625,264.8399963378906,257.039306640625,7666300
2025-01-27,264.1700134277344,265.9700012207031,262.260009765625,265.8500061035156,258.0196228027344,7522300
2025-01-28,265.8500061035156,267.3299865722656,264.8299865722656,267.1400146484375,259.2715759277344,7375400
2025-01-29,267.2099914550781,270.67999267578125,265.6099853515625,266.5799865722656,258.72808837890625,7684900
2025-01-30,268.6300048828125,269.70001220703125,266.6199951171875,268.2300109863281,260.3294982910156,8753500
2025-01-31,269.2300109863281,270.82000732421875,266.9599914550781,267.29998779296875,259.4268493652344,7193800
2025-02-03,261.8299865722656,268.1700134277344,261.70001220703125,266.80999755859375,258.9513244628906,8381400
2025-02-04,269.8399963378906,269.8399963378906,266.8299865722656,267.94000244140625,260.0480041503906,5626000
2025-02-05,268.9100036621094,270.6400146484375,268.3299865722656,270.42999267578125,262.4646911621094,5704400
2025-02-06,272.45001220703125,276.9800109863281,271.19000244140625,276.8999938964844,268.7441101074219,7264400
2025-02-07,277.2699890136719,278.54998779296875,274.7099914550781,275.79998779296875,267.6764831542969,6857900
2025-02-10,276.1499938964844,276.17999267578125,269.5899963378906,271.0400085449219,263.0567321777344,8627400
2025-02-11,270.260009765625,276.2200012207031,269.6600036621094,274.989990234375,266.890380859375,7196400
2025-02-12,274.0799865722656,276.45001220703125,273.25,275.45001220703125,267.3368225097656,6683900
2025-02-13,275.5,276.9700012207031,273.80999755859375,276.32000732421875,268.18121337890625,8398700
2025-02-14,277.3699951171875,279.2300109863281,276.45001220703125,276.5899963378906,268.4432373046875,5688600
2025-02-18,276.760009765625,279.9700012207031,276.0199890136719,279.95001220703125,271.7043151855469,7919800
2025-02-19,278.3800048828125,280.25,277.2200012207031,279.25,271.02490234375,7007200
2025-02-20,278.67999267578125,278.739990234375,265.739990234375,266.79998779296875,258.94158935546875,13846700
2025-02-21,268.32000732421875,269.20001220703125,262.8399963378906,264.239990234375,256.45703125,12835600
2025-02-24,265.489990234375,267.0,258.6099853515625,261.3399963378906,253.6424102783203,10372800
2025-02-25,262.2300109863281,263.0,253.35000610351562,257.3999938964844,249.81849670410156,9608400
2025-02-26,257.1600036621094,260.9100036621094,256.92999267578125,258.7900085449219,251.1675567626953,5943600
2025-02-27,260.17999267578125,263.6400146484375,257.8599853515625,259.04998779296875,251.41983032226562,8204400
2025-02-28,260.7300109863281,264.80999755859375,257.8900146484375,264.6499938964844,256.85498046875,10467100
2025-03-03,264.0,266.32000732421875,257.82000732421875,260.6199951171875,252.9436492919922,9058300
2025-03-04,255.27999877929688,257.2300109863281,245.9499969482422,250.25,242.8790740966797,13465600
2025-03-05,251.25,253.0500030517578,247.8300018310547,251.52999877929688,244.1213836669922,7861400
2025-03-06,248.11000061035156,249.36000061035156,243.85000610351562,246.5399932861328,239.2783203125,9983200
2025-03-07,245.22999572753906,246.72000122070312,239.4199981689453,242.27999877929688,235.14382934570312,20498700
2025-03-10,236.2100067138672,237.50999450683594,228.6999969482422,232.22000122070312,225.38014221191406,18887200
2025-03-11,231.75,233.32000732421875,226.69000244140625,229.13999938964844,222.39085388183594,18143000
2025-03-12,234.0,234.32000732421875,227.25999450683594,227.89999389648438,221.18734741210938,16054000
2025-03-13,229.3000030517578,229.5,224.22999572753906,225.19000244140625,218.55718994140625,16467900
2025-03-14,228.1199951171875,233.13999938964844,227.5800018310547,232.44000244140625,225.5936737060547,11962100
2025-03-17,231.17999267578125,235.6699981689453,230.4600067138672,233.92999267578125,227.03976440429688,9586000
2025-03-18,234.32000732421875,236.1699981689453,233.52000427246094,234.97000122070312,228.0491180419922,10344900
2025-03-19,235.74000549316406,242.3300018310547,234.88999938964844,239.11000061035156,232.06719970703125,10120600
2025-03-20,236.55999755859375,241.75999450683594,236.1999969482422,239.00999450683594,231.97015380859375,8328500
2025-03-21,237.80999755859375,242.3000030517578,236.5,241.6300048828125,234.51295471191406,19326900
2025-03-24,245.47999572753906,248.69000244140625,244.41000366210938,248.05999755859375,240.75357055664062,9422700
2025-03-25,249.30999755859375,251.82000732421875,247.6199951171875,251.1300048828125,243.73313903808594,9287700
2025-03-26,252.60000610351562,254.6699981689453,249.77999877929688,251.02999877929688,243.63609313964844,12779300
2025-03-27,249.52999877929688,250.63999938964844,247.17999267578125,248.1199951171875,240.81178283691406,8022500
2025-03-28,246.94000244140625,249.50999450683594,241.11000061035156,242.85000610351562,235.69705200195312,11978400
2025-03-31,239.41000366210938,245.86000061035156,237.36000061035156,245.3000030517578,238.07485961914062,13603000
2025-04-01,242.6199951171875,245.69000244140625,240.8800048828125,243.66000366210938,236.48318481445312,8054700
2025-04-02,241.60000610351562,247.25,241.4600067138672,245.82000732421875,238.57955932617188,7758800
2025-04-03,234.27000427246094,235.13999938964844,227.3000030517578,228.69000244140625,221.95411682128906,17188500
2025-04-04,215.30999755859375,217.6999969482422,208.92999267578125,210.27999877929688,205.3434295654297,27170700
2025-04-07,205.77000427246094,222.0500030517578,202.16000366210938,214.44000244140625,209.40576171875,22914400
2025-04-08,223.52000427246094,227.83999633789062,213.25,216.8699951171875,211.77871704101562,19485700
2025-04-09,212.5,237.47999572753906,211.0,234.33999633789062,228.83860778808594,24022400
2025-04-10,230.0,230.35000610351562,220.10000610351562,227.11000061035156,221.77835083007812,18896400
2025-04-11,226.30999755859375,238.5800018310547,225.0,236.1999969482422,230.65493774414062,20284500
2025-04-14,237.10000610351562,239.77999877929688,233.6300048828125,234.72000122070312,229.20965576171875,13017800
2025-04-15,236.10000610351562,238.64999389648438,232.82000732421875,233.1300048828125,227.65701293945312,10912900
2025-04-16,232.0,233.5800018310547,227.92999267578125,229.61000061035156,224.21963500976562,9322300
2025-04-17,230.8000030517578,234.33999633789062,230.5500030517578,231.9600067138672,226.51449584960938,9557900
2025-04-21,230.6300048828125,231.80999755859375,226.33999633789062,228.99000549316406,223.61419677734375,8716200
2025-04-22,231.97999572753906,235.99000549316406,231.3699951171875,235.58999633789062,230.05923461914062,10701400
2025-04-23,240.22000122070312,246.7899932861328,240.0,240.8800048828125,235.22506713867188,14126800
2025-04-24,239.74000549316406,245.47000122070312,237.5800018310547,244.63999938964844,238.8967742919922,9055200
2025-04-25,244.64999389648438,245.6199951171875,241.75,243.5500030517578,237.83238220214844,8588600
2025-04-28,244.55999755859375,246.83999633789062,240.83999633789062,243.22000122070312,237.51014709472656,7394300
2025-04-29,242.19000244140625,245.25,241.69000244140625,244.6199951171875,238.87725830078125,7216800
2025-04-30,241.2100067138672,245.22000122070312,238.42999267578125,244.6199951171875,238.87725830078125,12991700
2025-05-01,242.83999633789062,248.4499969482422,242.1699981689453,246.88999938964844,241.09397888183594,8689600
2025-05-02,251.25999450683594,253.6199951171875,249.4600067138672,252.50999450683594,246.58203125,7165000
2025-05-05,251.17999267578125,255.16000366210938,250.58999633789062,252.55999755859375,246.630859375,5450700
2025-05-06,250.0,252.64999389648438,249.0,249.25,243.3985595703125,6369900
2025-05-07,249.85000610351562,252.4499969482422,248.8300018310547,249.38999938964844,243.53529357910156,8724100
2025-05-08,251.57000732421875,255.8800048828125,251.5500030517578,253.47000122070312,247.51950073242188,8320100
2025-05-09,254.5,255.50999450683594,252.33999633789062,253.0800018310547,247.13865661621094,5087600
2025-05-12,262.8999938964844,263.6000061035156,258.70001220703125,260.04998779296875,253.9450225830078,9603900
2025-05-13,261.0299987792969,263.6700134277344,260.3900146484375,263.010009765625,256.8355712890625,8589000
2025-05-14,263.0,266.6400146484375,262.2900085449219,265.6400146484375,259.40380859375,8643100
2025-05-15,266.9700012207031,269.5199890136719,264.760009765625,267.489990234375,261.2103576660156,9214600
2025-05-16,267.5,268.4599914550781,264.7099914550781,267.55999755859375,261.2787170410156,8932900
2025-05-19,265.54998779296875,268.32000732421875,261.92999267578125,264.8800048828125,258.66162109375,12145000
2025-05-20,262.5199890136719,266.6600036621094,262.29998779296875,265.67999267578125,259.4428405761719,8436300
2025-05-21,264.3500061035156,265.6499938964844,260.7300109863281,261.0400085449219,254.91180419921875,7464000
2025-05-22,259.44000244140625,262.29998779296875,258.8699951171875,260.6700134277344,254.55047607421875,6514100
2025-05-23,256.80999755859375,261.989990234375,256.0,260.7099914550781,254.58953857421875,6671800
2025-05-27,262.0400085449219,265.29998779296875,261.989990234375,265.2900085449219,259.06201171875,7506600
2025-05-28,266.239990234375,266.7200012207031,262.8999938964844,263.489990234375,257.30426025390625,5535400
2025-05-29,264.79998779296875,265.4100036621094,262.5299987792969,264.3699951171875,258.1636047363281,5081200
2025-05-30,263.45001220703125,265.3299865722656,262.7300109863281,264.0,257.8022766113281,10977700
2025-06-02,263.0199890136719,265.0299987792969,261.8999938964844,264.6600036621094,258.4468078613281,6011200
2025-06-03,263.7300109863281,266.5799865722656,262.8800048828125,266.2699890136719,260.0190124511719,6998400
2025-06-04,265.9200134277344,267.1199951171875,264.17999267578125,264.2200012207031,258.0171203613281,5915700
2025-06-05,264.739990234375,264.739990234375,260.30999755859375,261.95001220703125,255.80043029785156,8173800
2025-06-06,264.3299865722656,266.6499938964844,264.260009765625,265.7300109863281,259.49169921875,7738100
2025-06-09,266.0,267.8999938964844,263.3500061035156,266.739990234375,260.4779357910156,8285000
2025-06-10,265.8800048828125,268.8999938964844,265.8500061035156,268.6000061035156,262.2943115234375,7538100
2025-06-11,268.67999267578125,269.6199951171875,265.7900085449219,268.1499938964844,261.8548583984375,7434100
2025-06-12,266.8599853515625,268.2900085449219,265.1400146484375,268.239990234375,261.9427490234375,6618000
2025-06-13,265.0799865722656,267.0199890136719,262.7099914550781,264.95001220703125,258.7300109863281,7098300
2025-06-16,267.0,271.7300109863281,266.8500061035156,270.3599853515625,264.012939453125,8566000
2025-06-17,268.1700134277344,270.5899963378906,267.79998779296875,269.5199890136719,263.19268798828125,6739300
2025-06-18,270.0,277.7200012207031,269.7200012207031,273.9599914550781,267.5284729003906,9586400
2025-06-20,275.57000732421875,277.29998779296875,273.80999755859375,275.0,268.5440368652344,13969700
2025-06-23,275.05999755859375,278.54998779296875,272.1099853515625,278.2699890136719,271.7372741699219,8094600
2025-06-24,280.2099914550781,282.7099914550781,279.510009765625,281.260009765625,274.6571044921875,9267900
2025-06-25,281.5,284.2799987792969,280.9100036621094,284.05999755859375,277.3913879394531,6826900
2025-06-26,284.70001220703125,289.4100036621094,284.4700012207031,288.75,281.9712219238281,8942100
2025-06-27,285.80999755859375,288.70001220703125,285.0400085449219,287.1099853515625,280.3697509765625,17868600
2025-06-30,290.3999938964844,292.6499938964844,288.9200134277344,289.9100036621094,283.10400390625,12689200
2025-07-01,290.8900146484375,291.1300048828125,286.5899963378906,290.4100036621094,283.59228515625,9338300
2025-07-02,292.0400085449219,292.82000732421875,289.70001220703125,292.0,285.14495849609375,8158700
2025-07-03,292.1499938964844,296.3999938964844,291.2099914550781,296.0,290.4435729980469,6541600
2025-07-07,295.25,296.0400085449219,290.0799865722656,291.9700012207031,286.4892883300781,8825700
2025-07-08,289.2699890136719,289.70001220703125,280.30999755859375,282.7799987792969,277.4717712402344,15440900
2025-07-09,287.17999267578125,287.20001220703125,282.4800109863281,283.1600036621094,277.8446350097656,11273800
2025-07-10,283.0,288.30999755859375,283.0,288.19000244140625,282.78021240234375,8410900
2025-07-11,285.5199890136719,287.3800048828125,283.6499938964844,286.8599853515625,281.47515869140625,7384700
2025-07-14,287.07000732421875,289.29998779296875,285.260009765625,288.70001220703125,283.2806396484375,9079900
2025-07-15,288.0,291.95001220703125,285.4800109863281,286.54998779296875,281.1709899902344,12526100
2025-07-16,288.3999938964844,290.7300109863281,283.010009765625,285.82000732421875,280.4546813964844,9979800
2025-07-17,283.44000244140625,290.29998779296875,283.44000244140625,289.8999938964844,284.4581298828125,8509500
2025-07-18,289.5199890136719,292.5,288.2300109863281,291.2699890136719,285.8023376464844,12217000
2025-07-21,291.0,294.17999267578125,290.5799865722656,290.9700012207031,285.5080261230469,7898100
2025-07-22,291.5,293.6300048828125,289.17999267578125,291.42999267578125,285.9593811035156,6717500
2025-07-23,292.8399963378906,296.989990234375,292.54998779296875,296.760009765625,291.1893615722656,7083500
2025-07-24,297.4200134277344,299.5899963378906,296.20001220703125,296.54998779296875,290.9832458496094,7001200
2025-07-25,296.70001220703125,298.8999938964844,295.9599914550781,298.6199951171875,293.014404296875,5918500
2025-07-28,297.6600036621094,299.42999267578125,296.82000732421875,298.2799987792969,292.6807861328125,5840400
2025-07-29,300.0,301.2900085449219,296.20001220703125,297.0400085449219,291.4640808105469,7635700
2025-07-30,297.4200134277344,300.6099853515625,297.3800048828125,299.6300048828125,294.0054931640625,8061700
2025-07-31,299.1400146484375,300.9800109863281,295.5,296.239990234375,290.6790771484375,14749700
2025-08-01,290.3999938964844,291.79998779296875,284.239990234375,289.3699951171875,283.93804931640625,12007100
2025-08-04,290.260009765625,294.32000732421875,290.260009765625,294.260009765625,288.73626708984375,6649500
2025-08-05,294.69000244140625,295.7900085449219,287.239990234375,291.3699951171875,285.9005432128906,7182300
2025-08-06,292.29998779296875,293.2900085449219,290.1600036621094,291.3500061035156,285.8808898925781,6330200
2025-08-07,292.94000244140625,293.4599914550781,286.4100036621094,286.94000244140625,281.55364990234375,8057100
2025-08-08,288.9800109863281,291.2300109863281,284.7099914550781,288.760009765625,283.3395080566406,6634100
2025-08-11,289.3999938964844,291.32000732421875,288.7799987792969,289.55999755859375,284.1244812011719,5510100
2025-08-12,291.5,294.75,290.3399963378906,292.8500061035156,287.35272216796875,8570900
2025-08-13,293.95001220703125,294.54998779296875,287.1600036621094,290.5299987792969,285.0762634277344,8420400
2025-08-14,290.5799865722656,294.20001220703125,289.6400146484375,294.1600036621094,288.6381530761719,6322400
2025-08-15,294.8399963378906,295.5,289.82000732421875,290.489990234375,285.0370178222656,7340500
2025-08-18,290.0,291.8999938964844,288.4100036621094,291.5299987792969,286.0574951171875,5386900
2025-08-19,290.8299865722656,292.4800109863281,289.5299987792969,290.6600036621094,285.203857421875,6031500
2025-08-20,290.80999755859375,293.3299865722656,287.2699890136719,292.239990234375,286.754150390625,7374200
2025-08-21,291.94000244140625,292.7699890136719,289.4700012207031,291.4700012207031,285.9986267089844,6624000
2025-08-22,293.20001220703125,297.1600036621094,290.1300048828125,296.239990234375,290.6790771484375,8552800
2025-08-25,296.239990234375,297.3500061035156,294.1400146484375,294.8999938964844,289.3642578125,5856300
2025-08-26,294.1600036621094,298.739990234375,293.5,298.57000732421875,292.96533203125,6714700
2025-08-27,297.25,301.07000732421875,297.0400085449219,299.2799987792969,293.6620178222656,6056500
2025-08-28,300.0199890136719,301.239990234375,298.70001220703125,301.07000732421875,295.4184265136719,6410500
2025-08-29,302.0400085449219,302.95001220703125,299.7300109863281,301.4200134277344,295.7618713378906,6796400
2025-09-02,300.260009765625,300.4599914550781,294.5,299.70001220703125,294.07415771484375,7221900
2025-09-03,300.57000732421875,300.57000732421875,296.3800048828125,299.510009765625,293.8877258300781,6316900
2025-09-04,300.0,304.42999267578125,298.2799987792969,303.82000732421875,298.1168212890625,6605800
2025-09-05,303.6499938964844,305.1499938964844,294.30999755859375,294.3800048828125,288.8540344238281,9837700
2025-09-08,294.8900146484375,296.4599914550781,291.44000244140625,292.9100036621094,287.41162109375,8188500
2025-09-09,292.6000061035156,299.0,292.30999755859375,297.8500061035156,292.2589111328125,7848200
2025-09-10,296.70001220703125,301.5400085449219,295.3999938964844,300.5400085449219,294.8984069824219,7787300
2025-09-11,301.239990234375,305.7300109863281,300.7900085449219,305.55999755859375,299.8241271972656,7942500
2025-09-12,305.0,307.54998779296875,303.70001220703125,306.9100036621094,301.1488342285156,6846700
2025-09-15,307.1700134277344,309.95001220703125,307.1700134277344,308.8999938964844,303.1014404296875,7122000
2025-09-16,310.0,310.8999938964844,307.1300048828125,309.19000244140625,303.3860168457031,10525600
2025-09-17,310.3900146484375,312.9100036621094,308.7699890136719,311.75,305.89794921875,8657800
2025-09-18,311.7900085449219,313.44000244140625,309.6099853515625,313.2300109863281,307.3501892089844,8050700
2025-09-19,313.6000061035156,315.79998779296875,309.1199951171875,314.7799987792969,308.8710632324219,23568600
2025-09-22,309.79998779296875,313.70001220703125,309.55999755859375,312.44000244140625,306.5749816894531,7520200
2025-09-23,311.82000732421875,316.30999755859375,310.5799865722656,312.739990234375,306.8693542480469,8584400
2025-09-24,314.04998779296875,316.5799865722656,311.6700134277344,313.4200134277344,307.5366516113281,7310500
2025-09-25,314.1199951171875,315.6499938964844,311.79998779296875,313.45001220703125,307.5660400390625,7083200
2025-09-26,314.8999938964844,317.80999755859375,313.70001220703125,316.05999755859375,310.12701416015625,7258100
2025-09-29,317.05999755859375,318.010009765625,313.6600036621094,315.69000244140625,309.76397705078125,6462400
2025-09-30,316.25,317.4100036621094,310.1099853515625,315.42999267578125,309.50885009765625,11823300
2025-10-01,313.9700012207031,314.5899963378906,307.4100036621094,310.7099914550781,304.8774719238281,9235200
2025-10-02,310.0,310.55999755859375,306.1400146484375,307.54998779296875,301.77679443359375,7600000
2025-10-03,308.510009765625,311.6600036621094,308.2099914550781,310.0299987792969,304.210205078125,6029900
2025-10-06,310.17999267578125,311.75,305.1300048828125,309.17999267578125,304.8511047363281,7214500
2025-10-07,309.3500061035156,310.010009765625,304.70001220703125,307.69000244140625,303.38201904296875,8454200
2025-10-08,308.2099914550781,308.7799987792969,303.54998779296875,304.0299987792969,299.7732238769531,6489900
2025-10-09,305.04998779296875,308.0400085449219,303.3900146484375,305.5299987792969,301.252197265625,7060300
2025-10-10,305.6600036621094,310.4700012207031,300.80999755859375,300.8900146484375,296.6772155761719,8597400
2025-10-13,305.6000061035156,309.4599914550781,305.45001220703125,307.9700012207031,303.6580810546875,10788700
2025-10-14,305.8399963378906,307.0,294.2099914550781,302.0799865722656,297.85052490234375,16178800
2025-10-15,306.3900146484375,312.1199951171875,305.44000244140625,305.69000244140625,301.4100036621094,11354800
2025-10-16,305.3500061035156,308.67999267578125,297.07000732421875,298.5400085449219,294.3600769042969,10549400
2025-10-17,299.1600036621094,299.54998779296875,294.20001220703125,297.55999755859375,293.3938293457031,10153500
2025-10-20,298.5,303.69000244140625,298.1600036621094,302.3599853515625,298.1265869140625,6894900
2025-10-21,301.6600036621094,304.04998779296875,297.0,297.0899963378906,292.93035888671875,7372700
2025-10-22,297.7699890136719,298.05999755859375,290.5400085449219,294.1099853515625,289.99212646484375,8054100
2025-10-23,294.3800048828125,296.3699951171875,292.510009765625,294.5400085449219,290.4161071777344,5438800
2025-10-24,296.0799865722656,302.6000061035156,295.45001220703125,300.44000244140625,296.2334899902344,7228300
2025-10-27,302.1600036621094,304.5299987792969,301.010009765625,304.1499938964844,299.89154052734375,5642200
2025-10-28,304.8599853515625,307.9700012207031,303.1600036621094,305.3599853515625,301.0845947265625,6336000
2025-10-29,303.510009765625,308.25,303.010009765625,305.510009765625,301.2325134277344,7520300
2025-10-30,305.7900085449219,312.6099853515625,305.1000061035156,309.44000244140625,305.1075134277344,7514600
2025-10-31,308.5400085449219,312.8699951171875,307.25,311.1199951171875,306.76397705078125,7721300
2025-11-03,311.0,312.32000732421875,306.2099914550781,309.3500061035156,305.0187683105469,7770000
2025-11-04,306.7099914550781,312.2200012207031,305.1000061035156,309.25,304.920166015625,7085200
2025-11-05,309.6099853515625,313.1000061035156,305.6300048828125,311.67999267578125,307.31610107421875,6865200
2025-11-06,310.989990234375,314.8399963378906,310.260009765625,313.4200134277344,309.03179931640625,7206100
2025-11-07,311.8900146484375,314.42999267578125,307.6400146484375,314.2099914550781,309.8106689453125,7302300
2025-11-10,315.0,319.55999755859375,314.2099914550781,316.8900146484375,312.4532165527344,5794100
2025-11-11,317.5,319.04998779296875,315.2799987792969,315.6199951171875,311.2009582519531,5030200
2025-11-12,316.260009765625,322.25,316.2099914550781,320.4100036621094,315.9239196777344,10578300
2025-11-13,319.2300109863281,320.6300048828125,309.1000061035156,309.4800109863281,305.1469421386719,8973300
2025-11-14,307.510009765625,307.6400146484375,301.2300109863281,303.6099853515625,299.3591003417969,10327000
2025-11-17,304.0,305.5899963378906,297.6700134277344,300.3699951171875,296.1644592285156,8344000
2025-11-18,299.5,302.95001220703125,297.0199890136719,299.4100036621094,295.2178955078125,8077300
2025-11-19,299.739990234375,304.45001220703125,299.2699890136719,303.2699890136719,299.02386474609375,5546600
2025-11-20,306.3399963378906,309.9200134277344,298.1600036621094,298.3800048828125,294.20233154296875,7501600
2025-11-21,301.2900085449219,301.67999267578125,292.80999755859375,298.0199890136719,293.84735107421875,11766800
2025-11-24,298.239990234375,299.82000732421875,294.510009765625,298.0,293.8276672363281,10940200
2025-11-25,300.04998779296875,304.5,295.55999755859375,303.0,298.75762939453125,8877200
2025-11-26,305.0,308.5299987792969,303.20001220703125,307.6400146484375,303.33270263671875,7910900
2025-11-28,309.1000061035156,313.7200012207031,308.239990234375,313.0799865722656,308.696533203125,4322400
2025-12-01,312.95001220703125,314.0400085449219,308.5400085449219,308.9200134277344,304.59478759765625,7727300
2025-12-02,308.739990234375,310.4800109863281,307.0899963378906,307.8800048828125,303.5693359375,7249000
2025-12-03,307.20001220703125,312.3599853515625,306.79998779296875,312.1300048828125,307.75982666015625,8535300
2025-12-04,313.260009765625,318.489990234375,313.0,316.1000061035156,311.67425537109375,9627800
2025-12-05,315.6400146484375,318.4800109863281,314.67999267578125,315.0400085449219,310.62908935546875,6518900
2025-12-08,315.05999755859375,316.4700012207031,313.3500061035156,315.2099914550781,310.79669189453125,7417200
2025-12-09,314.95001220703125,318.79998779296875,300.0199890136719,300.510009765625,296.3025207519531,18049200
2025-12-10,300.5,311.19000244140625,298.4599914550781,310.1099853515625,305.7680969238281,18874100
2025-12-11,309.239990234375,318.0,309.239990234375,317.3800048828125,312.9363098144531,9721900
2025-12-12,319.67999267578125,320.2699890136719,316.6000061035156,318.5199890136719,314.0603332519531,8982900
2025-12-15,319.5899963378906,322.8800048828125,318.3900146484375,320.0199890136719,315.53936767578125,10864100
2025-12-16,319.0899963378906,319.5199890136719,314.3999938964844,315.54998779296875,311.13189697265625,8331300
2025-12-17,318.42999267578125,319.3699951171875,314.6600036621094,314.9800109863281,310.5699462890625,8718700
2025-12-18,316.0,317.70001220703125,312.2200012207031,313.0,308.6176452636719,11444900
2025-12-19,313.7900085449219,318.55999755859375,313.19000244140625,317.2099914550781,312.7686767578125,24494400
2025-12-22,317.510009765625,323.2300109863281,317.510009765625,323.0899963378906,318.56634521484375,8354600
2025-12-23,323.6099853515625,327.7799987792969,323.0899963378906,325.92999267578125,321.3666076660156,6668300
2025-12-24,326.239990234375,329.989990234375,325.5,329.1700134277344,324.5612487792969,4289300
2025-12-26,329.1099853515625,330.8599853515625,326.5400085449219,327.9100036621094,323.3188781738281,4158300
2025-12-29,327.0,327.7699890136719,323.5299987792969,323.75,319.2171325683594,8635300
2025-12-30,324.80999755859375,324.94000244140625,322.489990234375,323.4200134277344,318.8917541503906,7904300
2025-12-31,324.3399963378906,324.8800048828125,322.0400085449219,322.2200012207031,317.70855712890625,5048500
2026-01-02,322.5,325.7300109863281,320.739990234375,325.4800109863281,320.9229431152344,8054000
2026-01-05,325.5,337.25,325.19000244140625,334.0400085449219,329.3630676269531,10752600
2026-01-06,332.6199951171875,335.8699951171875,330.6499938964844,334.6099853515625,331.41326904296875,7660800
2026-01-07,331.1400146484375,332.1499938964844,324.6000061035156,326.989990234375,323.8660888671875,9815200
2026-01-08,326.3900146484375,331.3999938964844,325.6499938964844,329.7900085449219,326.63934326171875,11737100
2026-01-09,329.3399963378906,331.8999938964844,328.1700134277344,329.19000244140625,326.0450744628906,6738100
2026-01-12,321.8800048828125,326.0199890136719,321.2300109863281,324.489990234375,321.38995361328125,12805100
2026-01-13,324.29998779296875,326.8599853515625,310.57000732421875,310.8999938964844,307.9297790527344,19371200
2026-01-14,308.20001220703125,311.760009765625,306.1199951171875,307.8699951171875,304.9287414550781,25951500
2026-01-15,308.4700012207031,312.94000244140625,307.75,309.260009765625,306.30548095703125,14751400
2026-01-16,310.3500061035156,317.2099914550781,310.0,312.4700012207031,309.48480224609375,14652500
2026-01-20,306.2099914550781,311.1499938964844,301.8599853515625,302.739990234375,299.8477478027344,12900600
2026-01-21,303.42999267578125,305.3999938964844,301.1499938964844,302.0400085449219,299.15447998046875,10270100
2026-01-22,304.8599853515625,308.20001220703125,302.8999938964844,303.6300048828125,300.729248046875,10535800
2026-01-23,302.0,302.3699951171875,296.510009765625,297.7200012207031,294.8757019042969,11107900
2026-01-26,297.80999755859375,301.7799987792969,297.45001220703125,301.0400085449219,298.16400146484375,11752700
2026-01-27,301.3299865722656,301.9700012207031,298.1499938964844,300.30999755859375,297.44097900390625,11527400
2026-01-28,300.2699890136719,301.9200134277344,298.04998779296875,300.7699890136719,297.89654541015625,9556700
2026-01-29,302.3999938964844,306.8299865722656,302.2200012207031,306.4200134277344,303.49261474609375,11580000
2026-01-30,305.25,307.92999267578125,302.55999755859375,305.8900146484375,302.9676818847656,11953200
2026-02-02,304.4599914550781,309.29998779296875,301.3699951171875,308.1400146484375,305.1961975097656,9839400
2026-02-03,309.7300109863281,316.25,309.1000061035156,314.8500061035156,311.8420715332031,12688000
2026-02-04,314.4100036621094,319.30999755859375,314.4100036621094,317.2699890136719,314.2389221191406,9848800
2026-02-05,315.0,316.010009765625,305.5400085449219,310.1600036621094,307.1968688964844,9388000
2026-02-06,314.7099914550781,324.25,314.7099914550781,322.3999938964844,319.3199462890625,17797400
2026-02-09,321.3399963378906,326.3999938964844,320.1099853515625,322.1000061035156,319.0228271484375,11477500
2026-02-10,322.54998779296875,326.1300048828125,315.1199951171875,318.2799987792969,315.2392883300781,9902200
2026-02-11,323.239990234375,325.2799987792969,308.7300109863281,310.82000732421875,307.8505859375,8703500
2026-02-12,312.2799987792969,313.6199951171875,300.0199890136719,302.6400146484375,299.74871826171875,13443400
2026-02-13,298.5199890136719,304.2900085449219,296.5199890136719,302.54998779296875,299.6595458984375,9114500
2026-02-17,302.760009765625,308.239990234375,302.5,307.1300048828125,304.19580078125,8896800
2026-02-18,308.4599914550781,312.2799987792969,307.2200012207031,308.7799987792969,305.8300476074219,7209600
2026-02-19,307.1700134277344,309.17999267578125,305.1199951171875,308.04998779296875,305.1070251464844,6737700
2026-02-20,308.3999938964844,311.0,305.67999267578125,310.7900085449219,307.82086181640625,7792700
2026-02-23,308.79998779296875,311.0,295.1000061035156,297.6700134277344,294.82623291015625,12955400
2026-02-24,296.82000732421875,299.75,291.3800048828125,297.29998779296875,294.459716796875,13554100
2026-02-25,298.6400146484375,303.6600036621094,297.010009765625,303.29998779296875,300.4023742675781,8095500
2026-02-26,304.5799865722656,309.010009765625,303.6400146484375,306.1300048828125,303.20538330078125,7007800
2026-02-27,300.0,302.95001220703125,294.45001220703125,300.29998779296875,297.4310607910156,18620800
2026-03-02,294.80999755859375,299.9800109863281,293.2099914550781,297.55999755859375,294.7172546386719,8508900
2026-03-03,292.2900085449219,302.3900146484375,289.5,300.260009765625,297.3914489746094,10278200
2026-03-04,299.989990234375,301.0,295.82000732421875,299.3900146484375,296.52978515625,8055700
2026-03-05,297.9800109863281,301.239990234375,292.42999267578125,293.54998779296875,290.74554443359375,12732500
2026-03-06,286.3399963378906,289.989990234375,283.7099914550781,289.4800109863281,286.7144470214844,13496500
2026-03-09,285.5,291.1000061035156,280.45001220703125,289.9200134277344,287.1502685546875,12241100
2026-03-10,289.2900085449219,292.75,287.17999267578125,288.7300109863281,285.97161865234375,8344900
2026-03-11,288.80999755859375,290.4800109863281,284.8599853515625,287.5199890136719,284.7731628417969,10205000
2026-03-12,282.8299865722656,283.8800048828125,279.1000061035156,282.8900146484375,280.18743896484375,13760500
2026-03-13,284.6700134277344,287.19000244140625,282.95001220703125,283.44000244140625,280.7321472167969,9091200
2026-03-16,286.3399963378906,289.2699890136719,284.6099853515625,286.1600036621094,283.4261474609375,8149000
2026-03-17,289.0,291.760009765625,285.95001220703125,286.8900146484375,284.1492004394531,8961200
2026-03-18,286.8299865722656,289.4100036621094,285.1199951171875,287.739990234375,284.99102783203125,10057000
2026-03-19,286.8800048828125,289.510009765625,284.6199951171875,287.9700012207031,285.2188720703125,9846700
2026-03-20,288.0799865722656,290.7099914550781,285.2699890136719,286.55999755859375,283.82232666015625,22436500
2026-03-23,294.30999755859375,295.75,287.9700012207031,289.9100036621094,287.14031982421875,11470800
2026-03-24,286.1700134277344,295.4800109863281,285.3699951171875,292.3999938964844,289.6065368652344,11092300
2026-03-25,294.1499938964844,297.6400146484375,292.44000244140625,295.4200134277344,292.59771728515625,12188200
2026-03-26,292.5799865722656,294.989990234375,290.7300109863281,291.6600036621094,288.87359619140625,8669200
2026-03-27,289.1400146484375,290.1099853515625,281.75,282.8399963378906,280.13787841796875,9873300
2026-03-30,284.739990234375,287.25,282.3299865722656,283.7699890136719,281.0589904785156,11734400
2026-03-31,288.4700012207031,295.07000732421875,284.95001220703125,294.1600036621094,291.3497314453125,12956900
2026-04-01,295.3900146484375,298.7200012207031,292.9100036621094,295.3800048828125,292.5580749511719,11267200
2026-04-02,291.9100036621094,295.6199951171875,288.7200012207031,294.6000061035156,291.7855224609375,6669300
2026-04-06,294.05999755859375,296.8299865722656,293.20001220703125,295.45001220703125,294.125,7142600
2026-04-07,293.1400146484375,298.17999267578125,292.70001220703125,297.3999938964844,296.0662536621094,7849100
2026-04-08,307.9700012207031,311.260009765625,305.3299865722656,307.9700012207031,306.5888366699219,10590200
2026-04-09,306.95001220703125,311.260009765625,306.1099853515625,310.3299865722656,308.938232421875,6586600
2026-04-10,310.0,310.3500061035156,306.7200012207031,309.8699951171875,308.4803161621094,6069700
2026-04-13,307.4700012207031,313.739990234375,305.4599914550781,313.67999267578125,312.2732238769531,8318200
2026-04-14,309.82000732421875,314.32000732421875,308.8699951171875,311.1199951171875,309.7247009277344,11455500
2026-04-15,313.95001220703125,314.239990234375,304.260009765625,305.92999267578125,304.5579833984375,9885800
2026-04-16,305.3500061035156,309.95001220703125,305.20001220703125,309.95001220703125,308.5599670410156,8208600
2026-04-17,312.4700012207031,314.8999938964844,310.0899963378906,310.2900085449219,308.8984375,11082400
2026-04-20,310.8500061035156,317.1300048828125,310.3699951171875,316.989990234375,315.5683898925781,10772000
2026-04-21,317.489990234375,320.239990234375,312.75,313.0,311.5962829589844,7084300
2026-04-22,314.8500061035156,315.1499938964844,311.94000244140625,313.0199890136719,311.6161804199219,5545900
2026-04-23,313.5199890136719,314.989990234375,308.8900146484375,311.69000244140625,310.29217529296875,6969700
2026-04-24,311.1499938964844,311.1499938964844,307.8900146484375,308.2799987792969,306.8974609375,5215300
2026-04-27,306.8800048828125,312.5799865722656,306.8800048828125,311.6300048828125,310.232421875,7925300
2026-04-28,315.20001220703125,315.45001220703125,311.1700134277344,311.45001220703125,310.0532531738281,7398600
2026-04-29,310.57000732421875,312.04998779296875,307.2900085449219,309.25,307.86309814453125,8031800
2026-04-30,307.07000732421875,314.1000061035156,306.57000732421875,313.2300109863281,311.82525634765625,8865400
2026-05-01,313.95001220703125,316.0799865722656,311.8299865722656,312.4700012207031,311.06866455078125,6135400
2026-05-04,310.6199951171875,310.6499938964844,306.510009765625,307.6499938964844,306.270263671875,7338200
2026-05-05,307.7099914550781,310.9700012207031,306.79998779296875,309.3999938964844,308.0124206542969,6316800
2026-05-06,311.45001220703125,316.260009765625,311.3500061035156,314.8999938964844,313.4877624511719,8629500
2026-05-07,314.6499938964844,316.29998779296875,306.1400146484375,306.2699890136719,304.8964538574219,8359600
2026-05-08,308.25,308.989990234375,300.5,302.1000061035156,300.74517822265625,9464300
2026-05-11,302.1000061035156,303.19000244140625,298.8800048828125,300.0,298.6545715332031,9512000
2026-05-12,300.0199890136719,306.05999755859375,295.54998779296875,304.8800048828125,303.5126953125,9498200
2026-05-13,302.2699890136719,303.0,300.07000732421875,300.25,298.9034729003906,7709500
2026-05-14,302.25,303.75,298.80999755859375,299.9100036621094,298.56500244140625,7364300
2026-05-15,300.2099914550781,300.7900085449219,296.45001220703125,297.80999755859375,296.4743957519531,8699300
2026-05-18,298.0,301.260009765625,297.2200012207031,300.7300109863281,299.3813171386719,7546300
2026-05-19,301.0899963378906,301.7900085449219,295.260009765625,295.70001220703125,294.3738708496094,8066900
2026-05-20,296.70001220703125,302.92999267578125,293.6700134277344,301.9800109863281,300.625732421875,9327000
2026-05-21,301.2300109863281,303.9800109863281,300.2099914550781,303.0,301.6411437988281,7874400
2026-05-22,304.67999267578125,307.45001220703125,303.8399963378906,306.3800048828125,305.0059814453125,5973900
2026-05-26,308.489990234375,309.92999267578125,305.44000244140625,306.739990234375,305.3643493652344,7725400
2026-05-27,305.0,305.8999938964844,295.75,299.2799987792969,297.93780517578125,11779200
2026-05-28,297.57000732421875,301.07000732421875,295.75,296.7300109863281,295.3992614746094,9757700
2026-05-29,296.3999938964844,299.8800048828125,295.20001220703125,299.30999755859375,297.9676818847656,13969000
2026-06-01,297.69000244140625,299.54998779296875,295.2699890136719,296.5799865722656,295.2499084472656,7930000
2026-06-02,296.5,302.07000732421875,295.2699890136719,300.9599914550781,299.6102600097656,8296200
2026-06-03,299.9200134277344,301.9599914550781,296.55999755859375,300.8500061035156,299.50079345703125,7003900
2026-06-04,305.739990234375,312.9100036621094,304.44000244140625,310.8900146484375,309.4957580566406,10345200
2026-06-05,314.2900085449219,315.0,309.6000061035156,312.3699951171875,310.9691162109375,9118800
2026-06-08,313.25,316.29998779296875,310.7799987792969,311.1099853515625,309.7147521972656,6827000
2026-06-09,313.510009765625,316.4200134277344,309.010009765625,312.70001220703125,311.2976379394531,11594600
2026-06-10,312.55999755859375,314.75,309.0299987792969,309.1400146484375,307.75360107421875,7446200
2026-06-11,309.55999755859375,314.7200012207031,308.8800048828125,313.489990234375,312.0840759277344,9116600
2026-06-12,315.9700012207031,321.29998779296875,315.54998779296875,320.7200012207031,319.28167724609375,7426200
2026-06-15,323.9200134277344,325.9200134277344,318.8399963378906,319.3999938964844,317.96759033203125,7988900
2026-06-16,324.29998779296875,331.75,324.0199890136719,331.1400146484375,329.6549377441406,11094900
2026-06-17,332.17999267578125,337.7699890136719,331.5,333.4599914550781,331.9645080566406,12246400
2026-06-18,336.95001220703125,338.0899963378906,324.1600036621094,325.2200012207031,323.761474609375,20111000
2026-06-22,329.70001220703125,332.7699890136719,326.75,331.4800109863281,329.993408203125,10182500
2026-06-23,329.4700012207031,335.3699951171875,327.2099914550781,334.1400146484375,332.6414794921875,7582200
2026-06-24,333.07000732421875,334.5299987792969,329.7699890136719,333.45001220703125,331.95458984375,7907400
2026-06-25,334.9599914550781,343.45001220703125,334.760009765625,335.1199951171875,333.6170654296875,10043100
2026-06-26,336.0,336.3999938964844,327.5,329.04998779296875,327.57427978515625,17640900
2026-06-29,328.2799987792969,332.3900146484375,327.20001220703125,329.3900146484375,327.91278076171875,7981800
2026-06-30,328.8900146484375,330.44000244140625,326.67999267578125,327.3299865722656,325.86199951171875,8080100
2026-07-01,328.3699951171875,335.6400146484375,325.010009765625,334.07000732421875,332.5718078613281,15210200
2026-07-02,338.0199890136719,340.0,331.7699890136719,334.4700012207031,332.9700012207031,8413900
2026-07-06,335.0,339.7200012207031,334.1099853515625,337.7200012207031,337.7200012207031,8673500
2026-07-07,340.9800109863281,341.3999938964844,337.0899963378906,339.2200012207031,339.2200012207031,7115800
2026-07-08,336.5299987792969,336.5299987792969,330.1300048828125,330.6199951171875,330.6199951171875,18505200
2026-07-09,331.4599914550781,337.0,330.80999755859375,335.4700012207031,335.4700012207031,15570600
2026-07-10,337.4700012207031,338.5899963378906,335.7699890136719,336.4700012207031,336.4700012207031,6299000
2026-07-13,338.3399963378906,338.3500061035156,332.5,334.5299987792969,334.5299987792969,7120300
2026-07-14,327.0,344.7300109863281,325.75,342.8900146484375,342.8900146484375,14537900
2026-07-15,345.8500061035156,351.239990234375,344.04998779296875,346.9100036621094,346.9100036621094,10750000
2026-07-16,349.2799987792969,349.3399963378906,341.1099853515625,343.1499938964844,343.1499938964844,12432400
2026-07-17,339.0299987792969,346.1300048828125,335.04998779296875,341.1000061035156,341.1000061035156,9250900
2026-07-20,341.79998779296875,344.260009765625,337.3699951171875,338.8699951171875,338.8699951171875,7723300
2026-07-21,340.1199951171875,345.739990234375,337.29998779296875,345.2300109863281,345.2300109863281,6015300
2026-07-22,345.07000732421875,349.07000732421875,344.25,348.2099914550781,348.2099914550781,8040200
2026-07-23,346.5799865722656,349.9200134277344,345.4200134277344,349.8999938964844,349.8999938964844,10913000
2026-07-24,350.6400146484375,353.3699951171875,347.5,353.2099914550781,353.2099914550781,7520800
2026-07-27,357.8900146484375,359.04998779296875,352.5799865722656,356.20001220703125,356.20001220703125,7884900
2026-07-28,357.29998779296875,359.29998779296875,354.1499938964844,357.30999755859375,357.30999755859375,6533800
2026-07-29,356.5,357.3699951171875,343.7799987792969,344.7099914550781,344.7099914550781,8265300
2026-07-30,347.5400085449219,352.2799987792969,345.3699951171875,350.8500061035156,350.8500061035156,7606500
2026-07-31,353.29998779296875,354.4700012207031,349.70001220703125,351.7900085449219,351.7900085449219,6603400
2026-08-03,353.75,355.6199951171875,350.8399963378906,352.6400146484375,352.6400146484375,6436600
2026-08-04,355.0,363.0,353.8699951171875,357.5199890136719,357.5199890136719,8477200
2026-08-05,358.9700012207031,362.1700134277344,358.20001220703125,359.239990234375,359.239990234375,5269500
2026-08-06,362.80999755859375,362.80999755859375,354.95001220703125,356.29998779296875,356.29998779296875,5820100
2026-08-07,355.760009765625,358.8500061035156,353.3299865722656,357.5199890136719,357.5199890136719,4566200
2026-08-10,357.9599914550781,359.989990234375,356.5,359.7900085449219,359.7900085449219,5327500
2026-08-11,360.04998779296875,363.1199951171875,358.6000061035156,362.0400085449219,362.0400085449219,4576500
2026-08-12,362.9700012207031,366.0899963378906,361.29998779296875,365.17999267578125,365.17999267578125,4366800
2026-08-13,366.5,366.5,361.5199890136719,363.1099853515625,363.1099853515625,5102700
2026-08-14,363.0,365.8999938964844,361.45001220703125,362.8399963378906,362.8399963378906,5058600
2026-08-17,361.94000244140625,365.75,360.9599914550781,360.9599914550781,360.9599914550781,5282600
2026-08-18,362.3399963378906,363.57000732421875,359.2699890136719,363.25,363.25,5525100
2026-08-19,363.010009765625,363.04998779296875,355.6499938964844,357.260009765625,357.260009765625,6696200
2026-08-20,357.6000061035156,357.95001220703125,351.54998779296875,351.54998779296875,351.54998779296875,6799700
2026-08-21,354.07000732421875,356.8599853515625,350.3699951171875,351.5799865722656,351.5799865722656,8112100
2026-08-24,353.29998779296875,358.2799987792969,352.82000732421875,356.3900146484375,356.3900146484375,4394400
2026-08-25,357.0,357.3699951171875,353.07000732421875,356.69000244140625,356.69000244140625,4298000
2026-08-26,356.5,358.3500061035156,354.6000061035156,356.5,356.5,5796500
2026-08-27,354.67999267578125,357.57000732421875,352.2300109863281,354.2200012207031,354.2200012207031,5209900
2026-08-28,355.6700134277344,358.7300109863281,354.2200012207031,357.6199951171875,357.6199951171875,3914500
2026-08-31,355.8999938964844,357.7699890136719,354.7699890136719,356.0199890136719,356.0199890136719,7962900
2026-09-01,355.7300109863281,359.92999267578125,354.1199951171875,354.95001220703125,354.95001220703125,5079000
2026-09-02,357.54998779296875,361.4700012207031,353.7900085449219,356.2200012207031,356.2200012207031,5341400
2026-09-03,358.67999267578125,362.8500061035156,356.3900146484375,362.05999755859375,362.05999755859375,5414200
2026-09-04,361.0,362.8599853515625,355.20001220703125,358.6400146484375,358.6400146484375,4873500
2026-09-08,357.1000061035156,358.54998779296875,353.2300109863281,353.510009765625,353.510009765625,5631400
2026-09-09,352.0,356.3299865722656,348.69000244140625,354.7099914550781,354.7099914550781,6318200
2026-09-10,353.510009765625,354.2200012207031,351.1199951171875,353.55999755859375,353.55999755859375,4184200
2026-09-11,358.32000732421875,360.04998779296875,354.7900085449219,356.2300109863281,356.2300109863281,5354600
2026-09-14,354.2300109863281,355.2799987792969,347.54998779296875,350.1300048828125,350.1300048828125,9609900
2026-09-15,351.0,354.70001220703125,343.07000732421875,352.489990234375,352.489990234375,14026500
2026-09-16,353.3800048828125,355.6000061035156,344.69000244140625,348.9200134277344,348.9200134277344,8303400
2026-09-17,352.25,353.489990234375,345.2699890136719,349.30999755859375,349.30999755859375,6480100
2026-09-18,347.8900146484375,349.6700134277344,345.010009765625,349.6700134277344,349.6700134277344,18312400
2026-09-21,353.6700134277344,354.5,350.0799865722656,352.0400085449219,352.0400085449219,6414700
2026-09-22,352.0,352.1000061035156,337.29998779296875,340.0,340.0,11485600
2026-09-23,337.6099853515625,341.44000244140625,336.9800109863281,337.5299987792969,337.5299987792969,7068500
2026-09-24,338.1199951171875,339.3699951171875,335.2799987792969,338.55999755859375,338.55999755859375,6934300
2026-09-25,340.7699890136719,343.30999755859375,338.6400146484375,343.05999755859375,343.05999755859375,11460300
2026-09-28,341.8299865722656,342.0,336.29998779296875,336.5899963378906,336.5899963378906,10483700
2026-09-29,337.0,338.75,333.3299865722656,334.9800109863281,334.9800109863281,7254900
2026-09-30,334.8900146484375,336.3399963378906,330.8299865722656,330.8299865722656,330.8299865722656,9113300
