Date,Open,High,Low,Close,Adj Close,Volume
2020-12-31,211.25,214.92999267578125,210.77999877929688,214.5800018310547,187.74676513671875,2610900
2021-01-04,214.49000549316406,214.72000122070312,208.22000122070312,210.22000122070312,183.9320068359375,4055400
2021-01-05,210.17999267578125,211.9499969482422,209.6199951171875,211.47999572753906,185.0344696044922,2576100
2021-01-06,211.3000030517578,211.7100067138672,209.02999877929688,211.0,184.61448669433594,3083400
2021-01-07,213.22000122070312,213.22000122070312,210.55999755859375,211.97999572753906,185.47190856933594,3142000
2021-01-08,212.89999389648438,216.1199951171875,212.22999572753906,215.8699951171875,188.87548828125,2639100
2021-01-11,215.08999633789062,216.1199951171875,213.1199951171875,214.22999572753906,187.44053649902344,2545400
2021-01-12,213.69000244140625,214.3300018310547,210.94000244140625,211.60000610351562,185.13946533203125,2952000
2021-01-13,210.91000366210938,213.1300048828125,210.89999389648438,212.08999633789062,185.5681610107422,2069800
2021-01-14,212.10000610351562,212.6699981689453,208.0,208.5,182.4271240234375,3666700
2021-01-15,207.97000122070312,210.6999969482422,207.4199981689453,209.91000366210938,183.66079711914062,3593700
2021-01-19,210.67999267578125,211.0,207.8800048828125,209.08999633789062,182.9433135986328,3331600
2021-01-20,210.14999389648438,214.41000366210938,209.6300048828125,213.6300048828125,186.9155731201172,4077700
2021-01-21,214.05999755859375,215.9600067138672,213.32000732421875,213.52999877929688,186.8280792236328,2674900
2021-01-22,212.50999450683594,214.13999938964844,211.1699981689453,213.3800048828125,186.6968536376953,2196400
2021-01-25,212.22000122070312,214.0500030517578,210.55999755859375,213.33999633789062,186.661865234375,2615300
2021-01-26,212.50999450683594,215.50999450683594,212.1699981689453,215.3800048828125,188.44674682617188,2907800
2021-01-27,212.38999938964844,213.14999389648438,207.0,207.0,181.1146697998047,5464000
2021-01-28,208.6300048828125,210.36000061035156,205.1300048828125,206.82000732421875,180.9571990966797,5401600
2021-01-29,205.11000061035156,209.39999389648438,203.11000061035156,207.83999633789062,181.849609375,5203300
2021-02-01,208.47999572753906,209.69000244140625,206.60000610351562,207.92999267578125,181.9283905029297,2812500
2021-02-02,208.08999633789062,212.6300048828125,207.64999389648438,209.75999450683594,183.529541015625,2786000
2021-02-03,208.35000610351562,209.99000549316406,207.92999267578125,208.7100067138672,182.61085510253906,3020700
2021-02-04,210.0,212.11000061035156,208.6699981689453,211.02999877929688,184.64073181152344,2777500
2021-02-05,212.58999633789062,214.17999267578125,212.00999450683594,212.5800018310547,185.9969024658203,2600200
2021-02-08,212.52999877929688,212.99000549316406,209.9600067138672,211.5800018310547,185.12196350097656,2696200
2021-02-09,212.07000732421875,216.17999267578125,211.77000427246094,215.97999572753906,188.97174072265625,3047300
2021-02-10,216.8800048828125,217.30999755859375,213.80999755859375,214.39999389648438,187.5892791748047,3161600
2021-02-11,214.5399932861328,214.8000030517578,212.39999389648438,214.27000427246094,187.4755859375,2583600
2021-02-12,214.0,214.6999969482422,212.99000549316406,213.89999389648438,187.1518096923828,2781200
2021-02-16,214.3699951171875,216.94000244140625,213.8300018310547,215.02999877929688,188.1405487060547,2892900
2021-02-17,213.9600067138672,214.88999938964844,212.6300048828125,213.4499969482422,186.7581024169922,3280000
2021-02-18,213.2899932861328,215.86000061035156,212.64999389648438,215.42999267578125,188.4905242919922,2191000
2021-02-19,215.2899932861328,215.72999572753906,211.97000122070312,212.24000549316406,185.69943237304688,3181600
2021-02-22,211.5,213.0,209.69000244140625,212.05999755859375,185.5419158935547,2910800
2021-02-23,214.5,215.6999969482422,210.42999267578125,211.32000732421875,184.89447021484375,3243000
2021-02-24,210.83999633789062,214.10000610351562,210.4199981689453,213.27000427246094,186.6005859375,2887100
2021-02-25,212.6999969482422,212.9199981689453,209.74000549316406,210.9499969482422,184.57069396972656,3131400
2021-02-26,210.75,211.63999938964844,206.13999938964844,206.13999938964844,181.4719696044922,5334000
2021-03-01,207.35000610351562,210.3800048828125,207.35000610351562,208.25,183.32945251464844,2827500
2021-03-02,208.0,209.89999389648438,206.19000244140625,208.6699981689453,183.69921875,3016600
2021-03-03,207.52000427246094,208.99000549316406,205.61000061035156,205.82000732421875,181.19029235839844,3488600
2021-03-04,206.16000366210938,207.49000549316406,202.72999572753906,204.83999633789062,180.32752990722656,3926200
2021-03-05,205.75,208.22999572753906,202.9600067138672,207.3699951171875,182.5547332763672,3608100
2021-03-08,207.6999969482422,210.58999633789062,207.13999938964844,209.11000061035156,184.08653259277344,3157100
2021-03-09,210.6300048828125,211.1999969482422,208.27999877929688,208.5500030517578,183.59356689453125,3646700
2021-03-10,208.72000122070312,213.6300048828125,208.24000549316406,213.30999755859375,187.78395080566406,3447200
2021-03-11,214.6999969482422,215.22999572753906,211.49000549316406,211.57000732421875,186.25218200683594,3618000
2021-03-12,212.0399932861328,214.24000549316406,211.4199981689453,212.33999633789062,186.9300537109375,2818200
2021-03-15,213.64999389648438,220.5500030517578,213.5,220.4600067138672,194.0782928466797,5479700
2021-03-16,219.5800018310547,221.3000030517578,217.16000366210938,219.86000061035156,193.55007934570312,3583400
2021-03-17,224.55999755859375,224.89999389648438,220.00999450683594,224.11000061035156,197.29153442382812,5240600
2021-03-18,223.67999267578125,225.35000610351562,221.41000366210938,222.89999389648438,196.22634887695312,3254600
2021-03-19,222.75999450683594,225.17999267578125,221.0,222.44000244140625,195.8214111328125,7719400
2021-03-22,223.38999938964844,226.91000366210938,222.64999389648438,225.07000732421875,198.13668823242188,4220700
2021-03-23,223.9600067138672,226.39999389648438,223.75,224.3699951171875,197.52041625976562,2794000
2021-03-24,225.32000732421875,227.02000427246094,224.0399932861328,224.0500030517578,197.2387237548828,2442500
2021-03-25,225.14999389648438,225.32000732421875,222.44000244140625,224.1999969482422,197.3707733154297,3249600
2021-03-26,224.1999969482422,225.27999877929688,222.4199981689453,225.2100067138672,198.2599334716797,3263100
2021-03-29,224.8300018310547,227.8800048828125,224.3000030517578,227.35000610351562,200.1438446044922,3621300
2021-03-30,226.1300048828125,227.02000427246094,224.22000122070312,224.97999572753906,198.0574188232422,2419000
2021-03-31,224.00999450683594,226.49000549316406,224.0,224.13999938964844,197.31796264648438,3564100
2021-04-01,224.6699981689453,226.22000122070312,223.27999877929688,225.2100067138672,198.2599334716797,2441200
2021-04-05,226.60000610351562,229.5,226.19000244140625,228.85000610351562,201.46434020996094,2866300
2021-04-06,229.7100067138672,232.27000427246094,228.72000122070312,231.91000366210938,204.15817260742188,3230900
2021-04-07,231.67999267578125,232.80999755859375,231.24000549316406,232.61000061035156,204.7743682861328,2551300
2021-04-08,232.61000061035156,232.8000030517578,229.1999969482422,230.25,202.69680786132812,2772200
2021-04-09,230.19000244140625,231.61000061035156,228.8699951171875,231.47999572753906,203.77960205078125,2728900
2021-04-12,231.47999572753906,232.3800048828125,230.49000549316406,230.9600067138672,203.32183837890625,2292700
2021-04-13,230.44000244140625,231.66000366210938,229.69000244140625,231.32000732421875,203.63873291015625,2570900
2021-04-14,231.22000122070312,231.2899932861328,229.58999633789062,230.30999755859375,202.74961853027344,2129200
2021-04-15,229.80999755859375,231.36000061035156,229.1999969482422,231.27999877929688,203.60353088378906,2063000
2021-04-16,233.64999389648438,234.25999450683594,232.30999755859375,233.0800018310547,205.18812561035156,2694300
2021-04-19,233.1199951171875,233.3000030517578,230.8300018310547,231.80999755859375,204.070068359375,2254800
2021-04-20,231.24000549316406,233.2100067138672,231.0800018310547,233.00999450683594,205.1265106201172,1885700
2021-04-21,233.3000030517578,233.86000061035156,231.85000610351562,232.25999450683594,204.46627807617188,2065500
2021-04-22,232.8300018310547,234.0399932861328,231.94000244140625,232.9600067138672,205.08250427246094,1839500
2021-04-23,233.7899932861328,235.24000549316406,233.10000610351562,234.5800018310547,206.50865173339844,2137500
2021-04-26,234.77999877929688,235.35000610351562,231.91000366210938,232.30999755859375,204.51028442382812,2490100
2021-04-27,232.57000732421875,235.6300048828125,232.41000366210938,234.97999572753906,206.8607635498047,2623800
2021-04-28,235.1999969482422,235.4499969482422,232.25999450683594,232.41000366210938,204.5983428955078,2777000
2021-04-29,233.99000549316406,235.8000030517578,232.6199951171875,235.2100067138672,207.0632781982422,3146700
2021-04-30,234.0,236.2899932861328,233.8699951171875,236.0800018310547,207.82916259765625,2640400
2021-05-03,237.99000549316406,238.17999267578125,235.3800048828125,235.55999755859375,207.371337890625,2458000
2021-05-04,234.6300048828125,236.1300048828125,233.24000549316406,233.86000061035156,205.87481689453125,2529700
2021-05-05,234.1199951171875,235.35000610351562,231.55999755859375,235.0399932861328,206.91358947753906,2070000
2021-05-06,235.5399932861328,235.64999389648438,233.1699981689453,234.86000061035156,206.755126953125,1832600
2021-05-07,235.0,235.72000122070312,233.99000549316406,234.83999633789062,206.73751831054688,1406800
2021-05-10,235.10000610351562,237.9199981689453,235.10000610351562,237.11000061035156,208.7358856201172,2031500
2021-05-11,237.74000549316406,237.8000030517578,232.1999969482422,233.86000061035156,205.87481689453125,3028500
2021-05-12,232.11000061035156,233.57000732421875,227.57000732421875,227.94000244140625,200.6632080078125,3198200
2021-05-13,228.0,231.0800018310547,227.8800048828125,229.77000427246094,202.27426147460938,2819200
2021-05-14,230.7100067138672,232.63999938964844,230.47000122070312,231.72000122070312,203.9908905029297,1943100
2021-05-17,230.80999755859375,232.3000030517578,230.25,231.67999267578125,203.95567321777344,1630900
2021-05-18,231.88999938964844,233.25,231.64999389648438,231.92999267578125,204.17576599121094,2913000
2021-05-19,230.22999572753906,230.6199951171875,228.17999267578125,230.14999389648438,202.6087646484375,2967000
2021-05-20,230.72000122070312,234.02000427246094,230.55999755859375,232.17999267578125,204.3957977294922,1890200
2021-05-21,232.4199981689453,233.39999389648438,230.30999755859375,231.24000549316406,203.56834411621094,2601100
2021-05-24,231.52000427246094,232.64999389648438,231.02000427246094,231.91000366210938,204.15817260742188,1823300
2021-05-25,232.1699981689453,232.77000427246094,230.7100067138672,232.13999938964844,204.36062622070312,2681900
2021-05-26,233.7899932861328,233.7899932861328,232.16000366210938,232.35000610351562,204.5454864501953,1564200
2021-05-27,233.00999450683594,235.0800018310547,232.39999389648438,234.86000061035156,206.755126953125,5242900
2021-05-28,234.1300048828125,234.41000366210938,232.4499969482422,233.88999938964844,207.0384063720703,2853600
2021-06-01,235.97999572753906,235.99000549316406,232.74000549316406,233.24000549316406,206.46299743652344,2574300
2021-06-02,233.97000122070312,234.3300018310547,232.80999755859375,233.77999877929688,206.94102478027344,3172000
2021-06-03,232.57000732421875,232.75999450683594,230.14999389648438,232.4499969482422,205.76373291015625,3249400
2021-06-04,233.44000244140625,233.8000030517578,232.07000732421875,233.3800048828125,206.5869598388672,1615200
2021-06-07,234.0,234.07000732421875,231.16000366210938,231.69000244140625,205.09091186523438,1877000
2021-06-08,231.5,233.97999572753906,231.33999633789062,232.63999938964844,205.93185424804688,2106200
2021-06-09,232.97999572753906,234.32000732421875,231.4499969482422,231.47000122070312,204.89620971679688,1982200
2021-06-10,232.0500030517578,234.89999389648438,231.92999267578125,234.58999633789062,207.65798950195312,2534000
2021-06-11,235.0,237.5,234.7100067138672,236.92999267578125,209.7293701171875,2654300
2021-06-14,237.17999267578125,237.77000427246094,234.80999755859375,236.97999572753906,209.77365112304688,1836800
2021-06-15,237.52999877929688,237.80999755859375,235.66000366210938,236.35000610351562,209.21597290039062,1948300
2021-06-16,237.2100067138672,237.27999877929688,233.77999877929688,235.5800018310547,208.5343780517578,2951700
2021-06-17,235.0800018310547,236.27000427246094,233.27999877929688,233.8800048828125,207.02955627441406,1895600
2021-06-18,231.47000122070312,232.88999938964844,228.82000732421875,229.6199951171875,203.25860595703125,4408200
2021-06-21,230.6300048828125,233.22999572753906,229.47000122070312,232.89999389648438,206.16200256347656,2193000
2021-06-22,233.49000549316406,234.86000061035156,232.42999267578125,233.8800048828125,207.02955627441406,1758300
2021-06-23,233.3000030517578,234.4499969482422,232.6999969482422,233.24000549316406,206.46299743652344,1701500
2021-06-24,234.10000610351562,235.16000366210938,232.74000549316406,233.3300018310547,206.5426788330078,1839800
2021-06-25,232.74000549316406,233.41000366210938,232.33999633789062,232.4199981689453,205.73716735839844,3000100
2021-06-28,232.6699981689453,232.75,230.00999450683594,231.08999633789062,204.55984497070312,2901700
2021-06-29,231.52999877929688,231.7100067138672,230.0500030517578,230.3699951171875,203.92250061035156,1932100
2021-06-30,230.9199981689453,232.25,230.60000610351562,230.99000549316406,204.47132873535156,2450700
2021-07-01,231.41000366210938,232.39999389648438,230.75,232.27000427246094,205.60438537597656,2210500
2021-07-02,233.0800018310547,234.11000061035156,232.44000244140625,233.6300048828125,206.80825805664062,1851500
2021-07-06,233.66000366210938,233.89999389648438,231.0,232.75,206.029296875,1762700
2021-07-07,231.9199981689453,234.99000549316406,231.72000122070312,234.6300048828125,207.69345092773438,2069400
2021-07-08,232.9499969482422,233.8300018310547,231.94000244140625,232.83999633789062,206.1089324951172,1932600
2021-07-09,234.07000732421875,236.22999572753906,233.05999755859375,235.67999267578125,208.6228790283203,2560500
2021-07-12,234.58999633789062,236.24000549316406,234.5,235.61000061035156,208.56092834472656,2158600
2021-07-13,235.66000366210938,237.47000122070312,235.1999969482422,236.1699981689453,209.056640625,1884600
2021-07-14,237.02999877929688,239.0500030517578,236.63999938964844,237.1300048828125,209.90640258789062,1993200
2021-07-15,236.58999633789062,237.38999938964844,234.9199981689453,236.8800048828125,209.6851348876953,2165800
2021-07-16,237.7899932861328,237.8800048828125,234.3800048828125,234.75,207.79965209960938,1680900
2021-07-19,232.50999450683594,233.32000732421875,226.4199981689453,229.25999450683594,202.93994140625,3774900
2021-07-20,230.64999389648438,235.52000427246094,230.2100067138672,234.27000427246094,207.37478637695312,3275600
2021-07-21,235.97999572753906,238.11000061035156,235.22000122070312,235.92999267578125,208.84420776367188,2146600
2021-07-22,235.64999389648438,239.69000244140625,235.16000366210938,238.6699981689453,211.26959228515625,2538300
2021-07-23,240.1300048828125,245.0500030517578,239.60000610351562,242.9600067138672,215.06712341308594,3996400
2021-07-26,242.0,244.57000732421875,241.60000610351562,243.97999572753906,215.9700164794922,2638400
2021-07-27,244.1699981689453,247.0500030517578,244.05999755859375,246.35000610351562,218.0679473876953,3135200
2021-07-28,242.5,243.8000030517578,239.35000610351562,241.77999877929688,214.02259826660156,4948500
2021-07-29,243.32000732421875,245.1999969482422,242.97999572753906,244.02000427246094,216.00543212890625,2572300
2021-07-30,243.85000610351562,245.41000366210938,242.2100067138672,242.7100067138672,214.84584045410156,2336800
2021-08-02,244.24000549316406,244.67999267578125,239.69000244140625,240.10000610351562,212.5354766845703,2693900
2021-08-03,239.55999755859375,239.9499969482422,235.25,236.9499969482422,209.7470703125,3300000
2021-08-04,236.4499969482422,236.60000610351562,233.0500030517578,234.8300018310547,207.8704833984375,2240600
2021-08-05,235.74000549316406,236.80999755859375,234.33999633789062,236.4199981689453,209.27792358398438,2230500
2021-08-06,236.67999267578125,237.13999938964844,235.6699981689453,236.25999450683594,209.1363067626953,1558600
2021-08-09,235.7899932861328,236.07000732421875,234.02999877929688,234.67999267578125,207.73768615722656,2093100
2021-08-10,235.10000610351562,235.10000610351562,233.24000549316406,233.4499969482422,206.64892578125,2027500
2021-08-11,234.19000244140625,235.94000244140625,233.75,235.5500030517578,208.50784301757812,1969100
2021-08-12,236.0,236.75999450683594,235.0500030517578,236.6699981689453,209.49920654296875,1490800
2021-08-13,236.7899932861328,239.0,236.27000427246094,238.82000732421875,211.40240478515625,1699700
2021-08-16,239.0,241.0500030517578,238.55999755859375,240.97000122070312,213.30555725097656,2175300
2021-08-17,240.35000610351562,240.83999633789062,238.2100067138672,240.27999877929688,212.6947784423828,1652000
2021-08-18,239.44000244140625,239.75999450683594,237.77999877929688,238.0800018310547,210.74734497070312,2215500
2021-08-19,236.67999267578125,238.1199951171875,236.07000732421875,237.22999572753906,209.9949493408203,1455400
2021-08-20,236.9600067138672,239.38999938964844,236.32000732421875,238.49000549316406,211.11029052734375,1989700
2021-08-23,239.4600067138672,240.07000732421875,237.99000549316406,239.66000366210938,212.14596557617188,2086900
2021-08-24,240.38999938964844,240.38999938964844,238.32000732421875,238.42999267578125,211.05722045898438,1687700
2021-08-25,237.92999267578125,239.60000610351562,237.83999633789062,238.8300018310547,211.4112548828125,1668000
2021-08-26,238.7899932861328,238.9199981689453,235.9199981689453,236.9499969482422,209.7470703125,2008000
2021-08-27,237.42999267578125,238.3699951171875,236.3699951171875,237.47999572753906,210.21624755859375,1784000
2021-08-30,237.33999633789062,237.75999450683594,235.86000061035156,236.58999633789062,209.4284210205078,2245600
2021-08-31,235.75,237.72999572753906,234.6699981689453,237.4600067138672,211.35092163085938,2938100
2021-09-01,237.8800048828125,239.0399932861328,237.2100067138672,238.14999389648438,211.96502685546875,2197100
2021-09-02,239.1999969482422,239.9499969482422,238.3800048828125,239.8699951171875,213.4959259033203,2140200
2021-09-03,238.38999938964844,239.64999389648438,237.50999450683594,238.82000732421875,212.5614013671875,1339300
2021-09-07,238.61000061035156,238.61000061035156,235.9499969482422,236.19000244140625,210.22055053710938,1820000
2021-09-08,236.8000030517578,239.4600067138672,236.0,238.6199951171875,212.38339233398438,2718400
2021-09-09,238.4199981689453,241.42999267578125,237.77000427246094,238.61000061035156,212.37448120117188,2992200
2021-09-10,240.32000732421875,241.32000732421875,239.0399932861328,239.17999267578125,212.88180541992188,2035200
2021-09-13,240.8300018310547,241.8000030517578,239.83999633789062,241.2100067138672,214.68862915039062,2294800
2021-09-14,241.72999572753906,242.25,239.5,241.1300048828125,214.61740112304688,2013800
2021-09-15,240.47000122070312,241.27000427246094,238.17999267578125,240.97999572753906,214.4839324951172,2507200
2021-09-16,240.2899932861328,243.58999633789062,239.9499969482422,243.2100067138672,216.46868896484375,3410700
2021-09-17,243.83999633789062,244.6300048828125,241.8800048828125,242.49000549316406,215.82786560058594,4756600
2021-09-20,239.8800048828125,241.9600067138672,236.63999938964844,239.08999633789062,212.8016815185547,4549900
2021-09-21,240.0,242.35000610351562,239.39999389648438,240.5,214.05667114257812,2008300
2021-09-22,241.8000030517578,245.86000061035156,241.47000122070312,243.1300048828125,216.3975067138672,3361900
2021-09-23,243.74000549316406,245.9499969482422,243.52999877929688,244.77999877929688,217.86605834960938,2941700
2021-09-24,246.63999938964844,247.3800048828125,245.24000549316406,246.4199981689453,219.3257598876953,2508800
2021-09-27,246.0,248.89999389648438,245.27999877929688,248.11000061035156,220.82994079589844,2463300
2021-09-28,247.2899932861328,247.7100067138672,242.91000366210938,243.77000427246094,216.9671630859375,3007500
2021-09-29,244.3800048828125,245.7100067138672,243.14999389648438,244.27999877929688,217.4210662841797,1719000
2021-09-30,244.77000427246094,245.4199981689453,240.82000732421875,241.11000061035156,214.599609375,3136800
2021-10-01,243.07000732421875,244.69000244140625,240.25,242.92999267578125,216.21946716308594,2076000
2021-10-04,242.05999755859375,244.80999755859375,241.86000061035156,243.0800018310547,216.35299682617188,2236500
2021-10-05,243.97000122070312,246.8800048828125,243.00999450683594,245.22000122070312,218.2576904296875,2463100
2021-10-06,244.55999755859375,247.16000366210938,243.02000427246094,247.10000610351562,219.93099975585938,2107900
2021-10-07,248.0,249.9499969482422,247.67999267578125,248.32000732421875,221.016845703125,2423900
2021-10-08,249.25,249.6300048828125,247.11000061035156,247.6999969482422,220.46502685546875,1687500
2021-10-11,248.10000610351562,249.13999938964844,246.4499969482422,246.5800018310547,219.46812438964844,1504000
2021-10-12,247.72999572753906,248.60000610351562,244.17999267578125,244.52000427246094,217.63465881347656,2346700
2021-10-13,243.27000427246094,243.8699951171875,239.89999389648438,242.64999389648438,215.97030639648438,3214300
2021-10-14,242.8800048828125,245.4199981689453,242.0399932861328,244.5500030517578,217.661376953125,2512000
2021-10-15,245.24000549316406,246.3800048828125,241.99000549316406,242.25,215.61428833007812,2564700
2021-10-18,242.4199981689453,243.4499969482422,241.1300048828125,242.25999450683594,215.62315368652344,2484900
2021-10-19,243.22000122070312,243.92999267578125,241.52999877929688,242.77000427246094,216.07708740234375,2071600
2021-10-20,240.39999389648438,242.64999389648438,239.2899932861328,239.72000122070312,213.3624267578125,3040200
2021-10-21,240.1699981689453,241.91000366210938,239.30999755859375,241.39999389648438,214.8577423095703,2702400
2021-10-22,240.7100067138672,242.24000549316406,238.0,238.44000244140625,212.22315979003906,3283700
2021-10-25,239.22999572753906,239.25,236.5,237.33999633789062,211.24412536621094,3178400
2021-10-26,237.47000122070312,238.39999389648438,236.13999938964844,236.4199981689453,210.42527770996094,3066400
2021-10-27,241.0500030517578,244.6199951171875,238.85000610351562,242.72999572753906,216.04148864746094,5249400
2021-10-28,243.39999389648438,246.0800018310547,242.52999877929688,245.5,218.50697326660156,3448500
2021-10-29,243.0,246.08999633789062,242.47000122070312,245.5500030517578,218.55142211914062,4329400
2021-11-01,245.8000030517578,251.69000244140625,245.33999633789062,250.5800018310547,223.0283660888672,4456200
2021-11-02,251.75999450683594,252.22000122070312,248.16000366210938,249.24000549316406,221.83570861816406,2624300
2021-11-03,247.99000549316406,251.1300048828125,247.91000366210938,250.39999389648438,222.86814880371094,2399000
2021-11-04,251.1199951171875,254.17999267578125,250.1999969482422,253.4600067138672,225.59169006347656,2711000
2021-11-05,254.69000244140625,257.5299987792969,254.6199951171875,254.7100067138672,226.7042694091797,3224300
2021-11-08,254.77999877929688,255.64999389648438,251.92999267578125,253.10000610351562,225.27127075195312,2471300
2021-11-09,252.91000366210938,253.69000244140625,250.4499969482422,252.64999389648438,224.87075805664062,2258900
2021-11-10,250.80999755859375,253.72000122070312,250.80999755859375,253.1300048828125,225.29800415039062,1794300
2021-11-11,253.3300018310547,253.3300018310547,249.25999450683594,250.16000366210938,222.65460205078125,1640500
2021-11-12,250.14999389648438,251.00999450683594,248.88999938964844,250.6699981689453,223.1084747314453,1625200
2021-11-15,250.6699981689453,253.75999450683594,250.6699981689453,252.94000244140625,225.12884521484375,1709200
2021-11-16,253.5,254.19000244140625,252.3800048828125,252.4600067138672,224.70166015625,2195500
2021-11-17,252.41000366210938,253.33999633789062,250.52000427246094,252.69000244140625,224.9063720703125,1412000
2021-11-18,253.16000366210938,253.49000549316406,251.0800018310547,253.47999572753906,225.60948181152344,1751200
2021-11-19,253.2899932861328,253.32000732421875,250.22999572753906,251.9499969482422,224.2477264404297,2743100
2021-11-22,252.6699981689453,255.4499969482422,252.2100067138672,253.47999572753906,225.60948181152344,2438700
2021-11-23,254.80999755859375,255.7899932861328,253.0500030517578,255.64999389648438,227.54092407226562,2770000
2021-11-24,254.5,257.7900085449219,254.0500030517578,257.1099853515625,228.8403778076172,2642800
2021-11-26,252.50999450683594,253.16000366210938,248.27000427246094,250.00999450683594,222.52102661132812,2573300
2021-11-29,251.85000610351562,252.32000732421875,249.8300018310547,250.3000030517578,222.77914428710938,2084600
2021-11-30,247.3800048828125,247.89999389648438,243.9499969482422,244.60000610351562,218.91281127929688,3836100
2021-12-01,245.75999450683594,250.89999389648438,244.11000061035156,244.17999267578125,218.53692626953125,3275300
2021-12-02,245.66000366210938,250.33999633789062,245.0,248.8000030517578,222.67173767089844,3290500
2021-12-03,250.32000732421875,250.67999267578125,247.57000732421875,249.3300018310547,223.14608764648438,3229900
2021-12-06,252.39999389648438,256.92999267578125,252.3699951171875,255.7899932861328,228.9276580810547,3616800
2021-12-07,256.95001220703125,260.3800048828125,256.45001220703125,259.9100036621094,232.6150360107422,2596200
2021-12-08,260.0,262.80999755859375,259.0899963378906,259.5799865722656,232.3196258544922,3453100
2021-12-09,259.5,263.1000061035156,258.3599853515625,262.3399963378906,234.7898406982422,2955100
2021-12-10,263.8800048828125,265.2699890136719,262.42999267578125,264.9700012207031,237.14361572265625,2529600
2021-12-13,264.2200012207031,265.8599853515625,262.3999938964844,263.0899963378906,235.46104431152344,2878800
2021-12-14,263.0,263.5899963378906,261.75,262.5199890136719,234.95091247558594,3695500
2021-12-15,262.1600036621094,265.6700134277344,261.4100036621094,264.5199890136719,236.74087524414062,2641800
2021-12-16,265.55999755859375,266.8900146484375,264.0899963378906,265.54998779296875,237.6626739501953,2347700
2021-12-17,264.0,264.8500061035156,260.8800048828125,261.70001220703125,234.21707153320312,5943200
2021-12-20,259.6300048828125,261.9599914550781,258.42999267578125,261.7300109863281,234.24386596679688,2824500
2021-12-21,264.2900085449219,266.4800109863281,263.4200134277344,264.3900146484375,236.62454223632812,2851800
2021-12-22,264.32000732421875,265.44000244140625,264.07000732421875,264.94000244140625,237.1168212890625,1795100
2021-12-23,265.9200134277344,267.3699951171875,265.45001220703125,265.95001220703125,238.02073669433594,1509800
2021-12-27,266.4700012207031,268.260009765625,266.0,268.239990234375,240.07017517089844,1485500
2021-12-28,267.5799865722656,269.2200012207031,267.25,267.8800048828125,239.74798583984375,1304000
2021-12-29,268.45001220703125,269.7200012207031,267.95001220703125,268.489990234375,240.2939453125,1318500
2021-12-30,269.0,269.260009765625,266.70001220703125,267.2099914550781,239.14837646484375,1714600
2021-12-31,268.0,269.1199951171875,267.2099914550781,268.07000732421875,239.91807556152344,1519200
2022-01-03,269.489990234375,270.7300109863281,265.55999755859375,268.5799865722656,240.37445068359375,2750600
2022-01-04,269.5,271.1499938964844,268.2699890136719,268.510009765625,240.3118896484375,2506000
2022-01-05,269.29998779296875,270.2799987792969,266.8999938964844,267.19000244140625,239.13046264648438,2473000
2022-01-06,268.1199951171875,270.760009765625,267.79998779296875,269.69000244140625,241.36793518066406,2908400
2022-01-07,268.55999755859375,270.1700134277344,267.0,267.05999755859375,239.01414489746094,2209100
2022-01-10,266.7099914550781,266.7200012207031,262.010009765625,264.4100036621094,236.64247131347656,3122400
2022-01-11,263.489990234375,263.95001220703125,260.32000732421875,262.1199951171875,234.59292602539062,3206200
2022-01-12,263.3699951171875,263.95001220703125,260.2799987792969,260.9200134277344,233.5189971923828,3044000
2022-01-13,261.4100036621094,263.8500061035156,260.5899963378906,261.4100036621094,233.9574737548828,2371300
2022-01-14,261.1400146484375,261.239990234375,257.1600036621094,257.7099914550781,230.6460418701172,3460100
2022-01-18,256.9599914550781,257.1000061035156,254.30999755859375,256.4800109863281,229.5452117919922,3076500
2022-01-19,257.54998779296875,257.95001220703125,255.0800018310547,255.22000122070312,228.41757202148438,2304700
2022-01-20,256.6199951171875,258.1099853515625,252.89999389648438,253.1300048828125,226.54701232910156,2602200
2022-01-21,254.0399932861328,258.4599914550781,253.69000244140625,254.58999633789062,227.85369873046875,3738100
2022-01-24,252.3800048828125,253.9199981689453,247.77999877929688,253.61000061035156,226.9766082763672,5153100
2022-01-25,250.8300018310547,252.52999877929688,247.07000732421875,250.67999267578125,224.35427856445312,3908600
2022-01-26,253.0,254.2100067138672,247.86000061035156,249.85000610351562,223.61148071289062,3839000
2022-01-27,249.60000610351562,252.4600067138672,245.25,248.74000549316406,222.61802673339844,5199000
2022-01-28,250.0,256.3500061035156,247.16000366210938,256.0899963378906,229.1961669921875,3833200
2022-01-31,255.02000427246094,259.5,254.44000244140625,259.45001220703125,232.2033233642578,3174200
2022-02-01,259.75,259.8999938964844,255.5800018310547,258.989990234375,231.79161071777344,2496500
2022-02-02,258.8299865722656,262.6099853515625,258.489990234375,262.2799987792969,234.7361297607422,2371500
2022-02-03,262.0,262.79998779296875,260.07000732421875,260.6400146484375,233.2683868408203,2242200
2022-02-04,259.8699951171875,261.7300109863281,257.7900085449219,260.05999755859375,232.74925231933594,1989700
2022-02-07,261.0,261.5799865722656,259.1700134277344,259.8500061035156,232.5613250732422,1959300
2022-02-08,260.5,262.3800048828125,259.1000061035156,260.0799865722656,232.76712036132812,2920000
2022-02-09,261.989990234375,262.8800048828125,259.4100036621094,259.8599853515625,232.57025146484375,2379300
2022-02-10,258.6000061035156,260.44000244140625,255.97000122070312,256.8699951171875,229.89427185058594,3246600
2022-02-11,256.8699951171875,258.760009765625,254.72999572753906,255.16000366210938,228.3638458251953,3592700
2022-02-14,255.91000366210938,256.25,251.67999267578125,253.38999938964844,226.7797088623047,2825800
2022-02-15,254.82000732421875,256.9200134277344,253.55999755859375,253.80999755859375,227.15560913085938,2171500
2022-02-16,253.77000427246094,254.60000610351562,251.1999969482422,253.08999633789062,226.51119995117188,2941800
2022-02-17,251.47999572753906,252.8800048828125,250.0,250.92999267578125,224.57803344726562,2831900
2022-02-18,250.33999633789062,252.2899932861328,250.00999450683594,250.60000610351562,224.2827606201172,2813500
2022-02-22,250.00999450683594,254.6999969482422,249.60000610351562,252.6999969482422,226.16213989257812,3980500
2022-02-23,253.52999877929688,253.85000610351562,247.0800018310547,247.7899932861328,221.76780700683594,3497200
2022-02-24,242.92999267578125,245.5800018310547,239.61000061035156,245.02999877929688,219.2976531982422,4856000
2022-02-25,246.0,249.52999877929688,243.6300048828125,249.4499969482422,223.25347900390625,4549700
2022-02-28,244.44000244140625,245.72000122070312,242.36000061035156,244.77000427246094,220.28359985351562,4410400
2022-03-01,242.3000030517578,243.60000610351562,238.3000030517578,239.6300048828125,215.65780639648438,3910700
2022-03-02,240.85000610351562,242.74000549316406,239.61000061035156,240.94000244140625,216.83676147460938,4482000
2022-03-03,241.00999450683594,242.33999633789062,235.67999267578125,236.64999389648438,212.9759063720703,4707400
2022-03-04,234.6199951171875,236.38999938964844,231.63999938964844,235.80999755859375,212.21994018554688,4184100
2022-03-07,234.30999755859375,234.30999755859375,224.19000244140625,224.3300018310547,201.88839721679688,5425000
2022-03-08,224.3300018310547,229.74000549316406,222.1999969482422,222.7899932861328,200.50247192382812,5258800
2022-03-09,226.7899932861328,227.25,222.00999450683594,222.47000122070312,200.21444702148438,5630500
2022-03-10,220.1999969482422,222.0500030517578,217.67999267578125,222.0,199.79147338867188,5444900
2022-03-11,224.74000549316406,229.11000061035156,224.1999969482422,226.8699951171875,204.17430114746094,6126300
2022-03-14,226.77999877929688,228.44000244140625,223.16000366210938,226.17999267578125,203.55332946777344,4436100
2022-03-15,227.97999572753906,234.57000732421875,227.97999572753906,232.57000732421875,209.30404663085938,5087400
2022-03-16,234.8699951171875,238.2100067138672,234.36000061035156,238.13999938964844,214.3168487548828,4173200
2022-03-17,236.44000244140625,237.47000122070312,234.5399932861328,237.47000122070312,213.71389770507812,3752800
2022-03-18,237.22999572753906,239.19000244140625,235.99000549316406,238.9199981689453,215.01885986328125,5336500
2022-03-21,239.5800018310547,240.08999633789062,234.07000732421875,235.32000732421875,211.77896118164062,3704000
2022-03-22,237.0399932861328,238.44000244140625,236.47000122070312,238.1199951171875,214.2989044189453,2938100
2022-03-23,237.1300048828125,238.00999450683594,235.9499969482422,236.1199951171875,212.49893188476562,2200500
2022-03-24,237.55999755859375,241.0399932861328,236.47000122070312,240.25999450683594,216.22474670410156,2337500
2022-03-25,240.5399932861328,241.85000610351562,239.42999267578125,241.5800018310547,217.41275024414062,2134800
2022-03-28,241.91000366210938,242.9499969482422,239.86000061035156,242.94000244140625,218.63668823242188,2041800
2022-03-29,246.35000610351562,248.64999389648438,244.77000427246094,248.1699981689453,223.343505859375,2657400
2022-03-30,247.50999450683594,250.5,247.50999450683594,249.02999877929688,224.11746215820312,2227300
2022-03-31,249.72000122070312,251.35000610351562,247.27999877929688,247.27999877929688,222.54249572753906,3803400
2022-04-01,248.1199951171875,249.42999267578125,246.17999267578125,249.25,224.3154296875,2023000
2022-04-04,246.7899932861328,247.27000427246094,242.3800048828125,246.8300018310547,222.1375274658203,2500700
2022-04-05,246.10000610351562,249.74000549316406,245.42999267578125,248.50999450683594,223.6494598388672,2532500
2022-04-06,247.63999938964844,252.3800048828125,245.97999572753906,251.4600067138672,226.30435180664062,2886000
2022-04-07,250.7899932861328,255.47999572753906,249.5399932861328,254.36000061035156,228.9142303466797,4041800
2022-04-08,253.0399932861328,255.07000732421875,250.9199981689453,251.4600067138672,226.30435180664062,2551000
2022-04-11,251.25,252.94000244140625,249.92999267578125,250.4499969482422,225.3953857421875,2326700
2022-04-12,250.72999572753906,252.2899932861328,248.8000030517578,249.1699981689453,224.24342346191406,2724900
2022-04-13,249.36000061035156,251.66000366210938,249.02000427246094,251.3300018310547,226.1873321533203,2133800
2022-04-14,251.3300018310547,253.72999572753906,250.42999267578125,250.50999450683594,225.44937133789062,2105900
2022-04-18,249.6300048828125,252.49000549316406,249.1300048828125,251.05999755859375,225.9443359375,1426600
2022-04-19,250.0399932861328,255.9600067138672,250.0399932861328,255.39999389648438,229.85020446777344,2324500
2022-04-20,256.0,257.7900085449219,254.82000732421875,255.85000610351562,230.2552032470703,2278700
2022-04-21,257.6499938964844,259.6099853515625,254.8800048828125,255.25,229.71524047851562,2476900
2022-04-22,255.0,255.0,249.94000244140625,250.1699981689453,225.1433868408203,2643600
2022-04-25,249.4499969482422,253.1300048828125,247.92999267578125,252.8800048828125,227.58229064941406,2523000
2022-04-26,250.1300048828125,252.41000366210938,248.3300018310547,248.5800018310547,223.7124786376953,2948500
2022-04-27,247.97999572753906,250.97000122070312,247.0500030517578,247.13999938964844,222.41651916503906,2706500
2022-04-28,249.94000244140625,256.3800048828125,248.0800018310547,254.19000244140625,228.7612762451172,3547400
2022-04-29,254.27999877929688,254.85000610351562,248.8000030517578,249.16000366210938,224.23443603515625,3388000
2022-05-02,250.86000061035156,251.5500030517578,242.25999450683594,246.63999938964844,221.96652221679688,3418700
2022-05-03,247.38999938964844,247.83999633789062,242.27999877929688,245.8699951171875,221.27354431152344,2562000
2022-05-04,246.16000366210938,254.77999877929688,246.16000366210938,254.32000732421875,228.87828063964844,3289300
2022-05-05,252.88999938964844,254.49000549316406,246.77999877929688,248.9199981689453,224.01844787597656,2925900
2022-05-06,248.19000244140625,252.4499969482422,247.6999969482422,250.77999877929688,225.69239807128906,2964500
2022-05-09,247.0,249.89999389648438,246.7899932861328,247.49000549316406,222.7315216064453,2918900
2022-05-10,248.99000549316406,250.8800048828125,244.92999267578125,245.67999267578125,221.10260009765625,3070800
2022-05-11,245.27000427246094,246.7899932861328,243.2100067138672,244.42999267578125,219.9776153564453,2833200
2022-05-12,245.32000732421875,246.3800048828125,241.1199951171875,244.19000244140625,219.7616424560547,2861000
2022-05-13,247.14999389648438,247.17999267578125,242.27999877929688,245.0399932861328,220.526611328125,3255200
2022-05-16,244.4600067138672,245.47999572753906,240.72999572753906,244.0399932861328,219.62661743164062,2147100
2022-05-17,246.0,247.0,239.4600067138672,241.6300048828125,217.4577178955078,3204900
2022-05-18,239.4600067138672,240.0800018310547,230.3699951171875,231.0500030517578,207.93614196777344,3946100
2022-05-19,229.5,232.14999389648438,228.33999633789062,229.0,206.0911865234375,3518300
2022-05-20,231.3800048828125,234.05999755859375,228.58999633789062,233.91000366210938,210.51004028320312,3208200
2022-05-23,235.75999450683594,238.88999938964844,233.5,238.0,214.1908416748047,3053500
2022-05-24,237.5,245.8000030517578,237.4499969482422,244.52000427246094,220.0586395263672,5258200
2022-05-25,242.5800018310547,245.6999969482422,241.58999633789062,244.00999450683594,219.599609375,2641700
2022-05-26,246.0,249.3300018310547,245.60000610351562,248.08999633789062,223.2714385986328,1972300
2022-05-27,249.5,251.8699951171875,248.77999877929688,251.8699951171875,226.67332458496094,2063800
2022-05-31,250.0,254.27999877929688,248.6300048828125,252.2100067138672,226.9793243408203,3924700
2022-06-01,253.19000244140625,253.4199981689453,248.19000244140625,249.27999877929688,224.34243774414062,2264100
2022-06-02,249.60000610351562,250.44000244140625,246.22000122070312,250.3800048828125,225.33241271972656,2089700
2022-06-03,248.42999267578125,250.27000427246094,248.1699981689453,248.36000061035156,224.75323486328125,1838900
2022-06-06,249.0800018310547,249.52999877929688,247.3300018310547,248.07000732421875,224.49078369140625,1569300
2022-06-07,246.0,249.7899932861328,245.52999877929688,248.94000244140625,225.2781219482422,2782000
2022-06-08,247.89999389648438,248.47999572753906,244.88999938964844,245.61000061035156,222.26461791992188,2101300
2022-06-09,243.6199951171875,246.0,242.02999877929688,242.16000366210938,219.1425323486328,2682600
2022-06-10,239.17999267578125,239.50999450683594,237.16000366210938,237.3800048828125,214.81690979003906,1992300
2022-06-13,232.7899932861328,240.10000610351562,232.67999267578125,238.47000122070312,215.80325317382812,4697000
2022-06-14,239.9600067138672,242.89999389648438,238.6199951171875,238.75999450683594,216.06570434570312,3564800
2022-06-15,239.86000061035156,241.5800018310547,236.1199951171875,238.89999389648438,216.19241333007812,3152100
2022-06-16,236.0800018310547,237.32000732421875,233.82000732421875,235.19000244140625,212.83505249023438,3272000
2022-06-17,234.22000122070312,235.49000549316406,232.1699981689453,234.3800048828125,212.10203552246094,7236300
2022-06-21,236.22000122070312,240.10000610351562,234.13999938964844,239.58999633789062,216.81680297851562,3263500
2022-06-22,238.7899932861328,244.5500030517578,238.36000061035156,243.05999755859375,219.95697021484375,3054300
2022-06-23,243.6999969482422,245.08999633789062,240.4600067138672,243.5800018310547,220.4275665283203,1937000
2022-06-24,245.25999450683594,248.0,244.49000549316406,247.89999389648438,224.33692932128906,3104800
2022-06-27,247.89999389648438,248.77000427246094,246.57000732421875,247.02999877929688,223.54965209960938,2059200
2022-06-28,247.05999755859375,249.9600067138672,242.52000427246094,242.8300018310547,219.74888610839844,2381700
2022-06-29,246.13999938964844,248.8699951171875,245.11000061035156,247.74000549316406,224.19215393066406,2997200
2022-06-30,248.25,248.58999633789062,245.4499969482422,246.8800048828125,223.4138946533203,2786200
2022-07-01,246.35000610351562,253.13999938964844,246.0,252.9600067138672,228.91603088378906,2531400
2022-07-05,251.14999389648438,253.0,249.66000366210938,252.2899932861328,228.30966186523438,2390700
2022-07-06,252.47000122070312,252.86000061035156,249.3699951171875,251.4600067138672,227.55859375,1948600
2022-07-07,253.25999450683594,254.9199981689453,251.17999267578125,252.94000244140625,228.89788818359375,2396700
2022-07-08,252.60000610351562,254.6199951171875,252.32000732421875,253.24000549316406,229.1693878173828,1450300
2022-07-11,252.0800018310547,255.39999389648438,252.0800018310547,253.27999877929688,229.20559692382812,1478100
2022-07-12,252.97000122070312,255.6199951171875,250.75999450683594,251.47999572753906,227.57666015625,2112800
2022-07-13,248.9600067138672,254.8000030517578,248.25999450683594,252.6699981689453,228.653564453125,2205300
2022-07-14,249.88999938964844,253.10000610351562,249.6199951171875,252.60000610351562,228.59022521972656,2371000
2022-07-15,254.02000427246094,256.3900146484375,253.4499969482422,255.00999450683594,230.77114868164062,2627200
2022-07-18,255.24000549316406,255.58999633789062,252.07000732421875,252.4199981689453,228.42730712890625,2164400
2022-07-19,253.8800048828125,256.6199951171875,252.97000122070312,256.5,232.11952209472656,2181300
2022-07-20,256.7799987792969,256.9100036621094,253.47000122070312,254.5800018310547,230.3820343017578,2183700
2022-07-21,253.99000549316406,254.8000030517578,252.32000732421875,253.47000122070312,229.3774871826172,2056500
2022-07-22,253.75,254.52999877929688,252.4499969482422,253.99000549316406,229.84811401367188,2226600
2022-07-25,254.57000732421875,254.8000030517578,248.66000366210938,250.3800048828125,226.58123779296875,2860400
2022-07-26,249.55999755859375,259.2200012207031,248.6999969482422,257.0899963378906,232.65345764160156,5272300
2022-07-27,255.8000030517578,259.9100036621094,254.69000244140625,258.8900146484375,234.28236389160156,2718300
2022-07-28,258.79998779296875,264.0,257.55999755859375,263.4599914550781,238.41799926757812,2849100
2022-07-29,263.6499938964844,264.3500061035156,262.1000061035156,263.3699951171875,238.33648681640625,2653800
2022-08-01,262.5400085449219,265.4599914550781,262.4100036621094,264.2300109863281,239.1147918701172,2384000
2022-08-02,264.6199951171875,265.45001220703125,260.8900146484375,261.04998779296875,236.23699951171875,2375200
2022-08-03,261.04998779296875,262.9200134277344,259.760009765625,262.0899963378906,237.1781768798828,2305300
2022-08-04,261.70001220703125,262.17999267578125,258.69000244140625,260.6400146484375,235.8660430908203,2089600
2022-08-05,259.6400146484375,260.0299987792969,257.07000732421875,259.2300109863281,234.59002685546875,1818500
2022-08-08,260.0,260.9100036621094,255.33999633789062,256.79998779296875,232.39100646972656,2253500
2022-08-09,256.8999938964844,260.2099914550781,256.3599853515625,260.05999755859375,235.34112548828125,2315800
2022-08-10,262.0,263.7099914550781,260.5,261.3599853515625,236.51760864257812,2967900
2022-08-11,263.20001220703125,263.2699890136719,258.6300048828125,259.2799987792969,234.63528442382812,2007000
2022-08-12,259.54998779296875,262.510009765625,259.54998779296875,262.17999267578125,237.25958251953125,1530800
2022-08-15,262.2099914550781,265.6199951171875,261.25,265.44000244140625,240.2097625732422,2342700
2022-08-16,265.0400085449219,267.1300048828125,264.260009765625,266.2900085449219,240.9789276123047,1828000
2022-08-17,265.9599914550781,267.9700012207031,265.5799865722656,266.82000732421875,241.4585723876953,1699100
2022-08-18,266.0,267.3599853515625,265.4200134277344,266.5799865722656,241.24139404296875,1591900
2022-08-19,265.94000244140625,267.75,265.5400085449219,266.5400085449219,241.20518493652344,1833800
2022-08-22,264.5,265.7900085449219,262.3699951171875,262.95001220703125,237.9564208984375,1986700
2022-08-23,262.6199951171875,263.3500061035156,260.5299987792969,260.5400085449219,235.77548217773438,2211100
2022-08-24,260.7099914550781,262.0,259.8599853515625,260.8599853515625,236.0650634765625,1777200
2022-08-25,261.989990234375,262.67999267578125,260.20001220703125,262.55999755859375,237.60353088378906,1330400
2022-08-26,262.79998779296875,263.20001220703125,256.3900146484375,256.95001220703125,232.52674865722656,2357800
2022-08-29,255.5,256.7099914550781,254.58999633789062,255.66000366210938,231.35935974121094,2017500
2022-08-30,256.0,256.7200012207031,252.57000732421875,253.49000549316406,229.39559936523438,2051300
2022-08-31,254.1699981689453,255.67999267578125,252.1999969482422,252.27999877929688,229.55030822753906,3119200
2022-09-01,251.82000732421875,256.5299987792969,251.75999450683594,256.4700012207031,233.36277770996094,2577800
2022-09-02,257.4100036621094,258.5799865722656,253.36000061035156,254.50999450683594,231.57937622070312,1791300
2022-09-06,254.47000122070312,256.7300109863281,253.3800048828125,254.38999938964844,231.47019958496094,2645700
2022-09-07,255.13999938964844,259.82000732421875,254.9600067138672,258.4200134277344,235.1371307373047,4185200
2022-09-08,257.8500061035156,261.0799865722656,257.3299865722656,260.0799865722656,236.64752197265625,2448900
2022-09-09,260.260009765625,260.739990234375,258.2099914550781,259.5199890136719,236.13795471191406,2007000
2022-09-12,260.0,261.3999938964844,259.4200134277344,260.3699951171875,236.91140747070312,2204300
2022-09-13,257.739990234375,258.95001220703125,253.6699981689453,254.3300018310547,231.4156036376953,2604900
2022-09-14,255.0,258.2699890136719,254.3699951171875,255.72000122070312,232.68038940429688,2745200
2022-09-15,255.02000427246094,255.22999572753906,252.49000549316406,253.47000122070312,230.633056640625,2289500
2022-09-16,251.85000610351562,255.82000732421875,251.75,254.91000366210938,231.94337463378906,4304100
2022-09-19,254.0,257.54998779296875,253.35000610351562,257.010009765625,233.85415649414062,2195800
2022-09-20,256.1000061035156,256.489990234375,252.77999877929688,255.39999389648438,232.3892059326172,2140200
2022-09-21,255.1300048828125,256.9100036621094,251.0800018310547,251.0800018310547,228.45840454101562,2438800
2022-09-22,250.38999938964844,250.42999267578125,247.64999389648438,247.94000244140625,225.601318359375,2300500
2022-09-23,247.2100067138672,249.10000610351562,244.19000244140625,245.9499969482422,223.79061889648438,2672100
2022-09-26,245.94000244140625,246.25,242.44000244140625,243.75999450683594,221.79788208007812,3179100
2022-09-27,244.5800018310547,244.92999267578125,236.55999755859375,236.6999969482422,215.37399291992188,4193800
2022-09-28,236.1300048828125,238.52999877929688,233.75999450683594,236.94000244140625,215.59242248535156,4202400
2022-09-29,236.32000732421875,237.66000366210938,232.4600067138672,234.39999389648438,213.28121948242188,3053200
2022-09-30,233.32000732421875,234.8300018310547,230.5800018310547,230.74000549316406,209.95101928710938,3629300
2022-10-03,233.52000427246094,236.85000610351562,231.7100067138672,235.33999633789062,214.1365509033203,3286700
2022-10-04,236.7100067138672,241.0500030517578,236.2100067138672,238.5,217.0118408203125,3685700
2022-10-05,236.91000366210938,240.41000366210938,236.13999938964844,239.08999633789062,217.5486602783203,3033000
2022-10-06,239.33999633789062,239.8800048828125,234.4600067138672,234.75,213.59970092773438,2999200
2022-10-07,233.9600067138672,234.60000610351562,232.0800018310547,233.19000244140625,212.18023681640625,2294300
2022-10-10,233.41000366210938,236.25999450683594,233.41000366210938,234.9499969482422,213.7816925048828,2668700
2022-10-11,234.16000366210938,239.1199951171875,233.92999267578125,237.0500030517578,215.69247436523438,3169200
2022-10-12,237.27000427246094,240.0399932861328,237.05999755859375,237.05999755859375,215.70156860351562,2709300
2022-10-13,234.4600067138672,249.3000030517578,234.4600067138672,246.75,224.5185089111328,5026900
2022-10-14,249.0800018310547,249.42999267578125,242.41000366210938,243.16000366210938,221.25201416015625,2918300
2022-10-17,245.8000030517578,247.22000122070312,243.52999877929688,246.47999572753906,224.27285766601562,2758200
2022-10-18,249.3699951171875,250.4199981689453,247.25,249.19000244140625,226.7386932373047,3123600
2022-10-19,250.0,252.52000427246094,249.1199951171875,250.75,228.1581573486328,3021300
2022-10-20,249.5500030517578,251.75,249.0500030517578,249.77000427246094,227.2664337158203,2410700
2022-10-21,250.2100067138672,255.36000061035156,249.5,254.5500030517578,231.6157989501953,3254900
2022-10-24,255.27999877929688,256.8699951171875,253.07000732421875,255.32000732421875,232.31642150878906,4125100
2022-10-25,254.57000732421875,257.2799987792969,254.39999389648438,255.72999572753906,232.68943786621094,2689000
2022-10-26,257.8399963378906,260.69000244140625,256.1199951171875,256.6099853515625,233.4901580810547,3582600
2022-10-27,263.0,266.989990234375,262.260009765625,265.1099853515625,241.22433471679688,4145700
2022-10-28,267.510009765625,274.80999755859375,265.989990234375,274.5199890136719,249.7865447998047,4647600
2022-10-31,273.05999755859375,273.6300048828125,270.80999755859375,272.6600036621094,248.09413146972656,3336100
2022-11-01,273.69000244140625,273.7900085449219,269.6600036621094,272.95001220703125,248.35801696777344,2740900
2022-11-02,273.0,276.6700134277344,270.30999755859375,270.3699951171875,246.0104217529297,3069900
2022-11-03,269.3299865722656,274.67999267578125,268.3800048828125,272.95001220703125,248.35801696777344,3225400
2022-11-04,275.6000061035156,275.7099914550781,272.1300048828125,274.6199951171875,249.87757873535156,3256500
2022-11-07,275.07000732421875,278.0799865722656,275.07000732421875,276.4100036621094,251.5062255859375,3029500
2022-11-08,276.8599853515625,279.5199890136719,276.5,278.3999938964844,253.31692504882812,2628800
2022-11-09,278.510009765625,280.25,277.67999267578125,277.7900085449219,252.7619171142578,2610800
2022-11-10,281.489990234375,281.6700134277344,272.5799865722656,275.8800048828125,251.02403259277344,4510900
2022-11-11,276.3299865722656,277.0,269.17999267578125,271.3900146484375,246.93856811523438,4742800
2022-11-14,270.92999267578125,274.7099914550781,270.5799865722656,272.2699890136719,247.73919677734375,3357400
2022-11-15,270.25,271.0299987792969,266.3399963378906,267.8399963378906,243.70840454101562,5429100
2022-11-16,268.9200134277344,274.42999267578125,268.9200134277344,272.510009765625,247.9575958251953,4132700
2022-11-17,272.07000732421875,274.3500061035156,270.55999755859375,273.3599853515625,248.73106384277344,2467400
2022-11-18,273.9200134277344,275.1000061035156,272.1199951171875,273.3699951171875,248.74014282226562,2699200
2022-11-21,274.6499938964844,274.9800109863281,273.1000061035156,274.5199890136719,249.7865447998047,2974200
2022-11-22,275.0,275.29998779296875,274.29998779296875,274.760009765625,250.00491333007812,2770400
2022-11-23,275.54998779296875,275.6499938964844,272.8800048828125,273.2699890136719,248.64918518066406,2514800
2022-11-25,274.510009765625,275.32000732421875,272.8599853515625,275.0,250.22329711914062,1596600
2022-11-28,274.8800048828125,275.94000244140625,272.3800048828125,272.8800048828125,248.29432678222656,3160500
2022-11-29,271.0,271.9200134277344,269.4700012207031,271.4100036621094,246.9567413330078,2873500
2022-11-30,269.6199951171875,273.30999755859375,268.8299865722656,272.7900085449219,249.61038208007812,5196500
2022-12-01,273.1600036621094,274.239990234375,271.3900146484375,273.3999938964844,250.16848754882812,2599600
2022-12-02,269.80999755859375,273.45001220703125,269.6199951171875,273.3999938964844,250.16848754882812,2807500
2022-12-05,271.0199890136719,272.57000732421875,270.0,271.5899963378906,248.51231384277344,2586900
2022-12-06,271.79998779296875,273.3699951171875,270.0299987792969,271.7699890136719,248.67698669433594,3573000
2022-12-07,272.5,273.9800109863281,269.6700134277344,270.3399963378906,247.36849975585938,2766400
2022-12-08,271.0,273.57000732421875,270.6199951171875,273.3900146484375,250.15933227539062,3022700
2022-12-09,273.6099853515625,274.1600036621094,271.7200012207031,272.0400085449219,248.924072265625,1677400
2022-12-12,272.19000244140625,276.7099914550781,271.2200012207031,276.6199951171875,253.11489868164062,3230500
2022-12-13,278.67999267578125,279.8999938964844,273.6400146484375,274.2799987792969,250.9737548828125,3390100
2022-12-14,275.2200012207031,277.0799865722656,272.29998779296875,274.5299987792969,251.20245361328125,2660900
2022-12-15,273.7900085449219,274.3800048828125,269.2099914550781,271.7300109863281,248.64041137695312,2735300
2022-12-16,270.4100036621094,271.0199890136719,265.760009765625,266.1199951171875,243.507080078125,5932500
2022-12-19,266.25,268.4200134277344,264.6700134277344,265.8299865722656,243.24176025390625,2160800
2022-12-20,266.9200134277344,267.94000244140625,264.5400085449219,267.25,244.5410614013672,1785600
2022-12-21,267.4800109863281,269.94000244140625,267.30999755859375,268.1600036621094,245.37374877929688,2366800
2022-12-22,267.2699890136719,268.1199951171875,263.6499938964844,265.7699890136719,243.1868133544922,2366700
2022-12-23,265.8999938964844,268.3500061035156,264.7900085449219,267.57000732421875,244.83389282226562,1269000
2022-12-27,268.6600036621094,268.8699951171875,266.6000061035156,266.8399963378906,244.1658935546875,1674700
2022-12-28,268.0,268.1400146484375,265.07000732421875,265.1099853515625,242.58290100097656,1427800
2022-12-29,265.94000244140625,267.80999755859375,264.8800048828125,265.92999267578125,243.33323669433594,1393900
2022-12-30,265.20001220703125,265.3800048828125,261.3999938964844,263.5299987792969,241.13717651367188,1720100
2023-01-03,263.5299987792969,264.3500061035156,259.510009765625,264.3299865722656,241.86915588378906,2743800
2023-01-04,266.25,266.54998779296875,262.8900146484375,264.3900146484375,241.92408752441406,2584100
2023-01-05,264.760009765625,264.760009765625,261.3800048828125,262.1600036621094,239.8835906982422,1945600
2023-01-06,263.760009765625,269.8900146484375,263.3900146484375,269.4700012207031,246.57240295410156,2855400
2023-01-09,269.92999267578125,269.95001220703125,266.7699890136719,267.25,244.5410614013672,2654600
2023-01-10,266.9800109863281,269.1000061035156,266.9599914550781,268.9100036621094,246.06005859375,1718400
2023-01-11,269.5199890136719,269.739990234375,266.9599914550781,268.80999755859375,245.9685516357422,2391400
2023-01-12,269.5,269.9200134277344,266.19000244140625,266.69000244140625,244.0286407470703,1933000
2023-01-13,266.3900146484375,268.95001220703125,265.8800048828125,268.8900146484375,246.0417022705078,2168900
2023-01-17,270.0199890136719,275.3900146484375,270.0199890136719,274.1099853515625,250.818115234375,3640200
2023-01-18,273.510009765625,274.3699951171875,265.7200012207031,266.0400085449219,243.43386840820312,3276500
2023-01-19,266.7200012207031,269.1400146484375,263.5299987792969,263.5799865722656,241.18292236328125,2845400
2023-01-20,264.42999267578125,268.6499938964844,262.8299865722656,268.5799865722656,245.75802612304688,2588600
2023-01-23,268.8399963378906,271.1700134277344,267.760009765625,269.2900085449219,246.4077606201172,2434000
2023-01-24,261.2200012207031,270.1600036621094,261.2200012207031,269.55999755859375,246.65481567382812,2517100
2023-01-25,270.3299865722656,273.07000732421875,268.82000732421875,273.0,249.80252075195312,3097400
2023-01-26,273.0,274.75,271.70001220703125,274.7200012207031,251.3763427734375,2222500
2023-01-27,275.0,275.30999755859375,271.9700012207031,272.4599914550781,249.30838012695312,2203200
2023-01-30,271.6700134277344,272.57000732421875,270.05999755859375,270.8900146484375,247.87179565429688,2862400
2023-01-31,265.0899963378906,267.510009765625,263.25,267.3999938964844,244.67831420898438,5477900
2023-02-01,267.0199890136719,268.4599914550781,263.5,266.2699890136719,243.64431762695312,3557700
2023-02-02,264.8900146484375,265.9800109863281,262.0199890136719,263.2099914550781,240.84439086914062,3735600
2023-02-03,262.6300048828125,265.2200012207031,261.3500061035156,264.2300109863281,241.77772521972656,3008500
2023-02-06,264.989990234375,268.20001220703125,264.3599853515625,267.9200134277344,245.1541748046875,2863900
2023-02-07,265.0199890136719,267.7699890136719,263.6300048828125,267.3399963378906,244.62344360351562,2514000
2023-02-08,265.0899963378906,265.8900146484375,262.45001220703125,262.82000732421875,240.4875030517578,2801800
2023-02-09,263.69000244140625,263.95001220703125,260.19000244140625,260.6600036621094,238.5110626220703,3534600
2023-02-10,260.8699951171875,262.69000244140625,260.2900085449219,262.4200134277344,240.12149047851562,3049900
2023-02-13,263.70001220703125,266.7900085449219,263.0,266.20001220703125,243.5802764892578,2418300
2023-02-14,266.6499938964844,267.5199890136719,264.5899963378906,266.6099853515625,243.95547485351562,2202100
2023-02-15,266.2699890136719,267.67999267578125,265.1499938964844,266.55999755859375,243.90966796875,1862000
2023-02-16,265.07000732421875,267.7099914550781,263.2799987792969,265.8299865722656,243.24176025390625,2785400
2023-02-17,266.29998779296875,270.0,265.3299865722656,269.989990234375,247.04823303222656,3055600
2023-02-21,269.2900085449219,270.239990234375,267.6099853515625,268.54998779296875,245.73062133789062,2824300
2023-02-22,268.20001220703125,270.4800109863281,267.6600036621094,268.6400146484375,245.81297302246094,2192000
2023-02-23,267.70001220703125,267.8699951171875,263.9599914550781,266.7799987792969,244.1110382080078,4217000
2023-02-24,265.9100036621094,266.2799987792969,262.25,263.67999267578125,241.27444458007812,2645300
2023-02-27,265.0299987792969,266.29998779296875,263.5400085449219,264.7799987792969,242.28094482421875,2024800
2023-02-28,263.1400146484375,264.5799865722656,262.80999755859375,263.9100036621094,242.8791961669922,2853400
2023-03-01,262.5400085449219,263.5299987792969,261.67999267578125,262.7200012207031,241.7840118408203,2058900
2023-03-02,262.45001220703125,268.4599914550781,262.30999755859375,267.57000732421875,246.2475128173828,2385900
2023-03-03,268.4200134277344,269.3800048828125,266.20001220703125,269.07000732421875,247.6279754638672,2725800
2023-03-06,269.1499938964844,270.7799987792969,268.8999938964844,270.6400146484375,249.07289123535156,2217600
2023-03-07,271.5199890136719,273.1499938964844,266.82000732421875,267.1300048828125,245.8425750732422,2766600
2023-03-08,265.8599853515625,266.1600036621094,263.1400146484375,265.3299865722656,244.1859893798828,2314000
2023-03-09,267.0899963378906,267.6099853515625,260.8699951171875,261.6300048828125,240.78086853027344,2339300
2023-03-10,263.7300109863281,266.5799865722656,261.260009765625,262.0299987792969,241.14898681640625,3093100
2023-03-13,260.3699951171875,267.3999938964844,260.3699951171875,263.0799865722656,242.1153106689453,3552400
2023-03-14,263.1199951171875,266.94000244140625,262.6000061035156,265.8999938964844,244.71060180664062,3194400
2023-03-15,264.5799865722656,266.4100036621094,262.57000732421875,266.3399963378906,245.11546325683594,3419400
2023-03-16,265.7799987792969,270.67999267578125,265.510009765625,270.57000732421875,249.00843811035156,3097900
2023-03-17,269.57000732421875,269.9700012207031,265.7099914550781,267.20001220703125,245.9070281982422,5075300
2023-03-20,267.8399963378906,271.3800048828125,267.8399963378906,270.739990234375,249.16488647460938,2108900
2023-03-21,270.0,270.8699951171875,267.6199951171875,270.2099914550781,248.6771240234375,3120100
2023-03-22,270.0400085449219,271.9800109863281,267.7099914550781,267.8699951171875,246.52359008789062,2240800
2023-03-23,267.989990234375,271.4800109863281,267.989990234375,269.6199951171875,248.13418579101562,2263800
2023-03-24,270.3699951171875,271.8299865722656,268.8399963378906,271.3299865722656,249.70782470703125,2229200
2023-03-27,272.0,274.95001220703125,270.57000732421875,273.8399963378906,252.017822265625,2799100
2023-03-28,273.989990234375,276.2200012207031,273.510009765625,275.8500061035156,253.86764526367188,2036000
2023-03-29,277.0,278.1499938964844,276.45001220703125,277.44000244140625,255.33099365234375,2053400
2023-03-30,277.260009765625,278.3999938964844,276.5,277.7900085449219,255.65306091308594,1788800
2023-03-31,278.9200134277344,280.6400146484375,278.5,279.6099853515625,257.3280029296875,2902500
2023-04-03,280.989990234375,282.8699951171875,279.67999267578125,282.1400146484375,259.6564636230469,2352700
2023-04-04,281.4100036621094,283.4200134277344,280.3900146484375,282.2799987792969,259.7852478027344,2282300
2023-04-05,283.489990234375,284.9800109863281,281.7799987792969,282.0199890136719,259.54595947265625,2600800
2023-04-06,282.42999267578125,283.489990234375,281.57000732421875,282.8900146484375,260.3466796875,1731000
2023-04-10,283.17999267578125,284.1700134277344,281.989990234375,283.7799987792969,261.1657409667969,1941800
2023-04-11,283.1700134277344,285.5400085449219,282.75,284.4800109863281,261.8100280761719,2732900
2023-04-12,283.8500061035156,286.7900085449219,283.5,285.29998779296875,262.5646057128906,2557400
2023-04-13,286.57000732421875,289.5400085449219,286.1099853515625,289.07000732421875,266.0341796875,3229300
2023-04-14,289.2900085449219,289.94000244140625,287.6199951171875,288.9800109863281,265.95135498046875,2054700
2023-04-17,289.8399963378906,290.510009765625,288.17999267578125,289.30999755859375,266.25506591796875,2371000
2023-04-18,289.3999938964844,291.19000244140625,289.0,290.9100036621094,267.7275085449219,2086700
2023-04-19,290.9100036621094,291.6000061035156,290.19000244140625,291.2699890136719,268.058837890625,2254000
2023-04-20,290.9599914550781,291.6700134277344,289.8800048828125,291.0,267.81036376953125,2274200
2023-04-21,292.32000732421875,292.5299987792969,290.510009765625,292.05999755859375,268.7859191894531,2171200
2023-04-24,292.8299865722656,293.42999267578125,291.7099914550781,293.20001220703125,269.8350830078125,2995200
2023-04-25,295.0,295.0,289.42999267578125,291.510009765625,268.2797546386719,5845200
2023-04-26,289.9800109863281,291.5,289.760009765625,289.760009765625,266.6692199707031,3290000
2023-04-27,290.7200012207031,295.04998779296875,290.0,294.7200012207031,271.2339172363281,3142300
2023-04-28,294.8299865722656,296.17999267578125,293.9100036621094,295.75,272.18182373046875,2838200
2023-05-01,295.7200012207031,298.79998779296875,295.6499938964844,297.5799865722656,273.865966796875,2124400
2023-05-02,297.3699951171875,298.4599914550781,295.5799865722656,298.07000732421875,274.31695556640625,2083800
2023-05-03,296.760009765625,297.260009765625,294.6499938964844,295.2200012207031,271.6940612792969,2425500
2023-05-04,296.05999755859375,296.30999755859375,293.4700012207031,295.1600036621094,271.6388244628906,2005300
2023-05-05,295.7699890136719,297.0199890136719,294.4599914550781,296.6000061035156,272.9641418457031,1815800
2023-05-08,297.1000061035156,297.3699951171875,295.57000732421875,296.69000244140625,273.0469055175781,2969600
2023-05-09,298.6300048828125,298.8599853515625,296.29998779296875,296.6600036621094,273.0193176269531,1637500
2023-05-10,296.3800048828125,298.0,293.8399963378906,296.57000732421875,272.9364929199219,1849300
2023-05-11,296.5,296.94000244140625,293.3599853515625,294.7900085449219,271.2983093261719,1955100
2023-05-12,295.19000244140625,296.42999267578125,294.30999755859375,296.1400146484375,272.540771484375,1801700
2023-05-15,295.7699890136719,296.6400146484375,294.6600036621094,295.8999938964844,272.3199157714844,1700500
2023-05-16,295.94000244140625,296.19000244140625,293.9800109863281,294.1499938964844,270.7093505859375,2859500
2023-05-17,295.5199890136719,295.5199890136719,292.6499938964844,293.4599914550781,270.07427978515625,2802100
2023-05-18,293.25,294.42999267578125,291.1300048828125,294.04998779296875,270.6173095703125,2410700
2023-05-19,293.8399963378906,296.0,292.4700012207031,295.54998779296875,271.997802734375,2371200
2023-05-22,295.54998779296875,296.6400146484375,289.1400146484375,289.3500061035156,266.2919006347656,2514700
2023-05-23,288.1499938964844,288.5,285.44000244140625,286.3699951171875,263.54937744140625,2943900
2023-05-24,286.45001220703125,287.1199951171875,284.5799865722656,285.9200134277344,263.13525390625,2262100
2023-05-25,286.7900085449219,286.9100036621094,284.7099914550781,285.5199890136719,262.7670593261719,2748100
2023-05-26,285.67999267578125,288.75,285.67999267578125,286.0400085449219,263.24566650390625,2148200
2023-05-30,283.92999267578125,286.3500061035156,283.67999267578125,284.9200134277344,262.2148742675781,3385200
2023-05-31,284.8800048828125,285.70001220703125,283.3500061035156,285.1099853515625,262.3897399902344,3104900
2023-06-01,284.9200134277344,288.0400085449219,283.6000061035156,287.8699951171875,264.9297790527344,2605300
2023-06-02,286.70001220703125,290.20001220703125,286.1400146484375,289.9100036621094,268.2234802246094,2869400
2023-06-05,290.0,290.5,288.0299987792969,288.42999267578125,266.85418701171875,1974500
2023-06-06,289.8599853515625,290.2300109863281,281.9800109863281,284.5400085449219,263.2552185058594,2771500
2023-06-07,284.45001220703125,284.739990234375,281.30999755859375,281.8999938964844,260.81268310546875,3614800
2023-06-08,280.9700012207031,286.05999755859375,280.0,285.7799987792969,264.4024658203125,3043700
2023-06-09,285.5199890136719,287.2799987792969,284.739990234375,286.7900085449219,265.33685302734375,1975900
2023-06-12,288.1600036621094,288.75,286.5,288.57000732421875,266.98370361328125,1885000
2023-06-13,288.5,289.69000244140625,287.54998779296875,288.54998779296875,266.9652099609375,2027800
2023-06-14,288.1000061035156,289.55999755859375,287.30999755859375,288.44000244140625,266.8634338378906,1964500
2023-06-15,289.6499938964844,293.4800109863281,288.260009765625,292.6099853515625,270.72149658203125,2619200
2023-06-16,294.510009765625,296.57000732421875,293.1400146484375,293.70001220703125,271.7300109863281,4891200
2023-06-20,293.6499938964844,297.17999267578125,292.67999267578125,293.0400085449219,271.11932373046875,2729800
2023-06-21,293.32000732421875,295.1600036621094,292.80999755859375,294.5199890136719,272.48858642578125,2837100
2023-06-22,294.6199951171875,295.0799865722656,291.5199890136719,293.29998779296875,271.3598327636719,1799400
2023-06-23,291.3500061035156,292.45001220703125,289.6400146484375,289.9100036621094,268.2234802246094,3720600
2023-06-26,289.6400146484375,289.75,287.07000732421875,289.0899963378906,267.46484375,1851800
2023-06-27,290.30999755859375,292.489990234375,289.6499938964844,291.29998779296875,269.509521484375,1815000
2023-06-28,291.45001220703125,291.82000732421875,289.04998779296875,291.739990234375,269.91656494140625,1666500
2023-06-29,291.54998779296875,294.6600036621094,290.2099914550781,294.4700012207031,272.4424133300781,1744000
2023-06-30,295.1400146484375,299.1000061035156,294.8900146484375,298.4100036621094,276.0876159667969,2644700
2023-07-03,297.7900085449219,298.3999938964844,294.79998779296875,294.8399963378906,272.78472900390625,1601300
2023-07-05,295.1099853515625,297.30999755859375,294.5899963378906,296.8999938964844,274.6905822753906,2356000
2023-07-06,295.32000732421875,296.5799865722656,293.44000244140625,294.9200134277344,272.8587951660156,2569600
2023-07-07,293.7200012207031,294.3599853515625,291.54998779296875,292.1000061035156,270.2496643066406,2586500
2023-07-10,292.3999938964844,295.6199951171875,292.3299865722656,294.489990234375,272.46087646484375,1703700
2023-07-11,295.2900085449219,295.5,291.7699890136719,294.739990234375,272.6921691894531,1529600
2023-07-12,296.8299865722656,297.1000061035156,295.20001220703125,295.6099853515625,273.49713134765625,2156000
2023-07-13,295.3900146484375,296.6600036621094,295.010009765625,295.2200012207031,273.1362609863281,1656900
2023-07-14,295.25,296.04998779296875,294.010009765625,294.94000244140625,272.877197265625,1550000
2023-07-17,295.0799865722656,296.8599853515625,294.54998779296875,294.67999267578125,272.6366882324219,1669900
2023-07-18,294.4700012207031,295.75,292.4599914550781,293.82000732421875,271.84100341796875,1991600
2023-07-19,295.0,295.3999938964844,293.2200012207031,294.1300048828125,272.12786865234375,1969200
2023-07-20,294.30999755859375,297.55999755859375,294.1099853515625,297.1300048828125,274.90338134765625,2104300
2023-07-21,297.6600036621094,299.3500061035156,295.32000732421875,295.6099853515625,273.49713134765625,2835500
2023-07-24,296.0,296.95001220703125,294.8599853515625,295.30999755859375,273.2195739746094,2034400
2023-07-25,294.20001220703125,294.92999267578125,291.6499938964844,292.3599853515625,270.4902648925781,2780600
2023-07-26,292.25,292.5799865722656,289.5,291.75,269.9259033203125,2896900
2023-07-27,292.0,298.8999938964844,291.510009765625,295.19000244140625,273.10858154296875,4698300
2023-07-28,295.79998779296875,297.70001220703125,292.95001220703125,294.0299987792969,272.0353088378906,2843000
2023-07-31,293.6099853515625,294.239990234375,290.04998779296875,293.20001220703125,271.26739501953125,3296000
2023-08-01,293.0,293.9100036621094,290.25,291.07000732421875,269.2967529296875,1916200
2023-08-02,290.260009765625,293.45001220703125,289.3800048828125,289.6199951171875,267.9552001953125,2388300
2023-08-03,288.79998779296875,291.2699890136719,288.6499938964844,291.0199890136719,269.25042724609375,1910700
2023-08-04,292.4100036621094,292.82000732421875,286.760009765625,287.0199890136719,265.5496520996094,2520500
2023-08-07,287.8800048828125,291.3999938964844,287.8599853515625,291.3999938964844,269.6020202636719,2176800
2023-08-08,291.04998779296875,291.6000061035156,288.5400085449219,289.5799865722656,267.9181213378906,1948400
2023-08-09,289.0,289.7200012207031,287.8800048828125,288.2300109863281,266.669189453125,1895800
2023-08-10,288.80999755859375,290.3699951171875,286.7799987792969,287.6000061035156,266.0862731933594,2436300
2023-08-11,287.25,288.9599914550781,286.760009765625,288.6199951171875,267.0299987792969,1761800
2023-08-14,288.7900085449219,289.8500061035156,287.6199951171875,288.80999755859375,267.2057800292969,1712400
2023-08-15,287.95001220703125,289.0799865722656,287.1199951171875,288.29998779296875,266.7338562011719,1883800
2023-08-16,287.57000732421875,288.8800048828125,285.0299987792969,285.3999938964844,264.05084228515625,1829400
2023-08-17,286.1499938964844,286.5400085449219,281.7799987792969,281.8599853515625,260.775634765625,2148400
2023-08-18,281.7200012207031,283.739990234375,280.29998779296875,281.739990234375,260.6646423339844,2624500
2023-08-21,281.70001220703125,282.2900085449219,278.67999267578125,280.0400085449219,259.09185791015625,2682600
2023-08-22,280.760009765625,280.82000732421875,279.0899963378906,280.30999755859375,259.34161376953125,2052300
2023-08-23,282.0199890136719,283.1499938964844,280.6499938964844,281.8699951171875,260.784912109375,2308800
2023-08-24,281.739990234375,284.75,281.739990234375,282.3500061035156,261.2290344238281,2006400
2023-08-25,284.760009765625,286.1400146484375,283.510009765625,284.5799865722656,263.29217529296875,3725200
2023-08-28,284.5799865722656,286.20001220703125,283.510009765625,283.67999267578125,262.4595031738281,2317600
2023-08-29,283.95001220703125,284.57000732421875,280.42999267578125,283.5899963378906,262.3763122558594,2348500
2023-08-30,283.79998779296875,285.9800109863281,283.2900085449219,284.239990234375,262.9776306152344,2410700
2023-08-31,283.2099914550781,283.79998779296875,280.8800048828125,281.1499938964844,261.5172424316406,2979800
2023-09-01,282.5400085449219,283.1400146484375,279.1300048828125,280.94000244140625,261.3219299316406,2136400
2023-09-05,281.0,281.6400146484375,279.05999755859375,279.1600036621094,259.6662292480469,2410300
2023-09-06,278.0,278.6499938964844,275.0,275.44000244140625,256.2059326171875,2705800
2023-09-07,277.25,278.989990234375,276.1000061035156,278.3299865722656,258.8941955566406,3732800
2023-09-08,278.0799865722656,280.3500061035156,277.8500061035156,279.2200012207031,259.7220458984375,2351300
2023-09-11,279.69000244140625,280.1300048828125,278.55999755859375,279.760009765625,260.2243347167969,2433200
2023-09-12,279.489990234375,281.5,277.69000244140625,280.7099914550781,261.10797119140625,1450200
2023-09-13,281.6700134277344,282.8900146484375,280.6099853515625,281.7699890136719,262.0939636230469,1724300
2023-09-14,283.3299865722656,285.6000061035156,282.57000732421875,284.760009765625,264.87518310546875,2219700
2023-09-15,283.8599853515625,283.8599853515625,277.7300109863281,278.2300109863281,258.80120849609375,5730700
2023-09-18,278.7200012207031,280.2699890136719,276.92999267578125,277.7200012207031,258.3268127441406,2884800
2023-09-19,276.44000244140625,278.260009765625,276.44000244140625,278.1300048828125,258.70819091796875,2128100
2023-09-20,278.739990234375,280.2699890136719,277.1400146484375,277.20001220703125,257.8431091308594,1979300
2023-09-21,276.94000244140625,277.19000244140625,271.0199890136719,271.2200012207031,252.2806396484375,2370100
2023-09-22,271.3999938964844,273.6400146484375,270.8299865722656,272.2200012207031,253.21084594726562,1958300
2023-09-25,270.45001220703125,271.760009765625,268.9100036621094,269.7799987792969,250.94126892089844,1895500
2023-09-26,268.82000732421875,269.29998779296875,266.5799865722656,267.7200012207031,249.0250701904297,2251600
2023-09-27,267.7200012207031,267.94000244140625,262.2900085449219,263.6400146484375,245.2300262451172,2735000
2023-09-28,264.2300109863281,266.30999755859375,263.1300048828125,265.5899963378906,247.04385375976562,2182400
2023-09-29,267.1499938964844,267.3699951171875,261.75,263.44000244140625,245.04396057128906,3367100
2023-10-02,262.0,262.07000732421875,257.4599914550781,257.75,239.7512969970703,4425000
2023-10-03,257.2099914550781,258.29998779296875,253.8699951171875,254.49000549316406,236.71893310546875,3408100
2023-10-04,255.3300018310547,256.25,254.00999450683594,255.80999755859375,237.94674682617188,2820000
2023-10-05,256.0,257.8500061035156,251.5800018310547,252.22999572753906,234.6167449951172,3799600
2023-10-06,250.0,250.82000732421875,245.72999572753906,248.22000122070312,230.8867950439453,5130700
2023-10-09,247.72000122070312,249.99000549316406,247.25999450683594,249.9199981689453,232.46803283691406,2782300
2023-10-10,251.72000122070312,253.42999267578125,250.5,251.52000427246094,233.95632934570312,3129600
2023-10-11,252.58999633789062,252.69000244140625,249.38999938964844,250.9199981689453,233.3982391357422,2919400
2023-10-12,251.69000244140625,252.14999389648438,245.8800048828125,246.19000244140625,228.99853515625,3528300
2023-10-13,246.82000732421875,248.80999755859375,246.0,248.30999755859375,230.97048950195312,2646500
2023-10-16,249.22000122070312,250.49000549316406,248.07000732421875,249.94000244140625,232.48667907714844,2774700
2023-10-17,250.08999633789062,251.39999389648438,249.3800048828125,251.13999938964844,233.6028594970703,2627500
2023-10-18,252.85000610351562,257.0899963378906,252.33999633789062,256.0299987792969,238.15138244628906,4559200
2023-10-19,256.260009765625,262.55999755859375,256.260009765625,258.3800048828125,240.3372802734375,5646200
2023-10-20,258.9599914550781,260.3399963378906,257.55999755859375,258.1099853515625,240.08615112304688,3779200
2023-10-23,256.6099853515625,257.239990234375,254.5399932861328,254.75,236.96078491210938,3409800
2023-10-24,254.67999267578125,257.760009765625,254.67999267578125,257.2699890136719,239.3048095703125,2468000
2023-10-25,258.1199951171875,259.42999267578125,256.94000244140625,258.0299987792969,240.01174926757812,2759100
2023-10-26,258.3599853515625,259.5400085449219,255.67999267578125,255.8300018310547,237.96534729003906,2702600
2023-10-27,256.54998779296875,259.3800048828125,254.8699951171875,255.75999450683594,237.90023803710938,3209000
2023-10-30,260.1000061035156,262.05999755859375,254.60000610351562,260.1499938964844,241.9836883544922,6305100
2023-10-31,263.4599914550781,263.69000244140625,259.75,262.1700134277344,243.8626708984375,3990600
2023-11-01,263.0,263.3900146484375,259.8299865722656,261.9700012207031,243.67662048339844,3543000
2023-11-02,263.5899963378906,267.4200134277344,263.510009765625,266.8500061035156,248.2158660888672,4109700
2023-11-03,267.55999755859375,268.6099853515625,265.489990234375,267.8699951171875,249.16461181640625,3126500
2023-11-06,268.010009765625,269.1099853515625,267.29998779296875,268.9100036621094,250.13201904296875,3090600
2023-11-07,268.79998779296875,269.7900085449219,268.1099853515625,268.6700134277344,249.90872192382812,2360800
2023-11-08,268.8299865722656,270.05999755859375,267.2799987792969,267.489990234375,248.81117248535156,2223300
2023-11-09,268.239990234375,268.3399963378906,265.94000244140625,266.9100036621094,248.27163696289062,2501700
2023-11-10,267.3299865722656,268.1300048828125,265.2099914550781,267.7900085449219,249.09022521972656,2664900
2023-11-13,267.3999938964844,269.7200012207031,267.260009765625,269.20001220703125,250.40176391601562,2591900
2023-11-14,270.0,271.6600036621094,269.3500061035156,271.489990234375,252.53182983398438,2647800
2023-11-15,272.42999267578125,273.1000061035156,269.0199890136719,270.3900146484375,251.50869750976562,2575900
2023-11-16,271.07000732421875,276.1600036621094,271.0299987792969,276.1199951171875,256.8385314941406,3593700
2023-11-17,276.54998779296875,277.1199951171875,275.1499938964844,275.75,256.494384765625,2604800
2023-11-20,275.3500061035156,279.79998779296875,275.0199890136719,279.0299987792969,259.54534912109375,3499400
2023-11-21,279.8699951171875,280.6700134277344,278.42999267578125,280.4700012207031,260.884765625,2940800
2023-11-22,281.25,282.4100036621094,281.20001220703125,281.92999267578125,262.2428283691406,2285000
2023-11-24,282.0,282.5899963378906,281.0299987792969,282.5400085449219,262.81024169921875,1218000
2023-11-27,282.6600036621094,283.8999938964844,281.0899963378906,281.8399963378906,262.15911865234375,3703900
2023-11-28,281.5,283.5400085449219,281.3500061035156,282.0899963378906,262.3916320800781,2199600
2023-11-29,282.2099914550781,282.4700012207031,279.5,280.3800048828125,260.801025390625,2433400
2023-11-30,280.4200134277344,282.2799987792969,278.05999755859375,281.8399963378906,263.7299499511719,5030400
2023-12-01,283.25,286.8599853515625,283.0,285.9599914550781,267.58514404296875,4967400
2023-12-04,284.989990234375,287.3999938964844,284.989990234375,286.1300048828125,267.7442626953125,3522900
2023-12-05,286.54998779296875,288.760009765625,285.2099914550781,286.5400085449219,268.12786865234375,3005300
2023-12-06,286.7300109863281,287.3699951171875,283.3999938964844,286.8599853515625,268.4273681640625,2765100
2023-12-07,287.489990234375,288.1499938964844,285.6400146484375,286.7900085449219,268.36181640625,3131900
2023-12-08,287.3299865722656,287.8999938964844,285.04998779296875,285.5299987792969,267.18280029296875,3623600
2023-12-11,285.55999755859375,289.30999755859375,285.55999755859375,289.1499938964844,270.5701599121094,3353000
2023-12-12,289.1199951171875,291.70001220703125,288.510009765625,291.4200134277344,272.6943359375,2252200
2023-12-13,291.69000244140625,295.9700012207031,291.54998779296875,295.92999267578125,276.9144592285156,3312300
2023-12-14,294.6000061035156,295.2699890136719,288.010009765625,290.0199890136719,271.3843078613281,4626800
2023-12-15,290.4100036621094,291.75,285.7200012207031,287.2699890136719,268.81097412109375,6328500
2023-12-18,288.6499938964844,290.5899963378906,287.55999755859375,290.2300109863281,271.5808410644531,2490100
2023-12-19,290.6700134277344,291.7200012207031,289.5899963378906,290.7300109863281,272.0487060546875,2054200
2023-12-20,290.7300109863281,291.6700134277344,288.7200012207031,288.989990234375,270.4204406738281,2398500
2023-12-21,290.57000732421875,291.5299987792969,289.2900085449219,291.3900146484375,272.66632080078125,2313100
2023-12-22,290.70001220703125,292.4700012207031,290.5,291.70001220703125,272.956298828125,1700300
2023-12-26,291.2200012207031,293.04998779296875,290.8900146484375,292.8599853515625,274.04180908203125,1381500
2023-12-27,292.5,294.6300048828125,292.4599914550781,294.54998779296875,275.6231994628906,1892100
2023-12-28,294.4700012207031,296.4700012207031,294.0,295.8399963378906,276.8302917480469,1907100
2023-12-29,295.8299865722656,296.8500061035156,295.30999755859375,296.510009765625,277.4572448730469,2227800
2024-01-02,295.04998779296875,297.2799987792969,295.04998779296875,297.0400085449219,277.9532470703125,4458400
2024-01-03,297.0,297.989990234375,294.25,294.3900146484375,275.4735412597656,3114800
2024-01-04,295.32000732421875,297.2699890136719,290.9200134277344,291.739990234375,272.9937438964844,4615400
2024-01-05,289.2099914550781,290.3299865722656,287.20001220703125,288.989990234375,270.4204406738281,3407300
2024-01-08,288.510009765625,292.0,287.5199890136719,291.8999938964844,273.1434326171875,3097000
2024-01-09,289.6300048828125,290.8699951171875,287.5199890136719,290.8699951171875,272.1796569824219,2176400
2024-01-10,291.0,294.3900146484375,290.8699951171875,294.0899963378906,275.1927490234375,2199700
2024-01-11,294.45001220703125,294.95001220703125,290.6499938964844,294.1499938964844,275.2488708496094,2047400
2024-01-12,295.4599914550781,295.75,292.8399963378906,293.4700012207031,274.6126403808594,1714800
2024-01-16,293.4700012207031,294.25,289.9800109863281,291.0899963378906,272.3855285644531,2859000
2024-01-17,290.1400146484375,292.3399963378906,290.1300048828125,291.1600036621094,272.4510498046875,2008200
2024-01-18,292.0899963378906,294.4800109863281,291.30999755859375,294.3599853515625,275.4454040527344,2221200
2024-01-19,298.0,301.0799865722656,296.5199890136719,300.5299987792969,281.21893310546875,4250900
2024-01-22,300.95001220703125,302.3900146484375,297.739990234375,298.4100036621094,279.2351379394531,3250200
2024-01-23,297.44000244140625,300.2099914550781,297.1300048828125,300.04998779296875,280.7698059082031,1874000
2024-01-24,300.0,302.0400085449219,299.30999755859375,300.44000244140625,281.1347351074219,3209700
2024-01-25,300.739990234375,301.30999755859375,296.0899963378906,297.2099914550781,278.11224365234375,3219600
2024-01-26,295.3299865722656,295.9800109863281,291.70001220703125,292.260009765625,273.4803466796875,4210500
2024-01-29,291.6400146484375,292.760009765625,288.30999755859375,292.30999755859375,273.5271301269531,3899700
2024-01-30,292.1400146484375,294.9200134277344,290.20001220703125,294.6499938964844,275.71673583984375,2524200
2024-01-31,295.8999938964844,297.44000244140625,291.6499938964844,292.7200012207031,273.9107666015625,3476200
2024-02-01,291.70001220703125,298.1300048828125,290.2799987792969,298.0799865722656,278.92633056640625,3380600
2024-02-02,296.07000732421875,298.1700134277344,293.3500061035156,297.04998779296875,277.9625549316406,3971600
2024-02-05,287.010009765625,291.44000244140625,283.3299865722656,285.9700012207031,267.5945129394531,7581900
2024-02-06,282.9700012207031,284.67999267578125,281.5400085449219,284.6499938964844,266.3593444824219,5927200
2024-02-07,285.04998779296875,290.5299987792969,284.1099853515625,287.3299865722656,268.8671569824219,3954700
2024-02-08,286.20001220703125,293.1499938964844,284.20001220703125,291.92999267578125,273.1716003417969,4605000
2024-02-09,292.1499938964844,292.510009765625,288.9200134277344,289.4700012207031,270.86962890625,3323000
2024-02-12,289.0,291.19000244140625,288.760009765625,289.44000244140625,270.841552734375,2392300
2024-02-13,288.6300048828125,289.8999938964844,285.6700134277344,287.1099853515625,268.66131591796875,2756100
2024-02-14,287.32000732421875,288.32000732421875,286.5899963378906,288.1700134277344,269.6531677246094,2139300
2024-02-15,287.8999938964844,292.1000061035156,287.2799987792969,291.8599853515625,273.1060791015625,2401400
2024-02-16,290.7900085449219,293.70001220703125,289.260009765625,292.0199890136719,273.2557678222656,2837500
2024-02-20,292.0,295.5,291.8399963378906,292.6499938964844,273.84527587890625,2264000
2024-02-21,293.0899963378906,295.20001220703125,292.25,293.9100036621094,275.02435302734375,2076400
2024-02-22,294.0,296.6700134277344,293.25,295.9200134277344,276.9051513671875,3146600
2024-02-23,296.0,298.739990234375,295.07000732421875,297.75,278.6176452636719,2199000
2024-02-26,298.2099914550781,298.67999267578125,296.3999938964844,297.1199951171875,278.028076171875,2595300
2024-02-27,296.79998779296875,296.79998779296875,293.32000732421875,293.760009765625,274.8840026855469,2811200
2024-02-28,294.0299987792969,296.1000061035156,292.7200012207031,295.19000244140625,276.2221374511719,2507300
2024-02-29,294.20001220703125,294.75,291.7099914550781,292.2799987792969,275.05517578125,3601700
2024-03-01,291.3900146484375,292.6700134277344,289.5299987792969,290.7300109863281,273.5965270996094,3028900
2024-03-04,289.3699951171875,291.239990234375,288.5,290.94000244140625,273.7940979003906,2832000
2024-03-05,291.55999755859375,293.510009765625,288.9200134277344,292.5400085449219,275.2998046875,2969600
2024-03-06,293.3299865722656,295.1400146484375,292.1499938964844,292.92999267578125,275.66680908203125,2348000
2024-03-07,294.20001220703125,294.9200134277344,291.0299987792969,291.1099853515625,273.95404052734375,2237700
2024-03-08,290.0400085449219,293.4800109863281,288.8299865722656,292.54998779296875,275.3092346191406,2482300
2024-03-11,292.1499938964844,295.45001220703125,291.8699951171875,294.82000732421875,277.4454650878906,2893300
2024-03-12,295.67999267578125,296.3599853515625,293.5400085449219,294.30999755859375,276.9655456542969,2233100
2024-03-13,292.260009765625,293.4700012207031,282.6000061035156,282.8599853515625,266.1902770996094,5441300
2024-03-14,282.4200134277344,282.5199890136719,277.8299865722656,281.7300109863281,265.1268615722656,4659300
2024-03-15,281.8900146484375,284.2300109863281,278.3800048828125,279.1400146484375,262.6895751953125,5071700
2024-03-18,279.4700012207031,280.29998779296875,278.07000732421875,278.5799865722656,262.1625671386719,3319400
2024-03-19,279.20001220703125,284.3999938964844,278.5799865722656,282.8699951171875,266.19970703125,4055400
2024-03-20,283.5,284.6000061035156,281.3699951171875,284.45001220703125,267.6866149902344,2867300
2024-03-21,284.5,285.5799865722656,282.6400146484375,283.5299987792969,266.82080078125,3653300
2024-03-22,283.8800048828125,284.3900146484375,282.1199951171875,282.6300048828125,265.9738464355469,2556100
2024-03-25,280.0,280.5799865722656,277.6400146484375,278.6199951171875,262.2001953125,2985500
2024-03-26,279.2200012207031,279.45001220703125,277.1700134277344,278.6199951171875,262.2001953125,2572100
2024-03-27,278.1000061035156,282.29998779296875,278.1000061035156,282.0199890136719,265.3997802734375,2605000
2024-03-28,282.25,283.3800048828125,281.25,281.95001220703125,265.3338928222656,3453900
2024-04-01,281.5,281.54998779296875,278.6400146484375,280.2200012207031,263.7059020996094,2408800
2024-04-02,280.0,280.4800109863281,277.45001220703125,277.739990234375,261.37200927734375,2907700
2024-04-03,276.57000732421875,277.9599914550781,275.1499938964844,275.5400085449219,259.3017272949219,2748000
2024-04-04,276.239990234375,276.239990234375,269.9200134277344,270.0899963378906,254.17283630371094,4095100
2024-04-05,269.4200134277344,270.6199951171875,266.3599853515625,266.69000244140625,250.97323608398438,6816000
2024-04-08,267.239990234375,268.69000244140625,265.8699951171875,267.55999755859375,251.79197692871094,3753200
2024-04-09,266.2200012207031,269.6700134277344,265.5,269.44000244140625,253.5612030029297,3934900
2024-04-10,266.9700012207031,268.989990234375,265.1099853515625,268.6700134277344,252.83653259277344,3817500
2024-04-11,269.5,269.8800048828125,267.1499938964844,268.6199951171875,252.78955078125,2519200
2024-04-12,267.9100036621094,268.2300109863281,266.5799865722656,267.3900146484375,251.63197326660156,2708400
2024-04-15,267.8599853515625,268.5199890136719,266.04998779296875,266.2300109863281,250.5403594970703,3686700
2024-04-16,266.1300048828125,266.989990234375,265.1499938964844,265.42999267578125,249.78744506835938,2912900
2024-04-17,266.5,270.1199951171875,265.5199890136719,269.95001220703125,254.04107666015625,3383100
2024-04-18,270.9800109863281,271.2900085449219,268.8500061035156,270.9800109863281,255.01040649414062,3402700
2024-04-19,272.010009765625,272.2200012207031,270.4800109863281,271.989990234375,255.96087646484375,3017100
2024-04-22,273.75,276.5,272.32000732421875,275.5799865722656,259.33935546875,3129300
2024-04-23,276.82000732421875,277.3999938964844,274.239990234375,276.8800048828125,260.5627136230469,3275700
2024-04-24,275.5400085449219,277.0299987792969,272.8900146484375,276.75,260.4403991699219,4071600
2024-04-25,277.0199890136719,279.82000732421875,274.7200012207031,275.6000061035156,259.358154296875,4179800
2024-04-26,271.2300109863281,276.1099853515625,270.3699951171875,273.0899963378906,256.9961242675781,3636500
2024-04-29,273.8299865722656,274.42999267578125,272.6000061035156,273.54998779296875,257.428955078125,3148900
2024-04-30,264.3299865722656,276.8699951171875,262.6300048828125,273.0400085449219,256.9490051269531,6894400
2024-05-01,271.3800048828125,276.42999267578125,270.04998779296875,274.42999267578125,258.2571105957031,4843200
2024-05-02,274.510009765625,276.30999755859375,272.7099914550781,273.2799987792969,257.1748962402344,3084000
2024-05-03,274.1400146484375,274.6199951171875,268.8900146484375,270.32000732421875,254.38937377929688,2642100
2024-05-06,271.05999755859375,271.8800048828125,269.0400085449219,269.29998779296875,253.4293975830078,2481300
2024-05-07,270.0400085449219,270.6700134277344,266.989990234375,267.5,251.7355194091797,3160000
2024-05-08,267.5,268.92999267578125,266.05999755859375,268.489990234375,252.66712951660156,3259800
2024-05-09,268.4599914550781,268.4800109863281,267.0199890136719,267.95001220703125,252.15904235839844,3140000
2024-05-10,268.1700134277344,275.3800048828125,267.8399963378906,275.0,258.7934875488281,4983500
2024-05-13,275.3800048828125,276.739990234375,271.1400146484375,271.32000732421875,255.3303680419922,3840700
2024-05-14,272.1199951171875,272.7699890136719,268.7099914550781,270.6600036621094,254.7093048095703,3143200
2024-05-15,271.1099853515625,274.3699951171875,270.2300109863281,273.8699951171875,257.7301330566406,2982500
2024-05-16,274.510009765625,275.55999755859375,272.9200134277344,273.510009765625,257.3913269042969,2339900
2024-05-17,274.05999755859375,274.05999755859375,270.9200134277344,272.3800048828125,256.32794189453125,2454500
2024-05-20,271.739990234375,272.1300048828125,267.2799987792969,267.8699951171875,252.08370971679688,2651100
2024-05-21,268.510009765625,269.0799865722656,265.44000244140625,265.8699951171875,250.20156860351562,2362600
2024-05-22,265.8699951171875,266.82000732421875,264.54998779296875,265.7699890136719,250.10745239257812,1906100
2024-05-23,265.1300048828125,265.6199951171875,257.6000061035156,257.92999267578125,242.72950744628906,5636200
2024-05-24,258.739990234375,260.4599914550781,257.5199890136719,258.1099853515625,242.89889526367188,3382900
2024-05-28,257.3900146484375,258.80999755859375,252.64999389648438,253.5399932861328,238.5982208251953,4324700
2024-05-29,253.36000061035156,253.8000030517578,249.16000366210938,249.3699951171875,234.67396545410156,4029300
2024-05-30,250.61000061035156,252.9600067138672,250.10000610351562,252.07000732421875,237.21485900878906,3597800
2024-05-31,254.19000244140625,259.25,253.50999450683594,258.8900146484375,243.6329345703125,6125400
2024-06-03,257.92999267578125,259.95001220703125,255.60000610351562,259.75,246.02931213378906,4342800
2024-06-04,259.3399963378906,263.0899963378906,259.25,262.7200012207031,248.84237670898438,4592700
2024-06-05,261.5,261.739990234375,258.6600036621094,259.989990234375,246.256591796875,4136800
2024-06-06,260.9100036621094,261.7900085449219,258.92999267578125,260.7200012207031,246.9480438232422,3354300
2024-06-07,260.07000732421875,261.3999938964844,255.33999633789062,256.2099914550781,242.67625427246094,2290100
2024-06-10,256.0,256.0,253.14999389648438,253.80999755859375,240.4030303955078,2866200
2024-06-11,253.00999450683594,254.69000244140625,252.10000610351562,254.27999877929688,240.84820556640625,2729400
2024-06-12,254.8800048828125,256.30999755859375,253.41000366210938,254.47999572753906,241.03765869140625,3169600
2024-06-13,253.58999633789062,254.74000549316406,251.17999267578125,253.6999969482422,240.29885864257812,3153000
2024-06-14,252.86000061035156,253.6199951171875,250.61000061035156,253.5800018310547,240.1851806640625,2806600
2024-06-17,252.3000030517578,254.52000427246094,251.8800048828125,253.50999450683594,240.118896484375,2532900
2024-06-18,253.9499969482422,254.35000610351562,249.35000610351562,250.7899932861328,237.54257202148438,2956300
2024-06-20,250.27000427246094,255.69000244140625,249.50999450683594,253.8000030517578,240.39356994628906,4046500
2024-06-21,258.2799987792969,261.4599914550781,255.61000061035156,259.3900146484375,245.6883087158203,8425800
2024-06-24,259.0,261.3699951171875,257.79998779296875,260.3800048828125,246.62600708007812,3901200
2024-06-25,260.1300048828125,260.1300048828125,255.58999633789062,257.3800048828125,243.78448486328125,3903800
2024-06-26,256.6499938964844,258.1700134277344,254.67999267578125,257.8299865722656,244.210693359375,2796100
2024-06-27,258.0,258.8299865722656,256.9700012207031,258.1700134277344,244.53271484375,2651000
2024-06-28,257.5400085449219,259.489990234375,252.86000061035156,254.83999633789062,241.37863159179688,8958700
2024-07-01,254.8300018310547,255.33999633789062,249.72000122070312,249.99000549316406,236.78482055664062,3817600
2024-07-02,249.67999267578125,251.02999877929688,247.41000366210938,247.7899932861328,234.70103454589844,3944900
2024-07-03,248.5,250.97999572753906,248.17999267578125,250.0,236.79429626464844,2026100
2024-07-05,251.0,251.4199981689453,248.80999755859375,251.08999633789062,237.8267364501953,2814300
2024-07-08,251.75999450683594,252.5800018310547,247.05999755859375,247.85000610351562,234.75787353515625,3163900
2024-07-09,247.22999572753906,247.39999389648438,243.52999877929688,245.82000732421875,232.83509826660156,4927300
2024-07-10,247.0,250.55999755859375,245.89999389648438,250.49000549316406,237.25839233398438,4092700
2024-07-11,251.22000122070312,255.64999389648438,249.8699951171875,254.8000030517578,241.3407440185547,5546400
2024-07-12,254.25,256.9200134277344,251.80999755859375,253.89999389648438,240.48828125,4543000
2024-07-15,253.63999938964844,255.72999572753906,251.19000244140625,251.52999877929688,238.24346923828125,3393600
2024-07-16,251.0,257.30999755859375,250.10000610351562,257.2699890136719,243.68026733398438,4173000
2024-07-17,258.9700012207031,262.04998779296875,257.8599853515625,261.0,247.21327209472656,3711500
2024-07-18,258.0299987792969,262.3299865722656,257.6000061035156,259.5199890136719,245.81141662597656,3421800
2024-07-19,260.3900146484375,260.44000244140625,255.02999877929688,257.2799987792969,243.68975830078125,3470600
2024-07-22,258.29998779296875,259.7900085449219,256.3999938964844,259.5400085449219,245.8303680419922,2759500
2024-07-23,259.67999267578125,260.1400146484375,253.50999450683594,254.0500030517578,240.63037109375,2653100
2024-07-24,246.32000732421875,254.3300018310547,246.1199951171875,253.3699951171875,239.9862823486328,5983300
2024-07-25,254.19000244140625,256.0899963378906,251.10000610351562,251.4600067138672,238.17718505859375,3323100
2024-07-26,252.89999389648438,254.0500030517578,250.75,252.0,238.6886444091797,4002900
2024-07-29,253.5500030517578,263.92999267578125,250.22999572753906,261.4200134277344,247.611083984375,9381000
2024-07-30,261.0,267.3699951171875,260.30999755859375,266.44000244140625,252.3658447265625,4936600
2024-07-31,265.4200134277344,267.6700134277344,263.20001220703125,265.3999938964844,251.38076782226562,4652100
2024-08-01,266.82000732421875,268.7699890136719,262.3999938964844,268.75,254.55384826660156,4936000
2024-08-02,269.3999938964844,276.80999755859375,268.79998779296875,276.69000244140625,262.0744323730469,9585900
2024-08-05,274.0400085449219,277.8699951171875,267.67999267578125,268.45001220703125,254.2697296142578,6794900
2024-08-06,269.8599853515625,273.20001220703125,268.0799865722656,270.05999755859375,255.79466247558594,3369300
2024-08-07,269.55999755859375,273.1400146484375,268.5799865722656,269.3699951171875,255.14112854003906,3540000
2024-08-08,268.92999267578125,273.6499938964844,268.0799865722656,271.19000244140625,256.8649597167969,3227200
2024-08-09,271.70001220703125,271.70001220703125,266.9599914550781,267.9100036621094,253.75827026367188,2664900
2024-08-12,267.4599914550781,269.5299987792969,265.3299865722656,269.4599914550781,255.226318359375,3008100
2024-08-13,270.30999755859375,272.0,267.5400085449219,270.30999755859375,256.0314636230469,2603600
2024-08-14,269.8599853515625,271.510009765625,268.5,271.1499938964844,256.8270568847656,2242100
2024-08-15,272.0,275.760009765625,271.8500061035156,274.8699951171875,260.3506164550781,2445200
2024-08-16,274.75,279.5,274.70001220703125,278.489990234375,263.77935791015625,3286000
2024-08-19,282.3299865722656,288.32000732421875,281.7200012207031,287.54998779296875,272.36077880859375,5268800
2024-08-20,286.5,290.2699890136719,285.2099914550781,285.6300048828125,270.542236328125,3697600
2024-08-21,287.1499938964844,289.9700012207031,286.2699890136719,289.7099914550781,274.40673828125,2686300
2024-08-22,289.54998779296875,290.5,287.54998779296875,289.2099914550781,273.93310546875,1746400
2024-08-23,290.3800048828125,290.7799987792969,287.1300048828125,289.5199890136719,274.2267150878906,2145900
2024-08-26,289.25,292.2099914550781,287.8699951171875,288.67999267578125,273.43109130859375,2018500
2024-08-27,289.0799865722656,290.29998779296875,288.05999755859375,289.6400146484375,274.3404235839844,2897600
2024-08-28,289.95001220703125,290.9599914550781,285.260009765625,287.04998779296875,271.8871765136719,2603800
2024-08-29,287.7799987792969,289.1099853515625,284.7799987792969,287.8599853515625,272.6544494628906,1797100
2024-08-30,287.55999755859375,288.8800048828125,286.2900085449219,288.6600036621094,273.41217041015625,2528500
2024-09-03,286.3599853515625,288.2099914550781,283.7099914550781,285.5199890136719,272.01165771484375,2902800
2024-09-04,286.54998779296875,288.9700012207031,285.989990234375,288.0299987792969,274.4029235839844,2558300
2024-09-05,289.0,289.54998779296875,286.239990234375,287.9700012207031,274.3457946777344,2412500
2024-09-06,287.82000732421875,292.19000244140625,287.57000732421875,289.510009765625,275.8129577636719,3863600
2024-09-09,290.0299987792969,291.739990234375,287.79998779296875,291.2900085449219,277.50872802734375,3208600
2024-09-10,292.80999755859375,296.2300109863281,291.0400085449219,291.2699890136719,277.4896545410156,2497100
2024-09-11,290.8299865722656,291.44000244140625,285.8299865722656,290.2300109863281,276.4989013671875,2747500
2024-09-12,290.1700134277344,292.69000244140625,288.260009765625,292.3500061035156,278.5185852050781,2274200
2024-09-13,294.489990234375,296.739990234375,292.6199951171875,296.5299987792969,282.5008239746094,2205500
2024-09-16,297.4200134277344,300.1099853515625,295.0400085449219,296.69000244140625,282.65325927734375,2916200
2024-09-17,297.0,297.3900146484375,292.1700134277344,293.75,279.8523254394531,2997400
2024-09-18,293.8800048828125,295.1000061035156,290.3699951171875,292.0299987792969,278.2137145996094,1788200
2024-09-19,294.25,295.0799865722656,290.8999938964844,293.8500061035156,279.9476318359375,2271400
2024-09-20,292.94000244140625,298.04998779296875,292.8299865722656,296.8299865722656,282.7865905761719,5817300
2024-09-23,299.0,300.2200012207031,296.8900146484375,299.05999755859375,284.9111328125,2312400
2024-09-24,299.05999755859375,301.45001220703125,297.70001220703125,300.2699890136719,286.0638427734375,2408100
2024-09-25,300.3299865722656,301.79998779296875,298.3999938964844,300.4700012207031,286.25439453125,1986200
2024-09-26,301.1499938964844,304.2900085449219,300.739990234375,303.6499938964844,289.283935546875,1971100
2024-09-27,303.5199890136719,306.9599914550781,303.5199890136719,303.69000244140625,289.32208251953125,3402800
2024-09-30,303.75,305.0299987792969,302.1000061035156,304.510009765625,290.103271484375,2286500
2024-10-01,304.510009765625,305.2300109863281,302.25,302.9800109863281,288.6457214355469,3036200
2024-10-02,300.5799865722656,304.0799865722656,299.5799865722656,303.760009765625,289.3887939453125,2352400
2024-10-03,303.5,304.0199890136719,301.260009765625,303.45001220703125,289.09344482421875,1802500
2024-10-04,303.04998779296875,305.8900146484375,301.3800048828125,303.760009765625,289.3887939453125,2432400
2024-10-07,303.760009765625,305.1199951171875,300.0,300.8500061035156,286.616455078125,2091800
2024-10-08,302.6400146484375,303.3500061035156,300.3599853515625,301.8999938964844,287.61676025390625,2038300
2024-10-09,302.94000244140625,305.010009765625,301.9599914550781,303.8299865722656,289.4554748535156,1854100
2024-10-10,304.0299987792969,305.75,302.92999267578125,304.0400085449219,289.655517578125,1739500
2024-10-11,304.4200134277344,305.5,302.9700012207031,305.0400085449219,290.60821533203125,1775600
2024-10-14,305.1499938964844,310.4200134277344,304.5,309.8399963378906,295.1810607910156,2376300
2024-10-15,312.0,315.3599853515625,311.010009765625,313.3399963378906,298.5155029296875,3067100
2024-10-16,313.32000732421875,313.7300109863281,310.1099853515625,312.9200134277344,298.1154479980469,1821300
2024-10-17,313.9800109863281,315.04998779296875,312.4800109863281,314.70001220703125,299.8111877441406,3095200
2024-10-18,315.57000732421875,317.17999267578125,314.2300109863281,316.55999755859375,301.5831604003906,2531200
2024-10-21,317.1300048828125,317.8999938964844,314.4100036621094,314.8900146484375,299.9922180175781,2404100
2024-10-22,314.0899963378906,315.739990234375,313.29998779296875,314.69000244140625,299.80169677734375,5889100
2024-10-23,292.7699890136719,301.6000061035156,290.8299865722656,298.57000732421875,284.4443359375,18792000
2024-10-24,299.1199951171875,302.3900146484375,298.2799987792969,301.5799865722656,287.3119201660156,5522600
2024-10-25,301.0,301.6000061035156,292.20001220703125,292.6099853515625,278.7662353515625,8863200
2024-10-28,299.20001220703125,299.9200134277344,296.5400085449219,296.7900085449219,282.74853515625,6656000
2024-10-29,297.6000061035156,302.70001220703125,295.0,295.0,281.043212890625,9048900
2024-10-30,294.5,295.3699951171875,289.8399963378906,291.5199890136719,277.7278137207031,4924000
2024-10-31,292.25,294.3800048828125,291.1700134277344,292.1099853515625,278.2899169921875,4277400
2024-11-01,294.510009765625,296.8800048828125,293.2799987792969,295.2099914550781,281.2432861328125,4131800
2024-11-04,294.739990234375,294.9599914550781,291.79998779296875,292.8500061035156,278.9949645996094,2583100
2024-11-05,293.75,297.3800048828125,292.55999755859375,297.32000732421875,283.2534484863281,3032100
2024-11-06,300.2799987792969,300.3299865722656,292.7200012207031,294.0,280.09051513671875,4646400
2024-11-07,294.8399963378906,296.5400085449219,293.80999755859375,294.6600036621094,280.71929931640625,3357400
2024-11-08,295.6000061035156,301.8299865722656,295.25,298.9700012207031,284.8254089355469,3279100
2024-11-11,300.489990234375,303.80999755859375,300.0199890136719,301.5299987792969,287.2643127441406,2872400
2024-11-12,300.1400146484375,301.3999938964844,297.5199890136719,298.6499938964844,284.5205383300781,2452900
2024-11-13,298.8999938964844,299.1300048828125,295.2200012207031,297.3500061035156,283.28204345703125,2327100
2024-11-14,298.0,300.1099853515625,296.5899963378906,298.55999755859375,284.43475341796875,1932600
2024-11-15,297.7200012207031,299.5,289.7200012207031,292.6300048828125,278.78533935546875,4039400
2024-11-18,293.010009765625,295.44000244140625,290.7900085449219,291.1000061035156,277.3277282714844,2865000
2024-11-19,290.0,292.07000732421875,287.6000061035156,290.7300109863281,276.9752197265625,2353300
2024-11-20,290.6199951171875,291.32000732421875,288.260009765625,290.9100036621094,277.14666748046875,2524600
2024-11-21,285.0,288.6000061035156,283.4599914550781,288.4700012207031,274.8221740722656,4475700
2024-11-22,288.4700012207031,290.6000061035156,288.1400146484375,290.2799987792969,276.5465393066406,2879100
2024-11-25,291.7699890136719,296.6099853515625,291.7699890136719,296.19000244140625,282.17694091796875,5021800
2024-11-26,297.0,297.2799987792969,294.8299865722656,296.3299865722656,282.31024169921875,2254200
2024-11-27,297.0,299.5,294.9800109863281,295.0799865722656,281.119384765625,2240300
2024-11-29,294.1600036621094,297.04998779296875,294.0199890136719,296.010009765625,282.00543212890625,1655900
2024-12-02,293.5,294.2300109863281,290.94000244140625,292.44000244140625,280.2802734375,3149900
2024-12-03,292.32000732421875,294.8500061035156,290.2900085449219,294.5,282.254638671875,3031000
2024-12-04,292.2799987792969,296.0400085449219,291.82000732421875,295.0899963378906,282.820068359375,3742500
2024-12-05,295.5400085449219,299.739990234375,294.92999267578125,299.4700012207031,287.0179443359375,2594800
2024-12-06,300.55999755859375,303.79998779296875,298.6099853515625,298.9800109863281,286.5483703613281,4158700
2024-12-09,297.5799865722656,302.6199951171875,297.0899963378906,301.3699951171875,288.8389587402344,2391600
2024-12-10,300.1300048828125,302.82000732421875,295.8399963378906,300.7099914550781,288.20635986328125,3523000
2024-12-11,301.3399963378906,301.8999938964844,295.9700012207031,296.1000061035156,283.78814697265625,3037600
2024-12-12,296.20001220703125,298.54998779296875,295.0899963378906,296.6300048828125,284.2960510253906,2040700
2024-12-13,296.2900085449219,299.20001220703125,295.42999267578125,296.6000061035156,284.2673034667969,2547600
2024-12-16,297.17999267578125,302.1199951171875,297.1700134277344,297.7099914550781,285.3311462402344,3179900
2024-12-17,297.6199951171875,300.0,294.82000732421875,296.0799865722656,283.7689208984375,3295800
2024-12-18,295.0199890136719,298.9800109863281,290.6700134277344,290.8800048828125,278.78515625,3800900
2024-12-19,290.8800048828125,292.8599853515625,288.8500061035156,290.2300109863281,278.16217041015625,3438500
2024-12-20,289.5199890136719,296.1000061035156,289.29998779296875,292.67999267578125,280.5102844238281,7678000
2024-12-23,292.260009765625,293.1000061035156,289.7300109863281,291.2900085449219,279.1780700683594,2492200
2024-12-24,291.2799987792969,294.2699890136719,290.7900085449219,293.989990234375,281.7658386230469,1461000
2024-12-26,293.0,295.44000244140625,292.6000061035156,294.79998779296875,282.5421142578125,1433900
2024-12-27,293.3399963378906,296.4800109863281,292.739990234375,293.6199951171875,281.4111633300781,1617200
2024-12-30,291.4700012207031,291.4700012207031,289.0,289.6000061035156,277.558349609375,1936700
2024-12-31,290.0799865722656,291.239990234375,288.5799865722656,289.8900146484375,277.8363342285156,1915600
2025-01-02,290.95001220703125,295.760009765625,290.25,292.510009765625,280.34735107421875,3117000
2025-01-03,292.8299865722656,294.9599914550781,290.70001220703125,294.7799987792969,282.5229797363281,2240100
2025-01-06,293.2799987792969,295.6000061035156,291.739990234375,292.17999267578125,280.03106689453125,2838900
2025-01-07,293.7799987792969,294.92999267578125,288.2799987792969,289.3399963378906,277.3091735839844,3419500
2025-01-08,288.9700012207031,289.1400146484375,286.54998779296875,286.8999938964844,274.9705810546875,2724200
2025-01-10,287.5,287.7699890136719,281.7799987792969,282.30999755859375,270.57147216796875,3946000
2025-01-13,282.94000244140625,284.5,280.3500061035156,283.6300048828125,271.83660888671875,3394300
2025-01-14,285.0199890136719,285.3500061035156,279.3800048828125,281.5799865722656,269.87176513671875,2238900
2025-01-15,284.3299865722656,284.6499938964844,280.6099853515625,282.29998779296875,270.5618591308594,2867800
2025-01-16,280.239990234375,280.95001220703125,276.5299987792969,279.739990234375,268.1083679199219,3403700
2025-01-17,280.9800109863281,284.0799865722656,280.0,280.95001220703125,269.2680358886719,3312800
2025-01-21,280.760009765625,282.8999938964844,278.7300109863281,282.6099853515625,270.8590087890625,3858600
2025-01-22,283.29998779296875,283.5299987792969,280.3999938964844,281.3500061035156,269.6513366699219,3660600
2025-01-23,280.75,285.0,280.6499938964844,284.42999267578125,272.6033020019531,2279400
2025-01-24,284.510009765625,286.8500061035156,283.2799987792969,285.4599914550781,273.59051513671875,2523000
2025-01-27,286.6099853515625,293.42999267578125,285.80999755859375,293.0899963378906,280.9031982421875,4343000
2025-01-28,292.3999938964844,294.489990234375,290.0,291.1499938964844,279.04388427734375,3180100
2025-01-29,291.3800048828125,293.1400146484375,290.0,290.1099853515625,278.0471496582031,2358300
2025-01-30,290.9100036621094,292.0799865722656,289.3599853515625,290.32000732421875,278.2484436035156,2125200
2025-01-31,289.8299865722656,291.25,287.3500061035156,288.70001220703125,276.6957702636719,2556500
2025-02-03,287.0199890136719,290.8999938964844,284.19000244140625,290.04998779296875,277.9896240234375,3048800
2025-02-04,289.760009765625,290.6400146484375,288.3699951171875,289.7699890136719,277.7213134765625,2976900
2025-02-05,290.0,290.2699890136719,286.3399963378906,288.8299865722656,276.8203430175781,2362900
2025-02-06,291.5899963378906,297.1499938964844,290.32000732421875,294.3599853515625,282.12042236328125,3590000
2025-02-07,294.3599853515625,296.8500061035156,293.82000732421875,294.29998779296875,282.0628967285156,2858000
2025-02-10,302.2699890136719,310.2799987792969,301.510009765625,308.4200134277344,295.5957946777344,8052000
2025-02-11,307.3699951171875,311.5899963378906,306.1700134277344,310.2099914550781,297.3113708496094,4180400
2025-02-12,309.5799865722656,310.0899963378906,305.7699890136719,307.6000061035156,294.8099060058594,3110200
2025-02-13,307.5,311.5299987792969,305.6300048828125,310.0199890136719,297.1292724609375,3096800
2025-02-14,310.20001220703125,311.0,307.7799987792969,308.54998779296875,295.7203674316406,2674400
2025-02-18,307.3500061035156,307.3500061035156,303.5400085449219,304.8299865722656,292.15509033203125,3367800
2025-02-19,303.32000732421875,303.7900085449219,299.510009765625,301.94000244140625,289.38525390625,2990700
2025-02-20,300.8299865722656,303.1300048828125,298.1499938964844,303.04998779296875,290.4490966796875,3020000
2025-02-21,303.9200134277344,305.9599914550781,301.5899963378906,304.80999755859375,292.1358947753906,3036700
2025-02-24,305.0,310.44000244140625,304.1199951171875,307.57000732421875,294.7811279296875,3397600
2025-02-25,309.17999267578125,311.7099914550781,307.989990234375,310.7200012207031,297.8001708984375,3891600
2025-02-26,311.70001220703125,314.54998779296875,303.67999267578125,304.2699890136719,291.6183776855469,4140900
2025-02-27,305.19000244140625,311.7799987792969,304.2200012207031,309.95001220703125,297.0622253417969,3350400
2025-02-28,307.6099853515625,308.5199890136719,303.8800048828125,308.3299865722656,295.5095520019531,4972900
2025-03-03,308.1099853515625,309.489990234375,302.42999267578125,304.2900085449219,293.3214111328125,4371300
2025-03-04,304.5899963378906,312.92999267578125,304.5899963378906,305.7699890136719,294.7480163574219,3954500
2025-03-05,304.0,308.4599914550781,303.3699951171875,307.45001220703125,296.36749267578125,2327500
2025-03-06,307.79998779296875,311.3500061035156,304.3800048828125,310.3699951171875,299.18218994140625,2954900
2025-03-07,310.82000732421875,323.1700134277344,310.3500061035156,321.2900085449219,309.7085876464844,7607600
2025-03-10,320.0899963378906,326.32000732421875,315.739990234375,317.25,305.8141784667969,4707600
2025-03-11,317.6199951171875,317.70001220703125,306.30999755859375,306.760009765625,295.7023620605469,4513100
2025-03-12,303.69000244140625,306.42999267578125,296.3500061035156,299.3999938964844,288.6076354980469,4546200
2025-03-13,300.42999267578125,303.4599914550781,297.2699890136719,297.5,286.776123046875,4178600
2025-03-14,296.9700012207031,300.6700134277344,295.7099914550781,299.8299865722656,289.0221252441406,2696800
2025-03-17,301.29998779296875,305.2300109863281,300.0299987792969,303.9700012207031,293.012939453125,2758400
2025-03-18,304.9700012207031,304.9700012207031,302.2699890136719,303.6000061035156,292.65625,2435400
2025-03-19,303.989990234375,308.0799865722656,303.6300048828125,306.9200134277344,295.8565979003906,2812200
2025-03-20,308.0299987792969,309.6600036621094,305.510009765625,307.0,295.9336853027344,2723500
2025-03-21,306.3900146484375,307.0,301.6400146484375,305.44000244140625,294.429931640625,6016100
2025-03-24,306.29998779296875,307.95001220703125,304.5299987792969,305.6700134277344,294.6516418457031,3443400
2025-03-25,306.92999267578125,308.6600036621094,304.0299987792969,306.9200134277344,295.8565979003906,2657100
2025-03-26,307.8999938964844,314.05999755859375,307.7900085449219,313.5799865722656,302.2764892578125,2624400
2025-03-27,315.1600036621094,316.6400146484375,310.67999267578125,312.69000244140625,301.4185791015625,3119500
2025-03-28,309.0,310.0,305.989990234375,307.0899963378906,296.0204162597656,3211600
2025-03-31,305.0,313.20001220703125,304.44000244140625,312.3699951171875,301.110107421875,4418800
2025-04-01,313.0799865722656,314.7799987792969,310.95001220703125,313.6300048828125,302.32470703125,2411200
2025-04-02,312.7099914550781,313.92999267578125,309.8299865722656,311.5799865722656,300.34857177734375,2776800
2025-04-03,311.3800048828125,319.7200012207031,311.29998779296875,318.2699890136719,306.79742431640625,7023900
2025-04-04,314.57000732421875,314.9599914550781,299.29998779296875,300.1099853515625,289.29205322265625,8831100
2025-04-07,292.6000061035156,304.8800048828125,290.5,299.8900146484375,289.08001708984375,7725900
2025-04-08,303.7799987792969,308.25,294.9200134277344,299.8299865722656,289.0221252441406,5562500
2025-04-09,297.4100036621094,311.6499938964844,296.7099914550781,303.9599914550781,293.0032653808594,8265700
2025-04-10,301.3399963378906,307.6300048828125,296.9200134277344,306.7799987792969,295.7215881347656,6049500
2025-04-11,306.4700012207031,310.8900146484375,303.9599914550781,309.8999938964844,298.7291564941406,4439900
2025-04-14,312.42999267578125,318.20001220703125,311.1300048828125,316.07000732421875,304.6767578125,4068300
2025-04-15,316.1300048828125,317.20001220703125,311.8399963378906,312.4800109863281,301.2161560058594,2901200
2025-04-16,313.57000732421875,314.2900085449219,307.3699951171875,309.1000061035156,297.9580078125,3098900
2025-04-17,309.2200012207031,312.989990234375,307.1300048828125,311.29998779296875,300.07867431640625,2728500
2025-04-21,311.0,311.2799987792969,305.1199951171875,308.7200012207031,297.5917053222656,2669900
2025-04-22,311.760009765625,320.0,311.19000244140625,319.0799865722656,307.5782165527344,4200700
2025-04-23,318.5,319.8999938964844,314.7900085449219,318.4800109863281,306.9998474121094,3210100
2025-04-24,318.42999267578125,318.8900146484375,313.5299987792969,316.2200012207031,304.82135009765625,2479500
2025-04-25,316.5,321.7799987792969,315.0299987792969,316.739990234375,305.32257080078125,2282900
2025-04-28,317.70001220703125,318.0199890136719,314.25,316.80999755859375,305.3901062011719,2578300
2025-04-29,316.05999755859375,316.7300109863281,313.0,314.5,303.1633605957031,3164500
2025-04-30,316.7900085449219,321.0,313.1000061035156,319.6499938964844,308.1277160644531,5564600
2025-05-01,313.1499938964844,319.25,311.6000061035156,313.6400146484375,302.3343505859375,5186900
2025-05-02,313.54998779296875,315.9700012207031,310.67999267578125,311.9599914550781,300.71490478515625,3994600
2025-05-05,313.0,317.3999938964844,310.70001220703125,315.7200012207031,304.3393859863281,3534100
2025-05-06,315.1099853515625,317.239990234375,312.8699951171875,316.7900085449219,305.3708190917969,2691700
2025-05-07,316.4800109863281,319.239990234375,316.1199951171875,318.1300048828125,306.6624755859375,2725900
2025-05-08,318.0799865722656,319.6600036621094,313.17999267578125,313.489990234375,302.189697265625,2131500
2025-05-09,312.8999938964844,314.25,311.1700134277344,313.67999267578125,302.3728942871094,1917800
2025-05-12,312.010009765625,312.17999267578125,305.010009765625,311.9200134277344,300.6763916015625,4137900
2025-05-13,311.6499938964844,312.1700134277344,308.45001220703125,308.69000244140625,297.562744140625,3018600
2025-05-14,308.239990234375,308.9100036621094,305.69000244140625,307.5,296.4156188964844,2656600
2025-05-15,307.79998779296875,315.1300048828125,307.79998779296875,314.4800109863281,303.14404296875,2928500
2025-05-16,314.3699951171875,318.6600036621094,313.3699951171875,318.6099853515625,307.12518310546875,2636900
2025-05-19,318.1099853515625,321.6099853515625,318.0299987792969,321.2300109863281,309.6507568359375,2748600
2025-05-20,321.2200012207031,321.7200012207031,318.8500061035156,319.79998779296875,308.27227783203125,2035000
2025-05-21,317.5199890136719,318.6700134277344,315.1700134277344,316.44000244140625,305.03338623046875,2386700
2025-05-22,316.1199951171875,316.6199951171875,312.6300048828125,314.30999755859375,302.98016357421875,2642000
2025-05-23,315.07000732421875,315.6499938964844,313.0299987792969,314.57000732421875,303.2308044433594,2701500
2025-05-27,314.510009765625,315.6199951171875,312.1600036621094,314.95001220703125,303.59716796875,2526700
2025-05-28,314.95001220703125,315.6499938964844,312.19000244140625,312.8399963378906,301.56317138671875,1935600
2025-05-29,312.3699951171875,313.5,310.0400085449219,311.8599853515625,300.6185302734375,2248800
2025-05-30,312.0,315.2900085449219,310.5799865722656,313.8500061035156,302.5367736816406,4062900
2025-06-02,310.7300109863281,313.25,309.3900146484375,312.67999267578125,303.1183776855469,2577000
2025-06-03,311.8399963378906,314.3900146484375,309.1499938964844,312.3900146484375,302.8373107910156,3028100
2025-06-04,313.0,314.25,309.4800109863281,311.57000732421875,302.0423889160156,2069500
2025-06-05,312.0,312.0,307.7699890136719,308.9800109863281,299.5315856933594,3813500
2025-06-06,307.1499938964844,309.8599853515625,306.80999755859375,307.3599853515625,297.9610595703125,2622800
2025-06-09,303.7300109863281,305.2300109863281,299.8500061035156,304.7799987792969,295.4599914550781,4059800
2025-06-10,300.010009765625,302.4100036621094,299.45001220703125,300.42999267578125,291.24298095703125,4698700
2025-06-11,300.20001220703125,303.20001220703125,297.19000244140625,301.7200012207031,292.4935607910156,3312100
2025-06-12,301.6700134277344,303.17999267578125,300.07000732421875,303.1600036621094,293.8895263671875,2584700
2025-06-13,301.80999755859375,305.1099853515625,301.1499938964844,301.9100036621094,292.6777648925781,2435500
2025-06-16,303.1400146484375,304.0,295.75,296.2900085449219,287.2296447753906,4045700
2025-06-17,296.0,296.010009765625,291.7900085449219,292.30999755859375,283.3713073730469,3379000
2025-06-18,293.0,293.1099853515625,288.6000061035156,289.6300048828125,280.7732849121094,4008700
2025-06-20,289.7699890136719,290.6099853515625,285.57000732421875,287.4599914550781,278.66961669921875,7085000
2025-06-23,288.5199890136719,289.5199890136719,285.8699951171875,289.5199890136719,280.6666564941406,5172500
2025-06-24,289.6199951171875,292.1000061035156,288.5799865722656,291.4700012207031,282.5570068359375,4461200
2025-06-25,290.8599853515625,291.0799865722656,284.30999755859375,285.54998779296875,276.81805419921875,4259800
2025-06-26,285.95001220703125,286.7900085449219,283.4700012207031,285.6300048828125,276.8955993652344,5354900
2025-06-27,286.010009765625,292.19000244140625,285.239990234375,291.54998779296875,282.6345520019531,7422200
2025-06-30,290.8800048828125,293.5799865722656,290.8800048828125,292.1700134277344,283.235595703125,5054800
2025-07-01,292.5,299.6499938964844,292.3500061035156,297.489990234375,288.3929138183594,5121900
2025-07-02,298.0799865722656,298.0799865722656,292.6000061035156,294.6300048828125,285.6203918457031,4021500
2025-07-03,294.6700134277344,294.8299865722656,292.6099853515625,294.0799865722656,285.0871887207031,1678600
2025-07-07,294.1199951171875,295.67999267578125,292.489990234375,293.5299987792969,284.5539855957031,3404300
2025-07-08,293.010009765625,293.0199890136719,290.260009765625,291.6700134277344,282.75091552734375,3123600
2025-07-09,292.25,293.82000732421875,291.3399963378906,293.0199890136719,284.0596008300781,3265800
2025-07-10,296.29998779296875,300.7799987792969,295.0199890136719,298.3900146484375,289.2654113769531,5366800
2025-07-11,298.1400146484375,302.739990234375,297.2900085449219,299.9100036621094,290.73895263671875,4524100
2025-07-14,299.17999267578125,302.07000732421875,294.8299865722656,301.8800048828125,292.648681640625,5707500
2025-07-15,301.29998779296875,302.7900085449219,299.239990234375,299.6199951171875,290.4577941894531,2937600
2025-07-16,299.7799987792969,300.4800109863281,296.2099914550781,298.8999938964844,289.75982666015625,2804700
2025-07-17,299.7699890136719,302.45001220703125,298.4200134277344,300.3699951171875,291.1848449707031,3134300
2025-07-18,299.739990234375,300.3999938964844,296.42999267578125,297.07000732421875,287.98577880859375,3481300
2025-07-21,298.1099853515625,298.79998779296875,295.2799987792969,295.739990234375,286.6964111328125,3037500
2025-07-22,295.8599853515625,300.1000061035156,295.04998779296875,299.1700134277344,290.0215759277344,2672000
2025-07-23,299.489990234375,299.8800048828125,296.9200134277344,298.1199951171875,289.003662109375,2467600
2025-07-24,296.9100036621094,297.4599914550781,294.4100036621094,294.4800109863281,285.4749755859375,4426000
2025-07-25,296.80999755859375,298.6400146484375,294.8999938964844,298.4700012207031,289.3429870605469,3401000
2025-07-28,297.05999755859375,299.9100036621094,294.989990234375,299.2200012207031,290.07000732421875,3070500
2025-07-29,298.95001220703125,302.8299865722656,298.29998779296875,302.6700134277344,293.4145202636719,3147700
2025-07-30,302.57000732421875,305.42999267578125,301.0799865722656,303.6099853515625,294.32574462890625,2805900
2025-07-31,301.0199890136719,303.4700012207031,300.0,300.07000732421875,290.8940124511719,3639600
2025-08-01,303.5,303.70001220703125,301.3800048828125,302.8900146484375,293.6277770996094,3344800
2025-08-04,300.5299987792969,306.3500061035156,300.5299987792969,304.2300109863281,294.92681884765625,4734500
2025-08-05,303.0,304.6000061035156,298.3699951171875,298.7699890136719,289.6337585449219,4222900
2025-08-06,307.0,310.3999938964844,301.739990234375,307.6600036621094,298.2519226074219,6474300
2025-08-07,309.1600036621094,310.1700134277344,304.3500061035156,307.9100036621094,298.4942932128906,3603300
2025-08-08,307.0,308.54998779296875,303.8900146484375,305.45001220703125,296.1095275878906,2622000
2025-08-11,305.5,307.29998779296875,303.7799987792969,304.3599853515625,295.0528564453125,2649000
2025-08-12,305.1700134277344,305.5,299.8900146484375,301.6400146484375,292.416015625,3438300
2025-08-13,301.70001220703125,305.30999755859375,301.3999938964844,305.07000732421875,295.7411193847656,2999100
2025-08-14,305.5,309.2900085449219,302.70001220703125,308.95001220703125,299.5024719238281,4699400
2025-08-15,310.1600036621094,310.1600036621094,306.5,308.92999267578125,299.4830627441406,3416600
2025-08-18,308.3699951171875,309.9800109863281,306.55999755859375,308.70001220703125,299.2601318359375,3272600
2025-08-19,308.70001220703125,314.2200012207031,308.45001220703125,310.92999267578125,301.4219055175781,2893600
2025-08-20,313.6700134277344,316.1499938964844,312.3900146484375,313.0799865722656,303.5061950683594,3879900
2025-08-21,311.8699951171875,313.6000061035156,311.1700134277344,313.2200012207031,303.64190673828125,2282200
2025-08-22,314.6300048828125,316.79998779296875,313.1499938964844,314.07000732421875,304.4659118652344,2796700
2025-08-25,313.7300109863281,315.54998779296875,311.95001220703125,313.44000244140625,303.85516357421875,2944300
2025-08-26,313.42999267578125,315.1199951171875,312.29998779296875,312.94000244140625,303.3704833984375,2807600
2025-08-27,313.3599853515625,315.7200012207031,311.3399963378906,311.42999267578125,301.9066467285156,3234400
2025-08-28,311.1199951171875,312.5199890136719,309.3500061035156,312.2200012207031,302.6724548339844,3471700
2025-08-29,312.2300109863281,313.8999938964844,311.42999267578125,313.5400085449219,303.9521179199219,2492500
2025-09-02,313.04998779296875,316.1300048828125,312.3299865722656,315.760009765625,307.8420715332031,3228700
2025-09-03,315.0199890136719,316.8699951171875,312.9800109863281,316.3900146484375,308.4562683105469,3219500
2025-09-04,317.82000732421875,319.42999267578125,316.4800109863281,316.989990234375,309.0412292480469,2881300
2025-09-05,317.3699951171875,318.0400085449219,313.2699890136719,314.3800048828125,306.4966735839844,2533100
2025-09-08,312.82000732421875,313.0799865722656,309.760009765625,312.79998779296875,304.9562683105469,2873600
2025-09-09,311.2099914550781,313.70001220703125,310.7300109863281,312.5199890136719,304.68328857421875,2310800
2025-09-10,312.0899963378906,312.0899963378906,304.6099853515625,305.94000244140625,298.268310546875,3479500
2025-09-11,306.2300109863281,308.94000244140625,305.25,308.42999267578125,300.6958923339844,2761500
2025-09-12,307.6199951171875,308.510009765625,305.25,305.3999938964844,297.74188232421875,2072600
2025-09-15,305.1400146484375,305.7099914550781,300.510009765625,302.07000732421875,294.4953918457031,3584500
2025-09-16,303.5,306.0,302.70001220703125,303.2900085449219,295.6847839355469,3578500
2025-09-17,304.8999938964844,306.5799865722656,303.9100036621094,304.9700012207031,297.3226318359375,2681600
2025-09-18,301.4700012207031,302.69000244140625,297.8800048828125,301.1400146484375,293.58868408203125,4654100
2025-09-19,301.70001220703125,304.79998779296875,300.75,302.3800048828125,294.797607421875,5696900
2025-09-22,302.32000732421875,304.25,300.4200134277344,302.989990234375,295.39227294921875,3657900
2025-09-23,303.739990234375,304.45001220703125,300.32000732421875,303.19000244140625,295.5872497558594,2976900
2025-09-24,302.489990234375,305.9800109863281,302.010009765625,304.3299865722656,296.69866943359375,2427300
2025-09-25,305.8800048828125,306.3299865722656,301.95001220703125,302.29998779296875,294.71954345703125,2558400
2025-09-26,303.3699951171875,305.7799987792969,302.010009765625,305.239990234375,297.5858459472656,2284700
2025-09-29,305.8800048828125,306.1099853515625,301.8500061035156,302.989990234375,295.39227294921875,3073800
2025-09-30,302.75,304.4800109863281,302.0,303.8900146484375,296.26971435546875,2640100
2025-10-01,303.260009765625,304.7699890136719,298.29998779296875,300.5199890136719,292.9842224121094,3055300
2025-10-02,299.6000061035156,302.3800048828125,298.95001220703125,299.8800048828125,292.3602600097656,2690400
2025-10-03,298.8999938964844,301.3900146484375,298.6600036621094,300.9800109863281,293.4327087402344,2599100
2025-10-06,299.0400085449219,299.6499938964844,294.9100036621094,296.0400085449219,288.6165771484375,3814200
2025-10-07,295.0,298.07000732421875,294.1300048828125,296.32000732421875,288.8895263671875,2515700
2025-10-08,296.3800048828125,296.6600036621094,293.42999267578125,294.3999938964844,287.01763916015625,2464600
2025-10-09,293.6499938964844,295.1199951171875,292.0400085449219,293.80999755859375,286.44244384765625,2802700
2025-10-10,294.70001220703125,297.95001220703125,292.8900146484375,297.010009765625,289.5622863769531,4016200
2025-10-13,294.6000061035156,300.4200134277344,294.0,300.1099853515625,292.5845031738281,3369300
2025-10-14,300.1600036621094,305.5199890136719,300.1099853515625,304.55999755859375,296.9228820800781,2992800
2025-10-15,303.6300048828125,309.1000061035156,303.6300048828125,305.25,297.59564208984375,2522100
2025-10-16,305.7900085449219,307.2799987792969,304.7099914550781,305.3299865722656,297.6735534667969,2021600
2025-10-17,306.79998779296875,308.3299865722656,306.30999755859375,308.0899963378906,300.3643798828125,2194200
2025-10-20,307.95001220703125,308.70001220703125,305.8399963378906,307.7699890136719,300.0523986816406,2329600
2025-10-21,308.54998779296875,308.54998779296875,306.3900146484375,307.4800109863281,299.7696838378906,2461100
2025-10-22,308.2200012207031,312.7900085449219,307.1499938964844,310.1099853515625,302.3337097167969,2735700
2025-10-23,311.9700012207031,311.9700012207031,306.2200012207031,306.9700012207031,299.2724914550781,2081500
2025-10-24,307.6300048828125,307.70001220703125,305.0199890136719,305.7900085449219,298.1220703125,1994500
2025-10-27,305.8999938964844,310.0899963378906,305.3399963378906,310.0,302.2265319824219,2139700
2025-10-28,308.5400085449219,310.5799865722656,306.3299865722656,306.3999938964844,298.7167663574219,2336500
2025-10-29,304.70001220703125,304.7799987792969,301.2200012207031,302.3500061035156,294.7683410644531,2502300
2025-10-30,300.5,304.3900146484375,300.1000061035156,302.42999267578125,294.8463439941406,3128400
2025-10-31,300.0,300.7099914550781,297.0,298.42999267578125,290.94659423828125,3582700
2025-11-03,297.6700134277344,297.9200134277344,294.44000244140625,296.3699951171875,288.9382629394531,3899300
2025-11-04,298.2099914550781,299.75,296.4200134277344,299.2099914550781,291.7070617675781,4151300
2025-11-05,299.55999755859375,310.1700134277344,299.2099914550781,305.6700134277344,298.0050964355469,6070300
2025-11-06,304.260009765625,306.4100036621094,297.510009765625,298.4100036621094,290.9271240234375,3544900
2025-11-07,300.3399963378906,302.54998779296875,298.3299865722656,299.6600036621094,292.1457824707031,3250100
2025-11-10,299.0,300.0199890136719,296.0400085449219,299.1000061035156,291.599853515625,3824300
2025-11-11,300.8599853515625,307.2900085449219,300.8500061035156,306.8299865722656,299.135986328125,2755800
2025-11-12,306.7799987792969,309.0899963378906,305.7799987792969,306.94000244140625,299.24322509765625,2818600
2025-11-13,307.29998779296875,310.1000061035156,306.5,307.5799865722656,299.8671875,2294300
2025-11-14,308.45001220703125,310.75,303.3299865722656,307.0299987792969,299.3309631347656,3112500
2025-11-17,307.1700134277344,307.70001220703125,304.1000061035156,304.8999938964844,297.2543640136719,2435700
2025-11-18,305.67999267578125,308.44000244140625,304.1600036621094,304.5899963378906,296.9521484375,2773800
2025-11-19,304.5899963378906,304.8399963378906,302.0400085449219,302.739990234375,295.1485595703125,2008300
2025-11-20,302.45001220703125,305.6400146484375,301.8699951171875,304.1600036621094,296.532958984375,4205100
2025-11-21,306.2699890136719,310.5400085449219,306.1600036621094,309.3500061035156,301.5928039550781,3348900
2025-11-24,308.989990234375,310.3399963378906,304.0299987792969,304.8999938964844,297.2543640136719,3687300
2025-11-25,306.75,311.4599914550781,306.75,310.45001220703125,302.66522216796875,4189600
2025-11-26,311.57000732421875,312.8699951171875,309.7200012207031,312.3999938964844,304.5663146972656,2786600
2025-11-28,312.3699951171875,313.29998779296875,310.69000244140625,311.82000732421875,304.0008850097656,1850700
2025-12-01,309.4800109863281,309.5,303.3699951171875,303.57000732421875,297.73370361328125,3354100
2025-12-02,303.79998779296875,303.82000732421875,299.5899963378906,300.7200012207031,294.9385070800781,3947800
2025-12-03,302.3999938964844,308.75,302.05999755859375,307.7099914550781,301.79412841796875,4986900
2025-12-04,308.5299987792969,313.79998779296875,307.32000732421875,308.5400085449219,302.6081848144531,4632200
2025-12-05,308.6600036621094,312.04998779296875,308.20001220703125,311.2300109863281,305.2464599609375,3147200
2025-12-08,312.0,313.75,309.04998779296875,309.7900085449219,303.83416748046875,3575000
2025-12-09,310.69000244140625,312.70001220703125,308.4200134277344,310.7900085449219,304.8149108886719,2355100
2025-12-10,309.5,311.32000732421875,306.010009765625,310.5299987792969,304.5599365234375,4103900
2025-12-11,311.5,312.9800109863281,309.05999755859375,309.7099914550781,303.75567626953125,4844000
2025-12-12,310.5299987792969,317.7900085449219,310.3699951171875,316.7200012207031,310.63092041015625,3771900
2025-12-15,316.70001220703125,319.6600036621094,315.79998779296875,318.7300109863281,312.60223388671875,3814900
2025-12-16,319.1099853515625,320.5799865722656,314.30999755859375,314.5,308.4535827636719,2972300
2025-12-17,315.54998779296875,319.20001220703125,315.0,318.69000244140625,312.56304931640625,3328600
2025-12-18,319.3800048828125,321.7900085449219,318.3500061035156,319.6499938964844,313.5045471191406,3335200
2025-12-19,318.70001220703125,319.3299865722656,315.75,315.8399963378906,309.767822265625,7128600
2025-12-22,315.0,318.2699890136719,314.4700012207031,316.2200012207031,310.1405334472656,2514600
2025-12-23,312.1000061035156,314.1199951171875,310.6300048828125,310.8399963378906,304.86395263671875,2922800
2025-12-24,310.67999267578125,313.3999938964844,310.2799987792969,313.3299865722656,307.3060607910156,1011500
2025-12-26,312.9800109863281,313.260009765625,309.8699951171875,310.67999267578125,304.7070007324219,1308900
2025-12-29,310.4599914550781,311.1000061035156,308.2200012207031,308.5299987792969,302.5983581542969,2148300
2025-12-30,307.0799865722656,308.6400146484375,306.7699890136719,308.0299987792969,302.10797119140625,1678300
2025-12-31,307.7799987792969,308.2099914550781,305.3500061035156,305.6300048828125,299.7541198730469,1903600
2026-01-02,305.2900085449219,305.54998779296875,300.2900085449219,303.260009765625,297.4296569824219,3124300
2026-01-05,301.25,302.3299865722656,299.6199951171875,299.8599853515625,294.09503173828125,4573300
2026-01-06,299.07000732421875,304.2200012207031,298.3299865722656,302.7699890136719,296.9490661621094,3769100
2026-01-07,305.3299865722656,307.0,303.30999755859375,304.1600036621094,298.3124084472656,4100200
2026-01-08,303.44000244140625,309.0,302.6300048828125,308.8800048828125,302.9416198730469,3268300
2026-01-09,309.0400085449219,309.5199890136719,304.6000061035156,307.32000732421875,301.41162109375,2972000
2026-01-12,307.44000244140625,307.4800109863281,304.1700134277344,306.75,300.8525695800781,3206600
2026-01-13,305.2300109863281,309.6600036621094,305.20001220703125,309.44000244140625,303.4908752441406,2967900
2026-01-14,309.44000244140625,311.17999267578125,305.92999267578125,308.1300048828125,302.2060546875,2949000
2026-01-15,308.92999267578125,308.92999267578125,303.79998779296875,308.6199951171875,302.6866149902344,3189200
2026-01-16,306.8900146484375,308.5299987792969,305.8399963378906,307.42999267578125,301.51953125,2590600
2026-01-20,306.44000244140625,306.54998779296875,302.45001220703125,302.8399963378906,297.0177307128906,3018000
2026-01-21,303.3399963378906,305.7099914550781,303.1400146484375,305.69000244140625,299.8129577636719,3630900
2026-01-22,306.1499938964844,307.6300048828125,304.95001220703125,306.0299987792969,300.14642333984375,2809400
2026-01-23,306.1000061035156,309.510009765625,305.3599853515625,309.25,303.30450439453125,2350200
2026-01-26,310.0,314.3599853515625,309.9700012207031,312.95001220703125,306.9333801269531,3385000
2026-01-27,312.32000732421875,314.55999755859375,311.0400085449219,314.1300048828125,308.0906982421875,2506600
2026-01-28,315.0,316.2799987792969,311.6099853515625,312.79998779296875,306.7862548828125,2184500
2026-01-29,312.9100036621094,317.3999938964844,312.260009765625,315.510009765625,309.4441833496094,3211300
2026-01-30,315.6600036621094,316.04998779296875,311.57000732421875,315.0,308.9439697265625,2983200
2026-02-02,319.0,319.5199890136719,315.2099914550781,318.5299987792969,312.4061279296875,3309800
2026-02-03,315.510009765625,322.8900146484375,315.510009765625,319.4800109863281,313.3378601074219,4043400
2026-02-04,321.1099853515625,326.95001220703125,319.70001220703125,323.69000244140625,317.4669189453125,4805900
2026-02-05,325.0799865722656,328.05999755859375,322.95001220703125,323.4800109863281,317.2609558105469,3936800
2026-02-06,322.8999938964844,327.5400085449219,321.239990234375,327.1600036621094,320.8702087402344,2831900
2026-02-09,325.94000244140625,327.32000732421875,323.17999267578125,325.6000061035156,319.3401794433594,2673900
2026-02-10,325.42999267578125,328.0,323.510009765625,325.9700012207031,319.70306396484375,3502900
2026-02-11,323.5799865722656,325.20001220703125,320.80999755859375,323.2099914550781,316.9961242675781,4553200
2026-02-12,329.8299865722656,333.3800048828125,320.1499938964844,332.0799865722656,325.69561767578125,6499700
2026-02-13,332.5,335.6700134277344,326.5299987792969,327.5799865722656,321.2821044921875,3587900
2026-02-17,330.0,332.0799865722656,325.0,327.6199951171875,321.32135009765625,3367200
2026-02-18,327.2699890136719,328.79998779296875,323.8299865722656,327.8900146484375,321.5861511230469,3661800
2026-02-19,328.4599914550781,333.0,326.95001220703125,327.1099853515625,320.8211364746094,4032300
2026-02-20,328.0299987792969,330.2799987792969,325.9599914550781,329.2300109863281,322.9004211425781,3862700
2026-02-23,330.42999267578125,335.5799865722656,330.25,334.55999755859375,328.1278991699219,3806200
2026-02-24,335.30999755859375,336.0,332.3299865722656,333.04998779296875,326.64691162109375,2756900
2026-02-25,332.0,334.1499938964844,330.0,333.010009765625,326.6076965332031,2812500
2026-02-26,334.8699951171875,336.94000244140625,333.1099853515625,334.5299987792969,328.0985107421875,2425900
2026-02-27,335.57000732421875,341.3500061035156,335.57000732421875,341.05999755859375,334.5029296875,4269100
2026-03-02,341.05999755859375,341.75,334.4100036621094,334.82000732421875,328.3829345703125,4555400
2026-03-03,330.0899963378906,332.1700134277344,327.70001220703125,332.1700134277344,327.6037902832031,2901100
2026-03-04,331.739990234375,332.8299865722656,329.6099853515625,331.739990234375,327.1796875,2455900
2026-03-05,329.79998779296875,330.80999755859375,324.1199951171875,327.45001220703125,322.9486999511719,4321400
2026-03-06,326.2900085449219,328.3299865722656,321.32000732421875,328.05999755859375,323.5502624511719,3341200
2026-03-09,325.79998779296875,331.70001220703125,324.5799865722656,330.79998779296875,326.2525939941406,3407500
2026-03-10,328.3399963378906,329.6499938964844,326.7099914550781,327.94000244140625,323.4319152832031,2391400
2026-03-11,327.0299987792969,327.6499938964844,322.4200134277344,325.2099914550781,320.73944091796875,2200500
2026-03-12,323.25,327.32000732421875,322.010009765625,323.9100036621094,319.45733642578125,2639600
2026-03-13,324.9800109863281,326.9599914550781,324.4800109863281,326.4599914550781,321.9722595214844,2449800
2026-03-16,327.8399963378906,328.7099914550781,326.510009765625,326.6499938964844,322.1596374511719,2584300
2026-03-17,327.3399963378906,330.489990234375,326.1199951171875,326.29998779296875,321.814453125,2437800
2026-03-18,323.7699890136719,324.5,315.239990234375,315.7300109863281,311.3898010253906,3038400
2026-03-19,315.989990234375,316.7300109863281,309.3299865722656,309.5799865722656,305.32427978515625,3362300
2026-03-20,309.79998779296875,311.3699951171875,307.6199951171875,308.8500061035156,304.6043395996094,6436600
2026-03-23,313.4700012207031,313.989990234375,308.04998779296875,308.4700012207031,304.22955322265625,3003200
2026-03-24,306.3900146484375,311.19000244140625,304.7799987792969,307.8399963378906,303.60821533203125,2954900
2026-03-25,310.05999755859375,312.94000244140625,308.1099853515625,311.70001220703125,307.4151611328125,3714000
2026-03-26,310.75,312.7099914550781,308.79998779296875,308.92999267578125,304.6832580566406,3025700
2026-03-27,309.75,309.9700012207031,305.3299865722656,305.8999938964844,301.6949157714844,3137200
2026-03-30,308.70001220703125,310.7900085449219,307.6400146484375,308.5299987792969,304.28875732421875,3569600
2026-03-31,310.2300109863281,311.67999267578125,307.5400085449219,310.7900085449219,306.5177001953125,3021300
2026-04-01,310.1700134277344,311.0,304.0,307.2900085449219,303.0658264160156,3887300
2026-04-02,306.8299865722656,307.5,303.0299987792969,307.1400146484375,302.9178771972656,2649100
2026-04-06,306.05999755859375,310.30999755859375,305.80999755859375,309.760009765625,305.5018615722656,1816000
2026-04-07,310.2699890136719,310.29998779296875,304.2200012207031,304.8500061035156,300.6593322753906,2033700
2026-04-08,307.1600036621094,308.25,303.1000061035156,307.010009765625,302.7896728515625,4155100
2026-04-09,305.19000244140625,311.1000061035156,303.989990234375,309.54998779296875,305.2947082519531,2484700
2026-04-10,307.29998779296875,308.70001220703125,304.17999267578125,305.67999267578125,301.4779052734375,2708600
2026-04-13,304.2200012207031,304.8999938964844,302.1000061035156,304.510009765625,300.3240051269531,2872100
2026-04-14,303.0199890136719,303.5799865722656,301.5299987792969,303.2200012207031,299.0517272949219,3150100
2026-04-15,303.2699890136719,306.94000244140625,303.0,306.260009765625,302.0499572753906,2976500
2026-04-16,306.5799865722656,308.2699890136719,304.57000732421875,306.9599914550781,302.7403259277344,2334400
2026-04-17,307.30999755859375,312.5400085449219,307.20001220703125,311.3599853515625,307.079833984375,3225500
2026-04-20,312.1499938964844,312.5299987792969,305.95001220703125,306.94000244140625,302.7206115722656,2395200
2026-04-21,305.54998779296875,306.1499938964844,300.9700012207031,301.8399963378906,297.6907043457031,2708100
2026-04-22,302.04998779296875,302.9100036621094,299.8299865722656,300.07000732421875,295.9450378417969,2845600
2026-04-23,302.5,304.8900146484375,301.9200134277344,302.5299987792969,298.3712158203125,3064300
2026-04-24,302.2900085449219,302.5899963378906,299.2200012207031,299.3599853515625,295.2447814941406,3847800
2026-04-27,297.7900085449219,298.5299987792969,290.19000244140625,290.2099914550781,286.2205810546875,4985000
2026-04-28,292.20001220703125,294.6499938964844,291.0299987792969,292.3900146484375,288.3706359863281,4087100
2026-04-29,291.29998779296875,292.510009765625,289.29998779296875,290.0799865722656,286.0923767089844,3493000
2026-04-30,290.54998779296875,294.5199890136719,290.2300109863281,293.5899963378906,289.55413818359375,4137700
2026-05-01,294.70001220703125,295.5799865722656,286.3599853515625,286.6400146484375,282.6996765136719,3761800
2026-05-04,286.32000732421875,289.75,283.69000244140625,284.1000061035156,280.194580078125,3750500
2026-05-05,284.3999938964844,286.55999755859375,283.0199890136719,285.1700134277344,281.2499084472656,4007100
2026-05-06,287.1700134277344,288.5,282.3999938964844,284.1000061035156,280.194580078125,4807900
2026-05-07,287.8299865722656,291.3999938964844,282.1499938964844,283.70001220703125,279.8000793457031,6613800
2026-05-08,285.0,286.5,274.8299865722656,275.75,271.9593811035156,6044100
2026-05-11,275.8299865722656,276.739990234375,271.9800109863281,274.6000061035156,270.8251953125,5849000
2026-05-12,278.20001220703125,279.25,274.7699890136719,274.8399963378906,271.0618896484375,4366600
2026-05-13,274.5,277.5,273.239990234375,275.70001220703125,271.9100646972656,3451000
2026-05-14,277.79998779296875,277.79998779296875,274.29998779296875,274.9700012207031,271.1900939941406,3428200
2026-05-15,276.0,277.5,275.0199890136719,276.3900146484375,272.5906066894531,3866400
2026-05-18,275.82000732421875,282.79998779296875,275.1499938964844,282.4700012207031,278.5870056152344,3969300
2026-05-19,283.3999938964844,285.32000732421875,280.2900085449219,280.79998779296875,276.93994140625,4087500
2026-05-20,280.2900085449219,281.0199890136719,276.3999938964844,280.2699890136719,276.4172058105469,4056900
2026-05-21,281.04998779296875,285.1499938964844,279.95001220703125,284.17999267578125,280.2734680175781,5116300
2026-05-22,283.0,283.7300109863281,280.4100036621094,282.2699890136719,278.3897399902344,3056200
2026-05-26,281.0199890136719,282.0199890136719,278.7099914550781,279.260009765625,275.4211120605469,4227400
2026-05-27,280.239990234375,283.54998779296875,279.8500061035156,280.9200134277344,277.0583190917969,3808100
2026-05-28,280.010009765625,280.2200012207031,277.5199890136719,277.9700012207031,274.14886474609375,4115700
2026-05-29,277.7799987792969,281.4200134277344,277.4200134277344,279.20001220703125,275.3619384765625,4901300
2026-06-01,278.1199951171875,278.8900146484375,273.3999938964844,276.1099853515625,272.31439208984375,4594600
2026-06-02,273.3299865722656,278.010009765625,272.95001220703125,276.3599853515625,274.4095153808594,4211600
2026-06-03,275.7699890136719,276.8500061035156,273.2900085449219,273.2900085449219,271.3612060546875,5011100
2026-06-04,277.79998779296875,278.5,271.8500061035156,272.7200012207031,270.79522705078125,3541600
2026-06-05,274.3999938964844,280.760009765625,274.3999938964844,279.8399963378906,277.8649597167969,5428100
2026-06-08,278.1099853515625,280.17999267578125,277.1499938964844,277.7799987792969,275.8194885253906,3842300
2026-06-09,277.6099853515625,285.30999755859375,276.0400085449219,282.25,280.2579650878906,5431700
2026-06-10,284.32000732421875,286.45001220703125,282.29998779296875,282.5199890136719,280.5260314941406,4152700
2026-06-11,282.8399963378906,286.25,281.0400085449219,284.7699890136719,282.7601623535156,4565400
2026-06-12,286.0,287.6600036621094,284.0299987792969,284.80999755859375,282.7998962402344,4028800
2026-06-15,284.2300109863281,288.239990234375,283.6000061035156,286.1199951171875,284.10064697265625,4388500
2026-06-16,288.0,289.2900085449219,285.0899963378906,287.92999267578125,285.8978576660156,3874300
2026-06-17,285.5,287.2900085449219,282.9700012207031,283.82000732421875,281.81689453125,3591000
2026-06-18,284.3800048828125,284.760009765625,277.92999267578125,278.6099853515625,276.6436462402344,8106400
2026-06-22,277.0,277.54998779296875,270.0799865722656,270.1000061035156,268.1937255859375,4891100
2026-06-23,273.8900146484375,274.25,270.510009765625,271.6600036621094,269.7427062988281,3783500
2026-06-24,272.1700134277344,276.05999755859375,271.2200012207031,273.8800048828125,271.947021484375,4698700
2026-06-25,272.69000244140625,273.3399963378906,264.5299987792969,264.5400085449219,262.6729431152344,6192700
2026-06-26,264.7699890136719,270.7900085449219,264.54998779296875,269.760009765625,267.8561096191406,7422800
2026-06-29,270.19000244140625,272.5,265.6000061035156,267.17999267578125,265.2943115234375,4522000
2026-06-30,268.20001220703125,271.19000244140625,267.3900146484375,270.30999755859375,268.4022216796875,4752600
2026-07-01,270.25,272.45001220703125,268.8999938964844,269.42999267578125,267.5284423828125,3902100
2026-07-02,271.79998779296875,280.6300048828125,269.8599853515625,280.6300048828125,278.6493835449219,6871800
2026-07-06,280.05999755859375,281.0199890136719,273.5799865722656,279.5,277.5273742675781,6744000
2026-07-07,283.79998779296875,287.1000061035156,281.3800048828125,282.2099914550781,280.2182312011719,3688500
2026-07-08,281.2699890136719,281.6199951171875,276.239990234375,278.25,276.28619384765625,4735900
2026-07-09,276.05999755859375,277.5799865722656,272.9200134277344,276.489990234375,274.5386047363281,3605400
2026-07-10,278.2099914550781,278.3999938964844,272.5,274.6000061035156,272.6619567871094,2980800
2026-07-13,276.0199890136719,276.0199890136719,271.3299865722656,272.6099853515625,270.68597412109375,4169600
2026-07-14,272.0,273.80999755859375,268.32000732421875,268.94000244140625,267.0419006347656,3834500
2026-07-15,268.0,270.2799987792969,264.0899963378906,264.95001220703125,263.080078125,6050900
2026-07-16,266.75,273.5899963378906,265.989990234375,273.4599914550781,271.5299987792969,4812000
2026-07-17,275.0,276.3599853515625,267.19000244140625,267.7099914550781,265.820556640625,3782000
2026-07-20,269.75,270.0,266.260009765625,267.6400146484375,265.7510986328125,3693400
2026-07-21,266.5199890136719,266.8699951171875,263.6499938964844,263.9100036621094,262.0473937988281,3539500
2026-07-22,265.70001220703125,265.9700012207031,261.8500061035156,263.57000732421875,261.7098083496094,4524400
2026-07-23,261.5799865722656,264.0199890136719,260.9599914550781,262.79998779296875,260.9452209472656,5105700
2026-07-24,263.7900085449219,266.4599914550781,262.8999938964844,264.760009765625,262.89141845703125,3703500
2026-07-27,267.5,271.1700134277344,266.79998779296875,270.6700134277344,268.75970458984375,4874400
2026-07-28,276.2099914550781,278.70001220703125,271.6300048828125,273.0199890136719,271.09307861328125,5261500
2026-07-29,272.6300048828125,273.0299987792969,270.25,271.5199890136719,269.6036682128906,3650700
2026-07-30,270.489990234375,271.79998779296875,266.30999755859375,268.44000244140625,266.5454406738281,4040200
2026-07-31,267.1199951171875,271.07000732421875,265.5199890136719,270.6400146484375,268.72991943359375,4965200
2026-08-03,275.7099914550781,276.3299865722656,265.2300109863281,265.2300109863281,263.35809326171875,7440500
2026-08-04,270.3299865722656,271.5299987792969,264.30999755859375,268.3399963378906,266.4461364746094,7486000
2026-08-05,271.6400146484375,275.29998779296875,269.010009765625,274.0,272.0661926269531,4775300
2026-08-06,276.0,276.8299865722656,271.760009765625,276.260009765625,274.31024169921875,4214900
2026-08-07,274.510009765625,276.8699951171875,273.2900085449219,274.4800109863281,272.5428161621094,4909700
2026-08-10,274.1400146484375,275.75,270.3599853515625,273.7200012207031,271.78814697265625,4742100
2026-08-11,273.2300109863281,274.2099914550781,271.32000732421875,274.1499938964844,272.2151184082031,3030600
2026-08-12,271.92999267578125,276.20001220703125,268.760009765625,275.70001220703125,273.75421142578125,4351700
2026-08-13,277.3800048828125,278.3699951171875,272.1499938964844,272.25,270.3285217285156,4023300
2026-08-14,272.3299865722656,275.3399963378906,271.2699890136719,272.8299865722656,270.9044189453125,2735400
2026-08-17,270.2200012207031,270.82000732421875,265.1400146484375,265.5299987792969,263.6559753417969,4911800
2026-08-18,267.4700012207031,270.2099914550781,266.8399963378906,266.989990234375,265.10565185546875,3089200
2026-08-19,266.3500061035156,271.8699951171875,266.0899963378906,267.45001220703125,265.5624084472656,5351600
2026-08-20,267.57000732421875,271.8800048828125,266.9100036621094,269.1300048828125,267.2305603027344,3526300
2026-08-21,269.29998779296875,271.25,268.1099853515625,270.95001220703125,269.0377197265625,3776000
2026-08-24,272.1499938964844,273.4200134277344,270.5899963378906,272.5400085449219,270.6164855957031,4115900
2026-08-25,272.4599914550781,272.6000061035156,267.9800109863281,268.1000061035156,266.20782470703125,3192700
2026-08-26,268.5,269.05999755859375,266.1099853515625,266.92999267578125,265.04608154296875,4182300
2026-08-27,265.489990234375,265.7300109863281,259.8500061035156,260.05999755859375,258.2245788574219,5980400
2026-08-28,261.3299865722656,265.1000061035156,260.32000732421875,265.0,263.12969970703125,3887300
2026-08-31,265.0,266.07000732421875,263.3900146484375,263.5400085449219,261.6800231933594,5244100
2026-09-01,262.75,264.5,260.739990234375,261.1099853515625,261.1099853515625,3701000
2026-09-02,261.9599914550781,262.7799987792969,260.17999267578125,260.95001220703125,260.95001220703125,5106800
2026-09-03,261.57000732421875,262.0899963378906,256.1199951171875,259.6300048828125,259.6300048828125,4576000
2026-09-04,258.010009765625,258.5,255.49000549316406,255.69000244140625,255.69000244140625,4225500
2026-09-08,254.38999938964844,256.80999755859375,254.27999877929688,255.80999755859375,255.80999755859375,4197600
2026-09-09,255.5,256.5,253.35000610351562,253.47999572753906,253.47999572753906,4434000
2026-09-10,255.0399932861328,255.55999755859375,252.5399932861328,253.0500030517578,253.0500030517578,4345400
2026-09-11,253.97999572753906,254.72999572753906,252.14999389648438,252.52999877929688,252.52999877929688,4096800
2026-09-14,254.27999877929688,258.45001220703125,254.27999877929688,257.489990234375,257.489990234375,4165000
2026-09-15,257.7799987792969,257.7799987792969,252.6999969482422,252.77999877929688,252.77999877929688,4783500
2026-09-16,252.25999450683594,253.16000366210938,247.8300018310547,248.55999755859375,248.55999755859375,7134200
2026-09-17,250.3000030517578,250.60000610351562,248.10000610351562,248.47999572753906,248.47999572753906,4941900
2026-09-18,248.27000427246094,250.4499969482422,247.64999389648438,248.24000549316406,248.24000549316406,9577400
2026-09-21,249.41000366210938,250.3800048828125,246.52000427246094,247.8800048828125,247.8800048828125,6334600
2026-09-22,250.67999267578125,252.05999755859375,249.3699951171875,250.35000610351562,250.35000610351562,5016800
2026-09-23,250.2899932861328,250.32000732421875,234.02999877929688,238.32000732421875,238.32000732421875,16605700
2026-09-24,239.6999969482422,242.55999755859375,237.02000427246094,237.02000427246094,237.02000427246094,7387500
2026-09-25,236.77999877929688,238.0,235.2899932861328,236.5,236.5,6530000
2026-09-28,235.74000549316406,237.47999572753906,233.22999572753906,233.60000610351562,233.60000610351562,5365000
2026-09-29,232.1999969482422,236.00999450683594,232.05999755859375,233.97999572753906,233.97999572753906,5239500
2026-09-30,234.22999572753906,234.97000122070312,230.8800048828125,230.94000244140625,230.94000244140625,5575900
