Date,Open,High,Low,Close,Adj Close,Volume
2020-12-31,221.6999969482422,223.0,219.67999267578125,222.4199981689453,212.07537841796875,20942100
2021-01-04,222.52999877929688,223.0,214.80999755859375,217.69000244140625,207.56536865234375,37130100
2021-01-05,217.25999450683594,218.52000427246094,215.6999969482422,217.89999389648438,207.76564025878906,23823000
2021-01-06,212.1699981689453,216.49000549316406,211.94000244140625,212.25,202.37841796875,35930700
2021-01-07,214.0399932861328,219.33999633789062,213.7100067138672,218.2899932861328,208.13746643066406,27694500
2021-01-08,218.67999267578125,220.5800018310547,217.02999877929688,219.6199951171875,209.40562438964844,22956200
2021-01-11,218.47000122070312,218.91000366210938,216.72999572753906,217.49000549316406,207.3747100830078,23031300
2021-01-12,216.5,217.10000610351562,213.32000732421875,214.92999267578125,204.9337615966797,23249300
2021-01-13,214.02000427246094,216.75999450683594,213.92999267578125,216.33999633789062,206.2781524658203,20087100
2021-01-14,215.91000366210938,217.4600067138672,212.74000549316406,213.02000427246094,203.1125946044922,29480800
2021-01-15,213.52000427246094,214.50999450683594,212.02999877929688,212.64999389648438,202.75978088378906,31746500
2021-01-19,213.75,216.97999572753906,212.6300048828125,216.44000244140625,206.37355041503906,30480900
2021-01-20,217.6999969482422,225.7899932861328,217.2899932861328,224.33999633789062,213.9060821533203,37777300
2021-01-21,224.6999969482422,226.3000030517578,222.4199981689453,224.97000122070312,214.50682067871094,30709400
2021-01-22,227.0800018310547,230.07000732421875,225.8000030517578,225.9499969482422,215.44119262695312,30172700
2021-01-25,229.1199951171875,229.77999877929688,224.22000122070312,229.52999877929688,218.85472106933594,33152100
2021-01-26,231.86000061035156,234.17999267578125,230.0800018310547,232.3300018310547,221.52450561523438,49169600
2021-01-27,238.0,240.44000244140625,230.13999938964844,232.89999389648438,222.06796264648438,69870600
2021-01-28,235.61000061035156,242.63999938964844,235.08999633789062,238.92999267578125,227.81753540039062,49111200
2021-01-29,235.99000549316406,238.02000427246094,231.35000610351562,231.9600067138672,221.1717071533203,42503100
2021-02-01,235.05999755859375,242.5,232.42999267578125,239.64999389648438,228.50401306152344,33314200
2021-02-02,241.3000030517578,242.30999755859375,238.69000244140625,239.50999450683594,228.37049865722656,25916300
2021-02-03,239.57000732421875,245.08999633789062,239.25999450683594,243.0,231.69822692871094,27158100
2021-02-04,242.66000366210938,243.24000549316406,240.3699951171875,242.00999450683594,230.75428771972656,25296100
2021-02-05,242.22999572753906,243.27999877929688,240.4199981689453,242.1999969482422,230.93539428710938,18054800
2021-02-08,243.14999389648438,243.67999267578125,240.80999755859375,242.47000122070312,231.19290161132812,22211900
2021-02-09,241.8699951171875,244.75999450683594,241.3800048828125,243.77000427246094,232.4324188232422,23565000
2021-02-10,245.0,245.9199981689453,240.88999938964844,242.82000732421875,231.526611328125,22186700
2021-02-11,244.77999877929688,245.14999389648438,242.14999389648438,244.49000549316406,233.11892700195312,15751100
2021-02-12,243.92999267578125,245.3000030517578,242.72999572753906,244.99000549316406,233.59568786621094,16561100
2021-02-16,245.02999877929688,246.1300048828125,242.9199981689453,243.6999969482422,232.36566162109375,26728500
2021-02-17,241.32000732421875,244.30999755859375,240.94000244140625,244.1999969482422,233.378662109375,21653500
2021-02-18,241.8000030517578,243.92999267578125,240.86000061035156,243.7899932861328,232.98684692382812,16925600
2021-02-19,243.75,243.86000061035156,240.17999267578125,240.97000122070312,230.29180908203125,25262600
2021-02-22,237.4199981689453,237.92999267578125,232.39999389648438,234.50999450683594,224.11810302734375,36446900
2021-02-23,230.3300018310547,234.8300018310547,228.72999572753906,233.27000427246094,222.93304443359375,30228700
2021-02-24,230.00999450683594,235.1999969482422,229.0,234.5500030517578,224.1563262939453,26339700
2021-02-25,232.0800018310547,234.58999633789062,227.8800048828125,228.99000549316406,218.84266662597656,39542200
2021-02-26,231.52999877929688,235.3699951171875,229.5399932861328,232.3800048828125,222.08248901367188,37819200
2021-03-01,235.89999389648438,237.47000122070312,233.14999389648438,236.94000244140625,226.44041442871094,25324000
2021-03-02,237.00999450683594,237.3000030517578,233.4499969482422,233.8699951171875,223.50643920898438,22812500
2021-03-03,232.16000366210938,233.5800018310547,227.25999450683594,227.55999755859375,217.47607421875,34029500
2021-03-04,226.74000549316406,232.49000549316406,224.25999450683594,226.72999572753906,216.682861328125,44727800
2021-03-05,229.52000427246094,233.27000427246094,226.4600067138672,231.60000610351562,221.3370361328125,41872800
2021-03-08,231.3699951171875,233.3699951171875,227.1300048828125,227.38999938964844,217.31358337402344,35267400
2021-03-09,232.8800048828125,235.3800048828125,231.6699981689453,233.77999877929688,223.4204559326172,33080500
2021-03-10,237.0,237.0,232.0399932861328,232.4199981689453,222.1206817626953,29746800
2021-03-11,234.9600067138672,239.1699981689453,234.30999755859375,237.1300048828125,226.6219940185547,29907600
2021-03-12,234.00999450683594,235.82000732421875,233.22999572753906,235.75,225.30316162109375,22653700
2021-03-15,234.9600067138672,235.19000244140625,231.80999755859375,234.80999755859375,224.40478515625,26034900
2021-03-16,236.27999877929688,240.05999755859375,235.94000244140625,237.7100067138672,227.17630004882812,28092200
2021-03-17,236.14999389648438,238.5500030517578,233.22999572753906,237.0399932861328,226.5360107421875,29562100
2021-03-18,232.55999755859375,234.19000244140625,230.3300018310547,230.72000122070312,220.49603271484375,34833000
2021-03-19,231.02000427246094,232.47000122070312,229.35000610351562,230.35000610351562,220.1424560546875,46430700
2021-03-22,230.27000427246094,236.89999389648438,230.13999938964844,235.99000549316406,225.5325164794922,30127000
2021-03-23,237.49000549316406,241.0500030517578,237.07000732421875,237.5800018310547,227.05203247070312,31638400
2021-03-24,237.85000610351562,238.0,235.32000732421875,235.4600067138672,225.0260467529297,25620100
2021-03-25,235.3000030517578,236.94000244140625,231.57000732421875,232.33999633789062,222.04425048828125,34061900
2021-03-26,231.5500030517578,236.7100067138672,231.5500030517578,236.47999572753906,226.0007781982422,25479900
2021-03-29,236.58999633789062,236.8000030517578,231.8800048828125,235.24000549316406,224.81578063964844,25227500
2021-03-30,233.52999877929688,233.85000610351562,231.10000610351562,231.85000610351562,221.57598876953125,24792000
2021-03-31,232.91000366210938,239.10000610351562,232.38999938964844,235.77000427246094,225.32228088378906,43623500
2021-04-01,238.47000122070312,242.83999633789062,238.0500030517578,242.35000610351562,231.61068725585938,30338000
2021-04-05,242.75999450683594,249.9600067138672,242.6999969482422,249.07000732421875,238.0328826904297,36910600
2021-04-06,247.61000061035156,249.39999389648438,246.8800048828125,247.86000061035156,236.87652587890625,22931900
2021-04-07,247.80999755859375,250.92999267578125,247.19000244140625,249.89999389648438,238.82608032226562,22719800
2021-04-08,252.77000427246094,254.13999938964844,252.0,253.25,242.02767944335938,23625200
2021-04-09,252.8699951171875,255.99000549316406,252.44000244140625,255.85000610351562,244.51246643066406,24326800
2021-04-12,254.7100067138672,257.6700134277344,254.6199951171875,255.91000366210938,244.56979370117188,27148700
2021-04-13,257.260009765625,259.19000244140625,256.8299865722656,258.489990234375,247.0354461669922,23837500
2021-04-14,257.4800109863281,258.8299865722656,255.16000366210938,255.58999633789062,244.2639617919922,23070900
2021-04-15,257.92999267578125,259.92999267578125,257.7300109863281,259.5,248.000732421875,25627500
2021-04-16,259.4700012207031,261.0,257.6000061035156,260.739990234375,249.18569946289062,24878600
2021-04-19,260.19000244140625,261.4800109863281,257.82000732421875,258.739990234375,247.2743377685547,23209300
2021-04-20,257.82000732421875,260.20001220703125,256.8399963378906,258.260009765625,246.81565856933594,19722900
2021-04-21,258.94000244140625,260.67999267578125,257.25,260.5799865722656,249.0328369140625,24030400
2021-04-22,260.2099914550781,261.7799987792969,255.63999938964844,257.1700134277344,245.77398681640625,25606200
2021-04-23,257.8800048828125,261.510009765625,257.2699890136719,261.1499938964844,249.57762145996094,21462600
2021-04-26,261.6600036621094,262.44000244140625,260.1700134277344,261.54998779296875,249.95982360839844,19763300
2021-04-27,261.5799865722656,263.19000244140625,260.1199951171875,261.9700012207031,250.36126708984375,31014200
2021-04-28,256.0799865722656,256.5400085449219,252.9499969482422,254.55999755859375,243.2795867919922,46903100
2021-04-29,255.4600067138672,256.1000061035156,249.0,252.50999450683594,241.32041931152344,40589000
2021-04-30,249.74000549316406,253.0800018310547,249.60000610351562,252.17999267578125,241.00506591796875,30945100
2021-05-03,253.39999389648438,254.35000610351562,251.1199951171875,251.86000061035156,240.69923400878906,19626600
2021-05-04,250.97000122070312,251.2100067138672,245.75999450683594,247.7899932861328,236.8095703125,32756100
2021-05-05,249.05999755859375,249.5,245.82000732421875,246.47000122070312,235.548095703125,21901300
2021-05-06,246.4499969482422,249.86000061035156,244.69000244140625,249.72999572753906,238.66358947753906,26491100
2021-05-07,252.14999389648438,254.3000030517578,251.1699981689453,252.4600067138672,241.27264404296875,27032900
2021-05-10,250.8699951171875,251.72999572753906,247.1199951171875,247.17999267578125,236.2266387939453,29299900
2021-05-11,244.5500030517578,246.60000610351562,242.57000732421875,246.22999572753906,235.3187255859375,33641600
2021-05-12,242.1699981689453,244.3800048828125,238.07000732421875,239.0,228.4091339111328,36684400
2021-05-13,241.8000030517578,245.60000610351562,241.4199981689453,243.02999877929688,232.26055908203125,29624300
2021-05-14,245.5800018310547,249.17999267578125,245.49000549316406,248.14999389648438,237.1536407470703,23901100
2021-05-17,246.5500030517578,246.58999633789062,243.52000427246094,245.17999267578125,234.3152618408203,24970200
2021-05-18,246.27000427246094,246.41000366210938,242.89999389648438,243.0800018310547,232.30833435058594,20168000
2021-05-19,239.30999755859375,243.22999572753906,238.60000610351562,243.1199951171875,232.883056640625,25739800
2021-05-20,243.9600067138672,247.9499969482422,243.86000061035156,246.47999572753906,236.10159301757812,21800700
2021-05-21,247.57000732421875,248.3300018310547,244.74000549316406,245.1699981689453,234.84674072265625,21863100
2021-05-24,247.7899932861328,251.16000366210938,247.50999450683594,250.77999877929688,240.22052001953125,21411500
2021-05-25,251.77000427246094,252.75,250.82000732421875,251.72000122070312,241.12094116210938,17704300
2021-05-26,251.42999267578125,252.94000244140625,250.75,251.49000549316406,240.90061950683594,17771600
2021-05-27,251.1699981689453,251.47999572753906,249.25,249.30999755859375,238.81239318847656,24426200
2021-05-28,251.0,252.0800018310547,249.55999755859375,249.67999267578125,239.16685485839844,18270200
2021-06-01,251.22999572753906,251.2899932861328,246.9600067138672,247.39999389648438,236.98284912109375,23213300
2021-06-02,248.1300048828125,249.27000427246094,245.83999633789062,247.3000030517578,236.8870391845703,19406700
2021-06-03,245.22000122070312,246.33999633789062,243.0,245.7100067138672,235.364013671875,25307700
2021-06-04,247.75999450683594,251.64999389648438,247.50999450683594,250.7899932861328,240.23008728027344,25281100
2021-06-07,249.97999572753906,254.08999633789062,249.80999755859375,253.80999755859375,243.1229705810547,23079200
2021-06-08,255.16000366210938,256.010009765625,252.50999450683594,252.57000732421875,241.93515014648438,22455000
2021-06-09,253.80999755859375,255.52999877929688,253.2100067138672,253.58999633789062,242.91217041015625,17937600
2021-06-10,254.2899932861328,257.4599914550781,253.6699981689453,257.239990234375,246.40850830078125,24563600
2021-06-11,257.989990234375,258.489990234375,256.6099853515625,257.8900146484375,247.03114318847656,18999700
2021-06-14,257.8999938964844,259.95001220703125,256.79998779296875,259.8900146484375,248.9469757080078,19150500
2021-06-15,259.7699890136719,259.989990234375,257.67999267578125,258.3599853515625,247.4813232421875,18038900
2021-06-16,259.3999938964844,260.5799865722656,254.4199981689453,257.3800048828125,246.54263305664062,27220000
2021-06-17,256.07000732421875,261.75,256.010009765625,260.8999938964844,249.9143829345703,27565500
2021-06-18,259.6300048828125,262.29998779296875,258.75,259.42999267578125,248.5063018798828,37202200
2021-06-21,259.82000732421875,263.5199890136719,257.9200134277344,262.6300048828125,251.5715789794922,26696100
2021-06-22,262.7200012207031,265.7900085449219,262.3999938964844,265.510009765625,254.3302764892578,24694100
2021-06-23,265.989990234375,266.8299865722656,264.42999267578125,265.2699890136719,254.1003875732422,19518700
2021-06-24,266.1600036621094,267.8500061035156,265.4700012207031,266.69000244140625,255.4606170654297,21446900
2021-06-25,266.2300109863281,267.25,264.760009765625,265.0199890136719,253.86087036132812,25611100
2021-06-28,266.19000244140625,268.8999938964844,265.9100036621094,268.7200012207031,257.4051513671875,19590000
2021-06-29,268.8699951171875,271.6499938964844,267.9800109863281,271.3999938964844,259.9722595214844,19937800
2021-06-30,270.69000244140625,271.3599853515625,269.6000061035156,270.8999938964844,259.49334716796875,21656500
2021-07-01,269.6099853515625,271.8399963378906,269.6000061035156,271.6000061035156,260.1638488769531,16725300
2021-07-02,272.82000732421875,278.0,272.5,277.6499938964844,265.95916748046875,26458000
2021-07-06,278.0299987792969,279.3699951171875,274.29998779296875,277.6600036621094,265.9687194824219,31565600
2021-07-07,279.3999938964844,280.69000244140625,277.1499938964844,279.92999267578125,268.14312744140625,23260000
2021-07-08,276.8999938964844,278.7300109863281,274.8699951171875,277.4200134277344,265.7388916015625,24618600
2021-07-09,275.7200012207031,278.04998779296875,275.32000732421875,277.94000244140625,266.2369689941406,23916700
2021-07-12,279.1600036621094,279.7699890136719,276.5799865722656,277.32000732421875,265.6429748535156,18931700
2021-07-13,277.5199890136719,282.8500061035156,277.3900146484375,280.9800109863281,269.1488342285156,26120100
2021-07-14,282.3500061035156,283.6600036621094,280.54998779296875,282.510009765625,270.61456298828125,23113700
2021-07-15,282.0,282.510009765625,279.8299865722656,281.0299987792969,269.19677734375,22604200
2021-07-16,282.07000732421875,284.1000061035156,279.4599914550781,280.75,268.9285888671875,26186800
2021-07-19,278.92999267578125,280.3699951171875,274.45001220703125,277.010009765625,265.3460388183594,32935600
2021-07-20,278.0299987792969,280.9700012207031,276.260009765625,279.32000732421875,267.55877685546875,26259700
2021-07-21,278.8999938964844,281.5199890136719,277.2900085449219,281.3999938964844,269.5511779785156,24364300
2021-07-22,283.8399963378906,286.4200134277344,283.4200134277344,286.1400146484375,274.0917053222656,23384100
2021-07-23,287.3699951171875,289.989990234375,286.5,289.6700134277344,277.4729919433594,22768100
2021-07-26,289.0,289.69000244140625,286.6400146484375,289.04998779296875,276.87908935546875,23176100
2021-07-27,289.42999267578125,289.5799865722656,282.95001220703125,286.5400085449219,274.47479248046875,33604100
2021-07-28,288.989990234375,290.1499938964844,283.8299865722656,286.2200012207031,274.16827392578125,33566900
2021-07-29,286.239990234375,288.6199951171875,286.0799865722656,286.5,274.4364929199219,18168300
2021-07-30,285.1700134277344,286.6600036621094,283.9100036621094,284.9100036621094,272.9134521484375,20944800
2021-08-02,286.3599853515625,286.7699890136719,283.739990234375,284.82000732421875,272.82720947265625,16267400
2021-08-03,285.4200134277344,287.2300109863281,284.0,287.1199951171875,275.0304260253906,17879000
2021-08-04,286.2200012207031,287.5899963378906,284.6499938964844,286.510009765625,274.4460144042969,16191300
2021-08-05,286.8800048828125,289.6300048828125,286.1000061035156,289.5199890136719,277.329345703125,13900200
2021-08-06,288.510009765625,289.5,287.6199951171875,289.4599914550781,277.2718505859375,16589300
2021-08-09,289.75,291.54998779296875,287.80999755859375,288.3299865722656,276.1893615722656,16117600
2021-08-10,288.79998779296875,289.25,285.20001220703125,286.44000244140625,274.3789978027344,18616600
2021-08-11,287.2099914550781,288.6600036621094,285.8599853515625,286.95001220703125,274.8675537109375,13955900
2021-08-12,286.6300048828125,289.9700012207031,286.3399963378906,289.80999755859375,277.6070861816406,14561300
2021-08-13,289.4800109863281,292.8999938964844,289.29998779296875,292.8500061035156,280.5191345214844,18249000
2021-08-16,293.19000244140625,294.82000732421875,290.0199890136719,294.6000061035156,282.1954040527344,22507600
2021-08-17,292.3900146484375,293.42999267578125,291.0799865722656,293.0799865722656,280.7394104003906,20075300
2021-08-18,292.0400085449219,294.82000732421875,290.2699890136719,290.7300109863281,279.0215148925781,21813000
2021-08-19,288.69000244140625,297.4700012207031,288.6400146484375,296.7699890136719,284.8182067871094,29850500
2021-08-20,299.7200012207031,305.8399963378906,298.05999755859375,304.3599853515625,292.1025390625,40817600
2021-08-23,303.25,305.3999938964844,301.8500061035156,304.6499938964844,292.3809509277344,22830200
2021-08-24,305.0199890136719,305.6499938964844,302.0,302.6199951171875,290.4327087402344,18175800
2021-08-25,304.29998779296875,304.5899963378906,300.4200134277344,302.010009765625,289.84722900390625,20006100
2021-08-26,300.989990234375,302.42999267578125,298.95001220703125,299.0899963378906,287.0448303222656,17666100
2021-08-27,298.989990234375,300.8699951171875,296.8299865722656,299.7200012207031,287.6495361328125,22605700
2021-08-30,301.1199951171875,304.2200012207031,301.05999755859375,303.5899963378906,291.3635559082031,16348100
2021-08-31,304.4200134277344,304.5,301.5,301.8800048828125,289.72247314453125,26285300
2021-09-01,302.8699951171875,305.19000244140625,301.489990234375,301.8299865722656,289.67449951171875,18983800
2021-09-02,302.20001220703125,303.3599853515625,300.17999267578125,301.1499938964844,289.02191162109375,16285600
2021-09-03,300.989990234375,302.6000061035156,300.260009765625,301.1400146484375,289.01226806640625,14747900
2021-09-07,301.010009765625,301.0899963378906,298.20001220703125,300.17999267578125,288.09088134765625,17180400
2021-09-08,299.7799987792969,300.6099853515625,297.4700012207031,300.2099914550781,288.1197814941406,15046800
2021-09-09,300.82000732421875,302.1400146484375,297.0,297.25,285.27886962890625,19927000
2021-09-10,298.4200134277344,299.9200134277344,295.3800048828125,295.7099914550781,283.80096435546875,19633400
2021-09-13,297.54998779296875,298.5400085449219,294.0799865722656,296.989990234375,285.0294189453125,23652900
2021-09-14,299.55999755859375,301.3900146484375,298.1000061035156,299.7900085449219,287.7166442871094,21853400
2021-09-15,303.260009765625,305.32000732421875,301.82000732421875,304.82000732421875,292.5440673828125,28356300
2021-09-16,303.760009765625,305.30999755859375,300.760009765625,305.2200012207031,292.9279479980469,19550800
2021-09-17,304.1700134277344,304.5,299.5299987792969,299.8699951171875,287.79345703125,41372500
2021-09-20,296.3299865722656,298.7200012207031,289.5199890136719,294.29998779296875,282.4477233886719,38278700
2021-09-21,295.69000244140625,297.5400085449219,294.07000732421875,294.79998779296875,282.92767333984375,22364100
2021-09-22,296.7300109863281,300.2200012207031,294.510009765625,298.5799865722656,286.5553894042969,26626300
2021-09-23,298.8500061035156,300.8999938964844,297.5299987792969,299.55999755859375,287.49591064453125,18604600
2021-09-24,298.2300109863281,299.79998779296875,296.92999267578125,299.3500061035156,287.2942810058594,14999000
2021-09-27,296.1400146484375,296.4700012207031,292.94000244140625,294.1700134277344,282.3230285644531,23571700
2021-09-28,289.79998779296875,290.7799987792969,282.75,283.5199890136719,272.101806640625,43186200
2021-09-29,285.1000061035156,286.7699890136719,283.010009765625,284.0,272.56256103515625,26353700
2021-09-30,285.7099914550781,287.8299865722656,281.6199951171875,281.9200134277344,270.56634521484375,32343600
2021-10-01,282.1199951171875,289.9800109863281,281.2900085449219,289.1000061035156,277.45721435546875,30086300
2021-10-04,287.3999938964844,287.75,280.25,283.1099853515625,271.70843505859375,31350700
2021-10-05,284.04998779296875,290.3999938964844,284.04998779296875,288.760009765625,277.13092041015625,24993000
2021-10-06,285.7799987792969,293.6300048828125,285.510009765625,293.1099853515625,281.3056640625,28002600
2021-10-07,295.17999267578125,296.6400146484375,293.9200134277344,294.8500061035156,282.9756164550781,20430500
2021-10-08,296.2200012207031,296.6400146484375,293.760009765625,294.8500061035156,282.9756164550781,17685700
2021-10-11,292.9200134277344,297.9700012207031,292.75,294.2300109863281,282.38055419921875,19298600
2021-10-12,295.3399963378906,295.44000244140625,292.3500061035156,292.8800048828125,281.08489990234375,17974100
2021-10-13,294.9100036621094,297.2799987792969,293.489990234375,296.30999755859375,284.3768005371094,23416300
2021-10-14,299.2099914550781,303.2699890136719,297.8299865722656,302.75,290.55743408203125,27262900
2021-10-15,302.3399963378906,304.45001220703125,300.5199890136719,304.2099914550781,291.9586486816406,25384800
2021-10-18,303.57000732421875,308.2099914550781,302.69000244140625,307.2900085449219,294.9145812988281,22729300
2021-10-19,308.3500061035156,309.29998779296875,307.2200012207031,308.2300109863281,295.8167724609375,17682100
2021-10-20,309.2099914550781,309.70001220703125,306.1099853515625,307.4100036621094,295.02978515625,16537100
2021-10-21,307.1700134277344,311.0199890136719,306.3599853515625,310.760009765625,298.244873046875,16918100
2021-10-22,310.3999938964844,311.0899963378906,307.79998779296875,309.1600036621094,296.7093200683594,17449300
2021-10-25,309.3599853515625,309.3999938964844,306.4599914550781,308.1300048828125,295.7207336425781,17554500
2021-10-26,311.0,312.3999938964844,308.6000061035156,310.1099853515625,297.62103271484375,28107300
2021-10-27,316.0,326.1000061035156,316.0,323.1700134277344,310.1550598144531,52588700
2021-10-28,324.3299865722656,324.8699951171875,321.3599853515625,324.3500061035156,311.28753662109375,26297900
2021-10-29,324.1300048828125,332.0,323.8999938964844,331.6199951171875,318.2647399902344,34766000
2021-11-01,331.3599853515625,331.489990234375,326.3699951171875,329.3699951171875,316.1053771972656,27073200
2021-11-02,330.30999755859375,333.45001220703125,330.0,333.1300048828125,319.71392822265625,26487100
2021-11-03,333.8999938964844,334.8999938964844,330.6499938964844,334.0,320.5489196777344,21500100
2021-11-04,332.8900146484375,336.5400085449219,329.510009765625,336.44000244140625,322.8906555175781,23992200
2021-11-05,338.510009765625,338.7900085449219,334.4200134277344,336.05999755859375,322.5259704589844,22570100
2021-11-08,337.29998779296875,337.6499938964844,334.44000244140625,336.989990234375,323.41851806640625,20897000
2021-11-09,337.1099853515625,338.7200012207031,334.5299987792969,335.95001220703125,322.42034912109375,21307400
2021-11-10,334.57000732421875,334.6300048828125,329.9200134277344,330.79998779296875,317.477783203125,25500900
2021-11-11,331.25,333.7699890136719,330.510009765625,332.42999267578125,319.0421142578125,16849800
2021-11-12,333.9200134277344,337.2300109863281,333.7900085449219,336.7200012207031,323.1593933105469,23831000
2021-11-15,337.5400085449219,337.8800048828125,334.0299987792969,336.07000732421875,322.5355224609375,16723000
2021-11-16,335.67999267578125,340.6700134277344,335.510009765625,339.510009765625,325.8370361328125,20886800
2021-11-17,338.94000244140625,342.19000244140625,338.0,339.1199951171875,326.05816650390625,19053400
2021-11-18,338.17999267578125,342.45001220703125,337.1199951171875,341.2699890136719,328.1253356933594,22463500
2021-11-19,342.6400146484375,345.1000061035156,342.20001220703125,343.1099853515625,329.8945007324219,21963400
2021-11-22,344.6199951171875,349.6700134277344,339.54998779296875,339.8299865722656,326.74072265625,31031100
2021-11-23,337.04998779296875,339.45001220703125,333.55999755859375,337.67999267578125,324.673583984375,30427600
2021-11-24,336.2799987792969,338.1600036621094,333.9100036621094,337.9100036621094,324.89471435546875,21661300
2021-11-26,334.3500061035156,337.92999267578125,328.1199951171875,329.67999267578125,316.981689453125,24217200
2021-11-29,334.94000244140625,339.0299987792969,334.739990234375,336.6300048828125,323.66400146484375,28563500
2021-11-30,335.32000732421875,337.7799987792969,328.989990234375,330.5899963378906,317.856689453125,42885600
2021-12-01,335.1300048828125,339.2799987792969,329.3900146484375,330.0799865722656,317.3663330078125,33337600
2021-12-02,330.29998779296875,333.489990234375,327.79998779296875,329.489990234375,316.7990417480469,30766000
2021-12-03,331.989990234375,332.70001220703125,318.0299987792969,323.010009765625,310.5686340332031,41779300
2021-12-06,323.95001220703125,327.45001220703125,319.2300109863281,326.19000244140625,313.6261901855469,30032600
2021-12-07,331.6400146484375,335.79998779296875,330.1000061035156,334.9200134277344,322.0199279785156,31021900
2021-12-08,335.30999755859375,335.5,330.79998779296875,334.9700012207031,322.0679931640625,24761000
2021-12-09,334.4100036621094,336.489990234375,332.1199951171875,333.1000061035156,320.27001953125,22214200
2021-12-10,334.9800109863281,343.0,334.7900085449219,342.5400085449219,329.3464050292969,38095700
2021-12-13,340.67999267578125,343.7900085449219,339.0799865722656,339.3999938964844,326.327392578125,28899400
2021-12-14,333.2200012207031,334.6400146484375,324.1099853515625,328.3399963378906,315.6933898925781,44438700
2021-12-15,328.6099853515625,335.19000244140625,324.5,334.6499938964844,321.76031494140625,35381100
2021-12-16,335.7099914550781,336.760009765625,323.0199890136719,324.8999938964844,312.3858642578125,35034800
2021-12-17,320.8800048828125,324.9200134277344,317.25,323.79998779296875,311.32818603515625,47750300
2021-12-20,320.04998779296875,322.79998779296875,317.57000732421875,319.9100036621094,307.58795166015625,28326500
2021-12-21,323.2900085449219,327.7300109863281,319.79998779296875,327.2900085449219,314.68377685546875,24740600
2021-12-22,328.29998779296875,333.6099853515625,325.75,333.20001220703125,320.3661804199219,24831500
2021-12-23,332.75,336.3900146484375,332.7300109863281,334.69000244140625,321.798828125,19617800
2021-12-27,335.4599914550781,342.4800109863281,335.42999267578125,342.45001220703125,329.2598876953125,19947000
2021-12-28,343.1499938964844,343.80999755859375,340.32000732421875,341.25,328.1061096191406,15661500
2021-12-29,341.29998779296875,344.29998779296875,339.67999267578125,341.95001220703125,328.77923583984375,15042000
2021-12-30,341.9100036621094,343.1300048828125,338.82000732421875,339.32000732421875,326.25042724609375,15994500
2021-12-31,338.510009765625,339.3599853515625,335.8500061035156,336.32000732421875,323.3659362792969,18000800
2022-01-03,335.3500061035156,338.0,329.7799987792969,334.75,321.8564758300781,28865100
2022-01-04,334.8299865722656,335.20001220703125,326.1199951171875,329.010009765625,316.33758544921875,32674300
2022-01-05,325.8599853515625,326.07000732421875,315.9800109863281,316.3800048828125,304.1940002441406,40054300
2022-01-06,313.1499938964844,318.70001220703125,311.489990234375,313.8800048828125,301.7903137207031,39646100
2022-01-07,314.1499938964844,316.5,310.0899963378906,314.0400085449219,301.9440612792969,32720000
2022-01-10,309.489990234375,314.7200012207031,304.69000244140625,314.2699890136719,302.1652526855469,44289500
2022-01-11,313.3800048828125,316.6099853515625,309.8900146484375,314.9800109863281,302.84796142578125,29386800
2022-01-12,319.6700134277344,323.4100036621094,317.0799865722656,318.2699890136719,306.0112609863281,34372200
2022-01-13,320.4700012207031,320.8800048828125,304.0,304.79998779296875,293.05999755859375,45366000
2022-01-14,304.25,310.82000732421875,303.75,310.20001220703125,298.25201416015625,39846400
2022-01-18,304.07000732421875,309.79998779296875,301.739990234375,302.6499938964844,290.99285888671875,42333200
2022-01-19,306.2900085449219,313.9100036621094,302.70001220703125,303.3299865722656,291.6466064453125,45933900
2022-01-20,309.07000732421875,311.6499938964844,301.1400146484375,301.6000061035156,289.9833068847656,35380700
2022-01-21,302.69000244140625,304.1099853515625,295.6099853515625,296.0299987792969,284.6279296875,57984400
2022-01-24,292.20001220703125,297.1099853515625,276.04998779296875,296.3699951171875,284.95477294921875,85731500
2022-01-25,291.5199890136719,294.989990234375,285.1700134277344,288.489990234375,277.3783264160156,72848600
2022-01-26,307.989990234375,308.5,293.0299987792969,296.7099914550781,285.2815856933594,90428900
2022-01-27,302.6600036621094,307.29998779296875,297.92999267578125,299.8399963378906,288.2911071777344,53481300
2022-01-28,300.2300109863281,308.4800109863281,294.45001220703125,308.260009765625,296.38677978515625,49743700
2022-01-31,308.95001220703125,312.3800048828125,306.3699951171875,310.9800109863281,299.0020446777344,46444500
2022-02-01,310.4100036621094,310.6300048828125,305.1300048828125,308.760009765625,296.8675842285156,40950400
2022-02-02,309.6300048828125,315.1199951171875,308.8800048828125,313.4599914550781,301.3864440917969,36636000
2022-02-03,309.489990234375,311.2300109863281,299.9599914550781,301.25,289.64678955078125,43730000
2022-02-04,300.2099914550781,308.79998779296875,299.9700012207031,305.94000244140625,294.1561279296875,35096500
2022-02-07,306.1700134277344,307.8399963378906,299.8999938964844,300.95001220703125,289.35833740234375,28533300
2022-02-08,301.25,305.55999755859375,299.95001220703125,304.55999755859375,292.8293151855469,32421200
2022-02-09,309.8699951171875,311.92999267578125,307.3900146484375,311.2099914550781,299.22314453125,31284700
2022-02-10,304.0400085449219,309.1199951171875,300.70001220703125,302.3800048828125,290.7332763671875,45386200
2022-02-11,303.19000244140625,304.2900085449219,294.2200012207031,295.0400085449219,283.6759948730469,39175600
2022-02-14,293.7699890136719,296.760009765625,291.3500061035156,295.0,283.637451171875,36359500
2022-02-15,300.010009765625,300.79998779296875,297.0199890136719,300.4700012207031,288.8967590332031,27058300
2022-02-16,298.3699951171875,300.8699951171875,293.67999267578125,299.5,288.5596008300781,29982100
2022-02-17,296.3599853515625,296.79998779296875,290.0,290.7300109863281,280.10992431640625,32461600
2022-02-18,293.04998779296875,293.8599853515625,286.30999755859375,287.92999267578125,277.4123229980469,34264000
2022-02-22,285.0,291.5400085449219,284.5,287.7200012207031,277.2099304199219,41736100
2022-02-23,290.17999267578125,291.70001220703125,280.1000061035156,280.2699890136719,270.0321044921875,37811200
2022-02-24,272.510009765625,295.1600036621094,271.5199890136719,294.5899963378906,283.8290100097656,56989700
2022-02-25,295.1400146484375,297.6300048828125,291.6499938964844,297.30999755859375,286.44964599609375,32546700
2022-02-28,294.30999755859375,299.1400146484375,293.0,298.7900085449219,287.87548828125,34627500
2022-03-01,296.3999938964844,299.9700012207031,292.1499938964844,294.95001220703125,284.17584228515625,31217800
2022-03-02,295.3599853515625,301.4700012207031,293.70001220703125,300.19000244140625,289.2244567871094,31873000
2022-03-03,302.8900146484375,303.1300048828125,294.04998779296875,295.9200134277344,285.1103820800781,27314500
2022-03-04,294.2900085449219,295.6600036621094,287.1700134277344,289.8599853515625,279.2717590332031,32356500
2022-03-07,288.5299987792969,289.69000244140625,278.5299987792969,278.9100036621094,268.7217102050781,43157200
2022-03-08,277.79998779296875,283.9599914550781,270.0,275.8500061035156,265.7735595703125,48159500
2022-03-09,283.44000244140625,289.6000061035156,280.7799987792969,288.5,277.96142578125,35204500
2022-03-10,283.0199890136719,286.6000061035156,280.5799865722656,285.5899963378906,275.15771484375,30628000
2022-03-11,287.9599914550781,289.510009765625,279.42999267578125,280.07000732421875,269.8393859863281,27209300
2022-03-14,280.3399963378906,285.3999938964844,275.82000732421875,276.44000244140625,266.342041015625,30660700
2022-03-15,280.3500061035156,287.82000732421875,278.7300109863281,287.1499938964844,276.6607666015625,34245100
2022-03-16,289.1099853515625,294.57000732421875,283.20001220703125,294.3900146484375,283.63629150390625,37826300
2022-03-17,293.2900085449219,295.6099853515625,289.3699951171875,295.2200012207031,284.43603515625,30816600
2022-03-18,295.3699951171875,301.0,292.7300109863281,300.42999267578125,289.4556884765625,43390600
2022-03-21,298.8900146484375,300.1400146484375,294.8999938964844,299.1600036621094,288.2320556640625,28351200
2022-03-22,299.79998779296875,305.0,298.7699890136719,304.05999755859375,292.953125,27599700
2022-03-23,300.510009765625,303.2300109863281,297.7200012207031,299.489990234375,288.5500793457031,25715400
2022-03-24,299.1400146484375,304.20001220703125,298.32000732421875,304.1000061035156,292.9915771484375,24484500
2022-03-25,305.2300109863281,305.5,299.2900085449219,303.67999267578125,292.5868835449219,22566500
2022-03-28,304.3299865722656,310.79998779296875,304.3299865722656,310.70001220703125,299.35052490234375,29578200
2022-03-29,313.9100036621094,315.82000732421875,309.04998779296875,315.4100036621094,303.8884582519531,30393400
2022-03-30,313.760009765625,315.95001220703125,311.5799865722656,313.8599853515625,302.39501953125,28163600
2022-03-31,313.8999938964844,315.1400146484375,307.8900146484375,308.30999755859375,297.0478210449219,33422100
2022-04-01,309.3699951171875,310.1300048828125,305.5400085449219,309.4200134277344,298.1172790527344,27110500
2022-04-04,310.0899963378906,315.1099853515625,309.7099914550781,314.9700012207031,303.4644775390625,24289600
2022-04-05,313.2699890136719,314.8699951171875,309.8699951171875,310.8800048828125,299.52398681640625,23156700
2022-04-06,305.19000244140625,307.0,296.7099914550781,299.5,288.5596008300781,40110400
2022-04-07,296.6600036621094,303.6499938964844,296.3500061035156,301.3699951171875,290.3612976074219,31411200
2022-04-08,300.44000244140625,301.1199951171875,296.2799987792969,296.9700012207031,286.1221008300781,24361900
2022-04-11,291.7900085449219,292.6099853515625,285.0,285.260009765625,274.83984375,34569300
2022-04-12,289.239990234375,290.739990234375,280.489990234375,282.05999755859375,271.7566833496094,30966700
2022-04-13,282.7300109863281,288.5799865722656,281.29998779296875,287.6199951171875,277.113525390625,21907200
2022-04-14,288.0899963378906,288.30999755859375,279.32000732421875,279.8299865722656,269.60809326171875,28221600
2022-04-18,278.9100036621094,282.4599914550781,278.3399963378906,280.5199890136719,270.27294921875,20778000
2022-04-19,279.3800048828125,286.1700134277344,278.4100036621094,285.29998779296875,274.8782958984375,22297700
2022-04-20,289.3999938964844,289.70001220703125,285.3699951171875,286.3599853515625,275.8996276855469,22906700
2022-04-21,288.5799865722656,293.29998779296875,280.05999755859375,280.80999755859375,270.5522766113281,29454600
2022-04-22,281.67999267578125,283.20001220703125,273.3800048828125,274.0299987792969,264.02001953125,29405800
2022-04-25,273.2900085449219,281.1099853515625,270.7699890136719,280.7200012207031,270.46563720703125,35678900
2022-04-26,277.5,278.3599853515625,270.0,270.2200012207031,260.3491516113281,46518400
2022-04-27,282.1000061035156,290.9700012207031,279.1600036621094,283.2200012207031,272.8743896484375,63477700
2022-04-28,285.19000244140625,290.9800109863281,281.4599914550781,289.6300048828125,279.0501708984375,33646600
2022-04-29,288.6099853515625,289.8800048828125,276.5,277.5199890136719,267.3825378417969,37073900
2022-05-02,277.7099914550781,284.94000244140625,276.2200012207031,284.4700012207031,274.07861328125,35151100
2022-05-03,283.9599914550781,284.1300048828125,280.1499938964844,281.7799987792969,271.4869079589844,25978600
2022-05-04,282.5899963378906,290.8800048828125,276.7300109863281,289.9800109863281,279.3873596191406,33599300
2022-05-05,285.5400085449219,286.3500061035156,274.3399963378906,277.3500061035156,267.2187194824219,43260400
2022-05-06,274.80999755859375,279.25,271.2699890136719,274.7300109863281,264.6944274902344,37780300
2022-05-09,270.05999755859375,272.3599853515625,263.32000732421875,264.5799865722656,254.91514587402344,47726000
2022-05-10,271.69000244140625,273.75,265.07000732421875,269.5,259.65545654296875,39336400
2022-05-11,265.67999267578125,271.3599853515625,259.29998779296875,260.54998779296875,251.0323944091797,48975900
2022-05-12,257.69000244140625,259.8800048828125,250.02000427246094,255.35000610351562,246.02235412597656,51033800
2022-05-13,257.3500061035156,263.0400085449219,255.35000610351562,261.1199951171875,251.5815887451172,34925100
2022-05-16,259.9599914550781,265.82000732421875,255.77999877929688,261.5,251.94776916503906,32550900
2022-05-17,266.1099853515625,268.3299865722656,262.4599914550781,266.82000732421875,257.0733642578125,28828800
2022-05-18,263.0,263.6000061035156,252.77000427246094,254.0800018310547,245.368896484375,31356000
2022-05-19,253.89999389648438,257.6700134277344,251.8800048828125,253.13999938964844,244.46115112304688,32692300
2022-05-20,257.239990234375,258.5400085449219,246.44000244140625,252.55999755859375,243.90101623535156,39199300
2022-05-23,255.49000549316406,261.5,253.42999267578125,260.6499938964844,251.7136688232422,33175400
2022-05-24,257.8900146484375,261.3299865722656,253.5,259.6199951171875,250.71897888183594,29043900
2022-05-25,258.1400146484375,264.5799865722656,257.1300048828125,262.5199890136719,253.5195770263672,28547900
2022-05-26,262.2699890136719,267.1099853515625,261.42999267578125,265.8999938964844,256.78369140625,25002100
2022-05-27,268.4800109863281,273.3399963378906,267.55999755859375,273.239990234375,263.8719787597656,26910800
2022-05-31,272.5299987792969,274.7699890136719,268.92999267578125,271.8699951171875,262.5489807128906,37827700
2022-06-01,275.20001220703125,277.69000244140625,270.0400085449219,272.4200134277344,263.0801086425781,25292200
2022-06-02,264.45001220703125,274.6499938964844,261.6000061035156,274.5799865722656,265.166015625,44008200
2022-06-03,270.30999755859375,273.45001220703125,268.4100036621094,270.0199890136719,260.7623596191406,28059000
2022-06-06,272.05999755859375,274.17999267578125,267.2200012207031,268.75,259.5360107421875,22400300
2022-06-07,266.6400146484375,273.1300048828125,265.94000244140625,272.5,263.15740966796875,22860700
2022-06-08,271.7099914550781,273.0,269.6099853515625,270.4100036621094,261.1390686035156,17372300
2022-06-09,267.7799987792969,272.7099914550781,264.6300048828125,264.7900085449219,255.71176147460938,26439700
2022-06-10,260.5799865722656,260.5799865722656,252.52999877929688,252.99000549316406,244.31631469726562,31422800
2022-06-13,245.11000061035156,249.02000427246094,241.52999877929688,242.25999450683594,233.95413208007812,46135800
2022-06-14,243.86000061035156,245.74000549316406,241.50999450683594,244.49000549316406,236.10768127441406,28651500
2022-06-15,248.30999755859375,255.3000030517578,246.4199981689453,251.75999450683594,243.12847900390625,33111700
2022-06-16,245.97999572753906,247.4199981689453,243.02000427246094,244.97000122070312,236.57125854492188,33169200
2022-06-17,244.6999969482422,250.5,244.02999877929688,247.64999389648438,239.1593780517578,43084800
2022-06-21,250.25999450683594,254.75,249.50999450683594,253.74000549316406,245.0406036376953,29928300
2022-06-22,251.88999938964844,257.1700134277344,250.3699951171875,253.1300048828125,244.45150756835938,25939900
2022-06-23,255.57000732421875,259.3699951171875,253.6300048828125,258.8599853515625,249.9849853515625,25861400
2022-06-24,261.80999755859375,267.9800109863281,261.7200012207031,267.70001220703125,258.5219421386719,33923200
2022-06-27,268.2099914550781,268.29998779296875,263.2799987792969,264.8900146484375,255.80833435058594,24615100
2022-06-28,263.9800109863281,266.9100036621094,256.32000732421875,256.4800109863281,247.6866455078125,27295500
2022-06-29,257.5899963378906,261.9700012207031,255.75999450683594,260.260009765625,251.3370361328125,20069800
2022-06-30,257.04998779296875,259.5299987792969,252.89999389648438,256.8299865722656,248.0246124267578,31730900
2022-07-01,256.3900146484375,259.7699890136719,254.61000061035156,259.5799865722656,250.68032836914062,22837700
2022-07-05,256.1600036621094,262.9800109863281,254.74000549316406,262.8500061035156,253.83827209472656,22941000
2022-07-06,263.75,267.989990234375,262.3999938964844,266.2099914550781,257.08306884765625,23824400
2022-07-07,265.1199951171875,269.05999755859375,265.0199890136719,268.3999938964844,259.1979064941406,20859900
2022-07-08,264.7900085449219,268.1000061035156,263.2900085449219,267.6600036621094,258.48333740234375,19658800
2022-07-11,265.6499938964844,266.5299987792969,262.17999267578125,264.510009765625,255.44129943847656,19455200
2022-07-12,265.8800048828125,265.94000244140625,252.0399932861328,253.6699981689453,244.97299194335938,35868500
2022-07-13,250.19000244140625,253.5500030517578,248.11000061035156,252.72000122070312,244.05557250976562,29497400
2022-07-14,250.57000732421875,255.13999938964844,245.94000244140625,254.0800018310547,245.368896484375,25102800
2022-07-15,255.72000122070312,260.3699951171875,254.77000427246094,256.7200012207031,247.9183807373047,29774100
2022-07-18,259.75,260.8399963378906,253.3000030517578,254.25,245.5330810546875,20975000
2022-07-19,257.5799865722656,259.7200012207031,253.67999267578125,259.5299987792969,250.6320037841797,25012600
2022-07-20,259.8999938964844,264.8699951171875,258.9100036621094,262.2699890136719,253.27809143066406,22788300
2022-07-21,259.7900085449219,264.8900146484375,257.0299987792969,264.8399963378906,255.760009765625,22404700
2022-07-22,265.239990234375,265.3299865722656,259.07000732421875,260.3599853515625,251.43360900878906,21881300
2022-07-25,261.0,261.5,256.80999755859375,258.8299865722656,249.9560546875,21056000
2022-07-26,259.8599853515625,259.8800048828125,249.57000732421875,251.89999389648438,243.2636260986328,39348000
2022-07-27,261.1600036621094,270.04998779296875,258.8500061035156,268.739990234375,259.5262756347656,45994000
2022-07-28,269.75,277.8399963378906,267.8699951171875,276.4100036621094,266.933349609375,33459300
2022-07-29,277.70001220703125,282.0,276.6300048828125,280.739990234375,271.1148681640625,32152800
2022-08-01,277.82000732421875,281.2799987792969,275.8399963378906,278.010009765625,268.478515625,21539600
2022-08-02,276.0,277.8900146484375,272.3800048828125,274.82000732421875,265.3978271484375,22754200
2022-08-03,276.760009765625,283.5,276.6099853515625,282.4700012207031,272.7856140136719,23518900
2022-08-04,281.79998779296875,283.79998779296875,280.1700134277344,283.6499938964844,273.9251708984375,18098700
2022-08-05,279.1499938964844,283.6499938964844,278.67999267578125,282.9100036621094,273.2104797363281,16774600
2022-08-08,284.04998779296875,285.9200134277344,279.32000732421875,280.32000732421875,270.70928955078125,18739200
2022-08-09,279.6400146484375,283.0799865722656,277.6099853515625,282.29998779296875,272.62127685546875,23405200
2022-08-10,288.1700134277344,289.80999755859375,286.94000244140625,289.1600036621094,279.2461853027344,24687800
2022-08-11,290.8500061035156,291.2099914550781,286.510009765625,287.0199890136719,277.1795654296875,20065900
2022-08-12,288.4800109863281,291.9100036621094,286.94000244140625,291.9100036621094,281.9019775390625,22619700
2022-08-15,291.0,294.17999267578125,290.1099853515625,293.4700012207031,283.4084777832031,18085700
2022-08-16,291.989990234375,294.0400085449219,290.4200134277344,292.7099914550781,282.6745300292969,18102900
2022-08-17,289.739990234375,293.3500061035156,289.4700012207031,291.32000732421875,281.9293518066406,18253400
2022-08-18,290.19000244140625,291.9100036621094,289.0799865722656,290.1700134277344,280.81640625,17186200
2022-08-19,288.8999938964844,289.25,285.55999755859375,286.1499938964844,276.9259338378906,20570000
2022-08-22,282.0799865722656,282.4599914550781,277.2200012207031,277.75,268.7967529296875,25061100
2022-08-23,276.44000244140625,278.8599853515625,275.3999938964844,276.44000244140625,267.5290222167969,17527400
2022-08-24,275.4100036621094,277.2300109863281,275.1099853515625,275.7900085449219,266.89990234375,18137000
2022-08-25,277.3299865722656,279.0199890136719,274.5199890136719,278.8500061035156,269.86126708984375,16583400
2022-08-26,279.0799865722656,280.3399963378906,267.9800109863281,268.0899963378906,259.4481201171875,27549300
2022-08-29,265.8500061035156,267.3999938964844,263.8500061035156,265.2300109863281,256.68035888671875,20338500
2022-08-30,266.6700134277344,267.04998779296875,260.6600036621094,262.9700012207031,254.4931640625,22767100
2022-08-31,265.3900146484375,267.1099853515625,261.3299865722656,261.4700012207031,253.04151916503906,24791800
2022-09-01,258.8699951171875,260.8900146484375,255.41000366210938,260.3999938964844,252.00599670410156,23263400
2022-09-02,261.70001220703125,264.739990234375,254.47000122070312,256.05999755859375,247.80587768554688,22855400
2022-09-06,256.20001220703125,257.8299865722656,251.94000244140625,253.25,245.0865020751953,21328200
2022-09-07,254.6999969482422,258.8299865722656,253.22000122070312,258.0899963378906,249.77049255371094,24126700
2022-09-08,257.510009765625,260.42999267578125,254.7899932861328,258.5199890136719,250.18663024902344,20319900
2022-09-09,260.5,265.2300109863281,260.2900085449219,264.4599914550781,255.93516540527344,22084700
2022-09-12,265.7799987792969,267.45001220703125,265.1600036621094,266.6499938964844,258.0545349121094,18747700
2022-09-13,258.8399963378906,260.3999938964844,251.58999633789062,251.99000549316406,243.86712646484375,33353300
2022-09-14,253.52999877929688,254.22999572753906,249.86000061035156,252.22000122070312,244.08969116210938,23913000
2022-09-15,249.77000427246094,251.39999389648438,244.02000427246094,245.3800048828125,237.47021484375,31530900
2022-09-16,244.25999450683594,245.3000030517578,242.05999755859375,244.74000549316406,236.85079956054688,39791800
2022-09-19,242.47000122070312,245.13999938964844,240.85000610351562,244.52000427246094,236.63792419433594,26826900
2022-09-20,242.07000732421875,243.50999450683594,239.63999938964844,242.4499969482422,234.6345977783203,26660300
2022-09-21,244.27000427246094,247.66000366210938,238.89999389648438,238.9499969482422,231.24745178222656,28625600
2022-09-22,237.8699951171875,243.86000061035156,237.57000732421875,240.97999572753906,233.2119903564453,31061200
2022-09-23,239.5399932861328,241.1300048828125,235.1999969482422,237.9199981689453,230.2506561279297,34176000
2022-09-26,237.0500030517578,241.4499969482422,236.89999389648438,237.4499969482422,229.79580688476562,27694200
2022-09-27,239.97999572753906,241.8000030517578,234.5,236.41000366210938,228.789306640625,27018700
2022-09-28,236.80999755859375,242.3300018310547,234.72999572753906,241.07000732421875,233.2991485595703,29029700
2022-09-29,238.88999938964844,239.9499969482422,234.41000366210938,237.5,229.8441925048828,27484200
2022-09-30,238.2899932861328,240.5399932861328,232.72999572753906,232.89999389648438,225.3924560546875,35694800
2022-10-03,235.41000366210938,241.61000061035156,234.66000366210938,240.74000549316406,232.97975158691406,28880400
2022-10-04,245.08999633789062,250.36000061035156,244.97999572753906,248.8800048828125,240.85736083984375,34888400
2022-10-05,245.99000549316406,250.5800018310547,244.10000610351562,249.1999969482422,241.1670684814453,20347100
2022-10-06,247.92999267578125,250.33999633789062,246.0800018310547,246.7899932861328,238.83470153808594,20239900
2022-10-07,240.89999389648438,241.32000732421875,233.1699981689453,234.24000549316406,226.68927001953125,37769600
2022-10-10,233.0500030517578,234.55999755859375,226.72999572753906,229.25,221.86013793945312,29743600
2022-10-11,227.6199951171875,229.05999755859375,224.11000061035156,225.41000366210938,218.1439208984375,30474000
2022-10-12,225.39999389648438,227.86000061035156,223.9600067138672,225.75,218.47296142578125,21903900
2022-10-13,219.85000610351562,236.10000610351562,219.1300048828125,234.24000549316406,226.68927001953125,42551800
2022-10-14,235.5399932861328,237.24000549316406,228.33999633789062,228.55999755859375,221.19235229492188,30198600
2022-10-17,235.82000732421875,238.9600067138672,235.13999938964844,237.52999877929688,229.87322998046875,28142300
2022-10-18,243.24000549316406,243.92999267578125,235.3699951171875,238.5,230.81198120117188,26329600
2022-10-19,237.0399932861328,239.61000061035156,234.2899932861328,236.47999572753906,228.85704040527344,19985700
2022-10-20,235.77000427246094,241.30999755859375,234.8699951171875,236.14999389648438,228.5377197265625,21811000
2022-10-21,234.74000549316406,243.0,234.5,242.1199951171875,234.31527709960938,26299700
2022-10-24,243.75999450683594,247.83999633789062,241.3000030517578,247.25,239.2799072265625,24911200
2022-10-25,247.25999450683594,251.0399932861328,245.8300018310547,250.66000366210938,242.5800018310547,34775500
2022-10-26,231.1699981689453,238.3000030517578,230.05999755859375,231.32000732421875,223.86343383789062,82543200
2022-10-27,231.0399932861328,233.69000244140625,225.77999877929688,226.75,219.440673828125,40424600
2022-10-28,226.24000549316406,236.60000610351562,226.0500030517578,235.8699951171875,228.2667236328125,40647700
2022-10-31,233.75999450683594,234.9199981689453,231.14999389648438,232.1300048828125,224.6472930908203,28357300
2022-11-01,234.60000610351562,235.74000549316406,227.3300018310547,228.1699981689453,220.81494140625,30592300
2022-11-02,229.4600067138672,231.3000030517578,220.0399932861328,220.10000610351562,213.00509643554688,38407000
2022-11-03,220.08999633789062,220.41000366210938,213.97999572753906,214.25,207.3436737060547,36633900
2022-11-04,217.5500030517578,221.58999633789062,213.42999267578125,221.38999938964844,214.2534942626953,36789100
2022-11-07,221.99000549316406,228.41000366210938,221.27999877929688,227.8699951171875,220.5246124267578,33498000
2022-11-08,228.6999969482422,231.64999389648438,225.83999633789062,228.8699951171875,221.4923858642578,28192500
2022-11-09,227.3699951171875,228.6300048828125,224.3300018310547,224.50999450683594,217.27291870117188,27852900
2022-11-10,235.42999267578125,243.3300018310547,235.0,242.97999572753906,235.1475372314453,46268000
2022-11-11,242.99000549316406,247.99000549316406,241.92999267578125,247.11000061035156,239.14442443847656,34620200
2022-11-14,241.99000549316406,243.91000366210938,239.2100067138672,241.5500030517578,233.76364135742188,31123300
2022-11-15,245.66000366210938,247.0,240.02999877929688,241.97000122070312,234.17010498046875,31390100
2022-11-16,242.7899932861328,243.8000030517578,240.4199981689453,241.72999572753906,234.59710693359375,24093300
2022-11-17,237.77999877929688,243.25,237.6300048828125,241.67999267578125,234.54861450195312,23123500
2022-11-18,243.50999450683594,243.74000549316406,239.02999877929688,241.22000122070312,234.1021728515625,27613500
2022-11-21,241.42999267578125,244.6699981689453,241.19000244140625,242.0500030517578,234.90768432617188,26394700
2022-11-22,243.58999633789062,245.30999755859375,240.7100067138672,245.02999877929688,237.7997283935547,19665700
2022-11-23,245.11000061035156,248.27999877929688,244.27000427246094,247.5800018310547,240.27455139160156,19508500
2022-11-25,247.30999755859375,248.6999969482422,246.72999572753906,247.49000549316406,240.18711853027344,9200800
2022-11-28,246.0800018310547,246.64999389648438,240.8000030517578,241.75999450683594,234.62620544433594,24778200
2022-11-29,241.39999389648438,242.7899932861328,238.2100067138672,240.3300018310547,233.23843383789062,17956300
2022-11-30,240.57000732421875,255.3300018310547,239.86000061035156,255.13999938964844,247.61141967773438,47594200
2022-12-01,253.8699951171875,256.1199951171875,250.9199981689453,254.69000244140625,247.17466735839844,26041500
2022-12-02,249.82000732421875,256.05999755859375,249.69000244140625,255.02000427246094,247.49496459960938,21528500
2022-12-05,252.00999450683594,253.82000732421875,248.05999755859375,250.1999969482422,242.8171844482422,23435300
2022-12-06,250.82000732421875,251.86000061035156,243.77999877929688,245.1199951171875,237.8870849609375,22463700
2022-12-07,244.8300018310547,246.16000366210938,242.2100067138672,244.3699951171875,237.1591796875,20481500
2022-12-08,244.83999633789062,248.74000549316406,243.05999755859375,247.39999389648438,240.09983825683594,22611800
2022-12-09,244.6999969482422,248.30999755859375,244.16000366210938,245.4199981689453,238.17825317382812,20609700
2022-12-12,247.4499969482422,252.5399932861328,247.1699981689453,252.50999450683594,245.05902099609375,30665100
2022-12-13,261.69000244140625,263.9200134277344,253.07000732421875,256.9200134277344,249.3388671875,42196900
2022-12-14,257.1300048828125,262.5899963378906,254.30999755859375,257.2200012207031,249.6300506591797,35410900
2022-12-15,253.72000122070312,254.1999969482422,247.33999633789062,249.00999450683594,241.66233825683594,35560400
2022-12-16,248.5500030517578,249.83999633789062,243.50999450683594,244.69000244140625,237.46978759765625,86102000
2022-12-19,244.86000061035156,245.2100067138672,238.7100067138672,240.4499969482422,233.35491943359375,29696400
2022-12-20,239.39999389648438,242.91000366210938,238.4199981689453,241.8000030517578,234.66505432128906,25150800
2022-12-21,241.69000244140625,245.6199951171875,240.11000061035156,244.42999267578125,237.21742248535156,23690600
2022-12-22,241.25999450683594,241.99000549316406,233.8699951171875,238.19000244140625,231.1615753173828,28651700
2022-12-23,236.11000061035156,238.8699951171875,233.94000244140625,238.72999572753906,231.68563842773438,21207000
2022-12-27,238.6999969482422,238.92999267578125,235.8300018310547,236.9600067138672,229.96788024902344,16688600
2022-12-28,236.88999938964844,239.72000122070312,234.1699981689453,234.52999877929688,227.6095733642578,17457100
2022-12-29,235.64999389648438,241.9199981689453,235.64999389648438,241.00999450683594,233.8983612060547,19770700
2022-12-30,238.2100067138672,239.9600067138672,236.66000366210938,239.82000732421875,232.74351501464844,21938500
2023-01-03,243.0800018310547,245.75,237.39999389648438,239.5800018310547,232.5105743408203,25740000
2023-01-04,232.27999877929688,232.8699951171875,225.9600067138672,229.10000610351562,222.33978271484375,50623400
2023-01-05,227.1999969482422,227.5500030517578,221.75999450683594,222.30999755859375,215.75015258789062,39585600
2023-01-06,223.0,225.75999450683594,219.35000610351562,224.92999267578125,218.29281616210938,43613600
2023-01-09,226.4499969482422,231.24000549316406,226.41000366210938,227.1199951171875,220.4182586669922,27369800
2023-01-10,227.75999450683594,231.30999755859375,227.3300018310547,228.85000610351562,222.09719848632812,27033900
2023-01-11,231.2899932861328,235.9499969482422,231.11000061035156,235.77000427246094,228.81300354003906,28669300
2023-01-12,235.25999450683594,239.89999389648438,233.55999755859375,238.50999450683594,231.47213745117188,27269500
2023-01-13,237.0,239.3699951171875,234.9199981689453,239.22999572753906,232.1708984375,21333300
2023-01-17,237.97000122070312,240.91000366210938,237.08999633789062,240.35000610351562,233.25784301757812,29831300
2023-01-18,241.57000732421875,242.3800048828125,235.52000427246094,235.80999755859375,228.85179138183594,30028700
2023-01-19,233.77999877929688,235.52000427246094,230.67999267578125,231.92999267578125,225.0863037109375,28623000
2023-01-20,234.86000061035156,240.74000549316406,234.50999450683594,240.22000122070312,233.1316680908203,35389800
2023-01-23,241.10000610351562,245.1699981689453,239.64999389648438,242.5800018310547,235.42202758789062,31934000
2023-01-24,242.5,243.9499969482422,240.44000244140625,242.0399932861328,234.89794921875,40234400
2023-01-25,234.47999572753906,243.3000030517578,230.89999389648438,240.61000061035156,233.51016235351562,66526600
2023-01-26,243.64999389648438,248.30999755859375,242.0,248.0,240.68209838867188,33454500
2023-01-27,248.99000549316406,249.8300018310547,246.8300018310547,248.16000366210938,240.83738708496094,26498900
2023-01-30,244.50999450683594,245.60000610351562,242.1999969482422,242.7100067138672,235.54820251464844,25867400
2023-01-31,243.4499969482422,247.9499969482422,242.9499969482422,247.80999755859375,240.4977264404297,26541100
2023-02-01,248.0,255.17999267578125,245.47000122070312,252.75,245.2919464111328,31259900
2023-02-02,258.82000732421875,264.69000244140625,257.25,264.6000061035156,256.792236328125,39940400
2023-02-03,259.5400085449219,264.20001220703125,257.1000061035156,258.3500061035156,250.72671508789062,29077300
2023-02-06,257.44000244140625,258.29998779296875,254.77999877929688,256.7699890136719,249.1933135986328,22518000
2023-02-07,260.5299987792969,268.7699890136719,260.0799865722656,267.55999755859375,259.6649475097656,50841400
2023-02-08,273.20001220703125,276.760009765625,266.2099914550781,266.7300109863281,258.85943603515625,54686000
2023-02-09,273.79998779296875,273.9800109863281,262.79998779296875,263.6199951171875,255.84120178222656,42375100
2023-02-10,261.5299987792969,264.0899963378906,260.6600036621094,263.1000061035156,255.3365478515625,25818500
2023-02-13,267.6400146484375,274.6000061035156,267.1499938964844,271.32000732421875,263.3139953613281,44630900
2023-02-14,272.6700134277344,274.9700012207031,269.2799987792969,272.1700134277344,264.1388854980469,37047900
2023-02-15,268.32000732421875,270.7300109863281,266.17999267578125,269.32000732421875,262.0276794433594,28922400
2023-02-16,264.0199890136719,266.739990234375,261.8999938964844,262.1499938964844,255.05178833007812,29603600
2023-02-17,259.3900146484375,260.0899963378906,256.0,258.05999755859375,251.07254028320312,30000100
2023-02-21,254.47999572753906,255.49000549316406,251.58999633789062,252.6699981689453,245.82850646972656,28397400
2023-02-22,254.08999633789062,254.33999633789062,250.33999633789062,251.50999450683594,244.69989013671875,22491100
2023-02-23,255.55999755859375,256.8399963378906,250.47999572753906,254.77000427246094,247.87164306640625,29219100
2023-02-24,249.9600067138672,251.0,248.10000610351562,249.22000122070312,242.47190856933594,24990900
2023-02-27,252.4600067138672,252.82000732421875,249.38999938964844,250.16000366210938,243.3864288330078,21190000
2023-02-28,249.07000732421875,251.49000549316406,248.72999572753906,249.4199981689453,242.66650390625,22491000
2023-03-01,250.75999450683594,250.92999267578125,245.7899932861328,246.27000427246094,239.6017608642578,27565300
2023-03-02,246.5500030517578,251.39999389648438,245.61000061035156,251.11000061035156,244.3107452392578,24808200
2023-03-03,252.19000244140625,255.6199951171875,251.38999938964844,255.2899932861328,248.3775634765625,30760100
2023-03-06,256.42999267578125,260.1199951171875,255.97999572753906,256.8699951171875,249.9147491455078,24109800
2023-03-07,256.29998779296875,257.69000244140625,253.38999938964844,254.14999389648438,247.26841735839844,21473200
2023-03-08,254.0399932861328,254.5399932861328,250.80999755859375,253.6999969482422,246.83058166503906,17340200
2023-03-09,255.82000732421875,259.55999755859375,251.5800018310547,252.32000732421875,245.4879608154297,26653400
2023-03-10,251.0800018310547,252.7899932861328,247.60000610351562,248.58999633789062,241.8589324951172,28333900
2023-03-13,247.39999389648438,257.9100036621094,245.72999572753906,253.9199981689453,247.04466247558594,33339700
2023-03-14,256.75,261.07000732421875,255.86000061035156,260.7900085449219,253.72857666015625,33620300
2023-03-15,259.9800109863281,266.4800109863281,259.2099914550781,265.44000244140625,258.2527160644531,46028000
2023-03-16,265.2099914550781,276.55999755859375,263.2799987792969,276.20001220703125,268.7213439941406,54768800
2023-03-17,278.260009765625,283.3299865722656,276.32000732421875,279.42999267578125,271.8638916015625,69527400
2023-03-20,276.9800109863281,277.4800109863281,269.8500061035156,272.2300109863281,264.85888671875,43466600
2023-03-21,274.8800048828125,275.0,269.5199890136719,273.7799987792969,266.3669128417969,34558700
2023-03-22,273.3999938964844,281.0400085449219,272.17999267578125,272.2900085449219,264.9172668457031,34873300
2023-03-23,277.94000244140625,281.05999755859375,275.20001220703125,277.6600036621094,270.141845703125,36610900
2023-03-24,277.239990234375,280.6300048828125,275.2799987792969,280.57000732421875,272.9730529785156,28172000
2023-03-27,280.5,281.4599914550781,275.5199890136719,276.3800048828125,268.896484375,26840200
2023-03-28,275.7900085449219,276.1400146484375,272.04998779296875,275.2300109863281,267.77764892578125,21878600
2023-03-29,278.9599914550781,281.1400146484375,278.4100036621094,280.510009765625,272.91473388671875,25087000
2023-03-30,284.2300109863281,284.4599914550781,281.4800109863281,284.04998779296875,276.3587646484375,25053400
2023-03-31,283.7300109863281,289.2699890136719,283.0,288.29998779296875,280.49371337890625,32766000
2023-04-03,286.5199890136719,288.2699890136719,283.95001220703125,287.2300109863281,279.45269775390625,24883300
2023-04-04,287.2300109863281,290.45001220703125,285.6700134277344,287.17999267578125,279.4040832519531,25824300
2023-04-05,285.8500061035156,287.1499938964844,282.9200134277344,284.3399963378906,276.6410217285156,22064800
2023-04-06,283.2099914550781,292.0799865722656,282.0299987792969,291.6000061035156,283.7044372558594,29770300
2023-04-10,289.2099914550781,289.6000061035156,284.7099914550781,289.3900146484375,281.5542297363281,23103000
2023-04-11,285.75,285.9800109863281,281.6400146484375,282.8299865722656,275.17181396484375,27276600
2023-04-12,284.7900085449219,287.010009765625,281.9599914550781,283.489990234375,275.8139953613281,27403400
2023-04-13,283.5899963378906,289.8999938964844,283.1700134277344,289.8399963378906,281.99200439453125,24222700
2023-04-14,287.0,288.4800109863281,283.69000244140625,286.1400146484375,278.39227294921875,20987900
2023-04-17,289.92999267578125,291.6000061035156,286.1600036621094,288.79998779296875,280.9801940917969,23836200
2023-04-18,291.57000732421875,291.760009765625,287.010009765625,288.3699951171875,280.561767578125,20161800
2023-04-19,285.989990234375,289.04998779296875,284.5400085449219,288.45001220703125,280.63970947265625,17150300
2023-04-20,285.25,289.0299987792969,285.0799865722656,286.1099853515625,278.3630065917969,23244400
2023-04-21,285.010009765625,286.2699890136719,283.05999755859375,285.760009765625,278.02252197265625,21676400
2023-04-24,282.0899963378906,284.95001220703125,278.7200012207031,281.7699890136719,274.1404724121094,26611000
2023-04-25,279.510009765625,281.6000061035156,275.3699951171875,275.4200134277344,267.9625244140625,45772200
2023-04-26,296.70001220703125,299.57000732421875,292.7300109863281,295.3699951171875,287.3723449707031,64599200
2023-04-27,295.9700012207031,305.20001220703125,295.25,304.8299865722656,296.576171875,46462600
2023-04-28,304.010009765625,308.92999267578125,303.30999755859375,307.260009765625,298.94036865234375,36469600
2023-05-01,306.9700012207031,308.6000061035156,305.1499938964844,305.55999755859375,297.286376953125,21294100
2023-05-02,307.760009765625,309.17999267578125,303.9100036621094,305.4100036621094,297.14044189453125,26404400
2023-05-03,306.6199951171875,308.6099853515625,304.0899963378906,304.3999938964844,296.1578369140625,22360800
2023-05-04,306.239990234375,307.760009765625,303.3999938964844,305.4100036621094,297.14044189453125,22519900
2023-05-05,305.7200012207031,311.9700012207031,304.2699890136719,310.6499938964844,302.2386169433594,28197100
2023-05-08,310.1300048828125,310.20001220703125,306.0899963378906,308.6499938964844,300.2926940917969,21318600
2023-05-09,308.0,310.0400085449219,306.30999755859375,307.0,298.6873779296875,21340800
2023-05-10,308.6199951171875,313.0,307.6700134277344,312.30999755859375,303.8536071777344,30078000
2023-05-11,310.1000061035156,311.1199951171875,306.260009765625,310.1099853515625,301.71319580078125,31680200
2023-05-12,310.54998779296875,310.6499938964844,306.6000061035156,308.9700012207031,300.60406494140625,19774700
2023-05-15,309.1000061035156,309.8999938964844,307.5899963378906,309.4599914550781,301.0807800292969,16336500
2023-05-16,309.8299865722656,313.7099914550781,309.8299865722656,311.739990234375,303.299072265625,26730300
2023-05-17,312.2900085449219,314.42999267578125,310.739990234375,314.0,306.16571044921875,24315000
2023-05-18,314.5299987792969,319.0400085449219,313.7200012207031,318.5199890136719,310.57293701171875,27276000
2023-05-19,316.739990234375,318.75,316.3699951171875,318.3399963378906,310.3973693847656,27546700
2023-05-22,318.6000061035156,322.5899963378906,318.010009765625,321.17999267578125,313.1665344238281,24115700
2023-05-23,320.0299987792969,322.7200012207031,315.25,315.260009765625,307.3942565917969,30797200
2023-05-24,314.7300109863281,316.5,312.6099853515625,313.8500061035156,306.0194396972656,23384900
2023-05-25,323.239990234375,326.8999938964844,320.0,325.9200134277344,317.7882995605469,43301700
2023-05-26,324.0199890136719,333.3999938964844,323.8800048828125,332.8900146484375,324.58441162109375,36630600
2023-05-30,335.2300109863281,335.739990234375,330.5199890136719,331.2099914550781,322.9462890625,29503100
2023-05-31,332.2900085449219,335.94000244140625,327.3299865722656,328.3900146484375,320.1966857910156,45950600
2023-06-01,325.92999267578125,333.5299987792969,324.7200012207031,332.5799865722656,324.2820739746094,26773900
2023-06-02,334.25,337.5,332.54998779296875,335.3999938964844,327.03179931640625,25873800
2023-06-05,335.2200012207031,338.55999755859375,334.6600036621094,335.94000244140625,327.5582580566406,21307100
2023-06-06,335.3299865722656,335.3699951171875,332.1700134277344,333.67999267578125,325.3547058105469,20396200
2023-06-07,331.6499938964844,334.489990234375,322.5,323.3800048828125,315.31170654296875,40717100
2023-06-08,323.94000244140625,326.6400146484375,323.3500061035156,325.260009765625,317.144775390625,23277700
2023-06-09,324.989990234375,329.989990234375,324.4100036621094,326.7900085449219,318.6365966796875,22529000
2023-06-12,328.5799865722656,332.1000061035156,325.1600036621094,331.8500061035156,323.57037353515625,24260300
2023-06-13,334.4700012207031,336.9800109863281,330.3900146484375,334.2900085449219,325.9494934082031,22951300
2023-06-14,334.3399963378906,339.0400085449219,332.80999755859375,337.3399963378906,328.92340087890625,26003800
2023-06-15,337.4800109863281,349.8399963378906,337.20001220703125,348.1000061035156,339.41485595703125,38899100
2023-06-16,351.32000732421875,351.4700012207031,341.95001220703125,342.3299865722656,333.788818359375,46552000
2023-06-20,339.30999755859375,342.0799865722656,335.8599853515625,338.04998779296875,329.6156005859375,26375400
2023-06-21,336.3699951171875,337.7300109863281,332.07000732421875,333.55999755859375,325.2376708984375,25117800
2023-06-22,334.1199951171875,340.1199951171875,333.3399963378906,339.7099914550781,331.2342529296875,23556800
2023-06-23,334.3599853515625,337.9599914550781,333.45001220703125,335.0199890136719,326.6612854003906,23146900
2023-06-26,333.7200012207031,336.1099853515625,328.489990234375,328.6000061035156,320.40142822265625,21520600
2023-06-27,331.8599853515625,336.1499938964844,329.29998779296875,334.57000732421875,326.2224426269531,24354100
2023-06-28,334.6600036621094,337.9800109863281,333.80999755859375,335.8500061035156,327.470458984375,20259500
2023-06-29,334.7099914550781,336.1099853515625,332.6199951171875,335.04998779296875,326.69049072265625,16997000
2023-06-30,337.75,342.7300109863281,337.20001220703125,340.5400085449219,332.0435485839844,26832800
2023-07-03,339.19000244140625,340.8999938964844,336.57000732421875,337.989990234375,329.5570983886719,12508700
2023-07-05,335.0899963378906,341.6499938964844,334.7300109863281,338.1499938964844,329.713134765625,18172400
2023-07-06,337.29998779296875,342.989990234375,335.5,341.2699890136719,332.7552795410156,28161200
2023-07-07,339.32000732421875,341.7900085449219,337.0,337.2200012207031,328.806396484375,21214800
2023-07-10,334.6000061035156,335.2300109863281,327.5899963378906,331.8299865722656,323.5508117675781,32791400
2023-07-11,331.05999755859375,332.8599853515625,327.0,332.4700012207031,324.1748962402344,26698200
2023-07-12,336.6000061035156,341.6499938964844,335.6700134277344,337.20001220703125,328.7868347167969,29995300
2023-07-13,339.55999755859375,343.739990234375,339.0199890136719,342.6600036621094,334.11065673828125,20567200
2023-07-14,347.5899963378906,351.42999267578125,344.30999755859375,345.239990234375,336.626220703125,28352700
2023-07-17,345.67999267578125,346.989990234375,342.20001220703125,345.7300109863281,337.1040954589844,20363900
2023-07-18,345.8299865722656,366.7799987792969,342.1700134277344,359.489990234375,350.5207214355469,64738600
2023-07-19,361.75,362.4599914550781,352.44000244140625,355.0799865722656,346.2206726074219,39732900
2023-07-20,353.57000732421875,357.9700012207031,345.3699951171875,346.8699951171875,338.21563720703125,33778400
2023-07-21,349.1499938964844,350.29998779296875,339.8299865722656,343.7699890136719,335.1929626464844,69405400
2023-07-24,345.8500061035156,346.9200134277344,342.30999755859375,345.1099853515625,336.4994812011719,26678100
2023-07-25,347.1099853515625,351.8900146484375,345.07000732421875,350.9800109863281,342.22308349609375,41637700
2023-07-26,341.44000244140625,344.6700134277344,333.1099853515625,337.7699890136719,329.3426208496094,58383700
2023-07-27,340.4800109863281,341.3299865722656,329.04998779296875,330.7200012207031,322.46856689453125,39635300
2023-07-28,333.6700134277344,340.010009765625,333.1700134277344,338.3699951171875,329.92767333984375,28484900
2023-07-31,336.9200134277344,337.70001220703125,333.3599853515625,335.9200134277344,327.5388488769531,25446000
2023-08-01,335.19000244140625,338.5400085449219,333.70001220703125,336.3399963378906,327.9483337402344,18311900
2023-08-02,333.6300048828125,333.6300048828125,326.3599853515625,327.5,319.32891845703125,27761300
2023-08-03,326.0,329.8800048828125,325.95001220703125,326.6600036621094,318.50982666015625,18253700
2023-08-04,331.8800048828125,335.1400146484375,327.239990234375,327.7799987792969,319.6019287109375,23741500
2023-08-07,328.3699951171875,331.1099853515625,327.5199890136719,330.1099853515625,321.8737487792969,17741500
2023-08-08,326.9599914550781,328.75,323.0,326.04998779296875,317.9150390625,22327600
2023-08-09,326.4700012207031,327.1099853515625,321.04998779296875,322.2300109863281,314.1903381347656,22373300
2023-08-10,326.0199890136719,328.260009765625,321.17999267578125,322.92999267578125,314.8729248046875,20113700
2023-08-11,320.260009765625,322.4100036621094,319.2099914550781,321.010009765625,313.0008239746094,24355500
2023-08-14,321.3900146484375,324.05999755859375,320.0799865722656,324.0400085449219,315.9552001953125,18836100
2023-08-15,323.0,325.0899963378906,320.8999938964844,321.8599853515625,313.82958984375,16966300
2023-08-16,320.79998779296875,324.4200134277344,319.79998779296875,320.3999938964844,313.0675048828125,20698900
2023-08-17,320.5400085449219,321.8699951171875,316.2099914550781,316.8800048828125,309.6280517578125,21257200
2023-08-18,314.489990234375,318.3800048828125,311.54998779296875,316.4800109863281,309.2371520996094,24755000
2023-08-21,317.92999267578125,322.7699890136719,317.0400085449219,321.8800048828125,314.5135498046875,24040000
2023-08-22,325.5,326.0799865722656,321.4599914550781,322.4599914550781,315.0802917480469,16084600
2023-08-23,323.82000732421875,329.20001220703125,323.4599914550781,327.0,319.51641845703125,21166400
2023-08-24,332.8500061035156,332.9800109863281,319.9599914550781,319.9700012207031,312.6473083496094,23281400
2023-08-25,321.4700012207031,325.3599853515625,318.79998779296875,322.9800109863281,315.5884094238281,21684100
2023-08-28,325.6600036621094,326.1499938964844,321.7200012207031,323.70001220703125,316.2919616699219,14808500
2023-08-29,321.8800048828125,328.9800109863281,321.8800048828125,328.4100036621094,320.8941345214844,19284600
2023-08-30,328.6700134277344,329.80999755859375,326.45001220703125,328.7900085449219,321.26544189453125,15222100
2023-08-31,329.20001220703125,330.9100036621094,326.7799987792969,327.760009765625,320.2590026855469,26411000
2023-09-01,331.30999755859375,331.989990234375,326.7799987792969,328.6600036621094,321.1383972167969,14942000
2023-09-05,329.0,334.8500061035156,328.6600036621094,333.54998779296875,325.91650390625,18553900
2023-09-06,333.3800048828125,334.4599914550781,330.17999267578125,332.8800048828125,325.2618408203125,17535800
2023-09-07,331.2900085449219,333.0799865722656,329.0299987792969,329.9100036621094,322.3598327636719,18381000
2023-09-08,330.0899963378906,336.1600036621094,329.4599914550781,334.2699890136719,326.6200256347656,19530100
2023-09-11,337.239990234375,338.4200134277344,335.42999267578125,337.94000244140625,330.2060241699219,16583300
2023-09-12,335.82000732421875,336.7900085449219,331.4800109863281,331.7699890136719,324.17724609375,17565500
2023-09-13,331.30999755859375,336.8500061035156,331.1700134277344,336.05999755859375,328.3691101074219,16544400
2023-09-14,339.1499938964844,340.8599853515625,336.57000732421875,338.70001220703125,330.9486999511719,20267000
2023-09-15,336.9200134277344,337.3999938964844,329.6499938964844,330.2200012207031,322.66278076171875,37679800
2023-09-18,327.79998779296875,330.3999938964844,326.3599853515625,329.05999755859375,321.529296875,16834200
2023-09-19,326.1700134277344,329.3900146484375,324.510009765625,328.6499938964844,321.1286315917969,16505900
2023-09-20,329.510009765625,329.5899963378906,320.510009765625,320.7699890136719,313.428955078125,21436500
2023-09-21,319.260009765625,325.3500061035156,315.0,319.5299987792969,312.2173156738281,35560400
2023-09-22,321.32000732421875,321.45001220703125,316.1499938964844,317.010009765625,309.7550354003906,21447900
2023-09-25,316.5899963378906,317.6700134277344,315.0,317.5400085449219,310.27294921875,17836000
2023-09-26,315.1300048828125,315.8800048828125,310.0199890136719,312.1400146484375,304.9964599609375,26297600
2023-09-27,312.29998779296875,314.29998779296875,309.69000244140625,312.7900085449219,305.6316223144531,19410100
2023-09-28,310.989990234375,315.4800109863281,309.45001220703125,313.6400146484375,306.4621887207031,19683600
2023-09-29,317.75,319.4700012207031,314.9800109863281,315.75,308.52386474609375,24147300
2023-10-02,316.2799987792969,321.8900146484375,315.17999267578125,321.79998779296875,314.4354248046875,20570000
2023-10-03,320.8299865722656,321.3900146484375,311.2099914550781,313.3900146484375,306.2179260253906,21033500
2023-10-04,314.0299987792969,320.0400085449219,314.0,318.9599914550781,311.660400390625,20720100
2023-10-05,319.0899963378906,319.9800109863281,314.8999938964844,319.3599853515625,312.05120849609375,16965600
2023-10-06,316.54998779296875,329.19000244140625,316.29998779296875,327.260009765625,319.7705078125,25673600
2023-10-09,324.75,330.29998779296875,323.17999267578125,329.82000732421875,322.2718811035156,19891200
2023-10-10,330.9599914550781,331.1000061035156,327.6700134277344,328.3900146484375,320.8746032714844,20557100
2023-10-11,331.2099914550781,332.82000732421875,329.1400146484375,332.4200134277344,324.8123779296875,20063200
2023-10-12,330.57000732421875,333.6300048828125,328.7200012207031,331.1600036621094,323.58123779296875,19313100
2023-10-13,332.3800048828125,333.8299865722656,326.3599853515625,327.7300109863281,320.2297058105469,21072400
2023-10-16,331.04998779296875,336.1400146484375,330.6000061035156,332.6400146484375,325.0273132324219,22158000
2023-10-17,329.5899963378906,333.4599914550781,327.4100036621094,332.05999755859375,324.46063232421875,18338500
2023-10-18,332.489990234375,335.5899963378906,328.29998779296875,330.1099853515625,322.5552062988281,23153600
2023-10-19,332.1499938964844,336.8800048828125,330.9100036621094,331.32000732421875,323.73748779296875,25052100
2023-10-20,331.7200012207031,331.9200134277344,325.45001220703125,326.6700134277344,319.1939697265625,25027700
2023-10-23,325.4700012207031,332.7300109863281,324.3900146484375,329.32000732421875,321.7832946777344,24374700
2023-10-24,331.29998779296875,331.8399963378906,327.6000061035156,330.5299987792969,322.96563720703125,31153600
2023-10-25,345.0199890136719,346.20001220703125,337.6199951171875,340.6700134277344,332.8735656738281,55053800
2023-10-26,340.5400085449219,341.6300048828125,326.94000244140625,327.8900146484375,320.38604736328125,37828500
2023-10-27,330.42999267578125,336.7200012207031,328.3999938964844,329.80999755859375,322.26214599609375,29856500
2023-10-30,333.4100036621094,339.45001220703125,331.8299865722656,337.30999755859375,329.5904235839844,22828100
2023-10-31,338.8500061035156,339.0,334.69000244140625,338.1099853515625,330.37213134765625,20265300
2023-11-01,339.7900085449219,347.4200134277344,339.6499938964844,346.07000732421875,338.1500549316406,28158800
2023-11-02,347.239990234375,348.8299865722656,344.7699890136719,348.32000732421875,340.3485107421875,24348100
2023-11-03,349.6300048828125,354.3900146484375,347.3299865722656,352.79998779296875,344.7259216308594,23637700
2023-11-06,353.45001220703125,357.5400085449219,353.3500061035156,356.5299987792969,348.3706359863281,23828300
2023-11-07,359.3999938964844,362.4599914550781,357.6300048828125,360.5299987792969,352.2790832519531,25833900
2023-11-08,361.67999267578125,363.8699951171875,360.54998779296875,363.20001220703125,354.8879699707031,26767800
2023-11-09,362.29998779296875,364.7900085449219,360.3599853515625,360.69000244140625,352.4353942871094,24847300
2023-11-10,361.489990234375,370.1000061035156,361.07000732421875,369.6700134277344,361.2099304199219,28042100
2023-11-13,368.2200012207031,368.4700012207031,365.8999938964844,366.67999267578125,358.2882995605469,19986500
2023-11-14,371.010009765625,371.95001220703125,367.3500061035156,370.2699890136719,361.7961120605469,27683900
2023-11-15,371.2799987792969,373.1300048828125,367.1099853515625,369.6700134277344,361.9430236816406,26860100
2023-11-16,370.9599914550781,376.3500061035156,370.17999267578125,376.1700134277344,368.3072204589844,27182300
2023-11-17,373.6099853515625,374.3699951171875,367.0,369.8500061035156,362.1192321777344,40157000
2023-11-20,371.2200012207031,378.8699951171875,371.0,377.44000244140625,369.55059814453125,52465100
2023-11-21,375.6700134277344,376.2200012207031,371.1199951171875,373.07000732421875,365.27191162109375,28423100
2023-11-22,378.0,379.7900085449219,374.9700012207031,377.8500061035156,369.9520263671875,23345300
2023-11-24,377.3299865722656,377.9700012207031,375.1400146484375,377.42999267578125,369.540771484375,10176600
2023-11-27,376.7799987792969,380.6400146484375,376.20001220703125,378.6099853515625,370.69610595703125,22179200
2023-11-28,378.3500061035156,383.0,378.1600036621094,382.70001220703125,374.7006530761719,20453100
2023-11-29,383.760009765625,384.29998779296875,377.44000244140625,378.8500061035156,370.9311828613281,28963400
2023-11-30,378.489990234375,380.0899963378906,375.4700012207031,378.9100036621094,370.9898681640625,30554400
2023-12-01,376.760009765625,378.1600036621094,371.30999755859375,374.510009765625,366.68182373046875,33040500
2023-12-04,369.1000061035156,369.5199890136719,362.8999938964844,369.1400146484375,361.42413330078125,32063300
2023-12-05,366.45001220703125,373.0799865722656,365.6199951171875,372.5199890136719,364.7334289550781,23065000
2023-12-06,373.5400085449219,374.17999267578125,368.0299987792969,368.79998779296875,361.0911865234375,21182100
2023-12-07,368.2300109863281,371.45001220703125,366.32000732421875,370.95001220703125,363.1962890625,23118900
2023-12-08,369.20001220703125,374.4599914550781,368.2300109863281,374.2300109863281,366.40765380859375,20154400
2023-12-11,368.4800109863281,371.6000061035156,366.1000061035156,371.29998779296875,363.53887939453125,27708800
2023-12-12,370.8500061035156,374.4200134277344,370.4599914550781,374.3800048828125,366.5545654296875,24838300
2023-12-13,376.0199890136719,377.6400146484375,370.7699890136719,374.3699951171875,366.5447692871094,30955500
2023-12-14,373.30999755859375,373.760009765625,364.1300048828125,365.92999267578125,358.28118896484375,43277500
2023-12-15,366.8500061035156,372.3999938964844,366.2799987792969,370.7300109863281,362.9808654785156,78502300
2023-12-18,369.45001220703125,373.0,368.67999267578125,372.6499938964844,364.8607177734375,21802900
2023-12-19,371.489990234375,373.260009765625,369.8399963378906,373.260009765625,365.4579772949219,20603700
2023-12-20,375.0,376.0299987792969,370.5299987792969,370.6199951171875,362.8731689453125,26316700
2023-12-21,372.55999755859375,374.4100036621094,370.0400085449219,373.5400085449219,365.7321472167969,17708000
2023-12-22,373.67999267578125,375.17999267578125,372.7099914550781,374.5799865722656,366.7503662109375,17107500
2023-12-26,375.0,376.94000244140625,373.5,374.6600036621094,366.8287048339844,12673100
2023-12-27,373.69000244140625,375.05999755859375,372.80999755859375,374.07000732421875,366.2510681152344,14905400
2023-12-28,375.3699951171875,376.4599914550781,374.1600036621094,375.2799987792969,367.43572998046875,14327000
2023-12-29,376.0,377.1600036621094,373.4800109863281,376.0400085449219,368.1798095703125,18730800
2024-01-02,373.8599853515625,375.8999938964844,366.7699890136719,370.8699951171875,363.1179504394531,25258600
2024-01-03,369.010009765625,373.260009765625,368.510009765625,370.6000061035156,362.853515625,23083500
2024-01-04,370.6700134277344,373.1000061035156,367.1700134277344,367.94000244140625,360.2491760253906,20901500
2024-01-05,368.9700012207031,372.05999755859375,366.5,367.75,360.06317138671875,21004600
2024-01-08,369.29998779296875,375.20001220703125,369.010009765625,374.69000244140625,366.85809326171875,23134000
2024-01-09,372.010009765625,375.989990234375,371.19000244140625,375.7900085449219,367.93511962890625,20830000
2024-01-10,376.3699951171875,384.1700134277344,376.32000732421875,382.7699890136719,374.7691955566406,25514200
2024-01-11,386.0,390.67999267578125,380.3800048828125,384.6300048828125,376.59033203125,27850800
2024-01-12,385.489990234375,388.67999267578125,384.6499938964844,388.4700012207031,380.35003662109375,21661200
2024-01-16,393.6600036621094,394.0299987792969,387.6199951171875,390.2699890136719,382.1124267578125,27202300
2024-01-17,387.9800109863281,390.1099853515625,384.80999755859375,389.4700012207031,381.3291320800781,22234100
2024-01-18,391.7200012207031,393.989990234375,390.1199951171875,393.8699951171875,385.63714599609375,23392100
2024-01-19,395.760009765625,398.6700134277344,393.5,398.6700134277344,390.3368835449219,29331100
2024-01-22,400.0199890136719,400.6199951171875,393.5899963378906,396.510009765625,388.2220153808594,27016900
2024-01-23,395.75,399.3800048828125,393.92999267578125,398.8999938964844,390.56207275390625,20525900
2024-01-24,401.5400085449219,405.6300048828125,400.45001220703125,402.55999755859375,394.1455383300781,24867000
2024-01-25,404.32000732421875,407.010009765625,402.5299987792969,404.8699951171875,396.4072570800781,21021200
2024-01-26,404.3699951171875,406.1700134277344,402.42999267578125,403.92999267578125,395.4869079589844,17803300
2024-01-29,406.05999755859375,409.9800109863281,404.3299865722656,409.7200012207031,401.1558532714844,24510200
2024-01-30,412.260009765625,413.04998779296875,406.45001220703125,408.5899963378906,400.0494689941406,33477600
2024-01-31,406.9599914550781,415.32000732421875,397.2099914550781,397.5799865722656,389.26959228515625,47871100
2024-02-01,401.8299865722656,408.0,401.79998779296875,403.7799987792969,395.3399963378906,30657700
2024-02-02,403.80999755859375,412.6499938964844,403.55999755859375,411.2200012207031,402.6245422363281,28256700
2024-02-05,409.8999938964844,411.1600036621094,403.989990234375,405.6499938964844,397.1709289550781,25352300
2024-02-06,405.8800048828125,407.9700012207031,402.9100036621094,405.489990234375,397.0142822265625,18382600
2024-02-07,407.44000244140625,414.29998779296875,407.3999938964844,414.04998779296875,405.39532470703125,22340500
2024-02-08,414.04998779296875,415.55999755859375,412.5299987792969,414.1099853515625,405.4541320800781,21225300
2024-02-09,415.25,420.82000732421875,415.0899963378906,420.54998779296875,411.75946044921875,22032800
2024-02-12,420.55999755859375,420.739990234375,414.75,415.260009765625,406.5801086425781,21202900
2024-02-13,404.94000244140625,410.07000732421875,403.3900146484375,406.32000732421875,397.8269958496094,27824900
2024-02-14,408.07000732421875,409.8399963378906,404.57000732421875,409.489990234375,401.6720886230469,20401200
2024-02-15,408.1400146484375,409.1300048828125,404.2900085449219,406.55999755859375,398.7980041503906,21825500
2024-02-16,407.9599914550781,408.2900085449219,403.44000244140625,404.05999755859375,396.3457946777344,22296500
2024-02-20,403.239990234375,404.489990234375,398.010009765625,402.7900085449219,395.0999755859375,24307900
2024-02-21,400.1700134277344,402.2900085449219,397.2200012207031,402.17999267578125,394.50164794921875,18518900
2024-02-22,410.19000244140625,412.8299865722656,408.57000732421875,411.6499938964844,403.7908935546875,27009900
2024-02-23,415.6700134277344,415.8599853515625,408.9700012207031,410.3399963378906,402.5058288574219,16295900
2024-02-26,411.4599914550781,412.1600036621094,407.3599853515625,407.5400085449219,399.7593688964844,16193500
2024-02-27,407.989990234375,408.32000732421875,403.8500061035156,407.4800109863281,399.7004699707031,14835800
2024-02-28,408.17999267578125,409.29998779296875,405.32000732421875,407.7200012207031,399.9358825683594,13183100
2024-02-29,408.6400146484375,414.20001220703125,405.9200134277344,413.6400146484375,405.7428894042969,31947300
2024-03-01,411.2699890136719,415.8699951171875,410.8800048828125,415.5,407.5673828125,17823400
2024-03-04,413.44000244140625,417.3500061035156,412.32000732421875,414.9200134277344,406.9984436035156,17596000
2024-03-05,413.9599914550781,414.25,400.6400146484375,402.6499938964844,394.96270751953125,26919200
2024-03-06,402.9700012207031,405.1600036621094,398.3900146484375,402.0899963378906,394.41339111328125,22344100
2024-03-07,406.1199951171875,409.7799987792969,402.239990234375,409.1400146484375,401.3288269042969,18718500
2024-03-08,407.9599914550781,410.4200134277344,404.3299865722656,406.2200012207031,398.4645080566406,18002200
2024-03-11,403.760009765625,405.67999267578125,401.260009765625,404.5199890136719,396.7969665527344,16120800
2024-03-12,407.6199951171875,415.57000732421875,406.7900085449219,415.2799987792969,407.3515625,22457000
2024-03-13,418.1000061035156,418.17999267578125,411.45001220703125,415.1000061035156,407.1750793457031,17115900
2024-03-14,420.239990234375,427.82000732421875,417.989990234375,425.2200012207031,417.1017761230469,34157300
2024-03-15,419.2900085449219,422.6000061035156,412.7900085449219,416.4200134277344,408.46978759765625,45079900
2024-03-18,414.25,420.7300109863281,413.7799987792969,417.32000732421875,409.35260009765625,20106000
2024-03-19,417.8299865722656,421.6700134277344,415.54998779296875,421.4100036621094,413.364501953125,19837900
2024-03-20,422.0,425.9599914550781,420.6600036621094,425.2300109863281,417.1116027832031,17860100
2024-03-21,429.8299865722656,430.82000732421875,427.1600036621094,429.3699951171875,421.17254638671875,21296200
2024-03-22,429.70001220703125,429.8599853515625,426.07000732421875,428.739990234375,420.5545959472656,17648500
2024-03-25,425.239990234375,427.4100036621094,421.6099853515625,422.8599853515625,414.786865234375,18060500
2024-03-26,425.6099853515625,425.989990234375,421.3500061035156,421.6499938964844,413.5999450683594,16725600
2024-03-27,424.44000244140625,424.45001220703125,419.010009765625,421.42999267578125,413.38409423828125,16705000
2024-03-28,420.9599914550781,421.8699951171875,419.1199951171875,420.7200012207031,412.68768310546875,21871200
2024-04-01,423.95001220703125,427.8900146484375,422.2200012207031,424.57000732421875,416.4642028808594,16316000
2024-04-02,420.1099853515625,422.3800048828125,417.8399963378906,421.44000244140625,413.3939208984375,17912000
2024-04-03,419.7300109863281,423.260009765625,419.0899963378906,420.45001220703125,412.4228820800781,16502300
2024-04-04,424.989990234375,428.6700134277344,417.57000732421875,417.8800048828125,409.90191650390625,19370900
2024-04-05,420.010009765625,426.510009765625,418.32000732421875,425.5199890136719,417.39605712890625,16554800
2024-04-08,425.1700134277344,427.2799987792969,423.29998779296875,424.5899963378906,416.4838562011719,14272400
2024-04-09,426.44000244140625,427.739990234375,421.6199951171875,426.2799987792969,418.14154052734375,12496900
2024-04-10,422.19000244140625,424.0299987792969,419.70001220703125,423.260009765625,415.17919921875,16216600
2024-04-11,425.82000732421875,429.3699951171875,422.3599853515625,427.92999267578125,419.760009765625,17966400
2024-04-12,424.04998779296875,425.17999267578125,419.7699890136719,421.8999938964844,413.8451843261719,19253800
2024-04-15,426.6000061035156,426.82000732421875,413.42999267578125,413.6400146484375,405.7428894042969,20273500
2024-04-16,414.57000732421875,418.3999938964844,413.7300109863281,414.5799865722656,406.66485595703125,16765600
2024-04-17,417.25,418.8800048828125,410.3299865722656,411.8399963378906,403.97723388671875,15855500
2024-04-18,410.6300048828125,411.8900146484375,403.95001220703125,404.2699890136719,396.5517578125,21029900
2024-04-19,404.0299987792969,405.4800109863281,397.7699890136719,399.1199951171875,391.50006103515625,30565800
2024-04-22,400.0799865722656,402.8500061035156,395.75,400.9599914550781,393.304931640625,20286900
2024-04-23,404.239990234375,408.20001220703125,403.05999755859375,407.57000732421875,399.7887878417969,15734500
2024-04-24,409.55999755859375,412.4700012207031,406.7799987792969,409.05999755859375,401.25030517578125,15065300
2024-04-25,394.0299987792969,399.8900146484375,388.0299987792969,399.0400085449219,391.42156982421875,40586500
2024-04-26,412.1700134277344,413.0,405.760009765625,406.32000732421875,398.5626220703125,29694700
2024-04-29,405.25,406.32000732421875,399.19000244140625,402.25,394.5703430175781,19582100
2024-04-30,401.489990234375,402.1600036621094,389.1700134277344,389.3299865722656,381.8970031738281,28781400
2024-05-01,392.6099853515625,401.7200012207031,390.30999755859375,394.94000244140625,387.3998718261719,23562500
2024-05-02,397.6600036621094,399.92999267578125,394.6499938964844,397.8399963378906,390.2445373535156,17709400
2024-05-03,402.2799987792969,407.1499938964844,401.8599853515625,406.6600036621094,398.8961181640625,17446700
2024-05-06,408.760009765625,413.92999267578125,406.3699951171875,413.5400085449219,405.6448059082031,16996600
2024-05-07,414.6600036621094,414.6700134277344,409.0899963378906,409.3399963378906,401.52496337890625,20018200
2024-05-08,408.1700134277344,412.2300109863281,406.7099914550781,410.5400085449219,402.7020263671875,11792300
2024-05-09,410.57000732421875,412.7200012207031,409.1000061035156,412.32000732421875,404.44805908203125,14689700
2024-05-10,412.94000244140625,415.3800048828125,411.79998779296875,414.739990234375,406.8218994140625,13402300
2024-05-13,418.010009765625,418.3500061035156,410.82000732421875,413.7200012207031,405.82135009765625,15440200
2024-05-14,412.0199890136719,417.489990234375,411.54998779296875,416.55999755859375,408.6071472167969,15109300
2024-05-15,417.8999938964844,423.80999755859375,417.2699890136719,423.0799865722656,415.751220703125,22239500
2024-05-16,421.79998779296875,425.4200134277344,420.3500061035156,420.989990234375,413.6973876953125,17530100
2024-05-17,422.5400085449219,422.9200134277344,418.0299987792969,420.2099914550781,412.9308776855469,15352200
2024-05-20,420.2099914550781,426.7699890136719,419.989990234375,425.3399963378906,417.9720458984375,16272100
2024-05-21,426.8299865722656,432.9700012207031,424.8500061035156,429.0400085449219,421.60797119140625,21453300
2024-05-22,430.0899963378906,432.4100036621094,427.1300048828125,430.5199890136719,423.06231689453125,18073700
2024-05-23,432.9700012207031,433.6000061035156,425.4200134277344,427.0,419.60333251953125,17211700
2024-05-24,427.19000244140625,431.05999755859375,424.4100036621094,430.1600036621094,422.70855712890625,11855300
2024-05-28,429.6300048828125,430.82000732421875,426.6000061035156,430.32000732421875,422.86578369140625,15718000
2024-05-29,425.69000244140625,430.94000244140625,425.69000244140625,429.1700134277344,421.7357177734375,15517100
2024-05-30,424.29998779296875,424.29998779296875,414.239990234375,414.6700134277344,407.4869079589844,28394500
2024-05-31,416.75,416.75,404.510009765625,415.1300048828125,407.93890380859375,47995300
2024-06-03,415.5299987792969,416.42999267578125,408.9200134277344,413.5199890136719,406.3567810058594,17484700
2024-06-04,412.42999267578125,416.44000244140625,409.67999267578125,416.07000732421875,408.8626403808594,14348900
2024-06-05,417.80999755859375,424.0799865722656,416.29998779296875,424.010009765625,416.66510009765625,16988000
2024-06-06,424.010009765625,425.30999755859375,420.5799865722656,424.5199890136719,417.166259765625,14861300
2024-06-07,426.20001220703125,426.2799987792969,423.0,423.8500061035156,416.50787353515625,13621700
2024-06-10,424.70001220703125,428.0799865722656,423.8900146484375,427.8699951171875,420.458251953125,13982900
2024-06-11,425.4800109863281,432.82000732421875,425.25,432.67999267578125,425.1849060058594,14551100
2024-06-12,435.32000732421875,443.3999938964844,433.25,441.05999755859375,433.41973876953125,22366200
2024-06-13,440.8500061035156,443.3900146484375,439.3699951171875,441.5799865722656,433.9307556152344,15960600
2024-06-14,438.2799987792969,443.1400146484375,436.7200012207031,442.57000732421875,434.903564453125,13582000
2024-06-17,442.5899963378906,450.94000244140625,440.7200012207031,448.3699951171875,440.6031494140625,20790000
2024-06-18,449.7099914550781,450.1400146484375,444.8900146484375,446.3399963378906,438.6083068847656,17112500
2024-06-20,446.29998779296875,446.5299987792969,441.2699890136719,445.70001220703125,437.97930908203125,19877400
2024-06-21,447.3800048828125,450.5799865722656,446.510009765625,449.7799987792969,441.98870849609375,34187100
2024-06-24,449.79998779296875,452.75,446.4100036621094,447.6700134277344,439.9151916503906,15913700
2024-06-25,448.25,451.4200134277344,446.75,450.95001220703125,443.138427734375,16413400
2024-06-26,449.0,453.6000061035156,448.19000244140625,452.1600036621094,444.32745361328125,16507000
2024-06-27,452.17999267578125,456.1700134277344,451.7699890136719,452.8500061035156,445.00555419921875,14806300
2024-06-28,453.07000732421875,455.3800048828125,446.4100036621094,446.95001220703125,439.20770263671875,28362300
2024-07-01,448.6600036621094,457.3699951171875,445.6600036621094,456.7300109863281,448.8182678222656,17662800
2024-07-02,453.20001220703125,459.5899963378906,453.1099853515625,459.2799987792969,451.3240966796875,13979800
2024-07-03,458.19000244140625,461.0199890136719,457.8800048828125,460.7699890136719,452.7882995605469,9932800
2024-07-05,459.6099853515625,468.3500061035156,458.9700012207031,467.55999755859375,459.4606628417969,16000300
2024-07-08,466.54998779296875,467.70001220703125,464.4599914550781,466.239990234375,458.16357421875,12962300
2024-07-09,467.0,467.3299865722656,458.0,459.5400085449219,451.57965087890625,17207200
2024-07-10,461.2200012207031,466.4599914550781,458.8599853515625,466.25,458.1733703613281,18196100
2024-07-11,462.9800109863281,464.7799987792969,451.54998779296875,454.70001220703125,446.8235168457031,23111200
2024-07-12,454.3299865722656,456.3599853515625,450.6499938964844,453.54998779296875,445.6933898925781,16324300
2024-07-15,453.29998779296875,457.260009765625,451.42999267578125,453.9599914550781,446.0962829589844,14429400
2024-07-16,454.2200012207031,454.29998779296875,446.6600036621094,449.5199890136719,441.733154296875,17175700
2024-07-17,442.5899963378906,444.8500061035156,439.17999267578125,443.5199890136719,435.8370666503906,21778000
2024-07-18,444.3399963378906,444.6499938964844,434.3999938964844,440.3699951171875,432.7416687011719,20794800
2024-07-19,433.1000061035156,441.1400146484375,432.0,437.1099853515625,429.5381164550781,20940400
2024-07-22,441.7900085449219,444.6000061035156,438.9100036621094,442.94000244140625,435.2671813964844,15808800
2024-07-23,443.8999938964844,448.3900146484375,443.1000061035156,444.8500061035156,437.1441345214844,13107100
2024-07-24,440.45001220703125,441.4800109863281,427.5899963378906,428.8999938964844,421.4704284667969,26805800
2024-07-25,428.79998779296875,429.79998779296875,417.510009765625,418.3999938964844,411.15228271484375,29943800
2024-07-26,418.20001220703125,428.9200134277344,417.2699890136719,425.2699890136719,417.90325927734375,23583800
2024-07-29,431.5799865722656,432.1499938964844,424.70001220703125,426.7300109863281,419.33795166015625,15125800
2024-07-30,427.7200012207031,429.04998779296875,417.3599853515625,422.9200134277344,415.5939636230469,32687600
2024-07-31,420.5,421.7799987792969,412.2099914550781,418.3500061035156,411.10308837890625,42891400
2024-08-01,420.7900085449219,427.4599914550781,413.0899963378906,417.1099853515625,409.8846130371094,30296400
2024-08-02,412.489990234375,415.0,404.3399963378906,408.489990234375,401.4139099121094,29437900
2024-08-05,389.1700134277344,401.0400085449219,385.5799865722656,395.1499938964844,388.3050231933594,40709200
2024-08-06,400.0,405.6700134277344,398.5,399.6099853515625,392.687744140625,24946500
2024-08-07,408.6400146484375,410.0799865722656,397.4700012207031,398.42999267578125,391.5282287597656,20650900
2024-08-08,402.44000244140625,405.8599853515625,399.94000244140625,402.69000244140625,395.71441650390625,20203000
2024-08-09,404.0299987792969,408.04998779296875,402.260009765625,406.0199890136719,398.9867248535156,19276700
2024-08-12,407.05999755859375,408.760009765625,404.239990234375,406.80999755859375,399.76300048828125,16762900
2024-08-13,409.5899963378906,414.95001220703125,409.57000732421875,414.010009765625,406.83837890625,19414300
2024-08-14,414.79998779296875,417.7200012207031,412.45001220703125,416.8599853515625,409.638916015625,18267000
2024-08-15,419.79998779296875,421.1099853515625,417.6600036621094,421.0299987792969,414.4824523925781,20752100
2024-08-16,420.6000061035156,421.3399963378906,417.29998779296875,418.4700012207031,411.9622802734375,22775600
2024-08-19,418.9599914550781,421.75,416.4599914550781,421.5299987792969,414.9746398925781,15234000
2024-08-20,421.70001220703125,425.8599853515625,421.6400146484375,424.79998779296875,418.19384765625,16387600
2024-08-21,424.0799865722656,426.3999938964844,421.7200012207031,424.1400146484375,417.5440979003906,16067300
2024-08-22,424.3599853515625,426.7900085449219,414.6099853515625,415.54998779296875,409.087646484375,19361900
2024-08-23,416.9800109863281,419.260009765625,412.0899963378906,416.7900085449219,410.3083801269531,18493800
2024-08-26,416.3699951171875,417.2799987792969,411.3399963378906,413.489990234375,407.0596618652344,13152800
2024-08-27,412.8599853515625,414.3599853515625,410.25,413.8399963378906,407.4042663574219,13492900
2024-08-28,414.8800048828125,415.0,407.30999755859375,410.6000061035156,404.2147216796875,14882700
2024-08-29,414.94000244140625,422.04998779296875,410.6000061035156,413.1199951171875,406.6954345703125,17045200
2024-08-30,415.6000061035156,417.489990234375,412.1300048828125,417.1400146484375,410.6529541015625,24308300
2024-09-03,417.9100036621094,419.8800048828125,407.0299987792969,409.44000244140625,403.0726318359375,20313600
2024-09-04,405.9100036621094,411.239990234375,404.3699951171875,408.8999938964844,402.541015625,15135800
2024-09-05,407.6199951171875,413.1000061035156,406.1300048828125,408.3900146484375,402.0389709472656,14195500
2024-09-06,409.05999755859375,410.6499938964844,400.79998779296875,401.70001220703125,395.45306396484375,19609500
2024-09-09,407.239990234375,408.6499938964844,402.1499938964844,405.7200012207031,399.4105529785156,15295100
2024-09-10,408.20001220703125,416.3299865722656,407.70001220703125,414.20001220703125,407.7586364746094,19594300
2024-09-11,415.5,423.989990234375,409.5799865722656,423.0400085449219,416.461181640625,19266900
2024-09-12,423.30999755859375,427.3699951171875,419.75,427.0,420.3595886230469,17395700
2024-09-13,425.8299865722656,431.8299865722656,425.4599914550781,430.5899963378906,423.893798828125,15874600
2024-09-16,430.6000061035156,433.5299987792969,428.2200012207031,431.3399963378906,424.632080078125,13834700
2024-09-17,440.2300109863281,441.8500061035156,432.2699890136719,435.1499938964844,428.38287353515625,18874200
2024-09-18,435.0,436.0299987792969,430.4100036621094,430.80999755859375,424.1103210449219,18898000
2024-09-19,441.2300109863281,441.5,436.8999938964844,438.69000244140625,431.8677978515625,21706600
2024-09-20,437.2200012207031,439.239990234375,434.2200012207031,435.2699890136719,428.5009765625,55167100
2024-09-23,434.2799987792969,436.4599914550781,430.3900146484375,433.510009765625,426.76837158203125,15128900
2024-09-24,433.0,433.3500061035156,426.1000061035156,429.1700134277344,422.495849609375,17015800
2024-09-25,429.8299865722656,433.1199951171875,428.57000732421875,432.1099853515625,425.39007568359375,13396400
2024-09-26,435.0899963378906,435.29998779296875,429.1300048828125,431.30999755859375,424.6025390625,14492000
2024-09-27,431.5199890136719,431.8500061035156,427.4700012207031,428.0199890136719,421.3637390136719,14896100
2024-09-30,428.2099914550781,430.4200134277344,425.3699951171875,430.29998779296875,423.6082458496094,16807300
2024-10-01,428.45001220703125,428.4800109863281,418.80999755859375,420.69000244140625,414.1477355957031,19092900
2024-10-02,422.5799865722656,422.82000732421875,416.7099914550781,417.1300048828125,410.64306640625,16582300
2024-10-03,417.6300048828125,419.54998779296875,414.2900085449219,416.5400085449219,410.0622253417969,13686400
2024-10-04,418.239990234375,419.75,414.9700012207031,416.05999755859375,409.5897216796875,19169700
2024-10-07,416.0,417.1099853515625,409.0,409.5400085449219,403.1711120605469,20919800
2024-10-08,410.8999938964844,415.6600036621094,408.1700134277344,414.7099914550781,408.2607116699219,19229300
2024-10-09,415.8599853515625,420.3800048828125,414.29998779296875,417.4599914550781,410.9678955078125,14974300
2024-10-10,415.2300109863281,417.3500061035156,413.1499938964844,415.8399963378906,409.3731384277344,13848400
2024-10-11,416.1400146484375,417.1300048828125,413.25,416.32000732421875,409.8457336425781,14144900
2024-10-14,417.7699890136719,424.0400085449219,417.5199890136719,419.1400146484375,412.621826171875,16653100
2024-10-15,422.17999267578125,422.4800109863281,415.260009765625,418.739990234375,412.2280578613281,18900200
2024-10-16,415.1700134277344,416.3599853515625,410.4800109863281,416.1199951171875,409.6488037109375,15508900
2024-10-17,422.3599853515625,422.5,415.5899963378906,416.7200012207031,410.2394104003906,14820000
2024-10-18,417.1400146484375,419.6499938964844,416.260009765625,418.1600036621094,411.6570739746094,17145300
2024-10-21,416.1199951171875,418.9599914550781,413.75,418.7799987792969,412.2674255371094,14206100
2024-10-22,418.489990234375,430.5799865722656,418.0400085449219,427.510009765625,420.86163330078125,25482200
2024-10-23,430.8599853515625,431.0799865722656,422.5299987792969,424.6000061035156,417.9969482421875,19654400
2024-10-24,425.3299865722656,425.9800109863281,422.3999938964844,424.7300109863281,418.1248779296875,13581600
2024-10-25,426.760009765625,432.5199890136719,426.57000732421875,428.1499938964844,421.4916687011719,16899100
2024-10-28,431.6600036621094,431.94000244140625,426.29998779296875,426.5899963378906,419.95599365234375,14882400
2024-10-29,428.0,433.1700134277344,425.79998779296875,431.95001220703125,425.23260498046875,17644100
2024-10-30,437.44000244140625,438.5,432.1000061035156,432.5299987792969,425.8036193847656,29749100
2024-10-31,415.3599853515625,416.1600036621094,406.29998779296875,406.3500061035156,400.0307312011719,53971000
2024-11-01,409.010009765625,415.5,407.5,410.3699951171875,403.9882507324219,24230400
2024-11-04,409.79998779296875,410.4200134277344,405.57000732421875,408.4599914550781,402.1078796386719,19672300
2024-11-05,408.3699951171875,414.8999938964844,408.0799865722656,411.4599914550781,405.06121826171875,17626000
2024-11-06,412.4200134277344,420.45001220703125,410.5199890136719,420.17999267578125,413.6456298828125,26681800
2024-11-07,421.2799987792969,426.8500061035156,419.8800048828125,425.42999267578125,418.81402587890625,19901800
2024-11-08,425.32000732421875,426.5,421.7799987792969,422.5400085449219,415.9690246582031,16891400
2024-11-11,422.5199890136719,424.80999755859375,416.0,418.010009765625,411.50946044921875,24503300
2024-11-12,418.25,424.44000244140625,417.20001220703125,423.0299987792969,416.45135498046875,19401200
2024-11-13,421.6400146484375,429.3299865722656,418.2099914550781,425.20001220703125,418.5876159667969,21502200
2024-11-14,425.0,428.1700134277344,420.0,426.8900146484375,420.2513122558594,30246900
2024-11-15,419.82000732421875,422.79998779296875,413.6400146484375,415.0,408.546142578125,28247600
2024-11-18,414.8699951171875,418.3999938964844,412.1000061035156,415.760009765625,409.29443359375,24727000
2024-11-19,413.1099853515625,417.94000244140625,411.54998779296875,417.7900085449219,411.2928161621094,18133500
2024-11-20,416.8699951171875,417.2900085449219,410.5799865722656,415.489990234375,409.028564453125,19191700
2024-11-21,419.5,419.7799987792969,410.2900085449219,412.8699951171875,407.26287841796875,20780200
2024-11-22,411.3699951171875,417.3999938964844,411.05999755859375,417.0,411.3367919921875,24814600
2024-11-25,418.3800048828125,421.0799865722656,414.8500061035156,418.7900085449219,413.10247802734375,27691100
2024-11-26,419.5899963378906,429.0400085449219,418.8500061035156,427.989990234375,422.17755126953125,23458900
2024-11-27,425.1099853515625,427.2300109863281,422.0199890136719,422.989990234375,417.2454528808594,18332400
2024-11-29,420.0899963378906,424.8800048828125,417.79998779296875,423.4599914550781,417.70904541015625,16271900
2024-12-02,421.57000732421875,433.0,421.30999755859375,430.9800109863281,425.1269836425781,20207200
2024-12-03,429.8399963378906,432.4700012207031,427.739990234375,431.20001220703125,425.34393310546875,18302000
2024-12-04,433.0299987792969,439.6700134277344,432.6300048828125,437.4200134277344,431.4794921875,26009400
2024-12-05,437.9200134277344,444.6600036621094,436.1700134277344,442.6199951171875,436.60882568359375,21697800
2024-12-06,442.29998779296875,446.1000061035156,441.7699890136719,443.57000732421875,437.54595947265625,18821000
2024-12-09,442.6000061035156,448.3299865722656,440.5,446.0199890136719,439.96270751953125,19144400
2024-12-10,444.3900146484375,449.6199951171875,441.6000061035156,443.3299865722656,437.3092041015625,18469500
2024-12-11,444.04998779296875,450.3500061035156,444.04998779296875,448.989990234375,442.8923645019531,19200200
2024-12-12,449.1099853515625,456.1600036621094,449.1099853515625,449.55999755859375,443.4546203613281,20834800
2024-12-13,448.44000244140625,451.42999267578125,445.5799865722656,447.2699890136719,441.1957092285156,20177800
2024-12-16,447.2699890136719,452.17999267578125,445.2799987792969,451.5899963378906,445.4570617675781,23598800
2024-12-17,451.010009765625,455.2900085449219,449.57000732421875,454.4599914550781,448.2880554199219,22733500
2024-12-18,451.32000732421875,452.6499938964844,437.0199890136719,437.3900146484375,431.4499206542969,24444500
2024-12-19,441.6199951171875,443.17999267578125,436.32000732421875,437.0299987792969,431.09478759765625,22963700
2024-12-20,433.1099853515625,443.739990234375,428.6300048828125,436.6000061035156,430.67059326171875,64263700
2024-12-23,436.739990234375,437.6499938964844,432.8299865722656,435.25,429.3389587402344,19152500
2024-12-24,434.6499938964844,439.6000061035156,434.19000244140625,439.3299865722656,433.363525390625,7164500
2024-12-26,439.0799865722656,440.94000244140625,436.6300048828125,438.1099853515625,432.16009521484375,8194200
2024-12-27,434.6000061035156,435.2200012207031,426.3500061035156,430.5299987792969,424.68304443359375,18117700
2024-12-30,426.05999755859375,427.54998779296875,421.8999938964844,424.8299865722656,419.06048583984375,13158700
2024-12-31,426.1000061035156,426.7300109863281,420.6600036621094,421.5,415.7756652832031,13246500
2025-01-02,425.5299987792969,426.07000732421875,414.8500061035156,418.5799865722656,412.8952941894531,16896500
2025-01-03,421.0799865722656,424.0299987792969,419.5400085449219,423.3500061035156,417.6005554199219,16662900
2025-01-06,428.0,434.32000732421875,425.4800109863281,427.8500061035156,422.0394287109375,20573600
2025-01-07,429.0,430.6499938964844,420.79998779296875,422.3699951171875,416.6338806152344,18139100
2025-01-08,423.4599914550781,426.9700012207031,421.5400085449219,424.55999755859375,418.79412841796875,15054600
2025-01-10,424.6300048828125,424.7099914550781,415.0199890136719,418.95001220703125,413.2602844238281,20201100
2025-01-13,415.239990234375,418.5,412.2900085449219,417.19000244140625,411.5242614746094,17604800
2025-01-14,417.80999755859375,419.739990234375,410.7200012207031,415.6700134277344,410.0248718261719,16935900
2025-01-15,419.1300048828125,428.1499938964844,418.2699890136719,426.30999755859375,420.5203857421875,19637800
2025-01-16,428.70001220703125,429.489990234375,424.3900146484375,424.5799865722656,418.8138427734375,15300000
2025-01-17,434.0899963378906,434.4800109863281,428.1700134277344,429.0299987792969,423.2033996582031,26197500
2025-01-21,430.20001220703125,430.8999938964844,425.6000061035156,428.5,422.6806640625,26085700
2025-01-22,437.55999755859375,447.2699890136719,436.0,446.20001220703125,440.1402587890625,27803800
2025-01-23,442.0,446.75,441.5,446.7099914550781,440.6432800292969,18389300
2025-01-24,445.1600036621094,446.6499938964844,441.3999938964844,444.05999755859375,438.029296875,15549500
2025-01-27,424.010009765625,435.20001220703125,423.5,434.55999755859375,428.6583557128906,35647800
2025-01-28,434.6000061035156,448.3800048828125,431.3800048828125,447.20001220703125,441.1266784667969,23491700
2025-01-29,446.69000244140625,446.8800048828125,440.3999938964844,442.3299865722656,436.3227844238281,23581400
2025-01-30,418.7699890136719,422.8599853515625,413.1600036621094,414.989990234375,409.3540954589844,54586300
2025-01-31,418.9800109863281,420.69000244140625,414.9100036621094,415.05999755859375,409.42315673828125,34161900
2025-02-03,411.6000061035156,415.4100036621094,408.6600036621094,410.9200134277344,405.3393859863281,25679100
2025-02-04,412.69000244140625,413.9200134277344,409.739990234375,412.3699951171875,406.7696838378906,20532100
2025-02-05,412.3500061035156,413.8299865722656,410.3999938964844,413.2900085449219,407.6772155761719,16316700
2025-02-06,414.0,418.20001220703125,414.0,415.82000732421875,410.1728210449219,16309800
2025-02-07,416.4800109863281,418.6499938964844,408.1000061035156,409.75,404.1852722167969,22886800
2025-02-10,413.7099914550781,415.4599914550781,410.9200134277344,412.2200012207031,406.62176513671875,20817900
2025-02-11,409.6400146484375,412.489990234375,409.29998779296875,411.44000244140625,405.8523254394531,18140600
2025-02-12,407.2099914550781,410.75,404.3699951171875,409.0400085449219,403.4849548339844,19121700
2025-02-13,407.0,411.0,406.3599853515625,410.5400085449219,404.96453857421875,23891700
2025-02-14,407.7900085449219,408.9100036621094,405.8800048828125,408.42999267578125,402.88323974609375,22758500
2025-02-18,408.0,410.6000061035156,406.5,409.6400146484375,404.0767822265625,21423100
2025-02-19,407.8800048828125,415.489990234375,407.6499938964844,414.7699890136719,409.1370544433594,24114200
2025-02-20,415.2900085449219,419.30999755859375,412.5400085449219,416.1300048828125,411.30169677734375,23508700
2025-02-21,417.3399963378906,418.04998779296875,407.8900146484375,408.2099914550781,403.47357177734375,27524800
2025-02-24,408.510009765625,409.3699951171875,399.32000732421875,404.0,399.3124694824219,26443700
2025-02-25,401.1000061035156,401.9200134277344,396.70001220703125,397.8999938964844,393.2831726074219,29387400
2025-02-26,398.010009765625,403.6000061035156,394.25,399.7300109863281,395.09197998046875,19619000
2025-02-27,401.2699890136719,405.739990234375,392.1700134277344,392.5299987792969,387.9754943847656,21127400
2025-02-28,392.6600036621094,397.6300048828125,386.57000732421875,396.989990234375,392.38372802734375,32845700
2025-03-03,398.82000732421875,398.82000732421875,386.1600036621094,388.489990234375,383.9823913574219,23007700
2025-03-04,383.3999938964844,392.5799865722656,381.0,388.6099853515625,384.1009521484375,29342900
2025-03-05,389.3399963378906,401.6700134277344,388.80999755859375,401.0199890136719,396.36700439453125,23433100
2025-03-06,394.2799987792969,402.1499938964844,392.67999267578125,396.8900146484375,392.2849426269531,23304600
2025-03-07,392.32000732421875,394.79998779296875,385.5400085449219,393.30999755859375,388.7464599609375,22034100
2025-03-10,385.8399963378906,386.3999938964844,377.2200012207031,380.1600036621094,375.7490539550781,32840100
2025-03-11,379.0,386.0,376.9100036621094,380.45001220703125,376.0356750488281,30380200
2025-03-12,382.95001220703125,385.2200012207031,378.95001220703125,383.2699890136719,378.82293701171875,24253600
2025-03-13,383.1600036621094,385.32000732421875,377.45001220703125,378.7699890136719,374.3751525878906,20473000
2025-03-14,379.7799987792969,390.2300109863281,379.510009765625,388.55999755859375,384.05157470703125,19952800
2025-03-17,386.70001220703125,392.7099914550781,385.57000732421875,388.70001220703125,384.1899719238281,22474300
2025-03-18,387.07000732421875,387.3699951171875,381.1000061035156,383.5199890136719,379.070068359375,19486900
2025-03-19,385.5299987792969,389.67999267578125,384.0,387.82000732421875,383.3201904296875,19185500
2025-03-20,385.739990234375,391.7900085449219,383.2799987792969,386.8399963378906,382.3515319824219,18470500
2025-03-21,383.2200012207031,391.739990234375,382.79998779296875,391.260009765625,386.72027587890625,39675900
2025-03-24,395.3999938964844,395.3999938964844,389.80999755859375,393.0799865722656,388.5191345214844,21004500
2025-03-25,393.9200134277344,396.3599853515625,392.6400146484375,395.1600036621094,390.57501220703125,15775000
2025-03-26,395.0,395.30999755859375,388.57000732421875,389.9700012207031,385.4452209472656,16108400
2025-03-27,390.1300048828125,392.239990234375,387.3999938964844,390.5799865722656,386.048095703125,13766800
2025-03-28,388.0799865722656,389.1300048828125,376.92999267578125,378.79998779296875,374.40484619140625,21632000
2025-03-31,372.5400085449219,377.07000732421875,367.239990234375,375.3900146484375,371.034423828125,35184700
2025-04-01,374.6499938964844,382.8500061035156,373.2300109863281,382.19000244140625,377.7554931640625,19689500
2025-04-02,377.9700012207031,385.0799865722656,376.6199951171875,382.1400146484375,377.7060852050781,16092600
2025-04-03,374.7900085449219,377.4800109863281,369.3500061035156,373.1099853515625,368.7808532714844,30198000
2025-04-04,364.1300048828125,374.5899963378906,359.4800109863281,359.8399963378906,355.664794921875,49209900
2025-04-07,350.8800048828125,371.0,344.7900085449219,357.8599853515625,353.7077331542969,50425000
2025-04-08,368.260009765625,373.6499938964844,350.25,354.55999755859375,350.4460754394531,35868900
2025-04-09,353.5400085449219,393.2300109863281,353.1000061035156,390.489990234375,385.9591979980469,50199700
2025-04-10,382.05999755859375,383.8999938964844,367.79998779296875,381.3500061035156,376.9252014160156,38024400
2025-04-11,380.6400146484375,390.04998779296875,378.8900146484375,388.45001220703125,383.9428405761719,23839200
2025-04-14,393.2200012207031,394.6499938964844,384.2099914550781,387.80999755859375,383.3102722167969,19251200
2025-04-15,388.510009765625,391.8900146484375,384.1600036621094,385.7300109863281,381.2544250488281,17199900
2025-04-16,380.6700134277344,381.6099853515625,368.0,371.6099853515625,367.2982177734375,21967800
2025-04-17,373.75,374.32000732421875,366.8900146484375,367.7799987792969,363.5126953125,21120200
2025-04-21,362.82000732421875,364.4800109863281,355.6700134277344,359.1199951171875,354.95318603515625,20807300
2025-04-22,363.3800048828125,367.7699890136719,359.8599853515625,366.82000732421875,362.5638122558594,19485000
2025-04-23,376.05999755859375,380.3900146484375,373.0199890136719,374.3900146484375,370.04595947265625,20545500
2025-04-24,375.70001220703125,388.45001220703125,375.19000244140625,387.29998779296875,382.80615234375,22232300
2025-04-25,387.0,392.1600036621094,384.6000061035156,391.8500061035156,387.3034362792969,18973200
2025-04-28,391.9599914550781,392.739990234375,386.6400146484375,391.1600036621094,386.6214294433594,16579400
2025-04-29,391.29998779296875,395.1000061035156,390.3800048828125,394.0400085449219,389.4679870605469,14974000
2025-04-30,390.29998779296875,396.6600036621094,384.44000244140625,395.260009765625,390.6738586425781,36461100
2025-05-01,431.1099853515625,436.989990234375,424.8999938964844,425.3999938964844,420.464111328125,58938100
2025-05-02,431.739990234375,439.44000244140625,429.989990234375,435.2799987792969,430.2294921875,30757400
2025-05-05,432.8699951171875,439.5,432.1099853515625,436.1700134277344,431.10919189453125,20136100
2025-05-06,432.20001220703125,437.7300109863281,431.1700134277344,433.30999755859375,428.2823486328125,15104200
2025-05-07,433.8399963378906,438.1199951171875,431.1099853515625,433.3500061035156,428.3218688964844,23295300
2025-05-08,437.92999267578125,443.6700134277344,435.6600036621094,438.1700134277344,433.0859680175781,23491300
2025-05-09,440.0,440.739990234375,435.8800048828125,438.7300109863281,433.6394348144531,15324200
2025-05-12,445.94000244140625,449.3699951171875,439.7799987792969,449.260009765625,444.0472717285156,22821900
2025-05-13,447.7799987792969,450.6700134277344,445.3599853515625,449.1400146484375,443.9287109375,23618800
2025-05-14,448.1400146484375,453.8999938964844,448.1400146484375,452.94000244140625,447.6846008300781,19902800
2025-05-15,450.7699890136719,456.19000244140625,450.42999267578125,453.1300048828125,448.694580078125,21992300
2025-05-16,452.04998779296875,454.3599853515625,448.7300109863281,454.2699890136719,449.82342529296875,23849800
2025-05-19,450.8800048828125,459.5899963378906,450.79998779296875,458.8699951171875,454.3783874511719,21336500
2025-05-20,455.5899963378906,458.3399963378906,454.32000732421875,458.1700134277344,453.685302734375,15441800
2025-05-21,454.57000732421875,457.7799987792969,451.80999755859375,452.57000732421875,448.1401062011719,19216900
2025-05-22,454.95001220703125,460.25,453.8999938964844,454.8599853515625,450.4076843261719,18025600
2025-05-23,449.9800109863281,453.69000244140625,448.9100036621094,450.17999267578125,445.7734680175781,16883500
2025-05-27,456.4800109863281,460.95001220703125,456.1199951171875,460.69000244140625,456.18060302734375,20974300
2025-05-28,461.2200012207031,462.5199890136719,456.92999267578125,457.3599853515625,452.8831787109375,17086300
2025-05-29,461.54998779296875,461.7200012207031,455.30999755859375,458.67999267578125,454.1903076171875,13974800
2025-05-30,459.7200012207031,461.67999267578125,455.5400085449219,460.3599853515625,455.8537902832031,34770500
2025-06-02,457.1400146484375,462.1099853515625,456.8900146484375,461.9700012207031,457.44805908203125,16626500
2025-06-03,461.4700012207031,464.1400146484375,460.8599853515625,462.9700012207031,458.43829345703125,15743800
2025-06-04,464.0,465.69000244140625,463.0199890136719,463.8699951171875,459.3294677734375,14162700
2025-06-05,464.9599914550781,469.6499938964844,464.0299987792969,467.67999267578125,463.1021728515625,20131700
2025-06-06,470.0899963378906,473.3399963378906,468.7799987792969,470.3800048828125,465.7757568359375,15285600
2025-06-09,469.70001220703125,473.42999267578125,468.6199951171875,472.75,468.12255859375,16469900
2025-06-10,471.19000244140625,472.79998779296875,466.9599914550781,470.9200134277344,466.31048583984375,15375900
2025-06-11,470.0199890136719,475.4700012207031,469.6600036621094,472.6199951171875,467.99383544921875,16399200
2025-06-12,475.0199890136719,480.4200134277344,473.5199890136719,478.8699951171875,474.1826171875,18950600
2025-06-13,476.4100036621094,479.17999267578125,472.760009765625,474.9599914550781,470.3108825683594,16814500
2025-06-16,475.2099914550781,480.69000244140625,475.0,479.1400146484375,474.45001220703125,15626100
2025-06-17,475.3999938964844,478.739990234375,474.0799865722656,478.0400085449219,473.36077880859375,15414100
2025-06-18,478.0,481.0,474.4599914550781,480.239990234375,475.53924560546875,17526500
2025-06-20,482.2300109863281,483.4599914550781,476.8699951171875,477.3999938964844,472.7270202636719,37576200
2025-06-23,478.2099914550781,487.75,472.510009765625,486.0,481.24285888671875,24864000
2025-06-24,488.95001220703125,491.8500061035156,486.79998779296875,490.1099853515625,485.3125915527344,22305600
2025-06-25,492.0400085449219,494.55999755859375,489.3900146484375,492.2699890136719,487.45147705078125,17495100
2025-06-26,492.9800109863281,498.0400085449219,492.80999755859375,497.45001220703125,492.580810546875,21578900
2025-06-27,497.54998779296875,499.29998779296875,493.0299987792969,495.94000244140625,491.0855407714844,34539200
2025-06-30,497.0400085449219,500.760009765625,495.3299865722656,497.4100036621094,492.54119873046875,28369000
2025-07-01,496.4700012207031,498.04998779296875,490.9800109863281,492.04998779296875,487.2336120605469,19945400
2025-07-02,489.989990234375,493.5,488.70001220703125,491.0899963378906,486.2830505371094,16319600
2025-07-03,493.80999755859375,500.1300048828125,493.44000244140625,498.8399963378906,493.9571838378906,13984800
2025-07-07,497.3800048828125,498.75,495.2300109863281,497.7200012207031,492.84814453125,13981600
2025-07-08,497.239990234375,498.20001220703125,494.1099853515625,496.6199951171875,491.7588806152344,11846600
2025-07-09,500.29998779296875,506.7799987792969,499.739990234375,503.510009765625,498.5814514160156,18659500
2025-07-10,503.04998779296875,504.44000244140625,497.75,501.4800109863281,496.5713195800781,16492100
2025-07-11,498.4700012207031,505.0299987792969,497.79998779296875,503.32000732421875,498.3933410644531,16459500
2025-07-14,501.5199890136719,503.9700012207031,501.0299987792969,503.0199890136719,498.09625244140625,12058800
2025-07-15,503.0199890136719,508.29998779296875,502.7900085449219,505.82000732421875,500.8688659667969,14927200
2025-07-16,505.17999267578125,506.7200012207031,501.8900146484375,505.6199951171875,500.67083740234375,15154400
2025-07-17,505.67999267578125,513.3699951171875,505.6199951171875,511.70001220703125,506.6913146972656,17503100
2025-07-18,514.47998046875,514.6400146484375,507.42999267578125,510.04998779296875,505.0574645996094,21209700
2025-07-21,506.7099914550781,512.0900268554688,505.54998779296875,510.05999755859375,505.0673522949219,14066800
2025-07-22,510.9700012207031,511.20001220703125,505.2699890136719,505.2699890136719,500.32421875,13868600
2025-07-23,506.75,506.7900085449219,500.70001220703125,505.8699951171875,500.9183349609375,16396600
2025-07-24,508.7699890136719,513.6699829101562,507.29998779296875,510.8800048828125,505.87933349609375,16107000
2025-07-25,512.469970703125,518.2899780273438,510.3599853515625,513.7100219726562,508.6816101074219,19125700
2025-07-28,514.0800170898438,515.0,510.1199951171875,512.5,507.48345947265625,14308000
2025-07-29,515.530029296875,517.6199951171875,511.55999755859375,512.5700073242188,507.5527648925781,16469200
2025-07-30,515.1699829101562,515.9500122070312,509.44000244140625,513.239990234375,508.2162170410156,26380400
2025-07-31,555.22998046875,555.4500122070312,531.9000244140625,533.5,528.2778930664062,51617300
2025-08-01,535.0,535.7999877929688,520.8599853515625,524.1099853515625,518.9797973632812,28977600
2025-08-04,528.27001953125,538.25,528.1300048828125,535.6400146484375,530.3970336914062,25349000
2025-08-05,537.1799926757812,537.2999877929688,527.239990234375,527.75,522.5841674804688,19171600
2025-08-06,530.9000244140625,531.7000122070312,524.030029296875,524.9400024414062,519.8017578125,21355700
2025-08-07,526.7999877929688,528.0900268554688,517.5499877929688,520.8400268554688,515.7418823242188,16079100
2025-08-08,522.5999755859375,524.6599731445312,519.4099731445312,522.0399780273438,516.9299926757812,15531000
2025-08-11,522.2999877929688,527.5900268554688,519.719970703125,521.77001953125,516.6627197265625,20194400
2025-08-12,523.75,530.97998046875,522.7000122070312,529.239990234375,524.0595703125,18667000
2025-08-13,532.1099853515625,532.7000122070312,519.3699951171875,520.5800170898438,515.4844360351562,19619200
2025-08-14,522.5599975585938,525.9500122070312,520.1400146484375,522.47998046875,517.3657836914062,20269100
2025-08-15,522.77001953125,526.0999755859375,519.0800170898438,520.1699829101562,515.078369140625,25213300
2025-08-18,521.5900268554688,522.8200073242188,514.02001953125,517.0999755859375,512.0384521484375,23760600
2025-08-19,515.0,515.1599731445312,508.54998779296875,509.7699890136719,504.7801513671875,21481000
2025-08-20,509.8699951171875,511.0,504.44000244140625,505.7200012207031,500.7698669433594,27723000
2025-08-21,503.69000244140625,507.6300048828125,502.7200012207031,504.239990234375,500.1250915527344,18443300
2025-08-22,504.25,510.7300109863281,502.4100036621094,507.2300109863281,503.09075927734375,24324200
2025-08-25,506.6300048828125,508.19000244140625,504.1199951171875,504.260009765625,500.1449890136719,21638600
2025-08-26,504.3599853515625,504.9800109863281,498.510009765625,502.0400085449219,497.943115234375,30835700
2025-08-27,502.0,507.2900085449219,499.8999938964844,506.739990234375,502.604736328125,17277900
2025-08-28,507.0899963378906,511.0899963378906,505.5,509.6400146484375,505.4811096191406,18015600
2025-08-29,508.6600036621094,509.6000061035156,504.489990234375,506.69000244140625,502.5551452636719,20961600
2025-09-02,500.4700012207031,506.0,496.80999755859375,505.1199951171875,500.9979248046875,18128000
2025-09-03,503.7900085449219,507.7900085449219,502.32000732421875,505.3500061035156,501.22607421875,16345100
2025-09-04,504.29998779296875,508.1499938964844,503.1499938964844,507.9700012207031,503.82470703125,15509500
2025-09-05,509.07000732421875,511.9700012207031,492.3699951171875,495.0,490.9605407714844,31994800
2025-09-08,498.1099853515625,501.20001220703125,495.0299987792969,498.20001220703125,494.1344299316406,16771000
2025-09-09,501.42999267578125,502.25,497.70001220703125,498.4100036621094,494.34271240234375,14410500
2025-09-10,502.9800109863281,503.2300109863281,496.7200012207031,500.3699951171875,496.2867126464844,21611800
2025-09-11,502.25,503.1700134277344,497.8800048828125,501.010009765625,496.9215087890625,18881600
2025-09-12,506.6499938964844,512.5499877929688,503.8500061035156,509.8999938964844,505.73895263671875,23624900
2025-09-15,508.7900085449219,515.469970703125,507.0,515.3599853515625,511.1543884277344,17143800
2025-09-16,516.8800048828125,517.22998046875,508.6000061035156,509.0400085449219,504.8859558105469,19711900
2025-09-17,510.6199951171875,511.2900085449219,505.92999267578125,510.0199890136719,505.85797119140625,15816600
2025-09-18,511.489990234375,513.0700073242188,507.6600036621094,508.45001220703125,504.3008117675781,18913700
2025-09-19,510.55999755859375,519.2999877929688,510.30999755859375,517.9299926757812,513.7034301757812,52474100
2025-09-22,515.5900268554688,517.739990234375,512.5399780273438,514.4500122070312,510.2518310546875,20009300
2025-09-23,513.7999877929688,514.5900268554688,507.30999755859375,509.2300109863281,505.074462890625,19799600
2025-09-24,510.3800048828125,512.47998046875,506.9200134277344,510.1499938964844,505.9869079589844,13533700
2025-09-25,508.29998779296875,510.010009765625,505.0400085449219,507.0299987792969,502.8923645019531,15786500
2025-09-26,510.05999755859375,513.9400024414062,506.6199951171875,511.4599914550781,507.2861633300781,16213100
2025-09-29,511.5,516.8499755859375,508.8800048828125,514.5999755859375,510.4005432128906,17617800
2025-09-30,513.239990234375,518.1599731445312,509.6600036621094,517.9500122070312,513.7232666015625,19728200
2025-10-01,514.7999877929688,520.510009765625,511.69000244140625,519.7100219726562,515.4688720703125,22632300
2025-10-02,517.6400146484375,521.5999755859375,510.67999267578125,515.739990234375,511.53125,21222900
2025-10-03,517.0999755859375,520.489990234375,515.0,517.3499755859375,513.1281127929688,15112300
2025-10-06,518.6099853515625,531.030029296875,518.2000122070312,528.5700073242188,524.256591796875,21388600
2025-10-07,528.2899780273438,529.7999877929688,521.4400024414062,523.97998046875,519.7040405273438,14615200
2025-10-08,523.280029296875,526.9500122070312,523.0900268554688,524.8499755859375,520.56689453125,13363400
2025-10-09,522.3400268554688,524.3300170898438,517.4000244140625,522.4000244140625,518.136962890625,18343600
2025-10-10,519.6400146484375,523.5800170898438,509.6300048828125,510.9599914550781,506.790283203125,24133800
2025-10-13,516.4099731445312,516.4099731445312,511.67999267578125,514.0499877929688,509.8551025390625,14284200
2025-10-14,510.2300109863281,515.280029296875,506.0,513.5700073242188,509.3789367675781,14684300
2025-10-15,514.9600219726562,517.1900024414062,510.0,513.4299926757812,509.2401428222656,14694700
2025-10-16,512.5800170898438,516.8499755859375,508.1300048828125,511.6099853515625,507.4349670410156,15559600
2025-10-17,509.0400085449219,515.47998046875,507.30999755859375,513.5800170898438,509.3889465332031,19867800
2025-10-20,514.6099853515625,518.7000122070312,513.4299926757812,516.7899780273438,512.5726928710938,14665600
2025-10-21,517.5,518.6900024414062,513.0399780273438,517.6599731445312,513.4356079101562,15586200
2025-10-22,521.1500244140625,525.22998046875,517.7100219726562,520.5399780273438,516.2920532226562,18962700
2025-10-23,522.4600219726562,523.9500122070312,518.6099853515625,520.5599975585938,516.3119506835938,14023500
2025-10-24,522.7899780273438,525.3499755859375,520.7100219726562,523.6099853515625,519.3370361328125,15532400
2025-10-27,531.780029296875,534.5800170898438,529.010009765625,531.52001953125,527.1825561523438,18734700
2025-10-28,550.0,553.719970703125,540.77001953125,542.0700073242188,537.6463623046875,29986700
2025-10-29,544.9400024414062,546.27001953125,536.72998046875,541.5499877929688,537.130615234375,36023000
2025-10-30,530.47998046875,534.969970703125,522.1199951171875,525.760009765625,521.469482421875,41023100
2025-10-31,528.8800048828125,529.3200073242188,515.0999755859375,517.8099975585938,513.5843505859375,34006400
2025-11-03,519.8099975585938,524.9600219726562,514.5900268554688,517.030029296875,512.8107299804688,22374700
2025-11-04,511.760009765625,515.5499877929688,507.8399963378906,514.3300170898438,510.1328430175781,20958700
2025-11-05,513.2999877929688,514.8300170898438,506.5799865722656,507.1600036621094,503.02130126953125,23024300
2025-11-06,505.6600036621094,505.70001220703125,495.80999755859375,497.1000061035156,493.04339599609375,27406500
2025-11-07,496.95001220703125,499.3800048828125,493.25,496.82000732421875,492.76568603515625,24019800
2025-11-10,500.0400085449219,506.8500061035156,498.79998779296875,506.0,501.8707580566406,26101500
2025-11-11,504.79998779296875,509.6000061035156,502.3500061035156,508.67999267578125,504.5289001464844,17980000
2025-11-12,509.3599853515625,511.6700134277344,499.1199951171875,511.1400146484375,506.9688415527344,26574900
2025-11-13,510.30999755859375,513.5,501.2900085449219,503.2900085449219,499.182861328125,25273100
2025-11-14,498.2300109863281,511.6000061035156,497.44000244140625,510.17999267578125,506.0166931152344,28505700
2025-11-17,508.45001220703125,512.1199951171875,504.9100036621094,507.489990234375,503.3486022949219,19092800
2025-11-18,495.3699951171875,502.9800109863281,486.7799987792969,493.7900085449219,489.76043701171875,33815100
2025-11-19,490.1000061035156,495.19000244140625,482.8299865722656,487.1199951171875,483.1448669433594,23245300
2025-11-20,492.7099914550781,493.57000732421875,475.5,478.42999267578125,475.4139099121094,26802500
2025-11-21,478.5,478.9200134277344,468.2699890136719,472.1199951171875,469.1436462402344,31769200
2025-11-24,475.0,476.8999938964844,468.0199890136719,474.0,471.0118408203125,34421000
2025-11-25,474.07000732421875,479.1499938964844,464.8900146484375,476.989990234375,473.9829406738281,28019800
2025-11-26,486.30999755859375,488.30999755859375,481.20001220703125,485.5,482.4393005371094,25709100
2025-11-28,487.6000061035156,492.6300048828125,486.6499938964844,492.010009765625,488.9082946777344,14386700
2025-12-01,488.44000244140625,489.8599853515625,484.6499938964844,486.739990234375,483.6714782714844,23964000
2025-12-02,486.7200012207031,493.5,486.32000732421875,490.0,486.91094970703125,19562700
2025-12-03,476.32000732421875,484.239990234375,475.20001220703125,477.7300109863281,474.7182922363281,34615100
2025-12-04,479.760009765625,481.32000732421875,476.489990234375,480.8399963378906,477.8086853027344,22318200
2025-12-05,482.5199890136719,483.3999938964844,478.8800048828125,483.1600036621094,480.11407470703125,22608700
2025-12-08,484.8900146484375,492.29998779296875,484.3800048828125,491.0199890136719,487.9245300292969,21965900
2025-12-09,489.1000061035156,492.1199951171875,488.5,492.0199890136719,488.9181823730469,14696100
2025-12-10,484.0299987792969,484.25,475.0799865722656,478.55999755859375,475.5430603027344,35756200
2025-12-11,476.6300048828125,486.0299987792969,475.8599853515625,483.4700012207031,480.422119140625,24669200
2025-12-12,479.82000732421875,482.45001220703125,476.3399963378906,478.5299987792969,475.51324462890625,21248100
2025-12-15,480.1000061035156,480.7200012207031,472.5199890136719,474.82000732421875,471.82666015625,23727700
2025-12-16,471.9100036621094,477.8900146484375,470.8800048828125,476.3900146484375,473.38677978515625,20705600
2025-12-17,476.9100036621094,480.0,475.0,476.1199951171875,473.1184387207031,24527200
2025-12-18,478.19000244140625,489.6000061035156,477.8900146484375,483.9800109863281,480.92889404296875,28573500
2025-12-19,487.3599853515625,487.8500061035156,482.489990234375,485.9200134277344,482.8566589355469,70836100
2025-12-22,486.1199951171875,488.7300109863281,482.69000244140625,484.9200134277344,481.8630065917969,16963000
2025-12-23,484.9800109863281,487.8299865722656,484.739990234375,486.8500061035156,483.78082275390625,14683600
2025-12-24,485.67999267578125,489.1600036621094,484.8299865722656,488.0199890136719,484.94342041015625,5855900
2025-12-26,486.7099914550781,488.1199951171875,485.9599914550781,487.7099914550781,484.6354064941406,8842200
2025-12-29,484.8599853515625,488.3500061035156,484.17999267578125,487.1000061035156,484.02923583984375,10893400
2025-12-30,485.92999267578125,489.67999267578125,485.5,487.4800109863281,484.4068603515625,13944500
2025-12-31,487.8399963378906,488.1400146484375,483.29998779296875,483.6199951171875,480.5711669921875,15601600
2026-01-02,484.3900146484375,484.6600036621094,470.1600036621094,472.94000244140625,469.95849609375,25571600
2026-01-05,474.05999755859375,476.07000732421875,469.5,472.8500061035156,469.86907958984375,25250300
2026-01-06,473.79998779296875,478.739990234375,469.75,478.510009765625,475.493408203125,23037700
2026-01-07,479.760009765625,489.70001220703125,477.95001220703125,483.4700012207031,480.422119140625,25564200
2026-01-08,481.239990234375,482.6600036621094,475.8599853515625,478.1099853515625,475.09588623046875,18162600
2026-01-09,474.05999755859375,479.82000732421875,472.20001220703125,479.2799987792969,476.2585144042969,18491000
2026-01-12,476.6700134277344,480.989990234375,475.67999267578125,477.17999267578125,474.1717529296875,23519900
2026-01-13,474.67999267578125,475.7799987792969,465.95001220703125,470.6700134277344,467.70281982421875,28545800
2026-01-14,466.4599914550781,468.20001220703125,457.1700134277344,459.3800048828125,456.4840087890625,28184300
2026-01-15,464.1199951171875,464.25,455.8999938964844,456.6600036621094,453.7811584472656,23225800
2026-01-16,457.8299865722656,463.19000244140625,456.4800109863281,459.8599853515625,456.9609680175781,34246700
2026-01-20,451.2200012207031,456.79998779296875,449.2799987792969,454.5199890136719,451.65460205078125,26130000
2026-01-21,452.6000061035156,452.69000244140625,438.67999267578125,444.1099853515625,441.3102111816406,37980500
2026-01-22,447.6199951171875,452.8399963378906,444.70001220703125,451.1400146484375,448.2959289550781,25349400
2026-01-23,451.8699951171875,471.1000061035156,450.5299987792969,465.95001220703125,463.0125732421875,38000200
2026-01-26,465.30999755859375,474.25,462.0,470.2799987792969,467.31524658203125,29291200
2026-01-27,473.70001220703125,482.8699951171875,473.1600036621094,480.5799865722656,477.55035400390625,29213900
2026-01-28,483.2099914550781,483.739990234375,478.0,481.6300048828125,478.59368896484375,36875400
2026-01-29,439.989990234375,442.5,421.0199890136719,433.5,430.76715087890625,128855300
2026-01-30,439.1700134277344,439.6000061035156,426.45001220703125,430.2900085449219,427.5773620605469,58566800
2026-02-02,430.239990234375,430.739990234375,422.25,423.3699951171875,420.7010192871094,42219900
2026-02-03,422.010009765625,422.04998779296875,408.55999755859375,411.2099914550781,408.6176452636719,61424100
2026-02-04,411.0,419.79998779296875,409.239990234375,414.19000244140625,411.5788879394531,45012400
2026-02-05,407.44000244140625,408.29998779296875,392.32000732421875,393.6700134277344,391.188232421875,66289200
2026-02-06,399.1700134277344,401.7900085449219,392.9200134277344,401.1400146484375,398.61114501953125,53515300
2026-02-09,404.8500061035156,414.8900146484375,400.8699951171875,413.6000061035156,410.9925842285156,45480500
2026-02-10,419.6199951171875,423.67999267578125,412.70001220703125,413.2699890136719,410.6646728515625,44857900
2026-02-11,416.17999267578125,416.4599914550781,401.010009765625,404.3699951171875,401.82073974609375,42491000
2026-02-12,405.0,406.20001220703125,398.010009765625,401.8399963378906,399.30670166015625,40802400
2026-02-13,404.45001220703125,405.5400085449219,398.04998779296875,401.32000732421875,398.7900085449219,34091600
2026-02-17,399.2200012207031,400.5199890136719,394.5299987792969,396.8599853515625,394.3581237792969,32078800
2026-02-18,398.1300048828125,402.55999755859375,396.32000732421875,399.6000061035156,397.0808410644531,23223400
2026-02-19,400.69000244140625,404.42999267578125,396.6700134277344,398.4599914550781,396.8517761230469,28234000
2026-02-20,396.1099853515625,400.1199951171875,395.1600036621094,397.2300109863281,395.6267395019531,34015200
2026-02-23,395.0,395.3599853515625,383.1000061035156,384.4700012207031,382.918212890625,43238300
2026-02-24,384.1400146484375,389.3599853515625,381.7099914550781,389.0,387.4299621582031,33884700
2026-02-25,390.5299987792969,401.4700012207031,390.1600036621094,400.6000061035156,398.9831237792969,43625500
2026-02-26,404.7099914550781,407.489990234375,398.739990234375,401.7200012207031,400.0986022949219,34405900
2026-02-27,390.8800048828125,396.82000732421875,389.8800048828125,392.739990234375,391.15484619140625,51367200
2026-03-02,392.8599853515625,401.19000244140625,390.6300048828125,398.54998779296875,396.9413757324219,35474900
2026-03-03,393.1400146484375,406.70001220703125,392.6700134277344,403.92999267578125,402.2996826171875,38199200
2026-03-04,401.2699890136719,411.0299987792969,400.30999755859375,405.20001220703125,403.5645751953125,35808000
2026-03-05,404.4200134277344,411.6099853515625,404.3999938964844,410.67999267578125,409.0224304199219,39001300
2026-03-06,409.20001220703125,413.04998779296875,408.510009765625,408.9599914550781,407.30938720703125,31123900
2026-03-09,404.9200134277344,410.2099914550781,403.5,409.4100036621094,407.757568359375,30131900
2026-03-10,410.0299987792969,410.20001220703125,402.92999267578125,405.760009765625,404.122314453125,31706400
2026-03-11,405.57000732421875,409.010009765625,401.5899963378906,404.8800048828125,403.245849609375,25512100
2026-03-12,404.6300048828125,406.1199951171875,401.7099914550781,401.8599853515625,400.238037109375,27263900
2026-03-13,401.0,404.79998779296875,394.25,395.54998779296875,393.9534912109375,26848000
2026-03-16,398.07000732421875,400.6300048828125,394.7900085449219,399.95001220703125,398.33575439453125,27733700
2026-03-17,400.2699890136719,404.3999938964844,397.75,399.4100036621094,397.79791259765625,26228300
2026-03-18,397.1300048828125,398.0,391.0,391.7900085449219,390.2087097167969,25908500
2026-03-19,390.1000061035156,392.489990234375,387.05999755859375,389.0199890136719,387.4498596191406,25138800
2026-03-20,386.7900085449219,387.0,380.1199951171875,381.8699951171875,380.3287353515625,50853200
2026-03-23,383.8999938964844,387.2099914550781,381.67999267578125,383.0,381.4541931152344,29680100
2026-03-24,382.3599853515625,382.4700012207031,371.8500061035156,372.739990234375,371.2355651855469,42733600
2026-03-25,376.9200134277344,377.05999755859375,369.6300048828125,371.0400085449219,369.5424499511719,31181200
2026-03-26,370.82000732421875,374.7200012207031,365.19000244140625,365.9700012207031,364.492919921875,36836600
2026-03-27,361.8999938964844,362.45001220703125,356.510009765625,356.7699890136719,355.33001708984375,37883400
2026-03-30,361.8999938964844,365.3599853515625,356.2799987792969,358.9599914550781,357.51116943359375,44797000
2026-03-31,364.54998779296875,372.8999938964844,363.07000732421875,370.1700134277344,368.67596435546875,45244400
2026-04-01,373.489990234375,373.989990234375,368.20001220703125,369.3699951171875,367.8791809082031,29417200
2026-04-02,367.2099914550781,373.6400146484375,364.1499938964844,373.4599914550781,371.9526672363281,24099100
2026-04-06,373.489990234375,373.7300109863281,369.5,372.8800048828125,371.375,16146600
2026-04-07,370.3399963378906,372.45001220703125,366.55999755859375,372.2900085449219,370.78741455078125,21443300
2026-04-08,384.9800109863281,385.0,371.4100036621094,374.3299865722656,372.81915283203125,33064800
2026-04-09,372.5,373.5,367.04998779296875,373.07000732421875,371.56427001953125,30435300
2026-04-10,372.9800109863281,375.6400146484375,370.0299987792969,370.8699951171875,369.3731384277344,28111100
2026-04-13,373.6099853515625,384.5400085449219,371.0199890136719,384.3699951171875,382.8186340332031,35745800
2026-04-14,387.9200134277344,394.69000244140625,386.5199890136719,393.1099853515625,391.5233459472656,37504500
2026-04-15,398.0,414.3699951171875,396.7300109863281,411.2200012207031,409.5602722167969,45063400
2026-04-16,419.8599853515625,420.82000732421875,412.1400146484375,420.260009765625,418.56378173828125,41642400
2026-04-17,424.82000732421875,431.5799865722656,420.69000244140625,422.7900085449219,421.0835876464844,48568200
2026-04-20,421.1499938964844,423.3299865722656,416.29998779296875,418.07000732421875,416.38262939453125,27582200
2026-04-21,420.239990234375,427.17999267578125,417.20001220703125,424.1600036621094,422.44805908203125,32048500
2026-04-22,426.19000244140625,433.70001220703125,423.6700134277344,432.9200134277344,431.1726989746094,29378200
2026-04-23,419.8900146484375,423.6600036621094,411.4100036621094,415.75,414.07196044921875,38308000
2026-04-24,416.9700012207031,424.95001220703125,415.79998779296875,424.6199951171875,422.90618896484375,27457400
2026-04-27,422.3800048828125,427.1099853515625,417.07000732421875,424.82000732421875,423.1053771972656,30867300
2026-04-28,424.57000732421875,429.9200134277344,421.8999938964844,429.25,427.5174865722656,30438100
2026-04-29,424.5799865722656,426.82000732421875,420.2900085449219,424.4599914550781,422.7467956542969,38288300
2026-04-30,410.80999755859375,414.4200134277344,398.010009765625,407.7799987792969,406.1341552734375,70909400
2026-05-01,412.79998779296875,417.1099853515625,410.44000244140625,414.44000244140625,412.76727294921875,31372400
2026-05-04,411.5400085449219,420.7799987792969,410.79998779296875,413.6199951171875,411.9505615234375,28066500
2026-05-05,415.32000732421875,416.7799987792969,408.79998779296875,411.3800048828125,409.7196350097656,25700900
2026-05-06,408.0,418.4200134277344,405.1099853515625,413.9599914550781,412.2891845703125,30285900
2026-05-07,420.1099853515625,427.9800109863281,418.760009765625,420.7699890136719,419.07171630859375,34942400
2026-05-08,417.3900146484375,418.6300048828125,414.0,415.1199951171875,413.44451904296875,33383800
2026-05-11,407.8699951171875,412.69000244140625,405.5,412.6600036621094,410.99444580078125,35657900
2026-05-12,414.4800109863281,415.5,406.6400146484375,407.7699890136719,406.1241760253906,38594200
2026-05-13,403.20001220703125,406.30999755859375,401.0299987792969,405.2099914550781,403.57452392578125,29667100
2026-05-14,404.4800109863281,411.8399963378906,400.8800048828125,409.42999267578125,407.7774963378906,27077500
2026-05-15,414.2699890136719,428.1700134277344,412.9100036621094,421.9200134277344,420.2170715332031,50771200
2026-05-18,416.6199951171875,425.1199951171875,415.6099853515625,423.5400085449219,421.83056640625,32564100
2026-05-19,429.8999938964844,432.70001220703125,416.489990234375,417.4200134277344,415.7352600097656,33018700
2026-05-20,414.1700134277344,422.1000061035156,411.29998779296875,421.05999755859375,419.36053466796875,27864000
2026-05-21,424.75,426.3399963378906,415.7099914550781,419.0899963378906,418.3025207519531,31393500
2026-05-22,419.5400085449219,424.3999938964844,416.3299865722656,418.57000732421875,417.7835388183594,22390300
2026-05-26,416.42999267578125,419.7699890136719,413.0199890136719,416.0299987792969,415.248291015625,30398000
2026-05-27,411.010009765625,415.94000244140625,409.5799865722656,412.6700134277344,411.8946228027344,28901500
2026-05-28,412.9800109863281,429.489990234375,412.6700134277344,426.989990234375,426.18768310546875,47250500
2026-05-29,432.54998779296875,450.3299865722656,432.3599853515625,450.239990234375,449.3940124511719,79654400
2026-06-01,464.8399963378906,466.32000732421875,458.2699890136719,460.5199890136719,459.6546936035156,53628900
2026-06-02,446.8800048828125,453.5,440.42999267578125,441.30999755859375,440.48077392578125,37036800
2026-06-03,438.45001220703125,440.3900146484375,424.25,427.3399963378906,426.53704833984375,39037000
2026-06-04,435.80999755859375,436.1499938964844,426.4100036621094,428.04998779296875,427.2456970214844,26899500
2026-06-05,428.3399963378906,429.4700012207031,414.3999938964844,416.6700134277344,415.8870849609375,34782200
2026-06-08,414.1400146484375,417.1600036621094,408.55999755859375,411.739990234375,410.9663391113281,32086700
2026-06-09,409.0299987792969,411.9800109863281,398.4800109863281,403.4100036621094,402.6520080566406,35317300
2026-06-10,398.54998779296875,405.0400085449219,397.1600036621094,397.3599853515625,396.61334228515625,32576000
2026-06-11,395.2099914550781,396.8500061035156,384.0,390.3399963378906,389.6065673828125,47224100
2026-06-12,391.42999267578125,391.739990234375,382.2699890136719,390.739990234375,390.00579833984375,34865800
2026-06-15,396.79998779296875,401.75,392.8500061035156,399.760009765625,399.0088806152344,32266400
2026-06-16,395.7900085449219,396.8399963378906,390.69000244140625,393.8299865722656,393.0899963378906,31506800
2026-06-17,390.25,390.3699951171875,377.32000732421875,378.9100036621094,378.1980285644531,41987800
2026-06-18,377.82000732421875,381.3699951171875,373.2799987792969,379.3999938964844,378.6871032714844,59714200
2026-06-22,375.739990234375,381.6300048828125,367.07000732421875,367.3399963378906,366.6497802734375,45171100
2026-06-23,372.3800048828125,377.2200012207031,370.6700134277344,373.94000244140625,373.23736572265625,40647600
2026-06-24,371.57000732421875,378.8800048828125,364.7799987792969,365.4599914550781,364.7733154296875,44509900
2026-06-25,362.7699890136719,364.2300109863281,349.20001220703125,352.8299865722656,352.1670227050781,66179000
2026-06-26,357.1499938964844,376.6099853515625,355.42999267578125,372.9700012207031,372.2691955566406,186201600
2026-06-29,377.5,380.5,359.8999938964844,368.57000732421875,367.8774719238281,51229900
2026-06-30,371.0299987792969,374.1499938964844,367.45001220703125,373.0199890136719,372.319091796875,44945700
2026-07-01,380.8299865722656,388.8299865722656,374.8900146484375,384.2799987792969,383.5579528808594,48065800
2026-07-02,384.4800109863281,392.20001220703125,383.70001220703125,390.489990234375,389.7562561035156,42128900
2026-07-06,387.0400085449219,389.1499938964844,381.2200012207031,386.739990234375,386.0133056640625,34224500
2026-07-07,392.489990234375,395.57000732421875,388.2200012207031,388.8399963378906,388.109375,29297500
2026-07-08,384.0299987792969,385.30999755859375,381.3299865722656,383.3399963378906,382.6197204589844,25908300
2026-07-09,374.45001220703125,384.6499938964844,373.3500061035156,384.3599853515625,383.6377868652344,31083200
2026-07-10,387.79998779296875,391.9100036621094,381.5,385.1000061035156,384.37640380859375,24644600
2026-07-13,387.75,393.6499938964844,384.1499938964844,390.989990234375,390.2553405761719,28914900
2026-07-14,382.82000732421875,388.19000244140625,378.6499938964844,384.92999267578125,384.20672607421875,27863900
2026-07-15,387.79998779296875,398.9599914550781,386.3999938964844,395.6300048828125,394.8866271972656,36253700
2026-07-16,398.30999755859375,405.989990234375,392.04998779296875,401.1000061035156,400.3463439941406,37047400
2026-07-17,394.8599853515625,398.3900146484375,389.3900146484375,393.82000732421875,393.08001708984375,33049800
2026-07-20,391.4100036621094,403.17999267578125,389.6499938964844,402.2900085449219,401.53411865234375,27915800
2026-07-21,398.80999755859375,401.4700012207031,396.32000732421875,397.75,397.00262451171875,24126600
2026-07-22,399.5799865722656,401.0,386.9599914550781,390.3399963378906,389.6065673828125,28142500
2026-07-23,389.9700012207031,391.7799987792969,377.3900146484375,381.5799865722656,380.8630065917969,30351800
2026-07-24,387.04998779296875,389.0299987792969,380.6499938964844,381.70001220703125,380.9828186035156,27659400
2026-07-27,390.0799865722656,394.20001220703125,387.989990234375,389.1000061035156,388.368896484375,27856200
2026-07-28,393.1600036621094,400.32000732421875,391.29998779296875,393.3500061035156,392.61090087890625,32367500
2026-07-29,393.3999938964844,401.25,388.739990234375,390.5400085449219,389.8061828613281,47209000
2026-07-30,437.8999938964844,458.69000244140625,432.44000244140625,451.1000061035156,450.2524108886719,110160700
2026-07-31,450.0,466.8399963378906,449.3299865722656,464.7200012207031,463.8468017578125,60846000
2026-08-03,476.1300048828125,491.6499938964844,475.0,487.6499938964844,486.73370361328125,66762100
2026-08-04,480.8999938964844,499.44000244140625,479.1700134277344,492.80999755859375,491.884033203125,50455500
2026-08-05,496.3599853515625,498.239990234375,485.67999267578125,487.4599914550781,486.5440673828125,33388900
2026-08-06,488.54998779296875,501.55999755859375,488.5199890136719,499.8599853515625,498.9207458496094,36441500
2026-08-07,499.2099914550781,505.17999267578125,498.7300109863281,499.989990234375,499.0505065917969,28846200
2026-08-10,503.44000244140625,513.72998046875,502.2699890136719,506.05999755859375,505.109130859375,31206100
2026-08-11,504.3299865722656,505.3299865722656,499.54998779296875,503.80999755859375,502.86334228515625,23049800
2026-08-12,499.989990234375,501.5,491.5199890136719,492.42999267578125,491.5047302246094,29001500
2026-08-13,493.2699890136719,501.3399963378906,493.010009765625,496.8800048828125,495.9463806152344,23039000
2026-08-14,496.3599853515625,500.010009765625,493.9200134277344,495.3999938964844,494.4691467285156,16217600
2026-08-17,490.1400146484375,492.6600036621094,478.4100036621094,480.3500061035156,479.44744873046875,29635800
2026-08-18,481.5400085449219,484.2699890136719,477.1499938964844,481.6300048828125,480.72503662109375,24087600
2026-08-19,480.07000732421875,489.29998779296875,479.3599853515625,484.30999755859375,483.3999938964844,19961900
2026-08-20,483.29998779296875,484.1600036621094,479.5,481.1499938964844,481.1499938964844,20020800
2026-08-21,479.8800048828125,486.3599853515625,478.5299987792969,483.239990234375,483.239990234375,22510800
2026-08-24,483.2099914550781,490.6099853515625,481.8599853515625,487.30999755859375,487.30999755859375,17230800
2026-08-25,485.44000244140625,492.44000244140625,484.29998779296875,491.7099914550781,491.7099914550781,19519000
2026-08-26,487.8500061035156,497.3999938964844,487.30999755859375,496.3699951171875,496.3699951171875,20758900
2026-08-27,494.8800048828125,506.4800109863281,490.0799865722656,505.05999755859375,505.05999755859375,28688800
2026-08-28,505.3299865722656,517.780029296875,504.8699951171875,513.530029296875,513.530029296875,29207300
2026-08-31,510.3800048828125,512.1900024414062,506.3900146484375,507.2900085449219,507.2900085449219,27208900
2026-09-01,497.5199890136719,505.9700012207031,496.7799987792969,501.0199890136719,501.0199890136719,21046900
2026-09-02,499.8500061035156,500.2699890136719,493.80999755859375,496.82000732421875,496.82000732421875,15336100
2026-09-03,501.6600036621094,515.6500244140625,500.79998779296875,510.1199951171875,510.1199951171875,24125900
2026-09-04,510.0,511.0,499.3599853515625,499.70001220703125,499.70001220703125,18101800
2026-09-08,493.010009765625,495.19000244140625,490.1499938964844,493.95001220703125,493.95001220703125,18882300
2026-09-09,493.07000732421875,494.3900146484375,489.79998779296875,491.6499938964844,491.6499938964844,12889600
2026-09-10,488.32000732421875,494.5199890136719,486.0,492.44000244140625,492.44000244140625,16038800
2026-09-11,495.6499938964844,498.9700012207031,492.5799865722656,495.6300048828125,495.6300048828125,14510500
2026-09-14,497.05999755859375,509.95001220703125,495.3399963378906,505.4100036621094,505.4100036621094,23091900
2026-09-15,500.05999755859375,505.8999938964844,495.5400085449219,497.1199951171875,497.1199951171875,17794600
2026-09-16,493.0299987792969,495.9700012207031,487.2300109863281,490.29998779296875,490.29998779296875,16670300
2026-09-17,497.79998779296875,501.4700012207031,493.1700134277344,497.75,497.75,17841600
2026-09-18,497.9700012207031,498.6499938964844,491.1000061035156,493.7799987792969,493.7799987792969,39622300
2026-09-21,494.95001220703125,501.8699951171875,491.3299865722656,501.6099853515625,501.6099853515625,27959900
2026-09-22,507.32000732421875,508.5,493.6499938964844,498.0,498.0,21652800
2026-09-23,500.760009765625,509.44000244140625,495.8800048828125,500.5899963378906,500.5899963378906,19445600
2026-09-24,495.07000732421875,498.8999938964844,491.2200012207031,497.92999267578125,497.92999267578125,16657600
2026-09-25,499.0400085449219,519.4000244140625,497.25,516.1699829101562,516.1699829101562,38193100
2026-09-28,505.4700012207031,513.3300170898438,502.2200012207031,509.2200012207031,509.2200012207031,19626900
2026-09-29,508.30999755859375,513.6400146484375,502.3999938964844,508.9599914550781,508.9599914550781,21341800
2026-09-30,511.6099853515625,519.8300170898438,510.30999755859375,512.9000244140625,512.9000244140625,27223300
