Date,Open,High,Low,Close,Adj Close,Volume
2020-12-31,138.30999755859375,139.2899932861328,137.38999938964844,139.13999938964844,120.1049575805664,4076400
2021-01-04,139.66000366210938,139.86000061035156,136.35000610351562,137.82000732421875,118.96558380126953,8330900
2021-01-05,137.99000549316406,138.9199981689453,136.27000427246094,138.6999969482422,119.7251968383789,6856400
2021-01-06,138.77000427246094,141.0399932861328,138.60000610351562,140.16000366210938,120.98544311523438,10578000
2021-01-07,139.75,140.1300048828125,138.0399932861328,138.85000610351562,119.85466003417969,7355400
2021-01-08,138.47000122070312,139.05999755859375,137.0,138.7899932861328,119.80284118652344,7448500
2021-01-11,138.75,139.44000244140625,137.60000610351562,137.85000610351562,118.99146270751953,7239900
2021-01-12,137.85000610351562,138.25,136.24000549316406,137.0500030517578,118.30087280273438,6333500
2021-01-13,137.10000610351562,138.07000732421875,137.10000610351562,137.25999450683594,118.48214721679688,6078800
2021-01-14,137.42999267578125,137.64999389648438,135.27999877929688,135.8000030517578,117.22188568115234,6172800
2021-01-15,135.25,136.1999969482422,134.66000366210938,134.77999877929688,116.3414306640625,7757600
2021-01-19,135.6999969482422,136.36000061035156,133.55999755859375,133.60000610351562,115.32286834716797,9184900
2021-01-20,132.52999877929688,133.8000030517578,131.25999450683594,131.92999267578125,113.88133239746094,12506600
2021-01-21,130.64999389648438,131.99000549316406,130.50999450683594,131.00999450683594,113.769287109375,8761600
2021-01-22,131.02000427246094,131.47000122070312,129.99000549316406,130.0,112.89222717285156,7202800
2021-01-25,129.9499969482422,133.0,129.89999389648438,132.24000549316406,114.83744049072266,9640000
2021-01-26,132.25,133.47000122070312,131.42999267578125,133.08999633789062,115.5755844116211,5996700
2021-01-27,132.38999938964844,133.10000610351562,127.69999694824219,128.3800048828125,111.48542785644531,10826700
2021-01-28,127.83999633789062,131.64999389648438,127.44000244140625,130.36000061035156,113.2048568725586,8242000
2021-01-29,130.19000244140625,130.2899932861328,128.07000732421875,128.2100067138672,111.33779907226562,8344100
2021-02-01,129.0,129.66000366210938,128.1999969482422,128.97000122070312,111.99775695800781,6534200
2021-02-02,129.60000610351562,130.72000122070312,128.69000244140625,128.7899932861328,111.84146118164062,6825600
2021-02-03,128.9499969482422,129.1999969482422,127.75,128.9499969482422,111.98040008544922,7309400
2021-02-04,129.3800048828125,129.4600067138672,128.5800018310547,129.02999877929688,112.04986572265625,6613700
2021-02-05,129.1199951171875,130.10000610351562,129.02999877929688,129.57000732421875,112.51882934570312,5063700
2021-02-08,129.92999267578125,130.10000610351562,128.11000061035156,129.1699981689453,112.17145538330078,7011200
2021-02-09,129.4600067138672,129.94000244140625,128.22999572753906,128.6699981689453,111.73725891113281,5917800
2021-02-10,128.75,129.16000366210938,127.95999908447266,128.22000122070312,111.3464584350586,8594100
2021-02-11,128.5399932861328,129.3300018310547,128.2100067138672,128.3300018310547,111.4419937133789,6139200
2021-02-12,128.0,128.1300048828125,126.58000183105469,127.62000274658203,110.82545471191406,8407300
2021-02-16,127.97000122070312,128.1699981689453,126.98999786376953,127.91999816894531,111.0859375,8246000
2021-02-17,127.19000244140625,129.49000549316406,127.11000061035156,128.4600067138672,111.55489349365234,8845200
2021-02-18,127.80999755859375,129.85000610351562,127.58999633789062,129.52999877929688,112.48407745361328,6936400
2021-02-19,129.35000610351562,129.44000244140625,127.0199966430664,127.12000274658203,110.39122009277344,8277900
2021-02-22,126.79000091552734,127.23999786376953,126.37999725341797,126.58000183105469,109.92228698730469,6975500
2021-02-23,127.77999877929688,129.92999267578125,127.19000244140625,127.5199966430664,110.73857116699219,10145300
2021-02-24,127.3499984741211,128.24000549316406,126.91000366210938,127.66000366210938,110.86018371582031,7263000
2021-02-25,127.48999786376953,128.99000549316406,126.29000091552734,126.58000183105469,109.92228698730469,7790800
2021-02-26,126.54000091552734,126.93000030517578,121.81999969482422,123.52999877929688,107.2736587524414,17718800
2021-03-01,124.16000366210938,125.48999786376953,124.0,124.29000091552734,107.93363952636719,7740200
2021-03-02,123.87000274658203,124.86000061035156,123.43000030517578,123.9000015258789,107.594970703125,10206500
2021-03-03,123.7699966430664,124.19999694824219,122.79000091552734,123.16000366210938,106.95237731933594,7537000
2021-03-04,123.0999984741211,124.7699966430664,121.54000091552734,122.1500015258789,106.07528686523438,10228100
2021-03-05,122.76000213623047,126.33000183105469,122.55000305175781,125.9800033569336,109.40126037597656,10490900
2021-03-08,125.76000213623047,128.89999389648438,125.31999969482422,127.30999755859375,110.55622863769531,9224700
2021-03-09,127.6500015258789,128.9199981689453,126.05999755859375,126.18000030517578,109.5749282836914,8859700
2021-03-10,126.1500015258789,128.4199981689453,125.47000122070312,127.33999633789062,110.5822525024414,9070900
2021-03-11,127.12999725341797,127.8499984741211,126.72000122070312,126.91000366210938,110.20887756347656,6941500
2021-03-12,127.6500015258789,128.82000732421875,127.6500015258789,128.13999938964844,111.27700805664062,6521900
2021-03-15,128.38999938964844,129.0399932861328,127.19000244140625,128.55999755859375,111.64173126220703,7172600
2021-03-16,128.50999450683594,129.97999572753906,128.50999450683594,128.94000244140625,111.97172546386719,6485200
2021-03-17,129.11000061035156,129.83999633789062,128.35000610351562,128.4199981689453,111.5201416015625,6192900
2021-03-18,128.2100067138672,129.0399932861328,127.04000091552734,128.6999969482422,111.7633056640625,6871300
2021-03-19,129.10000610351562,129.74000549316406,127.9000015258789,128.00999450683594,111.16409301757812,20262100
2021-03-22,128.00999450683594,130.88999938964844,128.00999450683594,130.17999267578125,113.04855346679688,8077600
2021-03-23,130.41000366210938,133.2899932861328,129.99000549316406,132.60000610351562,115.15007019042969,9503800
2021-03-24,130.94000244140625,133.13999938964844,130.6199951171875,132.55999755859375,115.11532592773438,8318000
2021-03-25,133.08999633789062,133.6199951171875,132.0500030517578,133.47999572753906,115.91425323486328,7517300
2021-03-26,133.22000122070312,135.61000061035156,132.47999572753906,135.4499969482422,117.625,10821200
2021-03-29,135.0,137.60000610351562,135.0,137.57000732421875,119.46600341796875,11176000
2021-03-30,136.61000061035156,137.0,135.13999938964844,135.4499969482422,117.625,8090600
2021-03-31,135.67999267578125,136.75,135.25999450683594,135.42999267578125,117.60763549804688,9202600
2021-04-01,135.0500030517578,135.47999572753906,133.3300018310547,134.27999877929688,116.60897064208984,9117800
2021-04-05,134.9600067138672,137.25,134.72999572753906,136.4499969482422,118.493408203125,8279100
2021-04-06,136.0,137.02000427246094,135.63999938964844,136.5,118.53683471679688,6180600
2021-04-07,137.1199951171875,137.3300018310547,136.25,136.74000549316406,118.74525451660156,10244500
2021-04-08,136.89999389648438,137.6300048828125,136.58999633789062,137.25999450683594,119.19681549072266,6190300
2021-04-09,136.50999450683594,137.27000427246094,135.55999755859375,136.3699951171875,118.42393493652344,5855400
2021-04-12,136.5,137.0399932861328,135.7100067138672,136.9199981689453,118.90154266357422,6440900
2021-04-13,136.02000427246094,136.38999938964844,134.83999633789062,135.11000061035156,117.32975769042969,9161200
2021-04-14,135.52000427246094,135.7899932861328,134.5800018310547,135.60000610351562,117.75527954101562,7584000
2021-04-15,135.97000122070312,137.75999450683594,135.8699951171875,137.24000549316406,119.179443359375,7945300
2021-04-16,137.61000061035156,137.89999389648438,136.8800048828125,137.25,119.1881103515625,7708500
2021-04-19,136.94000244140625,137.0800018310547,135.38999938964844,136.61000061035156,118.63236999511719,9149400
2021-04-20,134.83999633789062,138.58999633789062,133.52999877929688,137.75,119.6223373413086,10040500
2021-04-21,137.88999938964844,138.57000732421875,136.60000610351562,136.85000610351562,118.84078216552734,8465900
2021-04-22,135.3699951171875,135.7899932861328,134.05999755859375,134.6300048828125,117.66094207763672,7338300
2021-04-23,134.92999267578125,135.0800018310547,133.25,133.94000244140625,117.05790710449219,6708300
2021-04-26,133.49000549316406,133.75999450683594,131.1699981689453,131.25999450683594,114.71568298339844,9910600
2021-04-27,131.24000549316406,131.88999938964844,130.2899932861328,131.17999267578125,114.64580535888672,8296800
2021-04-28,131.7100067138672,131.85000610351562,130.8800048828125,131.39999389648438,114.83806610107422,6262800
2021-04-29,131.30999755859375,132.99000549316406,131.30999755859375,132.50999450683594,115.80815124511719,6786800
2021-04-30,132.75,133.6699981689453,132.25999450683594,133.4199981689453,116.6034164428711,9188600
2021-05-03,134.02999877929688,135.67999267578125,134.02999877929688,135.0,117.98429107666016,8070300
2021-05-04,134.97999572753906,135.8300018310547,134.2100067138672,134.5399932861328,117.58229064941406,9624000
2021-05-05,134.3699951171875,134.97000122070312,133.3699951171875,133.4600067138672,116.63839721679688,8295900
2021-05-06,134.00999450683594,135.3699951171875,133.9199981689453,135.13999938964844,118.10664367675781,9771100
2021-05-07,135.0800018310547,136.02999877929688,134.75999450683594,135.14999389648438,118.11536407470703,6299100
2021-05-10,135.88999938964844,138.4199981689453,135.69000244140625,137.6699981689453,120.3177719116211,8852700
2021-05-11,138.49000549316406,138.7899932861328,136.47000122070312,136.99000549316406,119.7234878540039,10973700
2021-05-12,136.49000549316406,137.0,135.49000549316406,135.5399932861328,118.45623016357422,8853700
2021-05-13,135.88999938964844,138.52999877929688,135.38999938964844,137.72000122070312,120.36145782470703,8753600
2021-05-14,137.6699981689453,139.10000610351562,137.6699981689453,138.00999450683594,120.61490631103516,5989500
2021-05-17,137.97000122070312,139.07000732421875,137.61000061035156,137.72999572753906,120.37020111083984,7690700
2021-05-18,136.4600067138672,137.8300018310547,136.14999389648438,136.32000732421875,119.1379165649414,9239100
2021-05-19,136.05999755859375,136.8300018310547,135.58999633789062,136.60000610351562,119.38262176513672,9806800
2021-05-20,136.7899932861328,138.7100067138672,136.72000122070312,138.0,120.60614776611328,8768200
2021-05-21,138.1999969482422,138.94000244140625,137.77999877929688,138.0,120.60614776611328,10161000
2021-05-24,138.0,138.8000030517578,137.72999572753906,137.9600067138672,120.57118225097656,6981300
2021-05-25,138.0500030517578,138.47999572753906,136.75,138.42999267578125,120.98197937011719,8142400
2021-05-26,138.7899932861328,138.86000061035156,137.8699951171875,138.1199951171875,120.71106719970703,8122900
2021-05-27,138.1199951171875,138.27999877929688,134.66000366210938,134.97999572753906,117.96681213378906,33095700
2021-05-28,135.14999389648438,136.1300048828125,134.63999938964844,134.85000610351562,117.85319519042969,10477100
2021-06-01,135.7899932861328,136.0,132.47999572753906,132.8800048828125,116.13153076171875,9993900
2021-06-02,133.0,133.6300048828125,132.52000427246094,133.4600067138672,116.63839721679688,8254100
2021-06-03,133.22999572753906,135.91000366210938,133.1999969482422,135.85000610351562,118.7271728515625,11249800
2021-06-04,135.6999969482422,136.6199951171875,135.39999389648438,135.9499969482422,118.81454467773438,6894400
2021-06-07,136.36000061035156,136.83999633789062,135.67999267578125,136.4199981689453,119.225341796875,8418000
2021-06-08,136.67999267578125,136.75,134.75,134.83999633789062,117.844482421875,6911500
2021-06-09,135.5500030517578,136.44000244140625,134.74000549316406,134.7899932861328,117.80075073242188,6200700
2021-06-10,135.02000427246094,136.35000610351562,134.6199951171875,135.7899932861328,118.67472076416016,6515500
2021-06-11,135.75,135.8699951171875,133.89999389648438,134.86000061035156,117.86195373535156,10641400
2021-06-14,134.97999572753906,135.02999877929688,133.9600067138672,134.91000366210938,117.90565490722656,6302000
2021-06-15,135.1999969482422,135.63999938964844,134.5500030517578,134.64999389648438,117.67841339111328,5543400
2021-06-16,135.17999267578125,135.5800018310547,132.64999389648438,132.77999877929688,116.04411315917969,8936400
2021-06-17,132.82000732421875,134.16000366210938,132.64999389648438,133.99000549316406,117.10159301757812,7875600
2021-06-18,133.33999633789062,133.35000610351562,131.94000244140625,132.02999877929688,115.3886489868164,13997600
2021-06-21,132.69000244140625,133.25999450683594,132.39999389648438,133.07000732421875,116.29755401611328,8014800
2021-06-22,133.0399932861328,134.02000427246094,132.8800048828125,133.1199951171875,116.34123229980469,6550900
2021-06-23,132.9499969482422,133.36000061035156,132.32000732421875,132.92999267578125,116.17520904541016,5796000
2021-06-24,132.9499969482422,133.30999755859375,132.6999969482422,133.02000427246094,116.25386810302734,6056700
2021-06-25,133.25999450683594,135.5399932861328,132.9499969482422,134.9199981689453,117.91438293457031,24504900
2021-06-28,134.89999389648438,136.16000366210938,134.75999450683594,135.32000732421875,118.26397705078125,6065400
2021-06-29,135.50999450683594,135.8300018310547,133.82000732421875,134.39999389648438,117.45993041992188,5792300
2021-06-30,134.5800018310547,135.2899932861328,134.2899932861328,134.92999267578125,117.9231185913086,5776600
2021-07-01,135.42999267578125,136.13999938964844,134.9199981689453,135.24000549316406,118.1940689086914,5922300
2021-07-02,135.60000610351562,136.63999938964844,135.4199981689453,135.89999389648438,118.77084350585938,5572000
2021-07-06,135.52000427246094,136.3000030517578,135.36000061035156,135.97999572753906,118.84075164794922,6534400
2021-07-07,136.02999877929688,137.58999633789062,136.02999877929688,137.0,119.7322006225586,5532700
2021-07-08,136.99000549316406,137.39999389648438,135.88999938964844,136.97999572753906,119.71473693847656,7585200
2021-07-09,137.24000549316406,137.64999389648438,136.83999633789062,137.02999877929688,119.75841522216797,5948700
2021-07-12,136.89999389648438,137.47000122070312,136.42999267578125,137.13999938964844,119.85458374023438,6807300
2021-07-13,136.38999938964844,137.57000732421875,136.38999938964844,136.97000122070312,119.7060317993164,5603800
2021-07-14,137.00999450683594,138.22999572753906,136.3699951171875,137.97999572753906,120.58868408203125,5903600
2021-07-15,138.00999450683594,139.25999450683594,137.6999969482422,139.16000366210938,121.61995697021484,7357100
2021-07-16,139.3000030517578,140.77999877929688,139.11000061035156,140.50999450683594,122.79981231689453,9346300
2021-07-19,140.32000732421875,141.8699951171875,138.80999755859375,140.44000244140625,122.73863220214844,9544100
2021-07-20,140.44000244140625,141.97999572753906,139.63999938964844,139.69000244140625,122.08320617675781,8136300
2021-07-21,139.9499969482422,140.1999969482422,138.99000549316406,139.1999969482422,121.65491485595703,6954700
2021-07-22,137.2899932861328,138.3300018310547,136.7100067138672,137.8000030517578,121.18883514404297,6013800
2021-07-23,137.47999572753906,139.97999572753906,137.0800018310547,139.7899932861328,122.93891143798828,7906000
2021-07-26,139.6199951171875,140.82000732421875,139.22000122070312,140.27999877929688,123.36984252929688,5925800
2021-07-27,140.14999389648438,141.6199951171875,140.0,140.85000610351562,123.87116241455078,7075400
2021-07-28,140.6699981689453,140.6699981689453,138.7100067138672,138.75999450683594,122.03306579589844,8520000
2021-07-29,139.75999450683594,140.17999267578125,138.72999572753906,139.47999572753906,122.6662826538086,5430500
2021-07-30,142.0,144.5399932861328,141.5500030517578,142.22999572753906,125.08479309082031,14394300
2021-08-02,141.77000427246094,142.42999267578125,140.8000030517578,141.8800048828125,124.77698516845703,7009500
2021-08-03,141.86000061035156,144.2100067138672,141.52000427246094,143.9499969482422,126.59742736816406,8455700
2021-08-04,143.0399932861328,144.08999633789062,142.35000610351562,142.42999267578125,125.26069641113281,6628000
2021-08-05,143.35000610351562,143.5500030517578,141.47000122070312,142.5,125.322265625,5363300
2021-08-06,143.02999877929688,143.1199951171875,141.22000122070312,141.41000366210938,124.36363983154297,6030100
2021-08-09,141.9499969482422,142.58999633789062,141.6999969482422,142.17999267578125,125.04080963134766,4743800
2021-08-10,141.91000366210938,142.50999450683594,141.66000366210938,142.27000427246094,125.11997985839844,5253500
2021-08-11,142.74000549316406,143.24000549316406,142.47000122070312,142.6199951171875,125.42780303955078,4205000
2021-08-12,143.14999389648438,143.14999389648438,142.35000610351562,142.9499969482422,125.71800231933594,4956100
2021-08-13,142.9499969482422,143.99000549316406,142.69000244140625,143.63999938964844,126.32479858398438,4888800
2021-08-16,143.6699981689453,144.69000244140625,143.3800048828125,144.63999938964844,127.20426177978516,6040800
2021-08-17,144.39999389648438,145.60000610351562,143.88999938964844,144.8800048828125,127.41536712646484,7577000
2021-08-18,144.6999969482422,144.8800048828125,143.17999267578125,143.3000030517578,126.02582550048828,7162000
2021-08-19,143.16000366210938,145.27999877929688,143.16000366210938,144.99000549316406,127.5121078491211,5787200
2021-08-20,145.25,145.97999572753906,144.77999877929688,145.08999633789062,127.60002136230469,5273800
2021-08-23,144.2899932861328,145.33999633789062,144.22999572753906,144.35000610351562,126.94922637939453,4522200
2021-08-24,144.00999450683594,144.14999389648438,142.97999572753906,143.17999267578125,125.92027282714844,4560400
2021-08-25,143.07000732421875,143.1300048828125,142.25,142.6699981689453,125.47174072265625,3861500
2021-08-26,142.55999755859375,142.7100067138672,141.47000122070312,142.4199981689453,125.25187683105469,4749400
2021-08-27,142.47999572753906,142.77000427246094,141.63999938964844,142.30999755859375,125.15518188476562,4741200
2021-08-30,142.60000610351562,142.99000549316406,142.0500030517578,142.92999267578125,125.70039367675781,3845800
2021-08-31,143.0399932861328,143.52999877929688,142.0500030517578,142.38999938964844,125.22551727294922,9642400
2021-09-01,142.3300018310547,144.19000244140625,142.22999572753906,143.83999633789062,126.50067138671875,6214200
2021-09-02,143.97000122070312,144.72999572753906,143.5800018310547,143.9499969482422,126.59742736816406,5392500
2021-09-03,143.75999450683594,144.3699951171875,143.52000427246094,144.0500030517578,126.6854248046875,5466400
2021-09-07,144.32000732421875,144.5,143.2899932861328,143.50999450683594,126.21047973632812,6520600
2021-09-08,143.0800018310547,144.94000244140625,143.00999450683594,144.60000610351562,127.16910552978516,6897800
2021-09-09,144.57000732421875,144.8800048828125,143.64999389648438,143.99000549316406,126.63262176513672,6354700
2021-09-10,144.05999755859375,144.4600067138672,143.32000732421875,144.1300048828125,126.75577545166016,5750000
2021-09-13,144.85000610351562,147.22999572753906,144.85000610351562,145.67999267578125,128.118896484375,9952500
2021-09-14,146.1300048828125,146.36000061035156,144.9499969482422,145.42999267578125,127.89905548095703,5831800
2021-09-15,145.35000610351562,145.77000427246094,144.74000549316406,145.1199951171875,127.62642669677734,6237100
2021-09-16,144.83999633789062,145.19000244140625,142.82000732421875,144.11000061035156,126.73816680908203,6142100
2021-09-17,144.3699951171875,146.27999877929688,144.22999572753906,144.33999633789062,126.94041442871094,18737400
2021-09-20,144.22000122070312,144.85000610351562,141.97000122070312,142.88999938964844,125.66522216796875,10238700
2021-09-21,142.97999572753906,144.52999877929688,142.8800048828125,143.11000061035156,125.85871887207031,6651300
2021-09-22,143.82000732421875,144.35000610351562,142.86000061035156,143.60000610351562,126.2896499633789,6332500
2021-09-23,144.05999755859375,144.69000244140625,143.49000549316406,144.19000244140625,126.80852508544922,5171200
2021-09-24,143.8000030517578,144.4499969482422,143.08999633789062,143.5500030517578,126.24565887451172,5009400
2021-09-27,143.14999389648438,143.1699981689453,141.52000427246094,141.66000366210938,124.58351135253906,5749700
2021-09-28,141.0500030517578,141.3699951171875,139.55999755859375,140.58999633789062,123.64249420166016,7015300
2021-09-29,140.27000427246094,142.67999267578125,140.17999267578125,142.02000427246094,124.90009307861328,5460000
2021-09-30,142.63999938964844,142.74000549316406,139.52999877929688,139.8000030517578,122.9477310180664,6934900
2021-10-01,139.92999267578125,140.22999572753906,138.32000732421875,139.5800018310547,122.75422668457031,5587200
2021-10-04,139.38999938964844,140.39999389648438,137.60000610351562,138.7899932861328,122.05943298339844,5816000
2021-10-05,138.8000030517578,140.52000427246094,138.72000122070312,139.3300018310547,122.53434753417969,6902700
2021-10-06,138.99000549316406,141.25999450683594,138.6199951171875,141.19000244140625,124.17019653320312,5332900
2021-10-07,141.75,143.02999877929688,141.75,142.32000732421875,125.16390991210938,5334600
2021-10-08,142.2899932861328,142.6199951171875,141.0399932861328,141.72999572753906,124.64506530761719,6131800
2021-10-11,142.3699951171875,142.77000427246094,141.77000427246094,142.32000732421875,125.16390991210938,5995600
2021-10-12,142.60000610351562,143.0399932861328,141.6999969482422,142.11000061035156,124.97923278808594,6734800
2021-10-13,142.39999389648438,142.75999450683594,141.02999877929688,142.44000244140625,125.26947021484375,5689800
2021-10-14,142.8300018310547,144.30999755859375,142.80999755859375,144.0500030517578,126.6854248046875,6777800
2021-10-15,144.52000427246094,144.8699951171875,143.67999267578125,144.4199981689453,127.0108413696289,6923700
2021-10-18,143.5500030517578,143.6999969482422,142.10000610351562,142.33999633789062,125.18152618408203,9119000
2021-10-19,139.0800018310547,140.82000732421875,138.8000030517578,140.66000366210938,123.70406341552734,9555300
2021-10-20,140.14999389648438,141.9600067138672,139.85000610351562,141.2100067138672,124.18773651123047,7352700
2021-10-21,140.86000061035156,141.16000366210938,139.17999267578125,139.3300018310547,123.29399871826172,6545500
2021-10-22,139.38999938964844,141.00999450683594,139.32000732421875,140.8300018310547,124.6213607788086,5265000
2021-10-25,140.41000366210938,140.9199981689453,139.0500030517578,140.85000610351562,124.63906860351562,5382100
2021-10-26,141.6199951171875,143.17999267578125,141.24000549316406,142.85000610351562,126.40884399414062,6234900
2021-10-27,143.13999938964844,143.67999267578125,141.69000244140625,141.8300018310547,125.50621795654297,9643500
2021-10-28,141.88999938964844,142.8800048828125,141.7100067138672,142.67999267578125,126.25843811035156,4538500
2021-10-29,142.16000366210938,143.47999572753906,142.02000427246094,142.99000549316406,126.53273010253906,6239500
2021-11-01,143.36000061035156,143.8000030517578,142.49000549316406,142.63999938964844,126.22303771972656,5038900
2021-11-02,142.72000122070312,144.5800018310547,142.27999877929688,144.05999755859375,127.47959899902344,9954300
2021-11-03,144.1300048828125,145.11000061035156,143.52000427246094,145.0500030517578,128.3556365966797,7620100
2021-11-04,142.83999633789062,145.38999938964844,142.33999633789062,145.32000732421875,128.59461975097656,6402500
2021-11-05,145.44000244140625,146.3699951171875,144.8000030517578,146.0399932861328,129.23171997070312,6062700
2021-11-08,145.5,146.10000610351562,144.02000427246094,144.9499969482422,128.26718139648438,5854400
2021-11-09,145.02999877929688,145.8300018310547,144.5800018310547,145.38999938964844,128.656494140625,4873100
2021-11-10,145.74000549316406,147.30999755859375,145.58999633789062,146.82000732421875,129.92193603515625,7334900
2021-11-11,146.86000061035156,146.97000122070312,146.2100067138672,146.39999389648438,129.55027770996094,4096300
2021-11-12,146.74000549316406,147.0800018310547,145.97999572753906,146.55999755859375,129.69189453125,5687400
2021-11-15,147.02999877929688,147.75,146.47000122070312,147.39999389648438,130.4351806640625,5510200
2021-11-16,147.38999938964844,148.58999633789062,147.00999450683594,147.19000244140625,130.2493438720703,7603900
2021-11-17,146.97000122070312,147.77999877929688,146.4199981689453,147.10000610351562,130.1697235107422,4900200
2021-11-18,147.0399932861328,148.0800018310547,146.50999450683594,147.1199951171875,130.1874237060547,5509300
2021-11-19,147.9499969482422,148.22999572753906,146.7899932861328,146.82000732421875,129.92193603515625,6274300
2021-11-22,146.97000122070312,148.94000244140625,146.8300018310547,147.8000030517578,130.7891387939453,6625400
2021-11-23,147.8300018310547,149.5,147.6699981689453,149.44000244140625,132.2404022216797,7912800
2021-11-24,148.77000427246094,148.8800048828125,147.67999267578125,148.66000366210938,131.5501708984375,5665200
2021-11-26,148.5800018310547,149.72000122070312,147.30999755859375,147.47000122070312,130.4971466064453,6299800
2021-11-29,147.7899932861328,149.66000366210938,146.7899932861328,149.02000427246094,131.86874389648438,7113300
2021-11-30,147.80999755859375,148.5399932861328,144.1199951171875,144.5800018310547,127.93975830078125,11696400
2021-12-01,144.85000610351562,147.8699951171875,144.85000610351562,146.39999389648438,129.55027770996094,8313500
2021-12-02,147.00999450683594,148.4600067138672,146.94000244140625,147.25999450683594,130.31130981445312,9468800
2021-12-03,148.02000427246094,150.0,147.66000366210938,149.8800048828125,132.62974548339844,11200800
2021-12-06,150.19000244140625,152.38999938964844,150.19000244140625,152.14999389648438,134.6384735107422,11935100
2021-12-07,151.9499969482422,152.5800018310547,151.27000427246094,151.75,134.28451538085938,7913400
2021-12-08,151.6699981689453,152.66000366210938,150.27999877929688,152.42999267578125,134.8862762451172,8329300
2021-12-09,152.30999755859375,154.19000244140625,151.60000610351562,153.32000732421875,135.67385864257812,8334300
2021-12-10,153.85000610351562,155.8000030517578,153.42999267578125,155.4600067138672,137.56753540039062,7172300
2021-12-13,155.3000030517578,158.3300018310547,154.91000366210938,157.6699981689453,139.52316284179688,8944000
2021-12-14,157.89999389648438,158.6300048828125,156.66000366210938,158.25,140.03639221191406,8677500
2021-12-15,157.63999938964844,159.63999938964844,157.63999938964844,158.86000061035156,140.5762176513672,9152600
2021-12-16,158.72999572753906,161.32000732421875,158.4199981689453,161.11000061035156,142.56724548339844,10852900
2021-12-17,160.66000366210938,161.72000122070312,157.30999755859375,157.4600067138672,139.33737182617188,24349400
2021-12-20,156.60000610351562,158.4600067138672,156.57000732421875,157.86000061035156,139.6912841796875,9202600
2021-12-21,157.64999389648438,158.14999389648438,156.7899932861328,157.75999450683594,139.60281372070312,6946000
2021-12-22,157.77000427246094,159.5800018310547,157.27000427246094,159.32000732421875,140.98324584960938,6626300
2021-12-23,159.5,160.9199981689453,159.44000244140625,160.10000610351562,141.67352294921875,5640900
2021-12-27,160.6699981689453,161.99000549316406,160.61000061035156,161.97000122070312,143.32826232910156,4548600
2021-12-28,161.9600067138672,163.3800048828125,161.94000244140625,162.83999633789062,144.09814453125,5929400
2021-12-29,163.2100067138672,164.97999572753906,163.0800018310547,164.19000244140625,145.2927703857422,5346100
2021-12-30,164.39999389648438,164.58999633789062,162.61000061035156,162.77000427246094,144.0361785888672,5911500
2021-12-31,162.86000061035156,163.72999572753906,162.4600067138672,163.5800018310547,144.75299072265625,5327000
2022-01-03,161.69000244140625,162.94000244140625,159.8800048828125,162.89999389648438,144.15122985839844,9317300
2022-01-04,162.2899932861328,164.38999938964844,162.17999267578125,163.47000122070312,144.65567016601562,9253800
2022-01-05,163.44000244140625,165.32000732421875,163.39999389648438,164.2100067138672,145.3104705810547,9330200
2022-01-06,164.33999633789062,165.1999969482422,162.61000061035156,162.8300018310547,144.08929443359375,7556000
2022-01-07,163.1300048828125,163.52999877929688,161.9499969482422,162.74000549316406,144.00965881347656,6098500
2022-01-10,162.50999450683594,163.1199951171875,160.1699981689453,160.52000427246094,142.04518127441406,8055000
2022-01-11,160.22000122070312,160.22000122070312,156.91000366210938,158.66000366210938,140.39923095703125,11957900
2022-01-12,158.25999450683594,159.36000061035156,157.8300018310547,159.00999450683594,140.70895385742188,7127500
2022-01-13,159.30999755859375,159.4499969482422,157.77999877929688,158.2899932861328,140.0718231201172,6551000
2022-01-14,158.07000732421875,160.49000549316406,157.55999755859375,159.80999755859375,141.41683959960938,10708000
2022-01-18,158.52999877929688,158.52999877929688,156.0399932861328,156.72999572753906,138.6913299560547,10988400
2022-01-19,157.61000061035156,164.19000244140625,156.97000122070312,162.0,143.3548126220703,14088300
2022-01-20,160.1199951171875,164.3300018310547,160.1199951171875,162.0,144.12884521484375,10799100
2022-01-21,163.0,165.35000610351562,162.10000610351562,162.6199951171875,144.68045043945312,10900400
2022-01-24,163.42999267578125,164.1199951171875,158.72000122070312,161.3000030517578,143.50608825683594,14838100
2022-01-25,160.4499969482422,161.3000030517578,157.88999938964844,159.5399932861328,141.94021606445312,9369600
2022-01-26,157.33999633789062,159.57000732421875,156.3800048828125,158.14999389648438,140.70355224609375,10707100
2022-01-27,158.72999572753906,161.35000610351562,158.5800018310547,159.1300048828125,141.57545471191406,9083000
2022-01-28,158.61000061035156,160.9499969482422,157.32000732421875,160.5,142.7943115234375,9494200
2022-01-31,159.35000610351562,160.64999389648438,158.8699951171875,160.4499969482422,142.74984741210938,8950100
2022-02-01,160.7899932861328,161.3000030517578,157.72999572753906,159.74000549316406,142.11814880371094,6284100
2022-02-02,160.13999938964844,162.83999633789062,159.47000122070312,162.60000610351562,144.6626739501953,7558800
2022-02-03,161.97999572753906,164.97999572753906,161.6199951171875,164.13999938964844,146.03277587890625,10474500
2022-02-04,163.1300048828125,164.49000549316406,161.41000366210938,161.52999877929688,143.710693359375,8959900
2022-02-07,161.8699951171875,162.25999450683594,159.6699981689453,160.32000732421875,142.63418579101562,6430500
2022-02-08,161.1199951171875,161.27000427246094,159.64999389648438,159.9600067138672,142.31390380859375,5048700
2022-02-09,160.36000061035156,160.63999938964844,159.27000427246094,159.60000610351562,141.99363708496094,8077400
2022-02-10,159.08999633789062,159.5,156.64999389648438,157.1699981689453,139.83168029785156,7033000
2022-02-11,158.00999450683594,158.5800018310547,155.5800018310547,156.2899932861328,139.04873657226562,9341400
2022-02-14,156.13999938964844,157.05999755859375,153.36000061035156,156.74000549316406,139.4490966796875,9472200
2022-02-15,157.77000427246094,159.32000732421875,156.11000061035156,156.82000732421875,139.52027893066406,6659200
2022-02-16,156.8300018310547,158.77999877929688,156.27000427246094,158.00999450683594,140.5789794921875,9315700
2022-02-17,158.3800048828125,160.3800048828125,157.35000610351562,159.82000732421875,142.1893310546875,7925500
2022-02-18,159.5,161.05999755859375,158.82000732421875,159.89999389648438,142.26052856445312,8063200
2022-02-22,160.11000061035156,160.8800048828125,156.66000366210938,157.92999267578125,140.5078125,8179500
2022-02-23,158.3000030517578,158.60000610351562,155.60000610351562,155.9600067138672,138.75514221191406,6273000
2022-02-24,155.63999938964844,155.97999572753906,150.55999755859375,151.75999450683594,135.0184783935547,13145100
2022-02-25,152.3300018310547,158.94000244140625,152.25,158.24000549316406,140.7836151123047,8888800
2022-02-28,156.2899932861328,157.19000244140625,153.82000732421875,155.88999938964844,138.69285583496094,8669200
2022-03-01,154.30999755859375,155.39999389648438,152.33999633789062,153.30999755859375,136.39749145507812,8311900
2022-03-02,152.9600067138672,155.0800018310547,152.60000610351562,153.7899932861328,136.8245391845703,6111300
2022-03-03,153.77000427246094,155.86000061035156,153.77000427246094,154.36000061035156,137.33169555664062,7451200
2022-03-04,153.1199951171875,155.35000610351562,152.5500030517578,155.13999938964844,138.02561950683594,8639100
2022-03-07,154.49000549316406,154.52000427246094,151.13999938964844,152.83999633789062,135.9793243408203,8374500
2022-03-08,152.17999267578125,152.9499969482422,146.5800018310547,146.7899932861328,130.5967559814453,9517200
2022-03-09,148.8300018310547,150.47000122070312,147.80999755859375,148.77000427246094,132.35830688476562,7044100
2022-03-10,147.8000030517578,148.27999877929688,143.94000244140625,144.94000244140625,128.95083618164062,9221000
2022-03-11,145.39999389648438,146.16000366210938,143.02999877929688,143.22000122070312,127.42057037353516,7086100
2022-03-14,144.4499969482422,146.0399932861328,143.35000610351562,145.0500030517578,129.04872131347656,7964600
2022-03-15,147.00999450683594,150.5399932861328,146.88999938964844,150.27000427246094,133.69287109375,9868400
2022-03-16,150.6300048828125,151.7899932861328,148.0399932861328,149.75999450683594,133.23910522460938,6908900
2022-03-17,149.99000549316406,150.47000122070312,148.5,150.22999572753906,133.65725708007812,6003800
2022-03-18,150.8699951171875,150.8699951171875,148.24000549316406,150.14999389648438,133.58607482910156,15570300
2022-03-21,150.44000244140625,151.4199981689453,149.24000549316406,150.72000122070312,134.09320068359375,6937500
2022-03-22,153.42999267578125,153.60000610351562,150.52000427246094,151.8800048828125,135.125244140625,7292100
2022-03-23,152.1999969482422,153.00999450683594,150.69000244140625,150.82000732421875,134.18218994140625,5531900
2022-03-24,150.88999938964844,151.55999755859375,150.16000366210938,151.0800018310547,134.4134979248047,4203100
2022-03-25,151.6300048828125,153.9199981689453,151.50999450683594,152.8300018310547,135.97044372558594,5047700
2022-03-28,153.63999938964844,153.89999389648438,152.6300048828125,153.8800048828125,136.90460205078125,4234000
2022-03-29,155.3699951171875,156.47000122070312,154.02000427246094,155.4600067138672,138.3103485107422,5643400
2022-03-30,152.5,154.42999267578125,151.94000244140625,154.38999938964844,137.35833740234375,5779300
2022-03-31,154.10000610351562,154.33999633789062,152.39999389648438,152.8000030517578,135.94375610351562,7538600
2022-04-01,153.52000427246094,155.4600067138672,152.05999755859375,155.08999633789062,137.9811248779297,5742600
2022-04-04,153.80999755859375,154.35000610351562,151.25999450683594,154.0800018310547,137.0825653076172,5992000
2022-04-05,153.61000061035156,157.3699951171875,153.5399932861328,154.6199951171875,137.56297302246094,7653000
2022-04-06,154.4199981689453,157.2899932861328,153.94000244140625,156.8300018310547,139.52914428710938,8884700
2022-04-07,157.8699951171875,159.38999938964844,156.97000122070312,158.86000061035156,141.33522033691406,6889700
2022-04-08,159.6999969482422,160.52999877929688,158.9199981689453,160.10000610351562,142.4384307861328,6045400
2022-04-11,159.9499969482422,161.2100067138672,158.6300048828125,159.49000549316406,141.89572143554688,6158400
2022-04-12,159.30999755859375,160.6300048828125,158.6999969482422,159.00999450683594,141.46868896484375,7221500
2022-04-13,159.0800018310547,160.41000366210938,158.7100067138672,159.4600067138672,141.86903381347656,5247700
2022-04-14,159.97999572753906,160.3000030517578,158.4499969482422,158.57000732421875,141.0772247314453,7806500
2022-04-18,158.47999572753906,158.97999572753906,156.52999877929688,157.05999755859375,139.7338104248047,6034500
2022-04-19,156.77000427246094,160.02999877929688,156.3000030517578,159.41000366210938,141.8245849609375,7897000
2022-04-20,160.5,164.47999572753906,160.0,163.64999389648438,145.59683227539062,10196100
2022-04-21,163.82000732421875,164.89999389648438,162.42999267578125,162.61000061035156,145.4832305908203,9365700
2022-04-22,163.24000549316406,163.52000427246094,160.91000366210938,161.25,144.2664337158203,9394600
2022-04-25,161.6999969482422,163.2899932861328,159.8000030517578,162.5500030517578,145.4295196533203,6986800
2022-04-26,162.67999267578125,163.63999938964844,159.75,159.7899932861328,142.96018981933594,7769500
2022-04-27,160.2100067138672,161.4499969482422,159.11000061035156,159.36000061035156,142.5755157470703,6754900
2022-04-28,160.5399932861328,163.7100067138672,159.27000427246094,163.41000366210938,146.19894409179688,9306800
2022-04-29,162.47000122070312,162.9499969482422,160.1999969482422,160.5500030517578,143.64019775390625,10637000
2022-05-02,161.60000610351562,162.0,156.19000244140625,158.3800048828125,141.69874572753906,10351600
2022-05-03,158.22000122070312,158.99000549316406,155.00999450683594,156.2100067138672,139.75726318359375,10344000
2022-05-04,155.8300018310547,157.5500030517578,155.14999389648438,157.36000061035156,140.7861328125,7771000
2022-05-05,156.3000030517578,157.2899932861328,153.13999938964844,154.4600067138672,138.19161987304688,8217100
2022-05-06,154.77000427246094,156.24000549316406,153.8699951171875,156.0,139.5694122314453,7304800
2022-05-09,153.9600067138672,156.75999450683594,152.75,155.61000061035156,139.220458984375,8540800
2022-05-10,155.5500030517578,156.6199951171875,153.94000244140625,154.7899932861328,138.48681640625,7447400
2022-05-11,154.02999877929688,155.89999389648438,152.35000610351562,152.61000061035156,136.5364227294922,7692200
2022-05-12,153.52000427246094,153.61000061035156,149.8800048828125,151.99000549316406,135.9817352294922,9600800
2022-05-13,152.5800018310547,153.72999572753906,150.4199981689453,153.6199951171875,137.4400634765625,5675500
2022-05-16,153.47000122070312,155.89999389648438,152.02999877929688,155.1199951171875,138.78207397460938,5971000
2022-05-17,155.1300048828125,156.75,153.07000732421875,154.67999267578125,138.38839721679688,6509100
2022-05-18,154.6699981689453,154.75999450683594,144.5399932861328,145.0399932861328,129.7637481689453,9670700
2022-05-19,143.41000366210938,143.4199981689453,140.60000610351562,141.6999969482422,126.77554321289062,9694100
2022-05-20,142.14999389648438,142.4499969482422,139.17999267578125,141.7899932861328,126.85604095458984,7786900
2022-05-23,142.83999633789062,145.6300048828125,142.0800018310547,145.0500030517578,129.772705078125,7134500
2022-05-24,144.88999938964844,147.94000244140625,144.82000732421875,147.6300048828125,132.0809783935547,7207400
2022-05-25,147.11000061035156,147.13999938964844,143.5,145.2100067138672,129.91587829589844,8217800
2022-05-26,146.47999572753906,147.3800048828125,145.0399932861328,146.47999572753906,131.0520477294922,5702600
2022-05-27,146.97000122070312,148.72000122070312,146.6300048828125,148.72000122070312,133.05616760253906,6028800
2022-05-31,147.2899932861328,148.99000549316406,146.16000366210938,147.8800048828125,132.30462646484375,12416700
2022-06-01,148.0,148.1199951171875,144.7100067138672,145.63999938964844,130.300537109375,7036000
2022-06-02,145.97000122070312,147.25999450683594,142.6300048828125,147.2100067138672,131.70516967773438,6479800
2022-06-03,146.36000061035156,147.2100067138672,145.1199951171875,145.88999938964844,130.52420043945312,4720700
2022-06-06,147.3699951171875,147.63999938964844,144.58999633789062,145.32000732421875,130.0142822265625,4751100
2022-06-07,143.6699981689453,147.17999267578125,143.42999267578125,146.94000244140625,131.463623046875,4918600
2022-06-08,146.3000030517578,146.42999267578125,144.99000549316406,145.11000061035156,129.8263702392578,4369600
2022-06-09,145.41000366210938,146.88999938964844,142.33999633789062,142.49000549316406,127.4822998046875,4625700
2022-06-10,140.88999938964844,143.14999389648438,139.4499969482422,141.9499969482422,126.99922180175781,6630800
2022-06-13,139.5,140.49000549316406,137.6300048828125,138.14999389648438,123.59942626953125,8549500
2022-06-14,137.50999450683594,137.5800018310547,132.5399932861328,133.83999633789062,119.74337768554688,9980200
2022-06-15,134.44000244140625,134.89999389648438,129.5,132.50999450683594,118.55345916748047,12178100
2022-06-16,131.02999877929688,135.07000732421875,130.60000610351562,133.32000732421875,119.2781753540039,9683300
2022-06-17,132.55999755859375,134.25999450683594,131.42999267578125,132.36000061035156,118.41927337646484,17113300
2022-06-21,134.6199951171875,137.0,133.42999267578125,136.3699951171875,122.00690460205078,9017000
2022-06-22,135.67999267578125,139.69000244140625,135.6699981689453,138.5,123.91256713867188,8374500
2022-06-23,139.0500030517578,142.47999572753906,138.89999389648438,142.3000030517578,127.31234741210938,6418300
2022-06-24,144.1999969482422,145.24000549316406,143.1199951171875,144.35000610351562,129.14642333984375,19440600
2022-06-27,144.1199951171875,144.75999450683594,142.7100067138672,143.25,128.16224670410156,5618500
2022-06-28,143.5399932861328,144.08999633789062,140.5800018310547,140.9199981689453,126.07767486572266,6077300
2022-06-29,141.60000610351562,142.86000061035156,141.14999389648438,142.1999969482422,127.22285461425781,5174600
2022-06-30,141.69000244140625,144.44000244140625,141.22999572753906,143.7899932861328,128.64541625976562,7410100
2022-07-01,144.24000549316406,146.25,143.39999389648438,146.11000061035156,130.72105407714844,5937200
2022-07-05,144.5800018310547,146.10000610351562,142.5399932861328,144.6999969482422,129.4595489501953,5760900
2022-07-06,145.50999450683594,147.49000549316406,144.97000122070312,146.0500030517578,130.66741943359375,5485200
2022-07-07,145.2899932861328,146.19000244140625,144.60000610351562,146.0,130.62266540527344,6623400
2022-07-08,145.99000549316406,146.80999755859375,144.57000732421875,145.02000427246094,129.745849609375,4294200
2022-07-11,145.14999389648438,146.5800018310547,144.67999267578125,146.0399932861328,130.65841674804688,5482900
2022-07-12,145.86000061035156,146.9199981689453,144.3699951171875,144.75,129.50430297851562,5204400
2022-07-13,144.41000366210938,146.9600067138672,144.2100067138672,145.6999969482422,130.35421752929688,5075600
2022-07-14,143.75999450683594,145.52999877929688,143.47000122070312,145.27000427246094,129.96951293945312,4867000
2022-07-15,145.33999633789062,145.6999969482422,144.10000610351562,145.07000732421875,129.7906036376953,6264600
2022-07-18,144.94000244140625,145.08999633789062,143.1699981689453,143.30999755859375,128.21592712402344,6047500
2022-07-19,144.57000732421875,145.00999450683594,143.63999938964844,144.0399932861328,128.86907958984375,5943600
2022-07-20,144.0,144.22000122070312,140.63999938964844,141.5500030517578,126.6413345336914,8635300
2022-07-21,140.60000610351562,141.36000061035156,138.9499969482422,140.77000427246094,126.76109313964844,8310200
2022-07-22,140.75999450683594,143.1699981689453,140.6699981689453,143.02000427246094,128.78717041015625,5292700
2022-07-25,142.8000030517578,144.4199981689453,142.52999877929688,143.99000549316406,129.66067504882812,5262100
2022-07-26,142.69000244140625,144.49000549316406,141.7100067138672,144.27000427246094,129.91278076171875,5375700
2022-07-27,143.8800048828125,146.2100067138672,143.52999877929688,145.63999938964844,131.14646911621094,5500000
2022-07-28,146.13999938964844,148.61000061035156,145.0800018310547,148.05999755859375,133.32565307617188,7115700
2022-07-29,141.42999267578125,142.5,138.22999572753906,138.91000366210938,125.08621978759766,18694700
2022-08-01,138.33999633789062,143.94000244140625,138.27000427246094,142.89999389648438,128.6791229248047,12590000
2022-08-02,143.11000061035156,143.72000122070312,141.77000427246094,141.9499969482422,127.82365417480469,7495000
2022-08-03,141.66000366210938,145.27000427246094,140.91000366210938,144.8800048828125,130.46209716796875,6811000
2022-08-04,144.85000610351562,146.4600067138672,144.00999450683594,144.64999389648438,130.25494384765625,6124700
2022-08-05,143.75,144.83999633789062,142.77000427246094,144.72000122070312,130.3179931640625,4580300
2022-08-08,145.02999877929688,146.47000122070312,144.72999572753906,145.27000427246094,130.81326293945312,4486800
2022-08-09,145.57000732421875,145.94000244140625,144.49000549316406,144.92999267578125,130.507080078125,3977300
2022-08-10,145.88999938964844,146.5,145.38999938964844,146.3000030517578,131.7407989501953,4641300
2022-08-11,146.80999755859375,147.2899932861328,144.92999267578125,145.25999450683594,130.80422973632812,5954300
2022-08-12,145.91000366210938,146.72999572753906,144.9600067138672,146.6699981689453,132.07395935058594,5038700
2022-08-15,146.8699951171875,148.77000427246094,146.75,148.55999755859375,133.77587890625,6008000
2022-08-16,148.36000061035156,150.60000610351562,148.36000061035156,149.92999267578125,135.009521484375,7093000
2022-08-17,149.10000610351562,149.75,148.8800048828125,149.24000549316406,134.38818359375,4834600
2022-08-18,148.8699951171875,149.99000549316406,148.52000427246094,149.77000427246094,134.86544799804688,3829000
2022-08-19,149.2100067138672,150.6300048828125,148.72000122070312,149.72999572753906,134.8294219970703,6502500
2022-08-22,148.97999572753906,150.1300048828125,148.83999633789062,149.3300018310547,134.46925354003906,6380700
2022-08-23,148.42999267578125,148.44000244140625,145.8300018310547,146.4499969482422,131.87582397460938,5268200
2022-08-24,146.61000061035156,147.25999450683594,145.1199951171875,145.82000732421875,131.30856323242188,5903200
2022-08-25,145.22999572753906,145.77999877929688,144.49000549316406,145.6999969482422,131.2004852294922,5097600
2022-08-26,146.0,146.52999877929688,142.02000427246094,142.2899932861328,128.12982177734375,6086600
2022-08-29,141.3000030517578,142.69000244140625,141.02000427246094,141.69000244140625,127.58956146240234,5272100
2022-08-30,142.41000366210938,142.41000366210938,139.91000366210938,140.17999267578125,126.22979736328125,5203700
2022-08-31,140.39999389648438,140.8800048828125,137.86000061035156,137.94000244140625,124.21270751953125,8406900
2022-09-01,137.8300018310547,139.75999450683594,136.75999450683594,139.63999938964844,125.74354553222656,7446500
2022-09-02,140.4199981689453,141.14999389648438,136.5500030517578,137.16000366210938,123.51034545898438,7077800
2022-09-06,135.8800048828125,137.94000244140625,135.2899932861328,135.6300048828125,122.13261413574219,8217200
2022-09-07,136.02999877929688,137.75999450683594,136.02000427246094,137.67999267578125,123.97863006591797,6609400
2022-09-08,137.00999450683594,138.49000549316406,136.05999755859375,137.86000061035156,124.14067840576172,7380500
2022-09-09,137.9499969482422,141.08999633789062,137.3000030517578,139.9600067138672,126.03173065185547,6434300
2022-09-12,139.41000366210938,141.8000030517578,139.11000061035156,141.10000610351562,127.05827331542969,5818700
2022-09-13,140.77999877929688,141.42999267578125,137.86000061035156,138.17999267578125,124.4288558959961,6350200
2022-09-14,138.66000366210938,139.66000366210938,137.6699981689453,138.50999450683594,124.72599792480469,6137800
2022-09-15,138.77999877929688,138.88999938964844,136.63999938964844,137.44000244140625,123.76248168945312,5320700
2022-09-16,137.44000244140625,139.05999755859375,137.11000061035156,138.27999877929688,124.51887512207031,9321500
2022-09-19,138.1999969482422,138.4600067138672,137.22999572753906,137.99000549316406,124.25775909423828,6056000
2022-09-20,137.41000366210938,137.97000122070312,136.52999877929688,137.5,123.8165054321289,5589800
2022-09-21,138.0800018310547,138.1999969482422,135.7100067138672,135.72999572753906,122.22264099121094,6413900
2022-09-22,135.74000549316406,137.07000732421875,135.24000549316406,136.2100067138672,122.65489196777344,5061600
2022-09-23,135.67999267578125,136.5,133.9499969482422,135.5800018310547,122.08759307861328,6523600
2022-09-26,135.5800018310547,136.82000732421875,134.99000549316406,135.7100067138672,122.20463562011719,7396400
2022-09-27,135.9600067138672,136.94000244140625,131.7100067138672,131.97999572753906,118.84585571289062,7722200
2022-09-28,133.02000427246094,133.02000427246094,131.19000244140625,131.97999572753906,118.84585571289062,10455100
2022-09-29,131.8699951171875,131.8699951171875,128.25999450683594,128.6999969482422,115.89225769042969,7128500
2022-09-30,129.0,129.0399932861328,126.20999908447266,126.25,113.68607330322266,9431900
2022-10-03,127.25,129.10000610351562,126.68000030517578,128.50999450683594,115.72118377685547,8477700
2022-10-04,129.10000610351562,130.8699951171875,128.6999969482422,130.10000610351562,117.1529541015625,7211600
2022-10-05,129.1999969482422,130.08999633789062,128.08999633789062,129.1999969482422,116.34249877929688,5071100
2022-10-06,128.88999938964844,129.05999755859375,126.3499984741211,126.4800033569336,113.89320373535156,5530800
2022-10-07,126.5,126.58000183105469,123.76000213623047,124.2699966430664,111.90310668945312,6095400
2022-10-10,123.37000274658203,124.25,122.18000030517578,123.76000213623047,111.4438705444336,6923300
2022-10-11,123.69000244140625,125.69999694824219,123.5999984741211,124.2300033569336,111.8670883178711,5516200
2022-10-12,124.83999633789062,125.80999755859375,124.41000366210938,124.43000030517578,112.04719543457031,6823500
2022-10-13,123.51000213623047,126.75,122.91999816894531,126.30999755859375,113.74011993408203,6910500
2022-10-14,126.75,127.0199966430664,124.7699966430664,125.08000183105469,112.63250732421875,5516800
2022-10-17,126.01000213623047,128.27999877929688,125.86000061035156,127.33999633789062,114.66759490966797,6664600
2022-10-18,129.3300018310547,130.07000732421875,127.66000366210938,128.3699951171875,115.59510040283203,7114200
2022-10-19,131.63999938964844,133.0,129.50999450683594,129.55999755859375,116.66667175292969,9993700
2022-10-20,128.6199951171875,129.77000427246094,126.68000030517578,126.98999786376953,115.16397857666016,8168000
2022-10-21,126.54000091552734,128.9499969482422,126.4800033569336,128.5800018310547,116.60591125488281,6394600
2022-10-24,129.49000549316406,130.44000244140625,128.35000610351562,129.3699951171875,117.32234191894531,6946000
2022-10-25,129.60000610351562,131.17999267578125,128.47000122070312,130.86000061035156,118.67359161376953,6776000
2022-10-26,130.64999389648438,132.57000732421875,130.39999389648438,131.77999877929688,119.5079116821289,6612800
2022-10-27,132.0,133.1199951171875,131.5,131.8800048828125,119.59860229492188,6676700
2022-10-28,133.1699981689453,135.50999450683594,132.9199981689453,135.22000122070312,122.62754821777344,6996400
2022-10-31,135.1999969482422,135.6699981689453,134.25999450683594,134.6699981689453,122.12877655029297,8346300
2022-11-01,134.6999969482422,136.27999877929688,133.83999633789062,134.8800048828125,122.31920623779297,6428300
2022-11-02,134.72000122070312,136.5399932861328,132.80999755859375,132.94000244140625,120.55986022949219,7318100
2022-11-03,131.72999572753906,132.63999938964844,130.9600067138672,132.02999877929688,119.734619140625,5204000
2022-11-04,133.32000732421875,135.0,132.52000427246094,134.44000244140625,121.9201889038086,5555400
2022-11-07,135.35000610351562,137.19000244140625,135.05999755859375,136.5,123.7883529663086,6746800
2022-11-08,136.82000732421875,137.52000427246094,135.8000030517578,136.80999755859375,124.0694808959961,5266200
2022-11-09,136.8699951171875,137.97000122070312,136.33999633789062,136.47999572753906,123.77022552490234,5690700
2022-11-10,139.4600067138672,141.6300048828125,138.1999969482422,141.17999267578125,128.0325164794922,8068700
2022-11-11,141.1999969482422,141.6300048828125,139.11000061035156,140.97000122070312,127.84207916259766,7175200
2022-11-14,140.50999450683594,143.55999755859375,140.25999450683594,140.97999572753906,127.85118865966797,8516200
2022-11-15,142.08999633789062,143.1999969482422,139.6999969482422,140.49000549316406,127.40681457519531,7732400
2022-11-16,141.5,142.91000366210938,140.97999572753906,141.74000549316406,128.5404052734375,6193700
2022-11-17,141.11000061035156,141.69000244140625,139.86000061035156,140.8699951171875,127.75139617919922,5186300
2022-11-18,141.9199981689453,142.75999450683594,141.27000427246094,142.57000732421875,129.2930908203125,5671400
2022-11-21,143.05999755859375,145.19000244140625,142.8300018310547,144.3800048828125,130.9345245361328,6377200
2022-11-22,145.42999267578125,145.7899932861328,144.83999633789062,145.6199951171875,132.0590362548828,5372900
2022-11-23,145.89999389648438,146.6300048828125,145.57000732421875,146.4499969482422,132.81175231933594,4296000
2022-11-25,146.7899932861328,147.1999969482422,146.39999389648438,146.72000122070312,133.05657958984375,2411100
2022-11-28,146.38999938964844,147.33999633789062,146.13999938964844,146.60000610351562,132.94781494140625,6628200
2022-11-29,145.75,146.05999755859375,144.52999877929688,145.47999572753906,131.93211364746094,5634200
2022-11-30,145.64999389648438,149.16000366210938,145.1300048828125,149.16000366210938,135.2694091796875,12396800
2022-12-01,149.52999877929688,150.36000061035156,148.57000732421875,149.25,135.35101318359375,6927400
2022-12-02,148.47000122070312,150.77000427246094,148.0800018310547,150.61000061035156,136.58433532714844,4938300
2022-12-05,148.7100067138672,149.6699981689453,148.27000427246094,149.08999633789062,135.20587158203125,5402500
2022-12-06,149.72000122070312,150.0800018310547,148.27999877929688,149.27999877929688,135.37823486328125,6866700
2022-12-07,149.00999450683594,150.42999267578125,149.00999450683594,150.24000549316406,136.24879455566406,6175500
2022-12-08,149.4600067138672,151.3800048828125,149.00999450683594,151.32000732421875,137.22824096679688,5187100
2022-12-09,150.6999969482422,151.9499969482422,150.22000122070312,150.9199981689453,136.865478515625,5868200
2022-12-12,151.22000122070312,152.55999755859375,151.0399932861328,152.47000122070312,138.27114868164062,6142400
2022-12-13,153.41000366210938,154.22999572753906,150.7899932861328,152.24000549316406,138.06256103515625,7680600
2022-12-14,152.7899932861328,154.44000244140625,152.1699981689453,152.83999633789062,138.60670471191406,7385600
2022-12-15,151.72000122070312,152.0,149.74000549316406,151.11000061035156,137.0377960205078,7117200
2022-12-16,150.36000061035156,151.07000732421875,149.02000427246094,150.44000244140625,136.43020629882812,19966400
2022-12-19,150.22000122070312,151.3800048828125,149.24000549316406,150.39999389648438,136.3939208984375,5881800
2022-12-20,149.32000732421875,150.89999389648438,149.27000427246094,150.4600067138672,136.4483642578125,5646100
2022-12-21,150.75,152.6300048828125,150.72000122070312,151.83999633789062,137.69981384277344,5024700
2022-12-22,151.1300048828125,152.41000366210938,150.8800048828125,152.19000244140625,138.01724243164062,5904900
2022-12-23,152.30999755859375,152.9199981689453,151.6699981689453,152.6199951171875,138.40719604492188,3401800
2022-12-27,152.6999969482422,154.32000732421875,152.66000366210938,153.9499969482422,139.6133270263672,4215100
2022-12-28,154.27999877929688,154.64999389648438,151.89999389648438,151.9600067138672,137.8086395263672,4197500
2022-12-29,152.80999755859375,153.24000549316406,152.13999938964844,152.58999633789062,138.37997436523438,3809100
2022-12-30,152.42999267578125,152.67999267578125,150.44000244140625,151.55999755859375,137.44593811035156,4532000
2023-01-03,150.9499969482422,151.7100067138672,149.1199951171875,151.57000732421875,137.45498657226562,6447300
2023-01-04,151.99000549316406,153.38999938964844,151.22999572753906,152.22999572753906,138.05349731445312,7313400
2023-01-05,152.2100067138672,152.47999572753906,150.1300048828125,150.33999633789062,136.33950805664062,5373800
2023-01-06,151.85000610351562,154.4600067138672,151.75,153.9199981689453,139.5861053466797,7882200
2023-01-09,153.44000244140625,154.8000030517578,152.0,152.0399932861328,137.88119506835938,5727000
2023-01-10,152.10000610351562,152.6999969482422,150.94000244140625,151.88999938964844,137.74514770507812,4716400
2023-01-11,152.32000732421875,152.55999755859375,149.35000610351562,150.66000366210938,136.6297149658203,8691300
2023-01-12,151.6999969482422,151.72999572753906,149.52000427246094,149.80999755859375,135.85885620117188,7801600
2023-01-13,149.61000061035156,151.0500030517578,149.4199981689453,150.8800048828125,136.8292236328125,5535800
2023-01-17,150.7899932861328,152.1300048828125,150.39999389648438,150.44000244140625,136.43020629882812,9611800
2023-01-18,149.66000366210938,149.92999267578125,146.0399932861328,146.41000366210938,132.77548217773438,10461200
2023-01-19,143.30999755859375,146.22000122070312,142.24000549316406,142.4199981689453,129.96754455566406,12683700
2023-01-20,142.32000732421875,143.14999389648438,140.14999389648438,142.97000122070312,130.4694366455078,8603300
2023-01-23,143.36000061035156,143.6999969482422,140.69000244140625,141.0500030517578,128.71731567382812,7473100
2023-01-24,140.69000244140625,142.3800048828125,139.80999755859375,141.82000732421875,129.41995239257812,6822500
2023-01-25,140.38999938964844,141.75,138.72999572753906,141.72000122070312,129.32870483398438,6902600
2023-01-26,141.72999572753906,141.74000549316406,140.74000549316406,141.14999389648438,128.8085479736328,5398600
2023-01-27,141.07000732421875,141.36000061035156,139.2899932861328,140.57000732421875,128.27928161621094,6870800
2023-01-30,140.9600067138672,142.1199951171875,140.27999877929688,141.00999450683594,128.6807861328125,6369300
2023-01-31,141.22999572753906,142.47000122070312,140.75999450683594,142.3800048828125,129.93104553222656,9373400
2023-02-01,142.0800018310547,144.10000610351562,141.35000610351562,143.19000244140625,130.67018127441406,7207900
2023-02-02,142.1699981689453,142.7100067138672,141.2100067138672,142.1699981689453,129.7393798828125,6444300
2023-02-03,142.77999877929688,143.3800048828125,141.1699981689453,142.61000061035156,130.1409149169922,5993100
2023-02-06,142.00999450683594,142.63999938964844,141.00999450683594,141.39999389648438,129.03671264648438,6108100
2023-02-07,139.97000122070312,140.7899932861328,138.77999877929688,140.02000427246094,127.77738952636719,6278300
2023-02-08,139.05999755859375,139.5399932861328,138.41000366210938,138.57000732421875,126.45417022705078,7123800
2023-02-09,138.8800048828125,139.3300018310547,137.0,137.0500030517578,125.06706237792969,6547400
2023-02-10,136.9499969482422,138.3000030517578,135.8300018310547,138.25999450683594,126.17122650146484,8108900
2023-02-13,138.94000244140625,140.4499969482422,138.74000549316406,140.07000732421875,127.822998046875,5081600
2023-02-14,140.13999938964844,140.24000549316406,138.6199951171875,139.27999877929688,127.1020736694336,5253500
2023-02-15,139.11000061035156,139.32000732421875,138.07000732421875,138.9600067138672,126.81005859375,5530300
2023-02-16,137.38999938964844,138.1999969482422,136.5500030517578,137.13999938964844,125.149169921875,7595700
2023-02-17,136.58999633789062,140.0399932861328,136.58999633789062,140.00999450683594,127.76823425292969,8034700
2023-02-21,138.8699951171875,140.88999938964844,138.8699951171875,139.91000366210938,127.6769790649414,6899500
2023-02-22,139.97999572753906,141.5800018310547,139.8800048828125,140.5,128.21539306640625,6126300
2023-02-23,140.22999572753906,141.13999938964844,139.10000610351562,140.0500030517578,127.80477142333984,5835400
2023-02-24,138.92999267578125,139.42999267578125,138.0800018310547,139.25999450683594,127.08381652832031,5260700
2023-02-27,139.61000061035156,140.47000122070312,138.52999877929688,139.13999938964844,126.97430419921875,5820900
2023-02-28,138.4499969482422,138.58999633789062,137.27999877929688,137.55999755859375,125.53247833251953,6709900
2023-03-01,138.0500030517578,138.3300018310547,136.50999450683594,137.66000366210938,125.62371063232422,7101800
2023-03-02,138.0,140.42999267578125,137.77999877929688,139.92999267578125,127.69522094726562,5924600
2023-03-03,141.19000244140625,141.24000549316406,139.97000122070312,140.9499969482422,128.6260528564453,5259400
2023-03-06,140.72999572753906,141.13999938964844,139.94000244140625,140.35000610351562,128.07855224609375,4943100
2023-03-07,140.42999267578125,140.6199951171875,137.33999633789062,137.55999755859375,125.53247833251953,5606800
2023-03-08,137.1999969482422,137.69000244140625,136.60000610351562,137.5800018310547,125.55069732666016,5518800
2023-03-09,138.14999389648438,138.55999755859375,136.10000610351562,136.57000732421875,124.62901306152344,4467200
2023-03-10,136.9499969482422,137.99000549316406,136.35000610351562,137.19000244140625,125.19480895996094,5928000
2023-03-13,137.0399932861328,141.32000732421875,137.0399932861328,138.13999938964844,126.06172180175781,8337100
2023-03-14,138.2899932861328,140.11000061035156,137.39999389648438,139.85000610351562,127.62223815917969,9219700
2023-03-15,138.80999755859375,142.14999389648438,138.80999755859375,141.8300018310547,129.42909240722656,8823500
2023-03-16,141.94000244140625,143.1199951171875,141.61000061035156,142.88999938964844,130.3964385986328,7063400
2023-03-17,142.5,143.38999938964844,141.52999877929688,142.92999267578125,130.43292236328125,16018800
2023-03-20,143.5,145.39999389648438,143.22999572753906,145.1300048828125,132.4405975341797,8379200
2023-03-21,144.91000366210938,145.22999572753906,142.83999633789062,144.0800018310547,131.4823760986328,7753200
2023-03-22,144.0399932861328,145.75,143.8300018310547,143.99000549316406,131.4002685546875,5729100
2023-03-23,144.24000549316406,145.1199951171875,143.19000244140625,143.7899932861328,131.2177276611328,5788400
2023-03-24,144.3000030517578,146.75999450683594,144.3000030517578,146.72000122070312,133.89151000976562,6144800
2023-03-27,146.88999938964844,147.4199981689453,145.8699951171875,145.9499969482422,133.18887329101562,5917200
2023-03-28,146.5500030517578,146.82000732421875,145.8000030517578,146.36000061035156,133.56300354003906,4213800
2023-03-29,147.0800018310547,147.2899932861328,146.25999450683594,146.80999755859375,133.9736785888672,4987700
2023-03-30,146.9199981689453,147.5399932861328,146.3000030517578,147.4499969482422,134.55770874023438,4117700
2023-03-31,147.74000549316406,148.69000244140625,147.57000732421875,148.69000244140625,135.6892852783203,7685900
2023-04-03,148.42999267578125,150.07000732421875,147.08999633789062,149.50999450683594,136.43760681152344,5721700
2023-04-04,150.0800018310547,151.7100067138672,150.0800018310547,150.22999572753906,137.09466552734375,6714300
2023-04-05,151.3300018310547,152.35000610351562,151.14999389648438,151.25999450683594,138.0346221923828,6094800
2023-04-06,151.8699951171875,152.9600067138672,151.4199981689453,152.22000122070312,138.91065979003906,5399700
2023-04-10,151.64999389648438,151.6699981689453,149.50999450683594,150.9600067138672,137.76083374023438,4891800
2023-04-11,151.25999450683594,151.44000244140625,150.52000427246094,150.66000366210938,137.487060546875,6311800
2023-04-12,150.30999755859375,152.41000366210938,149.92999267578125,151.07000732421875,137.86122131347656,6137900
2023-04-13,150.89999389648438,151.8699951171875,149.82000732421875,151.77000427246094,138.50001525878906,5489500
2023-04-14,151.35000610351562,151.58999633789062,150.50999450683594,151.0,137.79733276367188,4478800
2023-04-17,151.1699981689453,151.47000122070312,150.33999633789062,151.0500030517578,137.84295654296875,4296400
2023-04-18,150.97999572753906,151.58999633789062,150.10000610351562,151.2100067138672,137.9889678955078,4158400
2023-04-19,151.1699981689453,151.89999389648438,150.7100067138672,151.24000549316406,138.016357421875,3837600
2023-04-20,150.3699951171875,151.36000061035156,150.3699951171875,150.85000610351562,138.52232360839844,5370900
2023-04-21,154.94000244140625,158.11000061035156,154.5,156.07000732421875,143.31573486328125,14876900
2023-04-24,155.22000122070312,157.25,155.22000122070312,156.35000610351562,143.57289123535156,8109800
2023-04-25,156.50999450683594,157.94000244140625,155.7899932861328,156.38999938964844,143.60958862304688,8341800
2023-04-26,155.3000030517578,156.0,154.33999633789062,154.5800018310547,141.94749450683594,4843700
2023-04-27,155.3000030517578,156.61000061035156,155.00999450683594,156.47000122070312,143.6830291748047,4805600
2023-04-28,156.27999877929688,157.3699951171875,155.75999450683594,156.3800048828125,143.60037231445312,5754700
2023-05-01,156.02999877929688,157.39999389648438,155.8000030517578,156.57000732421875,143.77487182617188,3844600
2023-05-02,156.58999633789062,156.92999267578125,155.6699981689453,156.42999267578125,143.64627075195312,5262900
2023-05-03,156.63999938964844,157.57000732421875,155.42999267578125,156.22999572753906,143.46263122558594,5775000
2023-05-04,156.10000610351562,156.60000610351562,155.08999633789062,155.50999450683594,142.80149841308594,4892600
2023-05-05,155.39999389648438,156.30999755859375,154.69000244140625,156.02999877929688,143.2790069580078,3989200
2023-05-08,155.35000610351562,155.72999572753906,154.8699951171875,155.3000030517578,142.608642578125,4950700
2023-05-09,155.85000610351562,155.97999572753906,153.5800018310547,153.7100067138672,141.1486053466797,4472100
2023-05-10,153.4499969482422,154.32000732421875,152.44000244140625,154.02999877929688,141.4424285888672,4754900
2023-05-11,154.80999755859375,154.88999938964844,153.38999938964844,154.38999938964844,141.77304077148438,3495300
2023-05-12,154.6999969482422,156.0500030517578,154.38999938964844,155.9600067138672,143.21473693847656,5252900
2023-05-15,156.61000061035156,156.75,154.63999938964844,156.00999450683594,143.26063537597656,5414900
2023-05-16,155.8699951171875,156.9199981689453,154.92999267578125,155.74000549316406,143.01272583007812,5591500
2023-05-17,156.25999450683594,156.55999755859375,153.89999389648438,155.0800018310547,142.4066162109375,4286900
2023-05-18,153.30999755859375,153.64999389648438,151.60000610351562,152.52999877929688,140.06503295898438,6997600
2023-05-19,152.47000122070312,153.32000732421875,151.83999633789062,153.1699981689453,140.65272521972656,4754100
2023-05-22,152.5,152.60000610351562,148.8300018310547,149.16000366210938,136.97042846679688,7876200
2023-05-23,148.7899932861328,148.8800048828125,147.07000732421875,147.5500030517578,135.4919891357422,6116000
2023-05-24,147.58999633789062,148.1999969482422,146.08999633789062,146.3300018310547,134.37171936035156,5755400
2023-05-25,145.49000549316406,146.2100067138672,144.35000610351562,145.38999938964844,133.50851440429688,6510300
2023-05-26,145.3300018310547,146.00999450683594,144.72999572753906,145.39999389648438,133.51768493652344,4716400
2023-05-30,143.86000061035156,144.0399932861328,142.35000610351562,143.17999267578125,131.4791259765625,5561000
2023-05-31,143.16000366210938,143.97999572753906,141.89999389648438,142.5,130.85470581054688,19854800
2023-06-01,143.25,144.1199951171875,142.4499969482422,143.9600067138672,132.19540405273438,6091100
2023-06-02,144.50999450683594,146.67999267578125,144.38999938964844,146.52000427246094,134.54617309570312,6124400
2023-06-05,146.0500030517578,147.85000610351562,145.72999572753906,145.94000244140625,134.0135498046875,4753700
2023-06-06,146.07000732421875,146.30999755859375,143.5500030517578,144.49000549316406,132.68206787109375,4635900
2023-06-07,144.00999450683594,145.1199951171875,143.47000122070312,144.8000030517578,132.9667510986328,6194400
2023-06-08,145.33999633789062,146.64999389648438,144.9199981689453,146.44000244140625,134.47268676757812,4863700
2023-06-09,145.67999267578125,146.77999877929688,144.72999572753906,146.55999755859375,134.58290100097656,5569500
2023-06-12,147.0,147.00999450683594,144.5500030517578,145.41000366210938,133.5269012451172,5354000
2023-06-13,144.50999450683594,145.67999267578125,144.27999877929688,145.05999755859375,133.2054901123047,5321200
2023-06-14,145.30999755859375,146.88999938964844,144.8300018310547,146.4199981689453,134.454345703125,5693300
2023-06-15,147.1699981689453,148.97000122070312,146.5399932861328,148.4499969482422,136.3184356689453,5863000
2023-06-16,148.9199981689453,150.08999633789062,148.89999389648438,149.5399932861328,137.31936645507812,11244900
2023-06-20,149.75,150.27999877929688,148.11000061035156,148.16000366210938,136.05215454101562,5340700
2023-06-21,148.25999450683594,149.60000610351562,147.8699951171875,149.44000244140625,137.22752380371094,4649700
2023-06-22,150.35000610351562,151.10000610351562,149.47999572753906,149.9499969482422,137.6958465576172,6666800
2023-06-23,150.25,150.52999877929688,147.9600067138672,148.4600067138672,136.32763671875,13843300
2023-06-26,148.10000610351562,148.97000122070312,146.72000122070312,148.61000061035156,136.4653778076172,4353100
2023-06-27,148.44000244140625,150.1699981689453,148.38999938964844,150.02000427246094,137.76016235351562,5445400
2023-06-28,149.3300018310547,150.3000030517578,147.9600067138672,149.99000549316406,137.73257446289062,6733300
2023-06-29,148.47999572753906,149.6999969482422,147.10000610351562,149.3800048828125,137.17245483398438,7343000
2023-06-30,149.8300018310547,152.07000732421875,149.7899932861328,151.74000549316406,139.339599609375,7058300
2023-07-03,151.47999572753906,152.52999877929688,150.47000122070312,152.5,140.0374755859375,3996100
2023-07-05,151.6300048828125,152.4600067138672,151.44000244140625,152.24000549316406,139.7987060546875,8279800
2023-07-06,151.1999969482422,152.19000244140625,150.75999450683594,151.99000549316406,139.5691680908203,7958300
2023-07-07,151.7100067138672,151.9199981689453,148.75,148.8000030517578,136.63983154296875,9169500
2023-07-10,148.94000244140625,150.32000732421875,148.74000549316406,148.86000061035156,136.69493103027344,5529200
2023-07-11,148.72999572753906,149.0500030517578,146.9600067138672,148.0800018310547,135.97869873046875,5150300
2023-07-12,148.02999877929688,149.39999389648438,147.63999938964844,148.85000610351562,136.68576049804688,6764600
2023-07-13,149.0,149.52000427246094,148.1999969482422,148.9499969482422,136.777587890625,5561400
2023-07-14,149.27000427246094,150.6300048828125,148.72999572753906,150.0500030517578,137.7876739501953,6128900
2023-07-17,149.64999389648438,150.16000366210938,148.97000122070312,148.99000549316406,136.81434631347656,4625300
2023-07-18,148.63999938964844,150.47999572753906,148.3800048828125,149.27000427246094,137.0714569091797,5351200
2023-07-19,149.5500030517578,150.82000732421875,148.86000061035156,150.2899932861328,138.0081024169922,6203600
2023-07-20,149.5500030517578,150.75,148.13999938964844,150.55999755859375,139.12713623046875,6445400
2023-07-21,151.14999389648438,153.6699981689453,150.6999969482422,152.92999267578125,141.31715393066406,9938400
2023-07-24,152.83999633789062,153.9499969482422,152.3000030517578,153.4199981689453,141.76992797851562,5549500
2023-07-25,153.47999572753906,153.86000061035156,152.4499969482422,153.77999877929688,142.10263061523438,5883800
2023-07-26,153.1199951171875,154.83999633789062,152.88999938964844,153.94000244140625,142.25045776367188,7013800
2023-07-27,154.16000366210938,154.60000610351562,151.9199981689453,152.11000061035156,140.5594024658203,7191600
2023-07-28,154.66000366210938,157.47999572753906,154.60000610351562,156.41000366210938,144.5329132080078,9397300
2023-07-31,156.39999389648438,157.67999267578125,155.05999755859375,156.3000030517578,144.4312286376953,7955200
2023-08-01,155.8800048828125,157.1699981689453,155.8699951171875,156.25,144.3850555419922,5718800
2023-08-02,155.97000122070312,157.72999572753906,155.97000122070312,156.58999633789062,144.69921875,5636000
2023-08-03,156.75999450683594,157.6999969482422,156.2100067138672,157.0,145.07809448242188,5792700
2023-08-04,157.42999267578125,157.72999572753906,155.14999389648438,155.27999877929688,143.4887237548828,4785900
2023-08-07,155.6699981689453,157.14999389648438,155.49000549316406,156.9199981689453,145.0041961669922,4107400
2023-08-08,157.27999877929688,157.6300048828125,156.52999877929688,157.08999633789062,145.16127014160156,4625500
2023-08-09,157.30999755859375,158.08999633789062,156.77000427246094,156.88999938964844,144.97642517089844,4293200
2023-08-10,157.1699981689453,158.3800048828125,155.8000030517578,156.11000061035156,144.2556610107422,4307800
2023-08-11,156.42999267578125,157.4600067138672,155.7899932861328,157.02000427246094,145.09658813476562,3862300
2023-08-14,157.1300048828125,157.52999877929688,155.5,155.7899932861328,143.9600067138672,4297600
2023-08-15,155.7899932861328,155.97000122070312,154.4600067138672,154.7899932861328,143.03590393066406,6921100
2023-08-16,154.75999450683594,155.72999572753906,152.8699951171875,153.2100067138672,141.575927734375,6356800
2023-08-17,153.2100067138672,153.55999755859375,151.7899932861328,152.11000061035156,140.5594024658203,6419500
2023-08-18,151.6199951171875,152.88999938964844,151.1699981689453,152.5399932861328,140.95677185058594,5448200
2023-08-21,152.08999633789062,152.77999877929688,151.25999450683594,151.77000427246094,140.24522399902344,4504700
2023-08-22,151.4199981689453,152.14999389648438,150.92999267578125,151.8300018310547,140.30067443847656,4195600
2023-08-23,152.47000122070312,153.47999572753906,152.47000122070312,153.25,141.6128692626953,4522500
2023-08-24,152.5500030517578,154.67999267578125,152.47999572753906,152.5399932861328,140.95677185058594,4088900
2023-08-25,153.39999389648438,154.0800018310547,152.4600067138672,153.5399932861328,141.88082885742188,3541500
2023-08-28,153.7100067138672,154.3699951171875,153.0500030517578,153.77999877929688,142.10263061523438,3614700
2023-08-29,153.9499969482422,154.0399932861328,152.02999877929688,153.8699951171875,142.18577575683594,4034600
2023-08-30,154.10000610351562,154.8699951171875,153.7100067138672,154.0399932861328,142.34286499023438,3712200
2023-08-31,154.1199951171875,155.16000366210938,153.8300018310547,154.33999633789062,142.62008666992188,5451400
2023-09-01,154.89999389648438,155.27999877929688,153.55999755859375,154.50999450683594,142.77716064453125,4126300
2023-09-05,153.8000030517578,154.85000610351562,152.39999389648438,152.44000244140625,140.8643798828125,5097000
2023-09-06,152.2899932861328,152.4499969482422,151.5399932861328,152.13999938964844,140.58714294433594,3877400
2023-09-07,152.49000549316406,154.19000244140625,152.3699951171875,153.58999633789062,141.92701721191406,4824800
2023-09-08,153.4199981689453,153.4600067138672,152.35000610351562,152.92999267578125,141.31715393066406,3384700
2023-09-11,153.3300018310547,155.10000610351562,153.0800018310547,154.75,142.99896240234375,4288500
2023-09-12,154.99000549316406,155.14999389648438,151.57000732421875,152.02999877929688,140.48553466796875,4537800
2023-09-13,151.97999572753906,153.58999633789062,151.66000366210938,153.08999633789062,141.46502685546875,4040600
2023-09-14,153.85000610351562,154.9199981689453,153.3699951171875,154.77000427246094,143.01742553710938,4606800
2023-09-15,154.02999877929688,155.32000732421875,153.22999572753906,153.47000122070312,141.81614685058594,10262400
2023-09-18,154.4499969482422,154.47999572753906,153.50999450683594,154.0500030517578,142.3520965576172,3536500
2023-09-19,153.75,154.05999755859375,151.74000549316406,153.60000610351562,141.936279296875,4704200
2023-09-20,153.77000427246094,154.77999877929688,153.36000061035156,153.47000122070312,141.81614685058594,5446400
2023-09-21,153.4499969482422,153.7100067138672,152.07000732421875,152.13999938964844,140.58714294433594,5096400
2023-09-22,152.44000244140625,153.33999633789062,151.3800048828125,151.5800018310547,140.06967163085938,6327000
2023-09-25,151.17999267578125,151.27999877929688,150.02000427246094,150.66000366210938,139.2195281982422,5527000
2023-09-26,149.97999572753906,150.36000061035156,148.7899932861328,149.32000732421875,137.98126220703125,6366500
2023-09-27,149.4199981689453,149.6999969482422,146.6300048828125,147.33999633789062,136.15164184570312,5403700
2023-09-28,147.82000732421875,147.97999572753906,145.67999267578125,146.33999633789062,135.2275390625,6237100
2023-09-29,146.5399932861328,146.77000427246094,144.82000732421875,145.86000061035156,134.78402709960938,6683300
2023-10-02,144.77999877929688,145.60000610351562,143.89999389648438,145.19000244140625,134.1649169921875,5153800
2023-10-03,145.1699981689453,146.49000549316406,145.00999450683594,145.49000549316406,134.44210815429688,4670600
2023-10-04,145.58999633789062,146.30999755859375,144.92999267578125,145.97000122070312,134.88568115234375,4727800
2023-10-05,145.67999267578125,146.08999633789062,143.69000244140625,143.8000030517578,132.88043212890625,5205700
2023-10-06,143.60000610351562,144.55999755859375,141.4499969482422,144.08999633789062,133.14842224121094,7406700
2023-10-09,143.36000061035156,143.97000122070312,141.60000610351562,143.36000061035156,132.47386169433594,5062200
2023-10-10,143.97999572753906,145.22000122070312,143.72000122070312,144.77999877929688,133.78604125976562,5988900
2023-10-11,145.13999938964844,145.55999755859375,142.55999755859375,143.0,132.1411895751953,5469100
2023-10-12,142.7899932861328,143.92999267578125,141.66000366210938,143.32000732421875,132.4368896484375,5965600
2023-10-13,143.19000244140625,145.02999877929688,143.19000244140625,144.69000244140625,133.70286560058594,7078900
2023-10-16,145.86000061035156,147.05999755859375,145.4600067138672,146.07000732421875,134.97805786132812,6509800
2023-10-17,146.11000061035156,146.82000732421875,145.24000549316406,146.25999450683594,135.1536407470703,6160100
2023-10-18,150.05999755859375,151.3000030517578,148.77000427246094,150.02999877929688,138.63739013671875,10508500
2023-10-19,149.61000061035156,150.27999877929688,147.17999267578125,148.25,137.85719299316406,8146000
2023-10-20,149.0500030517578,149.8800048828125,147.9199981689453,148.0500030517578,137.6712188720703,7284200
2023-10-23,147.86000061035156,149.5,147.55999755859375,148.14999389648438,137.76419067382812,5981800
2023-10-24,148.1199951171875,150.07000732421875,148.07000732421875,149.89999389648438,139.39149475097656,6322000
2023-10-25,149.63999938964844,151.19000244140625,149.1199951171875,150.60000610351562,140.04244995117188,6172900
2023-10-26,151.0500030517578,151.3800048828125,149.74000549316406,149.8000030517578,139.29852294921875,7582100
2023-10-27,148.97999572753906,149.9499969482422,146.27999877929688,147.16000366210938,136.8435821533203,8131800
2023-10-30,147.89999389648438,149.5500030517578,147.5399932861328,149.25999450683594,138.79637145996094,5412800
2023-10-31,149.4600067138672,150.25999450683594,148.63999938964844,150.02999877929688,139.51242065429688,6762100
2023-11-01,150.67999267578125,150.67999267578125,149.2100067138672,149.61000061035156,139.12181091308594,5896900
2023-11-02,149.5399932861328,151.64999389648438,148.91000366210938,151.44000244140625,140.8235626220703,5859200
2023-11-03,151.7899932861328,152.2899932861328,149.6199951171875,150.07000732421875,139.54959106445312,6587700
2023-11-06,150.36000061035156,151.25,150.10000610351562,150.94000244140625,140.35861206054688,6480800
2023-11-07,150.9199981689453,151.25,150.1199951171875,150.58999633789062,140.03314208984375,6003800
2023-11-08,150.9600067138672,151.1999969482422,149.50999450683594,150.00999450683594,139.49380493164062,4832600
2023-11-09,149.74000549316406,150.35000610351562,149.1199951171875,150.35000610351562,139.8099822998047,6581500
2023-11-10,150.83999633789062,151.44000244140625,149.9199981689453,151.41000366210938,140.79566955566406,5387200
2023-11-13,151.4499969482422,152.89999389648438,151.4499969482422,152.4600067138672,141.77203369140625,6297500
2023-11-14,152.5500030517578,153.5,151.67999267578125,152.1199951171875,141.45587158203125,7982600
2023-11-15,152.05999755859375,152.38999938964844,150.3800048828125,151.4199981689453,140.80494689941406,7672600
2023-11-16,151.99000549316406,152.88999938964844,151.30999755859375,152.8300018310547,142.11610412597656,7590500
2023-11-17,152.72000122070312,152.83999633789062,150.88999938964844,151.07000732421875,140.47950744628906,8495600
2023-11-20,150.2100067138672,151.02999877929688,149.66000366210938,150.27000427246094,139.73558044433594,6856500
2023-11-21,149.85000610351562,150.00999450683594,148.8300018310547,149.61000061035156,139.12181091308594,7310400
2023-11-22,150.10000610351562,151.47999572753906,150.10000610351562,151.02000427246094,140.43301391601562,4372700
2023-11-24,151.17999267578125,151.74000549316406,151.02999877929688,151.3800048828125,140.7677459716797,2132500
2023-11-27,151.52000427246094,151.63999938964844,150.74000549316406,151.24000549316406,140.6375732421875,6021300
2023-11-28,151.14999389648438,152.77000427246094,151.14999389648438,152.2899932861328,141.6139678955078,6110400
2023-11-29,152.2899932861328,152.4499969482422,150.99000549316406,151.1300048828125,140.5352783203125,5342700
2023-11-30,150.89999389648438,153.6300048828125,150.0800018310547,153.52000427246094,142.75775146484375,9771300
2023-12-01,153.3300018310547,153.49000549316406,152.22999572753906,152.66000366210938,141.9580535888672,5685400
2023-12-04,151.77000427246094,152.52999877929688,151.66000366210938,152.05999755859375,141.4000701904297,6578300
2023-12-05,152.13999938964844,152.61000061035156,146.17999267578125,146.75999450683594,136.4716339111328,11895800
2023-12-06,147.00999450683594,147.16000366210938,145.63999938964844,146.64999389648438,136.36935424804688,7610000
2023-12-07,146.57000732421875,147.10000610351562,146.02000427246094,146.5,136.2298583984375,6119600
2023-12-08,145.9199981689453,146.24000549316406,144.52000427246094,145.14999389648438,134.97451782226562,6385300
2023-12-11,144.8000030517578,145.8699951171875,144.64999389648438,145.82000732421875,135.5975341796875,8471200
2023-12-12,145.86000061035156,146.22999572753906,145.0800018310547,145.94000244140625,135.70912170410156,6069200
2023-12-13,145.86000061035156,148.64999389648438,145.4499969482422,148.5800018310547,138.1640625,9055500
2023-12-14,148.4600067138672,148.5500030517578,144.3800048828125,144.66000366210938,134.51885986328125,10565200
2023-12-15,143.17999267578125,144.25,142.5,143.9600067138672,133.86795043945312,14550000
2023-12-18,144.1699981689453,147.49000549316406,144.14999389648438,146.1699981689453,135.92298889160156,8421800
2023-12-19,145.6699981689453,146.33999633789062,145.38999938964844,146.1699981689453,135.92298889160156,5233600
2023-12-20,145.57000732421875,146.07000732421875,143.83999633789062,143.91000366210938,133.8214569091797,7663800
2023-12-21,144.52000427246094,144.7899932861328,143.1300048828125,144.25999450683594,134.14686584472656,6104700
2023-12-22,144.5,145.6300048828125,144.2899932861328,145.27999877929688,135.0954132080078,4413800
2023-12-26,145.08999633789062,146.1699981689453,144.97000122070312,145.94000244140625,135.70912170410156,3634900
2023-12-27,145.64999389648438,146.30999755859375,145.36000061035156,146.05999755859375,135.82070922851562,4569400
2023-12-28,146.0,146.00999450683594,145.0399932861328,145.72999572753906,135.51385498046875,5023000
2023-12-29,146.0,146.9600067138672,145.72999572753906,146.5399932861328,136.26705932617188,5300900
2024-01-02,146.36000061035156,149.41000366210938,146.30999755859375,148.74000549316406,138.31283569335938,7238400
2024-01-03,148.33999633789062,149.1999969482422,147.17999267578125,147.83999633789062,137.47593688964844,7697500
2024-01-04,148.0500030517578,149.27000427246094,147.77000427246094,148.64999389648438,138.22914123535156,7067400
2024-01-05,148.72000122070312,148.8699951171875,146.5500030517578,147.4199981689453,137.0853729248047,5294200
2024-01-08,147.91000366210938,148.9199981689453,147.64999389648438,148.69000244140625,138.26634216308594,8255300
2024-01-09,148.57000732421875,149.39999389648438,148.0500030517578,149.3000030517578,138.83360290527344,9786800
2024-01-10,149.35000610351562,150.0,149.25999450683594,149.94000244140625,139.4287109375,8591100
2024-01-11,150.0500030517578,150.8000030517578,149.2899932861328,150.50999450683594,139.958740234375,6659400
2024-01-12,150.9499969482422,151.3000030517578,149.88999938964844,150.60000610351562,140.04244995117188,5684700
2024-01-16,150.14999389648438,151.5,148.8800048828125,149.7899932861328,139.2892303466797,8120100
2024-01-17,149.16000366210938,150.60000610351562,149.00999450683594,149.94000244140625,139.4287109375,6541400
2024-01-18,148.22999572753906,148.39999389648438,146.9199981689453,148.13999938964844,138.6248779296875,6526200
2024-01-19,148.25,148.6199951171875,147.30999755859375,147.57000732421875,138.0915069580078,7848100
2024-01-22,146.97000122070312,148.2100067138672,146.27999877929688,147.86000061035156,138.3628692626953,11084100
2024-01-23,153.11000061035156,156.39999389648438,152.88999938964844,153.97999572753906,144.0897674560547,19101600
2024-01-24,153.92999267578125,154.22999572753906,152.08999633789062,152.1199951171875,142.34925842285156,11592700
2024-01-25,152.39999389648438,155.66000366210938,152.05999755859375,155.6199951171875,145.62442016601562,10352500
2024-01-26,155.80999755859375,156.16000366210938,155.33999633789062,156.13999938964844,146.11105346679688,8356600
2024-01-29,156.67999267578125,157.3300018310547,155.39999389648438,156.16000366210938,146.12973022460938,8987400
2024-01-30,156.33999633789062,157.9199981689453,155.82000732421875,157.49000549316406,147.37432861328125,7794700
2024-01-31,157.99000549316406,158.5,156.6999969482422,157.13999938964844,147.04678344726562,8870000
2024-02-01,156.77000427246094,159.3000030517578,156.6199951171875,159.17999267578125,148.95578002929688,7601100
2024-02-02,158.97000122070312,159.60000610351562,157.52999877929688,158.08999633789062,147.93577575683594,7937700
2024-02-05,158.1699981689453,159.0,157.55999755859375,158.2100067138672,148.04808044433594,6931900
2024-02-06,158.30999755859375,159.07000732421875,157.8699951171875,158.9600067138672,148.74990844726562,6185400
2024-02-07,159.10000610351562,159.8300018310547,158.74000549316406,159.1199951171875,148.89964294433594,7209300
2024-02-08,158.8000030517578,159.10000610351562,157.77000427246094,158.63999938964844,148.45045471191406,6121600
2024-02-09,158.25999450683594,158.33999633789062,156.9600067138672,157.4199981689453,147.30882263183594,5978000
2024-02-12,157.36000061035156,157.61000061035156,155.49000549316406,157.11000061035156,147.0187225341797,5482000
2024-02-13,157.75,158.97000122070312,155.47999572753906,156.27000427246094,146.23268127441406,6046800
2024-02-14,156.16000366210938,156.16000366210938,154.91000366210938,155.6300048828125,145.63380432128906,5727300
2024-02-15,156.3000030517578,157.4199981689453,156.14999389648438,157.00999450683594,146.92515563964844,6249200
2024-02-16,157.0399932861328,158.4499969482422,156.6699981689453,157.50999450683594,147.39305114746094,6617600
2024-02-20,158.6999969482422,159.7899932861328,158.1300048828125,158.50999450683594,148.32882690429688,6622100
2024-02-21,159.19000244140625,160.39999389648438,159.19000244140625,160.39999389648438,150.09742736816406,7121000
2024-02-22,159.4600067138672,161.08999633789062,158.6300048828125,160.55999755859375,150.2471466064453,6619500
2024-02-23,160.60000610351562,161.74000549316406,160.16000366210938,161.02999877929688,150.68695068359375,5486500
2024-02-26,161.02999877929688,161.1699981689453,160.07000732421875,160.22000122070312,149.92897033691406,4531900
2024-02-27,159.41000366210938,159.8000030517578,158.9600067138672,159.3000030517578,149.06805419921875,3868200
2024-02-28,159.07000732421875,160.1199951171875,158.63999938964844,160.0500030517578,149.7698974609375,3802900
2024-02-29,159.92999267578125,160.11000061035156,158.17999267578125,158.94000244140625,148.73121643066406,8348100
2024-03-01,158.0500030517578,159.02999877929688,157.61000061035156,158.85000610351562,148.64697265625,4819800
2024-03-04,157.74000549316406,159.75999450683594,157.6699981689453,159.55999755859375,149.31137084960938,3841600
2024-03-05,159.4600067138672,159.99000549316406,158.77999877929688,159.32000732421875,149.08680725097656,4481600
2024-03-06,159.67999267578125,159.99000549316406,158.91000366210938,159.57000732421875,149.32073974609375,5405700
2024-03-07,159.9499969482422,160.91000366210938,159.47000122070312,160.6199951171875,150.30328369140625,4783900
2024-03-08,159.85000610351562,161.25,158.2899932861328,160.35000610351562,150.05064392089844,5080200
2024-03-11,161.33999633789062,162.6199951171875,160.82000732421875,161.5500030517578,151.17355346679688,5170900
2024-03-12,161.82000732421875,162.52000427246094,161.22999572753906,161.92999267578125,151.5291290283203,4229100
2024-03-13,162.3800048828125,162.72999572753906,161.3300018310547,162.3000030517578,151.87538146972656,5410500
2024-03-14,162.24000549316406,162.6199951171875,161.1300048828125,161.5,151.12677001953125,5848100
2024-03-15,160.6999969482422,161.5,160.3000030517578,161.3800048828125,151.01446533203125,10956900
2024-03-18,161.47999572753906,162.72000122070312,161.0,161.2100067138672,150.8553924560547,6086300
2024-03-19,161.8000030517578,162.1699981689453,161.1699981689453,161.8300018310547,151.43556213378906,6148100
2024-03-20,162.00999450683594,162.39999389648438,161.47000122070312,161.99000549316406,151.58529663085938,4870300
2024-03-21,162.08999633789062,162.4600067138672,161.1199951171875,161.86000061035156,151.463623046875,5211500
2024-03-22,162.1999969482422,162.41000366210938,161.47000122070312,161.66000366210938,151.27650451660156,6393200
2024-03-25,161.1699981689453,161.66000366210938,159.72999572753906,160.19000244140625,149.90087890625,7145600
2024-03-26,160.36000061035156,161.13999938964844,160.13999938964844,160.5500030517578,150.23779296875,5842700
2024-03-27,161.36000061035156,162.74000549316406,161.33999633789062,162.61000061035156,152.1654510498047,6599700
2024-03-28,162.82000732421875,163.13999938964844,161.6999969482422,162.25,151.82859802246094,7191500
2024-04-01,161.77999877929688,162.07000732421875,159.8000030517578,160.5800018310547,150.26585388183594,5971900
2024-04-02,159.63999938964844,160.7100067138672,159.63999938964844,160.57000732421875,150.25648498535156,6771200
2024-04-03,160.6300048828125,160.8800048828125,155.67999267578125,156.14999389648438,146.12039184570312,9601800
2024-04-04,156.8800048828125,157.0800018310547,155.41000366210938,155.4499969482422,145.46536254882812,6801700
2024-04-05,155.2899932861328,157.05999755859375,154.69000244140625,156.10000610351562,146.07362365722656,5121200
2024-04-08,155.97000122070312,156.6999969482422,155.6300048828125,156.0399932861328,146.0174560546875,5476800
2024-04-09,156.27000427246094,156.75,155.6999969482422,156.66000366210938,146.59764099121094,4608100
2024-04-10,155.64999389648438,157.5800018310547,155.64999389648438,157.24000549316406,147.14041137695312,7784900
2024-04-11,157.5500030517578,157.60000610351562,155.77000427246094,155.83999633789062,145.83029174804688,8209800
2024-04-12,155.22000122070312,155.97000122070312,154.74000549316406,155.3300018310547,145.35305786132812,6770500
2024-04-15,156.4199981689453,156.82000732421875,155.3300018310547,155.4499969482422,145.46536254882812,5754000
2024-04-16,155.85000610351562,156.94000244140625,155.6699981689453,155.9499969482422,145.93325805664062,6103300
2024-04-17,156.3000030517578,157.1199951171875,155.74000549316406,156.9600067138672,146.8783721923828,6621900
2024-04-18,156.33999633789062,157.6300048828125,155.9600067138672,157.2899932861328,148.13755798339844,7819300
2024-04-19,154.97999572753906,158.17999267578125,153.52000427246094,158.13999938964844,148.9381103515625,12034200
2024-04-22,158.42999267578125,161.2899932861328,157.25,160.5399932861328,151.1984405517578,8926300
2024-04-23,161.67999267578125,162.10000610351562,160.4199981689453,161.5,152.1025848388672,7707300
2024-04-24,161.1999969482422,162.86000061035156,159.4199981689453,162.60000610351562,153.1385955810547,7217600
2024-04-25,162.97000122070312,164.32000732421875,162.0800018310547,162.5500030517578,153.0915069580078,7094600
2024-04-26,162.5,163.32000732421875,160.49000549316406,161.2899932861328,151.90481567382812,5659800
2024-04-29,161.1699981689453,161.7899932861328,160.41000366210938,161.66000366210938,152.2532958984375,4621000
2024-04-30,161.83999633789062,163.35000610351562,161.60000610351562,163.1999969482422,153.7036895751953,8106100
2024-05-01,163.27999877929688,164.24000549316406,162.22000122070312,163.39999389648438,153.8920440673828,7543000
2024-05-02,163.5399932861328,164.49000549316406,162.63999938964844,163.83999633789062,154.3064422607422,5647500
2024-05-03,163.5399932861328,164.7100067138672,162.16000366210938,164.4600067138672,154.890380859375,5581500
2024-05-06,164.77999877929688,164.97999572753906,163.25999450683594,164.44000244140625,154.87152099609375,5472400
2024-05-07,164.97999572753906,166.0399932861328,164.58999633789062,165.75999450683594,156.11468505859375,6433000
2024-05-08,165.97999572753906,166.3699951171875,164.92999267578125,165.07000732421875,155.46487426757812,4579400
2024-05-09,165.0500030517578,166.3300018310547,165.0500030517578,166.0399932861328,156.37840270996094,4671100
2024-05-10,166.08999633789062,167.36000061035156,165.6999969482422,166.85000610351562,157.1413116455078,4879400
2024-05-13,166.85000610351562,167.64999389648438,165.36000061035156,165.8699951171875,156.21832275390625,5725500
2024-05-14,165.52999877929688,166.07000732421875,163.9499969482422,165.75999450683594,156.11468505859375,6009800
2024-05-15,165.30999755859375,166.67999267578125,165.1199951171875,166.50999450683594,156.8210906982422,5102700
2024-05-16,166.92999267578125,168.33999633789062,166.58999633789062,167.86000061035156,158.09254455566406,6793600
2024-05-17,167.6699981689453,168.0,166.8800048828125,167.63999938964844,157.8853302001953,4700800
2024-05-20,167.5500030517578,167.8800048828125,166.7899932861328,167.30999755859375,157.5745086669922,3804600
2024-05-21,167.75999450683594,168.5399932861328,167.2899932861328,168.35000610351562,158.55401611328125,5147100
2024-05-22,168.00999450683594,168.42999267578125,167.6300048828125,167.80999755859375,158.04542541503906,4536700
2024-05-23,167.2899932861328,168.11000061035156,165.32000732421875,165.49000549316406,155.8604278564453,4729800
2024-05-24,165.85000610351562,166.30999755859375,165.14999389648438,165.3300018310547,155.70974731445312,3820100
2024-05-28,164.49000549316406,164.75999450683594,162.25999450683594,163.11000061035156,153.61892700195312,6466200
2024-05-29,162.64999389648438,162.74000549316406,161.4199981689453,161.64999389648438,152.24386596679688,4360400
2024-05-30,161.64999389648438,162.6999969482422,161.47999572753906,162.5800018310547,153.11976623535156,4748200
2024-05-31,162.44000244140625,164.77000427246094,161.97000122070312,164.5399932861328,154.96568298339844,10341400
2024-06-03,163.92999267578125,166.24000549316406,163.6300048828125,164.64999389648438,155.06930541992188,5828400
2024-06-04,164.7899932861328,167.1199951171875,164.39999389648438,167.00999450683594,157.29197692871094,6277000
2024-06-05,167.00999450683594,167.00999450683594,164.97999572753906,166.0500030517578,156.38783264160156,5243300
2024-06-06,165.8300018310547,168.5800018310547,165.0800018310547,168.47000122070312,158.66700744628906,6302000
2024-06-07,168.39999389648438,168.97000122070312,166.83999633789062,167.05999755859375,157.33909606933594,4558200
2024-06-10,166.77999877929688,167.72000122070312,166.0800018310547,167.35000610351562,157.61221313476562,4110600
2024-06-11,166.97000122070312,167.5,166.02000427246094,167.47999572753906,157.734619140625,3947700
2024-06-12,167.5,167.63999938964844,164.22000122070312,165.17999267578125,155.5684814453125,5474500
2024-06-13,164.47000122070312,167.0,164.47000122070312,166.41000366210938,156.72691345214844,4902200
2024-06-14,165.99000549316406,166.92999267578125,165.25,166.7899932861328,157.0847930908203,3695000
2024-06-17,165.85000610351562,168.7100067138672,165.39999389648438,167.5,157.7534637451172,6759400
2024-06-18,167.02999877929688,168.64999389648438,166.94000244140625,168.55999755859375,158.75177001953125,5112600
2024-06-20,168.3699951171875,168.77999877929688,166.86000061035156,167.6699981689453,157.91357421875,8483600
2024-06-21,167.47999572753906,168.8800048828125,167.17999267578125,168.25999450683594,158.46923828125,14682000
2024-06-24,168.75999450683594,169.41000366210938,167.47999572753906,168.4499969482422,158.648193359375,7565200
2024-06-25,168.6300048828125,168.91000366210938,165.89999389648438,166.85000610351562,157.1413116455078,7968200
2024-06-26,166.0500030517578,167.80999755859375,165.66000366210938,167.4499969482422,157.7063751220703,5164000
2024-06-27,167.49000549316406,168.10000610351562,165.5,166.6199951171875,156.9246826171875,5007000
2024-06-28,166.0,167.24000549316406,164.5800018310547,164.9199981689453,155.32359313964844,9253100
2024-07-01,165.58999633789062,166.2100067138672,162.1999969482422,162.72000122070312,153.25160217285156,7638600
2024-07-02,162.5800018310547,164.0399932861328,161.7100067138672,163.89999389648438,154.36294555664062,5449200
2024-07-03,163.2100067138672,164.2100067138672,162.97999572753906,163.8300018310547,154.29702758789062,2980500
2024-07-05,164.00999450683594,165.6300048828125,163.5,165.2100067138672,155.5967254638672,6509200
2024-07-08,165.9499969482422,166.6699981689453,165.6199951171875,166.52000427246094,156.8304901123047,5144500
2024-07-09,166.6300048828125,166.75999450683594,165.13999938964844,165.66000366210938,156.02053833007812,4393100
2024-07-10,165.89999389648438,166.9199981689453,165.5399932861328,166.8000030517578,157.09422302246094,5037100
2024-07-11,166.3000030517578,166.6300048828125,164.77999877929688,165.5399932861328,155.90750122070312,5831500
2024-07-12,166.22000122070312,167.63999938964844,166.02000427246094,166.61000061035156,156.91525268554688,4684600
2024-07-15,166.47000122070312,166.6199951171875,164.4600067138672,164.5800018310547,155.00338745117188,5752500
2024-07-16,164.91000366210938,167.07000732421875,164.61000061035156,166.9499969482422,157.2354736328125,6378300
2024-07-17,167.75,170.1699981689453,167.3300018310547,169.44000244140625,159.58059692382812,7982300
2024-07-18,168.8000030517578,170.9199981689453,168.27999877929688,168.44000244140625,158.6387939453125,5926300
2024-07-19,167.97000122070312,169.0399932861328,167.1300048828125,167.9600067138672,159.13809204101562,6597100
2024-07-22,167.92999267578125,168.6999969482422,167.6999969482422,168.25,159.41285705566406,6383000
2024-07-23,168.11000061035156,168.4199981689453,166.32000732421875,166.6199951171875,157.8684844970703,4863400
2024-07-24,166.32000732421875,168.27999877929688,165.5800018310547,168.0,159.17599487304688,5907000
2024-07-25,168.32000732421875,170.08999633789062,166.8699951171875,166.89999389648438,158.13375854492188,7338300
2024-07-26,167.25,169.32000732421875,167.02999877929688,169.11000061035156,160.2277069091797,5581600
2024-07-29,168.85000610351562,170.5399932861328,168.11000061035156,169.92999267578125,161.00462341308594,6797800
2024-07-30,161.7899932861328,162.3800048828125,158.0399932861328,161.6999969482422,153.20689392089844,15746300
2024-07-31,160.80999755859375,162.86000061035156,159.2100067138672,160.75999450683594,152.3162841796875,9660900
2024-08-01,160.8800048828125,166.30999755859375,160.67999267578125,165.69000244140625,156.9873504638672,12532700
2024-08-02,167.44000244140625,170.35000610351562,165.14999389648438,170.0800018310547,161.14674377441406,11899000
2024-08-05,170.8800048828125,170.8800048828125,166.6699981689453,168.05999755859375,159.23284912109375,10338800
2024-08-06,167.89999389648438,170.3300018310547,167.85000610351562,168.08999633789062,159.26126098632812,7454900
2024-08-07,168.57000732421875,171.72000122070312,168.00999450683594,170.02000427246094,161.0898895263672,8385500
2024-08-08,169.4199981689453,171.55999755859375,169.0,170.8699951171875,161.89524841308594,6386900
2024-08-09,170.1199951171875,171.25999450683594,169.64999389648438,170.5399932861328,161.5825653076172,5377300
2024-08-12,169.39999389648438,169.64999389648438,166.1999969482422,166.80999755859375,158.04849243164062,7208100
2024-08-13,167.33999633789062,167.8000030517578,166.4600067138672,167.2899932861328,158.5032958984375,3770000
2024-08-14,166.5,169.47000122070312,165.82000732421875,168.8000030517578,159.93397521972656,5476600
2024-08-15,169.4600067138672,169.67999267578125,166.75,167.9199981689453,159.10020446777344,9491400
2024-08-16,167.82000732421875,168.35000610351562,166.8000030517578,167.88999938964844,159.07179260253906,5640800
2024-08-19,168.17999267578125,169.24000549316406,168.1699981689453,168.4199981689453,159.57394409179688,3885300
2024-08-20,168.77000427246094,170.55999755859375,168.11000061035156,170.41000366210938,161.45941162109375,4513600
2024-08-21,170.19000244140625,171.88999938964844,169.60000610351562,170.16000366210938,161.22254943847656,4082000
2024-08-22,170.8800048828125,171.24000549316406,169.13999938964844,170.14999389648438,161.21304321289062,4097300
2024-08-23,170.0500030517578,170.11000061035156,168.25,169.1699981689453,160.28456115722656,4771300
2024-08-26,168.6999969482422,170.97000122070312,168.6999969482422,170.35000610351562,161.40255737304688,6472400
2024-08-27,170.8300018310547,171.10000610351562,169.0800018310547,169.25,160.36033630371094,4456400
2024-08-28,169.4199981689453,171.1999969482422,168.5800018310547,169.05999755859375,160.1803436279297,5644800
2024-08-29,169.75,170.60000610351562,168.94000244140625,170.02999877929688,161.099365234375,4413200
2024-08-30,170.16000366210938,171.8800048828125,169.69000244140625,171.5399932861328,162.53004455566406,7301600
2024-09-03,171.02999877929688,175.0,170.99000549316406,174.52000427246094,165.35354614257812,10101400
2024-09-04,173.6300048828125,176.0,173.6300048828125,175.89999389648438,166.66107177734375,7517500
2024-09-05,175.99000549316406,176.5500030517578,174.6699981689453,175.47000122070312,166.25364685058594,6061900
2024-09-06,175.75999450683594,177.0399932861328,175.33999633789062,175.58999633789062,166.36734008789062,5785700
2024-09-09,175.5399932861328,176.83999633789062,174.66000366210938,176.05999755859375,166.81265258789062,6450200
2024-09-10,175.91000366210938,177.94000244140625,175.91000366210938,177.7899932861328,168.4517822265625,6396300
2024-09-11,176.60000610351562,177.0,173.6300048828125,173.9199981689453,164.7850341796875,6828200
2024-09-12,173.89999389648438,174.61000061035156,172.44000244140625,173.47000122070312,164.35870361328125,4838900
2024-09-13,173.3699951171875,174.5399932861328,172.8000030517578,174.0800018310547,164.93666076660156,3918000
2024-09-16,174.7100067138672,177.30999755859375,174.32000732421875,177.24000549316406,167.93067932128906,6892300
2024-09-17,176.6300048828125,176.97000122070312,175.36000061035156,175.8800048828125,166.64210510253906,4757100
2024-09-18,175.0500030517578,175.89999389648438,172.57000732421875,173.9199981689453,164.7850341796875,5102900
2024-09-19,172.8800048828125,173.16000366210938,170.3800048828125,171.5399932861328,162.53004455566406,8692000
2024-09-20,171.50999450683594,174.5399932861328,171.5,174.22000122070312,165.06930541992188,28647500
2024-09-23,174.00999450683594,175.19000244140625,172.58999633789062,173.77000427246094,164.6429443359375,10265000
2024-09-24,172.8800048828125,174.5,172.6199951171875,173.24000549316406,164.1407928466797,5422400
2024-09-25,174.07000732421875,174.67999267578125,172.05999755859375,172.25999450683594,163.2122344970703,8916500
2024-09-26,171.5,174.61000061035156,171.36000061035156,173.2100067138672,164.11236572265625,4957200
2024-09-27,173.00999450683594,174.4499969482422,172.5800018310547,173.5500030517578,164.4344940185547,4599500
2024-09-30,173.72999572753906,174.0,172.7100067138672,173.1999969482422,164.10287475585938,6296600
2024-10-01,173.24000549316406,174.0,172.1999969482422,173.0399932861328,163.9512939453125,7130600
2024-10-02,172.00999450683594,172.4499969482422,171.0800018310547,171.9199981689453,162.8900909423828,6212700
2024-10-03,171.3699951171875,171.3699951171875,169.77000427246094,170.1199951171875,161.1846466064453,4794300
2024-10-04,168.85000610351562,170.08999633789062,168.25999450683594,168.8800048828125,160.00978088378906,6002800
2024-10-07,169.16000366210938,169.5800018310547,166.8699951171875,167.1199951171875,158.34222412109375,6325300
2024-10-08,166.85000610351562,168.58999633789062,166.27000427246094,168.16000366210938,159.32760620117188,7473000
2024-10-09,168.3800048828125,169.80999755859375,168.0,169.27000427246094,160.37930297851562,8758800
2024-10-10,168.8000030517578,169.7899932861328,168.3699951171875,168.9499969482422,160.0760955810547,6932300
2024-10-11,169.4600067138672,171.41000366210938,168.97000122070312,171.08999633789062,162.10369873046875,7036500
2024-10-14,171.02000427246094,172.83999633789062,170.74000549316406,172.50999450683594,163.4490966796875,5909000
2024-10-15,172.88999938964844,174.91000366210938,172.82000732421875,173.57000732421875,164.45343017578125,7172200
2024-10-16,171.8800048828125,172.58999633789062,170.88999938964844,172.3800048828125,163.325927734375,6117000
2024-10-17,172.17999267578125,173.67999267578125,171.75999450683594,172.27999877929688,163.231201171875,7045600
2024-10-18,170.3000030517578,172.2100067138672,168.4600067138672,171.27999877929688,163.2378692626953,8372500
2024-10-21,170.97999572753906,171.47999572753906,168.4499969482422,169.5399932861328,161.5795440673828,5522500
2024-10-22,168.57000732421875,170.72999572753906,168.57000732421875,169.6999969482422,161.7320556640625,7511400
2024-10-23,169.5500030517578,170.1699981689453,168.72999572753906,169.5800018310547,161.61769104003906,4837800
2024-10-24,169.4199981689453,169.9600067138672,168.92999267578125,169.6199951171875,161.6558074951172,5861200
2024-10-25,168.9199981689453,169.39999389648438,168.0399932861328,168.22000122070312,160.32154846191406,4877900
2024-10-28,169.27999877929688,169.66000366210938,168.3800048828125,169.3000030517578,161.35084533691406,5753800
2024-10-29,168.86000061035156,168.86000061035156,166.8300018310547,167.1699981689453,159.3208465576172,5681000
2024-10-30,167.08999633789062,167.32000732421875,165.9600067138672,166.16000366210938,158.3582763671875,5518100
2024-10-31,165.75999450683594,167.0399932861328,165.08999633789062,165.17999267578125,157.4242706298828,6056500
2024-11-01,165.30999755859375,166.35000610351562,164.99000549316406,165.10000610351562,157.34803771972656,5454800
2024-11-04,165.72000122070312,166.27000427246094,164.5800018310547,165.0800018310547,157.32896423339844,5130200
2024-11-05,164.3300018310547,166.32000732421875,164.3300018310547,165.75999450683594,157.97705078125,4397400
2024-11-06,165.61000061035156,166.0399932861328,159.80999755859375,161.0500030517578,153.4882049560547,11473700
2024-11-07,161.9600067138672,163.9499969482422,161.47999572753906,163.41000366210938,155.73741149902344,9056700
2024-11-08,164.02000427246094,167.75,163.92999267578125,167.7100067138672,159.8354949951172,7506200
2024-11-11,167.0,168.52000427246094,165.77999877929688,166.02999877929688,158.23435974121094,6364400
2024-11-12,166.13999938964844,167.05999755859375,165.57000732421875,165.83999633789062,158.0532989501953,6507500
2024-11-13,166.05999755859375,166.8000030517578,165.67999267578125,166.5800018310547,158.758544921875,5412300
2024-11-14,166.7100067138672,168.0399932861328,166.50999450683594,167.0800018310547,159.2350616455078,7444300
2024-11-15,167.94000244140625,170.57000732421875,166.8800048828125,169.5399932861328,161.5795440673828,9939400
2024-11-18,169.11000061035156,171.4499969482422,168.8300018310547,170.75,162.73275756835938,6681000
2024-11-19,170.69000244140625,171.1699981689453,169.66000366210938,170.75999450683594,162.7422637939453,5683700
2024-11-20,170.00999450683594,171.07000732421875,169.50999450683594,170.88999938964844,162.86618041992188,7081100
2024-11-21,171.66000366210938,173.50999450683594,170.22000122070312,172.75,164.63885498046875,6240400
2024-11-22,174.14999389648438,177.39999389648438,173.8800048828125,176.27999877929688,168.00311279296875,10609800
2024-11-25,177.47999572753906,178.82000732421875,176.89999389648438,177.38999938964844,169.06097412109375,19357000
2024-11-26,177.1999969482422,179.4600067138672,177.1999969482422,179.30999755859375,170.8908233642578,6276700
2024-11-27,180.0,180.42999267578125,178.72999572753906,179.36000061035156,170.93846130371094,5522900
2024-11-29,178.6999969482422,179.6300048828125,178.27999877929688,179.25999450683594,170.84317016601562,3823700
2024-12-02,179.1199951171875,180.16000366210938,178.00999450683594,179.6999969482422,171.2625274658203,5728200
2024-12-03,178.77000427246094,179.6199951171875,175.1999969482422,175.4199981689453,167.1834716796875,8127300
2024-12-04,174.1699981689453,175.14999389648438,173.4600067138672,175.11000061035156,166.88804626464844,6823500
2024-12-05,174.86000061035156,176.4600067138672,174.4499969482422,176.02999877929688,167.76483154296875,5022200
2024-12-06,175.3699951171875,176.74000549316406,173.75,173.82000732421875,165.65863037109375,5741200
2024-12-09,173.63999938964844,173.75999450683594,170.42999267578125,170.7899932861328,162.77085876464844,7164300
2024-12-10,170.4199981689453,172.92999267578125,169.92999267578125,172.27999877929688,164.19090270996094,6219900
2024-12-11,173.00999450683594,173.38999938964844,170.39999389648438,170.6300048828125,162.61839294433594,5237500
2024-12-12,171.42999267578125,171.82000732421875,170.02000427246094,170.85000610351562,162.82806396484375,4072800
2024-12-13,170.77000427246094,171.7899932861328,170.1199951171875,171.05999755859375,163.02821350097656,3884500
2024-12-16,171.4499969482422,172.77999877929688,171.10000610351562,171.13999938964844,163.10443115234375,5943600
2024-12-17,170.6699981689453,171.9499969482422,170.02000427246094,170.3300018310547,162.33245849609375,6069200
2024-12-18,169.75999450683594,170.55999755859375,169.02000427246094,169.0800018310547,161.14117431640625,7517100
2024-12-19,169.00999450683594,170.10000610351562,167.35000610351562,169.19000244140625,161.2460174560547,8585200
2024-12-20,168.8699951171875,169.8699951171875,167.5,168.05999755859375,160.16905212402344,21999300
2024-12-23,168.05999755859375,168.67999267578125,166.36000061035156,168.11000061035156,160.2167205810547,6983900
2024-12-24,167.6199951171875,169.17999267578125,167.4199981689453,168.94000244140625,161.00775146484375,2460800
2024-12-26,168.30999755859375,170.3000030517578,168.07000732421875,170.16000366210938,162.17044067382812,3629400
2024-12-27,169.4199981689453,170.75999450683594,169.25999450683594,169.52999877929688,161.57003784179688,4367900
2024-12-30,168.6699981689453,168.97999572753906,166.7100067138672,167.08999633789062,159.2445831298828,4354500
2024-12-31,167.36000061035156,168.0800018310547,166.58999633789062,167.64999389648438,159.77828979492188,3957600
2025-01-02,168.08999633789062,168.7100067138672,165.91000366210938,165.97999572753906,158.1867218017578,5401700
2025-01-03,166.25,166.5,164.25,165.1300048828125,157.3766326904297,5256600
2025-01-06,162.80999755859375,163.5,160.44000244140625,160.60000610351562,153.059326171875,8731700
2025-01-07,161.4600067138672,162.61000061035156,160.74000549316406,161.3000030517578,153.72645568847656,8447400
2025-01-08,160.99000549316406,162.39999389648438,160.57000732421875,162.10000610351562,154.4888916015625,4974800
2025-01-10,160.14999389648438,161.2100067138672,157.47000122070312,158.55999755859375,151.11509704589844,8501500
2025-01-13,159.35000610351562,160.08999633789062,158.41000366210938,158.83999633789062,151.38197326660156,6772200
2025-01-14,158.85000610351562,160.07000732421875,158.30999755859375,159.74000549316406,152.23971557617188,5982200
2025-01-15,160.58999633789062,161.14999389648438,159.33999633789062,159.64999389648438,152.15391540527344,8059200
2025-01-16,159.6199951171875,160.5800018310547,159.13999938964844,160.5,152.96400451660156,5774400
2025-01-17,159.74000549316406,161.75,159.60000610351562,161.1300048828125,153.56442260742188,7262700
2025-01-21,160.9600067138672,162.35000610351562,160.9600067138672,161.72000122070312,154.12673950195312,13914700
2025-01-22,167.10000610351562,168.13999938964844,164.44000244140625,164.74000549316406,157.0049285888672,14356700
2025-01-23,163.8800048828125,166.47999572753906,163.32000732421875,166.14999389648438,158.34872436523438,7614300
2025-01-24,165.91000366210938,165.91000366210938,163.1999969482422,164.1199951171875,157.36781311035156,6199800
2025-01-27,166.72000122070312,169.94000244140625,166.11000061035156,169.66000366210938,162.67990112304688,9170800
2025-01-28,168.91000366210938,169.58999633789062,166.11000061035156,166.19000244140625,159.3526611328125,6716300
2025-01-29,166.72000122070312,167.2899932861328,165.8800048828125,166.22999572753906,159.39100646972656,4850300
2025-01-30,167.47999572753906,167.60000610351562,165.92999267578125,167.41000366210938,160.5224609375,4136500
2025-01-31,166.0,166.6199951171875,165.2100067138672,165.99000549316406,159.16087341308594,5464700
2025-02-03,165.47000122070312,169.3800048828125,165.22999572753906,168.75999450683594,161.81689453125,8668600
2025-02-04,169.2899932861328,169.2899932861328,166.27999877929688,168.1300048828125,161.2128448486328,6410900
2025-02-05,168.08999633789062,169.13999938964844,166.61000061035156,169.00999450683594,162.056640625,7536800
2025-02-06,169.3699951171875,169.92999267578125,168.02999877929688,168.8800048828125,161.9320068359375,4957900
2025-02-07,169.08999633789062,169.1199951171875,167.8699951171875,167.97000122070312,161.05941772460938,4535600
2025-02-10,167.69000244140625,168.47999572753906,166.39999389648438,167.52999877929688,160.63754272460938,7062900
2025-02-11,167.69000244140625,169.57000732421875,166.5,169.42999267578125,162.45933532714844,5438100
2025-02-12,168.35000610351562,170.0800018310547,167.97000122070312,169.5800018310547,162.6031951904297,6037400
2025-02-13,169.6300048828125,171.3800048828125,169.13999938964844,171.02000427246094,163.98394775390625,6328300
2025-02-14,169.7899932861328,170.0,162.3000030517578,162.88999938964844,156.1884307861328,13179500
2025-02-18,163.35000610351562,165.75999450683594,162.1999969482422,165.42999267578125,158.62391662597656,7075300
2025-02-19,166.10000610351562,166.8699951171875,165.24000549316406,166.49000549316406,159.64031982421875,7910700
2025-02-20,163.14999389648438,167.77999877929688,162.8000030517578,167.2100067138672,160.3306884765625,6162600
2025-02-21,167.44000244140625,170.5500030517578,165.9199981689453,170.22999572753906,163.2264404296875,9813700
2025-02-24,170.22000122070312,172.97999572753906,169.7899932861328,170.5399932861328,163.52366638183594,8564100
2025-02-25,171.27999877929688,173.9499969482422,170.8000030517578,172.64999389648438,165.546875,7314900
2025-02-26,172.27999877929688,172.64999389648438,170.64999389648438,171.3000030517578,164.25241088867188,5519000
2025-02-27,170.85000610351562,173.08999633789062,170.6300048828125,171.97000122070312,164.8948516845703,5467000
2025-02-28,173.5800018310547,174.64999389648438,171.85000610351562,173.83999633789062,166.68792724609375,10240100
2025-03-03,173.5800018310547,176.2899932861328,173.50999450683594,175.58999633789062,168.3659210205078,7615300
2025-03-04,176.75,179.99000549316406,172.91000366210938,173.17999267578125,166.05506896972656,12117600
2025-03-05,173.3800048828125,175.8699951171875,173.02000427246094,174.61000061035156,167.42626953125,6989100
2025-03-06,174.88999938964844,175.83999633789062,172.83999633789062,174.66000366210938,167.4741973876953,6702500
2025-03-07,174.08999633789062,178.88999938964844,174.0500030517578,175.9499969482422,168.71112060546875,9566700
2025-03-10,176.75999450683594,179.99000549316406,175.8300018310547,176.25999450683594,169.00836181640625,11047000
2025-03-11,175.8300018310547,175.99000549316406,172.32000732421875,173.1199951171875,165.99755859375,11032300
2025-03-12,169.6999969482422,171.8300018310547,167.77000427246094,168.3699951171875,161.44296264648438,10158800
2025-03-13,167.6999969482422,169.2899932861328,167.27999877929688,168.58999633789062,161.65390014648438,6609000
2025-03-14,167.7899932861328,168.58999633789062,166.6199951171875,167.97000122070312,161.05941772460938,6790500
2025-03-17,168.3699951171875,171.08999633789062,168.1300048828125,169.75999450683594,162.77577209472656,9931700
2025-03-18,170.07000732421875,170.25999450683594,167.5800018310547,167.7100067138672,160.8101348876953,6099900
2025-03-19,167.8699951171875,168.75,167.11000061035156,168.57000732421875,161.63475036621094,7569200
2025-03-20,168.88999938964844,169.2100067138672,166.02999877929688,167.5500030517578,160.65672302246094,8789200
2025-03-21,167.13999938964844,168.13999938964844,164.1199951171875,166.69000244140625,159.83209228515625,16027300
2025-03-24,166.42999267578125,166.8699951171875,165.36000061035156,165.64999389648438,158.83486938476562,6102100
2025-03-25,165.3000030517578,165.3699951171875,162.1999969482422,162.85000610351562,156.15008544921875,8366700
2025-03-26,163.35000610351562,166.82000732421875,162.99000549316406,166.5800018310547,159.7266082763672,7756000
2025-03-27,167.8699951171875,169.02999877929688,166.6199951171875,168.7100067138672,161.76898193359375,6211700
2025-03-28,169.3800048828125,169.7100067138672,167.6199951171875,168.02999877929688,161.11695861816406,5479100
2025-03-31,168.10000610351562,171.13999938964844,168.10000610351562,170.4199981689453,163.40863037109375,11520100
2025-04-01,170.57000732421875,171.0500030517578,169.05999755859375,170.55999755859375,163.54286193847656,7021100
2025-04-02,170.07000732421875,170.8800048828125,168.30999755859375,169.5,162.5264892578125,6274500
2025-04-03,174.22999572753906,174.8000030517578,170.72999572753906,172.38999938964844,165.29757690429688,9393300
2025-04-04,171.77000427246094,173.60000610351562,163.47000122070312,163.75,157.0130615234375,13454200
2025-04-07,163.66000366210938,164.6999969482422,159.19000244140625,160.22999572753906,153.6378631591797,15708000
2025-04-08,162.30999755859375,163.27999877929688,156.7100067138672,158.38999938964844,151.87356567382812,11541100
2025-04-09,157.36000061035156,164.67999267578125,156.69000244140625,162.32000732421875,155.6418914794922,10670200
2025-04-10,162.89999389648438,165.07000732421875,160.75,163.55999755859375,156.83084106445312,10581600
2025-04-11,163.3699951171875,168.02000427246094,162.6199951171875,166.91000366210938,160.0430450439453,8602800
2025-04-14,167.0399932861328,170.11000061035156,165.77999877929688,169.1300048828125,162.1717071533203,9877300
2025-04-15,169.13999938964844,170.16000366210938,168.27999877929688,168.47000122070312,161.53884887695312,8765000
2025-04-16,169.2899932861328,169.67999267578125,165.7899932861328,166.38999938964844,159.54443359375,5897500
2025-04-17,167.52999877929688,171.64999389648438,167.35000610351562,170.6300048828125,163.61000061035156,7227100
2025-04-21,169.88999938964844,169.9499969482422,164.27999877929688,165.75,159.92144775390625,8062400
2025-04-22,165.86000061035156,168.77000427246094,164.5399932861328,167.8800048828125,161.9765167236328,7907400
2025-04-23,166.39999389648438,166.61000061035156,163.11000061035156,165.72999572753906,159.90213012695312,9309200
2025-04-24,160.5,160.9600067138672,156.5800018310547,159.52999877929688,153.92015075683594,20077700
2025-04-25,159.8800048828125,161.8000030517578,157.77000427246094,161.02000427246094,155.35775756835938,12892800
2025-04-28,161.0399932861328,162.55999755859375,160.38999938964844,161.85000610351562,156.15858459472656,8127000
2025-04-29,161.2899932861328,162.38999938964844,159.1999969482422,162.25999450683594,156.55413818359375,8266200
2025-04-30,162.4499969482422,163.16000366210938,159.9499969482422,162.57000732421875,156.85325622558594,12475500
2025-05-01,160.66000366210938,161.35000610351562,159.0500030517578,159.97999572753906,154.3543243408203,6792800
2025-05-02,160.92999267578125,161.80999755859375,159.89999389648438,160.52000427246094,154.87533569335938,5750200
2025-05-05,160.88999938964844,160.91000366210938,158.02000427246094,158.8300018310547,153.24476623535156,7576200
2025-05-06,158.0399932861328,159.7100067138672,157.64999389648438,159.25,153.64999389648438,7703800
2025-05-07,159.02000427246094,160.0500030517578,158.5399932861328,159.2899932861328,153.6885986328125,6430000
2025-05-08,158.3800048828125,160.0,158.00999450683594,158.64999389648438,153.07107543945312,7230800
2025-05-09,158.02000427246094,159.1300048828125,157.41000366210938,157.66000366210938,152.11590576171875,6453200
2025-05-12,157.42999267578125,161.0500030517578,156.69000244140625,160.89999389648438,155.24197387695312,7378400
2025-05-13,160.02000427246094,160.72000122070312,157.36000061035156,158.72999572753906,153.14828491210938,7780800
2025-05-14,158.1199951171875,159.16000366210938,157.57000732421875,158.02000427246094,152.46327209472656,5988900
2025-05-15,159.58999633789062,162.91000366210938,158.6999969482422,162.41000366210938,156.69888305664062,8727300
2025-05-16,162.64999389648438,163.42999267578125,161.85000610351562,163.27999877929688,157.5382843017578,7100800
2025-05-19,163.47000122070312,165.14999389648438,163.41000366210938,164.77000427246094,158.97589111328125,8119900
2025-05-20,164.61000061035156,166.0,164.60000610351562,165.63999938964844,159.8153076171875,5576600
2025-05-21,164.82000732421875,166.3699951171875,164.6199951171875,165.42999267578125,159.61265563964844,6424200
2025-05-22,164.44000244140625,166.1999969482422,164.02000427246094,165.02999877929688,159.2267303466797,6245600
2025-05-23,164.8300018310547,166.22000122070312,163.47999572753906,165.86000061035156,160.02755737304688,5349800
2025-05-27,165.27000427246094,167.97999572753906,165.27000427246094,167.75999450683594,161.86073303222656,11423800
2025-05-28,167.64999389648438,168.83999633789062,167.05999755859375,167.36000061035156,161.47482299804688,5385900
2025-05-29,166.74000549316406,168.99000549316406,166.44000244140625,168.55999755859375,162.63259887695312,4842500
2025-05-30,168.75,170.99000549316406,168.60000610351562,169.88999938964844,163.9158477783203,12587500
2025-06-02,169.02000427246094,169.0399932861328,166.22999572753906,167.77999877929688,161.8800506591797,7574400
2025-06-03,166.77999877929688,167.41000366210938,165.89999389648438,166.85000610351562,160.98277282714844,6223000
2025-06-04,166.69000244140625,168.0500030517578,165.9199981689453,165.9499969482422,160.11439514160156,4939000
2025-06-05,165.42999267578125,165.44000244140625,162.50999450683594,162.8000030517578,157.0751495361328,10351800
2025-06-06,163.2899932861328,165.24000549316406,163.27999877929688,164.02000427246094,158.2522735595703,5697700
2025-06-09,163.38999938964844,164.02000427246094,162.07000732421875,162.55999755859375,156.84361267089844,6544200
2025-06-10,162.69000244140625,163.50999450683594,161.9199981689453,162.83999633789062,157.11376953125,7680000
2025-06-11,162.6300048828125,162.77000427246094,161.69000244140625,162.11000061035156,156.40940856933594,5960100
2025-06-12,161.97000122070312,163.30999755859375,161.67999267578125,163.17999267578125,157.44178771972656,6509900
2025-06-13,162.75999450683594,163.02999877929688,159.91000366210938,160.27999877929688,154.64378356933594,7104500
2025-06-16,160.8800048828125,161.9499969482422,160.00999450683594,160.8800048828125,155.22267150878906,6332000
2025-06-17,160.05999755859375,160.3699951171875,158.30999755859375,158.52000427246094,152.9456787109375,6809700
2025-06-18,158.5500030517578,158.64999389648438,157.66000366210938,158.02000427246094,152.46327209472656,7211200
2025-06-20,158.02999877929688,159.33999633789062,157.85000610351562,159.0800018310547,153.48597717285156,16173400
2025-06-23,159.07000732421875,161.19000244140625,159.0,161.02999877929688,155.36740112304688,6588200
2025-06-24,161.17999267578125,161.74000549316406,159.64999389648438,160.36000061035156,154.72097778320312,7470100
2025-06-25,159.82000732421875,160.33999633789062,158.7100067138672,158.97000122070312,153.37985229492188,5933700
2025-06-26,159.5500030517578,159.55999755859375,157.1699981689453,158.6300048828125,153.0518035888672,7410400
2025-06-27,158.67999267578125,160.1300048828125,158.2899932861328,159.86000061035156,154.23854064941406,19257000
2025-06-30,159.25999450683594,159.89999389648438,158.1300048828125,159.32000732421875,153.71754455566406,11238200
2025-07-01,159.8800048828125,162.52999877929688,159.3800048828125,161.22000122070312,155.5507049560547,10664900
2025-07-02,161.13999938964844,161.35000610351562,159.86000061035156,161.1999969482422,155.53143310546875,8848700
2025-07-03,161.7899932861328,162.02000427246094,159.7899932861328,160.8300018310547,155.17442321777344,6999600
2025-07-07,160.88999938964844,161.17999267578125,159.2899932861328,160.5,154.8560333251953,7225700
2025-07-08,159.52000427246094,159.77999877929688,157.44000244140625,157.88999938964844,152.33779907226562,12034800
2025-07-09,158.10000610351562,158.1999969482422,155.9499969482422,157.52000427246094,151.98085021972656,18770900
2025-07-10,157.75999450683594,159.61000061035156,157.0399932861328,158.49000549316406,152.91671752929688,7200500
2025-07-11,158.0500030517578,158.0500030517578,156.44000244140625,157.0500030517578,151.52737426757812,8053800
2025-07-14,155.5800018310547,155.8000030517578,152.86000061035156,153.75999450683594,148.35305786132812,11491700
2025-07-15,153.55999755859375,154.0500030517578,151.89999389648438,152.67999267578125,147.31101989746094,9142600
2025-07-16,152.74000549316406,153.75999450683594,152.27000427246094,153.72999572753906,148.32411193847656,8479000
2025-07-17,154.0399932861328,155.75,153.8800048828125,155.6199951171875,150.1476287841797,8320000
2025-07-18,153.77999877929688,155.57000732421875,153.6300048828125,155.10000610351562,150.6693115234375,7337300
2025-07-21,155.07000732421875,155.94000244140625,154.88999938964844,155.02999877929688,150.60130310058594,6328400
2025-07-22,154.9199981689453,158.3699951171875,154.89999389648438,158.32000732421875,153.79733276367188,8187000
2025-07-23,158.22000122070312,158.8800048828125,157.67999267578125,158.27999877929688,153.75845336914062,4804800
2025-07-24,158.8699951171875,159.02000427246094,158.0500030517578,158.80999755859375,154.2733154296875,7027400
2025-07-25,157.33999633789062,158.44000244140625,157.02000427246094,158.3000030517578,153.7779083251953,5799900
2025-07-28,157.6300048828125,158.08999633789062,156.22999572753906,157.11000061035156,152.6218719482422,7885000
2025-07-29,158.64999389648438,158.64999389648438,154.83999633789062,156.61000061035156,152.13616943359375,11466100
2025-07-30,157.0,157.0,152.0500030517578,152.8800048828125,148.51272583007812,8162900
2025-07-31,151.8000030517578,152.0,149.91000366210938,150.47000122070312,146.1715850830078,11845400
2025-08-01,151.77999877929688,153.49000549316406,150.52000427246094,150.64999389648438,146.346435546875,8594200
2025-08-04,150.25,151.4600067138672,150.02000427246094,150.75999450683594,146.4532928466797,7679400
2025-08-05,150.7100067138672,152.0800018310547,150.32000732421875,150.50999450683594,146.21041870117188,6670100
2025-08-06,150.86000061035156,153.47999572753906,150.2100067138672,152.86000061035156,148.49330139160156,7376200
2025-08-07,153.1199951171875,154.00999450683594,152.6999969482422,153.49000549316406,149.1053009033203,6719000
2025-08-08,152.77000427246094,153.7899932861328,152.57000732421875,153.50999450683594,149.12472534179688,5811000
2025-08-11,153.5399932861328,155.38999938964844,153.30999755859375,154.97999572753906,150.552734375,7331700
2025-08-12,155.05999755859375,155.5399932861328,154.30999755859375,155.08999633789062,150.65960693359375,6938000
2025-08-13,155.2100067138672,157.00999450683594,154.9499969482422,155.41000366210938,150.970458984375,5812400
2025-08-14,154.63999938964844,154.6999969482422,153.27000427246094,153.74000549316406,149.34817504882812,6343700
2025-08-15,154.47000122070312,155.60000610351562,154.2100067138672,154.36000061035156,149.95045471191406,7121700
2025-08-18,154.4199981689453,156.9199981689453,154.1699981689453,155.72000122070312,151.27159118652344,8274500
2025-08-19,155.72999572753906,158.6999969482422,155.6699981689453,158.39999389648438,153.8750457763672,7868100
2025-08-20,158.5800018310547,161.02999877929688,158.41000366210938,159.50999450683594,154.95333862304688,7840400
2025-08-21,157.92999267578125,159.05999755859375,157.17999267578125,158.72999572753906,154.19561767578125,6417500
2025-08-22,159.3800048828125,160.67999267578125,158.30999755859375,158.6699981689453,154.13731384277344,5797300
2025-08-25,158.38999938964844,158.6999969482422,155.88999938964844,156.14999389648438,151.68931579589844,4692500
2025-08-26,155.9199981689453,156.6999969482422,155.33999633789062,155.97000122070312,151.51446533203125,6338000
2025-08-27,156.14999389648438,157.1300048828125,155.7899932861328,156.9600067138672,152.4761962890625,4551200
2025-08-28,157.0,157.00999450683594,155.02999877929688,155.64999389648438,151.20359802246094,5857400
2025-08-29,156.08999633789062,157.55999755859375,155.64999389648438,157.0399932861328,152.5538787841797,5318200
2025-09-02,157.36000061035156,158.86000061035156,156.97999572753906,157.99000549316406,153.47674560546875,6432800
2025-09-03,157.64999389648438,158.63999938964844,156.5,158.1699981689453,153.65159606933594,6592500
2025-09-04,158.52000427246094,159.75,157.80999755859375,159.19000244140625,154.64247131347656,6934900
2025-09-05,158.5500030517578,160.55999755859375,158.41000366210938,160.02000427246094,155.4487762451172,6436200
2025-09-08,159.61000061035156,160.27000427246094,158.25,159.00999450683594,154.4676055908203,7178400
2025-09-09,158.61000061035156,159.8699951171875,158.1999969482422,159.4600067138672,154.90476989746094,4984900
2025-09-10,158.60000610351562,158.94000244140625,155.88999938964844,157.35000610351562,152.85504150390625,6205500
2025-09-11,157.72000122070312,159.35000610351562,157.38999938964844,158.6300048828125,154.09848022460938,5819500
2025-09-12,157.92999267578125,159.1300048828125,157.77999877929688,157.89999389648438,153.3893280029297,5957000
2025-09-15,157.8800048828125,158.52000427246094,156.1999969482422,156.8300018310547,152.3498992919922,5995000
2025-09-16,157.13999938964844,158.38999938964844,156.88999938964844,158.0500030517578,153.5350341796875,6559600
2025-09-17,158.42999267578125,161.6699981689453,158.42999267578125,160.3300018310547,155.74990844726562,6764200
2025-09-18,158.14999389648438,159.02000427246094,157.16000366210938,157.32000732421875,152.82591247558594,7651500
2025-09-19,157.61000061035156,157.6199951171875,155.97000122070312,156.0399932861328,151.5824432373047,17224800
2025-09-22,156.0800018310547,156.0800018310547,153.0500030517578,153.07000732421875,148.69729614257812,8712900
2025-09-23,153.1999969482422,153.2899932861328,150.97000122070312,152.5,148.14358520507812,8853400
2025-09-24,152.0500030517578,153.6300048828125,151.7899932861328,152.4199981689453,148.0658721923828,6483300
2025-09-25,153.22999572753906,153.8800048828125,151.77999877929688,152.14999389648438,147.80357360839844,7511400
2025-09-26,152.22999572753906,152.67999267578125,151.52999877929688,152.5,148.14358520507812,5721100
2025-09-29,152.4199981689453,153.72000122070312,151.7899932861328,153.52999877929688,149.1441650390625,8139700
2025-09-30,153.4600067138672,154.3800048828125,152.83999633789062,153.64999389648438,149.26072692871094,7762600
2025-10-01,153.6999969482422,153.88999938964844,151.41000366210938,153.17999267578125,148.80413818359375,7566000
2025-10-02,152.72000122070312,152.8000030517578,151.6300048828125,152.0500030517578,147.70643615722656,6892100
2025-10-03,152.0,153.42999267578125,152.0,152.27000427246094,147.92015075683594,5212600
2025-10-06,151.5,152.32000732421875,150.39999389648438,150.41000366210938,146.11329650878906,6737000
2025-10-07,150.75999450683594,153.1699981689453,150.0500030517578,152.5399932861328,148.18243408203125,6844400
2025-10-08,152.7899932861328,152.7899932861328,150.6300048828125,150.69000244140625,146.38528442382812,5254700
2025-10-09,150.74000549316406,150.8699951171875,149.5800018310547,150.5800018310547,146.2784423828125,6134500
2025-10-10,150.94000244140625,151.50999450683594,149.4499969482422,149.69000244140625,145.41387939453125,7374000
2025-10-13,149.0,149.42999267578125,146.97000122070312,147.49000549316406,143.27670288085938,7511100
2025-10-14,147.57000732421875,149.25,147.0800018310547,149.16000366210938,144.8990020751953,8585300
2025-10-15,148.52999877929688,149.41000366210938,147.27000427246094,147.4199981689453,143.20870971679688,10003100
2025-10-16,148.00999450683594,150.39999389648438,147.9199981689453,149.60000610351562,145.32644653320312,8809700
2025-10-17,150.57000732421875,152.02999877929688,150.42999267578125,151.39999389648438,147.07498168945312,8612900
2025-10-20,151.58999633789062,152.38999938964844,151.3000030517578,151.9600067138672,147.61900329589844,5601300
2025-10-21,151.9600067138672,152.27999877929688,150.8699951171875,151.6199951171875,147.2886962890625,6013400
2025-10-22,151.3000030517578,153.4600067138672,150.7899932861328,152.1999969482422,147.85214233398438,6394400
2025-10-23,152.35000610351562,153.3000030517578,150.5800018310547,152.2100067138672,147.86187744140625,8205400
2025-10-24,156.39999389648438,157.39999389648438,151.52999877929688,152.49000549316406,149.1697540283203,11968500
2025-10-27,151.61000061035156,151.75999450683594,150.1300048828125,151.74000549316406,148.4361114501953,7775300
2025-10-28,151.1199951171875,153.1699981689453,150.6199951171875,151.3699951171875,148.0741424560547,5819300
2025-10-29,150.66000366210938,150.97000122070312,148.47000122070312,148.77000427246094,145.53074645996094,7405500
2025-10-30,149.47000122070312,150.8000030517578,149.33999633789062,149.5800018310547,146.32313537597656,6760700
2025-10-31,148.7100067138672,151.10000610351562,148.52999877929688,150.3699951171875,147.09591674804688,7930300
2025-11-03,150.10000610351562,150.22000122070312,147.77000427246094,148.02000427246094,144.79708862304688,8946400
2025-11-04,148.60000610351562,149.5,146.25,147.1699981689453,143.96559143066406,9295400
2025-11-05,146.8699951171875,147.4199981689453,145.64999389648438,145.7899932861328,142.61563110351562,11199900
2025-11-06,145.8800048828125,146.67999267578125,144.4600067138672,146.1300048828125,142.94822692871094,10024500
2025-11-07,146.9499969482422,147.94000244140625,146.0,146.97999572753906,143.77972412109375,8500100
2025-11-10,146.3800048828125,146.6199951171875,144.08999633789062,145.5,142.3319549560547,10208100
2025-11-11,145.9600067138672,148.64999389648438,145.6699981689453,148.5399932861328,145.30575561523438,7332500
2025-11-12,148.52999877929688,149.14999389648438,147.50999450683594,148.00999450683594,144.78729248046875,7851100
2025-11-13,148.17999267578125,149.0,147.63999938964844,147.9600067138672,144.73838806152344,7566800
2025-11-14,149.10000610351562,149.3800048828125,147.61000061035156,147.6699981689453,144.45469665527344,9150800
2025-11-17,147.75,147.97999572753906,145.00999450683594,145.82000732421875,142.64498901367188,9902300
2025-11-18,146.3300018310547,147.38999938964844,145.50999450683594,146.99000549316406,143.78952026367188,10735200
2025-11-19,146.9600067138672,147.5399932861328,145.86000061035156,146.99000549316406,143.78952026367188,6367000
2025-11-20,146.63999938964844,148.66000366210938,146.1300048828125,148.19000244140625,144.96337890625,9021300
2025-11-21,148.3800048828125,151.5,148.3000030517578,150.9199981689453,147.63394165039062,12018000
2025-11-24,150.10000610351562,150.41000366210938,146.5399932861328,146.97999572753906,143.77972412109375,13846900
2025-11-25,147.32000732421875,148.64999389648438,147.22000122070312,148.49000549316406,145.25685119628906,10477700
2025-11-26,147.9199981689453,148.97000122070312,147.61000061035156,148.25,145.02207946777344,9238500
2025-11-28,147.8000030517578,148.7100067138672,147.17999267578125,148.16000366210938,144.9340362548828,4707200
2025-12-01,148.10000610351562,148.88999938964844,147.35000610351562,147.44000244140625,144.22972106933594,8240700
2025-12-02,145.2899932861328,146.19000244140625,142.50999450683594,145.86000061035156,142.6841278076172,16376800
2025-12-03,145.9199981689453,148.2899932861328,145.86000061035156,146.7100067138672,143.51560974121094,9125300
2025-12-04,146.6699981689453,147.4199981689453,144.5,145.36000061035156,142.1950225830078,10479300
2025-12-05,145.16000366210938,145.6300048828125,143.25,143.4499969482422,140.3265838623047,12791700
2025-12-08,142.91000366210938,142.91000366210938,138.13999938964844,138.33999633789062,135.32785034179688,17507500
2025-12-09,139.19000244140625,140.8800048828125,139.0,139.6300048828125,136.5897674560547,10375700
2025-12-10,139.64999389648438,141.27999877929688,139.5399932861328,139.82000732421875,136.775634765625,13650400
2025-12-11,141.0,141.83999633789062,140.36000061035156,140.75999450683594,137.69515991210938,11798000
2025-12-12,141.0,143.11000061035156,140.83999633789062,142.83999633789062,139.72987365722656,10268800
2025-12-15,143.27000427246094,145.32000732421875,143.1999969482422,145.1300048828125,141.97000122070312,13877700
2025-12-16,146.10000610351562,146.5399932861328,144.64999389648438,145.2100067138672,142.04827880859375,10251700
2025-12-17,146.69000244140625,148.4499969482422,146.4499969482422,147.80999755859375,144.59165954589844,9833300
2025-12-18,146.6199951171875,147.5,145.35000610351562,145.52000427246094,142.3515167236328,12239900
2025-12-19,145.50999450683594,146.0500030517578,143.94000244140625,144.4600067138672,141.31459045410156,19345600
2025-12-22,143.7100067138672,144.39999389648438,142.4199981689453,142.69000244140625,139.5831298828125,11731400
2025-12-23,142.49000549316406,143.72999572753906,142.0800018310547,143.17999267578125,140.0624542236328,9541600
2025-12-24,142.89999389648438,144.74000549316406,142.8300018310547,144.49000549316406,141.34396362304688,3259200
2025-12-26,144.30999755859375,145.63999938964844,144.30999755859375,144.74000549316406,141.5885009765625,4711500
2025-12-29,144.8000030517578,145.07000732421875,143.9499969482422,144.57000732421875,141.4221954345703,7662100
2025-12-30,144.2899932861328,144.4600067138672,143.57000732421875,144.0500030517578,140.9135284423828,6006400
2025-12-31,144.0,144.13999938964844,143.22999572753906,143.30999755859375,140.1896514892578,5293200
2026-01-02,143.11000061035156,143.33999633789062,141.24000549316406,141.7899932861328,138.70272827148438,8946100
2026-01-05,141.10000610351562,141.35000610351562,139.60000610351562,140.3699951171875,137.31365966796875,12297300
2026-01-06,140.38999938964844,141.4199981689453,139.50999450683594,139.91000366210938,136.86366271972656,10421800
2026-01-07,139.8000030517578,139.8000030517578,137.6199951171875,138.0399932861328,135.0343780517578,14369100
2026-01-08,137.88999938964844,141.77999877929688,137.82000732421875,141.52999877929688,138.44837951660156,9297100
2026-01-09,141.6999969482422,142.3300018310547,140.8300018310547,141.8699951171875,138.78099060058594,9528500
2026-01-12,142.27999877929688,143.8800048828125,141.7100067138672,143.4600067138672,140.33636474609375,12812000
2026-01-13,144.0,144.33999633789062,142.97000122070312,144.24000549316406,141.09938049316406,15549200
2026-01-14,144.67999267578125,146.89999389648438,144.3699951171875,146.35000610351562,143.1634521484375,13475000
2026-01-15,145.67999267578125,146.35000610351562,144.35000610351562,144.6300048828125,141.48089599609375,10102800
2026-01-16,143.75999450683594,144.72999572753906,143.66000366210938,144.52999877929688,141.38307189941406,11729300
2026-01-20,144.4600067138672,147.0,144.1199951171875,147.0,143.79928588867188,12901400
2026-01-21,147.05999755859375,147.3699951171875,144.97000122070312,146.05999755859375,142.8797607421875,14126800
2026-01-22,148.0800018310547,150.91000366210938,147.5,149.92999267578125,146.6654815673828,18501900
2026-01-23,150.83999633789062,151.64999389648438,149.8000030517578,150.14999389648438,147.92355346679688,14562600
2026-01-26,150.1199951171875,150.8800048828125,148.52000427246094,149.49000549316406,147.2733612060547,12655700
2026-01-27,148.07000732421875,149.63999938964844,147.92999267578125,148.33999633789062,146.14039611816406,9546000
2026-01-28,148.0,148.7100067138672,146.7899932861328,147.33999633789062,145.1552276611328,7465800
2026-01-29,147.2899932861328,150.1300048828125,147.11000061035156,149.89999389648438,147.67726135253906,11035600
2026-01-30,150.42999267578125,151.97000122070312,149.14999389648438,151.77000427246094,149.51954650878906,12651400
2026-02-02,152.4199981689453,153.72999572753906,151.25,153.19000244140625,150.91848754882812,10554900
2026-02-03,152.58999633789062,156.52999877929688,152.1999969482422,155.32000732421875,153.01690673828125,12424700
2026-02-04,156.1300048828125,158.3699951171875,155.75999450683594,156.8699951171875,154.54391479492188,12178500
2026-02-05,158.83999633789062,159.64999389648438,156.1199951171875,158.61000061035156,156.25811767578125,13077700
2026-02-06,158.24000549316406,159.99000549316406,158.00999450683594,159.1699981689453,156.80979919433594,10441700
2026-02-09,158.75999450683594,159.27999877929688,156.02000427246094,157.3300018310547,154.99710083007812,11439900
2026-02-10,157.52999877929688,160.14999389648438,156.72000122070312,159.0800018310547,156.7211456298828,9910100
2026-02-11,158.63999938964844,161.13999938964844,158.19000244140625,160.0,157.62750244140625,10217300
2026-02-12,160.02000427246094,163.13999938964844,159.64999389648438,161.2100067138672,158.81956481933594,13512900
2026-02-13,161.74000549316406,162.57000732421875,159.7100067138672,160.07000732421875,157.6964874267578,13998900
2026-02-17,159.9499969482422,162.1699981689453,158.8800048828125,159.5500030517578,157.18417358398438,13319100
2026-02-18,158.97999572753906,158.97999572753906,155.77000427246094,156.86000061035156,154.53407287597656,14434300
2026-02-19,156.8300018310547,159.9600067138672,156.8300018310547,158.55999755859375,156.20884704589844,10724600
2026-02-20,159.1300048828125,161.05999755859375,158.16000366210938,160.77999877929688,158.39593505859375,11508100
2026-02-23,160.32000732421875,165.36000061035156,160.3000030517578,165.1699981689453,162.72085571289062,14772400
2026-02-24,164.89999389648438,166.8699951171875,163.94000244140625,165.27999877929688,162.8292236328125,9709500
2026-02-25,164.5399932861328,165.0,162.10000610351562,163.38999938964844,160.9672393798828,7878500
2026-02-26,164.22000122070312,164.5,162.86000061035156,163.75,161.3218994140625,7028600
2026-02-27,164.0399932861328,167.25,163.69000244140625,167.1999969482422,164.72073364257812,14878500
2026-03-02,165.2899932861328,166.5500030517578,163.4499969482422,163.50999450683594,161.08546447753906,9095500
2026-03-03,162.19000244140625,162.19000244140625,158.6199951171875,159.72000122070312,157.35165405273438,10161000
2026-03-04,159.44000244140625,159.61000061035156,157.30999755859375,158.3000030517578,155.95272827148438,8752700
2026-03-05,156.94000244140625,157.10000610351562,153.77000427246094,153.99000549316406,151.70663452148438,10060300
2026-03-06,153.66000366210938,154.42999267578125,151.88999938964844,153.6300048828125,151.3519744873047,8187900
2026-03-09,153.14999389648438,156.22999572753906,152.89999389648438,155.22000122070312,152.9183807373047,12494900
2026-03-10,155.49000549316406,157.14999389648438,153.60000610351562,156.00999450683594,153.69667053222656,7756800
2026-03-11,155.22999572753906,155.3800048828125,151.42999267578125,153.32000732421875,151.04656982421875,8855100
2026-03-12,152.2100067138672,153.0500030517578,150.3300018310547,150.5,148.26837158203125,8489300
2026-03-13,151.3699951171875,152.5500030517578,150.17999267578125,150.64999389648438,148.41615295410156,7298900
2026-03-16,151.86000061035156,152.63999938964844,150.64999389648438,152.1199951171875,149.86434936523438,6944000
2026-03-17,153.00999450683594,153.4600067138672,151.1999969482422,151.47999572753906,149.2338409423828,6147700
2026-03-18,149.30999755859375,149.6199951171875,146.4600067138672,146.7100067138672,144.53457641601562,10059300
2026-03-19,146.22000122070312,147.3800048828125,144.7899932861328,144.83999633789062,142.69229125976562,10340300
2026-03-20,144.99000549316406,145.82000732421875,144.25,144.27999877929688,142.14060974121094,60620900
2026-03-23,146.14999389648438,146.14999389648438,143.47999572753906,143.99000549316406,141.85491943359375,10315600
2026-03-24,143.3300018310547,145.22999572753906,142.22999572753906,143.16000366210938,141.03721618652344,8567600
2026-03-25,143.74000549316406,144.10000610351562,142.22999572753906,143.9199981689453,141.78594970703125,8418100
2026-03-26,143.69000244140625,144.57000732421875,142.24000549316406,142.4199981689453,140.30819702148438,6443200
2026-03-27,142.72000122070312,144.0800018310547,142.00999450683594,142.7100067138672,140.59390258789062,11558300
2026-03-30,143.0399932861328,145.57000732421875,142.57000732421875,144.72000122070312,142.57408142089844,11616300
2026-03-31,144.82000732421875,144.9199981689453,142.27999877929688,144.44000244140625,142.29823303222656,10407500
2026-04-01,143.9199981689453,144.97000122070312,143.2100067138672,144.08999633789062,141.95343017578125,8061700
2026-04-02,144.08999633789062,144.2100067138672,142.5800018310547,143.1199951171875,140.997802734375,5941700
2026-04-06,143.00999450683594,143.6699981689453,141.9199981689453,142.77000427246094,140.6529998779297,6823100
2026-04-07,142.52000427246094,142.77000427246094,140.74000549316406,141.3000030517578,139.2047882080078,7207500
2026-04-08,143.14999389648438,145.11000061035156,141.8699951171875,144.89999389648438,142.75140380859375,10849700
2026-04-09,144.38999938964844,146.94000244140625,143.0,146.66000366210938,144.48532104492188,6794800
2026-04-10,146.88999938964844,146.88999938964844,144.75999450683594,145.16000366210938,143.007568359375,9790300
2026-04-13,145.0,145.08999633789062,142.6300048828125,143.5800018310547,141.4509735107422,7121400
2026-04-14,143.24000549316406,144.72000122070312,142.77000427246094,144.3800048828125,142.2391357421875,6621600
2026-04-15,144.36000061035156,144.39999389648438,142.25999450683594,143.3800048828125,141.2539520263672,7698200
2026-04-16,143.1999969482422,144.2899932861328,142.66000366210938,143.11000061035156,140.9879608154297,6947100
2026-04-17,143.41000366210938,147.58999633789062,143.16000366210938,146.92999267578125,144.75131225585938,10886000
2026-04-20,146.05999755859375,146.66000366210938,143.58999633789062,144.49000549316406,142.34750366210938,8084700
2026-04-21,144.6199951171875,144.6199951171875,142.32000732421875,142.32000732421875,140.20968627929688,11197200
2026-04-22,142.5,143.3000030517578,142.22000122070312,142.85000610351562,140.7318115234375,7236300
2026-04-23,143.39999389648438,146.22999572753906,143.39999389648438,145.7100067138672,143.54940795898438,11288800
2026-04-24,152.00999450683594,152.4199981689453,147.6199951171875,148.17999267578125,147.08203125,13786200
2026-04-27,147.4199981689453,149.6999969482422,147.4199981689453,148.39999389648438,147.30039978027344,9166400
2026-04-28,150.02999877929688,151.19000244140625,148.42999267578125,149.1699981689453,148.064697265625,7965700
2026-04-29,148.3000030517578,148.75,145.88999938964844,146.4600067138672,145.37478637695312,9002400
2026-04-30,147.08999633789062,147.72000122070312,145.9499969482422,147.08999633789062,146.00010681152344,9491700
2026-05-01,147.8699951171875,149.27999877929688,146.4600067138672,147.25999450683594,146.16883850097656,6814800
2026-05-04,146.05999755859375,146.05999755859375,143.27000427246094,143.4199981689453,142.3572998046875,9642800
2026-05-05,143.3800048828125,145.89999389648438,142.17999267578125,144.89999389648438,143.82632446289062,7664300
2026-05-06,146.39999389648438,148.9499969482422,145.94000244140625,147.89999389648438,146.80410766601562,9399500
2026-05-07,147.99000549316406,147.99000549316406,146.02000427246094,146.05999755859375,144.9777374267578,9545800
2026-05-08,146.5500030517578,147.52000427246094,146.2100067138672,146.4199981689453,145.33506774902344,5741000
2026-05-11,145.7899932861328,145.9499969482422,141.97000122070312,143.36000061035156,142.29774475097656,7489500
2026-05-12,144.35000610351562,145.86000061035156,142.86000061035156,143.91000366210938,142.8436737060547,9051200
2026-05-13,143.14999389648438,144.6699981689453,141.66000366210938,142.24000549316406,141.18605041503906,6685900
2026-05-14,143.17999267578125,144.27999877929688,142.6300048828125,142.7100067138672,141.65257263183594,9636200
2026-05-15,143.39999389648438,143.39999389648438,141.1999969482422,141.57000732421875,140.52101135253906,6989400
2026-05-18,142.10000610351562,144.42999267578125,141.6300048828125,142.38999938964844,141.33493041992188,7731200
2026-05-19,142.47000122070312,143.7100067138672,140.85000610351562,141.3000030517578,140.2530059814453,8355800
2026-05-20,141.4499969482422,143.22000122070312,140.6199951171875,142.44000244140625,141.3845672607422,8375600
2026-05-21,141.8800048828125,143.72000122070312,140.08999633789062,143.39999389648438,142.3374481201172,6297300
2026-05-22,143.8699951171875,144.63999938964844,143.52999877929688,144.44000244140625,143.3697509765625,4616700
2026-05-26,144.50999450683594,145.61000061035156,142.52999877929688,142.9600067138672,141.9007110595703,8157200
2026-05-27,143.4600067138672,148.5399932861328,143.4600067138672,147.49000549316406,146.39715576171875,10048900
2026-05-28,146.6999969482422,146.6999969482422,145.00999450683594,145.91000366210938,144.828857421875,10196700
2026-05-29,145.52000427246094,145.63999938964844,143.1999969482422,143.55999755859375,142.4962615966797,12355800
2026-06-01,141.52000427246094,141.82000732421875,138.86000061035156,140.27999877929688,139.24057006835938,11093800
2026-06-02,140.1199951171875,141.1199951171875,139.02999877929688,140.82000732421875,139.77658081054688,9599500
2026-06-03,140.92999267578125,142.4499969482422,140.0,140.19000244140625,139.1512451171875,9351000
2026-06-04,142.6999969482422,143.13999938964844,139.88999938964844,140.77999877929688,139.7368621826172,8194000
2026-06-05,142.22000122070312,148.22999572753906,141.8000030517578,146.5399932861328,145.4541778564453,10963200
2026-06-08,145.7899932861328,146.5500030517578,145.02000427246094,145.10000610351562,144.0248565673828,7200700
2026-06-09,144.6699981689453,149.47999572753906,144.52999877929688,148.6699981689453,147.5684051513672,8259300
2026-06-10,149.91000366210938,150.42999267578125,148.3800048828125,149.0500030517578,147.94558715820312,7345900
2026-06-11,148.6999969482422,149.6199951171875,147.77000427246094,148.33999633789062,147.2408447265625,6684700
2026-06-12,149.3800048828125,150.1999969482422,148.3000030517578,149.61000061035156,148.50143432617188,6832000
2026-06-15,148.75999450683594,151.5,148.75999450683594,150.4600067138672,149.3451385498047,9158900
2026-06-16,151.50999450683594,153.02000427246094,150.5500030517578,152.49000549316406,151.360107421875,8518900
2026-06-17,152.3800048828125,152.94000244140625,149.77000427246094,150.55999755859375,149.44439697265625,7055800
2026-06-18,150.8699951171875,152.2899932861328,150.17999267578125,150.3800048828125,149.26573181152344,17076100
2026-06-22,150.11000061035156,150.88999938964844,147.57000732421875,147.67999267578125,146.58572387695312,10533000
2026-06-23,149.66000366210938,151.3699951171875,149.3699951171875,150.86000061035156,149.74217224121094,7259600
2026-06-24,151.99000549316406,153.35000610351562,150.9199981689453,152.0399932861328,150.91342163085938,8618500
2026-06-25,151.57000732421875,152.2899932861328,147.82000732421875,148.5,147.399658203125,11197200
2026-06-26,150.33999633789062,150.8800048828125,148.4199981689453,149.02000427246094,147.9158172607422,16724600
2026-06-29,148.72999572753906,149.0500030517578,147.0399932861328,148.4499969482422,147.3500213623047,10387700
2026-06-30,147.52999877929688,147.52999877929688,144.1699981689453,146.63999938964844,145.55343627929688,9353800
2026-07-01,146.52999877929688,147.5,145.5500030517578,147.42999267578125,146.33758544921875,9571700
2026-07-02,148.5800018310547,151.6699981689453,147.74000549316406,151.41000366210938,150.28810119628906,9256000
2026-07-06,150.67999267578125,151.22000122070312,146.9600067138672,149.30999755859375,148.2036590576172,8323100
2026-07-07,152.66000366210938,153.49000549316406,150.61000061035156,152.75,151.6181640625,8061400
2026-07-08,150.9600067138672,151.07000732421875,148.35000610351562,148.39999389648438,147.30039978027344,14272300
2026-07-09,146.77000427246094,147.66000366210938,145.60000610351562,146.85000610351562,145.7618865966797,7748000
2026-07-10,147.10000610351562,148.58999633789062,146.7100067138672,147.0399932861328,145.95046997070312,12473000
2026-07-13,148.0800018310547,150.0500030517578,147.11000061035156,148.3699951171875,147.27061462402344,7816100
2026-07-14,148.3699951171875,148.75,145.58999633789062,146.0800018310547,144.99758911132812,7668100
2026-07-15,145.27999877929688,148.58999633789062,144.66000366210938,148.0500030517578,146.9530029296875,6180000
2026-07-16,149.49000549316406,151.52000427246094,148.17999267578125,151.5,150.37742614746094,6485400
2026-07-17,152.86000061035156,154.32000732421875,149.30999755859375,149.97999572753906,148.86868286132812,8917400
2026-07-20,149.55999755859375,150.10000610351562,148.42999267578125,149.1300048828125,148.02499389648438,5788300
2026-07-21,147.86000061035156,148.41000366210938,146.8800048828125,148.10000610351562,147.00262451171875,7027600
2026-07-22,149.5,150.4600067138672,148.82000732421875,149.1300048828125,148.02499389648438,5371200
2026-07-23,146.13999938964844,147.61000061035156,145.58999633789062,146.97000122070312,145.88099670410156,6499200
2026-07-24,146.4499969482422,147.99000549316406,145.39999389648438,147.41000366210938,147.41000366210938,6620700
2026-07-27,147.85000610351562,150.25,147.85000610351562,148.6300048828125,148.6300048828125,7301800
2026-07-28,151.5,153.67999267578125,148.52000427246094,148.8800048828125,148.8800048828125,12848800
2026-07-29,141.3800048828125,146.3800048828125,140.1999969482422,146.10000610351562,146.10000610351562,14616800
2026-07-30,143.75999450683594,144.4499969482422,142.25,143.9600067138672,143.9600067138672,9571100
2026-07-31,143.50999450683594,144.6999969482422,141.4600067138672,144.49000549316406,144.49000549316406,9152600
2026-08-03,145.85000610351562,147.14999389648438,144.25999450683594,144.97000122070312,144.97000122070312,8843600
2026-08-04,144.0399932861328,148.25,143.7899932861328,148.00999450683594,148.00999450683594,7362300
2026-08-05,147.85000610351562,147.85000610351562,144.66000366210938,146.8000030517578,146.8000030517578,9753300
2026-08-06,147.82000732421875,148.5,145.4499969482422,146.97000122070312,146.97000122070312,8766700
2026-08-07,144.89999389648438,146.0,143.8800048828125,145.7899932861328,145.7899932861328,7565500
2026-08-10,144.72999572753906,146.4600067138672,144.14999389648438,146.44000244140625,146.44000244140625,7386500
2026-08-11,145.41000366210938,145.7100067138672,143.92999267578125,145.2100067138672,145.2100067138672,7936700
2026-08-12,144.0500030517578,144.94000244140625,143.7899932861328,144.0800018310547,144.0800018310547,7195000
2026-08-13,144.58999633789062,145.8000030517578,144.0,144.25999450683594,144.25999450683594,7491300
2026-08-14,144.3300018310547,144.91000366210938,143.4199981689453,144.5500030517578,144.5500030517578,7249600
2026-08-17,143.63999938964844,143.97000122070312,142.47999572753906,143.1199951171875,143.1199951171875,9867500
2026-08-18,143.27999877929688,144.4199981689453,142.67999267578125,143.4499969482422,143.4499969482422,12746100
2026-08-19,144.3000030517578,146.22999572753906,143.6199951171875,144.3800048828125,144.3800048828125,13948500
2026-08-20,144.47000122070312,144.9199981689453,142.55999755859375,142.97000122070312,142.97000122070312,15794100
2026-08-21,143.02000427246094,145.27000427246094,142.13999938964844,144.67999267578125,144.67999267578125,9785200
2026-08-24,145.24000549316406,146.8000030517578,145.0,146.60000610351562,146.60000610351562,7061800
2026-08-25,145.72999572753906,146.1199951171875,144.9499969482422,145.39999389648438,145.39999389648438,9125700
2026-08-26,145.27999877929688,145.92999267578125,144.5,145.0,145.0,8249100
2026-08-27,143.6999969482422,144.14999389648438,142.7100067138672,143.13999938964844,143.13999938964844,7817200
2026-08-28,143.25,144.39999389648438,143.00999450683594,143.77999877929688,143.77999877929688,5868900
2026-08-31,143.44000244140625,145.89999389648438,142.5,145.1199951171875,145.1199951171875,12097900
2026-09-01,145.75999450683594,148.36000061035156,145.08999633789062,146.2100067138672,146.2100067138672,8503800
2026-09-02,146.4199981689453,148.32000732421875,145.7899932861328,147.63999938964844,147.63999938964844,7431100
2026-09-03,147.67999267578125,148.22000122070312,146.5,146.9199981689453,146.9199981689453,6105800
2026-09-04,146.47000122070312,147.14999389648438,145.82000732421875,146.44000244140625,146.44000244140625,5588200
2026-09-08,145.60000610351562,146.16000366210938,144.3000030517578,145.5800018310547,145.5800018310547,8325100
2026-09-09,144.16000366210938,144.47000122070312,142.33999633789062,142.63999938964844,142.63999938964844,9270000
2026-09-10,142.60000610351562,143.50999450683594,141.86000061035156,142.97000122070312,142.97000122070312,10925000
2026-09-11,143.72000122070312,145.49000549316406,143.5500030517578,145.27000427246094,145.27000427246094,11526600
2026-09-14,146.3800048828125,147.72000122070312,145.75,146.1300048828125,146.1300048828125,8704500
2026-09-15,144.77999877929688,147.22000122070312,143.9199981689453,146.6699981689453,146.6699981689453,8802900
2026-09-16,146.8300018310547,148.22999572753906,146.5,147.02000427246094,147.02000427246094,6949800
2026-09-17,147.58999633789062,147.77999877929688,146.35000610351562,147.5500030517578,147.5500030517578,6737800
2026-09-18,146.44000244140625,146.6999969482422,145.49000549316406,146.38999938964844,146.38999938964844,12944300
2026-09-21,146.49000549316406,146.80999755859375,145.6300048828125,146.0800018310547,146.0800018310547,5822100
2026-09-22,147.4199981689453,148.25,146.9499969482422,148.22000122070312,148.22000122070312,5636100
2026-09-23,147.8699951171875,148.92999267578125,147.13999938964844,147.38999938964844,147.38999938964844,6580200
2026-09-24,147.74000549316406,149.1999969482422,145.67999267578125,145.67999267578125,145.67999267578125,7428400
2026-09-25,145.97000122070312,146.39999389648438,145.3300018310547,146.22999572753906,146.22999572753906,5790500
2026-09-28,145.86000061035156,149.47999572753906,145.11000061035156,149.02999877929688,149.02999877929688,8850100
2026-09-29,147.9499969482422,148.83999633789062,146.83999633789062,148.32000732421875,148.32000732421875,7671900
2026-09-30,148.89999389648438,149.22999572753906,145.27999877929688,145.27999877929688,145.27999877929688,8578400
