Date,Open,High,Low,Close,Adj Close,Volume
2020-12-31,139.0800018310547,140.5399932861328,138.11000061035156,140.3699951171875,125.54071807861328,970200
2021-01-04,140.6300048828125,140.66000366210938,134.32000732421875,135.64999389648438,121.31937408447266,1559700
2021-01-05,135.72000122070312,136.4499969482422,133.1199951171875,134.52999877929688,120.31768035888672,937700
2021-01-06,136.1300048828125,139.13999938964844,135.4600067138672,139.10000610351562,124.40492248535156,1278900
2021-01-07,139.52000427246094,139.72000122070312,137.72000122070312,139.07000732421875,124.37808990478516,1258100
2021-01-08,139.2100067138672,139.77000427246094,137.89999389648438,139.64999389648438,124.89675903320312,995100
2021-01-11,138.67999267578125,139.35000610351562,137.22000122070312,137.42999267578125,122.91128540039062,1017200
2021-01-12,137.52999877929688,140.7100067138672,137.3699951171875,140.4199981689453,125.58541107177734,830100
2021-01-13,140.00999450683594,142.74000549316406,139.60000610351562,142.25,127.22212982177734,1409200
2021-01-14,142.42999267578125,143.1300048828125,141.11000061035156,142.32000732421875,127.28472900390625,1621900
2021-01-15,141.83999633789062,144.1199951171875,141.07000732421875,143.24000549316406,128.10752868652344,1915900
2021-01-19,143.6300048828125,144.2899932861328,142.0399932861328,143.50999450683594,128.3489990234375,1616400
2021-01-20,143.27999877929688,145.5500030517578,142.6699981689453,145.02000427246094,129.6995086669922,1929600
2021-01-21,148.1300048828125,152.2899932861328,147.10000610351562,148.72000122070312,133.0085906982422,2835300
2021-01-22,146.83999633789062,147.97000122070312,144.4499969482422,145.83999633789062,130.43283081054688,1237900
2021-01-25,144.5,146.55999755859375,143.25999450683594,146.36000061035156,130.89791870117188,1284800
2021-01-26,146.80999755859375,147.55999755859375,143.69000244140625,143.7100067138672,128.52786254882812,1277300
2021-01-27,141.8699951171875,143.9199981689453,139.3000030517578,139.5,124.76263427734375,1637600
2021-01-28,140.27999877929688,141.3800048828125,139.11000061035156,140.0,125.20980072021484,1680700
2021-01-29,138.97000122070312,138.97000122070312,135.8699951171875,136.3000030517578,121.90067291259766,2277100
2021-02-01,137.0800018310547,138.5,135.88999938964844,138.2100067138672,123.60892486572266,1232200
2021-02-02,139.16000366210938,140.69000244140625,138.25,139.8300018310547,125.0577621459961,1403700
2021-02-03,139.41000366210938,140.35000610351562,138.02000427246094,138.66000366210938,124.0113525390625,1083400
2021-02-04,139.24000549316406,144.17999267578125,138.7899932861328,143.92999267578125,128.72462463378906,2701400
2021-02-05,144.66000366210938,146.47999572753906,143.57000732421875,144.83999633789062,129.53851318359375,933600
2021-02-08,144.5800018310547,146.24000549316406,143.85000610351562,146.1999969482422,130.7548065185547,756100
2021-02-09,146.1300048828125,147.1699981689453,145.67999267578125,147.16000366210938,131.61338806152344,795500
2021-02-10,147.2100067138672,147.69000244140625,145.3300018310547,145.92999267578125,130.51332092285156,1528600
2021-02-11,146.0,147.17999267578125,145.5800018310547,146.33999633789062,130.88002014160156,887300
2021-02-12,145.83999633789062,147.13999938964844,144.83999633789062,145.9600067138672,130.54014587402344,1313000
2021-02-16,147.00999450683594,147.9199981689453,145.6699981689453,147.4199981689453,131.84596252441406,1122100
2021-02-17,146.91000366210938,148.82000732421875,146.75999450683594,148.4499969482422,132.76715087890625,924300
2021-02-18,148.30999755859375,148.41000366210938,146.36000061035156,147.69000244140625,132.08738708496094,918200
2021-02-19,148.13999938964844,148.1699981689453,145.74000549316406,145.91000366210938,130.49549865722656,1124700
2021-02-22,145.8300018310547,148.0,144.88999938964844,147.8699951171875,132.24839782714844,1243900
2021-02-23,149.3699951171875,149.9600067138672,147.1999969482422,149.3300018310547,133.5541534423828,949200
2021-02-24,148.69000244140625,151.24000549316406,148.69000244140625,150.9600067138672,135.011962890625,1484300
2021-02-25,151.30999755859375,151.47999572753906,147.8699951171875,148.0,132.36468505859375,1259900
2021-02-26,148.08999633789062,148.17999267578125,145.17999267578125,145.5,130.12876892089844,1529100
2021-03-01,147.0,151.00999450683594,147.0,150.38999938964844,134.5021209716797,1183900
2021-03-02,149.83999633789062,150.9199981689453,149.02000427246094,149.1199951171875,133.36634826660156,1221400
2021-03-03,149.11000061035156,152.14999389648438,148.7100067138672,150.7100067138672,134.7883758544922,1226200
2021-03-04,150.6199951171875,152.02000427246094,147.55999755859375,149.02000427246094,133.2769012451172,1107000
2021-03-05,150.4499969482422,153.22000122070312,149.22000122070312,152.36000061035156,136.26406860351562,1458700
2021-03-08,153.0,157.25,152.47000122070312,155.75,139.29591369628906,1374800
2021-03-09,154.4199981689453,155.9600067138672,152.77999877929688,153.82000732421875,138.32473754882812,1420100
2021-03-10,153.55999755859375,156.42999267578125,153.0500030517578,155.3800048828125,139.7275848388672,1491600
2021-03-11,153.8800048828125,155.3699951171875,152.1699981689453,155.08999633789062,139.46676635742188,2105200
2021-03-12,157.0500030517578,159.0399932861328,155.97000122070312,157.27000427246094,141.42718505859375,1313300
2021-03-15,155.97000122070312,157.5,155.60000610351562,157.33999633789062,141.4901123046875,873500
2021-03-16,156.8699951171875,156.8699951171875,154.41000366210938,156.47000122070312,140.70774841308594,1049100
2021-03-17,157.14999389648438,158.17999267578125,155.5399932861328,157.9199981689453,142.01171875,1393800
2021-03-18,159.8000030517578,161.19000244140625,156.35000610351562,156.8300018310547,141.031494140625,2301300
2021-03-19,156.25,156.25,148.8800048828125,149.3000030517578,134.2600555419922,4099200
2021-03-22,149.14999389648438,149.52000427246094,146.75999450683594,147.58999633789062,132.7222900390625,1381800
2021-03-23,147.64999389648438,149.41000366210938,146.7899932861328,147.0,132.19175720214844,1616400
2021-03-24,147.69000244140625,151.07000732421875,147.4600067138672,149.27999877929688,134.2420654296875,1995900
2021-03-25,149.8800048828125,153.13999938964844,147.9199981689453,152.77999877929688,137.38949584960938,1402100
2021-03-26,153.6999969482422,153.86000061035156,151.5,153.63999938964844,138.1627960205078,1123000
2021-03-29,151.80999755859375,154.5,150.77000427246094,153.85000610351562,138.35169982910156,1393700
2021-03-30,154.57000732421875,155.22999572753906,153.3000030517578,154.02999877929688,138.5135498046875,924000
2021-03-31,154.02999877929688,154.1300048828125,150.25,150.39999389648438,135.249267578125,1705200
2021-04-01,150.25,151.3000030517578,149.4600067138672,150.6199951171875,135.44708251953125,1680000
2021-04-05,152.25,152.42999267578125,150.60000610351562,152.02999877929688,136.71502685546875,1260700
2021-04-06,152.02999877929688,153.94000244140625,151.4499969482422,151.75,136.4632568359375,1349200
2021-04-07,151.7899932861328,152.4499969482422,151.00999450683594,152.2899932861328,136.9488525390625,1694200
2021-04-08,150.7899932861328,151.1199951171875,149.52999877929688,150.36000061035156,135.21324157714844,1740700
2021-04-09,151.52000427246094,152.5500030517578,150.9600067138672,151.64999389648438,136.37330627441406,1377600
2021-04-12,151.88999938964844,152.22000122070312,151.27000427246094,151.83999633789062,136.54415893554688,1232200
2021-04-13,151.2100067138672,152.39999389648438,150.5399932861328,152.2100067138672,136.8769073486328,1911200
2021-04-14,152.4199981689453,156.35000610351562,152.0,155.42999267578125,139.7725067138672,1850700
2021-04-15,155.52999877929688,155.97000122070312,153.77999877929688,154.36000061035156,138.81031799316406,1181300
2021-04-16,154.6699981689453,156.4600067138672,154.6699981689453,155.9499969482422,140.2401885986328,1315500
2021-04-19,156.5800018310547,157.9600067138672,153.57000732421875,154.3800048828125,138.82830810546875,1123100
2021-04-20,154.92999267578125,157.39999389648438,153.83999633789062,155.72999572753906,140.04234313964844,1840900
2021-04-21,156.27999877929688,157.75999450683594,156.02999877929688,157.3800048828125,141.52609252929688,859600
2021-04-22,156.7100067138672,157.32000732421875,154.30999755859375,155.8699951171875,140.16819763183594,1446000
2021-04-23,156.5399932861328,158.33999633789062,156.00999450683594,157.83999633789062,141.9397735595703,1079600
2021-04-26,157.83999633789062,158.11000061035156,155.42999267578125,155.72999572753906,140.04234313964844,1033200
2021-04-27,155.7100067138672,156.44000244140625,154.55999755859375,155.1999969482422,139.56570434570312,1339400
2021-04-28,155.72999572753906,155.88999938964844,152.85000610351562,153.7899932861328,138.29771423339844,1167500
2021-04-29,154.75999450683594,155.82000732421875,154.32000732421875,155.6999969482422,140.01531982421875,877000
2021-04-30,155.52999877929688,156.60000610351562,153.89999389648438,154.66000366210938,139.08010864257812,952300
2021-05-03,156.11000061035156,158.0800018310547,155.7100067138672,156.58999633789062,140.81565856933594,1094300
2021-05-04,156.38999938964844,158.69000244140625,155.97000122070312,158.52999877929688,142.5602569580078,1389900
2021-05-05,158.1199951171875,159.67999267578125,156.25,159.2899932861328,143.24365234375,1453200
2021-05-06,160.0,160.85000610351562,159.16000366210938,160.5,144.3318328857422,1007600
2021-05-07,158.3000030517578,161.10000610351562,158.13999938964844,160.80999755859375,144.61058044433594,1057300
2021-05-10,161.58999633789062,162.7100067138672,161.08999633789062,161.6699981689453,145.3839111328125,1214500
2021-05-11,161.8699951171875,161.91000366210938,156.32000732421875,156.69000244140625,140.9055938720703,1180100
2021-05-12,157.66000366210938,157.6699981689453,153.66000366210938,153.75,138.26177978515625,1343300
2021-05-13,152.80999755859375,158.74000549316406,152.75,157.75999450683594,141.8677978515625,1315400
2021-05-14,157.75999450683594,160.86000061035156,157.42999267578125,160.50999450683594,144.3407745361328,1001200
2021-05-17,159.36000061035156,160.69000244140625,158.9600067138672,160.25,144.10696411132812,938000
2021-05-18,159.60000610351562,159.63999938964844,157.1999969482422,157.2899932861328,141.44515991210938,1377500
2021-05-19,156.77000427246094,157.36000061035156,154.11000061035156,157.0,141.1843719482422,1332700
2021-05-20,157.2100067138672,159.63999938964844,156.50999450683594,158.80999755859375,142.81201171875,1067100
2021-05-21,159.08999633789062,160.9499969482422,158.3300018310547,159.0800018310547,143.0548553466797,907000
2021-05-24,159.39999389648438,160.1999969482422,158.2899932861328,158.72999572753906,142.74008178710938,890800
2021-05-25,158.83999633789062,159.5,156.0800018310547,156.5500030517578,140.77972412109375,1238600
2021-05-26,157.0,157.83999633789062,156.5800018310547,157.13999938964844,141.3102569580078,1014000
2021-05-27,158.27999877929688,159.47999572753906,157.72999572753906,159.35000610351562,143.29766845703125,2438800
2021-05-28,160.39999389648438,160.39999389648438,158.9600067138672,159.6999969482422,143.61236572265625,963300
2021-06-01,161.1199951171875,161.99000549316406,160.25999450683594,160.88999938964844,144.68251037597656,901300
2021-06-02,161.67999267578125,161.74000549316406,159.88999938964844,160.1999969482422,144.06202697753906,976000
2021-06-03,159.91000366210938,162.25,158.9499969482422,161.0,144.78140258789062,812500
2021-06-04,160.5800018310547,161.0,159.0500030517578,160.0,143.8821258544922,960000
2021-06-07,160.42999267578125,160.42999267578125,157.63999938964844,157.75999450683594,141.8677978515625,980500
2021-06-08,157.19000244140625,157.92999267578125,155.8300018310547,157.5399932861328,141.66995239257812,988300
2021-06-09,156.07000732421875,156.25999450683594,154.5,154.74000549316406,139.93368530273438,1099900
2021-06-10,155.6300048828125,155.88999938964844,153.92999267578125,154.02000427246094,139.2825927734375,900500
2021-06-11,153.89999389648438,155.82000732421875,153.89999389648438,154.47999572753906,139.69857788085938,933700
2021-06-14,154.25,154.39999389648438,152.5800018310547,153.25,138.58627319335938,880600
2021-06-15,153.8699951171875,155.4199981689453,152.69000244140625,154.6199951171875,139.82518005371094,864500
2021-06-16,153.89999389648438,155.19000244140625,152.67999267578125,152.7899932861328,138.1702423095703,1156200
2021-06-17,153.24000549316406,153.57000732421875,148.60000610351562,148.8699951171875,134.62538146972656,1108900
2021-06-18,146.83999633789062,147.52000427246094,144.44000244140625,144.75999450683594,130.9086151123047,3109200
2021-06-21,146.3699951171875,149.0,145.80999755859375,148.64999389648438,134.4263916015625,931100
2021-06-22,148.52999877929688,149.19000244140625,147.13999938964844,148.3000030517578,134.10992431640625,727500
2021-06-23,148.83999633789062,148.9499969482422,147.8300018310547,147.89999389648438,133.74815368652344,649600
2021-06-24,148.89999389648438,150.5,148.2899932861328,149.97000122070312,135.62010192871094,1026900
2021-06-25,150.7100067138672,151.9600067138672,150.10000610351562,151.72000122070312,137.20265197753906,1239700
2021-06-28,151.2100067138672,151.35000610351562,148.74000549316406,149.4499969482422,135.1498565673828,873300
2021-06-29,150.2899932861328,151.0,148.89999389648438,149.52000427246094,135.21315002441406,701400
2021-06-30,149.13999938964844,150.1699981689453,148.89999389648438,149.7100067138672,135.385009765625,996900
2021-07-01,150.0,152.17999267578125,149.25,151.8300018310547,137.30213928222656,855900
2021-07-02,150.8000030517578,151.61000061035156,150.4600067138672,151.22999572753906,136.75958251953125,662000
2021-07-06,151.1699981689453,151.63999938964844,148.3699951171875,150.83999633789062,136.40682983398438,1006500
2021-07-07,150.07000732421875,152.5,149.5,152.19000244140625,137.62767028808594,801000
2021-07-08,150.13999938964844,151.0399932861328,147.91000366210938,148.52000427246094,134.308837890625,1346500
2021-07-09,151.07000732421875,153.3800048828125,150.38999938964844,153.3300018310547,138.65858459472656,988200
2021-07-12,154.14999389648438,154.61000061035156,152.72000122070312,154.08999633789062,139.3458709716797,1076400
2021-07-13,153.57000732421875,154.67999267578125,152.67999267578125,152.99000549316406,138.35118103027344,1066400
2021-07-14,153.35000610351562,154.77999877929688,152.80999755859375,154.52999877929688,139.74378967285156,1436600
2021-07-15,152.7100067138672,155.75,152.4499969482422,155.5800018310547,140.69332885742188,1358700
2021-07-16,156.07000732421875,156.9499969482422,154.77999877929688,156.38999938964844,141.42584228515625,1387700
2021-07-19,153.92999267578125,155.10000610351562,149.72000122070312,151.25999450683594,136.7866668701172,1947800
2021-07-20,151.30999755859375,154.41000366210938,148.0399932861328,151.08999633789062,136.63294982910156,2367600
2021-07-21,152.36000061035156,154.5,151.55999755859375,151.83999633789062,137.31118774414062,1307600
2021-07-22,148.0,149.77000427246094,147.1999969482422,147.75999450683594,133.62156677246094,1540600
2021-07-23,148.92999267578125,150.1300048828125,146.75999450683594,147.8699951171875,133.72105407714844,1181400
2021-07-26,147.97999572753906,149.8800048828125,147.7899932861328,148.82000732421875,134.58016967773438,1320200
2021-07-27,148.1199951171875,150.1199951171875,147.5500030517578,149.3800048828125,135.08656311035156,861300
2021-07-28,149.83999633789062,150.25,146.07000732421875,146.82000732421875,132.7715301513672,1427800
2021-07-29,147.4499969482422,149.0,145.97999572753906,148.8800048828125,134.6343994140625,1221700
2021-07-30,148.75999450683594,150.5500030517578,148.32000732421875,148.9199981689453,134.67054748535156,984100
2021-08-02,149.82000732421875,151.8000030517578,148.67999267578125,148.9499969482422,134.69769287109375,898600
2021-08-03,149.0800018310547,150.4600067138672,147.5,150.38999938964844,135.9999237060547,890000
2021-08-04,149.97999572753906,150.6300048828125,149.25999450683594,149.52000427246094,135.21315002441406,863500
2021-08-05,150.3800048828125,151.5399932861328,149.42999267578125,150.5800018310547,136.17172241210938,716800
2021-08-06,151.86000061035156,153.3800048828125,151.52999877929688,152.82000732421875,138.19740295410156,634100
2021-08-09,152.88999938964844,153.91000366210938,152.0800018310547,153.3699951171875,138.69479370117188,680000
2021-08-10,153.1199951171875,155.16000366210938,153.02000427246094,154.22000122070312,139.46343994140625,852000
2021-08-11,154.88999938964844,156.27999877929688,154.38999938964844,156.2100067138672,141.26300048828125,757700
2021-08-12,157.0,157.1199951171875,155.30999755859375,156.49000549316406,141.51625061035156,722800
2021-08-13,156.63999938964844,157.10000610351562,155.6699981689453,156.30999755859375,141.35345458984375,594400
2021-08-16,156.30999755859375,157.94000244140625,155.47999572753906,157.74000549316406,142.64666748046875,980300
2021-08-17,157.5800018310547,159.3800048828125,157.3300018310547,158.89999389648438,143.69558715820312,875600
2021-08-18,157.97999572753906,160.47999572753906,157.66000366210938,158.72000122070312,143.5328369140625,1290700
2021-08-19,158.32000732421875,161.0500030517578,158.08999633789062,159.47999572753906,144.22012329101562,1105000
2021-08-20,159.25,162.1999969482422,158.80999755859375,160.83999633789062,145.45001220703125,978500
2021-08-23,161.50999450683594,162.3300018310547,159.8300018310547,159.89999389648438,144.59999084472656,622700
2021-08-24,160.16000366210938,161.0500030517578,159.77000427246094,160.63999938964844,145.26919555664062,791300
2021-08-25,160.77000427246094,163.2899932861328,160.39999389648438,162.5800018310547,147.02349853515625,1034600
2021-08-26,162.5,162.77999877929688,159.94000244140625,159.97000122070312,144.6632537841797,734100
2021-08-27,160.16000366210938,162.27000427246094,160.16000366210938,162.08999633789062,146.5803985595703,608000
2021-08-30,161.74000549316406,161.74000549316406,159.42999267578125,159.44000244140625,144.18397521972656,460700
2021-08-31,158.85000610351562,160.8000030517578,158.7100067138672,159.7100067138672,144.42813110351562,1568700
2021-09-01,159.42999267578125,160.22999572753906,158.2100067138672,159.27999877929688,144.039306640625,1133800
2021-09-02,159.72000122070312,160.10000610351562,158.25,159.97000122070312,144.6632537841797,912700
2021-09-03,159.22999572753906,159.9499969482422,158.39999389648438,159.1699981689453,143.93980407714844,698900
2021-09-07,158.9499969482422,159.4600067138672,156.64999389648438,157.8000030517578,142.70086669921875,1032200
2021-09-08,157.39999389648438,159.8300018310547,156.9600067138672,158.74000549316406,143.55096435546875,1328600
2021-09-09,158.00999450683594,159.6199951171875,157.38999938964844,157.9600067138672,143.6418914794922,1161800
2021-09-10,158.72999572753906,158.89999389648438,156.32000732421875,156.36000061035156,142.18692016601562,920500
2021-09-13,156.97999572753906,159.02999877929688,156.07000732421875,158.89999389648438,144.49668884277344,1225300
2021-09-14,159.19000244140625,159.32000732421875,155.88999938964844,156.35000610351562,142.17782592773438,1186700
2021-09-15,156.77999877929688,157.82000732421875,155.7100067138672,157.5800018310547,143.2963104248047,1401300
2021-09-16,157.55999755859375,158.02000427246094,155.5,156.6699981689453,142.46881103515625,1238300
2021-09-17,156.58999633789062,157.83999633789062,155.64999389648438,156.2899932861328,142.12326049804688,2654900
2021-09-20,153.1999969482422,154.07000732421875,150.58999633789062,152.66000366210938,138.82229614257812,1958000
2021-09-21,153.19000244140625,154.22000122070312,151.67999267578125,152.97000122070312,139.10423278808594,1212700
2021-09-22,154.10000610351562,155.5800018310547,153.27999877929688,154.3800048828125,140.38638305664062,1440800
2021-09-23,155.57000732421875,157.3699951171875,155.4600067138672,156.02000427246094,141.87774658203125,821900
2021-09-24,155.97000122070312,156.77999877929688,155.47999572753906,156.4600067138672,142.27783203125,833600
2021-09-27,157.69000244140625,158.14999389648438,156.1699981689453,156.2899932861328,142.12326049804688,1106300
2021-09-28,156.36000061035156,157.1199951171875,153.17999267578125,153.49000549316406,139.57708740234375,951300
2021-09-29,152.8699951171875,155.6300048828125,152.2899932861328,154.8800048828125,140.84109497070312,856800
2021-09-30,155.52000427246094,156.35000610351562,151.97999572753906,152.00999450683594,138.2312469482422,1095300
2021-10-01,152.41000366210938,153.85000610351562,150.2899932861328,152.4199981689453,138.6040496826172,1145600
2021-10-04,151.30999755859375,153.64999389648438,150.25999450683594,151.3800048828125,137.65830993652344,1310100
2021-10-05,152.82000732421875,154.17999267578125,150.83999633789062,153.60000610351562,139.6770782470703,1144500
2021-10-06,152.6999969482422,155.14999389648438,150.5,155.08999633789062,141.03201293945312,1200800
2021-10-07,156.6699981689453,158.16000366210938,155.97999572753906,157.24000549316406,142.98715209960938,1359400
2021-10-08,157.35000610351562,158.4499969482422,156.3699951171875,157.3300018310547,143.06903076171875,989900
2021-10-11,157.3000030517578,158.74000549316406,156.17999267578125,156.22999572753906,142.0687255859375,796900
2021-10-12,156.1199951171875,158.08999633789062,155.52000427246094,156.47999572753906,142.29600524902344,1402000
2021-10-13,156.35000610351562,156.74000549316406,153.55999755859375,156.38999938964844,142.2142333984375,1203700
2021-10-14,156.63999938964844,157.8300018310547,156.07000732421875,156.69000244140625,142.4869842529297,1346400
2021-10-15,157.16000366210938,158.4600067138672,155.55999755859375,155.63999938964844,141.5321807861328,1040300
2021-10-18,154.4199981689453,154.6999969482422,152.16000366210938,152.8800048828125,139.02235412597656,1599300
2021-10-19,156.2100067138672,158.27000427246094,154.88999938964844,155.38999938964844,141.30484008789062,2380200
2021-10-20,155.80999755859375,159.5,155.66000366210938,158.69000244140625,144.3057403564453,1548300
2021-10-21,158.1699981689453,160.72000122070312,158.1699981689453,160.19000244140625,145.6697235107422,1464500
2021-10-22,160.88999938964844,163.16000366210938,160.8000030517578,162.3699951171875,147.65211486816406,1362800
2021-10-25,162.0,162.4600067138672,160.8699951171875,161.5800018310547,146.93374633789062,1041200
2021-10-26,161.77000427246094,162.4199981689453,160.36000061035156,160.42999267578125,145.8879852294922,847700
2021-10-27,160.74000549316406,162.11000061035156,159.72999572753906,159.77999877929688,145.296875,1217200
2021-10-28,160.22000122070312,162.4499969482422,160.05999755859375,161.57000732421875,146.9246826171875,1260000
2021-10-29,162.1300048828125,162.44000244140625,160.66000366210938,160.8800048828125,146.2971649169922,1314100
2021-11-01,161.25,162.3699951171875,159.07000732421875,160.11000061035156,145.59698486328125,1077500
2021-11-02,161.13999938964844,161.69000244140625,158.75,158.82000732421875,144.42391967773438,994500
2021-11-03,158.22000122070312,161.25,158.22000122070312,160.25,145.72430419921875,1728700
2021-11-04,160.25,160.3699951171875,156.1199951171875,156.5,142.3142547607422,1526200
2021-11-05,157.74000549316406,160.42999267578125,156.92999267578125,159.60000610351562,145.1332244873047,1506200
2021-11-08,160.2100067138672,160.8800048828125,158.61000061035156,158.6999969482422,144.31478881835938,937400
2021-11-09,158.1199951171875,159.0,157.27000427246094,157.39999389648438,143.13265991210938,1000700
2021-11-10,157.67999267578125,160.5800018310547,157.3300018310547,158.22000122070312,143.87828063964844,909800
2021-11-11,157.6999969482422,158.2899932861328,157.24000549316406,157.8300018310547,143.523681640625,856000
2021-11-12,157.97999572753906,158.4499969482422,156.94000244140625,157.4199981689453,143.15081787109375,985900
2021-11-15,158.00999450683594,159.08999633789062,157.3800048828125,158.05999755859375,143.7328338623047,1170000
2021-11-16,158.63999938964844,160.32000732421875,158.4600067138672,158.99000549316406,144.57855224609375,1452200
2021-11-17,158.5500030517578,158.5500030517578,156.16000366210938,156.4199981689453,142.2415313720703,1594400
2021-11-18,156.8000030517578,157.80999755859375,155.94000244140625,156.02999877929688,141.88681030273438,2103800
2021-11-19,155.2100067138672,155.3699951171875,152.47000122070312,152.52999877929688,138.70407104492188,1619800
2021-11-22,153.11000061035156,158.10000610351562,152.17999267578125,156.8699951171875,142.6506805419922,2021000
2021-11-23,158.5399932861328,161.47000122070312,157.52999877929688,160.25999450683594,145.73341369628906,1441800
2021-11-24,160.1699981689453,160.80999755859375,158.86000061035156,158.97000122070312,144.5603485107422,1139700
2021-11-26,154.39999389648438,155.1300048828125,151.55999755859375,153.66000366210938,139.731689453125,1262500
2021-11-29,155.3300018310547,155.3300018310547,151.80999755859375,152.39999389648438,138.58587646484375,1468100
2021-11-30,150.52000427246094,150.97999572753906,146.5399932861328,146.9499969482422,133.62986755371094,3522700
2021-12-01,149.77000427246094,151.27000427246094,145.39999389648438,145.47999572753906,132.2931365966797,1624800
2021-12-02,146.6999969482422,150.77000427246094,146.27000427246094,150.16000366210938,136.5489044189453,1413500
2021-12-03,150.02000427246094,150.9499969482422,147.6999969482422,149.16000366210938,135.63955688476562,1380500
2021-12-06,150.42999267578125,153.02000427246094,150.33999633789062,151.82000732421875,138.05845642089844,1717600
2021-12-07,152.33999633789062,153.49000549316406,151.8000030517578,153.08999633789062,139.2133026123047,1175800
2021-12-08,153.3000030517578,154.49000549316406,152.5500030517578,153.67999267578125,139.7498321533203,1144600
2021-12-09,152.67999267578125,154.47999572753906,151.94000244140625,153.49000549316406,140.3809356689453,1064700
2021-12-10,154.52000427246094,154.80999755859375,153.36000061035156,154.25,141.07598876953125,940100
2021-12-13,154.38999938964844,154.4600067138672,152.47000122070312,153.17999267578125,140.09738159179688,1106100
2021-12-14,153.47000122070312,158.22000122070312,153.2100067138672,156.72999572753906,143.3441619873047,2033100
2021-12-15,156.83999633789062,159.05999755859375,155.35000610351562,158.3699951171875,144.8441162109375,1648900
2021-12-16,160.02999877929688,163.0,159.08999633789062,162.02000427246094,148.182373046875,2574800
2021-12-17,161.82000732421875,161.82000732421875,158.02000427246094,158.19000244140625,144.6794891357422,3434600
2021-12-20,156.2899932861328,156.44000244140625,151.97000122070312,153.52999877929688,140.41749572753906,1811800
2021-12-21,154.4600067138672,157.22000122070312,154.4600067138672,155.52000427246094,142.23753356933594,1029800
2021-12-22,155.47999572753906,156.0399932861328,154.4600067138672,154.69000244140625,141.4783935546875,951700
2021-12-23,154.99000549316406,156.17999267578125,154.49000549316406,154.64999389648438,141.4418182373047,1715000
2021-12-27,154.50999450683594,156.10000610351562,153.44000244140625,156.0399932861328,142.713134765625,655100
2021-12-28,156.02999877929688,157.74000549316406,156.02999877929688,157.1199951171875,143.70086669921875,914500
2021-12-29,157.64999389648438,158.0,157.1199951171875,157.5,144.04844665527344,683400
2021-12-30,157.86000061035156,158.4199981689453,156.7100067138672,156.80999755859375,143.4173583984375,420400
2021-12-31,156.52999877929688,157.11000061035156,156.11000061035156,156.42999267578125,143.06979370117188,682400
2022-01-03,156.9199981689453,157.24000549316406,154.92999267578125,155.75,142.44789123535156,1103400
2022-01-04,157.5500030517578,160.36000061035156,157.2100067138672,159.0,145.42031860351562,1684600
2022-01-05,160.5,161.61000061035156,159.72999572753906,159.77000427246094,146.12454223632812,1838400
2022-01-06,163.22999572753906,163.27999877929688,161.72000122070312,162.3300018310547,148.46595764160156,1390200
2022-01-07,162.25999450683594,166.67999267578125,161.49000549316406,166.24000549316406,152.0419921875,1699600
2022-01-10,167.6199951171875,168.30999755859375,162.92999267578125,164.05999755859375,150.04815673828125,1142100
2022-01-11,164.7100067138672,164.83999633789062,160.44000244140625,163.16000366210938,149.22503662109375,1194300
2022-01-12,163.3300018310547,164.17999267578125,162.02999877929688,162.97000122070312,149.05125427246094,1060600
2022-01-13,163.41000366210938,164.7100067138672,162.5500030517578,163.0500030517578,149.1244354248047,864800
2022-01-14,162.50999450683594,163.50999450683594,161.19000244140625,163.2100067138672,149.27073669433594,1263200
2022-01-18,163.52000427246094,164.39999389648438,161.47999572753906,163.57000732421875,149.59999084472656,1806700
2022-01-19,164.72999572753906,164.72999572753906,160.07000732421875,160.07000732421875,146.39892578125,1467000
2022-01-20,162.44000244140625,169.49000549316406,162.0,165.17999267578125,151.072509765625,2831900
2022-01-21,165.3300018310547,167.0800018310547,162.25999450683594,162.61000061035156,148.72203063964844,2190000
2022-01-24,162.0,169.25,160.91000366210938,168.8300018310547,154.41075134277344,3233800
2022-01-25,168.58999633789062,169.57000732421875,163.77999877929688,168.60000610351562,154.20042419433594,2210400
2022-01-26,168.33999633789062,169.49000549316406,166.32000732421875,167.86000061035156,153.52362060546875,2194100
2022-01-27,168.80999755859375,171.4600067138672,164.60000610351562,165.66000366210938,151.5115203857422,2161800
2022-01-28,166.08999633789062,166.83999633789062,163.4199981689453,166.82000732421875,152.57244873046875,1233500
2022-01-31,164.8800048828125,166.33999633789062,163.72999572753906,166.17999267578125,151.98707580566406,1404100
2022-02-01,166.47999572753906,168.32000732421875,165.35000610351562,167.99000549316406,153.64251708984375,1290300
2022-02-02,168.05999755859375,173.11000061035156,167.72999572753906,172.72000122070312,157.96853637695312,1827600
2022-02-03,173.1999969482422,173.8300018310547,171.7899932861328,172.07000732421875,157.37405395507812,1280200
2022-02-04,172.36000061035156,173.47000122070312,171.17999267578125,171.89999389648438,157.21853637695312,1615900
2022-02-07,171.69000244140625,172.55999755859375,169.22999572753906,171.3300018310547,156.69728088378906,1635000
2022-02-08,172.67999267578125,173.4499969482422,171.08999633789062,172.5,157.76734924316406,2331500
2022-02-09,173.0500030517578,174.25999450683594,172.25,172.72999572753906,157.97767639160156,1512500
2022-02-10,172.72999572753906,174.5500030517578,171.94000244140625,172.42999267578125,157.7033233642578,1587100
2022-02-11,171.69000244140625,173.9499969482422,170.88999938964844,171.75999450683594,157.09054565429688,1460300
2022-02-14,172.7100067138672,173.38999938964844,168.8000030517578,170.77000427246094,156.18508911132812,1673400
2022-02-15,171.22999572753906,172.57000732421875,170.77000427246094,171.60000610351562,156.94418334960938,1174800
2022-02-16,170.89999389648438,173.17999267578125,170.8300018310547,172.27000427246094,157.55697631835938,1224600
2022-02-17,171.30999755859375,171.6699981689453,168.9499969482422,170.58999633789062,156.02044677734375,1126400
2022-02-18,169.4600067138672,172.00999450683594,169.4499969482422,170.6300048828125,156.05703735351562,1166400
2022-02-22,170.6199951171875,172.0500030517578,169.52000427246094,171.0800018310547,156.46859741210938,1835900
2022-02-23,171.61000061035156,172.97000122070312,170.02000427246094,170.13999938964844,155.60887145996094,1374100
2022-02-24,166.25,166.7899932861328,162.8000030517578,166.5,152.27978515625,2460900
2022-02-25,167.44000244140625,173.49000549316406,167.0500030517578,173.44000244140625,158.62705993652344,1508100
2022-02-28,167.5500030517578,172.05999755859375,167.5500030517578,171.8300018310547,157.15452575683594,1866600
2022-03-01,171.99000549316406,172.02999877929688,166.61000061035156,167.82000732421875,153.487060546875,1677800
2022-03-02,168.80999755859375,174.6199951171875,168.69000244140625,173.67999267578125,158.8465576171875,1441700
2022-03-03,173.75999450683594,174.89999389648438,172.00999450683594,173.60000610351562,158.77337646484375,1170900
2022-03-04,171.2100067138672,173.9600067138672,169.50999450683594,173.39999389648438,158.5904541015625,1156800
2022-03-07,171.80999755859375,172.66000366210938,169.74000549316406,169.7899932861328,155.28878784179688,1394800
2022-03-08,170.57000732421875,172.82000732421875,168.27999877929688,168.4499969482422,154.06321716308594,1510300
2022-03-09,170.8699951171875,172.9499969482422,170.41000366210938,171.3699951171875,157.55691528320312,1358900
2022-03-10,169.3300018310547,172.27000427246094,169.1999969482422,171.88999938964844,158.03501892089844,1445900
2022-03-11,173.58999633789062,175.9499969482422,173.44000244140625,173.72999572753906,159.7267303466797,1391700
2022-03-14,175.5800018310547,178.61000061035156,175.27999877929688,177.17999267578125,162.89862060546875,1945600
2022-03-15,178.24000549316406,180.66000366210938,177.14999389648438,180.19000244140625,165.6659698486328,1730500
2022-03-16,180.66000366210938,181.1699981689453,176.67999267578125,179.2899932861328,164.83853149414062,1923200
2022-03-17,178.8800048828125,181.10000610351562,176.4600067138672,181.02999877929688,166.4383087158203,1641900
2022-03-18,180.47999572753906,180.47999572753906,177.27999877929688,180.30999755859375,165.77630615234375,3953800
2022-03-21,181.4499969482422,183.4600067138672,181.11000061035156,182.5399932861328,167.82656860351562,1383900
2022-03-22,183.8699951171875,184.39999389648438,181.4600067138672,182.6999969482422,167.97369384765625,1423000
2022-03-23,182.52000427246094,183.8300018310547,181.52999877929688,181.6199951171875,166.98072814941406,937500
2022-03-24,182.1300048828125,184.36000061035156,181.25999450683594,184.22000122070312,169.37118530273438,959100
2022-03-25,184.19000244140625,187.77999877929688,184.0399932861328,187.75,172.6166229248047,855600
2022-03-28,187.97999572753906,187.97999572753906,185.55999755859375,186.75999450683594,171.7064208984375,593600
2022-03-29,187.60000610351562,187.61000061035156,182.74000549316406,183.80999755859375,168.99420166015625,1369900
2022-03-30,183.75999450683594,185.57000732421875,183.0800018310547,185.5500030517578,170.59396362304688,959100
2022-03-31,185.9600067138672,186.52000427246094,182.7100067138672,182.72999572753906,168.0012664794922,1178100
2022-04-01,184.41000366210938,185.4499969482422,182.58999633789062,185.25,170.3181610107422,1079800
2022-04-04,185.0,185.0,181.50999450683594,181.82000732421875,167.1646270751953,1026200
2022-04-05,182.4499969482422,184.58999633789062,180.9499969482422,181.38999938964844,166.769287109375,835400
2022-04-06,180.30999755859375,183.9600067138672,180.22000122070312,182.5800018310547,167.86334228515625,1021500
2022-04-07,182.25,182.8000030517578,180.0800018310547,182.08999633789062,167.41285705566406,874800
2022-04-08,183.74000549316406,185.22000122070312,182.16000366210938,184.86000061035156,169.9595947265625,1120600
2022-04-11,185.9199981689453,187.58999633789062,185.27999877929688,185.63999938964844,170.6767120361328,1219500
2022-04-12,184.5500030517578,187.02000427246094,184.41000366210938,184.94000244140625,170.03311157226562,1116700
2022-04-13,184.82000732421875,185.91000366210938,181.7100067138672,183.7100067138672,168.9022979736328,847300
2022-04-14,183.7899932861328,185.00999450683594,183.4499969482422,184.24000549316406,169.3895263671875,992100
2022-04-18,184.64999389648438,186.0800018310547,184.25,185.22000122070312,170.2905731201172,1351500
2022-04-19,182.10000610351562,183.52000427246094,174.50999450683594,176.16000366210938,161.9608612060547,2750300
2022-04-20,176.89999389648438,177.99000549316406,174.1699981689453,177.7100067138672,163.38589477539062,2340300
2022-04-21,179.3800048828125,179.77000427246094,175.9600067138672,176.25999450683594,162.05271911621094,1846800
2022-04-22,175.75,175.75,172.91000366210938,173.11000061035156,159.15670776367188,1541400
2022-04-25,172.4499969482422,174.94000244140625,170.6300048828125,174.44000244140625,160.37945556640625,1502600
2022-04-26,173.8300018310547,175.7899932861328,172.58999633789062,172.66000366210938,158.74295043945312,1807100
2022-04-27,173.83999633789062,174.9600067138672,171.63999938964844,173.5500030517578,159.56117248535156,1827500
2022-04-28,175.0,175.0,172.17999267578125,174.5,160.4346466064453,1020700
2022-04-29,173.94000244140625,174.25,170.66000366210938,171.05999755859375,157.2718963623047,1329700
2022-05-02,171.47000122070312,172.4499969482422,167.63999938964844,170.08999633789062,156.38006591796875,1496600
2022-05-03,170.1699981689453,173.38999938964844,170.02999877929688,171.75999450683594,157.9154815673828,1077600
2022-05-04,171.63999938964844,175.55999755859375,171.44000244140625,175.4499969482422,161.3080596923828,1474100
2022-05-05,175.42999267578125,175.42999267578125,170.9600067138672,172.00999450683594,158.1453399658203,1486400
2022-05-06,172.6300048828125,172.6300048828125,170.19000244140625,171.63999938964844,157.80516052246094,1216700
2022-05-09,170.92999267578125,173.55999755859375,170.44000244140625,171.9199981689453,158.06260681152344,2043500
2022-05-10,173.2100067138672,175.27999877929688,171.44000244140625,172.99000549316406,159.04638671875,1468300
2022-05-11,173.0500030517578,175.57000732421875,172.3000030517578,172.3800048828125,158.48550415039062,1170000
2022-05-12,173.41000366210938,173.66000366210938,171.22999572753906,173.3699951171875,159.3957061767578,1315300
2022-05-13,173.7100067138672,174.22999572753906,171.3699951171875,172.77999877929688,158.853271484375,1189700
2022-05-16,173.0,175.52999877929688,172.83999633789062,174.5,160.4346466064453,1259000
2022-05-17,175.49000549316406,177.6300048828125,174.27000427246094,177.38999938964844,163.09169006347656,1300800
2022-05-18,176.82000732421875,177.11000061035156,173.9499969482422,174.32000732421875,160.26914978027344,1094300
2022-05-19,172.92999267578125,173.5,167.33999633789062,169.3000030517578,155.65379333496094,1110900
2022-05-20,169.58999633789062,170.33999633789062,166.30999755859375,168.24000549316406,154.6792449951172,1959700
2022-05-23,170.25,172.85000610351562,168.9600067138672,172.10000610351562,158.22811889648438,1453600
2022-05-24,172.22000122070312,174.27000427246094,169.16000366210938,173.91000366210938,159.8922119140625,1008100
2022-05-25,172.38999938964844,174.19000244140625,172.38999938964844,173.58999633789062,159.59799194335938,1192300
2022-05-26,174.32000732421875,175.49000549316406,173.80999755859375,174.8699951171875,160.77481079101562,943100
2022-05-27,174.97999572753906,177.85000610351562,174.05999755859375,177.8300018310547,163.49624633789062,943400
2022-05-31,177.11000061035156,179.9600067138672,175.75,179.0399932861328,164.6087188720703,1948400
2022-06-01,178.02999877929688,178.6999969482422,174.99000549316406,176.2899932861328,162.080322265625,1084600
2022-06-02,176.94000244140625,178.1999969482422,173.82000732421875,178.05999755859375,163.7076873779297,868900
2022-06-03,175.4600067138672,176.88999938964844,173.69000244140625,174.19000244140625,160.14962768554688,1141200
2022-06-06,175.07000732421875,177.41000366210938,174.27999877929688,176.97999572753906,162.7147216796875,753300
2022-06-07,176.75999450683594,178.72999572753906,175.6699981689453,178.63999938964844,164.24093627929688,944500
2022-06-08,177.5500030517578,178.11000061035156,175.32000732421875,175.97000122070312,161.7861328125,669700
2022-06-09,175.89999389648438,175.89999389648438,171.4600067138672,171.52999877929688,158.54193115234375,809700
2022-06-10,168.9499969482422,170.80999755859375,168.0800018310547,169.3000030517578,156.48077392578125,1182000
2022-06-13,167.1199951171875,171.1300048828125,166.7899932861328,167.7100067138672,155.01116943359375,1784800
2022-06-14,169.0500030517578,169.32000732421875,165.0500030517578,166.30999755859375,153.71714782714844,1318700
2022-06-15,167.5,168.9600067138672,163.55999755859375,165.5399932861328,153.00546264648438,1374600
2022-06-16,163.25999450683594,163.66000366210938,160.8699951171875,161.3800048828125,149.16049194335938,1451100
2022-06-17,161.0399932861328,162.58999633789062,160.24000549316406,161.8800048828125,149.6226043701172,2366800
2022-06-21,164.72999572753906,164.72999572753906,161.25,162.6300048828125,150.31581115722656,1136900
2022-06-22,160.8699951171875,164.3699951171875,160.35000610351562,163.14999389648438,150.79644775390625,997300
2022-06-23,162.75999450683594,163.77999877929688,158.35000610351562,159.77000427246094,147.67237854003906,1278700
2022-06-24,160.25,167.08999633789062,160.25,166.72000122070312,154.09613037109375,1296800
2022-06-27,167.3300018310547,168.22999572753906,166.3800048828125,167.49000549316406,154.80784606933594,762100
2022-06-28,168.42999267578125,170.64999389648438,167.4199981689453,167.47000122070312,154.78932189941406,1061700
2022-06-29,167.97999572753906,168.4499969482422,165.52999877929688,165.8000030517578,153.2457733154297,719800
2022-06-30,164.61000061035156,169.5,163.66000366210938,169.1300048828125,156.3236541748047,1336100
2022-07-01,168.82000732421875,171.9600067138672,167.4499969482422,171.17999267578125,158.21841430664062,1033400
2022-07-05,169.02000427246094,169.02000427246094,163.92999267578125,167.1999969482422,154.53977966308594,1028000
2022-07-06,166.77999877929688,171.35000610351562,166.7100067138672,169.89999389648438,157.03529357910156,1366800
2022-07-07,172.0,173.2100067138672,169.4199981689453,169.6300048828125,156.7858123779297,1155100
2022-07-08,170.33999633789062,171.1199951171875,168.9199981689453,169.0,156.2034912109375,689900
2022-07-11,168.1300048828125,170.4199981689453,168.08999633789062,168.52000427246094,155.75982666015625,883100
2022-07-12,167.17999267578125,169.08999633789062,164.7899932861328,165.27999877929688,152.76516723632812,1032100
2022-07-13,164.41000366210938,165.47999572753906,162.77000427246094,163.32000732421875,150.95358276367188,1022300
2022-07-14,159.38999938964844,160.02999877929688,155.30999755859375,155.67999267578125,143.89207458496094,1654500
2022-07-15,157.1300048828125,158.1199951171875,155.50999450683594,156.17999267578125,144.3542022705078,1562000
2022-07-18,157.24000549316406,157.91000366210938,154.57000732421875,154.99000549316406,143.2543182373047,1098000
2022-07-19,156.36000061035156,158.5800018310547,155.82000732421875,158.35000610351562,146.35992431640625,1288300
2022-07-20,158.42999267578125,158.6300048828125,156.36000061035156,158.1999969482422,146.22125244140625,1271800
2022-07-21,157.17999267578125,159.39999389648438,152.1699981689453,156.8300018310547,144.9550018310547,2080700
2022-07-22,157.13999938964844,158.2100067138672,155.47999572753906,156.4199981689453,144.5760498046875,880900
2022-07-25,158.49000549316406,160.50999450683594,157.57000732421875,159.97999572753906,147.86648559570312,1176300
2022-07-26,159.75999450683594,160.9600067138672,159.3300018310547,160.86000061035156,148.67987060546875,1107500
2022-07-27,161.32000732421875,161.66000366210938,157.25999450683594,158.9600067138672,146.9237060546875,1456300
2022-07-28,158.64999389648438,158.88999938964844,152.11000061035156,155.74000549316406,143.9475555419922,1458700
2022-07-29,156.0500030517578,158.8800048828125,156.0500030517578,158.6999969482422,146.68341064453125,1361100
2022-08-01,157.92999267578125,158.19000244140625,155.14999389648438,156.27000427246094,144.43734741210938,1263300
2022-08-02,156.6199951171875,159.64999389648438,155.99000549316406,156.7100067138672,144.8440704345703,1656900
2022-08-03,157.44000244140625,158.52999877929688,155.4499969482422,158.1199951171875,146.14730834960938,1142600
2022-08-04,157.6199951171875,159.55999755859375,156.88999938964844,157.6999969482422,145.75909423828125,968200
2022-08-05,158.27000427246094,159.5399932861328,157.97000122070312,158.9600067138672,146.9237060546875,882300
2022-08-08,160.0,161.9199981689453,159.6999969482422,159.97999572753906,147.86648559570312,915600
2022-08-09,161.35000610351562,163.57000732421875,160.47999572753906,162.9199981689453,150.5838623046875,1022300
2022-08-10,164.38999938964844,165.38999938964844,163.91000366210938,165.00999450683594,152.51560974121094,1128800
2022-08-11,166.0,169.5500030517578,166.0,168.80999755859375,156.0278778076172,1301900
2022-08-12,169.3300018310547,171.6300048828125,169.30999755859375,171.55999755859375,158.56964111328125,867400
2022-08-15,170.08999633789062,172.3800048828125,169.2899932861328,172.16000366210938,159.12423706054688,793300
2022-08-16,172.57000732421875,174.1699981689453,172.27999877929688,173.52000427246094,160.38121032714844,1101500
2022-08-17,172.69000244140625,174.60000610351562,172.69000244140625,173.9600067138672,160.7879180908203,1564700
2022-08-18,174.25,174.77000427246094,172.8000030517578,174.11000061035156,160.9265899658203,890500
2022-08-19,174.05999755859375,174.6199951171875,172.30999755859375,172.63999938964844,159.56787109375,1022200
2022-08-22,171.36000061035156,171.36000061035156,168.77000427246094,169.13999938964844,156.33290100097656,949600
2022-08-23,169.7100067138672,169.9499969482422,168.02999877929688,168.2899932861328,155.54722595214844,847000
2022-08-24,167.94000244140625,168.7899932861328,167.24000549316406,168.49000549316406,155.7321014404297,723200
2022-08-25,168.72999572753906,170.05999755859375,168.0,168.97999572753906,156.18499755859375,1231300
2022-08-26,169.8699951171875,169.8699951171875,166.82000732421875,166.83999633789062,154.20704650878906,1161500
2022-08-29,165.22000122070312,166.55999755859375,163.4600067138672,165.36000061035156,152.839111328125,819600
2022-08-30,165.1699981689453,165.3000030517578,163.25999450683594,163.4600067138672,151.0830078125,953900
2022-08-31,163.6300048828125,164.1300048828125,161.6199951171875,161.63999938964844,149.40077209472656,1514300
2022-09-01,161.22000122070312,164.3000030517578,160.41000366210938,163.3000030517578,150.93507385253906,1041300
2022-09-02,164.82000732421875,166.1300048828125,161.77999877929688,162.6999969482422,150.3805389404297,1244400
2022-09-06,163.72000122070312,164.3000030517578,161.60000610351562,161.8800048828125,149.6226043701172,963500
2022-09-07,161.77000427246094,164.77000427246094,161.60000610351562,164.02000427246094,151.60057067871094,1569900
2022-09-08,162.64999389648438,165.0399932861328,161.83999633789062,164.50999450683594,152.9205322265625,1404200
2022-09-09,164.88999938964844,165.24000549316406,163.8300018310547,164.14999389648438,152.58587646484375,1572700
2022-09-12,164.82000732421875,166.22999572753906,164.25999450683594,165.3300018310547,153.68276977539062,1444500
2022-09-13,164.16000366210938,164.8800048828125,161.75999450683594,162.22000122070312,150.79183959960938,1247200
2022-09-14,162.58999633789062,163.4199981689453,161.58999633789062,163.24000549316406,151.7400360107422,1508900
2022-09-15,164.05999755859375,165.4600067138672,162.27999877929688,164.16000366210938,152.59518432617188,1275800
2022-09-16,162.0399932861328,163.32000732421875,161.2100067138672,162.3300018310547,150.89413452148438,2493400
2022-09-19,161.3000030517578,164.36000061035156,160.60000610351562,164.2899932861328,152.716064453125,1040100
2022-09-20,163.0,163.3000030517578,158.77000427246094,160.9499969482422,149.61134338378906,1367200
2022-09-21,161.17999267578125,161.7899932861328,157.0399932861328,157.05999755859375,145.99537658691406,1047100
2022-09-22,157.8300018310547,158.13999938964844,155.5399932861328,157.0,145.93960571289062,1132500
2022-09-23,155.86000061035156,156.6199951171875,153.94000244140625,155.47999572753906,144.52667236328125,952800
2022-09-26,155.55999755859375,155.82000732421875,149.64999389648438,150.60000610351562,139.99049377441406,1435200
2022-09-27,151.1699981689453,152.02000427246094,149.69000244140625,151.24000549316406,140.5854034423828,1407900
2022-09-28,151.9199981689453,153.91000366210938,151.1699981689453,152.9199981689453,142.1470489501953,1672800
2022-09-29,152.41000366210938,155.27000427246094,150.77999877929688,154.67999267578125,143.78305053710938,1456400
2022-09-30,155.0399932861328,156.4499969482422,152.94000244140625,153.1999969482422,142.40728759765625,1400200
2022-10-03,154.24000549316406,157.5399932861328,152.00999450683594,157.07000732421875,146.00466918945312,1086500
2022-10-04,157.72000122070312,161.63999938964844,157.22999572753906,161.47000122070312,150.09469604492188,1063800
2022-10-05,160.1300048828125,161.5399932861328,159.83999633789062,160.5399932861328,149.2301788330078,807300
2022-10-06,160.17999267578125,160.24000549316406,158.25999450683594,159.19000244140625,147.97531127929688,949200
2022-10-07,158.67999267578125,158.82000732421875,156.33999633789062,156.8800048828125,145.8280487060547,1058900
2022-10-10,157.6699981689453,159.13999938964844,157.27999877929688,157.47999572753906,146.38577270507812,785400
2022-10-11,156.99000549316406,161.17999267578125,156.58999633789062,159.4600067138672,148.22628784179688,1333300
2022-10-12,159.10000610351562,161.67999267578125,158.19000244140625,159.16000366210938,147.9474639892578,1222000
2022-10-13,157.25,166.55999755859375,155.72000122070312,165.50999450683594,153.85006713867188,1950700
2022-10-14,166.1300048828125,166.77000427246094,162.6999969482422,163.3000030517578,151.79576110839844,1218800
2022-10-17,164.75999450683594,166.22000122070312,163.2100067138672,164.8000030517578,153.19009399414062,1460700
2022-10-18,167.69000244140625,167.69000244140625,165.6300048828125,166.77000427246094,155.02134704589844,1670000
2022-10-19,167.75,174.41000366210938,167.00999450683594,174.1699981689453,161.90000915527344,2176500
2022-10-20,173.5,173.8699951171875,170.02999877929688,170.8699951171875,158.8324737548828,1702100
2022-10-21,171.6999969482422,176.3800048828125,171.10000610351562,176.22999572753906,163.81488037109375,1471700
2022-10-24,177.4199981689453,180.11000061035156,177.4199981689453,179.7899932861328,167.1240692138672,1649700
2022-10-25,177.72999572753906,178.63999938964844,175.63999938964844,176.08999633789062,163.68475341796875,2059800
2022-10-26,176.75,177.24000549316406,174.10000610351562,176.39999389648438,163.97286987304688,1926000
2022-10-27,177.6699981689453,179.77999877929688,177.30999755859375,177.60000610351562,165.08837890625,1143500
2022-10-28,178.83999633789062,182.13999938964844,177.94000244140625,181.9600067138672,169.14122009277344,1750700
2022-10-31,181.9199981689453,185.11000061035156,181.27999877929688,184.4600067138672,171.465087890625,1544800
2022-11-01,184.7899932861328,185.2899932861328,182.55999755859375,182.77999877929688,169.9034423828125,2154400
2022-11-02,182.11000061035156,185.3300018310547,181.83999633789062,182.30999755859375,169.46652221679688,1837900
2022-11-03,182.3000030517578,182.9199981689453,180.4199981689453,181.82000732421875,169.0110626220703,1186300
2022-11-04,183.8699951171875,184.5500030517578,181.19000244140625,183.05999755859375,170.16371154785156,1019200
2022-11-07,183.75,184.5399932861328,182.9199981689453,184.1300048828125,171.1583251953125,1273000
2022-11-08,183.42999267578125,185.64999389648438,183.27999877929688,184.89999389648438,171.8740997314453,1184400
2022-11-09,185.22000122070312,185.6699981689453,181.9199981689453,182.14999389648438,169.31781005859375,999200
2022-11-10,184.88999938964844,185.1199951171875,181.3800048828125,183.3000030517578,170.3868408203125,1618000
2022-11-11,184.67999267578125,185.5800018310547,180.2100067138672,181.72999572753906,168.92739868164062,1403300
2022-11-14,182.11000061035156,185.1199951171875,181.69000244140625,182.6999969482422,169.82908630371094,1427300
2022-11-15,183.82000732421875,183.82000732421875,177.8800048828125,179.5,166.85452270507812,1445900
2022-11-16,179.41000366210938,181.77999877929688,178.9600067138672,181.13999938964844,168.37896728515625,1073700
2022-11-17,180.27999877929688,183.8699951171875,180.0399932861328,182.92999267578125,170.0428924560547,1315200
2022-11-18,184.47000122070312,185.8699951171875,183.24000549316406,184.55999755859375,171.55804443359375,1470500
2022-11-21,185.22999572753906,186.5,184.50999450683594,185.5500030517578,172.47828674316406,1208100
2022-11-22,187.0,188.4600067138672,185.61000061035156,187.1300048828125,173.94699096679688,1137900
2022-11-23,186.72000122070312,188.3300018310547,186.5800018310547,188.00999450683594,174.76499938964844,1120300
2022-11-25,188.89999389648438,189.52999877929688,187.67999267578125,188.91000366210938,175.6016082763672,514700
2022-11-28,188.4199981689453,189.11000061035156,186.0500030517578,186.32000732421875,173.19407653808594,1467600
2022-11-29,185.8000030517578,187.77000427246094,185.27999877929688,187.2100067138672,174.02134704589844,1095400
2022-11-30,185.8800048828125,190.2100067138672,184.55999755859375,189.80999755859375,176.4381866455078,4132400
2022-12-01,190.97000122070312,191.02000427246094,187.85000610351562,189.13999938964844,175.81539916992188,1077900
2022-12-02,188.02000427246094,189.94000244140625,187.7899932861328,189.5399932861328,176.18722534179688,1294900
2022-12-05,188.33999633789062,188.67999267578125,186.2899932861328,187.2100067138672,174.02134704589844,1104500
2022-12-06,187.5500030517578,189.00999450683594,187.3000030517578,188.5,175.22048950195312,1199100
2022-12-07,188.66000366210938,191.16000366210938,187.69000244140625,188.0500030517578,174.80215454101562,1217900
2022-12-08,187.8699951171875,189.2100067138672,186.97000122070312,187.72000122070312,175.36270141601562,848700
2022-12-09,187.63999938964844,188.2899932861328,185.5500030517578,185.64999389648438,173.42893981933594,843800
2022-12-12,185.6300048828125,187.39999389648438,185.0399932861328,187.11000061035156,174.7928466796875,1249600
2022-12-13,189.47000122070312,189.47000122070312,186.0,187.0500030517578,174.73681640625,1455200
2022-12-14,187.16000366210938,189.2899932861328,185.74000549316406,186.63999938964844,174.35379028320312,963600
2022-12-15,185.52000427246094,185.91000366210938,182.94000244140625,183.57000732421875,171.48590087890625,1241700
2022-12-16,181.49000549316406,183.8000030517578,181.14999389648438,182.8000030517578,170.7665557861328,3364300
2022-12-19,183.0800018310547,185.8800048828125,182.5,183.50999450683594,171.42984008789062,927700
2022-12-20,184.74000549316406,186.72000122070312,183.7899932861328,185.7899932861328,173.5596923828125,1049700
2022-12-21,187.50999450683594,189.50999450683594,187.00999450683594,189.4199981689453,176.95077514648438,1242200
2022-12-22,189.07000732421875,189.19000244140625,185.24000549316406,187.1999969482422,174.87689208984375,967200
2022-12-23,187.63999938964844,189.91000366210938,186.8699951171875,189.47999572753906,177.0067901611328,660800
2022-12-27,189.94000244140625,191.14999389648438,188.97000122070312,190.47999572753906,177.94100952148438,518700
2022-12-28,190.9600067138672,191.22000122070312,188.11000061035156,188.1300048828125,175.74571228027344,733400
2022-12-29,188.47000122070312,190.0399932861328,187.9600067138672,189.44000244140625,176.9694366455078,676500
2022-12-30,189.0,189.3800048828125,186.4499969482422,187.49000549316406,175.1478271484375,608200
2023-01-03,186.7100067138672,187.38999938964844,185.24000549316406,187.1199951171875,174.80213928222656,983400
2023-01-04,187.6699981689453,189.02000427246094,186.67999267578125,187.22999572753906,174.9049530029297,1015300
2023-01-05,187.0500030517578,188.3000030517578,185.4499969482422,187.5500030517578,175.203857421875,973500
2023-01-06,189.6300048828125,194.4499969482422,189.55999755859375,193.8699951171875,181.10781860351562,1282200
2023-01-09,193.02999877929688,193.58999633789062,188.69000244140625,189.1199951171875,176.67051696777344,1111600
2023-01-10,190.4600067138672,191.47000122070312,188.52999877929688,191.22000122070312,178.6322784423828,959100
2023-01-11,191.9499969482422,192.44000244140625,190.47000122070312,191.6300048828125,179.01528930664062,956400
2023-01-12,192.11000061035156,192.75,189.69000244140625,191.99000549316406,179.35157775878906,761100
2023-01-13,191.3800048828125,194.27000427246094,190.38999938964844,193.9199981689453,181.15452575683594,1005300
2023-01-17,192.7899932861328,193.02999877929688,181.36000061035156,185.0,172.8217315673828,3883700
2023-01-18,184.72000122070312,187.33999633789062,183.5399932861328,183.6300048828125,171.5419158935547,1750300
2023-01-19,183.3699951171875,184.4199981689453,182.22999572753906,184.0399932861328,171.92491149902344,1461600
2023-01-20,184.3699951171875,185.4499969482422,182.02999877929688,185.3300018310547,173.1300048828125,1625500
2023-01-23,185.7899932861328,187.33999633789062,184.97000122070312,186.36000061035156,174.0922393798828,1569100
2023-01-24,186.02000427246094,193.83999633789062,185.02000427246094,193.25,180.52865600585938,2637600
2023-01-25,194.0,194.50999450683594,189.35000610351562,190.74000549316406,178.1838836669922,2175200
2023-01-26,191.0,192.4499969482422,190.25999450683594,192.11000061035156,179.4636993408203,1652000
2023-01-27,191.5800018310547,191.5800018310547,187.77000427246094,188.75999450683594,176.33419799804688,1357400
2023-01-30,188.49000549316406,189.75,187.10000610351562,187.91000366210938,175.5401611328125,1659400
2023-01-31,188.4199981689453,191.1699981689453,187.1300048828125,191.1199951171875,178.53884887695312,1020700
2023-02-01,188.99000549316406,189.85000610351562,182.8699951171875,185.22999572753906,173.0365753173828,2406000
2023-02-02,183.72000122070312,184.1199951171875,176.6699981689453,181.75,169.78567504882812,2380900
2023-02-03,182.5800018310547,183.4499969482422,180.69000244140625,182.75999450683594,170.72918701171875,1341900
2023-02-06,181.69000244140625,186.41000366210938,181.69000244140625,185.99000549316406,173.74655151367188,1452700
2023-02-07,185.42999267578125,189.47000122070312,184.80999755859375,189.00999450683594,176.56773376464844,1351700
2023-02-08,188.30999755859375,189.89999389648438,187.0,187.38999938964844,175.0543975830078,1258600
2023-02-09,187.8800048828125,189.2899932861328,184.5399932861328,185.36000061035156,173.15805053710938,1472200
2023-02-10,185.86000061035156,187.24000549316406,185.6300048828125,186.75,174.45654296875,1066400
2023-02-13,186.75999450683594,188.10000610351562,186.4199981689453,187.60000610351562,175.2506103515625,1061300
2023-02-14,187.82000732421875,187.97999572753906,183.14999389648438,184.1300048828125,172.00900268554688,999700
2023-02-15,184.2100067138672,185.2899932861328,183.39999389648438,185.22000122070312,173.02725219726562,716000
2023-02-16,184.36000061035156,185.11000061035156,182.75999450683594,183.05999755859375,171.0094451904297,883600
2023-02-17,182.97000122070312,186.44000244140625,182.50999450683594,185.75,173.52236938476562,1155400
2023-02-21,185.4199981689453,186.36000061035156,184.13999938964844,185.25,173.05526733398438,1402400
2023-02-22,184.7899932861328,187.36000061035156,183.85000610351562,186.1199951171875,173.86801147460938,1401500
2023-02-23,186.4600067138672,187.82000732421875,183.0800018310547,185.47000122070312,173.2607879638672,1024100
2023-02-24,184.5399932861328,185.86000061035156,183.3699951171875,185.3300018310547,173.1300048828125,1290800
2023-02-27,185.75999450683594,187.1300048828125,184.44000244140625,185.3300018310547,173.1300048828125,1195200
2023-02-28,185.64999389648438,186.10000610351562,184.69000244140625,185.1199951171875,172.9337921142578,1606000
2023-03-01,183.99000549316406,184.92999267578125,182.7100067138672,184.0500030517578,171.93426513671875,1111600
2023-03-02,183.66000366210938,183.97999572753906,181.50999450683594,183.19000244140625,171.13087463378906,927800
2023-03-03,182.75999450683594,183.75,180.47000122070312,183.58999633789062,171.50454711914062,1230800
2023-03-06,183.42999267578125,184.80999755859375,183.05999755859375,183.35000610351562,171.28033447265625,1053600
2023-03-07,183.52999877929688,183.7100067138672,179.6300048828125,180.3699951171875,168.49649047851562,980900
2023-03-08,180.8000030517578,181.1699981689453,177.00999450683594,177.77000427246094,166.06765747070312,971800
2023-03-09,177.2100067138672,177.2100067138672,173.33999633789062,173.9199981689453,163.32554626464844,1405500
2023-03-10,173.13999938964844,178.14999389648438,172.5800018310547,175.67999267578125,164.9783477783203,2428900
2023-03-13,173.25,176.64999389648438,171.47000122070312,172.22000122070312,161.7291259765625,2612700
2023-03-14,174.4199981689453,174.4199981689453,169.9600067138672,171.75999450683594,161.297119140625,2320400
2023-03-15,166.89999389648438,167.83999633789062,163.72000122070312,166.49000549316406,156.34817504882812,2459000
2023-03-16,167.2100067138672,172.91000366210938,165.85000610351562,172.2100067138672,161.7197265625,2264000
2023-03-17,170.14999389648438,170.72999572753906,164.07000732421875,165.02999877929688,154.9770965576172,4491900
2023-03-20,166.25,169.25,165.75,168.7100067138672,158.4329376220703,2037600
2023-03-21,171.6300048828125,172.57000732421875,170.3800048828125,171.75,161.2877655029297,1983300
2023-03-22,171.6999969482422,172.3800048828125,166.5399932861328,166.6300048828125,156.47964477539062,1284900
2023-03-23,165.52999877929688,166.72999572753906,163.22999572753906,163.86000061035156,153.87838745117188,1596200
2023-03-24,162.5,165.36000061035156,161.3300018310547,164.91000366210938,154.86439514160156,1200300
2023-03-27,167.27999877929688,167.82000732421875,165.44000244140625,166.35000610351562,156.21670532226562,1466600
2023-03-28,165.61000061035156,166.9600067138672,164.8699951171875,165.8800048828125,155.7753143310547,1221300
2023-03-29,168.0800018310547,169.94000244140625,167.08999633789062,169.86000061035156,159.51287841796875,1582500
2023-03-30,170.7100067138672,171.0800018310547,168.86000061035156,170.82000732421875,160.4143829345703,1767500
2023-03-31,171.74000549316406,172.3300018310547,169.99000549316406,171.41000366210938,160.9684295654297,1865700
2023-04-03,171.02000427246094,172.69000244140625,170.89999389648438,172.2899932861328,161.79483032226562,1280800
2023-04-04,172.58999633789062,173.39999389648438,167.27999877929688,168.6300048828125,158.35780334472656,1369900
2023-04-05,167.66000366210938,170.5500030517578,167.1300048828125,170.30999755859375,159.93544006347656,1228200
2023-04-06,170.75,171.8000030517578,170.3300018310547,171.27000427246094,160.83697509765625,787200
2023-04-10,171.44000244140625,172.85000610351562,171.16000366210938,172.64999389648438,162.13290405273438,827100
2023-04-11,172.8800048828125,174.2100067138672,171.63999938964844,173.5500030517578,162.9780731201172,1074200
2023-04-12,173.86000061035156,174.77000427246094,172.3000030517578,173.83999633789062,163.25039672851562,1005800
2023-04-13,171.82000732421875,173.35000610351562,169.91000366210938,173.1999969482422,162.64939880371094,1332300
2023-04-14,173.0500030517578,173.0500030517578,167.0,168.3699951171875,158.1136474609375,1506800
2023-04-17,168.5,171.27999877929688,167.61000061035156,171.27999877929688,160.8463592529297,1651500
2023-04-18,171.82000732421875,172.4499969482422,170.4499969482422,172.0,161.52252197265625,2298900
2023-04-19,182.41000366210938,185.32000732421875,179.52000427246094,182.57000732421875,171.4486083984375,3065000
2023-04-20,183.2899932861328,184.11000061035156,178.42999267578125,179.25999450683594,168.3402862548828,1486800
2023-04-21,178.3300018310547,180.47000122070312,176.58999633789062,179.5,168.56564331054688,1771200
2023-04-24,179.50999450683594,180.36000061035156,178.33999633789062,179.1300048828125,168.21817016601562,1015700
2023-04-25,177.88999938964844,180.1199951171875,177.00999450683594,177.32000732421875,166.51844787597656,1208700
2023-04-26,175.82000732421875,178.3699951171875,175.82000732421875,176.61000061035156,165.85166931152344,1168200
2023-04-27,176.8699951171875,180.69000244140625,176.27000427246094,180.25,169.2699737548828,1573700
2023-04-28,179.19000244140625,182.1199951171875,179.19000244140625,181.13999938964844,170.10574340820312,1052700
2023-05-01,180.27000427246094,183.1199951171875,180.27000427246094,181.75999450683594,170.68798828125,761700
2023-05-02,181.0399932861328,181.41000366210938,177.35000610351562,180.52999877929688,169.53286743164062,1236500
2023-05-03,181.77000427246094,181.77000427246094,178.97999572753906,179.14999389648438,168.23696899414062,1001700
2023-05-04,178.6300048828125,180.11000061035156,176.5500030517578,179.13999938964844,168.2275848388672,1497000
2023-05-05,180.60000610351562,183.0500030517578,180.3300018310547,182.3000030517578,171.195068359375,1016100
2023-05-08,182.99000549316406,183.75,181.9199981689453,182.57000732421875,171.4486083984375,945800
2023-05-09,182.97999572753906,185.50999450683594,182.3800048828125,183.75,172.55673217773438,1076600
2023-05-10,183.8800048828125,184.4199981689453,181.19000244140625,183.16000366210938,172.00270080566406,830500
2023-05-11,182.1999969482422,182.8699951171875,181.3300018310547,182.80999755859375,171.6740264892578,727700
2023-05-12,184.07000732421875,184.49000549316406,181.11000061035156,182.08999633789062,170.99786376953125,652400
2023-05-15,182.75999450683594,182.82000732421875,181.13999938964844,182.80999755859375,171.6740264892578,672100
2023-05-16,182.6999969482422,182.92999267578125,180.7899932861328,181.50999450683594,170.4532012939453,621200
2023-05-17,182.2899932861328,183.5500030517578,181.30999755859375,181.67999267578125,170.6128387451172,992400
2023-05-18,181.75999450683594,183.52000427246094,180.47000122070312,183.33999633789062,172.17169189453125,1129500
2023-05-19,184.61000061035156,185.77000427246094,183.00999450683594,183.72000122070312,172.52857971191406,1255800
2023-05-22,183.16000366210938,184.35000610351562,180.83999633789062,181.10000610351562,170.0681915283203,945400
2023-05-23,180.9600067138672,182.22000122070312,179.2100067138672,179.30999755859375,168.38720703125,1288900
2023-05-24,178.7899932861328,178.86000061035156,175.88999938964844,175.99000549316406,165.2694549560547,1403300
2023-05-25,174.44000244140625,174.99000549316406,172.80999755859375,173.6699981689453,163.0907745361328,1112100
2023-05-26,172.42999267578125,173.72999572753906,171.25999450683594,172.2899932861328,161.79483032226562,1172400
2023-05-30,172.41000366210938,173.44000244140625,170.38999938964844,173.2899932861328,162.73391723632812,1229600
2023-05-31,172.3300018310547,172.8699951171875,169.0,169.24000549316406,158.93063354492188,2497900
2023-06-01,169.99000549316406,171.9199981689453,168.24000549316406,171.3000030517578,160.86517333984375,1115700
2023-06-02,172.13999938964844,175.3699951171875,171.3300018310547,175.1300048828125,164.4618682861328,1680100
2023-06-05,175.72999572753906,175.72999572753906,174.32000732421875,174.3699951171875,163.7481231689453,1079700
2023-06-06,174.05999755859375,175.38999938964844,173.77000427246094,174.9499969482422,164.2928009033203,728000
2023-06-07,174.82000732421875,176.19000244140625,173.27999877929688,175.77999877929688,165.07225036621094,1192700
2023-06-08,174.75999450683594,175.36000061035156,173.89999389648438,174.91000366210938,165.19500732421875,897300
2023-06-09,174.47000122070312,175.9199981689453,173.44000244140625,175.60000610351562,165.84669494628906,998300
2023-06-12,175.05999755859375,175.75,173.77000427246094,174.77000427246094,165.0627899169922,744800
2023-06-13,174.75999450683594,177.72999572753906,174.61000061035156,176.1199951171875,166.3378143310547,1004300
2023-06-14,177.08999633789062,177.32000732421875,173.10000610351562,173.5500030517578,163.91053771972656,1414700
2023-06-15,173.75,176.24000549316406,173.75,175.97000122070312,166.1961669921875,1385700
2023-06-16,177.97000122070312,177.97000122070312,175.97000122070312,176.75,166.9328155517578,2319000
2023-06-20,176.25999450683594,176.67999267578125,174.0500030517578,175.55999755859375,165.8089141845703,970500
2023-06-21,175.75,176.1699981689453,173.8699951171875,175.2899932861328,165.55392456054688,1183600
2023-06-22,176.1699981689453,176.1699981689453,173.5800018310547,175.00999450683594,165.28945922851562,703400
2023-06-23,174.0500030517578,175.10000610351562,173.30999755859375,173.72000122070312,164.07110595703125,1657500
2023-06-26,174.80999755859375,174.80999755859375,171.30999755859375,172.38999938964844,162.8149871826172,956800
2023-06-27,172.58999633789062,173.9499969482422,172.10000610351562,172.58999633789062,163.0038604736328,1057500
2023-06-28,172.38999938964844,172.38999938964844,167.6699981689453,168.3699951171875,159.01829528808594,1710800
2023-06-29,167.92999267578125,171.42999267578125,167.24000549316406,170.99000549316406,161.49273681640625,1305200
2023-06-30,171.83999633789062,174.0399932861328,171.4600067138672,173.66000366210938,164.0144500732422,1250200
2023-07-03,172.33999633789062,174.4199981689453,171.83999633789062,173.08999633789062,163.4761199951172,536000
2023-07-05,171.5,172.88999938964844,170.25999450683594,172.58999633789062,163.0038604736328,1258500
2023-07-06,171.67999267578125,171.67999267578125,168.6199951171875,170.91000366210938,161.4171905517578,1536500
2023-07-07,170.4600067138672,173.3800048828125,170.41000366210938,171.64999389648438,162.11607360839844,1258100
2023-07-10,171.55999755859375,172.3699951171875,168.97000122070312,169.07000732421875,159.67938232421875,1229900
2023-07-11,168.7899932861328,172.4600067138672,168.7899932861328,172.36000061035156,162.78665161132812,1327800
2023-07-12,173.38999938964844,174.39999389648438,170.25,171.1199951171875,161.61553955078125,2412500
2023-07-13,168.94000244140625,170.1300048828125,168.14999389648438,168.22000122070312,158.87660217285156,1440100
2023-07-14,168.35000610351562,168.42999267578125,164.75,165.9499969482422,156.732666015625,1517200
2023-07-17,165.32000732421875,169.0,165.32000732421875,168.58999633789062,159.22604370117188,1497300
2023-07-18,167.97000122070312,171.72000122070312,167.97000122070312,171.02000427246094,161.52108764648438,1381600
2023-07-19,171.0,172.14999389648438,170.13999938964844,170.55999755859375,161.0866241455078,1600100
2023-07-20,173.8000030517578,176.2100067138672,172.0399932861328,173.6300048828125,163.98609924316406,2398500
2023-07-21,174.4199981689453,174.52999877929688,171.64999389648438,172.82000732421875,163.22109985351562,1129300
2023-07-24,172.91000366210938,175.5399932861328,172.66000366210938,174.83999633789062,165.12892150878906,1254100
2023-07-25,173.9600067138672,174.2100067138672,171.99000549316406,172.1199951171875,162.5599822998047,1211800
2023-07-26,172.52999877929688,175.0,172.4600067138672,174.16000366210938,164.4866943359375,1782300
2023-07-27,175.00999450683594,175.97000122070312,173.61000061035156,174.8699951171875,165.15728759765625,1546400
2023-07-28,176.11000061035156,176.52000427246094,173.07000732421875,173.25999450683594,163.6366729736328,1352900
2023-07-31,173.1999969482422,174.19000244140625,171.69000244140625,172.61000061035156,163.0227813720703,1092200
2023-08-01,172.08999633789062,172.9499969482422,171.33999633789062,172.30999755859375,162.73944091796875,1092100
2023-08-02,171.9499969482422,172.69000244140625,170.30999755859375,171.10000610351562,161.59664916992188,1376400
2023-08-03,171.1300048828125,171.58999633789062,169.30999755859375,169.39999389648438,159.99107360839844,1663900
2023-08-04,169.1300048828125,171.14999389648438,167.99000549316406,168.64999389648438,159.28271484375,1740800
2023-08-07,170.08999633789062,171.66000366210938,169.55999755859375,170.1199951171875,160.6710662841797,1112700
2023-08-08,169.0800018310547,169.0800018310547,166.94000244140625,167.8800048828125,158.55548095703125,1130300
2023-08-09,167.42999267578125,168.8000030517578,166.6199951171875,167.2899932861328,157.9982452392578,1281600
2023-08-10,167.42999267578125,169.00999450683594,166.49000549316406,166.94000244140625,157.66770935058594,1636800
2023-08-11,166.39999389648438,167.10000610351562,165.82000732421875,166.86000061035156,157.59214782714844,890100
2023-08-14,166.75999450683594,167.0,165.39999389648438,166.27000427246094,157.034912109375,874400
2023-08-15,164.99000549316406,165.72999572753906,163.14999389648438,163.47999572753906,154.3998565673828,895200
2023-08-16,163.77000427246094,167.02999877929688,163.5399932861328,165.3699951171875,156.1848907470703,1010000
2023-08-17,166.1699981689453,166.6199951171875,163.1199951171875,163.41000366210938,154.3337860107422,1034300
2023-08-18,163.25999450683594,163.86000061035156,162.24000549316406,162.47000122070312,153.44595336914062,938400
2023-08-21,162.38999938964844,163.10000610351562,160.07000732421875,161.60000610351562,152.62432861328125,1372300
2023-08-22,161.1699981689453,162.13999938964844,159.6300048828125,159.94000244140625,151.0564727783203,1072600
2023-08-23,160.3699951171875,161.07000732421875,160.1199951171875,160.92999267578125,151.99148559570312,945000
2023-08-24,160.72000122070312,163.2100067138672,160.4499969482422,161.83999633789062,152.8509521484375,803200
2023-08-25,162.27999877929688,162.91000366210938,160.8800048828125,161.63999938964844,152.66207885742188,810400
2023-08-28,161.64999389648438,162.36000061035156,159.92999267578125,160.8300018310547,151.89707946777344,680400
2023-08-29,161.32000732421875,161.49000549316406,159.52999877929688,161.27999877929688,152.3220672607422,697200
2023-08-30,161.35000610351562,162.32000732421875,160.5800018310547,161.32000732421875,152.35987854003906,825100
2023-08-31,161.7100067138672,161.97999572753906,160.80999755859375,161.22999572753906,152.27484130859375,1436900
2023-09-01,162.3800048828125,163.41000366210938,161.9199981689453,162.3000030517578,153.285400390625,724900
2023-09-05,162.3000030517578,162.6699981689453,160.3699951171875,160.38999938964844,151.48150634765625,863300
2023-09-06,159.89999389648438,161.72999572753906,159.5,160.61000061035156,151.6892852783203,1098900
2023-09-07,160.25,161.92999267578125,160.1699981689453,160.6699981689453,152.69668579101562,945500
2023-09-08,160.97999572753906,161.33999633789062,159.2100067138672,159.88999938964844,151.9553680419922,881300
2023-09-11,160.10000610351562,162.2100067138672,159.9499969482422,161.1300048828125,153.1338653564453,812200
2023-09-12,161.4199981689453,163.67999267578125,160.97000122070312,162.77000427246094,154.69247436523438,809100
2023-09-13,163.55999755859375,163.60000610351562,161.75,163.1300048828125,155.03460693359375,1509400
2023-09-14,164.82000732421875,166.02999877929688,164.25999450683594,165.9600067138672,157.72415161132812,1228900
2023-09-15,165.7100067138672,166.0,164.1999969482422,164.8000030517578,156.62171936035156,2274100
2023-09-18,164.9499969482422,167.4499969482422,163.85000610351562,166.85000610351562,158.56997680664062,1244800
2023-09-19,167.33999633789062,167.92999267578125,166.3000030517578,167.19000244140625,158.89312744140625,1220300
2023-09-20,167.6699981689453,169.88999938964844,167.17999267578125,168.94000244140625,160.55625915527344,1350200
2023-09-21,169.05999755859375,170.3000030517578,168.27999877929688,168.61000061035156,160.24266052246094,1392600
2023-09-22,168.77000427246094,169.3800048828125,167.74000549316406,167.83999633789062,159.51084899902344,934000
2023-09-25,166.38999938964844,168.02999877929688,166.3800048828125,167.83999633789062,159.51084899902344,610600
2023-09-26,167.27999877929688,168.85000610351562,166.63999938964844,167.9600067138672,159.62493896484375,1010100
2023-09-27,167.88999938964844,168.6300048828125,166.3800048828125,167.9199981689453,159.58688354492188,1866000
2023-09-28,168.4199981689453,169.00999450683594,166.63999938964844,167.6199951171875,159.3017578125,1098900
2023-09-29,167.72999572753906,167.72999572753906,162.64999389648438,163.30999755859375,155.2056427001953,1447200
2023-10-02,163.08999633789062,163.25999450683594,161.0399932861328,162.27000427246094,154.21728515625,1120800
2023-10-03,161.72999572753906,162.52000427246094,160.52999877929688,160.9199981689453,152.93426513671875,1240700
2023-10-04,160.82000732421875,162.5800018310547,160.0500030517578,162.5,154.43588256835938,1357200
2023-10-05,162.27999877929688,164.88999938964844,162.02000427246094,163.8800048828125,155.74737548828125,1316700
2023-10-06,164.02000427246094,164.27000427246094,162.77999877929688,162.9499969482422,154.86351013183594,1354400
2023-10-09,162.4199981689453,163.77000427246094,161.85000610351562,163.25999450683594,155.15814208984375,816900
2023-10-10,163.41000366210938,163.7100067138672,160.85000610351562,162.22999572753906,154.17926025390625,1175900
2023-10-11,162.1999969482422,162.9199981689453,161.08999633789062,162.41000366210938,154.35031127929688,905700
2023-10-12,162.80999755859375,162.80999755859375,159.9499969482422,160.72999572753906,152.75367736816406,883700
2023-10-13,161.97999572753906,164.30999755859375,161.0500030517578,164.2100067138672,156.06100463867188,1548500
2023-10-16,165.1699981689453,167.99000549316406,165.00999450683594,167.64999389648438,159.3302764892578,1595900
2023-10-17,168.30999755859375,169.74000549316406,167.74000549316406,169.36000061035156,160.95542907714844,1670500
2023-10-18,169.75,173.47000122070312,168.0,168.11000061035156,159.76747131347656,2321500
2023-10-19,167.9499969482422,169.5,163.38999938964844,163.94000244140625,155.8043975830078,1778900
2023-10-20,164.6199951171875,164.6199951171875,161.32000732421875,161.58999633789062,153.57101440429688,1539800
2023-10-23,161.14999389648438,161.14999389648438,158.8699951171875,159.19000244140625,151.29013061523438,1503500
2023-10-24,159.64999389648438,161.25,157.3300018310547,157.9199981689453,150.08316040039062,2201800
2023-10-25,158.72999572753906,165.02000427246094,158.22000122070312,164.72999572753906,156.55517578125,2083800
2023-10-26,165.6699981689453,167.3699951171875,164.16000366210938,164.4600067138672,156.29861450195312,1972300
2023-10-27,163.77999877929688,163.77999877929688,159.88999938964844,160.67999267578125,152.70616149902344,1427700
2023-10-30,161.5500030517578,165.8699951171875,161.5500030517578,165.50999450683594,157.29647827148438,2187700
2023-10-31,166.6199951171875,168.4499969482422,166.55999755859375,167.44000244140625,159.1306915283203,1923300
2023-11-01,168.0500030517578,169.75,166.80999755859375,169.27999877929688,160.87939453125,1274200
2023-11-02,169.35000610351562,170.4600067138672,165.83999633789062,168.9499969482422,160.5657958984375,1284300
2023-11-03,170.75,170.75,166.50999450683594,168.41000366210938,160.05258178710938,1682400
2023-11-06,168.41000366210938,169.5800018310547,168.24000549316406,169.5500030517578,161.13600158691406,1327700
2023-11-07,168.92999267578125,170.2100067138672,168.69000244140625,169.99000549316406,161.55418395996094,1022300
2023-11-08,169.8300018310547,170.25,167.60000610351562,168.55999755859375,160.1951446533203,1165400
2023-11-09,169.50999450683594,169.9600067138672,168.1699981689453,168.58999633789062,160.2236328125,933400
2023-11-10,169.0,170.1300048828125,167.5399932861328,169.9600067138672,161.52566528320312,911600
2023-11-13,169.82000732421875,171.22000122070312,169.22000122070312,171.0,162.5140380859375,1056200
2023-11-14,170.94000244140625,171.14999389648438,168.00999450683594,168.6999969482422,160.32818603515625,1737100
2023-11-15,170.0,170.32000732421875,167.0800018310547,169.5399932861328,161.12652587890625,1473000
2023-11-16,170.2100067138672,172.80999755859375,169.17999267578125,171.69000244140625,163.1697998046875,1281400
2023-11-17,171.52999877929688,172.97000122070312,170.6199951171875,171.82000732421875,163.29335021972656,862300
2023-11-20,172.00999450683594,172.44000244140625,170.8800048828125,172.10000610351562,163.55947875976562,702900
2023-11-21,172.3800048828125,175.9199981689453,172.3800048828125,175.05999755859375,166.37254333496094,1059100
2023-11-22,175.02000427246094,176.47999572753906,174.60000610351562,176.0800018310547,167.3419647216797,814300
2023-11-24,176.7100067138672,178.60000610351562,176.57000732421875,177.5399932861328,168.7294921875,416700
2023-11-27,177.3000030517578,178.9499969482422,177.17999267578125,178.61000061035156,169.74639892578125,1082800
2023-11-28,178.38999938964844,178.74000549316406,176.4499969482422,176.83999633789062,168.0642547607422,988700
2023-11-29,176.67999267578125,178.22000122070312,175.8800048828125,177.44000244140625,168.63442993164062,1214200
2023-11-30,177.8000030517578,181.17999267578125,177.61000061035156,180.6199951171875,171.65663146972656,3555700
2023-12-01,179.94000244140625,182.3300018310547,179.17999267578125,181.97999572753906,172.9491424560547,1453500
2023-12-04,182.0500030517578,184.33999633789062,181.32000732421875,183.19000244140625,174.09912109375,2288100
2023-12-05,183.32000732421875,185.25,182.72000122070312,183.66000366210938,174.5458221435547,1475900
2023-12-06,184.72999572753906,185.5500030517578,182.5500030517578,183.1300048828125,174.04209899902344,1180300
2023-12-07,182.67999267578125,183.2899932861328,181.4199981689453,181.91000366210938,173.8318634033203,1104200
2023-12-08,181.99000549316406,182.50999450683594,180.64999389648438,181.25999450683594,173.21072387695312,853500
2023-12-11,181.5800018310547,182.77000427246094,180.44000244140625,182.35000610351562,174.2523193359375,1014900
2023-12-12,182.55999755859375,184.58999633789062,181.7899932861328,183.66000366210938,175.50418090820312,935300
2023-12-13,183.6699981689453,185.4499969482422,182.9499969482422,185.22000122070312,176.99490356445312,1316900
2023-12-14,185.57000732421875,185.97000122070312,181.02999877929688,182.77000427246094,174.6536865234375,2237300
2023-12-15,181.41000366210938,186.0,181.41000366210938,182.80999755859375,174.69189453125,3373800
2023-12-18,183.6199951171875,184.1199951171875,182.6999969482422,183.41000366210938,175.2652587890625,1632000
2023-12-19,183.24000549316406,186.44000244140625,182.58999633789062,186.17999267578125,177.91224670410156,1408000
2023-12-20,186.25999450683594,186.5500030517578,183.64999389648438,183.83999633789062,175.67617797851562,1360200
2023-12-21,183.5800018310547,185.6999969482422,182.75999450683594,185.57000732421875,177.329345703125,1383000
2023-12-22,186.0800018310547,187.0,184.9600067138672,185.8000030517578,177.54910278320312,1100000
2023-12-26,185.27000427246094,187.4199981689453,185.27000427246094,187.08999633789062,178.78182983398438,999100
2023-12-27,186.1199951171875,188.72999572753906,186.1199951171875,188.6199951171875,180.24386596679688,1020700
2023-12-28,188.47000122070312,189.94000244140625,188.47000122070312,189.3300018310547,180.92236328125,850900
2023-12-29,189.33999633789062,190.82000732421875,188.80999755859375,190.49000549316406,182.0308380126953,1048500
2024-01-02,190.1999969482422,192.5800018310547,190.1999969482422,191.4199981689453,182.91952514648438,1754200
2024-01-03,191.75,194.02999877929688,191.2899932861328,191.3000030517578,182.8048553466797,1739600
2024-01-04,192.7100067138672,194.25999450683594,191.6300048828125,192.5399932861328,183.98980712890625,1981200
2024-01-05,191.69000244140625,194.11000061035156,191.69000244140625,193.07000732421875,184.49627685546875,1580700
2024-01-08,192.7899932861328,193.39999389648438,190.5800018310547,192.30999755859375,183.77003479003906,1645700
2024-01-09,192.17999267578125,192.7100067138672,189.8699951171875,192.1999969482422,183.66494750976562,1097900
2024-01-10,191.44000244140625,193.25,191.0,193.08999633789062,184.515380859375,883800
2024-01-11,193.92999267578125,195.16000366210938,191.8800048828125,194.8699951171875,186.21633911132812,1381200
2024-01-12,195.91000366210938,196.41000366210938,194.47999572753906,195.55999755859375,186.87570190429688,1107500
2024-01-16,195.58999633789062,196.83999633789062,194.5399932861328,196.7100067138672,187.97463989257812,1489500
2024-01-17,197.05999755859375,199.7899932861328,196.8300018310547,197.5,188.72955322265625,1351500
2024-01-18,195.57000732421875,198.85000610351562,195.57000732421875,198.35000610351562,189.54180908203125,1591200
2024-01-19,210.27000427246094,214.2899932861328,206.58999633789062,211.6699981689453,202.2703094482422,4343400
2024-01-22,212.74000549316406,215.2100067138672,212.24000549316406,213.86000061035156,204.363037109375,2099500
2024-01-23,212.86000061035156,213.6300048828125,209.91000366210938,210.97999572753906,201.61094665527344,1849200
2024-01-24,212.66000366210938,213.25999450683594,210.63999938964844,210.97999572753906,201.61094665527344,1647100
2024-01-25,212.4499969482422,212.6699981689453,209.77000427246094,211.52000427246094,202.126953125,1473600
2024-01-26,211.64999389648438,212.24000549316406,210.97999572753906,211.42999267578125,202.04095458984375,1337800
2024-01-29,210.6300048828125,212.1999969482422,209.6699981689453,211.1199951171875,201.7447052001953,1194800
2024-01-30,211.49000549316406,213.64999389648438,210.82000732421875,213.5399932861328,204.0572509765625,1150800
2024-01-31,214.0,215.2100067138672,211.1999969482422,211.36000061035156,201.97406005859375,1549700
2024-02-01,210.1300048828125,212.6699981689453,209.02999877929688,212.02000427246094,202.60475158691406,2015200
2024-02-02,213.22000122070312,215.7100067138672,212.60000610351562,214.82000732421875,205.28041076660156,1478700
2024-02-05,214.0,214.47999572753906,211.80999755859375,213.0800018310547,203.61769104003906,1020200
2024-02-06,212.72999572753906,213.58999633789062,212.33999633789062,213.00999450683594,203.55079650878906,1486600
2024-02-07,213.8699951171875,215.10000610351562,213.07000732421875,214.22000122070312,204.70703125,1760600
2024-02-08,214.1199951171875,214.16000366210938,211.02999877929688,213.80999755859375,204.31527709960938,1745600
2024-02-09,212.38999938964844,214.99000549316406,212.0399932861328,214.5,204.97459411621094,1465600
2024-02-12,214.3000030517578,216.0500030517578,213.52999877929688,214.69000244140625,205.1562042236328,1180800
2024-02-13,215.99000549316406,216.55999755859375,211.86000061035156,215.9499969482422,206.36021423339844,3570400
2024-02-14,215.9499969482422,218.11000061035156,215.4499969482422,216.6199951171875,207.00048828125,1230400
2024-02-15,216.6199951171875,219.6199951171875,216.35000610351562,219.02000427246094,209.29391479492188,1299600
2024-02-16,218.55999755859375,219.2899932861328,217.19000244140625,217.52999877929688,207.8700714111328,2029400
2024-02-20,216.6699981689453,220.3699951171875,216.3300018310547,220.10000610351562,210.32595825195312,2818500
2024-02-21,221.0,221.3800048828125,217.38999938964844,219.47999572753906,209.73345947265625,1512200
2024-02-22,220.0,223.3800048828125,218.77999877929688,222.3000030517578,212.42825317382812,1898000
2024-02-23,222.8699951171875,223.8800048828125,219.57000732421875,220.9600067138672,211.1477508544922,2150500
2024-02-26,221.0500030517578,222.17999267578125,219.08999633789062,220.0800018310547,210.3068389892578,1119800
2024-02-27,219.30999755859375,221.99000549316406,219.30999755859375,221.8800048828125,212.02688598632812,1245800
2024-02-28,221.9600067138672,222.0,220.08999633789062,220.4199981689453,210.63174438476562,965200
2024-02-29,220.89999389648438,221.50999450683594,218.05999755859375,220.9600067138672,211.1477508544922,1996600
2024-03-01,220.75999450683594,221.08999633789062,218.38999938964844,218.82000732421875,209.10279846191406,1110900
2024-03-04,218.4600067138672,220.14999389648438,218.22999572753906,219.07000732421875,209.3416748046875,848500
2024-03-05,219.0,219.89999389648438,218.47999572753906,219.1300048828125,209.39906311035156,841000
2024-03-06,220.7100067138672,221.3800048828125,218.35000610351562,220.6199951171875,210.82286071777344,1041400
2024-03-07,220.41000366210938,221.69000244140625,218.38999938964844,219.39999389648438,210.61167907714844,1329800
2024-03-08,218.50999450683594,219.75,217.52999877929688,218.4499969482422,209.69972229003906,1147000
2024-03-11,217.0399932861328,219.5399932861328,216.97999572753906,219.02000427246094,210.2469024658203,1046800
2024-03-12,218.6699981689453,221.25999450683594,217.60000610351562,220.4600067138672,211.62921142578125,2025300
2024-03-13,220.9600067138672,223.60000610351562,220.67999267578125,223.49000549316406,214.537841796875,1047500
2024-03-14,222.88999938964844,224.0,220.4499969482422,221.4199981689453,212.55075073242188,1167800
2024-03-15,219.47000122070312,222.1699981689453,219.47000122070312,220.92999267578125,212.0803680419922,2157600
2024-03-18,221.05999755859375,222.32000732421875,220.4600067138672,221.9199981689453,213.03074645996094,1032000
2024-03-19,222.7899932861328,224.1699981689453,221.72999572753906,223.6300048828125,214.6722412109375,1291900
2024-03-20,223.05999755859375,226.38999938964844,222.91000366210938,224.99000549316406,215.97775268554688,1251900
2024-03-21,224.55999755859375,226.8000030517578,224.0800018310547,226.1300048828125,217.0720977783203,1730700
2024-03-22,227.25,227.47999572753906,224.3800048828125,224.4499969482422,215.4593963623047,844000
2024-03-25,225.0,226.38999938964844,224.3000030517578,225.52999877929688,216.49610900878906,748400
2024-03-26,225.0399932861328,226.91000366210938,224.3300018310547,225.3300018310547,216.3041534423828,922000
2024-03-27,226.1300048828125,229.22000122070312,225.97999572753906,228.8300018310547,219.66392517089844,967600
2024-03-28,229.77999877929688,230.8699951171875,229.38999938964844,230.13999938964844,220.92144775390625,871100
2024-04-01,229.80999755859375,230.0,227.30999755859375,228.16000366210938,219.0207977294922,801300
2024-04-02,229.14999389648438,229.77999877929688,227.50999450683594,227.85000610351562,218.7231903076172,1115800
2024-04-03,227.5,229.41000366210938,226.8800048828125,229.05999755859375,219.88475036621094,856600
2024-04-04,230.91000366210938,232.75,228.0399932861328,228.5,219.34713745117188,1212000
2024-04-05,230.4600067138672,231.61000061035156,229.24000549316406,230.88999938964844,221.64141845703125,857000
2024-04-08,230.88999938964844,231.9600067138672,230.16000366210938,230.58999633789062,221.3534393310547,1462600
2024-04-09,231.02999877929688,231.36000061035156,223.3000030517578,223.83999633789062,214.87380981445312,975700
2024-04-10,223.13999938964844,224.9499969482422,221.67999267578125,224.3800048828125,215.39219665527344,1086700
2024-04-11,223.02999877929688,223.02999877929688,219.72000122070312,220.39999389648438,211.57159423828125,1155600
2024-04-12,220.67999267578125,222.77000427246094,220.3699951171875,221.10000610351562,212.24359130859375,1100100
2024-04-15,223.8300018310547,224.66000366210938,220.52999877929688,221.05999755859375,212.20516967773438,1063600
2024-04-16,221.67999267578125,223.88999938964844,220.77000427246094,223.1199951171875,214.18267822265625,1412200
2024-04-17,206.0800018310547,209.82000732421875,202.60000610351562,206.5800018310547,198.30520629882812,5764800
2024-04-18,208.47999572753906,211.77000427246094,207.24000549316406,210.4199981689453,201.99136352539062,2048300
2024-04-19,211.72000122070312,215.5,210.72999572753906,214.07000732421875,205.49517822265625,1918300
2024-04-22,214.4600067138672,215.52000427246094,212.55999755859375,214.27000427246094,205.68714904785156,1471700
2024-04-23,214.63999938964844,215.9499969482422,213.1199951171875,214.32000732421875,205.73516845703125,1042900
2024-04-24,212.55999755859375,214.58999633789062,212.5,213.42999267578125,204.88079833984375,1129200
2024-04-25,212.5,214.1300048828125,210.9199981689453,213.99000549316406,205.4183807373047,1323200
2024-04-26,212.5,214.50999450683594,211.52999877929688,213.4499969482422,204.8999786376953,1706000
2024-04-29,213.4499969482422,214.77999877929688,212.02999877929688,212.89999389648438,204.3720245361328,1454600
2024-04-30,212.75,213.82000732421875,211.74000549316406,212.16000366210938,203.6616668701172,1385700
2024-05-01,212.16000366210938,215.24000549316406,212.16000366210938,213.14999389648438,204.61203002929688,1143900
2024-05-02,213.8699951171875,215.07000732421875,212.4199981689453,214.3699951171875,205.7831573486328,1001400
2024-05-03,213.0800018310547,214.36000061035156,211.19000244140625,213.85000610351562,205.2839813232422,1298400
2024-05-06,215.16000366210938,216.97999572753906,214.9199981689453,215.91000366210938,207.26145935058594,668600
2024-05-07,216.69000244140625,217.5,216.32000732421875,216.97000122070312,208.2790069580078,581800
2024-05-08,217.6999969482422,218.10000610351562,217.0500030517578,217.33999633789062,208.63418579101562,598800
2024-05-09,216.9600067138672,219.7899932861328,216.02999877929688,219.4199981689453,210.63084411621094,1021100
2024-05-10,220.0,220.50999450683594,218.22000122070312,218.5,209.7477264404297,820500
2024-05-13,218.66000366210938,219.49000549316406,216.5399932861328,216.5800018310547,207.90464782714844,767400
2024-05-14,217.17999267578125,217.99000549316406,216.25,217.58999633789062,208.8741912841797,751400
2024-05-15,216.60000610351562,218.0,213.6199951171875,214.35000610351562,205.76394653320312,1355100
2024-05-16,216.5,219.8000030517578,216.33999633789062,219.22000122070312,210.4388885498047,1398300
2024-05-17,220.30999755859375,220.30999755859375,218.36000061035156,219.7100067138672,210.90927124023438,1348900
2024-05-20,219.8800048828125,220.1699981689453,215.44000244140625,215.60000610351562,206.96388244628906,883800
2024-05-21,216.36000061035156,217.8800048828125,215.50999450683594,216.25,207.58786010742188,775600
2024-05-22,216.05999755859375,217.6999969482422,215.41000366210938,216.5399932861328,207.8662109375,912800
2024-05-23,215.91000366210938,215.91000366210938,211.47999572753906,212.24000549316406,203.7384490966797,950100
2024-05-24,213.0,214.41000366210938,212.89999389648438,213.3300018310547,204.78482055664062,650000
2024-05-28,212.44000244140625,213.2100067138672,210.02000427246094,210.3699951171875,201.943359375,1097700
2024-05-29,210.80999755859375,210.80999755859375,208.4199981689453,210.07000732421875,201.65541076660156,1406600
2024-05-30,210.2100067138672,213.2899932861328,209.10000610351562,212.49000549316406,203.9784698486328,1269800
2024-05-31,212.10000610351562,215.88999938964844,211.6199951171875,215.6999969482422,207.0598602294922,2119600
2024-06-03,214.60000610351562,214.9600067138672,209.22000122070312,210.33999633789062,201.91458129882812,1561800
2024-06-04,209.41000366210938,210.8300018310547,207.8800048828125,209.63999938964844,201.24261474609375,1119300
2024-06-05,210.07000732421875,210.07000732421875,206.67999267578125,208.41000366210938,200.06190490722656,908300
2024-06-06,209.08999633789062,210.41000366210938,208.10000610351562,209.7100067138672,201.30982971191406,935800
2024-06-07,210.75999450683594,214.8800048828125,209.36000061035156,212.9499969482422,204.4199981689453,1295200
2024-06-10,211.00999450683594,213.4199981689453,210.02000427246094,213.0,205.48121643066406,918700
2024-06-11,212.1300048828125,212.1300048828125,208.22000122070312,209.41000366210938,202.01792907714844,1136000
2024-06-12,209.14999389648438,210.27999877929688,206.6300048828125,207.25999450683594,199.94383239746094,1408900
2024-06-13,207.25999450683594,207.72000122070312,204.6999969482422,207.07000732421875,199.7605438232422,1402600
2024-06-14,204.17999267578125,207.17999267578125,202.72999572753906,205.85000610351562,198.58360290527344,1783700
2024-06-17,205.9600067138672,208.1999969482422,205.25,208.1300048828125,200.78309631347656,1232000
2024-06-18,207.72999572753906,209.92999267578125,207.52999877929688,208.50999450683594,201.14968872070312,1066400
2024-06-20,209.4499969482422,213.32000732421875,208.5800018310547,211.97000122070312,204.48757934570312,1686200
2024-06-21,211.3300018310547,212.0,208.50999450683594,209.8000030517578,202.3941650390625,2352300
2024-06-24,209.75999450683594,212.6699981689453,209.00999450683594,211.08999633789062,203.63864135742188,1403900
2024-06-25,211.02000427246094,212.25999450683594,208.22999572753906,208.72000122070312,201.352294921875,988300
2024-06-26,207.50999450683594,207.6300048828125,203.89999389648438,205.74000549316406,198.47747802734375,1093900
2024-06-27,205.10000610351562,207.4199981689453,204.16000366210938,206.9499969482422,199.64476013183594,970500
2024-06-28,200.67999267578125,205.25,200.2100067138672,203.33999633789062,196.16221618652344,2390800
2024-07-01,204.99000549316406,205.9199981689453,201.66000366210938,202.97000122070312,195.80523681640625,1243900
2024-07-02,201.5399932861328,203.94000244140625,201.05999755859375,203.66000366210938,196.47088623046875,1752500
2024-07-03,203.11000061035156,204.14999389648438,201.91000366210938,203.69000244140625,196.4998321533203,523100
2024-07-05,203.1699981689453,203.3699951171875,200.39999389648438,201.8699951171875,194.7440948486328,579900
2024-07-08,202.8699951171875,207.0,202.69000244140625,204.22999572753906,197.02076721191406,852300
2024-07-09,203.75999450683594,206.1999969482422,202.8300018310547,203.13999938964844,195.96925354003906,936200
2024-07-10,203.8300018310547,207.4600067138672,203.72000122070312,207.19000244140625,199.8762969970703,1129400
2024-07-11,206.41000366210938,210.0399932861328,205.86000061035156,208.9499969482422,201.57415771484375,1470500
2024-07-12,209.6300048828125,212.82000732421875,209.47999572753906,211.60000610351562,204.130615234375,1326100
2024-07-15,212.3300018310547,214.33999633789062,212.0,213.39999389648438,205.86709594726562,1221200
2024-07-16,214.6999969482422,217.9600067138672,214.47000122070312,217.7899932861328,210.10211181640625,1319800
2024-07-17,218.86000061035156,221.89999389648438,218.49000549316406,220.8000030517578,213.00582885742188,1296200
2024-07-18,220.57000732421875,224.75999450683594,219.8000030517578,220.60000610351562,212.81292724609375,1197900
2024-07-19,214.3300018310547,215.25999450683594,202.9499969482422,203.47999572753906,196.29725646972656,2819800
2024-07-22,203.2100067138672,205.8000030517578,203.2100067138672,205.4199981689453,198.1687774658203,1283600
2024-07-23,205.5399932861328,208.82000732421875,205.24000549316406,208.52999877929688,201.16900634765625,1536500
2024-07-24,209.32000732421875,209.8800048828125,205.94000244140625,207.72999572753906,200.397216796875,1276500
2024-07-25,208.25999450683594,211.92999267578125,207.72999572753906,209.22999572753906,201.8442840576172,1239700
2024-07-26,210.6999969482422,214.97000122070312,210.36000061035156,213.85000610351562,206.30120849609375,1220500
2024-07-29,214.0,215.05999755859375,212.5399932861328,213.92999267578125,206.37835693359375,906600
2024-07-30,215.0,221.3800048828125,215.0,220.4199981689453,212.63929748535156,1128500
2024-07-31,220.0,220.89999389648438,216.33999633789062,216.44000244140625,208.7997589111328,1425400
2024-08-01,218.22000122070312,218.9499969482422,210.85000610351562,212.0500030517578,204.56472778320312,1593400
2024-08-02,213.30999755859375,215.19000244140625,210.49000549316406,214.52999877929688,206.9571990966797,1852300
2024-08-05,212.0,212.0,206.42999267578125,208.61000061035156,201.2461700439453,1798200
2024-08-06,208.00999450683594,210.91000366210938,207.32000732421875,208.27999877929688,200.9278106689453,1280700
2024-08-07,209.80999755859375,211.22999572753906,209.05999755859375,209.3699951171875,201.97933959960938,1334500
2024-08-08,209.72999572753906,212.47000122070312,209.33999633789062,211.67999267578125,204.20779418945312,1033400
2024-08-09,211.99000549316406,212.61000061035156,209.88999938964844,212.47999572753906,204.9795379638672,1112100
2024-08-12,214.1199951171875,214.1199951171875,209.57000732421875,209.72999572753906,202.32664489746094,867800
2024-08-13,210.5500030517578,211.3699951171875,208.6300048828125,210.8800048828125,203.43603515625,1147700
2024-08-14,211.1999969482422,214.42999267578125,211.1999969482422,214.08999633789062,206.53273010253906,664200
2024-08-15,215.89999389648438,217.60000610351562,214.61000061035156,216.42999267578125,208.79013061523438,848700
2024-08-16,216.4199981689453,218.10000610351562,215.63999938964844,216.57000732421875,208.9251708984375,1599800
2024-08-19,216.47999572753906,219.11000061035156,216.47999572753906,218.9499969482422,211.2211456298828,545100
2024-08-20,218.57000732421875,218.74000549316406,216.5800018310547,217.02000427246094,209.3593292236328,667200
2024-08-21,217.6999969482422,218.44000244140625,215.38999938964844,216.9199981689453,209.26283264160156,761300
2024-08-22,216.8699951171875,218.52000427246094,216.17999267578125,217.86000061035156,210.1696319580078,776500
2024-08-23,219.47999572753906,222.38999938964844,218.57000732421875,221.82000732421875,213.9898681640625,1142600
2024-08-26,222.6300048828125,224.9600067138672,221.92999267578125,222.77999877929688,214.91598510742188,697200
2024-08-27,223.2100067138672,224.75,222.2100067138672,223.63999938964844,215.74562072753906,729900
2024-08-28,223.2899932861328,226.05999755859375,222.75,224.39999389648438,216.47879028320312,776900
2024-08-29,225.2100067138672,227.0399932861328,222.22000122070312,226.3300018310547,218.3406524658203,985700
2024-08-30,226.5,228.2100067138672,225.55999755859375,228.07000732421875,220.01927185058594,1466500
2024-09-03,226.24000549316406,229.25999450683594,226.17999267578125,227.8699951171875,219.8262939453125,1040600
2024-09-04,229.6300048828125,231.77000427246094,228.97000122070312,231.4199981689453,223.2509765625,1137000
2024-09-05,234.10000610351562,234.17999267578125,229.5,231.85000610351562,223.6658172607422,1509300
2024-09-06,232.10000610351562,236.58999633789062,232.10000610351562,234.4600067138672,226.18370056152344,2114700
2024-09-09,236.92999267578125,242.88999938964844,235.85000610351562,241.10000610351562,232.5893096923828,1826800
2024-09-10,240.35000610351562,242.77000427246094,238.5,238.85000610351562,231.4265899658203,1463900
2024-09-11,238.44000244140625,239.47000122070312,229.42999267578125,231.3000030517578,224.11122131347656,2086000
2024-09-12,230.4499969482422,234.4499969482422,230.35000610351562,234.11000061035156,226.83389282226562,1216800
2024-09-13,235.5399932861328,238.24000549316406,234.42999267578125,237.8300018310547,230.4382781982422,1108600
2024-09-16,239.75999450683594,242.7899932861328,239.75999450683594,242.25999450683594,234.73057556152344,1069400
2024-09-17,242.3000030517578,243.47999572753906,238.97000122070312,241.5399932861328,234.03298950195312,908100
2024-09-18,242.4199981689453,242.72000122070312,238.9199981689453,239.75,232.29861450195312,997500
2024-09-19,240.72999572753906,241.33999633789062,236.88999938964844,237.5800018310547,230.19606018066406,1439700
2024-09-20,237.1699981689453,239.67999267578125,235.3000030517578,238.52999877929688,231.1165313720703,2199100
2024-09-23,238.27999877929688,240.27999877929688,237.7899932861328,239.35000610351562,231.91104125976562,1044100
2024-09-24,238.85000610351562,238.9199981689453,236.1199951171875,237.97999572753906,230.5836181640625,871000
2024-09-25,239.27000427246094,240.33999633789062,235.85000610351562,236.32000732421875,228.97518920898438,764800
2024-09-26,236.97999572753906,237.4199981689453,233.58999633789062,236.0500030517578,228.71360778808594,697100
2024-09-27,235.9199981689453,239.11000061035156,235.38999938964844,236.11000061035156,228.771728515625,964500
2024-09-30,235.6999969482422,235.97999572753906,232.17999267578125,234.1199951171875,226.8435821533203,1081600
2024-10-01,233.49000549316406,237.17999267578125,232.7100067138672,235.1199951171875,227.8125,951900
2024-10-02,234.39999389648438,236.41000366210938,232.72999572753906,235.05999755859375,227.7543487548828,965900
2024-10-03,235.27000427246094,235.27000427246094,231.19000244140625,233.3000030517578,226.049072265625,1039700
2024-10-04,234.3300018310547,236.6699981689453,232.00999450683594,236.2100067138672,228.8686065673828,650300
2024-10-07,235.25999450683594,235.25999450683594,224.6199951171875,225.97000122070312,218.94686889648438,1207900
2024-10-08,227.08999633789062,230.86000061035156,226.11000061035156,230.33999633789062,223.18104553222656,1158600
2024-10-09,228.11000061035156,232.8000030517578,227.02000427246094,231.47000122070312,224.2759552001953,790900
2024-10-10,236.39999389648438,236.4199981689453,231.9199981689453,233.1999969482422,225.95216369628906,961200
2024-10-11,233.49000549316406,236.88999938964844,233.49000549316406,236.5800018310547,229.2271270751953,932600
2024-10-14,236.7100067138672,240.49000549316406,235.0,240.1199951171875,232.6571044921875,1127200
2024-10-15,242.0,243.6300048828125,240.50999450683594,240.8800048828125,233.39349365234375,1491100
2024-10-16,242.16000366210938,243.7899932861328,240.8800048828125,242.9499969482422,235.39915466308594,969800
2024-10-17,253.0,265.19000244140625,252.92999267578125,264.82000732421875,256.58941650390625,2847800
2024-10-18,269.1499938964844,269.55999755859375,261.5199890136719,265.45001220703125,257.1998596191406,1579500
2024-10-21,266.70001220703125,266.8900146484375,258.5299987792969,259.70001220703125,251.62857055664062,1307900
2024-10-22,260.0899963378906,261.0199890136719,255.1999969482422,259.2200012207031,251.16348266601562,991900
2024-10-23,258.8500061035156,258.8800048828125,254.41000366210938,257.3500061035156,249.35162353515625,1338300
2024-10-24,260.0,260.1499938964844,255.2899932861328,256.4200134277344,248.45050048828125,998600
2024-10-25,257.30999755859375,257.3999938964844,250.44000244140625,250.5,242.71449279785156,942300
2024-10-28,253.75999450683594,254.52999877929688,252.14999389648438,252.3699951171875,244.5263671875,1115500
2024-10-29,251.3000030517578,252.75999450683594,248.52999877929688,248.6699981689453,240.94137573242188,904600
2024-10-30,249.89999389648438,251.61000061035156,248.6699981689453,250.08999633789062,242.3172149658203,1085700
2024-10-31,248.52000427246094,250.44000244140625,245.74000549316406,245.94000244140625,238.29620361328125,1318600
2024-11-01,246.5800018310547,248.97000122070312,245.25999450683594,245.63999938964844,238.00550842285156,1450200
2024-11-04,245.17999267578125,245.8800048828125,241.8699951171875,242.80999755859375,235.26348876953125,1098300
2024-11-05,245.08999633789062,245.08999633789062,242.5800018310547,244.83999633789062,237.23040771484375,964400
2024-11-06,257.9700012207031,257.9700012207031,251.32000732421875,253.9499969482422,246.05726623535156,1354200
2024-11-07,252.82000732421875,254.19000244140625,250.44000244140625,252.27999877929688,244.43914794921875,1721200
2024-11-08,254.32000732421875,256.95001220703125,252.99000549316406,256.8900146484375,248.90591430664062,1333500
2024-11-11,257.6700134277344,260.04998779296875,257.42999267578125,258.3599853515625,250.3302001953125,1008400
2024-11-12,257.25,259.9599914550781,256.9800109863281,257.989990234375,249.9716796875,930700
2024-11-13,256.6199951171875,258.760009765625,256.25,256.6700134277344,248.6927490234375,891900
2024-11-14,256.44000244140625,258.0,255.08999633789062,256.5199890136719,248.54739379882812,1047400
2024-11-15,257.0,261.1300048828125,257.0,260.82000732421875,252.71372985839844,1305400
2024-11-18,259.760009765625,262.9599914550781,259.44000244140625,262.69000244140625,254.52561950683594,1102100
2024-11-19,259.67999267578125,260.92999267578125,257.7799987792969,259.2699890136719,251.21192932128906,978000
2024-11-20,259.5,259.5799865722656,254.47000122070312,257.19000244140625,249.19656372070312,1190200
2024-11-21,257.19000244140625,262.1499938964844,255.08999633789062,260.80999755859375,252.7040557861328,1285400
2024-11-22,260.57000732421875,262.8599853515625,259.7200012207031,262.4700012207031,254.31246948242188,1182900
2024-11-25,263.6000061035156,266.1600036621094,260.7099914550781,261.2200012207031,253.10134887695312,2615600
2024-11-26,262.70001220703125,264.1199951171875,260.07000732421875,263.7699890136719,255.57211303710938,1339200
2024-11-27,264.80999755859375,268.30999755859375,264.80999755859375,266.6600036621094,258.3722229003906,1266200
2024-11-29,269.0,269.04998779296875,266.0400085449219,266.0400085449219,257.7715148925781,770700
2024-12-02,267.2099914550781,267.239990234375,263.3500061035156,263.510009765625,255.3201446533203,1095000
2024-12-03,263.1499938964844,264.9100036621094,260.4200134277344,260.5899963378906,252.4908905029297,847700
2024-12-04,259.7799987792969,262.2300109863281,259.0799865722656,261.7799987792969,253.64390563964844,1138100
2024-12-05,262.9800109863281,265.6000061035156,261.9200134277344,263.260009765625,255.07789611816406,1718600
2024-12-06,262.8800048828125,263.6700134277344,258.67999267578125,261.1499938964844,253.0334930419922,1086500
2024-12-09,261.3500061035156,261.6300048828125,251.47000122070312,251.9199981689453,244.09034729003906,1711200
2024-12-10,251.9199981689453,252.99000549316406,246.22000122070312,247.64999389648438,240.95738220214844,2138300
2024-12-11,245.02000427246094,246.57000732421875,241.8000030517578,245.13999938964844,238.5152130126953,2035400
2024-12-12,245.85000610351562,247.14999389648438,243.2100067138672,243.8800048828125,237.2892608642578,1968600
2024-12-13,246.52999877929688,248.22000122070312,245.55999755859375,246.3000030517578,239.6438751220703,1305600
2024-12-16,247.5,248.86000061035156,245.97999572753906,246.27000427246094,239.61468505859375,1454200
2024-12-17,244.44000244140625,245.1199951171875,241.97999572753906,243.63999938964844,237.0557403564453,1284500
2024-12-18,242.57000732421875,244.97000122070312,235.4499969482422,236.02999877929688,229.65142822265625,1573400
2024-12-19,237.52999877929688,239.8000030517578,236.25999450683594,237.7100067138672,231.2860107421875,1546900
2024-12-20,234.52999877929688,242.5500030517578,234.1699981689453,240.75999450683594,234.25355529785156,2339300
2024-12-23,238.69000244140625,241.77000427246094,237.97999572753906,241.36000061035156,234.83734130859375,1408300
2024-12-24,241.82000732421875,243.10000610351562,240.3800048828125,242.8800048828125,236.31631469726562,329200
2024-12-26,241.99000549316406,243.94000244140625,240.75999450683594,243.72999572753906,237.143310546875,434100
2024-12-27,241.1199951171875,244.24000549316406,240.57000732421875,241.41000366210938,234.88600158691406,631700
2024-12-30,239.8800048828125,241.1699981689453,237.61000061035156,239.8699951171875,233.3876190185547,734300
2024-12-31,240.4199981689453,241.75,238.82000732421875,240.88999938964844,234.3800506591797,795100
2025-01-02,242.22999572753906,242.7100067138672,240.00999450683594,240.88999938964844,234.3800506591797,942500
2025-01-03,242.4199981689453,243.0800018310547,240.1199951171875,242.2899932861328,235.7422332763672,819700
2025-01-06,241.82000732421875,246.0800018310547,240.80999755859375,241.8800048828125,235.3433074951172,1442700
2025-01-07,241.25,243.47000122070312,240.02999877929688,241.67999267578125,235.14869689941406,1460700
2025-01-08,243.50999450683594,244.0,238.94000244140625,242.77000427246094,236.20925903320312,1373300
2025-01-10,238.0,240.05999755859375,231.0,232.42999267578125,226.148681640625,1818500
2025-01-13,230.9499969482422,234.57000732421875,230.22999572753906,233.3300018310547,227.0243682861328,1751000
2025-01-14,232.5,237.22999572753906,231.0399932861328,236.92999267578125,230.52708435058594,1550800
2025-01-15,240.1300048828125,242.17999267578125,239.6300048828125,239.97999572753906,233.49464416503906,1481100
2025-01-16,239.88999938964844,242.6999969482422,239.8800048828125,242.3699951171875,235.82005310058594,970700
2025-01-17,242.2100067138672,244.10000610351562,239.52000427246094,239.52000427246094,233.04710388183594,1346200
2025-01-21,241.39999389648438,241.8800048828125,238.35000610351562,239.16000366210938,232.6968231201172,2639100
2025-01-22,250.5,254.4199981689453,246.0,246.72000122070312,240.05250549316406,2564600
2025-01-23,243.75,244.7100067138672,240.36000061035156,241.50999450683594,234.98330688476562,1478500
2025-01-24,244.08999633789062,244.13999938964844,240.64999389648438,241.86000061035156,235.3238525390625,1282100
2025-01-27,244.19000244140625,251.24000549316406,243.47000122070312,251.00999450683594,244.22657775878906,1721800
2025-01-28,251.72999572753906,252.14999389648438,247.88999938964844,248.42999267578125,241.71629333496094,1217600
2025-01-29,247.61000061035156,251.7899932861328,247.0,249.52000427246094,242.77684020996094,1611300
2025-01-30,252.10000610351562,252.10000610351562,247.22000122070312,249.08999633789062,242.3584442138672,836400
2025-01-31,248.3300018310547,250.02000427246094,245.0,245.17999267578125,238.55410766601562,1463600
2025-02-03,242.6199951171875,245.27999877929688,238.22000122070312,244.60000610351562,237.98980712890625,1483100
2025-02-04,244.69000244140625,246.75999450683594,243.13999938964844,244.05999755859375,237.46438598632812,1209700
2025-02-05,245.60000610351562,246.88999938964844,243.55999755859375,246.33999633789062,239.6827850341797,950300
2025-02-06,249.0399932861328,249.27000427246094,245.5,247.63999938964844,240.9476318359375,811000
2025-02-07,247.35000610351562,248.47000122070312,244.0399932861328,245.19000244140625,238.56387329101562,906600
2025-02-10,245.0,245.19000244140625,241.97000122070312,242.4199981689453,235.86874389648438,954100
2025-02-11,242.66000366210938,243.60000610351562,239.38999938964844,242.35000610351562,235.80059814453125,1165000
2025-02-12,239.5,242.05999755859375,238.3699951171875,240.66000366210938,234.1562957763672,1334100
2025-02-13,241.0500030517578,243.3300018310547,239.6699981689453,243.00999450683594,236.4427490234375,911300
2025-02-14,242.02000427246094,242.44000244140625,236.9600067138672,238.3000030517578,231.8600616455078,1348200
2025-02-18,238.9499969482422,240.58999633789062,237.44000244140625,238.39999389648438,231.95736694335938,1121700
2025-02-19,241.33999633789062,242.8800048828125,239.22000122070312,242.35000610351562,235.80059814453125,1330800
2025-02-20,241.66000366210938,241.66000366210938,237.8000030517578,241.24000549316406,234.72061157226562,971800
2025-02-21,242.42999267578125,242.75999450683594,238.69000244140625,240.02999877929688,233.54330444335938,1250700
2025-02-24,241.36000061035156,249.6699981689453,241.00999450683594,248.24000549316406,241.53143310546875,1315600
2025-02-25,250.36000061035156,255.14999389648438,248.9199981689453,252.50999450683594,245.68603515625,1630100
2025-02-26,251.2100067138672,252.57000732421875,247.74000549316406,248.85000610351562,242.1249542236328,1078200
2025-02-27,249.89999389648438,255.4499969482422,249.89999389648438,254.7899932861328,247.9044189453125,1086600
2025-02-28,256.5799865722656,258.7900085449219,254.50999450683594,258.489990234375,251.50442504882812,1811600
2025-03-03,258.75,263.0799865722656,258.75,260.8399963378906,253.7909393310547,1751300
2025-03-04,261.9100036621094,262.3299865722656,255.39999389648438,255.6999969482422,248.78985595703125,1151700
2025-03-05,255.8699951171875,259.04998779296875,255.2899932861328,258.0299987792969,251.05686950683594,1095300
2025-03-06,256.75,257.9800109863281,253.25999450683594,256.0199890136719,249.10118103027344,932200
2025-03-07,257.1000061035156,259.2900085449219,254.80999755859375,257.70001220703125,250.73577880859375,966900
2025-03-10,255.57000732421875,262.9100036621094,254.55999755859375,256.6099853515625,250.69668579101562,1351600
2025-03-11,255.67999267578125,257.0400085449219,251.30999755859375,254.55999755859375,248.69393920898438,1502000
2025-03-12,254.47999572753906,255.10000610351562,248.08999633789062,251.99000549316406,246.1831817626953,1671100
2025-03-13,252.0399932861328,257.30999755859375,251.5399932861328,255.94000244140625,250.0421600341797,1416400
2025-03-14,256.54998779296875,261.9700012207031,254.6999969482422,260.9100036621094,254.8976287841797,1302500
2025-03-17,260.79998779296875,266.0899963378906,260.44000244140625,265.1300048828125,259.0203552246094,1757400
2025-03-18,264.3599853515625,266.739990234375,260.0899963378906,260.5,254.49708557128906,2232800
2025-03-19,260.04998779296875,262.8599853515625,259.2200012207031,261.32000732421875,255.2981719970703,1624300
2025-03-20,260.6300048828125,263.25,259.1099853515625,259.5400085449219,253.5592041015625,1418100
2025-03-21,259.010009765625,260.6099853515625,256.3900146484375,256.70001220703125,250.78466796875,3669200
2025-03-24,258.82000732421875,259.9800109863281,256.7699890136719,259.44000244140625,253.4615020751953,1240000
2025-03-25,260.510009765625,261.760009765625,256.4200134277344,259.45001220703125,253.47125244140625,1136300
2025-03-26,260.6300048828125,263.4599914550781,259.4200134277344,262.260009765625,256.216552734375,1111500
2025-03-27,264.2900085449219,264.3299865722656,260.1199951171875,262.67999267578125,256.6268005371094,910900
2025-03-28,265.510009765625,266.30999755859375,261.489990234375,261.7900085449219,255.75732421875,1185400
2025-03-31,261.8500061035156,265.760009765625,261.260009765625,264.4599914550781,258.3658142089844,1548200
2025-04-01,265.0,265.3900146484375,261.0899963378906,264.5400085449219,258.4439697265625,999900
2025-04-02,262.8299865722656,265.1600036621094,260.7300109863281,264.489990234375,258.3951110839844,1050200
2025-04-03,262.57000732421875,266.2200012207031,260.7799987792969,263.1000061035156,257.0371398925781,1519700
2025-04-04,257.2200012207031,258.010009765625,239.83999633789062,242.25999450683594,236.6773681640625,2471800
2025-04-07,237.5500030517578,243.44000244140625,230.42999267578125,233.8300018310547,228.441650390625,2425800
2025-04-08,241.85000610351562,242.86000061035156,233.0800018310547,236.52999877929688,231.07943725585938,2109400
2025-04-09,231.24000549316406,248.7100067138672,230.47000122070312,248.10000610351562,242.38282775878906,2424700
2025-04-10,246.64999389648438,248.61000061035156,239.4199981689453,245.1699981689453,239.52032470703125,1782000
2025-04-11,245.1699981689453,246.61000061035156,240.44000244140625,245.1300048828125,239.48126220703125,1367000
2025-04-14,248.52999877929688,252.27000427246094,247.55999755859375,250.83999633789062,245.05967712402344,1017900
2025-04-15,249.94000244140625,252.30999755859375,249.07000732421875,249.66000366210938,243.90687561035156,1326300
2025-04-16,255.7899932861328,260.3900146484375,251.3800048828125,252.47999572753906,246.66184997558594,2258100
2025-04-17,253.11000061035156,257.510009765625,251.7899932861328,255.86000061035156,249.96397399902344,1682100
2025-04-21,256.1199951171875,258.3900146484375,247.80999755859375,249.58999633789062,243.8384552001953,1864400
2025-04-22,253.3699951171875,262.7099914550781,252.00999450683594,261.30999755859375,255.28839111328125,1723400
2025-04-23,260.92999267578125,263.4200134277344,257.6400146484375,259.0799865722656,253.10977172851562,1779000
2025-04-24,257.8800048828125,261.45001220703125,255.3800048828125,260.3999938964844,254.39935302734375,1414200
2025-04-25,260.010009765625,260.30999755859375,255.89999389648438,259.1600036621094,253.1879425048828,1087900
2025-04-28,260.1300048828125,262.05999755859375,259.4800109863281,261.6099853515625,255.58148193359375,937700
2025-04-29,262.17999267578125,264.5199890136719,260.82000732421875,264.04998779296875,257.96527099609375,868900
2025-04-30,262.1400146484375,265.19000244140625,258.0899963378906,264.1300048828125,258.0434265136719,1297100
2025-05-01,261.760009765625,263.70001220703125,260.1099853515625,261.45001220703125,255.42515563964844,1153600
2025-05-02,264.0299987792969,267.79998779296875,262.7799987792969,267.4100036621094,261.2478332519531,1270000
2025-05-05,265.6400146484375,268.80999755859375,264.4700012207031,267.5400085449219,261.37481689453125,942800
2025-05-06,266.5899963378906,268.760009765625,265.30999755859375,268.04998779296875,261.8730773925781,919800
2025-05-07,267.6000061035156,270.4700012207031,266.92999267578125,268.8599853515625,262.6643981933594,1038200
2025-05-08,268.70001220703125,273.0799865722656,268.70001220703125,270.82000732421875,264.57928466796875,1103100
2025-05-09,270.75,271.7300109863281,269.260009765625,269.75,263.5339050292969,774600
2025-05-12,270.20001220703125,270.3500061035156,262.6400146484375,268.05999755859375,261.8828125,1320900
2025-05-13,267.9100036621094,269.8999938964844,264.1700134277344,264.9200134277344,258.81524658203125,1336600
2025-05-14,265.94000244140625,265.94000244140625,261.0899963378906,262.5899963378906,256.5389099121094,933700
2025-05-15,265.0799865722656,271.510009765625,265.0799865722656,270.8999938964844,264.6573791503906,1320200
2025-05-16,269.80999755859375,273.8900146484375,269.80999755859375,273.6300048828125,267.324462890625,867100
2025-05-19,273.75,275.0299987792969,272.20001220703125,274.5400085449219,268.2135314941406,866600
2025-05-20,273.94000244140625,274.7900085449219,272.9200134277344,273.7099914550781,267.4026794433594,946600
2025-05-21,273.0799865722656,273.67999267578125,270.0,271.1499938964844,264.9016418457031,797300
2025-05-22,272.3299865722656,272.8299865722656,268.1199951171875,271.0799865722656,264.8332214355469,886600
2025-05-23,271.5199890136719,272.9599914550781,268.95001220703125,271.0400085449219,264.7942199707031,832700
2025-05-27,274.19000244140625,276.05999755859375,270.6099853515625,275.8800048828125,269.5226745605469,1119700
2025-05-28,275.6199951171875,276.2099914550781,272.6000061035156,273.6499938964844,267.34405517578125,1647100
2025-05-29,273.2900085449219,275.0899963378906,272.2099914550781,274.4100036621094,268.0865478515625,1070700
2025-05-30,273.8999938964844,277.6499938964844,272.6099853515625,275.70001220703125,269.3468322753906,2689900
2025-06-02,273.4200134277344,276.3999938964844,272.2099914550781,276.3399963378906,269.9720458984375,958100
2025-06-03,276.3399963378906,277.8299865722656,270.7099914550781,276.07000732421875,269.7082824707031,1181500
2025-06-04,276.1499938964844,276.1499938964844,271.8399963378906,271.8599853515625,265.5953063964844,988800
2025-06-05,271.6099853515625,273.04998779296875,269.5,271.0199890136719,264.77459716796875,773000
2025-06-06,273.30999755859375,275.5799865722656,272.0799865722656,273.69000244140625,267.3830871582031,695500
2025-06-09,273.55999755859375,273.55999755859375,262.92999267578125,267.7799987792969,261.6092834472656,1227000
2025-06-10,266.4700012207031,266.4700012207031,262.42999267578125,263.0,257.999267578125,1385600
2025-06-11,262.6099853515625,264.0,260.239990234375,261.2699890136719,256.30218505859375,1326300
2025-06-12,260.2900085449219,266.0799865722656,258.8399963378906,265.95001220703125,260.8931579589844,1141400
2025-06-13,264.30999755859375,266.79998779296875,262.82000732421875,263.4700012207031,258.4603271484375,992400
2025-06-16,265.0,267.17999267578125,263.989990234375,265.1400146484375,260.0986022949219,1324600
2025-06-17,263.6000061035156,265.010009765625,262.17999267578125,264.4100036621094,259.3824462890625,1076000
2025-06-18,264.260009765625,266.739990234375,263.2200012207031,264.8999938964844,259.8631286621094,1166600
2025-06-20,270.3299865722656,274.010009765625,264.80999755859375,264.9800109863281,259.9416198730469,2979200
2025-06-23,265.760009765625,267.67999267578125,262.75,267.6199951171875,262.5314025878906,1116800
2025-06-24,268.9599914550781,268.9599914550781,265.510009765625,266.1400146484375,261.07952880859375,1117000
2025-06-25,265.67999267578125,266.4599914550781,260.260009765625,260.80999755859375,255.85092163085938,1224000
2025-06-26,262.5,263.7099914550781,260.19000244140625,262.95001220703125,257.9502258300781,1212700
2025-06-27,262.79998779296875,265.5,261.010009765625,263.30999755859375,258.3033752441406,1156800
2025-06-30,264.05999755859375,268.0,262.79998779296875,267.5400085449219,262.45294189453125,1312100
2025-07-01,266.2799987792969,269.1199951171875,264.5,267.0,261.9232177734375,1128600
2025-07-02,265.92999267578125,266.9200134277344,256.0,257.3399963378906,252.44688415527344,1375400
2025-07-03,259.8299865722656,264.1300048828125,258.1000061035156,264.1300048828125,259.1077880859375,859500
2025-07-07,263.44000244140625,264.0400085449219,257.8999938964844,258.989990234375,254.06553649902344,1112000
2025-07-08,257.3599853515625,259.94000244140625,255.8699951171875,256.3900146484375,251.5149688720703,1522400
2025-07-09,258.07000732421875,258.07000732421875,253.60000610351562,255.32000732421875,250.46530151367188,1356900
2025-07-10,253.60000610351562,256.3299865722656,252.66000366210938,255.99000549316406,251.12257385253906,1242600
2025-07-11,254.19000244140625,255.77000427246094,252.92999267578125,254.47999572753906,249.6412811279297,783400
2025-07-14,254.0500030517578,256.25,253.27999877929688,255.47000122070312,250.61245727539062,1120200
2025-07-15,253.5,254.16000366210938,249.19000244140625,250.6199951171875,245.85467529296875,1424800
2025-07-16,251.92999267578125,254.35000610351562,250.2100067138672,252.19000244140625,247.39480590820312,1429100
2025-07-17,251.72000122070312,262.4800109863281,251.3000030517578,261.80999755859375,256.8319091796875,2576700
2025-07-18,263.7300109863281,268.2300109863281,262.6199951171875,265.9700012207031,260.91278076171875,1687800
2025-07-21,265.04998779296875,267.6000061035156,263.0,263.239990234375,258.2347106933594,1174900
2025-07-22,264.67999267578125,267.7799987792969,264.6099853515625,266.7799987792969,261.7073974609375,1412700
2025-07-23,267.3399963378906,268.0,261.3399963378906,264.739990234375,259.7061767578125,1462200
2025-07-24,263.739990234375,265.04998779296875,260.8299865722656,261.989990234375,257.0084533691406,1545700
2025-07-25,261.510009765625,264.0799865722656,260.6099853515625,261.04998779296875,256.0863342285156,1194200
2025-07-28,260.0,260.239990234375,254.25,254.91000366210938,250.06309509277344,1271500
2025-07-29,257.19000244140625,260.010009765625,255.6300048828125,259.82000732421875,254.8797607421875,1415500
2025-07-30,260.6400146484375,261.6000061035156,257.6000061035156,258.9200134277344,253.9968719482422,867900
2025-07-31,257.92999267578125,263.3900146484375,257.92999267578125,260.239990234375,255.29173278808594,1744800
2025-08-01,260.1600036621094,260.8399963378906,256.05999755859375,258.32000732421875,253.40826416015625,1076900
2025-08-04,260.3500061035156,263.04998779296875,258.7099914550781,263.0,257.999267578125,946000
2025-08-05,263.8500061035156,266.5899963378906,263.5,265.1700134277344,260.1280517578125,1198300
2025-08-06,266.7200012207031,268.2099914550781,265.1700134277344,267.5799865722656,262.4921875,1112700
2025-08-07,267.6499938964844,268.57000732421875,262.8299865722656,265.3599853515625,260.31439208984375,977300
2025-08-08,266.6099853515625,267.5899963378906,263.0299987792969,264.8699951171875,259.833740234375,920500
2025-08-11,265.17999267578125,267.54998779296875,263.2799987792969,264.260009765625,259.2353210449219,938100
2025-08-12,264.260009765625,265.7900085449219,262.9599914550781,263.92999267578125,258.9115905761719,1198000
2025-08-13,265.92999267578125,270.2799987792969,265.4200134277344,269.29998779296875,264.1794738769531,1409200
2025-08-14,269.4800109863281,269.9100036621094,266.3800048828125,268.5899963378906,263.4830017089844,1506200
2025-08-15,270.79998779296875,270.79998779296875,265.29998779296875,265.5899963378906,260.5400085449219,1295700
2025-08-18,264.5199890136719,265.7799987792969,263.3699951171875,264.9200134277344,259.8827819824219,968400
2025-08-19,265.2300109863281,268.8900146484375,265.1499938964844,268.8699951171875,263.7576599121094,1364200
2025-08-20,270.0400085449219,275.3399963378906,268.94000244140625,274.3900146484375,269.1726989746094,1368100
2025-08-21,272.5299987792969,276.4200134277344,272.4599914550781,274.9200134277344,269.6926574707031,1217200
2025-08-22,277.0,279.0400085449219,275.760009765625,276.2900085449219,271.0365905761719,1457600
2025-08-25,275.29998779296875,276.1099853515625,272.1499938964844,272.3399963378906,267.1616516113281,1068700
2025-08-26,271.3800048828125,272.3299865722656,270.44000244140625,270.8900146484375,265.7392272949219,2039600
2025-08-27,270.57000732421875,274.0400085449219,270.239990234375,272.2099914550781,267.0341796875,808000
2025-08-28,271.8299865722656,272.4200134277344,269.1400146484375,270.2799987792969,265.140869140625,827900
2025-08-29,270.3999938964844,272.4100036621094,269.9100036621094,271.510009765625,266.3474426269531,681000
2025-09-02,271.260009765625,273.6099853515625,268.8500061035156,273.3500061035156,268.1524658203125,1408900
2025-09-03,272.1099853515625,276.6300048828125,270.6400146484375,276.54998779296875,271.2916259765625,1615600
2025-09-04,278.55999755859375,280.70001220703125,276.6600036621094,279.42999267578125,274.1168518066406,1239800
2025-09-05,279.0400085449219,280.3699951171875,273.9599914550781,275.2200012207031,269.9869384765625,970700
2025-09-08,275.4599914550781,275.4599914550781,271.3399963378906,274.4800109863281,269.260986328125,843700
2025-09-09,273.8599853515625,275.54998779296875,272.2699890136719,273.54998779296875,268.3486633300781,1046600
2025-09-10,270.3900146484375,272.4200134277344,269.20001220703125,272.3299865722656,268.23046875,844400
2025-09-11,272.5400085449219,279.75,272.05999755859375,279.42999267578125,275.2236022949219,1089100
2025-09-12,278.6300048828125,280.0,277.8900146484375,278.92999267578125,274.7311096191406,852100
2025-09-15,278.19000244140625,279.70001220703125,276.1000061035156,276.29998779296875,272.14068603515625,805400
2025-09-16,274.8800048828125,274.8800048828125,270.67999267578125,271.95001220703125,267.856201171875,2475000
2025-09-17,272.5299987792969,276.79998779296875,272.1300048828125,275.0299987792969,270.8898620605469,982300
2025-09-18,273.2900085449219,278.8699951171875,272.5,277.8999938964844,273.71661376953125,965900
2025-09-19,278.7900085449219,278.7900085449219,275.32000732421875,277.0,272.8302001953125,2499800
2025-09-22,276.0299987792969,277.0,274.2699890136719,276.1099853515625,271.9535827636719,693400
2025-09-23,275.55999755859375,279.0799865722656,274.239990234375,276.260009765625,272.1013488769531,854800
2025-09-24,275.79998779296875,277.260009765625,274.8399963378906,276.6600036621094,272.4952697753906,734400
2025-09-25,278.69000244140625,278.760009765625,274.0299987792969,274.2200012207031,270.092041015625,876800
2025-09-26,276.3299865722656,278.3399963378906,274.6000061035156,277.760009765625,273.5787658691406,756200
2025-09-29,277.7900085449219,277.7900085449219,274.8399963378906,276.5,272.33770751953125,951200
2025-09-30,276.5199890136719,280.05999755859375,276.5199890136719,279.2200012207031,275.01678466796875,789000
2025-10-01,277.6400146484375,279.6199951171875,276.760009765625,277.239990234375,273.0665283203125,764400
2025-10-02,276.2099914550781,280.2699890136719,275.5199890136719,280.0400085449219,275.824462890625,839400
2025-10-03,279.8800048828125,286.1700134277344,279.5,284.55999755859375,280.2763671875,992700
2025-10-06,285.010009765625,285.69000244140625,281.8299865722656,282.7300109863281,278.47393798828125,1103900
2025-10-07,282.7900085449219,286.8900146484375,282.7900085449219,284.9700012207031,280.68017578125,770100
2025-10-08,287.95001220703125,287.95001220703125,281.8599853515625,282.760009765625,278.5035095214844,905000
2025-10-09,283.05999755859375,284.82000732421875,273.8800048828125,274.4100036621094,270.2792053222656,1402900
2025-10-10,275.8599853515625,276.1600036621094,269.3299865722656,270.1199951171875,266.0537414550781,1199400
2025-10-13,268.5299987792969,272.3500061035156,266.4700012207031,270.3800048828125,266.3098449707031,854300
2025-10-14,270.32000732421875,275.8599853515625,270.32000732421875,275.6400146484375,271.4906921386719,909200
2025-10-15,271.82000732421875,274.1099853515625,266.7799987792969,269.45001220703125,265.3938293457031,2058500
2025-10-16,252.60000610351562,265.5899963378906,252.25999450683594,261.57000732421875,257.6324462890625,2404900
2025-10-17,262.6700134277344,266.7900085449219,261.8699951171875,262.010009765625,258.0658264160156,2276000
2025-10-20,264.3999938964844,265.7699890136719,262.8999938964844,265.25,261.257080078125,1054600
2025-10-21,265.9800109863281,270.5299987792969,264.8800048828125,269.3399963378906,265.2854919433594,1146700
2025-10-22,270.3399963378906,271.739990234375,267.1499938964844,268.489990234375,264.4483337402344,999900
2025-10-23,269.55999755859375,269.94000244140625,267.42999267578125,269.1000061035156,265.04913330078125,1173000
2025-10-24,270.010009765625,270.6000061035156,269.0899963378906,269.8900146484375,265.82720947265625,917300
2025-10-27,269.6400146484375,270.5899963378906,268.489990234375,270.3399963378906,266.27044677734375,1108100
2025-10-28,269.45001220703125,272.32000732421875,267.5299987792969,268.1300048828125,264.09368896484375,1341300
2025-10-29,265.2799987792969,269.3299865722656,265.239990234375,267.9100036621094,263.8770446777344,1262700
2025-10-30,269.05999755859375,274.5400085449219,267.8999938964844,271.010009765625,266.93035888671875,1473500
2025-10-31,268.32000732421875,271.1000061035156,267.75,268.6199951171875,264.5763244628906,1900900
2025-11-03,267.3800048828125,268.5299987792969,264.25,267.6600036621094,263.63079833984375,1981800
2025-11-04,269.0799865722656,277.3599853515625,268.3800048828125,277.2799987792969,273.1059875488281,1769700
2025-11-05,277.9700012207031,279.5899963378906,276.4800109863281,276.6499938964844,272.4854736328125,1158400
2025-11-06,277.3299865722656,279.1300048828125,275.69000244140625,276.260009765625,272.1013488769531,856900
2025-11-07,277.4100036621094,280.70001220703125,276.0,279.80999755859375,275.5978698730469,931100
2025-11-10,278.489990234375,282.8599853515625,277.4100036621094,282.3900146484375,278.1390686035156,1503800
2025-11-11,283.7799987792969,286.7300109863281,282.0,286.0199890136719,281.71441650390625,1453000
2025-11-12,286.0,288.95001220703125,285.5899963378906,286.1300048828125,281.82275390625,1483200
2025-11-13,286.239990234375,290.6199951171875,284.79998779296875,287.4200134277344,283.09332275390625,1595100
2025-11-14,288.5400085449219,290.3599853515625,284.8299865722656,287.2900085449219,282.9653015136719,1437300
2025-11-17,288.25,289.5899963378906,284.0299987792969,284.510009765625,280.2271423339844,1343200
2025-11-18,284.260009765625,289.2900085449219,283.5899963378906,286.8500061035156,282.53192138671875,1199900
2025-11-19,286.57000732421875,288.19000244140625,283.4599914550781,285.4700012207031,281.17266845703125,1116100
2025-11-20,286.739990234375,289.8699951171875,286.0199890136719,287.8500061035156,283.5168762207031,1296200
2025-11-21,289.6400146484375,292.5,288.3999938964844,290.07000732421875,285.70343017578125,1781300
2025-11-24,290.0,293.0,287.989990234375,290.8399963378906,286.4618835449219,1825700
2025-11-25,293.010009765625,296.8500061035156,291.3699951171875,293.70001220703125,289.2788391113281,1708600
2025-11-26,294.07000732421875,296.07000732421875,293.7699890136719,294.5199890136719,290.08642578125,1094700
2025-11-28,295.7099914550781,296.5400085449219,292.69000244140625,292.8599853515625,288.451416015625,566800
2025-12-01,292.5199890136719,294.3500061035156,290.0199890136719,290.5,286.126953125,1019300
2025-12-02,290.4100036621094,290.95001220703125,287.5,288.5199890136719,284.1767578125,1314400
2025-12-03,289.57000732421875,290.25,283.32000732421875,284.2699890136719,279.9907531738281,1813900
2025-12-04,283.95001220703125,285.82000732421875,282.4700012207031,282.8500061035156,278.5921325683594,1282700
2025-12-05,282.07000732421875,282.92999267578125,279.6400146484375,280.8900146484375,276.66162109375,1287300
2025-12-08,280.0199890136719,281.4599914550781,277.5199890136719,279.8699951171875,275.6570129394531,1450700
2025-12-09,281.1199951171875,283.6400146484375,279.0400085449219,279.1600036621094,274.9576721191406,1831600
2025-12-10,278.54998779296875,281.04998779296875,277.3999938964844,278.3500061035156,275.2444152832031,1417000
2025-12-11,279.5,284.6000061035156,278.7699890136719,282.8800048828125,279.7239074707031,2090100
2025-12-12,284.5299987792969,285.4800109863281,283.3399963378906,285.30999755859375,282.12677001953125,1617300
2025-12-15,286.4599914550781,290.8900146484375,285.8299865722656,290.5899963378906,287.3478698730469,2074900
2025-12-16,291.55999755859375,292.5299987792969,288.55999755859375,289.6099853515625,286.3788146972656,1725500
2025-12-17,289.3900146484375,291.3900146484375,287.7799987792969,291.2699890136719,288.020263671875,1797800
2025-12-18,290.6099853515625,294.3399963378906,288.8500061035156,293.6499938964844,290.37371826171875,1342400
2025-12-19,293.6499938964844,295.1000061035156,291.3999938964844,292.9200134277344,289.6518859863281,2781200
2025-12-22,291.7699890136719,293.5400085449219,290.8500061035156,291.6400146484375,288.38616943359375,1158100
2025-12-23,291.7900085449219,293.9700012207031,290.94000244140625,292.4599914550781,289.1969909667969,989500
2025-12-24,291.989990234375,294.6700134277344,291.739990234375,293.8399963378906,290.5616149902344,455200
2025-12-26,293.80999755859375,294.1600036621094,291.29998779296875,292.1199951171875,288.8608093261719,470800
2025-12-29,292.19000244140625,293.3399963378906,291.20001220703125,291.92999267578125,288.67291259765625,842300
2025-12-30,291.3500061035156,292.79998779296875,290.6600036621094,292.3800048828125,289.1178894042969,683600
2025-12-31,291.42999267578125,292.3999938964844,289.9200134277344,290.05999755859375,286.82379150390625,711000
2026-01-02,288.6099853515625,290.04998779296875,283.19000244140625,285.19000244140625,282.00811767578125,1223000
2026-01-05,283.42999267578125,291.489990234375,282.6199951171875,287.760009765625,284.5494689941406,1554500
2026-01-06,285.5299987792969,287.1700134277344,282.0799865722656,285.19000244140625,282.00811767578125,1499800
2026-01-07,284.3599853515625,286.45001220703125,282.7200012207031,283.19000244140625,280.0304260253906,1966400
2026-01-08,282.3800048828125,285.7799987792969,281.7099914550781,284.17999267578125,281.0093688964844,2347300
2026-01-09,284.6300048828125,286.20001220703125,281.6499938964844,281.9599914550781,278.81414794921875,1438200
2026-01-12,281.2900085449219,282.67999267578125,278.8900146484375,280.489990234375,277.36053466796875,1661800
2026-01-13,281.07000732421875,281.07000732421875,270.6099853515625,271.20001220703125,268.1741943359375,2012400
2026-01-14,271.739990234375,273.45001220703125,268.8399963378906,272.739990234375,269.697021484375,1819200
2026-01-15,272.8800048828125,275.6099853515625,270.30999755859375,271.3399963378906,268.3126525878906,1775700
2026-01-16,270.0899963378906,271.9100036621094,268.5199890136719,269.4200134277344,266.4140930175781,1841600
2026-01-20,268.32000732421875,271.5299987792969,268.0,269.6099853515625,266.6018981933594,2274400
2026-01-21,274.45001220703125,276.5299987792969,268.1400146484375,272.6499938964844,269.6080322265625,2571700
2026-01-22,271.07000732421875,278.69000244140625,269.5,278.4800109863281,275.3730163574219,1663200
2026-01-23,278.95001220703125,280.6199951171875,274.3900146484375,277.7200012207031,274.6214599609375,1679100
2026-01-26,279.45001220703125,284.1499938964844,279.05999755859375,281.7099914550781,278.56695556640625,1433900
2026-01-27,283.42999267578125,283.7699890136719,279.5,281.2699890136719,278.1318359375,1394000
2026-01-28,280.44000244140625,282.739990234375,277.989990234375,282.0400085449219,278.8932800292969,1416200
2026-01-29,284.1000061035156,286.739990234375,282.4200134277344,284.2900085449219,281.1181640625,1764100
2026-01-30,284.6700134277344,286.0,281.3599853515625,284.510009765625,281.3357238769531,2389900
2026-02-02,285.9100036621094,289.32000732421875,284.4800109863281,285.6300048828125,282.4432373046875,1942200
2026-02-03,284.55999755859375,290.6000061035156,283.2799987792969,288.2300109863281,285.01422119140625,1472800
2026-02-04,289.17999267578125,296.0899963378906,289.1000061035156,295.2200012207031,291.92620849609375,2316700
2026-02-05,296.07000732421875,302.3800048828125,295.3599853515625,300.30999755859375,296.95941162109375,1934500
2026-02-06,302.0799865722656,304.3999938964844,300.25,301.489990234375,298.1262512207031,1963100
2026-02-09,300.75,303.45001220703125,291.5400085449219,292.82000732421875,289.552978515625,1650900
2026-02-10,292.6400146484375,300.7900085449219,292.6400146484375,298.6099853515625,295.27838134765625,2447800
2026-02-11,297.9200134277344,300.2099914550781,293.7699890136719,299.0299987792969,295.6936950683594,1876400
2026-02-12,301.9700012207031,302.0,295.3399963378906,297.42999267578125,294.1115417480469,2063600
2026-02-13,296.25,297.44000244140625,292.0,294.2099914550781,290.927490234375,1764500
2026-02-17,297.0299987792969,300.5199890136719,296.4200134277344,299.2300109863281,295.8914794921875,1437400
2026-02-18,299.69000244140625,300.6600036621094,295.1099853515625,298.4599914550781,295.13006591796875,1343300
2026-02-19,300.0799865722656,301.5799865722656,296.9599914550781,299.8999938964844,296.5539855957031,1065400
2026-02-20,302.55999755859375,304.94000244140625,298.8299865722656,304.92999267578125,301.5278625488281,1352900
2026-02-23,305.0,309.3699951171875,303.7300109863281,305.3900146484375,301.9827880859375,1771100
2026-02-24,304.44000244140625,308.05999755859375,302.1000061035156,305.42999267578125,302.02227783203125,1146700
2026-02-25,306.0400085449219,307.3800048828125,302.6099853515625,304.760009765625,301.35980224609375,2026700
2026-02-26,306.260009765625,308.6199951171875,304.5,306.239990234375,302.8232421875,1018300
2026-02-27,306.6000061035156,309.80999755859375,304.3599853515625,308.6400146484375,305.1965026855469,1868600
2026-03-02,307.55999755859375,313.1199951171875,307.1300048828125,310.6700134277344,307.203857421875,1216600
2026-03-03,307.67999267578125,312.2300109863281,304.55999755859375,310.9700012207031,307.5004577636719,2249900
2026-03-04,309.510009765625,312.9200134277344,306.82000732421875,312.0299987792969,308.54864501953125,1315800
2026-03-05,310.3299865722656,311.5299987792969,302.9700012207031,306.6400146484375,303.21881103515625,1306600
2026-03-06,304.7799987792969,307.260009765625,300.82000732421875,306.30999755859375,302.8924865722656,1268500
2026-03-09,304.3699951171875,304.9100036621094,299.9200134277344,303.19000244140625,299.8072814941406,1734900
2026-03-10,301.2699890136719,305.57000732421875,299.9599914550781,302.44000244140625,300.1546325683594,1517000
2026-03-11,301.29998779296875,301.29998779296875,297.6199951171875,299.3999938964844,297.1376037597656,1296400
2026-03-12,295.3399963378906,304.3399963378906,293.6600036621094,302.010009765625,299.7279052734375,1432300
2026-03-13,305.3999938964844,306.30999755859375,302.1499938964844,302.489990234375,300.2042541503906,1121500
2026-03-16,303.5299987792969,308.2799987792969,303.30999755859375,304.6400146484375,302.3380432128906,1256700
2026-03-17,308.2699890136719,308.9800109863281,305.92999267578125,306.3299865722656,304.0152282714844,1271300
2026-03-18,305.19000244140625,306.0,299.0299987792969,299.25,296.9887390136719,1269300
2026-03-19,299.82000732421875,300.8800048828125,294.6300048828125,296.8399963378906,294.5969543457031,1414700
2026-03-20,296.489990234375,299.7699890136719,295.0299987792969,296.6000061035156,294.3587951660156,4429700
2026-03-23,300.9200134277344,301.7799987792969,294.5,295.5199890136719,293.28692626953125,1361000
2026-03-24,295.3699951171875,297.3399963378906,292.1099853515625,293.010009765625,290.7959289550781,1250000
2026-03-25,294.6099853515625,296.0,289.5799865722656,290.5899963378906,288.3941955566406,1412300
2026-03-26,290.1600036621094,293.010009765625,289.1600036621094,291.1300048828125,288.93011474609375,1158400
2026-03-27,291.44000244140625,292.04998779296875,284.6600036621094,285.2699890136719,283.1143798828125,807900
2026-03-30,287.67999267578125,293.1300048828125,286.1499938964844,291.82000732421875,289.6148986816406,1390300
2026-03-31,294.69000244140625,295.5299987792969,287.69000244140625,291.67999267578125,289.4759521484375,1281900
2026-04-01,290.9599914550781,292.80999755859375,288.5199890136719,290.5299987792969,288.33465576171875,1463900
2026-04-02,291.0799865722656,294.75,290.0799865722656,293.989990234375,291.76849365234375,924100
2026-04-06,292.92999267578125,295.6499938964844,290.8299865722656,295.54998779296875,293.31671142578125,896500
2026-04-07,295.0299987792969,297.45001220703125,292.67999267578125,295.04998779296875,292.8204650878906,923200
2026-04-08,298.3699951171875,301.6499938964844,292.4800109863281,301.5899963378906,299.3110656738281,1232300
2026-04-09,299.4700012207031,306.260009765625,298.04998779296875,303.2300109863281,300.9386901855469,1302200
2026-04-10,302.0400085449219,302.260009765625,295.6199951171875,297.260009765625,295.0137939453125,1408400
2026-04-13,296.45001220703125,301.8999938964844,296.0400085449219,301.30999755859375,299.0331726074219,913000
2026-04-14,299.4800109863281,301.6300048828125,298.2699890136719,299.5899963378906,297.326171875,1185900
2026-04-15,299.3399963378906,302.45001220703125,298.4800109863281,299.3299865722656,297.068115234375,1538100
2026-04-16,296.1400146484375,299.30999755859375,292.3999938964844,298.8399963378906,296.58184814453125,1555800
2026-04-17,298.3900146484375,305.0899963378906,298.20001220703125,300.80999755859375,298.5369873046875,2374800
2026-04-20,301.0,306.20001220703125,300.32000732421875,300.7799987792969,298.5072021484375,1833500
2026-04-21,301.4599914550781,302.760009765625,298.5799865722656,301.4200134277344,299.1423645019531,2234100
2026-04-22,300.1000061035156,302.0400085449219,298.57000732421875,301.67999267578125,299.400390625,1573700
2026-04-23,303.42999267578125,308.1000061035156,303.1199951171875,307.3299865722656,305.0076904296875,1188200
2026-04-24,306.6199951171875,307.3299865722656,302.1099853515625,302.7300109863281,300.4424743652344,1694400
2026-04-27,301.2300109863281,307.45001220703125,301.0,303.739990234375,301.44482421875,1422000
2026-04-28,307.8699951171875,311.5799865722656,305.8599853515625,310.0199890136719,307.6773681640625,1200300
2026-04-29,309.3800048828125,310.0,301.1099853515625,302.25,299.9660949707031,1826200
2026-04-30,300.7699890136719,305.9599914550781,300.5400085449219,305.1400146484375,302.8342590332031,1560200
2026-05-01,307.04998779296875,310.4100036621094,304.7099914550781,304.7200012207031,302.41741943359375,1093700
2026-05-04,303.5,307.3699951171875,301.2099914550781,301.5299987792969,299.25152587890625,1071400
2026-05-05,301.29998779296875,303.7200012207031,300.510009765625,301.3500061035156,299.0729064941406,936000
2026-05-06,302.4599914550781,305.4700012207031,300.7799987792969,301.5899963378906,299.3110656738281,1120400
2026-05-07,300.2900085449219,304.6600036621094,297.8500061035156,298.94000244140625,296.6811218261719,1205900
2026-05-08,299.9100036621094,300.4200134277344,296.6000061035156,298.0400085449219,295.78790283203125,900800
2026-05-11,299.3800048828125,300.5400085449219,295.2699890136719,297.1300048828125,294.8847961425781,1174900
2026-05-12,298.1600036621094,301.1700134277344,296.55999755859375,298.260009765625,296.0062255859375,1179000
2026-05-13,296.67999267578125,299.5799865722656,291.8299865722656,295.0199890136719,292.7906799316406,1363800
2026-05-14,296.9100036621094,299.760009765625,296.5400085449219,298.2900085449219,296.0360107421875,1990800
2026-05-15,298.4700012207031,302.1099853515625,297.2200012207031,299.760009765625,297.4949035644531,1568400
2026-05-18,299.95001220703125,306.32000732421875,299.95001220703125,305.989990234375,303.6778259277344,1228500
2026-05-19,305.8299865722656,308.9200134277344,302.489990234375,305.5199890136719,303.21136474609375,1845900
2026-05-20,307.2900085449219,307.6600036621094,303.010009765625,306.9599914550781,304.6405029296875,1348700
2026-05-21,305.1300048828125,309.510009765625,302.2799987792969,307.2300109863281,304.9084777832031,1552200
2026-05-22,308.82000732421875,309.5400085449219,306.0400085449219,306.4599914550781,304.1442565917969,1386300
2026-05-26,307.5299987792969,309.8800048828125,303.9700012207031,304.8399963378906,302.5365295410156,854500
2026-05-27,304.6499938964844,307.6499938964844,299.69000244140625,299.94000244140625,297.67352294921875,1225300
2026-05-28,298.0799865722656,299.54998779296875,293.7900085449219,294.30999755859375,292.0860595703125,1172400
2026-05-29,293.8500061035156,295.6000061035156,290.82000732421875,291.8900146484375,289.6843566894531,2712100
2026-06-01,289.510009765625,292.6700134277344,288.75,288.92999267578125,286.7467346191406,1579800
2026-06-02,288.20001220703125,293.70001220703125,287.1099853515625,291.8599853515625,289.6545715332031,1663400
2026-06-03,291.6400146484375,294.9100036621094,288.95001220703125,289.95001220703125,287.759033203125,1377200
2026-06-04,294.6099853515625,297.05999755859375,291.94000244140625,293.42999267578125,291.21270751953125,1304300
2026-06-05,295.7099914550781,303.8900146484375,295.42999267578125,303.25,300.9585266113281,1151500
2026-06-08,299.7799987792969,303.92999267578125,296.57000732421875,296.7300109863281,294.48779296875,1478900
2026-06-09,298.55999755859375,301.45001220703125,297.1400146484375,300.25,297.981201171875,1260900
2026-06-10,300.6199951171875,305.9599914550781,299.54998779296875,303.3599853515625,302.3263244628906,1243700
2026-06-11,304.55999755859375,307.1300048828125,303.6099853515625,303.8999938964844,302.864501953125,1882900
2026-06-12,301.2699890136719,306.3699951171875,297.010009765625,304.4599914550781,303.4225769042969,2024500
2026-06-15,305.1099853515625,309.010009765625,299.1700134277344,306.4700012207031,305.4257507324219,2082300
2026-06-16,308.8299865722656,311.25,306.92999267578125,307.510009765625,306.46221923828125,2314200
2026-06-17,306.94000244140625,309.32000732421875,304.5199890136719,306.07000732421875,305.0271301269531,2142800
2026-06-18,308.69000244140625,309.8500061035156,301.6499938964844,307.80999755859375,306.76116943359375,5783600
2026-06-22,308.1300048828125,313.6600036621094,307.6700134277344,310.6099853515625,309.5516357421875,3498500
2026-06-23,313.239990234375,317.5799865722656,309.5899963378906,316.9599914550781,315.8800048828125,4129600
2026-06-24,317.5899963378906,323.0,316.4100036621094,320.739990234375,319.6471252441406,1733100
2026-06-25,320.9200134277344,325.8900146484375,318.1600036621094,318.2900085449219,317.2054748535156,1455100
2026-06-26,319.989990234375,327.6400146484375,319.3900146484375,327.3699951171875,326.2545166015625,3658500
2026-06-29,327.0,332.010009765625,325.5199890136719,331.8800048828125,330.7491760253906,1314600
2026-06-30,332.4100036621094,334.1400146484375,328.0,330.1199951171875,328.9951477050781,1730200
2026-07-01,331.8900146484375,337.4599914550781,331.0,334.6199951171875,333.4798278808594,1365800
2026-07-02,336.0299987792969,342.30999755859375,331.79998779296875,342.30999755859375,341.14361572265625,1459200
2026-07-06,341.67999267578125,343.45001220703125,337.0,339.1700134277344,338.01434326171875,1513900
2026-07-07,343.510009765625,349.3500061035156,342.1300048828125,343.7300109863281,342.5588073730469,1525600
2026-07-08,340.8299865722656,342.739990234375,337.6600036621094,337.94000244140625,336.78851318359375,1688500
2026-07-09,340.69000244140625,343.3999938964844,335.6600036621094,337.4800109863281,336.3301086425781,1368000
2026-07-10,337.3800048828125,339.04998779296875,334.0299987792969,338.9200134277344,337.76519775390625,1074500
2026-07-13,337.2300109863281,342.3299865722656,333.5299987792969,341.510009765625,340.34637451171875,1400000
2026-07-14,339.29998779296875,342.4200134277344,335.92999267578125,336.8299865722656,335.6822814941406,1796800
2026-07-15,330.0,331.92999267578125,325.3900146484375,329.19000244140625,328.0683288574219,1764300
2026-07-16,329.0,337.989990234375,329.0,337.82000732421875,336.6689453125,2426500
2026-07-17,342.6600036621094,370.42999267578125,341.5199890136719,368.9800109863281,367.7227783203125,4308900
2026-07-20,367.6000061035156,371.94000244140625,362.5,368.5,367.244384765625,2378600
2026-07-21,366.67999267578125,370.2300109863281,362.3299865722656,369.6300048828125,368.37054443359375,2350900
2026-07-22,368.1400146484375,374.0,366.510009765625,372.0799865722656,370.8121643066406,2475800
2026-07-23,374.0,378.6600036621094,370.05999755859375,376.3699951171875,375.0875549316406,2375800
2026-07-24,378.5299987792969,389.1099853515625,377.8699951171875,387.260009765625,385.94049072265625,2535600
2026-07-27,387.5299987792969,391.989990234375,386.6600036621094,390.3500061035156,389.01995849609375,1430600
2026-07-28,394.8699951171875,398.70001220703125,392.3299865722656,397.2200012207031,395.86651611328125,2412500
2026-07-29,396.04998779296875,397.3999938964844,386.8900146484375,389.010009765625,387.68450927734375,3516500
2026-07-30,386.2699890136719,386.95001220703125,369.70001220703125,375.989990234375,374.7088623046875,2417500
2026-07-31,373.989990234375,379.5799865722656,371.69000244140625,374.3599853515625,373.08441162109375,1841100
2026-08-03,377.0799865722656,378.95001220703125,372.4599914550781,373.82000732421875,372.5462646484375,2313300
2026-08-04,370.32000732421875,378.75,370.1499938964844,377.1499938964844,375.8648986816406,2047000
2026-08-05,378.19000244140625,385.3999938964844,378.19000244140625,382.45001220703125,381.1468811035156,1436000
2026-08-06,385.3999938964844,386.5899963378906,382.25,386.0,384.68475341796875,1476800
2026-08-07,383.9700012207031,386.239990234375,379.92999267578125,384.30999755859375,383.0005187988281,1235100
2026-08-10,382.4800109863281,382.4800109863281,374.3599853515625,375.6199951171875,374.3401184082031,1573900
2026-08-11,373.510009765625,377.760009765625,373.510009765625,375.6099853515625,374.33013916015625,1245700
2026-08-12,372.6199951171875,378.4599914550781,369.04998779296875,370.1600036621094,368.89874267578125,2652600
2026-08-13,371.4599914550781,374.8699951171875,368.75,370.0,368.7392883300781,1788200
2026-08-14,370.2099914550781,371.6199951171875,368.010009765625,370.3599853515625,369.0980224609375,1222000
2026-08-17,368.3500061035156,373.9100036621094,364.20001220703125,364.510009765625,363.26800537109375,1134200
2026-08-18,366.67999267578125,370.82000732421875,366.6499938964844,367.92999267578125,366.67633056640625,1902900
2026-08-19,367.79998779296875,371.3900146484375,361.9599914550781,362.2200012207031,360.98577880859375,2558400
2026-08-20,360.2799987792969,367.0799865722656,358.8800048828125,364.489990234375,363.248046875,1434200
2026-08-21,365.2900085449219,367.19000244140625,363.3800048828125,363.5799865722656,362.34112548828125,1614100
2026-08-24,365.80999755859375,372.6499938964844,364.8299865722656,370.54998779296875,369.2873840332031,1553900
2026-08-25,370.1000061035156,370.989990234375,366.4200134277344,369.6600036621094,368.40045166015625,1144700
2026-08-26,372.0299987792969,373.54998779296875,369.9200134277344,371.1499938964844,369.8853454589844,1635100
2026-08-27,368.1499938964844,372.29998779296875,366.1400146484375,369.3299865722656,368.071533203125,1222100
2026-08-28,371.17999267578125,372.4700012207031,368.1000061035156,369.8999938964844,368.6396179199219,976900
2026-08-31,369.6600036621094,370.44000244140625,365.8399963378906,365.92999267578125,364.6831359863281,1878300
2026-09-01,366.0,369.05999755859375,363.2099914550781,363.9200134277344,362.67999267578125,1701800
2026-09-02,366.2099914550781,367.9100036621094,364.04998779296875,366.17999267578125,364.9322814941406,1187600
2026-09-03,367.8500061035156,376.57000732421875,366.95001220703125,374.3399963378906,373.0644836425781,1627000
2026-09-04,372.1199951171875,374.8900146484375,368.3500061035156,369.3500061035156,368.09149169921875,1166800
2026-09-08,365.3699951171875,368.2200012207031,362.57000732421875,365.6600036621094,364.4140625,1258400
2026-09-09,363.0,367.5799865722656,359.8699951171875,366.8500061035156,365.6000061035156,1515400
2026-09-10,369.55999755859375,370.5199890136719,364.6000061035156,367.55999755859375,367.55999755859375,1244600
2026-09-11,370.57000732421875,375.29998779296875,369.6000061035156,375.20001220703125,375.20001220703125,1620900
2026-09-14,383.0,383.989990234375,375.0299987792969,378.04998779296875,378.04998779296875,1360900
2026-09-15,377.4700012207031,379.5400085449219,376.0,377.9700012207031,377.9700012207031,1095800
2026-09-16,376.5,380.94000244140625,375.3399963378906,378.9200134277344,378.9200134277344,1602000
2026-09-17,380.2099914550781,382.9700012207031,375.67999267578125,379.489990234375,379.489990234375,1368000
2026-09-18,376.95001220703125,376.95001220703125,372.5299987792969,374.6199951171875,374.6199951171875,3288800
2026-09-21,374.6099853515625,376.6600036621094,370.67999267578125,371.1300048828125,371.1300048828125,1114400
2026-09-22,369.9200134277344,370.30999755859375,359.32000732421875,362.010009765625,362.010009765625,1650000
2026-09-23,361.2200012207031,368.2200012207031,359.95001220703125,360.3900146484375,360.3900146484375,1856700
2026-09-24,362.010009765625,366.489990234375,361.8500061035156,362.3900146484375,362.3900146484375,1053500
2026-09-25,361.67999267578125,364.0299987792969,359.67999267578125,363.0400085449219,363.0400085449219,807600
2026-09-28,363.3800048828125,364.79998779296875,360.7300109863281,363.1600036621094,363.1600036621094,829500
2026-09-29,359.80999755859375,364.0,358.3900146484375,363.2099914550781,363.2099914550781,1140900
2026-09-30,362.2799987792969,363.6400146484375,356.45001220703125,356.510009765625,356.510009765625,1174600
