Date,Open,High,Low,Close,Adj Close,Volume
2020-12-31,345.0400085449219,351.0899963378906,344.04998779296875,350.67999267578125,316.9681701660156,1969000
2021-01-04,351.45001220703125,352.0799865722656,340.3800048828125,349.5,315.901611328125,4203800
2021-01-05,348.69000244140625,351.3599853515625,344.4800109863281,344.79998779296875,311.6534423828125,3160500
2021-01-06,337.1099853515625,359.489990234375,335.1099853515625,359.2699890136719,324.73236083984375,6561400
2021-01-07,358.5400085449219,366.45001220703125,357.9200134277344,365.0299987792969,329.9385681152344,3366700
2021-01-08,367.0,367.489990234375,358.760009765625,363.3900146484375,328.4562072753906,2947800
2021-01-11,362.6199951171875,364.2900085449219,359.19000244140625,360.75,326.0700988769531,2695100
2021-01-12,357.94000244140625,360.0799865722656,355.2300109863281,357.3699951171875,323.0150451660156,2372500
2021-01-13,356.0400085449219,356.80999755859375,351.2300109863281,355.0400085449219,320.9090881347656,1974500
2021-01-14,356.8500061035156,358.80999755859375,350.4200134277344,350.5299987792969,316.83258056640625,2919900
2021-01-15,349.1199951171875,353.04998779296875,345.739990234375,351.29998779296875,317.52850341796875,3777000
2021-01-19,356.2099914550781,356.9599914550781,351.55999755859375,352.19000244140625,318.3330078125,3361300
2021-01-20,351.8800048828125,352.0799865722656,345.8299865722656,350.8399963378906,317.11285400390625,3036800
2021-01-21,350.80999755859375,360.8900146484375,350.739990234375,355.0,320.8727722167969,3749800
2021-01-22,353.30999755859375,354.6199951171875,347.5400085449219,347.54998779296875,314.1390380859375,2585100
2021-01-25,347.1499938964844,350.3900146484375,344.6000061035156,347.80999755859375,314.3740234375,2506300
2021-01-26,350.510009765625,351.510009765625,342.57000732421875,343.1099853515625,310.1258850097656,2467500
2021-01-27,337.0400085449219,338.0,329.010009765625,332.989990234375,300.9787292480469,4770900
2021-01-28,336.6400146484375,346.5799865722656,334.510009765625,338.1499938964844,305.6427001953125,2769900
2021-01-29,336.5299987792969,339.0199890136719,330.6300048828125,333.5799865722656,301.51202392578125,3899200
2021-02-01,335.0299987792969,338.1499938964844,332.739990234375,334.0,301.8915710449219,3020200
2021-02-02,337.1000061035156,344.6400146484375,337.1000061035156,338.7200012207031,306.157958984375,2663700
2021-02-03,338.0,340.1600036621094,334.6000061035156,337.8900146484375,305.40765380859375,2537100
2021-02-04,332.32000732421875,335.2900085449219,328.3900146484375,329.32000732421875,297.6615905761719,5962200
2021-02-05,332.1099853515625,333.4800109863281,323.4800109863281,324.510009765625,293.31396484375,7227900
2021-02-08,327.010009765625,327.0199890136719,323.80999755859375,324.3399963378906,293.1602478027344,4758200
2021-02-09,323.8999938964844,331.0400085449219,321.7099914550781,329.6300048828125,297.9417724609375,4096900
2021-02-10,332.6600036621094,335.760009765625,329.7699890136719,333.3999938964844,301.3493347167969,4122700
2021-02-11,335.0,336.6499938964844,331.5,333.07000732421875,301.0510559082031,2776700
2021-02-12,331.67999267578125,332.3999938964844,327.8800048828125,328.239990234375,296.6853942871094,2760800
2021-02-16,327.3599853515625,329.8399963378906,322.4800109863281,324.6199951171875,293.413330078125,4339000
2021-02-17,323.4599914550781,328.6000061035156,322.239990234375,326.8599853515625,295.43798828125,2620000
2021-02-18,325.8999938964844,329.5799865722656,325.20001220703125,328.4100036621094,296.8389587402344,2383500
2021-02-19,328.75,328.8500061035156,324.1099853515625,324.5799865722656,293.3771667480469,2313800
2021-02-22,321.5,329.04998779296875,320.3500061035156,327.6400146484375,296.14306640625,2688300
2021-02-23,329.989990234375,333.94000244140625,326.6400146484375,329.510009765625,297.83331298828125,3225700
2021-02-24,328.489990234375,333.6000061035156,326.0400085449219,332.2099914550781,300.2737121582031,3360500
2021-02-25,331.0,333.6000061035156,327.3599853515625,328.8699951171875,297.2547912597656,2780100
2021-02-26,330.54998779296875,337.9100036621094,329.8500061035156,332.2200012207031,300.2827453613281,5430000
2021-03-01,334.3599853515625,338.9100036621094,333.67999267578125,334.6499938964844,302.47918701171875,4198900
2021-03-02,335.0,337.6700134277344,333.8900146484375,334.6400146484375,302.47015380859375,2568900
2021-03-03,333.32000732421875,338.1600036621094,332.7799987792969,332.8699951171875,300.87030029296875,3039700
2021-03-04,334.1700134277344,340.8399963378906,332.6700134277344,333.80999755859375,301.7198486328125,4991600
2021-03-05,335.0299987792969,348.2900085449219,335.0199890136719,347.1000061035156,313.7322692871094,4563100
2021-03-08,347.010009765625,354.0,345.6000061035156,350.1700134277344,316.50714111328125,3419900
2021-03-09,352.9200134277344,361.25,351.3399963378906,351.9800109863281,318.1432189941406,4277600
2021-03-10,353.9100036621094,354.4800109863281,348.5,349.6000061035156,315.991943359375,3012300
2021-03-11,350.760009765625,355.9700012207031,349.8699951171875,353.1000061035156,319.1555480957031,2520500
2021-03-12,353.1700134277344,356.82000732421875,351.989990234375,356.0199890136719,322.9380187988281,2088700
2021-03-15,356.9200134277344,357.94000244140625,351.54998779296875,353.8800048828125,320.9969482421875,2343400
2021-03-16,353.5299987792969,355.3599853515625,351.9100036621094,354.6000061035156,321.64996337890625,2904200
2021-03-17,355.1700134277344,358.07000732421875,351.8299865722656,352.17999267578125,319.4548645019531,2633100
2021-03-18,352.8699951171875,364.32000732421875,352.3399963378906,362.04998779296875,328.4076843261719,3311600
2021-03-19,361.9200134277344,370.4599914550781,359.010009765625,365.5799865722656,331.60968017578125,8572900
2021-03-22,365.0,368.5799865722656,360.1099853515625,366.8599853515625,332.7707824707031,3505200
2021-03-23,368.8500061035156,371.5400085449219,367.2200012207031,368.5,334.25836181640625,3100100
2021-03-24,366.04998779296875,373.79998779296875,365.510009765625,370.6000061035156,336.1632385253906,3407800
2021-03-25,370.6000061035156,372.1099853515625,363.3900146484375,371.0899963378906,336.607666015625,3021500
2021-03-26,371.67999267578125,377.05999755859375,370.2900085449219,376.4800109863281,341.49688720703125,2959800
2021-03-29,376.3599853515625,380.5,374.989990234375,379.05999755859375,343.83709716796875,2740400
2021-03-30,377.54998779296875,379.8800048828125,371.79998779296875,373.55999755859375,338.8482666015625,3066000
2021-03-31,372.79998779296875,377.0,371.79998779296875,372.07000732421875,337.4967041015625,3356500
2021-04-01,372.20001220703125,372.69000244140625,365.760009765625,367.07000732421875,332.9612731933594,2977700
2021-04-05,369.6199951171875,372.6300048828125,367.6400146484375,370.17999267578125,335.7822570800781,2709400
2021-04-06,368.7799987792969,369.7900085449219,362.7200012207031,364.3699951171875,330.51214599609375,2698600
2021-04-07,364.19000244140625,365.8800048828125,360.54998779296875,365.6400146484375,331.66412353515625,2158900
2021-04-08,363.1099853515625,366.9100036621094,363.1099853515625,364.8900146484375,330.9837951660156,2426700
2021-04-09,368.3500061035156,376.6099853515625,367.0,376.29998779296875,341.33355712890625,2483200
2021-04-12,374.4800109863281,379.8299865722656,374.0299987792969,376.2799987792969,341.3154296875,3057300
2021-04-13,376.25,379.30999755859375,374.3299865722656,374.5,339.7009582519531,2652300
2021-04-14,375.3399963378906,378.010009765625,374.5799865722656,375.6300048828125,340.725830078125,2805600
2021-04-15,380.0,392.3599853515625,380.0,390.010009765625,353.7696838378906,4488300
2021-04-16,393.9200134277344,393.9200134277344,385.4599914550781,391.010009765625,354.6766052246094,4532400
2021-04-19,390.0,393.3900146484375,388.4700012207031,389.8399963378906,353.6153564453125,2965400
2021-04-20,389.8599853515625,397.8800048828125,389.4200134277344,396.5299987792969,359.68377685546875,3348100
2021-04-21,398.8599853515625,401.4800109863281,395.44000244140625,398.80999755859375,361.75189208984375,2473300
2021-04-22,398.44000244140625,398.760009765625,393.19000244140625,396.5400085449219,359.69281005859375,2718600
2021-04-23,395.6199951171875,401.989990234375,394.5,400.30999755859375,363.112548828125,2263200
2021-04-26,399.80999755859375,400.0,395.2099914550781,395.8599853515625,359.0760192871094,1642300
2021-04-27,394.6600036621094,396.3299865722656,392.29998779296875,394.5,357.84246826171875,1758500
2021-04-28,395.17999267578125,396.989990234375,393.29998779296875,394.5899963378906,357.92401123046875,1886500
2021-04-29,396.75,402.1600036621094,396.29998779296875,401.54998779296875,364.23724365234375,1996500
2021-04-30,401.0,401.8599853515625,398.3500061035156,398.79998779296875,361.74285888671875,2328100
2021-05-03,401.0,406.7699890136719,400.5299987792969,405.8999938964844,368.18310546875,2568500
2021-05-04,405.4800109863281,412.4700012207031,403.5,411.3399963378906,373.11761474609375,3237200
2021-05-05,410.5,412.75,406.79998779296875,412.5,374.1698303222656,2767600
2021-05-06,413.0,416.8500061035156,412.55999755859375,414.9700012207031,376.4102478027344,3058700
2021-05-07,415.0,419.0199890136719,414.07000732421875,417.6499938964844,378.84130859375,1851000
2021-05-10,419.2699890136719,425.9800109863281,418.2200012207031,420.8900146484375,381.7802429199219,2489300
2021-05-11,421.0,422.2900085449219,410.6099853515625,411.70001220703125,373.44415283203125,3024000
2021-05-12,409.2900085449219,410.8500061035156,404.67999267578125,405.3699951171875,367.7023620605469,2888100
2021-05-13,406.2799987792969,413.17999267578125,404.32000732421875,408.55999755859375,370.595947265625,2637500
2021-05-14,410.989990234375,412.5899963378906,408.5,409.79998779296875,371.7206726074219,2072900
2021-05-17,409.30999755859375,412.510009765625,408.57000732421875,408.6300048828125,370.659423828125,1583900
2021-05-18,409.69000244140625,412.9599914550781,406.2699890136719,410.3800048828125,372.2467956542969,2694800
2021-05-19,409.489990234375,410.7200012207031,404.25,409.5,371.448486328125,2783100
2021-05-20,409.5299987792969,413.8299865722656,408.32000732421875,408.6400146484375,370.6684875488281,2105800
2021-05-21,410.760009765625,418.6300048828125,409.4599914550781,411.6300048828125,373.3807067871094,4295400
2021-05-24,412.3699951171875,413.8999938964844,409.9200134277344,410.95001220703125,372.7638244628906,1883600
2021-05-25,411.8500061035156,413.8599853515625,408.8900146484375,413.04998779296875,374.6687316894531,2285600
2021-05-26,412.1000061035156,415.29998779296875,411.010009765625,413.2099914550781,374.8137512207031,1903900
2021-05-27,414.9200134277344,415.1099853515625,410.3800048828125,412.70001220703125,374.35125732421875,2041800
2021-05-28,412.70001220703125,415.4700012207031,410.0199890136719,411.9200134277344,373.64373779296875,2367900
2021-06-01,413.7300109863281,413.7300109863281,406.1600036621094,406.7200012207031,368.92694091796875,2199600
2021-06-02,409.1400146484375,409.1400146484375,404.54998779296875,405.8500061035156,368.13775634765625,2232900
2021-06-03,403.5,409.760009765625,402.8399963378906,407.9599914550781,370.0516357421875,2281200
2021-06-04,410.9599914550781,411.0,404.6499938964844,405.6400146484375,367.94720458984375,2990900
2021-06-07,406.9599914550781,407.2099914550781,398.69000244140625,400.25,363.0580749511719,3353800
2021-06-08,400.7200012207031,402.75,398.75,401.739990234375,364.4096374511719,3051300
2021-06-09,403.3299865722656,405.7799987792969,400.5299987792969,401.1000061035156,363.8291320800781,1925700
2021-06-10,401.9100036621094,402.8500061035156,398.4700012207031,401.489990234375,364.18292236328125,4033600
2021-06-11,403.3500061035156,403.3599853515625,394.7799987792969,397.8900146484375,360.91741943359375,3094300
2021-06-14,397.29998779296875,399.4700012207031,395.1300048828125,399.1600036621094,362.06939697265625,2674900
2021-06-15,399.9599914550781,401.5,396.4700012207031,400.2799987792969,363.0853271484375,2845800
2021-06-16,401.1000061035156,403.1499938964844,396.6700134277344,397.25,360.33685302734375,3330800
2021-06-17,396.0,398.07000732421875,394.6099853515625,397.3500061035156,360.42755126953125,3532000
2021-06-18,387.2799987792969,392.6600036621094,387.25,389.3699951171875,354.48272705078125,5521400
2021-06-21,389.3699951171875,399.20001220703125,389.2200012207031,398.07000732421875,362.40313720703125,3839300
2021-06-22,400.6099853515625,400.6499938964844,397.82000732421875,398.69000244140625,362.9676208496094,3964600
2021-06-23,397.82000732421875,399.0,395.2699890136719,395.55999755859375,360.11798095703125,2942100
2021-06-24,398.32000732421875,402.1600036621094,396.8399963378906,398.8699951171875,363.13140869140625,3309100
2021-06-25,400.1000061035156,409.9800109863281,399.0199890136719,404.95001220703125,368.666748046875,16928900
2021-06-28,404.95001220703125,404.989990234375,397.92999267578125,401.4599914550781,365.4893798828125,3193300
2021-06-29,401.9700012207031,403.20001220703125,397.4800109863281,398.1000061035156,362.430419921875,2458800
2021-06-30,397.5400085449219,401.3999938964844,396.79998779296875,400.44000244140625,364.5607604980469,2875600
2021-07-01,402.0299987792969,405.2099914550781,401.80999755859375,404.8900146484375,368.6121520996094,2678100
2021-07-02,405.0899963378906,409.8699951171875,403.8800048828125,409.3599853515625,372.68157958984375,1982400
2021-07-06,408.6700134277344,411.1600036621094,405.7099914550781,410.260009765625,373.50091552734375,2615300
2021-07-07,410.3500061035156,412.17999267578125,407.20001220703125,411.6600036621094,374.7754821777344,2270400
2021-07-08,408.6099853515625,410.8299865722656,405.0799865722656,409.95001220703125,373.2186584472656,2032300
2021-07-09,412.5299987792969,413.25,410.6400146484375,412.1099853515625,375.1850891113281,2078900
2021-07-12,411.0199890136719,416.3999938964844,410.30999755859375,416.0400085449219,378.7630920410156,2802600
2021-07-13,416.3800048828125,419.69000244140625,415.7099914550781,418.5400085449219,381.03912353515625,2948900
2021-07-14,420.7699890136719,422.5299987792969,413.3500061035156,414.739990234375,377.5795593261719,3538700
2021-07-15,411.9100036621094,421.7300109863281,407.20001220703125,420.04998779296875,382.41375732421875,3546500
2021-07-16,421.3599853515625,422.2900085449219,417.6400146484375,419.70001220703125,382.09515380859375,2625400
2021-07-19,417.239990234375,419.5299987792969,406.80999755859375,409.05999755859375,372.4084777832031,3611300
2021-07-20,411.0,417.7300109863281,410.6099853515625,412.9700012207031,375.9681091308594,3186700
2021-07-21,417.05999755859375,417.2300109863281,410.8299865722656,414.6400146484375,377.4884338378906,1863700
2021-07-22,416.0199890136719,416.8299865722656,413.7300109863281,415.7699890136719,378.5172119140625,1421900
2021-07-23,417.8999938964844,419.3399963378906,415.989990234375,417.70001220703125,380.27435302734375,1611700
2021-07-26,416.8299865722656,417.6700134277344,410.8999938964844,413.5400085449219,376.4870910644531,2232600
2021-07-27,412.0,415.260009765625,409.4599914550781,415.1000061035156,377.9072265625,2630600
2021-07-28,414.489990234375,414.489990234375,406.79998779296875,409.1700134277344,372.50860595703125,2446600
2021-07-29,411.2799987792969,412.5799865722656,408.4200134277344,412.0799865722656,375.1578369140625,1597300
2021-07-30,410.760009765625,413.7699890136719,410.25,412.2200012207031,375.28533935546875,1864200
2021-08-02,413.57000732421875,416.44000244140625,412.80999755859375,415.57000732421875,378.3351745605469,1806500
2021-08-03,415.82000732421875,422.1400146484375,415.0799865722656,421.8999938964844,384.0980224609375,2496500
2021-08-04,422.04998779296875,423.6600036621094,419.7099914550781,421.5400085449219,383.770263671875,1995400
2021-08-05,422.05999755859375,422.25,407.8900146484375,411.19000244140625,374.3476257324219,3598600
2021-08-06,412.010009765625,416.7699890136719,412.010009765625,415.1199951171875,377.92547607421875,1944000
2021-08-09,414.95001220703125,416.2300109863281,410.3500061035156,410.8699951171875,374.0563049316406,1509800
2021-08-10,410.510009765625,413.6499938964844,408.57000732421875,411.7799987792969,374.8846740722656,1441800
2021-08-11,413.0299987792969,413.92999267578125,407.510009765625,407.739990234375,371.2066955566406,1542600
2021-08-12,407.0,408.7300109863281,404.29998779296875,405.9599914550781,369.5862121582031,1939900
2021-08-13,407.0799865722656,410.04998779296875,405.9200134277344,409.6700134277344,372.9638671875,1537800
2021-08-16,409.8399963378906,417.4200134277344,407.3299865722656,417.2099914550781,379.8282165527344,2377500
2021-08-17,417.1000061035156,422.5,416.6300048828125,421.7799987792969,383.98870849609375,2258000
2021-08-18,421.3500061035156,421.5899963378906,417.0899963378906,417.32000732421875,379.9283752441406,3037000
2021-08-19,415.3800048828125,428.3500061035156,412.3999938964844,427.8900146484375,389.5513000488281,3204500
2021-08-20,428.3500061035156,431.3599853515625,426.9100036621094,429.7099914550781,391.2081604003906,2401900
2021-08-23,430.55999755859375,430.55999755859375,424.8999938964844,425.3599853515625,387.2479553222656,2375900
2021-08-24,425.5199890136719,425.94000244140625,421.7200012207031,423.4100036621094,385.4727478027344,1619300
2021-08-25,421.8500061035156,423.6199951171875,419.45001220703125,419.739990234375,382.1315612792969,1939000
2021-08-26,419.7699890136719,421.3900146484375,416.6300048828125,416.8500061035156,379.50048828125,1385400
2021-08-27,418.010009765625,420.3500061035156,416.1199951171875,418.760009765625,381.2394104003906,1621600
2021-08-30,418.760009765625,420.57000732421875,417.8900146484375,418.29998779296875,380.8205871582031,1284200
2021-08-31,417.0,420.739990234375,414.2200012207031,416.2699890136719,378.97247314453125,4249100
2021-09-01,416.5400085449219,419.8699951171875,411.239990234375,417.3500061035156,379.9557189941406,2034400
2021-09-02,419.1600036621094,424.3999938964844,418.239990234375,423.7099914550781,385.7458190917969,3137400
2021-09-03,421.92999267578125,424.0,420.6099853515625,422.8599853515625,384.9719543457031,1604800
2021-09-07,420.29998779296875,422.260009765625,417.5799865722656,421.239990234375,383.49713134765625,1920300
2021-09-08,421.19000244140625,422.8699951171875,414.20001220703125,415.3900146484375,378.1713562011719,2262500
2021-09-09,415.3399963378906,420.2200012207031,413.92999267578125,414.54998779296875,377.4065856933594,3508500
2021-09-10,415.55999755859375,416.0,402.5899963378906,403.9100036621094,369.0105895996094,4215800
2021-09-13,407.9800109863281,416.80999755859375,406.45001220703125,414.5199890136719,378.7038269042969,3068200
2021-09-14,417.5899963378906,417.5899963378906,411.3699951171875,412.5400085449219,376.89495849609375,2879800
2021-09-15,412.5199890136719,421.4200134277344,409.5,417.5199890136719,381.44464111328125,3180600
2021-09-16,419.6700134277344,423.3999938964844,414.9599914550781,416.8399963378906,380.82342529296875,2262700
2021-09-17,414.9700012207031,421.0899963378906,414.9700012207031,420.1600036621094,383.8565368652344,4534200
2021-09-20,416.9200134277344,419.29998779296875,408.7200012207031,412.70001220703125,377.0411376953125,2799800
2021-09-21,415.010009765625,418.7799987792969,412.2099914550781,412.3399963378906,376.7122802734375,2382200
2021-09-22,404.94000244140625,412.0,404.94000244140625,408.70001220703125,373.3867492675781,3629400
2021-09-23,409.79998779296875,414.8500061035156,407.510009765625,408.0299987792969,372.77459716796875,2681600
2021-09-24,406.94000244140625,407.8900146484375,405.2300109863281,407.0799865722656,371.9067077636719,1950400
2021-09-27,407.8299865722656,412.1499938964844,404.9599914550781,405.2699890136719,370.2530822753906,2608600
2021-09-28,402.6000061035156,404.0,397.0199890136719,398.6199951171875,364.1777038574219,3115400
2021-09-29,397.0,401.8500061035156,395.79998779296875,400.4100036621094,365.81298828125,2056300
2021-09-30,401.489990234375,403.489990234375,390.4599914550781,390.739990234375,356.9786071777344,3779900
2021-10-01,391.6000061035156,393.69000244140625,383.1199951171875,392.42999267578125,358.5224914550781,3146600
2021-10-04,391.6199951171875,395.1499938964844,384.760009765625,387.010009765625,353.57086181640625,3074800
2021-10-05,389.3399963378906,396.010009765625,389.239990234375,393.42999267578125,359.4361267089844,3269400
2021-10-06,390.75,394.7799987792969,385.8399963378906,394.25,360.18524169921875,2809200
2021-10-07,396.760009765625,408.1700134277344,396.7099914550781,404.70001220703125,369.732421875,2813700
2021-10-08,406.4100036621094,409.1199951171875,402.6400146484375,408.4599914550781,373.16748046875,2012200
2021-10-11,408.0,411.2200012207031,404.2099914550781,404.989990234375,369.9972839355469,2164200
2021-10-12,405.1099853515625,408.3800048828125,402.30999755859375,403.239990234375,368.3984680175781,2415700
2021-10-13,403.3399963378906,405.30999755859375,398.1099853515625,403.54998779296875,368.6817321777344,3021800
2021-10-14,425.6600036621094,433.5,417.79998779296875,420.3599853515625,384.03924560546875,6038800
2021-10-15,422.04998779296875,430.489990234375,421.5,428.07000732421875,391.0830993652344,3312000
2021-10-18,428.0,428.0,423.8399963378906,424.6199951171875,387.9311828613281,2232800
2021-10-19,426.8299865722656,427.82000732421875,423.3999938964844,424.3800048828125,387.7118835449219,1616800
2021-10-20,427.0,435.5299987792969,426.8399963378906,435.0899963378906,397.49652099609375,2764000
2021-10-21,435.5,442.5,435.0799865722656,442.2799987792969,404.0652770996094,2465100
2021-10-22,440.8399963378906,449.2900085449219,440.4599914550781,449.1600036621094,410.350830078125,2736200
2021-10-25,450.0,452.6400146484375,446.44000244140625,449.489990234375,410.6523132324219,3553500
2021-10-26,450.489990234375,457.7099914550781,447.5899963378906,454.6400146484375,415.357421875,3103900
2021-10-27,454.6400146484375,460.44000244140625,453.4800109863281,453.4800109863281,414.2975158691406,3520400
2021-10-28,453.0,457.8999938964844,452.5199890136719,455.44000244140625,416.0882263183594,1672600
2021-10-29,454.4100036621094,461.3900146484375,453.05999755859375,460.4700012207031,420.6835632324219,2497800
2021-11-01,461.82000732421875,465.760009765625,451.17999267578125,454.1099853515625,414.8731689453125,2203100
2021-11-02,456.260009765625,456.44000244140625,450.3800048828125,452.0400085449219,412.9820861816406,2600000
2021-11-03,450.4200134277344,457.5199890136719,447.0400085449219,457.3299865722656,417.8149108886719,2438200
2021-11-04,457.6000061035156,458.510009765625,452.1600036621094,456.760009765625,417.2941589355469,2517300
2021-11-05,457.8299865722656,461.5199890136719,454.5799865722656,455.80999755859375,416.4263000488281,2905000
2021-11-08,456.8500061035156,464.19000244140625,454.30999755859375,462.6199951171875,422.6477966308594,2279900
2021-11-09,462.6199951171875,464.4700012207031,460.2900085449219,464.3500061035156,424.22833251953125,2657800
2021-11-10,465.3900146484375,466.0,456.6300048828125,459.8999938964844,420.1628112792969,2818200
2021-11-11,460.0,460.8500061035156,455.44000244140625,457.3900146484375,417.86981201171875,2246800
2021-11-12,460.6700134277344,461.0,457.0799865722656,458.989990234375,419.3314514160156,2609500
2021-11-15,458.0,458.2099914550781,450.5,450.79998779296875,411.8490905761719,2849600
2021-11-16,452.989990234375,458.3500061035156,449.3699951171875,449.6199951171875,410.77105712890625,3383800
2021-11-17,450.3900146484375,453.9599914550781,448.7300109863281,448.95001220703125,410.1590270996094,2281500
2021-11-18,448.7300109863281,452.80999755859375,447.1099853515625,449.4700012207031,410.6340637207031,2073800
2021-11-19,448.1300048828125,449.45001220703125,439.5,440.0,401.9822692871094,3536100
2021-11-22,442.82000732421875,443.75,437.3900146484375,437.5400085449219,399.73480224609375,2598700
2021-11-23,436.010009765625,447.5199890136719,436.0,447.1300048828125,408.4962158203125,2857000
2021-11-24,446.6400146484375,450.9800109863281,445.6400146484375,450.1600036621094,411.2644348144531,2248800
2021-11-26,444.9200134277344,448.17999267578125,438.2099914550781,439.9100036621094,401.9000244140625,2480600
2021-11-29,443.55999755859375,453.0799865722656,440.54998779296875,452.0,412.94537353515625,4079700
2021-11-30,447.05999755859375,451.3500061035156,441.25,444.2200012207031,405.8376159667969,7435400
2021-12-01,452.8900146484375,455.9200134277344,444.1400146484375,444.3399963378906,405.9472351074219,4325500
2021-12-02,443.1499938964844,447.8900146484375,439.2200012207031,446.0199890136719,407.48211669921875,4738700
2021-12-03,447.7699890136719,454.44000244140625,445.1700134277344,449.32000732421875,411.83587646484375,3038300
2021-12-06,452.1499938964844,461.7799987792969,451.5199890136719,460.1099853515625,421.7256774902344,4721500
2021-12-07,462.75,465.75,460.2300109863281,464.7300109863281,425.96026611328125,3105200
2021-12-08,466.0899963378906,470.1700134277344,462.489990234375,468.8599853515625,429.7456970214844,3228300
2021-12-09,468.5299987792969,474.4800109863281,467.3599853515625,473.32000732421875,433.8337097167969,2977400
2021-12-10,472.0,478.4800109863281,471.010009765625,478.2300109863281,438.3340759277344,2572300
2021-12-13,477.0199890136719,480.260009765625,474.010009765625,478.1400146484375,438.2516174316406,2724800
2021-12-14,479.75,483.0400085449219,477.17999267578125,479.4599914550781,439.46148681640625,3018000
2021-12-15,480.6000061035156,495.3999938964844,480.1400146484375,494.3800048828125,453.1368103027344,4188600
2021-12-16,494.010009765625,496.9599914550781,490.1099853515625,492.8599853515625,451.74359130859375,4080800
2021-12-17,491.4200134277344,493.1300048828125,486.3800048828125,487.1199951171875,446.482421875,5707200
2021-12-20,482.0,485.010009765625,475.260009765625,483.7300109863281,443.37530517578125,3145600
2021-12-21,487.0199890136719,489.0,482.20001220703125,487.2099914550781,446.56494140625,2536000
2021-12-22,487.1499938964844,495.45001220703125,485.8999938964844,494.1300048828125,452.9076232910156,1687500
2021-12-23,495.0,498.1499938964844,492.80999755859375,495.3800048828125,454.0533447265625,1706500
2021-12-27,498.67999267578125,500.29998779296875,496.6400146484375,499.5,457.82965087890625,1349400
2021-12-28,502.0,505.32000732421875,500.3999938964844,502.94000244140625,460.98260498046875,1495500
2021-12-29,504.7799987792969,507.2200012207031,502.0,505.5799865722656,463.40234375,1573900
2021-12-30,507.92999267578125,509.2300109863281,503.6499938964844,504.42999267578125,462.34832763671875,1309800
2021-12-31,504.1400146484375,506.8699951171875,502.0400085449219,502.1400146484375,460.2494201660156,1695400
2022-01-03,500.0,502.8999938964844,493.04998779296875,502.2799987792969,460.3777770996094,3033600
2022-01-04,503.20001220703125,503.75,490.8800048828125,490.8999938964844,449.94708251953125,3908100
2022-01-05,494.7699890136719,497.0,489.69000244140625,489.69000244140625,448.8380432128906,3921100
2022-01-06,480.0,484.1400146484375,463.1199951171875,469.6499938964844,430.46978759765625,6555200
2022-01-07,467.69000244140625,467.9700012207031,455.54998779296875,458.6000061035156,420.3416748046875,5494200
2022-01-10,456.0,465.8599853515625,454.44000244140625,465.0,426.2077941894531,5831800
2022-01-11,467.20001220703125,470.45001220703125,460.6700134277344,469.0,429.8740539550781,3332800
2022-01-12,468.9700012207031,475.32000732421875,466.3399963378906,473.7200012207031,434.2002868652344,3502300
2022-01-13,475.8900146484375,476.54998779296875,465.9800109863281,467.42999267578125,428.4350891113281,3005300
2022-01-14,469.8900146484375,473.1700134277344,465.0799865722656,468.69000244140625,429.5899963378906,3665400
2022-01-18,465.1700134277344,465.7099914550781,458.3500061035156,460.989990234375,422.5323181152344,3938800
2022-01-19,468.0,475.489990234375,461.510009765625,462.5199890136719,423.93463134765625,4030900
2022-01-20,464.3800048828125,471.6300048828125,462.0,463.0,424.3746337890625,3228600
2022-01-21,463.5,470.7900085449219,461.07000732421875,461.1700134277344,422.6973571777344,4273200
2022-01-24,458.07000732421875,464.1400146484375,448.1300048828125,462.2699890136719,423.70550537109375,4780700
2022-01-25,454.07000732421875,459.489990234375,447.2699890136719,456.8399963378906,418.7285461425781,3428900
2022-01-26,458.45001220703125,463.8800048828125,453.45001220703125,458.42999267578125,420.18585205078125,4435900
2022-01-27,458.0799865722656,468.67999267578125,457.010009765625,461.6000061035156,423.0914001464844,3508100
2022-01-28,461.3999938964844,466.2799987792969,455.0799865722656,466.05999755859375,427.17926025390625,3364400
2022-01-31,465.0,473.17999267578125,464.3999938964844,472.57000732421875,433.14630126953125,3500500
2022-02-01,475.0,475.0,462.75,468.4100036621094,429.3332824707031,3148600
2022-02-02,469.05999755859375,481.9800109863281,469.05999755859375,479.7799987792969,439.75469970703125,3026800
2022-02-03,498.6499938964844,500.17999267578125,483.57000732421875,488.7699890136719,447.9947814941406,4370900
2022-02-04,481.75,489.6300048828125,480.19000244140625,483.1700134277344,442.86199951171875,3066400
2022-02-07,484.9100036621094,487.260009765625,481.29998779296875,483.70001220703125,443.3477783203125,2937200
2022-02-08,481.3500061035156,495.6700134277344,481.3500061035156,493.4100036621094,452.2476806640625,3534700
2022-02-09,497.0,500.92999267578125,496.2900085449219,498.1000061035156,456.5464172363281,2818100
2022-02-10,492.239990234375,494.2200012207031,485.07000732421875,486.7200012207031,446.11578369140625,2626100
2022-02-11,484.67999267578125,490.42999267578125,476.44000244140625,478.1300048828125,438.2424011230469,2493800
2022-02-14,475.1099853515625,477.739990234375,469.3299865722656,474.3999938964844,434.82354736328125,2549500
2022-02-15,475.94000244140625,481.1700134277344,475.20001220703125,478.2300109863281,438.3340759277344,3001000
2022-02-16,475.5,481.7300109863281,471.3999938964844,480.04998779296875,440.002197265625,2651800
2022-02-17,478.1700134277344,479.2900085449219,468.8900146484375,470.3399963378906,431.10235595703125,2403100
2022-02-18,470.25,474.9200134277344,466.8299865722656,467.80999755859375,428.78338623046875,2992300
2022-02-22,463.8299865722656,467.19000244140625,457.82000732421875,462.510009765625,423.9255065917969,3029800
2022-02-23,467.19000244140625,467.7200012207031,458.8399963378906,459.6199951171875,421.2765197753906,2840300
2022-02-24,449.5199890136719,456.5899963378906,445.739990234375,455.8900146484375,417.8578186035156,3933000
2022-02-25,456.6499938964844,475.7799987792969,456.2300109863281,475.75,436.0610046386719,3314400
2022-02-28,465.8500061035156,477.30999755859375,465.6099853515625,475.8699951171875,436.1709899902344,3918300
2022-03-01,470.8900146484375,476.9599914550781,467.7300109863281,476.25,436.5192565917969,2917600
2022-03-02,478.19000244140625,487.1700134277344,477.8900146484375,485.3800048828125,444.8876647949219,3675900
2022-03-03,486.0,491.3800048828125,482.2200012207031,486.5899963378906,445.9966735839844,3139400
2022-03-04,480.69000244140625,499.6600036621094,477.489990234375,498.6499938964844,457.050537109375,4170100
2022-03-07,500.0,500.0,483.0199890136719,486.8699951171875,446.2533264160156,4123300
2022-03-08,478.79998779296875,484.489990234375,471.5199890136719,473.4599914550781,433.96209716796875,3849500
2022-03-09,482.5799865722656,487.7200012207031,473.5899963378906,485.57000732421875,445.0617980957031,3115500
2022-03-10,479.3299865722656,493.7099914550781,477.8299865722656,491.44000244140625,450.44207763671875,2834800
2022-03-11,487.8299865722656,493.79998779296875,482.510009765625,482.8699951171875,443.8966979980469,2615000
2022-03-14,490.3999938964844,495.5899963378906,485.2799987792969,487.9200134277344,448.53912353515625,2704100
2022-03-15,490.0,499.94000244140625,487.30999755859375,497.9100036621094,457.7227783203125,3043000
2022-03-16,499.8299865722656,505.5,490.010009765625,498.260009765625,458.0445861816406,3497100
2022-03-17,496.0,507.1199951171875,495.17999267578125,507.0199890136719,466.0975341796875,2357200
2022-03-18,508.739990234375,510.67999267578125,501.55999755859375,506.1199951171875,465.2701110839844,5065600
2022-03-21,505.010009765625,513.0,504.3599853515625,507.6600036621094,466.68585205078125,2617700
2022-03-22,509.2699890136719,511.8500061035156,504.8399963378906,505.32000732421875,464.53466796875,2752500
2022-03-23,502.2699890136719,507.05999755859375,501.3299865722656,503.2300109863281,462.6134338378906,2753200
2022-03-24,505.0,515.780029296875,503.8599853515625,513.4600219726562,472.0177307128906,2789200
2022-03-25,514.1900024414062,516.530029296875,509.239990234375,513.030029296875,471.6224670410156,2551100
2022-03-28,514.3200073242188,517.1400146484375,508.80999755859375,513.2000122070312,471.77874755859375,2643000
2022-03-29,517.0999755859375,519.5900268554688,507.29998779296875,510.7300109863281,469.5080871582031,3478400
2022-03-30,515.1099853515625,521.2000122070312,512.47998046875,520.8200073242188,478.78369140625,3041200
2022-03-31,517.0999755859375,521.8900146484375,509.6700134277344,509.9700012207031,468.80938720703125,3979700
2022-04-01,510.67999267578125,514.780029296875,506.6000061035156,512.5900268554688,471.2179870605469,2344100
2022-04-04,512.2100219726562,512.47998046875,504.5299987792969,510.0199890136719,468.85540771484375,2657500
2022-04-05,510.0,524.72998046875,508.0,517.760009765625,475.970703125,3268600
2022-04-06,518.219970703125,533.52001953125,518.0,531.75,488.8315124511719,3955600
2022-04-07,530.0,538.280029296875,528.3900146484375,536.9500122070312,493.61181640625,2867000
2022-04-08,539.0,548.969970703125,538.0999755859375,545.9600219726562,501.89459228515625,3986700
2022-04-11,543.5999755859375,547.6099853515625,536.6400146484375,537.4400024414062,494.0622253417969,3574000
2022-04-12,535.4099731445312,540.72998046875,530.780029296875,533.7100219726562,490.6334533691406,3575700
2022-04-13,533.3200073242188,538.280029296875,528.6199951171875,537.0,493.6576843261719,3012000
2022-04-14,538.5,553.2899780273438,534.0700073242188,534.8200073242188,491.65374755859375,4211300
2022-04-18,537.9000244140625,541.0,530.3800048828125,534.0800170898438,490.9735107421875,2087100
2022-04-19,535.8900146484375,542.47998046875,535.239990234375,537.7000122070312,494.3012390136719,2207600
2022-04-20,542.1400146484375,548.3599853515625,539.0,546.010009765625,501.94061279296875,2986300
2022-04-21,545.5,548.0,536.030029296875,537.4400024414062,494.0622253417969,2539900
2022-04-22,532.0599975585938,533.3499755859375,520.1799926757812,520.9400024414062,478.8940124511719,3453300
2022-04-25,520.4000244140625,526.260009765625,511.7300109863281,524.27001953125,481.955322265625,3030400
2022-04-26,524.239990234375,526.260009765625,513.510009765625,513.780029296875,472.3119201660156,2895300
2022-04-27,514.9099731445312,520.9000244140625,509.82000732421875,513.8099975585938,472.3395080566406,3353700
2022-04-28,516.760009765625,526.280029296875,513.1699829101562,524.4199829101562,482.0931091308594,2582700
2022-04-29,518.8499755859375,519.9000244140625,506.9599914550781,508.54998779296875,467.5039978027344,2873200
2022-05-02,510.80999755859375,513.510009765625,493.3399963378906,501.1499938964844,460.70135498046875,3184300
2022-05-03,501.1300048828125,505.5199890136719,497.4800109863281,499.6199951171875,459.2947692871094,2763400
2022-05-04,499.5,509.7699890136719,493.0899963378906,507.6199951171875,466.64910888671875,4002600
2022-05-05,507.2099914550781,510.6700134277344,489.2300109863281,494.7200012207031,454.790283203125,3359700
2022-05-06,485.010009765625,501.57000732421875,485.0,499.6199951171875,459.2947692871094,3260300
2022-05-09,490.3999938964844,494.6300048828125,484.42999267578125,486.4200134277344,447.1602478027344,3862700
2022-05-10,493.80999755859375,496.3500061035156,481.1199951171875,488.010009765625,448.6218566894531,4275500
2022-05-11,484.3900146484375,500.5199890136719,484.3900146484375,486.1499938964844,446.9119567871094,3936300
2022-05-12,486.1000061035156,486.8900146484375,471.4200134277344,478.79998779296875,440.1552429199219,3997600
2022-05-13,480.9800109863281,487.0,475.80999755859375,485.3999938964844,446.22247314453125,2453400
2022-05-16,485.4100036621094,495.55999755859375,484.1499938964844,489.2200012207031,449.73419189453125,2338800
2022-05-17,494.0,494.7200012207031,488.4599914550781,492.5299987792969,452.7769775390625,2289000
2022-05-18,488.260009765625,489.2099914550781,468.3599853515625,471.3800048828125,433.3341064453125,3240500
2022-05-19,464.32000732421875,481.5799865722656,463.3299865722656,478.54998779296875,439.92535400390625,3813800
2022-05-20,481.3800048828125,487.4700012207031,472.30999755859375,485.7300109863281,446.52587890625,3068200
2022-05-23,486.2900085449219,495.739990234375,486.2900085449219,492.0799865722656,452.36334228515625,2279800
2022-05-24,490.7900085449219,498.0799865722656,488.6600036621094,497.55999755859375,457.4009704589844,2658100
2022-05-25,498.5199890136719,502.30999755859375,491.260009765625,498.0899963378906,457.8882751464844,3161600
2022-05-26,501.739990234375,507.260009765625,499.4100036621094,502.2300109863281,461.6941223144531,2705800
2022-05-27,491.0,507.1099853515625,489.3900146484375,507.1099853515625,466.1802062988281,3349100
2022-05-31,503.6199951171875,504.1099853515625,495.6600036621094,496.7799987792969,456.6839294433594,4003100
2022-06-01,498.32000732421875,501.3800048828125,487.7799987792969,492.54998779296875,452.79541015625,1765900
2022-06-02,494.0,496.1499938964844,482.9700012207031,492.260009765625,452.52880859375,2093500
2022-06-03,488.3299865722656,491.6700134277344,484.8999938964844,485.6099853515625,446.4155578613281,1756900
2022-06-06,489.42999267578125,493.6300048828125,486.2900085449219,490.17999267578125,450.6167297363281,1781500
2022-06-07,489.5,497.6099853515625,487.1199951171875,497.1000061035156,456.9781494140625,2341900
2022-06-08,494.0,497.8999938964844,488.54998779296875,493.5299987792969,453.6962890625,3268100
2022-06-09,492.8800048828125,496.4599914550781,487.6099853515625,489.42999267578125,449.9272766113281,3148800
2022-06-10,484.79998779296875,490.1600036621094,480.92999267578125,484.6300048828125,445.51470947265625,2599900
2022-06-13,475.1300048828125,481.3399963378906,467.260009765625,469.70001220703125,431.7897033691406,3764600
2022-06-14,467.5,469.17999267578125,457.4200134277344,461.75,424.4813537597656,3814200
2022-06-15,464.20001220703125,469.0199890136719,456.5,464.3299865722656,426.8530578613281,2550700
2022-06-16,453.3999938964844,457.80999755859375,450.67999267578125,456.0899963378906,420.7733459472656,3135600
2022-06-17,450.75,461.4599914550781,449.70001220703125,452.05999755859375,417.05548095703125,5277400
2022-06-21,457.80999755859375,485.1199951171875,457.1000061035156,480.32000732421875,443.127197265625,5726800
2022-06-22,475.7200012207031,495.9200134277344,474.5400085449219,489.67999267578125,451.76239013671875,5061000
2022-06-23,494.95001220703125,503.5799865722656,491.9599914550781,499.80999755859375,461.10791015625,4687700
2022-06-24,499.44000244140625,499.760009765625,486.55999755859375,495.6400146484375,457.2608642578125,15861100
2022-06-27,492.8299865722656,511.8900146484375,492.5799865722656,505.6600036621094,466.5050354003906,3907100
2022-06-28,512.0800170898438,518.6099853515625,505.0799865722656,508.44000244140625,469.06976318359375,4978200
2022-06-29,508.8500061035156,518.7000122070312,506.010009765625,515.7100219726562,475.77691650390625,3823400
2022-06-30,513.5499877929688,516.3200073242188,509.7200012207031,513.6300048828125,473.8578186035156,3568900
2022-07-01,512.3200073242188,517.530029296875,502.30999755859375,517.4000244140625,477.3359680175781,2426600
2022-07-05,507.6400146484375,511.0,492.25,505.239990234375,466.11749267578125,3029600
2022-07-06,505.6400146484375,517.4099731445312,504.29998779296875,515.2899780273438,475.3892822265625,2506700
2022-07-07,515.25,517.2999877929688,512.22998046875,514.3800048828125,474.5497131347656,2385400
2022-07-08,512.3099975585938,528.3699951171875,511.010009765625,518.6300048828125,478.470703125,3092100
2022-07-11,514.8599853515625,521.469970703125,511.80999755859375,516.9500122070312,476.92071533203125,1743600
2022-07-12,513.25,519.1400146484375,510.6199951171875,514.4199829101562,474.5866394042969,2706500
2022-07-13,508.07000732421875,511.8599853515625,501.19000244140625,501.239990234375,462.42730712890625,3467700
2022-07-14,495.0,505.8900146484375,492.2799987792969,502.42999267578125,463.5251770019531,3765500
2022-07-15,526.0599975585938,531.989990234375,515.4500122070312,529.75,488.7296142578125,5742500
2022-07-18,531.0,532.1599731445312,518.75,519.3699951171875,479.1533508300781,3212000
2022-07-19,521.0900268554688,533.8400268554688,520.5900268554688,533.4500122070312,492.14306640625,2953500
2022-07-20,533.4500122070312,534.0499877929688,515.72998046875,519.469970703125,479.24560546875,4327500
2022-07-21,519.3900146484375,522.469970703125,511.1400146484375,522.4600219726562,482.0041809082031,2667600
2022-07-22,526.0,527.5999755859375,518.4000244140625,521.4099731445312,481.0354919433594,1850300
2022-07-25,526.0900268554688,532.8900146484375,524.219970703125,529.469970703125,488.4712219238281,2337200
2022-07-26,533.7999877929688,537.6400146484375,531.030029296875,531.5900268554688,490.4272155761719,2637800
2022-07-27,533.5399780273438,537.8599853515625,528.0399780273438,534.6099853515625,493.2133483886719,2268100
2022-07-28,537.489990234375,544.3400268554688,531.739990234375,541.489990234375,499.560546875,2344500
2022-07-29,540.010009765625,543.8499755859375,536.6900024414062,542.3400268554688,500.3447265625,2945700
2022-08-01,542.27001953125,543.6500244140625,531.0,535.3800048828125,493.9237365722656,2335000
2022-08-02,537.5499877929688,540.530029296875,531.719970703125,535.4600219726562,493.9975891113281,2114200
2022-08-03,537.260009765625,543.6199951171875,535.6900024414062,540.6500244140625,498.7856750488281,1802900
2022-08-04,539.2899780273438,540.4299926757812,532.760009765625,533.75,492.4198303222656,2368000
2022-08-05,530.0,535.5,527.5599975585938,535.0599975585938,493.62841796875,2373400
2022-08-08,539.9099731445312,541.2999877929688,533.4199829101562,536.5999755859375,495.04913330078125,1656400
2022-08-09,540.0,545.739990234375,536.3800048828125,537.260009765625,495.6580810546875,2147200
2022-08-10,540.260009765625,541.97998046875,533.8099975585938,537.719970703125,496.08251953125,2291400
2022-08-11,538.239990234375,538.6300048828125,529.6699829101562,532.8599853515625,491.5987854003906,3006200
2022-08-12,535.6099853515625,544.4000244140625,534.4500122070312,543.7000122070312,501.59942626953125,1981000
2022-08-15,541.6699829101562,547.2100219726562,538.5599975585938,544.6400146484375,502.4666748046875,1447300
2022-08-16,545.2100219726562,547.4400024414062,542.3900146484375,546.1199951171875,503.8320617675781,1773000
2022-08-17,545.239990234375,547.7899780273438,541.5700073242188,545.0,502.7987976074219,1471700
2022-08-18,545.010009765625,548.1300048828125,541.8200073242188,545.219970703125,503.001708984375,1486400
2022-08-19,545.5,553.1300048828125,544.8200073242188,548.3200073242188,505.8617858886719,2258000
2022-08-22,541.3900146484375,549.52001953125,541.3499755859375,544.5700073242188,502.4020080566406,1672900
2022-08-23,543.2899780273438,543.2899780273438,533.2100219726562,535.7999877929688,494.31121826171875,2039600
2022-08-24,536.6799926757812,539.8599853515625,535.02001953125,536.4600219726562,494.9199523925781,1761200
2022-08-25,535.010009765625,542.02001953125,531.25,541.5700073242188,499.6344299316406,1965800
2022-08-26,542.260009765625,543.1900024414062,528.219970703125,529.25,488.26837158203125,1906700
2022-08-29,526.0,532.9000244140625,522.8699951171875,529.77001953125,488.7480773925781,1594000
2022-08-30,530.4099731445312,531.0900268554688,521.7899780273438,522.8400268554688,482.3547058105469,2013400
2022-08-31,520.8200073242188,527.0999755859375,519.1599731445312,519.3300170898438,479.1164245605469,2891300
2022-09-01,519.3300170898438,524.260009765625,515.0900268554688,524.0,483.42486572265625,2085300
2022-09-02,529.6199951171875,529.7899780273438,513.8099975585938,516.3499755859375,476.3672180175781,1944200
2022-09-06,519.9299926757812,527.4500122070312,516.9199829101562,517.6799926757812,477.59423828125,2711900
2022-09-07,517.0,523.5,514.6799926757812,521.6799926757812,481.2845764160156,2504400
2022-09-08,520.9500122070312,528.489990234375,518.8099975585938,527.510009765625,486.66314697265625,1557500
2022-09-09,527.8300170898438,527.8300170898438,522.5800170898438,524.3400268554688,485.2563781738281,2495500
2022-09-12,525.0,535.02001953125,522.5,531.25,491.6513977050781,2792000
2022-09-13,524.0,525.260009765625,511.9700012207031,513.9600219726562,475.6501159667969,3172500
2022-09-14,514.0,515.3800048828125,506.1000061035156,509.7699890136719,471.7724609375,2648100
2022-09-15,516.2999877929688,527.97998046875,514.1400146484375,522.9099731445312,483.93292236328125,3058100
2022-09-16,518.52001953125,522.8200073242188,517.0800170898438,521.02001953125,482.1839294433594,3981700
2022-09-19,518.5900268554688,524.0,512.969970703125,523.5499877929688,484.5252990722656,2130800
2022-09-20,524.239990234375,524.6699829101562,514.8099975585938,522.7999877929688,483.8312072753906,2421700
2022-09-21,525.030029296875,528.010009765625,512.02001953125,512.0800170898438,473.9102478027344,2427700
2022-09-22,511.0299987792969,520.969970703125,506.1099853515625,517.4600219726562,478.8892517089844,2285600
2022-09-23,513.5599975585938,514.6599731445312,506.3800048828125,513.6099853515625,475.326171875,2536900
2022-09-26,507.3900146484375,512.5700073242188,499.0,508.3599853515625,470.4674987792969,2867400
2022-09-27,510.3699951171875,516.7899780273438,503.5799865722656,508.3699951171875,470.476806640625,2583400
2022-09-28,506.4800109863281,516.27001953125,500.79998779296875,513.9400024414062,475.63165283203125,3027300
2022-09-29,514.77001953125,514.77001953125,502.4700012207031,508.8299865722656,470.9024963378906,2392000
2022-09-30,511.1000061035156,516.5499877929688,504.8399963378906,505.0400085449219,467.39501953125,3116000
2022-10-03,507.0799865722656,517.8099975585938,505.3999938964844,515.510009765625,477.0846252441406,2562400
2022-10-04,518.3499755859375,524.5900268554688,516.8300170898438,523.1699829101562,484.17352294921875,3189800
2022-10-05,521.0,529.3499755859375,520.1300048828125,527.0700073242188,487.7830505371094,2281800
2022-10-06,528.3300170898438,528.5800170898438,516.739990234375,519.1300048828125,480.4347839355469,2187300
2022-10-07,514.1699829101562,514.1699829101562,501.05999755859375,504.8500061035156,467.21917724609375,3273700
2022-10-10,505.6000061035156,506.30999755859375,495.0199890136719,498.8599853515625,461.6756286621094,2459100
2022-10-11,496.9700012207031,506.8299865722656,495.17999267578125,499.80999755859375,462.5548095703125,2844500
2022-10-12,502.1300048828125,508.25,498.2099914550781,499.9599914550781,462.693603515625,2254300
2022-10-13,493.45001220703125,513.469970703125,487.739990234375,509.9100036621094,471.9019470214844,3999700
2022-10-14,520.0,529.9099731445312,511.92999267578125,513.1300048828125,474.8819580078125,5628900
2022-10-17,517.739990234375,524.3099975585938,515.280029296875,521.8800048828125,482.97979736328125,3282300
2022-10-18,532.0,532.0,518.3300170898438,522.2100219726562,483.28509521484375,2345500
2022-10-19,521.739990234375,523.8200073242188,514.5999755859375,520.3200073242188,481.5361022949219,2500500
2022-10-20,523.0499877929688,529.4199829101562,519.780029296875,520.8800048828125,482.0542907714844,2390800
2022-10-21,518.0599975585938,536.530029296875,518.010009765625,533.72998046875,493.9464111328125,2896000
2022-10-24,538.0700073242188,546.47998046875,537.7999877929688,541.5999755859375,501.2298278808594,2627100
2022-10-25,537.7899780273438,543.9199829101562,533.9000244140625,540.219970703125,499.9527893066406,2411900
2022-10-26,541.3800048828125,547.6400146484375,540.2100219726562,543.1699829101562,502.6828308105469,2863500
2022-10-27,546.52001953125,546.52001953125,539.760009765625,541.7999877929688,501.4149169921875,2212100
2022-10-28,544.969970703125,553.0,543.6900024414062,551.239990234375,510.1513977050781,2761900
2022-10-31,555.0,558.0999755859375,550.1300048828125,555.1500244140625,513.7699584960938,2770400
2022-11-01,555.0,555.6900024414062,544.219970703125,547.3099975585938,506.5142822265625,3338900
2022-11-02,544.4099731445312,554.5800170898438,543.0700073242188,543.4299926757812,502.9234619140625,2696200
2022-11-03,541.739990234375,547.8699951171875,538.1300048828125,543.6099853515625,503.0899658203125,2245300
2022-11-04,547.0499877929688,547.760009765625,527.1400146484375,538.1699829101562,498.05548095703125,3513100
2022-11-07,538.1699829101562,546.9500122070312,535.469970703125,545.02001953125,504.39495849609375,2540300
2022-11-08,547.0499877929688,554.7999877929688,542.0,553.0499877929688,511.8264465332031,2797000
2022-11-09,553.780029296875,554.6099853515625,539.4400024414062,540.6599731445312,500.3598327636719,2672600
2022-11-10,548.9299926757812,551.7000122070312,533.9500122070312,544.1699829101562,503.6082458496094,3426400
2022-11-11,546.280029296875,546.280029296875,509.6499938964844,522.0800170898438,483.1648864746094,7034300
2022-11-14,522.0,528.97998046875,513.4099731445312,513.75,475.45574951171875,5238400
2022-11-15,512.8099975585938,516.6400146484375,500.7699890136719,503.010009765625,465.516357421875,5103800
2022-11-16,505.8900146484375,514.1300048828125,505.4700012207031,511.5199890136719,473.39190673828125,3430800
2022-11-17,512.1599731445312,526.97998046875,512.1599731445312,515.3099975585938,476.89947509765625,4246300
2022-11-18,522.1199951171875,533.0,519.4600219726562,530.0,490.4945068359375,3566000
2022-11-21,529.010009765625,531.9500122070312,515.3800048828125,517.1900024414062,478.63934326171875,3349600
2022-11-22,519.9400024414062,524.6599731445312,519.9099731445312,523.0900268554688,484.099609375,2567400
2022-11-23,525.0,530.4400024414062,523.0,529.7100219726562,490.2261962890625,2238300
2022-11-25,534.0,540.8499755859375,532.52001953125,537.6199951171875,497.5465393066406,1419200
2022-11-28,535.8300170898438,539.5800170898438,531.6900024414062,532.27001953125,492.5953063964844,2699900
2022-11-29,531.6699829101562,532.969970703125,523.6500244140625,528.0,488.64349365234375,3751000
2022-11-30,529.719970703125,548.0800170898438,527.47998046875,547.760009765625,506.9306640625,9688900
2022-12-01,552.3599853515625,553.0,535.7999877929688,536.9099731445312,496.8894348144531,2997800
2022-12-02,532.8300170898438,538.6099853515625,532.4400024414062,536.1599731445312,497.7249450683594,2346200
2022-12-05,531.489990234375,540.3800048828125,530.8800048828125,535.0399780273438,496.6851501464844,2424800
2022-12-06,534.4199829101562,540.5900268554688,534.239990234375,539.3200073242188,500.65838623046875,3097700
2022-12-07,540.8400268554688,545.9099731445312,539.6300048828125,542.9099731445312,503.9910888671875,2849100
2022-12-08,544.8599853515625,551.2899780273438,543.780029296875,547.9199829101562,508.6417236328125,2272300
2022-12-09,547.9299926757812,548.489990234375,538.8699951171875,539.2000122070312,500.54705810546875,2852400
2022-12-12,541.8499755859375,546.0800170898438,539.280029296875,545.8599853515625,506.7295837402344,2714100
2022-12-13,550.5599975585938,550.989990234375,535.0999755859375,538.219970703125,499.6372375488281,3369700
2022-12-14,541.9299926757812,543.47998046875,531.5700073242188,538.3599853515625,499.7671203613281,2654600
2022-12-15,533.989990234375,534.0700073242188,525.469970703125,527.6799926757812,489.8527526855469,2963800
2022-12-16,525.1500244140625,525.8099975585938,515.719970703125,523.7000122070312,486.1580810546875,7109100
2022-12-19,524.5999755859375,527.2100219726562,520.9299926757812,523.5999755859375,486.06536865234375,1808100
2022-12-20,526.989990234375,526.989990234375,519.7000122070312,520.2100219726562,482.9183654785156,2086100
2022-12-21,523.6300048828125,527.8800048828125,518.0999755859375,527.5399780273438,489.7227783203125,2182000
2022-12-22,526.47998046875,529.010009765625,521.6300048828125,527.0900268554688,489.3051452636719,1851600
2022-12-23,524.0999755859375,531.3099975585938,522.9000244140625,531.3099975585938,493.2225341796875,1292300
2022-12-27,533.9299926757812,535.8400268554688,529.8499755859375,531.989990234375,493.8538513183594,1596700
2022-12-28,535.0700073242188,538.1500244140625,527.72998046875,528.4500122070312,490.567626953125,1694200
2022-12-29,532.5399780273438,533.6799926757812,528.8599853515625,529.8800048828125,491.8951416015625,1379700
2022-12-30,530.0,530.5,524.8400268554688,530.1799926757812,492.173583984375,1849600
2023-01-03,525.1300048828125,525.6300048828125,512.1599731445312,518.6400146484375,481.4609375,3525600
2023-01-04,518.6400146484375,518.6400146484375,500.6000061035156,504.5,468.3345031738281,5070400
2023-01-05,501.010009765625,502.0899963378906,488.5,489.9599914550781,454.8368225097656,5497100
2023-01-06,491.5899963378906,492.8699951171875,487.5400085449219,490.0,454.8739318847656,4841300
2023-01-09,492.4100036621094,499.989990234375,488.5400085449219,490.05999755859375,454.9297180175781,3702800
2023-01-10,488.8500061035156,490.4700012207031,482.67999267578125,486.0,451.1606750488281,3164000
2023-01-11,485.2900085449219,495.6000061035156,485.0,493.3999938964844,458.03021240234375,4274200
2023-01-12,490.0,498.7300109863281,485.2200012207031,495.6700134277344,460.1375427246094,3726800
2023-01-13,486.1099853515625,509.5,486.0,489.57000732421875,454.474853515625,5390100
2023-01-17,491.20001220703125,492.94000244140625,483.7799987792969,485.0799865722656,450.3066711425781,4495600
2023-01-18,488.04998779296875,489.5,474.75,476.239990234375,442.100341796875,4398200
2023-01-19,477.8699951171875,486.3900146484375,477.3900146484375,484.3599853515625,449.6382751464844,4549600
2023-01-20,485.5299987792969,486.989990234375,479.0,486.7200012207031,451.8290710449219,3525900
2023-01-23,486.67999267578125,490.1000061035156,481.3900146484375,485.80999755859375,450.984375,3418700
2023-01-24,500.260009765625,500.260009765625,480.0,491.6000061035156,456.3592529296875,3036300
2023-01-25,489.2799987792969,495.3599853515625,485.7300109863281,492.5,457.19476318359375,3037300
2023-01-26,492.5,496.45001220703125,490.5799865722656,492.4800109863281,457.1761779785156,3005000
2023-01-27,493.3699951171875,493.3699951171875,484.4700012207031,486.04998779296875,451.20709228515625,3177100
2023-01-30,487.80999755859375,495.25,484.79998779296875,485.7900085449219,450.96575927734375,3606900
2023-01-31,498.0,505.5,493.1300048828125,499.19000244140625,463.4051818847656,5567000
2023-02-01,499.95001220703125,504.3800048828125,495.6700134277344,497.0,461.3721923828125,3451200
2023-02-02,494.260009765625,495.0,463.8900146484375,470.8299865722656,437.0781555175781,11169900
2023-02-03,475.2300109863281,478.7799987792969,469.75,472.0199890136719,438.182861328125,5440100
2023-02-06,472.0,478.9700012207031,471.010009765625,475.239990234375,441.17205810546875,4174200
2023-02-07,471.0400085449219,478.0799865722656,469.0299987792969,476.8800048828125,442.6944580078125,3394600
2023-02-08,475.4700012207031,485.0400085449219,475.1099853515625,483.2200012207031,448.5800476074219,3466400
2023-02-09,485.6300048828125,489.70001220703125,482.3999938964844,485.7300109863281,450.9100036621094,3664600
2023-02-10,489.1300048828125,495.6600036621094,488.75,494.25,458.8193359375,3418100
2023-02-13,494.0,499.8699951171875,491.760009765625,495.3500061035156,459.8404235839844,2589000
2023-02-14,494.2900085449219,497.95001220703125,489.0899963378906,492.8299865722656,457.50103759765625,2072600
2023-02-15,489.6499938964844,491.8299865722656,488.3900146484375,491.25,456.0343322753906,2242500
2023-02-16,491.1499938964844,494.0,487.2699890136719,487.3500061035156,452.4139404296875,2611500
2023-02-17,487.3800048828125,499.4599914550781,487.3500061035156,499.0799865722656,463.3030090332031,3891500
2023-02-21,496.70001220703125,501.3999938964844,490.5,491.30999755859375,456.0900573730469,2877300
2023-02-22,492.80999755859375,493.8900146484375,488.6700134277344,488.8900146484375,453.8435974121094,2982800
2023-02-23,486.6600036621094,493.3299865722656,485.8699951171875,491.69000244140625,456.44281005859375,2511800
2023-02-24,489.5799865722656,492.510009765625,483.010009765625,484.3299865722656,449.61041259765625,2940400
2023-02-27,488.7699890136719,490.94000244140625,481.9599914550781,483.32000732421875,448.6728820800781,3006200
2023-02-28,482.6700134277344,483.3599853515625,473.9200134277344,475.94000244140625,441.8218078613281,3902100
2023-03-01,473.6099853515625,478.4100036621094,472.0,475.2200012207031,441.1534423828125,2996900
2023-03-02,475.2099914550781,480.42999267578125,473.25,477.70001220703125,443.4556884765625,2188800
2023-03-03,477.94000244140625,479.1000061035156,474.2200012207031,478.55999755859375,444.2540283203125,2863300
2023-03-06,481.3699951171875,484.3500061035156,479.0,480.7799987792969,446.3149108886719,3812700
2023-03-07,482.9800109863281,483.82000732421875,472.55999755859375,473.8800048828125,439.9095153808594,2589200
2023-03-08,471.75,475.3900146484375,466.760009765625,470.6000061035156,436.8646545410156,3036600
2023-03-09,473.95001220703125,473.95001220703125,463.75,464.9100036621094,431.58258056640625,2780400
2023-03-10,462.7699890136719,468.8599853515625,457.5899963378906,460.3299865722656,428.8529357910156,3787500
2023-03-13,458.6499938964844,470.3699951171875,458.6499938964844,463.67999267578125,431.9738464355469,2971600
2023-03-14,464.6499938964844,469.8399963378906,459.04998779296875,464.5799865722656,432.81231689453125,3258200
2023-03-15,460.989990234375,468.8800048828125,459.239990234375,465.42999267578125,433.6041564941406,3770200
2023-03-16,464.7099914550781,473.3900146484375,463.1000061035156,472.0199890136719,439.74359130859375,2940500
2023-03-17,471.3900146484375,472.010009765625,466.29998779296875,469.5,437.3958740234375,5290000
2023-03-20,470.0,479.82000732421875,470.0,476.9599914550781,444.3457946777344,3119400
2023-03-21,478.3900146484375,481.45001220703125,475.7200012207031,480.1000061035156,447.27099609375,3163300
2023-03-22,481.95001220703125,485.739990234375,474.82000732421875,475.5199890136719,443.004150390625,2632200
2023-03-23,477.4100036621094,480.6700134277344,466.6700134277344,469.9100036621094,437.7778625488281,3284900
2023-03-24,468.9800109863281,476.8800048828125,467.5899963378906,475.989990234375,443.4421081542969,2533200
2023-03-27,485.54998779296875,486.2900085449219,478.5899963378906,481.8999938964844,448.947998046875,2271800
2023-03-28,482.0,483.7900085449219,470.69000244140625,472.5799865722656,440.2652282714844,2369500
2023-03-29,475.1099853515625,475.8800048828125,464.95001220703125,466.5899963378906,434.684814453125,3733200
2023-03-30,466.57000732421875,470.4100036621094,461.0799865722656,470.05999755859375,437.9176330566406,3324600
2023-03-31,471.5199890136719,476.0,470.1000061035156,472.5899963378906,440.2745666503906,3996700
2023-04-03,485.20001220703125,496.1300048828125,483.489990234375,494.19000244140625,460.3975524902344,4729100
2023-04-04,493.0299987792969,496.1000061035156,491.8399963378906,493.25,459.5218505859375,2624700
2023-04-05,497.3900146484375,511.739990234375,496.1000061035156,509.2300109863281,474.4092102050781,4964800
2023-04-06,511.0,514.239990234375,507.1499938964844,512.8099975585938,477.74432373046875,3472600
2023-04-10,510.80999755859375,515.3900146484375,508.0899963378906,515.1799926757812,479.9523010253906,2714500
2023-04-11,516.1400146484375,522.219970703125,515.219970703125,520.969970703125,485.3463134765625,3065300
2023-04-12,524.97998046875,526.7000122070312,520.0399780273438,521.1900024414062,485.5513610839844,3422400
2023-04-13,523.9099731445312,530.4500122070312,520.5,526.22998046875,490.24676513671875,4224400
2023-04-14,522.0,527.239990234375,508.5,511.7900085449219,476.7940979003906,4872000
2023-04-17,508.7200012207031,509.5899963378906,502.75,505.3500061035156,470.79449462890625,3660900
2023-04-18,503.6700134277344,506.989990234375,498.1400146484375,504.4800109863281,469.9839172363281,3232000
2023-04-19,500.6499938964844,501.9700012207031,483.6300048828125,486.20001220703125,452.9539794921875,5809100
2023-04-20,485.4700012207031,489.6499938964844,483.260009765625,487.4599914550781,454.1278076171875,3283000
2023-04-21,490.0400085449219,490.7300109863281,482.1400146484375,483.82000732421875,450.7366943359375,3165300
2023-04-24,483.4100036621094,490.2200012207031,482.6499938964844,488.94000244140625,455.506591796875,2322400
2023-04-25,492.67999267578125,498.5,490.5799865722656,491.9200134277344,458.28277587890625,2937300
2023-04-26,485.8699951171875,487.70001220703125,478.3599853515625,482.95001220703125,449.9261779785156,2930000
2023-04-27,482.20001220703125,490.9800109863281,482.20001220703125,490.4700012207031,456.9319763183594,2473200
2023-04-28,488.69000244140625,493.9599914550781,488.1199951171875,492.0899963378906,458.4411926269531,2398900
2023-05-01,494.5899963378906,499.3900146484375,491.80999755859375,495.70001220703125,461.8043212890625,2105600
2023-05-02,495.25,496.7099914550781,489.2699890136719,493.3900146484375,459.65234375,2152300
2023-05-03,494.3999938964844,495.45001220703125,488.0299987792969,489.44000244140625,455.972412109375,1749700
2023-05-04,487.04998779296875,489.69000244140625,481.95001220703125,487.2799987792969,453.9600830078125,2555700
2023-05-05,494.05999755859375,500.8500061035156,492.0299987792969,494.2799987792969,460.4814147949219,2329400
2023-05-08,492.0400085449219,494.3500061035156,488.32000732421875,492.6199951171875,458.9349670410156,1738500
2023-05-09,492.8399963378906,499.3999938964844,490.29998779296875,490.3800048828125,456.8481140136719,2038600
2023-05-10,489.3999938964844,493.4700012207031,487.6400146484375,490.07000732421875,456.5592956542969,2018700
2023-05-11,488.0,490.1199951171875,485.6600036621094,488.760009765625,455.3388671875,2384200
2023-05-12,488.760009765625,492.8999938964844,487.75,491.2300109863281,457.6399841308594,1536500
2023-05-15,491.3999938964844,491.7900085449219,483.70001220703125,486.8599853515625,453.56878662109375,2169700
2023-05-16,487.6199951171875,489.2099914550781,479.010009765625,479.7200012207031,446.91705322265625,2178900
2023-05-17,480.0,485.3999938964844,477.5400085449219,484.80999755859375,451.65899658203125,2682000
2023-05-18,482.04998779296875,482.54998779296875,473.8900146484375,479.2300109863281,446.4606018066406,3040100
2023-05-19,479.5799865722656,484.79998779296875,477.80999755859375,478.82000732421875,446.0785827636719,2317900
2023-05-22,480.44000244140625,482.20001220703125,477.9100036621094,480.6199951171875,447.7554626464844,2242800
2023-05-23,476.17999267578125,483.3900146484375,472.5400085449219,479.44000244140625,446.6561584472656,2874200
2023-05-24,480.6099853515625,483.2799987792969,478.8900146484375,480.8299865722656,447.9510803222656,1904700
2023-05-25,477.6300048828125,481.7699890136719,474.29998779296875,477.70001220703125,445.03515625,2684100
2023-05-26,478.05999755859375,488.3900146484375,478.0,481.5199890136719,448.5939636230469,3135200
2023-05-30,476.67999267578125,485.8699951171875,476.0299987792969,479.8500061035156,447.0381774902344,3180800
2023-05-31,478.1199951171875,487.3999938964844,477.1099853515625,487.239990234375,453.92279052734375,4944100
2023-06-01,487.7900085449219,498.7799987792969,486.1099853515625,493.6300048828125,459.8759460449219,3376600
2023-06-02,492.0,501.0199890136719,490.3599853515625,499.5799865722656,465.4190368652344,3064500
2023-06-05,500.70001220703125,502.8999938964844,497.4200134277344,498.19000244140625,464.1241149902344,2688800
2023-06-06,499.8999938964844,499.8999938964844,483.6700134277344,487.57000732421875,454.23028564453125,3816600
2023-06-07,489.95001220703125,490.44000244140625,481.6000061035156,482.1300048828125,449.16229248046875,4381700
2023-06-08,484.3900146484375,491.82000732421875,482.42999267578125,490.2300109863281,456.70843505859375,2725900
2023-06-09,489.989990234375,498.2200012207031,487.2300109863281,493.6199951171875,459.8665771484375,3174100
2023-06-12,492.29998779296875,494.45001220703125,488.7200012207031,492.5899963378906,458.906982421875,2207700
2023-06-13,490.8699951171875,494.6600036621094,488.6600036621094,491.30999755859375,457.7144775390625,3016600
2023-06-14,454.6400146484375,460.6300048828125,445.67999267578125,459.8599853515625,428.4150085449219,14672400
2023-06-15,461.989990234375,472.0,460.9100036621094,465.8900146484375,435.814453125,6798100
2023-06-16,466.1400146484375,468.5199890136719,457.92999267578125,458.489990234375,428.8921813964844,7699100
2023-06-20,456.75,470.489990234375,456.75,469.3900146484375,439.0885009765625,4597700
2023-06-21,468.95001220703125,479.3699951171875,467.19000244140625,476.75,445.97332763671875,4886500
2023-06-22,478.17999267578125,483.17999267578125,478.0,479.04998779296875,448.1248779296875,3179000
2023-06-23,478.3299865722656,482.2799987792969,476.54998779296875,477.0,446.2071838378906,4862600
2023-06-26,478.1400146484375,481.30999755859375,473.0,479.05999755859375,448.13427734375,2968300
2023-06-27,478.1300048828125,483.17999267578125,477.7699890136719,482.55999755859375,451.4082946777344,3693200
2023-06-28,481.9599914550781,482.1199951171875,473.9800109863281,474.45001220703125,443.8218994140625,3670100
2023-06-29,475.0799865722656,479.7099914550781,473.0799865722656,476.44000244140625,445.6833801269531,2979300
2023-06-30,478.0,482.1000061035156,475.1199951171875,480.6400146484375,449.6123046875,3970400
2023-07-03,478.1000061035156,480.2099914550781,476.29998779296875,477.8800048828125,447.0304260253906,1915700
2023-07-05,476.0299987792969,477.2900085449219,470.5899963378906,471.2200012207031,440.80035400390625,5053100
2023-07-06,469.3500061035156,472.3999938964844,466.6499938964844,469.3599853515625,439.0604553222656,3913600
2023-07-07,465.0,468.6099853515625,460.82000732421875,461.5799865722656,431.7826232910156,4131600
2023-07-10,460.0,463.1000061035156,459.1600036621094,463.04998779296875,433.15777587890625,4339200
2023-07-11,462.3699951171875,466.489990234375,461.1400146484375,462.8900146484375,433.00811767578125,3086800
2023-07-12,463.0,464.82000732421875,451.25,451.70001220703125,422.5404968261719,7287600
2023-07-13,452.0,454.8999938964844,447.17999267578125,447.75,418.8454284667969,7276800
2023-07-14,462.54998779296875,485.0,460.1099853515625,480.1700134277344,449.172607421875,11379300
2023-07-17,481.1099853515625,484.6000061035156,478.29998779296875,484.0799865722656,452.8302001953125,4582000
2023-07-18,489.3299865722656,504.4200134277344,487.5,500.0,467.722412109375,8816400
2023-07-19,507.5400085449219,514.6599731445312,502.4800109863281,503.70001220703125,471.1836242675781,4956500
2023-07-20,506.6600036621094,508.67999267578125,500.5299987792969,504.239990234375,471.68878173828125,2963100
2023-07-21,505.04998779296875,510.4100036621094,504.5199890136719,506.5299987792969,473.8309020996094,2887300
2023-07-24,505.3299865722656,509.7799987792969,504.57000732421875,508.67999267578125,475.8421325683594,2279000
2023-07-25,510.0,512.5,507.2799987792969,510.92999267578125,477.9468688964844,2730600
2023-07-26,511.5400085449219,515.8599853515625,506.6300048828125,508.0,475.2059631347656,3697200
2023-07-27,508.57000732421875,510.5,503.1300048828125,505.2300109863281,472.6148681640625,3028300
2023-07-28,505.2099914550781,507.4800109863281,497.2799987792969,502.9100036621094,470.4446105957031,2930000
2023-07-31,503.0,507.8800048828125,499.05999755859375,506.3699951171875,473.6812744140625,2441600
2023-08-01,507.5,510.0400085449219,502.489990234375,504.739990234375,472.1564636230469,2161200
2023-08-02,509.69000244140625,510.4700012207031,502.989990234375,504.79998779296875,472.21258544921875,3220500
2023-08-03,502.8900146484375,506.0,501.0400085449219,504.8599853515625,472.26873779296875,2442900
2023-08-04,510.0,510.8999938964844,501.75,502.7300109863281,470.2762451171875,2411200
2023-08-07,505.739990234375,513.5999755859375,504.6499938964844,510.739990234375,477.76910400390625,2430900
2023-08-08,503.0,508.1700134277344,500.0199890136719,505.8599853515625,473.20416259765625,2422600
2023-08-09,504.0,505.7300109863281,500.8800048828125,502.1099853515625,469.6961975097656,1916900
2023-08-10,504.4700012207031,512.0399780273438,502.7799987792969,503.4800109863281,470.97784423828125,2179700
2023-08-11,505.6300048828125,510.6700134277344,504.25,508.010009765625,475.21533203125,2029600
2023-08-14,509.1499938964844,513.5,508.25,510.92999267578125,477.9468688964844,2127200
2023-08-15,511.5799865722656,513.6500244140625,506.2699890136719,506.69000244140625,473.98065185546875,1817500
2023-08-16,508.0,510.5,502.8299865722656,503.55999755859375,471.0526428222656,1454100
2023-08-17,495.4800109863281,501.2300109863281,491.82000732421875,493.9599914550781,462.0723876953125,3009500
2023-08-18,494.7799987792969,500.94000244140625,493.5,498.44000244140625,466.2631530761719,2364400
2023-08-21,497.510009765625,500.25,496.2200012207031,497.67999267578125,465.55224609375,1533500
2023-08-22,495.4200134277344,496.7900085449219,491.3299865722656,492.3399963378906,460.55694580078125,2079400
2023-08-23,493.0,494.0,487.92999267578125,489.44000244140625,457.8441467285156,2011400
2023-08-24,491.42999267578125,495.4200134277344,487.2099914550781,488.1000061035156,456.5906677246094,2311100
2023-08-25,489.9200134277344,491.1499938964844,484.6499938964844,489.1199951171875,457.5448913574219,1923500
2023-08-28,490.489990234375,493.05999755859375,489.1300048828125,491.2799987792969,459.5654296875,1344500
2023-08-29,491.4700012207031,492.94000244140625,487.9700012207031,492.8299865722656,461.0152893066406,2113700
2023-08-30,493.989990234375,496.7099914550781,490.2900085449219,491.5299987792969,459.7991943359375,2283400
2023-08-31,492.3599853515625,493.82000732421875,476.2900085449219,476.5799865722656,445.81427001953125,4927700
2023-09-01,479.0,480.6499938964844,473.3599853515625,476.239990234375,445.4963073730469,3165900
2023-09-05,478.0,484.6000061035156,477.5400085449219,480.80999755859375,449.7712707519531,3443300
2023-09-06,482.0899963378906,483.1600036621094,476.3800048828125,476.94000244140625,446.15106201171875,2596100
2023-09-07,479.8999938964844,487.1099853515625,478.6000061035156,484.80999755859375,453.5130615234375,2928000
2023-09-08,480.19000244140625,482.9700012207031,478.75,480.7699890136719,451.484619140625,1858400
2023-09-11,481.9800109863281,483.8399963378906,478.0,479.3800048828125,450.1793212890625,2059200
2023-09-12,477.3800048828125,483.6400146484375,472.1199951171875,479.8999938964844,450.6676025390625,2195200
2023-09-13,481.42999267578125,484.0400085449219,479.4599914550781,479.8399963378906,450.61126708984375,2197800
2023-09-14,482.6300048828125,485.2699890136719,478.7799987792969,483.6000061035156,454.1422119140625,2334300
2023-09-15,485.739990234375,489.82000732421875,484.1400146484375,486.70001220703125,457.05340576171875,5334300
2023-09-18,488.4100036621094,488.739990234375,483.6000061035156,486.05999755859375,456.452392578125,1997500
2023-09-19,483.760009765625,485.7300109863281,476.5400085449219,480.6600036621094,451.3813171386719,3230700
2023-09-20,482.75,495.1099853515625,479.1400146484375,492.1300048828125,462.15264892578125,3724800
2023-09-21,494.19000244140625,505.1400146484375,493.0799865722656,501.1400146484375,470.6138610839844,4703900
2023-09-22,499.0,509.42999267578125,498.0299987792969,506.1000061035156,475.271728515625,4558500
2023-09-25,508.260009765625,510.94000244140625,506.6300048828125,510.2799987792969,479.1971130371094,2758500
2023-09-26,508.94000244140625,509.4200134277344,504.3800048828125,505.45001220703125,474.66131591796875,2420200
2023-09-27,506.2300109863281,506.3599853515625,501.04998779296875,503.7300109863281,473.0460510253906,2593700
2023-09-28,505.9700012207031,514.1500244140625,505.010009765625,510.1000061035156,479.0280456542969,2922000
2023-09-29,509.8500061035156,509.8800048828125,503.79998779296875,504.19000244140625,473.47802734375,3006200
2023-10-02,505.5299987792969,514.8400268554688,503.1400146484375,514.5700073242188,483.2257995605469,3550400
2023-10-03,513.2999877929688,513.97998046875,508.3599853515625,509.4700012207031,478.4363708496094,3143200
2023-10-04,509.489990234375,511.82000732421875,506.6099853515625,510.6199951171875,479.5163879394531,2801700
2023-10-05,511.6199951171875,518.2100219726562,511.2300109863281,516.22998046875,484.7846374511719,2790700
2023-10-06,516.4500122070312,525.9500122070312,515.97998046875,524.8099975585938,492.8419494628906,3647200
2023-10-09,521.1500244140625,526.8699951171875,520.25,526.510009765625,494.4385070800781,2341600
2023-10-10,526.5,528.1400146484375,523.0800170898438,524.239990234375,492.3066711425781,2455700
2023-10-11,520.9199829101562,525.5900268554688,520.22998046875,524.1300048828125,492.2033996582031,2819300
2023-10-12,524.469970703125,528.5800170898438,522.25,525.5399780273438,493.52740478515625,2377300
2023-10-13,533.25,544.4600219726562,532.0,539.4000244140625,506.5433654785156,5245400
2023-10-16,543.1799926757812,546.780029296875,536.1199951171875,538.030029296875,505.2567138671875,3827600
2023-10-17,539.9400024414062,542.4299926757812,534.5700073242188,536.6500244140625,503.9607238769531,2586000
2023-10-18,543.0399780273438,543.97998046875,535.4000244140625,536.0599975585938,503.4067687988281,2551400
2023-10-19,536.8200073242188,538.3400268554688,529.25,531.6300048828125,499.24664306640625,2351200
2023-10-20,531.0,534.4299926757812,526.77001953125,527.030029296875,494.9267883300781,2811100
2023-10-23,527.030029296875,527.780029296875,520.2899780273438,521.5700073242188,489.7994079589844,2357700
2023-10-24,522.8599853515625,530.6699829101562,522.0700073242188,525.0,493.02044677734375,1978200
2023-10-25,527.27001953125,532.3599853515625,520.0800170898438,530.2100219726562,497.9132385253906,2380100
2023-10-26,525.7000122070312,530.469970703125,522.52001953125,528.3599853515625,496.1756591796875,2675800
2023-10-27,525.989990234375,527.739990234375,521.260009765625,524.6599731445312,492.7011413574219,2585600
2023-10-30,525.0,531.8200073242188,522.9400024414062,529.989990234375,497.7064514160156,2555400
2023-10-31,535.0,536.6799926757812,531.6199951171875,535.5599975585938,502.9371643066406,2464200
2023-11-01,529.97998046875,535.8300170898438,526.7999877929688,531.5999755859375,499.2183532714844,2747400
2023-11-02,532.0,536.8400268554688,526.9500122070312,536.1300048828125,503.4725036621094,2350900
2023-11-03,534.5700073242188,535.97998046875,528.7999877929688,530.9000244140625,498.56109619140625,2739500
2023-11-06,531.6300048828125,536.02001953125,530.0499877929688,533.4600219726562,500.96514892578125,2684900
2023-11-07,535.3599853515625,539.6500244140625,531.52001953125,537.8300170898438,505.06884765625,2604800
2023-11-08,540.0,541.4000244140625,534.1400146484375,536.72998046875,504.0358581542969,1769200
2023-11-09,537.5999755859375,540.9099731445312,534.47998046875,539.0,506.1676025390625,1819600
2023-11-10,542.6799926757812,542.6799926757812,536.02001953125,541.2100219726562,508.242919921875,2480800
2023-11-13,541.1500244140625,544.1500244140625,537.9099731445312,542.5700073242188,509.5202941894531,1507900
2023-11-14,539.030029296875,542.6699829101562,536.510009765625,540.4600219726562,507.5387268066406,2454000
2023-11-15,540.0499877929688,540.4600219726562,531.7000122070312,538.4099731445312,505.6136474609375,2473700
2023-11-16,538.4099731445312,544.8599853515625,537.469970703125,539.8200073242188,506.93768310546875,2360300
2023-11-17,540.27001953125,540.52001953125,528.3400268554688,536.2899780273438,503.6227722167969,2676900
2023-11-20,533.6099853515625,536.3400268554688,531.7999877929688,535.0999755859375,502.5051574707031,2518400
2023-11-21,537.77001953125,541.6699829101562,534.1900024414062,539.5900268554688,506.7217102050781,2115700
2023-11-22,542.969970703125,544.4000244140625,540.260009765625,543.760009765625,510.63775634765625,2234500
2023-11-24,544.9299926757812,547.5900268554688,542.8099975585938,547.0999755859375,513.7742309570312,1135000
2023-11-27,547.0999755859375,550.8900146484375,541.530029296875,543.5900268554688,510.4781494140625,2675800
2023-11-28,545.6300048828125,545.8200073242188,540.0700073242188,540.530029296875,507.6044616699219,2859300
2023-11-29,530.0,541.8599853515625,528.6500244140625,534.97998046875,502.3924865722656,4550000
2023-11-30,535.7899780273438,553.9400024414062,534.010009765625,552.969970703125,519.28662109375,7121200
2023-12-01,550.4199829101562,554.7000122070312,545.1599731445312,547.1599731445312,515.58349609375,3462200
2023-12-04,548.260009765625,551.8699951171875,543.0399780273438,548.280029296875,516.6387939453125,2709200
2023-12-05,549.0999755859375,552.530029296875,545.3499755859375,550.260009765625,518.5045166015625,2645600
2023-12-06,547.5599975585938,551.8800048828125,547.0999755859375,549.530029296875,517.8167114257812,2239700
2023-12-07,551.3499755859375,551.510009765625,544.52001953125,548.27001953125,516.6294555664062,2511700
2023-12-08,550.219970703125,551.72998046875,544.5399780273438,549.77001953125,518.04296875,2039900
2023-12-11,549.760009765625,550.0,539.0599975585938,543.6799926757812,512.3042602539062,3655300
2023-12-12,545.7999877929688,547.489990234375,542.6500244140625,545.719970703125,514.2266235351562,2706100
2023-12-13,544.0,549.4199829101562,538.5900268554688,549.010009765625,517.32666015625,2876600
2023-12-14,544.2999877929688,544.9199829101562,529.4000244140625,534.239990234375,503.4091796875,5386800
2023-12-15,530.0,533.5,522.9600219726562,531.1199951171875,500.4691162109375,9030100
2023-12-18,529.1099853515625,531.469970703125,525.22998046875,526.5499877929688,496.1628723144531,3260300
2023-12-19,524.5900268554688,527.6199951171875,521.780029296875,524.0399780273438,493.7976989746094,3645600
2023-12-20,523.8499755859375,524.8300170898438,515.8699951171875,515.9299926757812,486.1557312011719,3847800
2023-12-21,518.8800048828125,520.8200073242188,516.5,519.8800048828125,489.8778076171875,2491600
2023-12-22,519.8800048828125,523.010009765625,518.02001953125,520.3099975585938,490.28302001953125,1759500
2023-12-26,519.8800048828125,521.47998046875,517.969970703125,520.030029296875,490.0192565917969,1390800
2023-12-27,519.75,523.1599731445312,519.3599853515625,522.7899780273438,492.61993408203125,1851800
2023-12-28,523.469970703125,527.8699951171875,522.9400024414062,524.9000244140625,494.608154296875,2001000
2023-12-29,525.97998046875,528.239990234375,523.9199829101562,526.469970703125,496.0874938964844,2080100
2024-01-02,526.8400268554688,539.6599731445312,526.6699829101562,539.3400268554688,508.2147216796875,3415700
2024-01-03,543.0399780273438,546.7899780273438,539.47998046875,542.030029296875,510.7496032714844,2891400
2024-01-04,545.0,549.0,543.0,545.4199829101562,513.94384765625,2994400
2024-01-05,547.0,547.0,533.72998046875,537.3800048828125,506.36798095703125,2815400
2024-01-08,539.4000244140625,540.25,528.0,536.52001953125,505.5574951171875,2648900
2024-01-09,538.0,539.6099853515625,532.3300170898438,538.3699951171875,507.30078125,2677000
2024-01-10,538.0999755859375,541.2000122070312,536.1500244140625,537.6400146484375,506.6128845214844,2180000
2024-01-11,536.1300048828125,540.1599731445312,534.530029296875,539.6799926757812,508.5350341796875,2814100
2024-01-12,518.8599853515625,528.47998046875,513.1300048828125,521.510009765625,491.4136962890625,6327300
2024-01-16,523.7100219726562,524.5,516.5499877929688,519.1500244140625,489.1899719238281,3736700
2024-01-17,521.280029296875,530.6599731445312,520.0,524.9400024414062,494.6458435058594,3791300
2024-01-18,505.2300109863281,516.8400268554688,497.4599914550781,516.3400268554688,486.5421142578125,7367000
2024-01-19,515.0,517.5499877929688,501.82000732421875,503.55999755859375,474.4996337890625,6143400
2024-01-22,503.94000244140625,513.5700073242188,496.5,512.989990234375,483.38543701171875,5922900
2024-01-23,512.5,518.0800170898438,512.0800170898438,515.52001953125,485.7694091796875,2672900
2024-01-24,517.9000244140625,521.72998046875,512.9500122070312,513.22998046875,483.611572265625,2918800
2024-01-25,487.5899963378906,495.510009765625,479.0,493.3999938964844,464.9259338378906,14671000
2024-01-26,493.2799987792969,503.69000244140625,489.8999938964844,503.20001220703125,474.1604309082031,6212200
2024-01-29,503.1099853515625,506.510009765625,501.1499938964844,504.5400085449219,475.4231262207031,4554100
2024-01-30,504.5400085449219,506.04998779296875,499.2200012207031,503.6099853515625,474.5467224121094,4931200
2024-01-31,504.510009765625,515.0,504.510009765625,511.739990234375,482.20758056640625,5358100
2024-02-01,508.8299865722656,510.2200012207031,503.0,507.1400146484375,477.8730163574219,4242600
2024-02-02,508.25,512.9099731445312,505.3900146484375,510.2300109863281,480.7846984863281,3804500
2024-02-05,509.9599914550781,514.2000122070312,500.04998779296875,502.9599914550781,473.93426513671875,3646300
2024-02-06,503.94000244140625,510.94000244140625,502.45001220703125,510.6700134277344,481.1993408203125,2745400
2024-02-07,514.010009765625,521.0,512.6900024414062,519.3900146484375,489.4161376953125,4109100
2024-02-08,520.6300048828125,522.1599731445312,517.280029296875,520.0900268554688,490.07568359375,3343000
2024-02-09,518.989990234375,520.3900146484375,516.2899780273438,518.219970703125,488.3135986328125,2715400
2024-02-12,518.219970703125,518.989990234375,512.8099975585938,517.6400146484375,487.7670593261719,3194000
2024-02-13,522.0,526.9299926757812,514.2100219726562,516.8499755859375,487.0227355957031,3436000
2024-02-14,515.260009765625,518.530029296875,514.2899780273438,516.9400024414062,487.1074523925781,1918500
2024-02-15,517.3400268554688,521.75,515.7999877929688,520.8800048828125,490.82012939453125,2292100
2024-02-16,522.2999877929688,523.7899780273438,518.8900146484375,521.5499877929688,491.4513854980469,2135500
2024-02-20,524.2100219726562,525.3699951171875,519.4099731445312,521.0599975585938,490.98968505859375,2600200
2024-02-21,523.6699829101562,523.6900024414062,517.5399780273438,521.969970703125,491.84716796875,2095900
2024-02-22,524.2000122070312,526.739990234375,518.5900268554688,526.5,496.11572265625,3186800
2024-02-23,526.75,530.5,524.1599731445312,527.239990234375,496.8130798339844,2502000
2024-02-26,528.3200073242188,532.8099975585938,524.3099975585938,525.3200073242188,495.00390625,2308900
2024-02-27,524.760009765625,525.5900268554688,512.0499877929688,513.4199829101562,483.79058837890625,3780600
2024-02-28,495.44000244140625,498.54998779296875,484.3900146484375,498.2799987792969,469.52435302734375,9558600
2024-02-29,498.5,501.75,491.6000061035156,493.6000061035156,465.11444091796875,6833200
2024-03-01,489.4200134277344,490.0199890136719,477.25,489.5299987792969,461.2793273925781,7315000
2024-03-04,483.239990234375,487.0400085449219,480.1000061035156,481.8699951171875,454.0613708496094,5239800
2024-03-05,482.3900146484375,482.8999938964844,470.6199951171875,473.1499938964844,445.8446044921875,5296200
2024-03-06,474.44000244140625,479.79998779296875,468.19000244140625,472.6000061035156,445.32635498046875,5577500
2024-03-07,474.0,481.19000244140625,473.6000061035156,478.7799987792969,451.1496276855469,5102000
2024-03-08,478.3299865722656,484.25,474.7699890136719,476.57000732421875,450.8375244140625,4673600
2024-03-11,477.0,490.30999755859375,476.0,489.1499938964844,462.7381896972656,4410100
2024-03-12,488.1300048828125,492.2799987792969,487.3500061035156,489.3500061035156,462.9274597167969,4153800
2024-03-13,493.5199890136719,496.0,485.3299865722656,488.0,461.65032958984375,3669000
2024-03-14,488.7200012207031,489.67999267578125,485.19000244140625,489.0,462.59637451171875,3378500
2024-03-15,487.45001220703125,491.2200012207031,487.45001220703125,490.82000732421875,464.31805419921875,5713500
2024-03-18,492.1000061035156,492.1000061035156,486.3800048828125,487.04998779296875,460.7516174316406,2970500
2024-03-19,489.6700134277344,493.44000244140625,487.7900085449219,493.32000732421875,466.6830749511719,2511700
2024-03-20,492.4700012207031,494.6000061035156,489.44000244140625,494.2300109863281,467.5439453125,3548200
2024-03-21,492.2799987792969,496.20001220703125,491.2799987792969,491.69000244140625,465.14111328125,3693400
2024-03-22,495.20001220703125,495.8299865722656,489.7699890136719,490.07000732421875,463.6086120605469,2847300
2024-03-25,490.6000061035156,491.4800109863281,484.07000732421875,485.8800048828125,459.64483642578125,2786100
2024-03-26,488.1300048828125,493.3399963378906,485.2300109863281,492.30999755859375,465.7276306152344,3113300
2024-03-27,493.70001220703125,495.7300109863281,491.30999755859375,493.1000061035156,466.4749755859375,2653100
2024-03-28,495.0,495.8699951171875,489.29998779296875,494.70001220703125,467.9885559082031,3820000
2024-04-01,494.4700012207031,495.7799987792969,488.70001220703125,489.70001220703125,463.25860595703125,2928700
2024-04-02,459.6000061035156,463.67999267578125,449.6000061035156,458.1400146484375,433.4026794433594,11867000
2024-04-03,462.0,462.8500061035156,455.54998779296875,459.739990234375,434.9162902832031,4460400
2024-04-04,460.82000732421875,461.7200012207031,451.9200134277344,455.3800048828125,430.79168701171875,5182000
2024-04-05,450.69000244140625,457.75,450.010009765625,455.739990234375,431.1322326660156,5747400
2024-04-08,455.9700012207031,457.20001220703125,453.5899963378906,456.0,431.3782043457031,4532300
2024-04-09,454.2799987792969,459.760009765625,452.4599914550781,459.7200012207031,434.8973388671875,3521200
2024-04-10,455.489990234375,458.739990234375,449.7799987792969,450.04998779296875,425.74945068359375,4493500
2024-04-11,450.3900146484375,450.7699890136719,441.4800109863281,441.7200012207031,417.8692626953125,5844100
2024-04-12,440.3399963378906,442.239990234375,436.3800048828125,439.20001220703125,415.4853210449219,6045700
2024-04-15,442.0,448.3500061035156,441.989990234375,445.6300048828125,421.568115234375,5376800
2024-04-16,476.7699890136719,479.75,465.6000061035156,468.8900146484375,443.5722351074219,11816500
2024-04-17,478.6000061035156,488.0,474.5899963378906,478.989990234375,453.1268005371094,8759800
2024-04-18,486.1300048828125,502.0,485.9700012207031,493.17999267578125,466.5506286621094,8880400
2024-04-19,497.0,507.29998779296875,495.55999755859375,501.1300048828125,474.0714111328125,6618600
2024-04-22,497.7799987792969,499.4200134277344,490.6400146484375,491.2300109863281,464.7059326171875,4697700
2024-04-23,491.0,494.30999755859375,484.9700012207031,486.17999267578125,459.9286193847656,3646700
2024-04-24,483.7799987792969,488.8599853515625,480.7099914550781,487.29998779296875,460.9881286621094,3724400
2024-04-25,488.9599914550781,497.1300048828125,487.5299987792969,493.8599853515625,467.1939392089844,4329700
2024-04-26,492.0,497.2300109863281,491.3999938964844,495.3500061035156,468.6034851074219,2727000
2024-04-29,495.7099914550781,497.3500061035156,487.7699890136719,489.0299987792969,462.6247253417969,2192100
2024-04-30,488.9599914550781,489.7099914550781,482.5899963378906,483.70001220703125,457.58251953125,3367500
2024-05-01,479.260009765625,489.19000244140625,477.07000732421875,484.1099853515625,457.9703674316406,2729200
2024-05-02,484.2799987792969,493.69000244140625,483.94000244140625,492.9700012207031,466.3519592285156,3561400
2024-05-03,490.8599853515625,492.7900085449219,485.7799987792969,492.45001220703125,465.8600158691406,2487600
2024-05-06,492.4800109863281,494.8699951171875,492.0,494.3800048828125,467.6858825683594,2029500
2024-05-07,496.0,501.6499938964844,495.0400085449219,500.9599914550781,473.9105529785156,3752100
2024-05-08,504.1700134277344,507.0,500.0799865722656,503.2099914550781,476.03912353515625,3078900
2024-05-09,502.1400146484375,507.9700012207031,502.1400146484375,507.0299987792969,479.65283203125,2342900
2024-05-10,509.0,513.5800170898438,507.0,512.8099975585938,485.1207580566406,2784600
2024-05-13,512.0499877929688,514.6699829101562,507.30999755859375,511.739990234375,484.1085205078125,2454500
2024-05-14,514.5800170898438,516.1699829101562,507.29998779296875,513.8800048828125,486.1329345703125,2949700
2024-05-15,514.8300170898438,522.5900268554688,514.8300170898438,517.5499877929688,489.6047668457031,2981200
2024-05-16,520.0,528.1599731445312,519.510009765625,521.27001953125,493.1239013671875,3655800
2024-05-17,522.9400024414062,525.8499755859375,520.010009765625,524.6300048828125,496.3025207519531,2657200
2024-05-20,524.6300048828125,524.6300048828125,516.5399780273438,517.22998046875,489.3019714355469,2476200
2024-05-21,518.3200073242188,524.719970703125,515.9199829101562,523.5499877929688,495.28076171875,2521900
2024-05-22,522.8200073242188,526.280029296875,520.6500244140625,521.3499755859375,493.1995849609375,2299100
2024-05-23,518.3200073242188,520.22998046875,515.22998046875,516.8300170898438,488.9237060546875,3055400
2024-05-24,516.1099853515625,517.1400146484375,507.5199890136719,508.1700134277344,480.7312927246094,2527800
2024-05-28,506.6499938964844,506.6499938964844,501.8999938964844,503.67999267578125,476.4837341308594,2912800
2024-05-29,492.3399963378906,493.8999938964844,473.2699890136719,484.7200012207031,458.5474548339844,7521600
2024-05-30,482.32000732421875,486.0299987792969,478.0,481.6499938964844,455.6431884765625,5169700
2024-05-31,482.4100036621094,498.4100036621094,482.4100036621094,495.3699951171875,468.62237548828125,6694800
2024-06-03,494.1300048828125,498.67999267578125,493.07000732421875,497.44000244140625,470.58056640625,2795100
2024-06-04,498.55999755859375,508.2699890136719,494.5899963378906,505.489990234375,478.1959228515625,3178400
2024-06-05,508.70001220703125,509.1000061035156,498.79998779296875,503.1199951171875,475.95391845703125,2464400
2024-06-06,503.6499938964844,504.70001220703125,497.2799987792969,501.9200134277344,474.8187255859375,2419600
2024-06-07,502.0400085449219,502.8599853515625,490.4200134277344,490.69000244140625,464.19512939453125,3416300
2024-06-10,491.0,495.3900146484375,486.19000244140625,495.0,468.2723693847656,3332800
2024-06-11,490.8599853515625,497.7799987792969,490.2900085449219,496.2200012207031,469.4264831542969,4599700
2024-06-12,500.0,500.0,487.4200134277344,493.07000732421875,466.4466247558594,4048200
2024-06-13,490.2799987792969,502.0,484.3800048828125,497.29998779296875,470.44818115234375,4951700
2024-06-14,496.8299865722656,497.8500061035156,491.7300109863281,497.1199951171875,470.27789306640625,3188400
2024-06-17,491.3299865722656,493.1199951171875,488.70001220703125,489.2300109863281,464.7773132324219,2407200
2024-06-18,490.7099914550781,491.6600036621094,479.0400085449219,481.04998779296875,457.00616455078125,3692700
2024-06-20,480.0400085449219,485.9200134277344,478.1099853515625,484.5199890136719,460.3027038574219,5258100
2024-06-21,484.44000244140625,488.29998779296875,480.5899963378906,482.5899963378906,458.46923828125,6368600
2024-06-24,488.8599853515625,490.8900146484375,484.5,489.9800109863281,465.4898681640625,5139800
2024-06-25,490.6400146484375,490.6400146484375,480.6000061035156,484.5,460.2837219238281,2916100
2024-06-26,484.5,487.44000244140625,481.4700012207031,484.0400085449219,459.84674072265625,3153100
2024-06-27,485.04998779296875,488.9800109863281,482.04998779296875,486.44000244140625,462.126708984375,2991900
2024-06-28,496.3699951171875,509.3999938964844,489.4100036621094,509.260009765625,483.80615234375,22734200
2024-07-01,506.75,508.9100036621094,492.8900146484375,494.6499938964844,469.92645263671875,4523100
2024-07-02,494.260009765625,498.4700012207031,493.3900146484375,498.239990234375,473.33697509765625,3312000
2024-07-03,497.1199951171875,498.0799865722656,486.5199890136719,489.8900146484375,465.4043273925781,2239200
2024-07-05,489.0,489.6700134277344,484.5,488.010009765625,463.6182861328125,3499000
2024-07-08,489.19000244140625,493.8800048828125,486.1700134277344,489.3399963378906,464.8817443847656,3450600
2024-07-09,488.3299865722656,495.3999938964844,486.0899963378906,492.1099853515625,467.51336669921875,3056800
2024-07-10,490.94000244140625,501.5,490.1199951171875,500.92999267578125,475.8924560546875,3189800
2024-07-11,497.70001220703125,508.7300109863281,497.70001220703125,504.3599853515625,479.1510925292969,3535100
2024-07-12,506.9200134277344,514.5700073242188,503.42999267578125,511.5299987792969,485.9627380371094,3570600
2024-07-15,524.239990234375,530.8300170898438,513.7999877929688,515.3699951171875,489.6107482910156,5128000
2024-07-16,533.9000244140625,549.9199829101562,527.1300048828125,548.8699951171875,521.436279296875,11062000
2024-07-17,554.0,573.6099853515625,551.2999877929688,573.280029296875,544.6263427734375,10330800
2024-07-18,564.5,581.5,561.4199829101562,564.3400268554688,536.1331787109375,6834800
2024-07-19,567.1199951171875,569.9000244140625,561.5399780273438,565.3300170898438,537.0736694335938,4290400
2024-07-22,563.0499877929688,564.25,557.0800170898438,558.530029296875,530.6136474609375,3377300
2024-07-23,558.7899780273438,558.8400268554688,552.8099975585938,554.7000122070312,526.9749755859375,2785600
2024-07-24,560.0,561.1300048828125,553.02001953125,559.75,531.7725219726562,3156200
2024-07-25,562.0,569.8900146484375,558.5800170898438,559.6799926757812,531.7060546875,3102900
2024-07-26,560.0,579.1300048828125,560.0,569.719970703125,541.244140625,3201900
2024-07-29,565.7100219726562,571.3499755859375,561.760009765625,566.75,538.422607421875,2965000
2024-07-30,566.9000244140625,579.4299926757812,565.989990234375,576.3300170898438,547.5238647460938,4139100
2024-07-31,565.4400024414062,580.9000244140625,562.3200073242188,576.1599731445312,547.3623657226562,4713200
2024-08-01,577.2000122070312,587.5,567.0999755859375,572.77001953125,544.141845703125,3680800
2024-08-02,582.3300170898438,591.5399780273438,575.25,589.8300170898438,560.3491821289062,5094000
2024-08-05,582.1199951171875,586.8200073242188,566.760009765625,569.9600219726562,541.4722290039062,4587400
2024-08-06,568.2100219726562,577.52001953125,562.530029296875,568.3499755859375,539.942626953125,3216500
2024-08-07,566.6099853515625,571.6500244140625,557.030029296875,566.0800170898438,537.7861938476562,4320700
2024-08-08,564.3699951171875,572.4500122070312,564.3699951171875,566.239990234375,537.9381713867188,2860800
2024-08-09,564.5399780273438,565.9299926757812,557.6300048828125,558.760009765625,530.8319702148438,2976700
2024-08-12,562.3200073242188,569.0,561.0499877929688,565.2899780273438,537.0357055664062,2532400
2024-08-13,569.989990234375,575.72998046875,569.0,574.239990234375,545.5383911132812,2369400
2024-08-14,575.239990234375,581.1199951171875,573.27001953125,579.6699829101562,550.6968994140625,2344400
2024-08-15,579.6699829101562,583.3400268554688,573.510009765625,579.6099853515625,550.639892578125,2751800
2024-08-16,580.9199829101562,581.6500244140625,574.0999755859375,577.6799926757812,548.806396484375,2728900
2024-08-19,578.0800170898438,583.2999877929688,577.0700073242188,578.780029296875,549.8514404296875,1847900
2024-08-20,579.8499755859375,583.8099975585938,575.5,580.6500244140625,551.6278686523438,1677500
2024-08-21,581.510009765625,583.3900146484375,577.4299926757812,578.0700073242188,549.1769409179688,2844300
2024-08-22,579.25,582.9500122070312,570.6199951171875,578.719970703125,549.7943725585938,2282000
2024-08-23,581.0,585.2100219726562,578.4500122070312,584.510009765625,555.2951049804688,2376400
2024-08-26,588.0499877929688,592.0900268554688,585.739990234375,587.1300048828125,557.7840576171875,1800000
2024-08-27,589.469970703125,592.3400268554688,583.780029296875,587.3499755859375,557.9931030273438,1581900
2024-08-28,589.010009765625,592.8400268554688,583.8699951171875,588.5399780273438,559.1235961914062,1657000
2024-08-29,590.6799926757812,592.6099853515625,584.3699951171875,591.5700073242188,562.0021362304688,1953200
2024-08-30,590.0,593.260009765625,586.5900268554688,590.2000122070312,560.70068359375,2944700
2024-09-03,592.52001953125,600.6599731445312,591.8200073242188,598.6799926757812,568.7567749023438,3175500
2024-09-04,600.0,607.9400024414062,597.8800048828125,604.1799926757812,573.98193359375,2935000
2024-09-05,604.1900024414062,606.0,589.6699829101562,595.489990234375,565.726318359375,2144800
2024-09-06,595.8699951171875,600.6099853515625,592.260009765625,596.8800048828125,567.0466918945312,2926400
2024-09-09,598.3200073242188,599.47998046875,575.27001953125,594.0999755859375,564.4057006835938,3411400
2024-09-10,595.2100219726562,604.7999877929688,591.1500244140625,599.030029296875,569.0892944335938,2863500
2024-09-11,589.1400146484375,591.4000244140625,578.969970703125,589.75,560.273193359375,3563600
2024-09-12,588.530029296875,590.510009765625,583.2100219726562,588.4199829101562,559.0095825195312,3395800
2024-09-13,591.0800170898438,597.6799926757812,587.22998046875,594.3200073242188,564.61474609375,2241900
2024-09-16,595.0,598.7899780273438,587.760009765625,589.1400146484375,561.67822265625,2548600
2024-09-17,586.010009765625,586.719970703125,576.3900146484375,577.9600219726562,551.0194702148438,3416000
2024-09-18,576.8599853515625,584.52001953125,572.3099975585938,580.6500244140625,553.5839233398438,2988300
2024-09-19,583.719970703125,584.8300170898438,574.5800170898438,577.0700073242188,550.1709594726562,2945700
2024-09-20,571.7000122070312,578.8400268554688,569.6500244140625,575.0,548.1973876953125,5398700
2024-09-23,576.489990234375,579.4299926757812,572.0,573.4099731445312,546.6815185546875,2386100
2024-09-24,570.8200073242188,577.3099975585938,566.0,575.1900024414062,548.3784790039062,3188500
2024-09-25,577.8699951171875,581.1099853515625,573.0800170898438,576.3099975585938,549.4463500976562,2658800
2024-09-26,575.0,576.5999755859375,570.9099731445312,574.8099975585938,548.0161743164062,2751900
2024-09-27,577.6799926757812,586.7100219726562,576.5900268554688,581.8499755859375,554.7280883789062,2986200
2024-09-30,583.5,586.4199829101562,578.739990234375,584.6799926757812,557.4261474609375,3009700
2024-10-01,585.0,588.7000122070312,580.77001953125,583.2999877929688,556.1104125976562,2648400
2024-10-02,604.260009765625,604.52001953125,584.25,592.3099975585938,564.7005615234375,3667000
2024-10-03,590.6099853515625,593.22998046875,584.3699951171875,592.75,565.1199340820312,2645800
2024-10-04,592.1300048828125,596.1300048828125,588.4400024414062,591.2000122070312,563.642333984375,2462600
2024-10-07,588.7899780273438,592.4400024414062,583.3300170898438,583.5599975585938,556.3583374023438,2591100
2024-10-08,588.0599975585938,589.2100219726562,579.5599975585938,581.5800170898438,554.470703125,2231400
2024-10-09,582.1599731445312,592.7999877929688,580.6099853515625,591.219970703125,563.6612548828125,2207700
2024-10-10,595.1799926757812,598.9500122070312,592.760009765625,597.7000122070312,569.8392944335938,2143200
2024-10-11,596.489990234375,601.52001953125,596.2000122070312,598.0499877929688,570.1728515625,1909700
2024-10-14,599.1099853515625,608.6300048828125,597.3800048828125,605.4000244140625,577.180419921875,2447100
2024-10-15,552.02001953125,569.7000122070312,543.0,556.2899780273438,530.3594360351562,11939400
2024-10-16,557.010009765625,576.1799926757812,555.1199951171875,571.3400268554688,544.7080688476562,5103900
2024-10-17,560.5800170898438,569.469970703125,558.719970703125,566.030029296875,539.6455078125,5588700
2024-10-18,566.8499755859375,570.9500122070312,563.0399780273438,569.6099853515625,543.0585327148438,3687000
2024-10-21,569.6400146484375,579.280029296875,568.7000122070312,571.469970703125,544.8319091796875,3018000
2024-10-22,567.8499755859375,573.0399780273438,565.489990234375,569.8599853515625,543.2969360351562,2593800
2024-10-23,572.1300048828125,574.1400146484375,560.0,564.6400146484375,538.3203735351562,2911900
2024-10-24,564.989990234375,571.7000122070312,560.3099975585938,560.8099975585938,534.6687622070312,2590200
2024-10-25,566.1599731445312,571.5,563.6099853515625,564.5599975585938,538.2440795898438,2513700
2024-10-28,566.25,568.3300170898438,562.8099975585938,565.239990234375,538.8922729492188,1826500
2024-10-29,562.8200073242188,567.6799926757812,560.6599731445312,562.1300048828125,535.92724609375,2600300
2024-10-30,561.25,570.3099975585938,560.9500122070312,562.9600219726562,536.7185668945312,2323600
2024-10-31,560.8800048828125,568.4500122070312,560.8800048828125,564.5,538.1868286132812,2490000
2024-11-01,565.1199951171875,570.3300170898438,563.9000244140625,567.5599975585938,541.1041259765625,2548300
2024-11-04,566.739990234375,568.5900268554688,555.4199829101562,557.77001953125,531.7705688476562,2656600
2024-11-05,558.280029296875,568.739990234375,554.4000244140625,567.030029296875,540.5988159179688,2608100
2024-11-06,603.9000244140625,605.5,590.8499755859375,596.6900024414062,568.8762817382812,6591300
2024-11-07,598.6900024414062,607.6400146484375,596.1500244140625,605.4500122070312,577.22802734375,5254300
2024-11-08,609.0,619.7999877929688,605.2000122070312,615.8099975585938,587.1051025390625,3875800
2024-11-11,616.9000244140625,630.72998046875,613.9199829101562,625.25,596.1051025390625,3003200
2024-11-12,619.5800170898438,624.47998046875,613.780029296875,614.6699829101562,586.0181884765625,2809400
2024-11-13,613.0,613.010009765625,603.0599975585938,605.8699951171875,577.6284790039062,3409400
2024-11-14,603.47998046875,606.0,588.989990234375,593.1500244140625,565.5012817382812,3079200
2024-11-15,591.9199829101562,598.9299926757812,589.9500122070312,592.22998046875,564.6242065429688,3423900
2024-11-18,589.4400024414062,594.1400146484375,585.3200073242188,589.6500244140625,562.1644897460938,2577100
2024-11-19,582.719970703125,586.8400268554688,576.77001953125,577.0,550.1041870117188,3198300
2024-11-20,582.7100219726562,602.6400146484375,581.5499877929688,600.5,572.5087890625,3928600
2024-11-21,600.0,604.0,596.72998046875,597.489990234375,569.6390380859375,2722900
2024-11-22,598.5599975585938,601.260009765625,588.6699829101562,590.8699951171875,563.32763671875,3197900
2024-11-25,597.5800170898438,609.8400268554688,595.010009765625,605.8300170898438,577.5902709960938,5146200
2024-11-26,608.239990234375,608.469970703125,598.8800048828125,606.7899780273438,578.5054321289062,2693600
2024-11-27,611.030029296875,617.4500122070312,606.7000122070312,608.3800048828125,580.0214233398438,2269800
2024-11-29,608.7999877929688,615.780029296875,606.6199951171875,610.2000122070312,581.756591796875,2010800
2024-12-02,614.0,614.0,600.77001953125,608.52001953125,580.1549682617188,3364900
2024-12-03,610.8499755859375,615.75,604.8200073242188,605.22998046875,577.0181884765625,2329900
2024-12-04,611.02001953125,622.8300170898438,606.969970703125,610.7899780273438,582.3190307617188,4147600
2024-12-05,605.6400146484375,608.989990234375,573.8900146484375,578.969970703125,551.9823608398438,5943700
2024-12-06,582.1099853515625,582.1099853515625,544.1400146484375,549.6199951171875,524.00048828125,13003600
2024-12-09,552.0,562.97998046875,544.6400146484375,560.6199951171875,536.5377197265625,7684700
2024-12-10,562.0,567.75,557.030029296875,565.1900024414062,540.911376953125,5360600
2024-12-11,555.6599731445312,558.0999755859375,532.6699829101562,533.530029296875,510.6114501953125,10363000
2024-12-12,531.530029296875,534.0,514.1900024414062,515.760009765625,493.604736328125,9403800
2024-12-13,515.6400146484375,527.530029296875,510.7200012207031,520.47998046875,498.1219177246094,8202900
2024-12-16,518.0,521.7000122070312,496.0799865722656,498.5,477.0861511230469,8880000
2024-12-17,487.0,495.6000061035156,475.82000732421875,485.5199890136719,464.6637268066406,14132700
2024-12-18,488.42999267578125,506.5400085449219,486.0,499.7200012207031,478.2537536621094,10147600
2024-12-19,500.1400146484375,503.6499938964844,486.239990234375,489.25,468.2335205078125,7418100
2024-12-20,489.2900085449219,502.6400146484375,488.7300109863281,500.1300048828125,478.64617919921875,10956900
2024-12-23,500.760009765625,508.7799987792969,499.04998779296875,506.3399963378906,484.5893859863281,4286000
2024-12-24,504.3999938964844,506.1000061035156,500.5899963378906,506.1000061035156,484.3597106933594,1824400
2024-12-26,505.6499938964844,512.219970703125,504.7300109863281,511.1499938964844,489.1927490234375,3387000
2024-12-27,509.4200134277344,513.1799926757812,507.79998779296875,509.989990234375,488.08258056640625,3471800
2024-12-30,506.8599853515625,509.7300109863281,500.6600036621094,507.79998779296875,485.9866943359375,5408600
2024-12-31,509.3500061035156,511.0,503.3399963378906,505.8599853515625,484.1299743652344,4214000
2025-01-02,508.0,512.1099853515625,503.2900085449219,504.510009765625,482.8380126953125,4234900
2025-01-03,506.3500061035156,516.2899780273438,505.3800048828125,513.0,490.96331787109375,3019500
2025-01-06,513.0,520.2999877929688,509.82000732421875,513.6699829101562,491.6044616699219,4444800
2025-01-07,518.8499755859375,519.5,511.2200012207031,514.25,492.1595458984375,3914500
2025-01-08,514.5,524.6699829101562,509.510009765625,524.52001953125,501.98846435546875,4141700
2025-01-10,526.6400146484375,535.4500122070312,518.469970703125,520.6900024414062,498.3229064941406,5467500
2025-01-13,535.0399780273438,547.4000244140625,533.1400146484375,541.1400146484375,517.8944702148438,6472500
2025-01-14,539.6500244140625,544.5499877929688,536.5499877929688,543.739990234375,520.3828125,3978300
2025-01-15,537.0999755859375,546.2899780273438,534.3300170898438,543.4199829101562,520.0765380859375,4103900
2025-01-16,530.3499755859375,539.8400268554688,510.0,510.5899963378906,488.6567687988281,9059900
2025-01-17,505.6199951171875,521.8200073242188,502.79998779296875,509.760009765625,487.8624572753906,7495700
2025-01-21,514.0499877929688,525.0,512.8200073242188,524.989990234375,502.4382629394531,5682100
2025-01-22,521.6599731445312,524.4400024414062,516.0,519.719970703125,497.39459228515625,3756100
2025-01-23,527.8699951171875,531.47998046875,519.3200073242188,529.77001953125,507.0129089355469,4580800
2025-01-24,528.1099853515625,534.6300048828125,524.510009765625,532.510009765625,509.63519287109375,3671200
2025-01-27,539.97998046875,551.9099731445312,539.97998046875,543.52001953125,520.1723022460938,4263000
2025-01-28,543.010009765625,546.5,537.8400268554688,542.47998046875,519.1768798828125,3162700
2025-01-29,541.72998046875,543.47998046875,534.010009765625,538.0999755859375,514.985107421875,2737600
2025-01-30,539.469970703125,547.1099853515625,535.0,545.5700073242188,522.1341552734375,2924700
2025-01-31,543.239990234375,549.1599731445312,541.4099731445312,542.489990234375,519.1865234375,4120500
2025-02-03,542.0,553.9099731445312,541.0700073242188,548.1799926757812,524.632080078125,4083600
2025-02-04,545.2000122070312,548.8099975585938,541.510009765625,545.4500122070312,522.0193481445312,2869900
2025-02-05,530.72998046875,540.7000122070312,521.9099731445312,539.8099975585938,516.6215209960938,4621600
2025-02-06,537.8900146484375,539.0999755859375,525.27001953125,530.0399780273438,507.271240234375,3926800
2025-02-07,529.2000122070312,532.3900146484375,525.3900146484375,527.030029296875,504.3905944824219,3349100
2025-02-10,527.6699829101562,534.1599731445312,523.3800048828125,533.3699951171875,510.45831298828125,3143100
2025-02-11,535.0,547.5399780273438,528.27001953125,533.9199829101562,510.98455810546875,2631900
2025-02-12,539.8499755859375,542.3499755859375,525.510009765625,527.4000244140625,504.7447204589844,3859200
2025-02-13,530.9000244140625,534.3300170898438,527.0999755859375,531.1799926757812,508.3623046875,2835100
2025-02-14,529.0,533.2000122070312,522.9099731445312,523.510009765625,501.021728515625,3705300
2025-02-18,510.94000244140625,516.0,497.0,500.7300109863281,479.2203674316406,8759300
2025-02-19,501.3299865722656,511.8599853515625,498.1499938964844,511.0400085449219,489.08746337890625,4380300
2025-02-20,505.19000244140625,508.42999267578125,500.239990234375,502.4200134277344,480.8377990722656,4144300
2025-02-21,439.54998779296875,469.70001220703125,438.5,466.4200134277344,446.38421630859375,19864900
2025-02-24,466.67999267578125,468.0,457.0,461.5199890136719,441.6946716308594,6919300
2025-02-25,460.7699890136719,470.760009765625,450.07000732421875,470.3800048828125,450.17413330078125,9101000
2025-02-26,464.6499938964844,473.04998779296875,458.20001220703125,463.5899963378906,443.67578125,5108400
2025-02-27,466.1700134277344,475.3999938964844,465.0199890136719,468.55999755859375,448.4322814941406,4216800
2025-02-28,467.0,476.3599853515625,464.4800109863281,474.9599914550781,454.557373046875,6146300
2025-03-03,474.3699951171875,477.2699890136719,465.2099914550781,467.04998779296875,446.98712158203125,5700200
2025-03-04,469.75,479.2099914550781,466.4599914550781,474.6099853515625,454.2223815917969,5864100
2025-03-05,471.07000732421875,479.0799865722656,471.010009765625,475.9800109863281,455.53350830078125,3637100
2025-03-06,476.0,488.1199951171875,472.0,487.7200012207031,466.7692565917969,4964000
2025-03-07,483.8299865722656,499.9200134277344,483.3699951171875,493.4800109863281,472.2817687988281,5434100
2025-03-10,492.2799987792969,497.8500061035156,477.7099914550781,480.2200012207031,461.5555419921875,5108900
2025-03-11,482.5,486.7699890136719,477.1400146484375,486.0400085449219,467.14935302734375,4101000
2025-03-12,483.1400146484375,487.6000061035156,478.82000732421875,481.1099853515625,462.4109191894531,3680800
2025-03-13,479.45001220703125,484.05999755859375,475.0,481.5199890136719,462.80499267578125,2876600
2025-03-14,481.0,489.45001220703125,478.239990234375,488.6499938964844,469.6578674316406,3915900
2025-03-17,487.510009765625,500.6099853515625,485.95001220703125,499.0199890136719,479.6248474121094,5152300
2025-03-18,502.239990234375,505.9700012207031,497.82000732421875,503.79998779296875,484.21905517578125,3617600
2025-03-19,505.0400085449219,506.3500061035156,500.05999755859375,503.20001220703125,483.6424255371094,3317600
2025-03-20,505.25,514.3900146484375,503.510009765625,511.29998779296875,491.4275207519531,4965400
2025-03-21,511.67999267578125,519.0,505.0899963378906,516.8499755859375,496.7618408203125,10244900
2025-03-24,515.0800170898438,518.25,511.1199951171875,516.5,496.4254455566406,3840900
2025-03-25,518.280029296875,519.0,511.5299987792969,513.4299926757812,493.47479248046875,3015100
2025-03-26,515.2000122070312,522.9500122070312,512.8499755859375,518.2000122070312,498.0594177246094,3253800
2025-03-27,516.2899780273438,521.0800170898438,512.9500122070312,515.719970703125,495.6757507324219,2822200
2025-03-28,516.8699951171875,520.97998046875,515.0499877929688,516.0399780273438,495.98333740234375,2379100
2025-03-31,519.1799926757812,528.1199951171875,518.5900268554688,523.75,503.3936767578125,5238700
2025-04-01,525.739990234375,528.1699829101562,520.9500122070312,523.1199951171875,502.7881774902344,2962500
2025-04-02,522.9500122070312,525.0,516.7999877929688,523.2000122070312,502.86505126953125,2378900
2025-04-03,529.989990234375,548.5,529.2899780273438,540.4400024414062,519.4349975585938,6457900
2025-04-04,540.6400146484375,551.739990234375,524.8400268554688,525.0499877929688,504.6431579589844,9919000
2025-04-07,513.4000244140625,529.2000122070312,503.5899963378906,524.7000122070312,504.3067932128906,7356700
2025-04-08,582.1699829101562,585.010009765625,547.4600219726562,553.0800170898438,531.583740234375,11762300
2025-04-09,560.1400146484375,589.4000244140625,554.4600219726562,578.5,556.0157470703125,12691900
2025-04-10,580.239990234375,601.8800048828125,580.0,594.4000244140625,571.2977294921875,8646000
2025-04-11,588.9199829101562,606.3599853515625,586.530029296875,599.469970703125,576.1705932617188,6121500
2025-04-14,595.0,595.6300048828125,579.2899780273438,587.0599975585938,564.2430419921875,4839300
2025-04-15,592.239990234375,592.8599853515625,582.010009765625,583.5900268554688,560.9078979492188,3871300
2025-04-16,585.3200073242188,594.8099975585938,582.9600219726562,585.0399780273438,562.301513671875,4192100
2025-04-17,481.95001220703125,489.7900085449219,447.1000061035156,454.1099853515625,436.4603576660156,29120200
2025-04-21,449.760009765625,453.5,424.80999755859375,425.3299865722656,408.7988586425781,13029900
2025-04-22,424.6400146484375,431.5,417.1199951171875,427.17999267578125,410.5769958496094,10156900
2025-04-23,427.07000732421875,438.8500061035156,423.75,427.9599914550781,411.32672119140625,8345700
2025-04-24,427.57000732421875,429.8999938964844,423.6499938964844,424.25,407.7608947753906,7629100
2025-04-25,423.55999755859375,423.55999755859375,412.0199890136719,418.6400146484375,402.36895751953125,9263800
2025-04-28,419.75,424.1199951171875,415.54998779296875,420.0,403.67608642578125,6614300
2025-04-29,421.19000244140625,421.75,409.1000061035156,409.2300109863281,393.32464599609375,9909100
2025-04-30,409.0299987792969,413.260009765625,401.0,411.44000244140625,395.4487609863281,9192800
2025-05-01,411.32000732421875,411.989990234375,399.8599853515625,400.67999267578125,385.10699462890625,9316800
2025-05-02,399.9599914550781,402.0,393.1099853515625,399.9200134277344,384.3765563964844,11392900
2025-05-05,399.1199951171875,409.70001220703125,397.5899963378906,404.80999755859375,389.0764465332031,8157200
2025-05-06,402.79998779296875,404.7200012207031,393.4200134277344,394.510009765625,379.17681884765625,7858600
2025-05-07,395.3500061035156,395.5199890136719,385.70001220703125,391.05999755859375,375.8608703613281,8517200
2025-05-08,390.0,390.9200134277344,385.3699951171875,385.54998779296875,370.5650329589844,7218300
2025-05-09,385.6700134277344,386.54998779296875,378.5400085449219,380.6400146484375,365.8458557128906,8381100
2025-05-12,381.0,387.2099914550781,376.8399963378906,378.75,364.029296875,11004800
2025-05-13,335.739990234375,342.0,309.1000061035156,311.3800048828125,299.2777404785156,59478300
2025-05-14,321.45001220703125,322.94000244140625,307.1099853515625,308.010009765625,296.0387268066406,40029600
2025-05-15,274.8999938964844,276.6499938964844,248.8800048828125,274.3500061035156,263.6869812011719,121849200
2025-05-16,279.2900085449219,294.489990234375,269.1400146484375,291.9100036621094,280.5644836425781,71094300
2025-05-19,304.7699890136719,316.2900085449219,297.25,315.8900146484375,303.61248779296875,62524700
2025-05-20,320.9200134277344,324.6400146484375,312.5799865722656,321.5799865722656,309.0813293457031,41487000
2025-05-21,301.0,309.9599914550781,300.07000732421875,302.9800109863281,291.2042541503906,45506900
2025-05-22,293.8900146484375,305.6700134277344,292.5,296.6700134277344,285.1395263671875,27159600
2025-05-23,296.1000061035156,299.70001220703125,291.6400146484375,295.57000732421875,284.0822448730469,16873600
2025-05-27,299.5,299.95001220703125,289.1300048828125,295.0,283.53436279296875,20144600
2025-05-28,294.0,303.7799987792969,293.2799987792969,298.1099853515625,286.52349853515625,16114200
2025-05-29,296.79998779296875,303.3800048828125,295.0,298.1700134277344,286.5812072753906,16221100
2025-05-30,297.9700012207031,305.6400146484375,295.8399963378906,301.9100036621094,290.17584228515625,16309300
2025-06-02,303.1199951171875,313.54998779296875,300.9700012207031,304.7200012207031,292.8766174316406,19074400
2025-06-03,303.1000061035156,305.7200012207031,300.010009765625,301.2200012207031,289.5126647949219,12805700
2025-06-04,303.5400085449219,307.6400146484375,300.20001220703125,300.3800048828125,288.7052917480469,11255600
2025-06-05,300.3800048828125,302.4200134277344,294.1099853515625,295.8399963378906,284.34173583984375,13529000
2025-06-06,297.2300109863281,304.3900146484375,297.1499938964844,303.2200012207031,291.4349060058594,12589000
2025-06-09,305.0400085449219,307.3999938964844,301.1400146484375,303.19000244140625,291.4060974121094,12170300
2025-06-10,303.79998779296875,305.1199951171875,300.5899963378906,303.7900085449219,291.9827880859375,11384100
2025-06-11,302.67999267578125,311.5799865722656,302.2300109863281,310.55999755859375,298.4895935058594,14711400
2025-06-12,311.3999938964844,318.79998779296875,308.510009765625,318.5,306.12103271484375,15957200
2025-06-13,315.8999938964844,317.4200134277344,311.9100036621094,313.5299987792969,301.3441467285156,13762400
2025-06-16,313.0,313.2699890136719,304.7900085449219,307.6600036621094,297.8014831542969,14240100
2025-06-17,307.45001220703125,309.95001220703125,305.5199890136719,308.8699951171875,298.97265625,11593900
2025-06-18,307.54998779296875,311.7900085449219,306.2300109863281,307.20001220703125,297.3562316894531,12205600
2025-06-20,309.5,309.5899963378906,301.5899963378906,302.010009765625,292.3324890136719,16177900
2025-06-23,301.8999938964844,302.4700012207031,295.5199890136719,300.67999267578125,291.0451354980469,12274700
2025-06-24,301.45001220703125,305.82000732421875,299.3299865722656,305.6199951171875,295.82684326171875,8781400
2025-06-25,304.3800048828125,304.3800048828125,299.79998779296875,302.0199890136719,292.3421630859375,8722100
2025-06-26,302.57000732421875,306.7099914550781,301.2900085449219,302.6199951171875,292.9229431152344,6532700
2025-06-27,302.95001220703125,310.45001220703125,302.20001220703125,309.1099853515625,299.2049865722656,15304400
2025-06-30,309.0,312.3800048828125,306.3399963378906,311.9700012207031,301.973388671875,10074100
2025-07-01,311.9700012207031,326.54998779296875,311.0799865722656,326.1400146484375,315.6893310546875,17865500
2025-07-02,320.739990234375,322.4200134277344,306.42999267578125,307.55999755859375,297.7046813964844,18177200
2025-07-03,309.8399963378906,312.25,308.2300109863281,308.54998779296875,298.6629638671875,6161100
2025-07-07,308.0,308.6099853515625,301.20001220703125,303.7099914550781,293.9780578613281,9031200
2025-07-08,304.2300109863281,308.29998779296875,303.79998779296875,307.70001220703125,297.8401794433594,9613800
2025-07-09,303.19000244140625,303.6000061035156,298.75,302.9100036621094,293.20367431640625,12816700
2025-07-10,303.05999755859375,304.92999267578125,296.6000061035156,299.510009765625,289.9126281738281,11355600
2025-07-11,300.0199890136719,304.1199951171875,298.0,304.1000061035156,294.3555603027344,9808200
2025-07-14,301.6400146484375,304.0400085449219,299.0,300.5799865722656,290.94830322265625,10681400
2025-07-15,299.7099914550781,300.67999267578125,291.0299987792969,291.7099914550781,282.362548828125,16019000
2025-07-16,292.54998779296875,295.989990234375,290.75,292.489990234375,283.1175537109375,9714000
2025-07-17,292.3299865722656,293.0,283.8299865722656,288.07000732421875,278.8392028808594,14792700
2025-07-18,287.8900146484375,288.07000732421875,280.80999755859375,282.6499938964844,273.5928955078125,14979700
2025-07-21,284.6400146484375,286.5,281.20001220703125,282.1400146484375,273.0992736816406,10319200
2025-07-22,282.6300048828125,287.1099853515625,282.0,285.1300048828125,275.993408203125,14600300
2025-07-23,287.5,292.6400146484375,284.95001220703125,292.510009765625,283.1369323730469,13111100
2025-07-24,283.1000061035156,289.2099914550781,278.2200012207031,278.5799865722656,269.6532897949219,22585200
2025-07-25,281.0,286.1400146484375,279.94000244140625,281.05999755859375,272.0538024902344,16486600
2025-07-28,283.5,285.0,279.69000244140625,282.1199951171875,273.0798645019531,15779400
2025-07-29,265.70001220703125,272.9100036621094,260.54998779296875,261.07000732421875,252.7044219970703,41706000
2025-07-30,264.79998779296875,266.6300048828125,258.1199951171875,266.0400085449219,257.51513671875,22371800
2025-07-31,261.3999938964844,261.3999938964844,247.75,249.55999755859375,241.5631866455078,29606900
2025-08-01,250.61000061035156,251.49000549316406,234.60000610351562,237.77000427246094,230.15101623535156,39989200
2025-08-04,238.24000549316406,242.25,236.9499969482422,240.97999572753906,233.25811767578125,17427900
2025-08-05,241.16000366210938,252.07000732421875,240.0500030517578,251.0,242.95704650878906,23795900
2025-08-06,250.63999938964844,253.16000366210938,245.30999755859375,245.77999877929688,237.9043426513672,12946400
2025-08-07,246.4199981689453,248.75,239.5,244.6699981689453,236.82989501953125,11369900
2025-08-08,244.7899932861328,251.0800018310547,244.3699951171875,250.88999938964844,242.85060119628906,10185700
2025-08-11,253.8699951171875,258.3999938964844,252.13999938964844,252.3699951171875,244.2831573486328,11779500
2025-08-12,254.02000427246094,262.8800048828125,253.6699981689453,261.57000732421875,253.18836975097656,12171800
2025-08-13,264.3900146484375,272.19000244140625,262.8900146484375,271.80999755859375,263.1002197265625,19480300
2025-08-14,272.1000061035156,273.8500061035156,267.0,271.489990234375,262.79046630859375,25011100
2025-08-15,301.7099914550781,310.29998779296875,294.7099914550781,304.010009765625,294.2684631347656,68198500
2025-08-18,313.17999267578125,316.3999938964844,307.4200134277344,308.489990234375,298.6048889160156,39600500
2025-08-19,308.8999938964844,310.5,299.2099914550781,304.239990234375,294.4910583496094,22348600
2025-08-20,306.3999938964844,307.20001220703125,295.70001220703125,299.8399963378906,290.2320556640625,16679000
2025-08-21,302.2900085449219,306.57000732421875,297.79998779296875,303.3500061035156,293.6296081542969,13359000
2025-08-22,306.1000061035156,310.67999267578125,304.5799865722656,307.4200134277344,297.5691833496094,14930000
2025-08-25,308.489990234375,308.8699951171875,302.7300109863281,304.8599853515625,295.0911865234375,8917100
2025-08-26,304.30999755859375,308.9599914550781,294.20001220703125,300.42999267578125,290.8031311035156,16303200
2025-08-27,300.5400085449219,305.9700012207031,300.5,303.8800048828125,294.142578125,9982800
2025-08-28,304.25,304.4700012207031,299.3999938964844,302.2900085449219,292.6035461425781,11235000
2025-08-29,302.29998779296875,310.0,300.9100036621094,309.8699951171875,299.9406433105469,12065400
2025-09-02,308.30999755859375,312.8900146484375,307.29998779296875,308.79998779296875,298.9049072265625,10957100
2025-09-03,308.1099853515625,309.5899963378906,303.70001220703125,307.8800048828125,298.01446533203125,9654600
2025-09-04,306.1000061035156,311.9100036621094,304.1000061035156,310.3800048828125,300.4342956542969,7725700
2025-09-05,310.44000244140625,317.94000244140625,308.20001220703125,315.3900146484375,305.2837829589844,14126700
2025-09-08,319.7099914550781,321.6499938964844,313.79998779296875,320.25,309.988037109375,18438600
2025-09-09,332.5,351.7099914550781,327.1600036621094,347.9200134277344,336.77142333984375,46408900
2025-09-10,345.55999755859375,348.57000732421875,341.3999938964844,346.7799987792969,335.6679382324219,17804300
2025-09-11,349.0,360.9800109863281,345.8399963378906,353.6099853515625,342.2790832519531,18943500
2025-09-12,355.8999938964844,362.30999755859375,352.4599914550781,352.510009765625,341.21429443359375,14016200
2025-09-15,351.260009765625,351.7099914550781,342.5299987792969,347.8900146484375,338.8668518066406,11035900
2025-09-16,347.5,349.0400085449219,338.32000732421875,339.7799987792969,330.9671630859375,12695800
2025-09-17,337.69000244140625,343.0,337.69000244140625,341.6099853515625,332.74969482421875,8467700
2025-09-18,343.5299987792969,344.92999267578125,334.1199951171875,334.82000732421875,326.1358337402344,11255600
2025-09-19,336.5,340.9599914550781,333.8399963378906,336.69000244140625,327.95733642578125,13656800
2025-09-22,334.4599914550781,342.4800109863281,332.6000061035156,341.29998779296875,332.44775390625,8903700
2025-09-23,341.0,352.70001220703125,339.9599914550781,347.69000244140625,338.6719970703125,12504100
2025-09-24,350.20001220703125,354.5,347.8399963378906,351.80999755859375,342.6851501464844,9016300
2025-09-25,348.8999938964844,350.19000244140625,343.6000061035156,345.55999755859375,336.5972595214844,8104900
2025-09-26,347.92999267578125,349.9700012207031,341.29998779296875,344.0799865722656,335.1556091308594,6774700
2025-09-29,343.9800109863281,345.54998779296875,341.45001220703125,345.17999267578125,336.2271423339844,6878900
2025-09-30,343.75,349.32000732421875,342.3299865722656,345.29998779296875,336.343994140625,7429700
2025-10-01,343.8999938964844,348.70001220703125,341.6300048828125,348.29998779296875,339.2662048339844,8825500
2025-10-02,347.2900085449219,355.0799865722656,344.6499938964844,353.7200012207031,344.54559326171875,8564200
2025-10-03,357.25,368.0,356.6099853515625,360.20001220703125,350.8575744628906,13494800
2025-10-06,361.0299987792969,362.5199890136719,357.1099853515625,358.7699890136719,349.46466064453125,7181700
2025-10-07,359.4100036621094,364.7200012207031,358.05999755859375,363.6600036621094,354.2278137207031,7236200
2025-10-08,366.92999267578125,374.6300048828125,365.79998779296875,369.9200134277344,360.3254699707031,9438300
2025-10-09,372.5199890136719,376.2200012207031,366.0799865722656,367.69000244140625,358.1532897949219,8759800
2025-10-10,369.3999938964844,369.3999938964844,352.510009765625,354.5,345.3053894042969,13141900
2025-10-13,354.739990234375,359.1600036621094,353.32000732421875,358.6600036621094,349.3575134277344,5659400
2025-10-14,354.95001220703125,362.3299865722656,353.3999938964844,359.92999267578125,350.59454345703125,5974800
2025-10-15,359.3900146484375,364.2200012207031,355.8500061035156,361.1499938964844,351.7829284667969,6579600
2025-10-16,361.8399963378906,362.0,354.3999938964844,356.6700134277344,347.4190979003906,5872100
2025-10-17,351.0,358.3900146484375,350.8299865722656,356.6000061035156,347.35089111328125,8608400
2025-10-20,358.5400085449219,365.57000732421875,357.510009765625,364.4800109863281,355.02655029296875,5996500
2025-10-21,365.1400146484375,371.04998779296875,361.5,365.3699951171875,355.8934326171875,6885300
2025-10-22,363.9599914550781,364.0,358.0,361.489990234375,352.11407470703125,7833000
2025-10-23,355.5799865722656,362.2799987792969,353.6400146484375,360.45001220703125,351.10107421875,5756700
2025-10-24,361.3699951171875,365.4200134277344,360.0299987792969,362.5,353.0978698730469,5462100
2025-10-27,363.5,366.2200012207031,361.3999938964844,365.9800109863281,356.4876403808594,7766400
2025-10-28,380.67999267578125,381.0,358.6300048828125,367.8399963378906,358.29937744140625,18858700
2025-10-29,364.2799987792969,366.1499938964844,353.8800048828125,355.260009765625,346.0456848144531,11874900
2025-10-30,347.5199890136719,354.5400085449219,343.6000061035156,344.75,335.80828857421875,11441900
2025-10-31,344.3900146484375,346.2799987792969,337.1199951171875,341.55999755859375,332.7010192871094,8390800
2025-11-03,339.1300048828125,340.70001220703125,326.6000061035156,333.7900085449219,325.1325378417969,11181400
2025-11-04,327.6300048828125,336.5,327.20001220703125,330.8299865722656,322.24932861328125,9646600
2025-11-05,326.29998779296875,330.2099914550781,324.2200012207031,327.739990234375,319.23944091796875,9697100
2025-11-06,328.9200134277344,332.3699951171875,321.45001220703125,321.55999755859375,313.2197570800781,7922100
2025-11-07,319.6600036621094,324.54998779296875,314.1600036621094,324.2099914550781,315.801025390625,9402900
2025-11-10,319.989990234375,324.25,317.1700134277344,321.5799865722656,313.2392272949219,9283800
2025-11-11,323.29998779296875,327.8599853515625,319.8800048828125,327.45001220703125,318.9570007324219,7157800
2025-11-12,328.45001220703125,343.1700134277344,327.0799865722656,339.05999755859375,330.2658386230469,10403300
2025-11-13,338.3500061035156,339.0299987792969,331.2900085449219,332.5199890136719,323.8954772949219,7788700
2025-11-14,326.95001220703125,328.2099914550781,320.489990234375,321.8599853515625,313.511962890625,8676500
2025-11-17,320.6000061035156,327.8800048828125,319.42999267578125,320.5199890136719,312.2066955566406,6485400
2025-11-18,317.010009765625,317.5,308.7699890136719,313.5799865722656,305.4466857910156,9182100
2025-11-19,313.92999267578125,315.0,304.5299987792969,309.0899963378906,301.0731506347656,8181100
2025-11-20,310.80999755859375,314.75,310.0,311.5400085449219,303.45965576171875,7337600
2025-11-21,311.9100036621094,323.8399963378906,311.44000244140625,319.9700012207031,311.6709899902344,8406300
2025-11-24,324.5299987792969,325.8500061035156,317.6199951171875,319.04998779296875,310.7748718261719,10773800
2025-11-25,321.1199951171875,328.0,320.8999938964844,326.2799987792969,317.81732177734375,6149100
2025-11-26,326.5899963378906,335.19000244140625,325.8900146484375,329.7099914550781,321.1583557128906,5504200
2025-11-28,331.6700134277344,332.05999755859375,328.8900146484375,329.7699890136719,321.216796875,2464500
2025-12-01,327.1600036621094,330.05999755859375,323.0299987792969,323.2099914550781,314.82696533203125,6154600
2025-12-02,323.3699951171875,328.70001220703125,322.79998779296875,324.5400085449219,316.1224670410156,7978100
2025-12-03,326.0,341.4100036621094,325.010009765625,339.7099914550781,330.89898681640625,9770000
2025-12-04,339.3999938964844,341.260009765625,328.7200012207031,333.489990234375,324.84033203125,8061600
2025-12-05,335.0,335.7099914550781,328.510009765625,330.9100036621094,322.3272399902344,5906000
2025-12-08,328.70001220703125,329.1000061035156,322.8299865722656,323.6199951171875,317.34576416015625,4782800
2025-12-09,323.1600036621094,326.3599853515625,322.4800109863281,323.6000061035156,317.32611083984375,4628400
2025-12-10,322.75,328.7300109863281,319.6000061035156,328.3699951171875,322.003662109375,5910500
2025-12-11,330.3699951171875,339.25,328.760009765625,336.7300109863281,330.20159912109375,7513200
2025-12-12,337.5,344.9800109863281,337.3699951171875,341.8399963378906,335.2124938964844,7979000
2025-12-15,340.989990234375,344.9599914550781,337.0,341.1000061035156,334.4868469238281,6447200
2025-12-16,340.4200134277344,340.989990234375,331.0299987792969,334.20001220703125,327.72064208984375,6334000
2025-12-17,333.6099853515625,335.5199890136719,330.4800109863281,331.6300048828125,325.2004699707031,4685600
2025-12-18,328.92999267578125,330.17999267578125,324.57000732421875,328.1400146484375,321.7781066894531,6354900
2025-12-19,328.05999755859375,334.6000061035156,326.07000732421875,327.4200134277344,321.07208251953125,10553000
2025-12-22,322.8999938964844,329.79998779296875,321.6499938964844,325.1600036621094,318.85589599609375,7872400
2025-12-23,324.0,327.79998779296875,323.760009765625,324.79998779296875,318.5028381347656,4463300
2025-12-24,325.20001220703125,328.989990234375,324.1300048828125,327.5799865722656,321.2289733886719,2842700
2025-12-26,327.20001220703125,331.8900146484375,326.260009765625,331.8299865722656,325.39654541015625,4359300
2025-12-29,330.8900146484375,334.25,328.2799987792969,328.94000244140625,322.5626220703125,4346800
2025-12-30,329.7300109863281,336.1499938964844,329.510009765625,332.1600036621094,325.72015380859375,4432500
2025-12-31,332.32000732421875,333.3299865722656,329.8800048828125,330.1099853515625,323.70989990234375,4285200
2026-01-02,330.8999938964844,340.260009765625,327.5,336.3999938964844,329.8779602050781,6863600
2026-01-05,335.45001220703125,346.94000244140625,333.8500061035156,342.0199890136719,335.3890075683594,7956600
2026-01-06,348.3500061035156,352.6099853515625,345.1199951171875,348.9700012207031,342.2042541503906,9441900
2026-01-07,348.9800109863281,350.1099853515625,338.0400085449219,341.70001220703125,335.0752258300781,7461400
2026-01-08,341.010009765625,347.8999938964844,340.79998779296875,346.8500061035156,340.1253662109375,5059300
2026-01-09,347.25,349.05999755859375,342.4800109863281,343.9800109863281,337.3110046386719,4129100
2026-01-12,341.4200134277344,342.6499938964844,333.94000244140625,340.510009765625,333.9083251953125,7146400
2026-01-13,341.5,341.8399963378906,332.8500061035156,333.92999267578125,327.4558410644531,5605900
2026-01-14,335.3699951171875,340.1099853515625,334.1000061035156,334.9599914550781,328.46588134765625,5740900
2026-01-15,335.20001220703125,339.45001220703125,328.05999755859375,338.9599914550781,332.3883056640625,6943500
2026-01-16,334.8599853515625,336.20001220703125,330.42999267578125,331.0199890136719,324.6022644042969,8039100
2026-01-20,327.3999938964844,339.8900146484375,326.5,338.42999267578125,331.86859130859375,7596500
2026-01-21,339.42999267578125,348.0799865722656,338.69000244140625,347.75,341.0079040527344,8933300
2026-01-22,347.17999267578125,354.95001220703125,346.7699890136719,354.4700012207031,347.59765625,7491400
2026-01-23,354.2799987792969,357.8699951171875,352.989990234375,356.260009765625,349.3529357910156,9082200
2026-01-26,353.95001220703125,354.7900085449219,347.2699890136719,351.6400146484375,344.8224792480469,10399500
2026-01-27,293.9700012207031,299.5,280.3999938964844,282.70001220703125,277.2190856933594,65836900
2026-01-28,283.7200012207031,294.94000244140625,283.7200012207031,294.0199890136719,288.3196105957031,23396900
2026-01-29,294.3299865722656,295.6000061035156,289.2200012207031,292.2900085449219,286.6231689453125,13456400
2026-01-30,292.1000061035156,292.95001220703125,284.70001220703125,286.92999267578125,281.3670654296875,12022200
2026-02-02,286.0199890136719,290.3999938964844,282.2799987792969,285.5899963378906,280.0530700683594,8664200
2026-02-03,284.70001220703125,288.0899963378906,278.6000061035156,284.17999267578125,278.6703796386719,10809100
2026-02-04,282.010009765625,284.5,274.04998779296875,275.9200134277344,270.5705261230469,12944100
2026-02-05,274.2900085449219,276.8900146484375,266.2900085449219,268.54998779296875,263.34344482421875,13035300
2026-02-06,267.05999755859375,277.80999755859375,266.4100036621094,276.6499938964844,271.286376953125,9572800
2026-02-09,274.1499938964844,280.17999267578125,273.32000732421875,275.70001220703125,270.35479736328125,10371600
2026-02-10,277.5199890136719,279.489990234375,272.6499938964844,273.2200012207031,267.92291259765625,7284700
2026-02-11,272.44000244140625,279.69000244140625,269.79998779296875,278.9100036621094,273.5025939941406,6333100
2026-02-12,278.1600036621094,286.30999755859375,275.80999755859375,284.3699951171875,278.8567199707031,12336900
2026-02-13,285.6300048828125,293.4599914550781,284.510009765625,293.19000244140625,287.50567626953125,10281900
2026-02-17,294.0,294.2300109863281,288.3399963378906,289.0899963378906,283.4851989746094,6091700
2026-02-18,290.0,290.1300048828125,286.2900085449219,288.20001220703125,282.61248779296875,6632000
2026-02-19,290.8900146484375,290.8900146484375,286.8900146484375,289.92999267578125,284.30889892578125,4931800
2026-02-20,288.8999938964844,290.79998779296875,285.54998779296875,290.0,284.3775634765625,6974100
2026-02-23,288.54998779296875,291.7699890136719,281.6700134277344,282.3399963378906,276.8660583496094,7247500
2026-02-24,282.20001220703125,282.3999938964844,271.79998779296875,273.95001220703125,268.63873291015625,9684500
2026-02-25,277.2900085449219,284.739990234375,276.8699951171875,284.20001220703125,278.69000244140625,11380600
2026-02-26,286.9800109863281,295.260009765625,285.2300109863281,286.6600036621094,281.102294921875,10210000
2026-02-27,284.70001220703125,294.1300048828125,283.8500061035156,293.2699890136719,287.5841369628906,9723300
2026-03-02,288.1600036621094,295.30999755859375,287.5,294.92999267578125,289.21197509765625,8141400
2026-03-03,288.989990234375,293.739990234375,284.3599853515625,289.2099914550781,283.6028747558594,7051100
2026-03-04,289.010009765625,294.3399963378906,287.67999267578125,291.9599914550781,286.299560546875,7796000
2026-03-05,290.04998779296875,291.3900146484375,286.739990234375,288.7699890136719,283.17138671875,5397900
2026-03-06,287.3399963378906,291.3299865722656,283.04998779296875,286.4800109863281,280.9258117675781,6816900
2026-03-09,282.0,285.20001220703125,278.6600036621094,285.1700134277344,281.81524658203125,10348800
2026-03-10,287.3800048828125,287.5799865722656,278.8999938964844,282.3399963378906,279.01849365234375,6075600
2026-03-11,282.3800048828125,286.2200012207031,280.6000061035156,285.25,281.894287109375,6878800
2026-03-12,284.7799987792969,287.55999755859375,276.2900085449219,277.04998779296875,273.7907409667969,10512300
2026-03-13,278.05999755859375,282.8800048828125,277.80999755859375,282.0899963378906,278.7714538574219,4737600
2026-03-16,283.9800109863281,287.3999938964844,281.0400085449219,285.489990234375,282.1314392089844,4854000
2026-03-17,287.79998779296875,288.989990234375,284.8399963378906,287.57000732421875,284.1869812011719,5752000
2026-03-18,285.20001220703125,288.3999938964844,283.07000732421875,284.3299865722656,280.9850769042969,4544100
2026-03-19,284.0,287.54998779296875,280.07000732421875,280.44000244140625,277.140869140625,5542100
2026-03-20,278.989990234375,283.1000061035156,275.0,275.5899963378906,272.3479309082031,38893000
2026-03-23,279.1400146484375,280.75,269.0899963378906,269.5400085449219,266.36907958984375,10424200
2026-03-24,268.8699951171875,273.3800048828125,267.5899963378906,272.2799987792969,269.07684326171875,5911700
2026-03-25,275.0,276.0799865722656,267.1099853515625,270.54998779296875,267.3671875,8121200
2026-03-26,269.989990234375,274.6400146484375,267.17999267578125,268.04998779296875,264.8966064453125,6218800
2026-03-27,267.5,267.6700134277344,255.97000122070312,259.0199890136719,255.97283935546875,10735300
2026-03-30,260.17999267578125,262.3299865722656,256.6700134277344,261.7900085449219,258.7102966308594,7774700
2026-03-31,263.0,271.8800048828125,262.6099853515625,270.5899963378906,267.40673828125,9170800
2026-04-01,274.2099914550781,275.29998779296875,270.760009765625,273.9800109863281,270.7568664550781,5473400
2026-04-02,272.2900085449219,279.0400085449219,271.5299987792969,277.260009765625,273.998291015625,6407000
2026-04-06,277.8800048828125,283.29998779296875,277.25,281.3599853515625,278.0500183105469,7097000
2026-04-07,308.8500061035156,312.42999267578125,300.75,307.7300109863281,304.1098327636719,22099800
2026-04-08,312.0,312.9700012207031,304.8299865722656,305.9800109863281,302.3804016113281,9645000
2026-04-09,305.82000732421875,307.8900146484375,304.1400146484375,306.9100036621094,303.2994689941406,5742000
2026-04-10,307.95001220703125,310.3699951171875,304.20001220703125,304.3299865722656,300.7497863769531,5212900
2026-04-13,303.25,313.32000732421875,302.9200134277344,313.0,309.31781005859375,7972200
2026-04-14,312.510009765625,319.6199951171875,312.510009765625,314.19000244140625,310.4938049316406,5864500
2026-04-15,316.0,317.760009765625,311.1499938964844,314.04998779296875,310.3554382324219,5041200
2026-04-16,315.0,318.6099853515625,313.1099853515625,316.3999938964844,312.67779541015625,5205600
2026-04-17,320.04998779296875,325.2699890136719,317.1400146484375,324.6300048828125,320.8110046386719,9414700
2026-04-20,324.19000244140625,325.3999938964844,320.1199951171875,323.4800109863281,319.674560546875,9050600
2026-04-21,353.010009765625,357.67999267578125,345.2300109863281,346.010009765625,341.9394836425781,26097300
2026-04-22,350.8800048828125,358.55999755859375,349.1000061035156,353.5199890136719,349.36114501953125,11807300
2026-04-23,354.67999267578125,356.8500061035156,350.5,354.55999755859375,350.3888854980469,7255800
2026-04-24,356.489990234375,358.2799987792969,351.3900146484375,354.9200134277344,350.74468994140625,8554600
2026-04-27,353.9100036621094,356.489990234375,348.95001220703125,354.69000244140625,350.5173645019531,7256100
2026-04-28,356.8399963378906,369.6300048828125,355.7200012207031,366.7699890136719,362.45526123046875,10604100
2026-04-29,366.0,370.8399963378906,365.010009765625,370.739990234375,366.3785400390625,9046600
2026-04-30,368.510009765625,371.989990234375,363.0,370.4800109863281,366.1216125488281,6879900
2026-05-01,371.9599914550781,372.8999938964844,367.0199890136719,368.7799987792969,364.4416198730469,4945400
2026-05-04,368.54998779296875,370.8299865722656,364.6499938964844,370.75,366.388427734375,4916900
2026-05-05,370.4800109863281,371.79998779296875,361.80999755859375,363.8699951171875,359.58935546875,6489000
2026-05-06,363.1000061035156,368.54998779296875,358.25,367.2799987792969,362.9592590332031,6695500
2026-05-07,366.6400146484375,369.80999755859375,364.7200012207031,369.739990234375,365.3902893066406,5235400
2026-05-08,371.989990234375,379.9800109863281,371.989990234375,379.9800109863281,375.5098876953125,6455100
2026-05-11,380.45001220703125,384.80999755859375,376.07000732421875,384.44000244140625,379.9173889160156,6949600
2026-05-12,382.8500061035156,397.4200134277344,382.010009765625,396.3900146484375,391.7268371582031,9236300
2026-05-13,396.5,404.1499938964844,393.0,401.1600036621094,396.440673828125,8454100
2026-05-14,401.0,401.8999938964844,396.0,399.0899963378906,394.39501953125,5342500
2026-05-15,394.29998779296875,397.6300048828125,390.25,393.8500061035156,389.2167053222656,9811200
2026-05-18,390.0,392.1400146484375,383.5,391.1300048828125,386.5286865234375,8400700
2026-05-19,390.0,394.989990234375,387.510009765625,389.239990234375,384.660888671875,5016800
2026-05-20,389.54998779296875,393.3800048828125,380.70001220703125,383.29998779296875,378.7908020019531,7783900
2026-05-21,381.1199951171875,386.1099853515625,380.5400085449219,382.4800109863281,377.9804382324219,4732500
2026-05-22,381.9200134277344,390.5400085449219,381.010009765625,388.4700012207031,383.8999938964844,5598600
2026-05-26,386.0,386.5199890136719,376.4100036621094,376.8599853515625,372.4265441894531,6498100
2026-05-27,378.42999267578125,384.5299987792969,377.0899963378906,384.010009765625,379.4924621582031,4544000
2026-05-28,384.9599914550781,389.260009765625,380.9599914550781,382.5299987792969,378.02984619140625,4330800
2026-05-29,383.7799987792969,385.1199951171875,375.45001220703125,380.30999755859375,375.8359680175781,10257900
2026-06-01,376.1099853515625,383.3500061035156,375.9200134277344,379.8599853515625,375.3912658691406,6623700
2026-06-02,377.9800109863281,380.0799865722656,374.7200012207031,377.9200134277344,373.4740905761719,3874400
2026-06-03,380.0,387.4599914550781,376.80999755859375,377.0,372.5649108886719,6808400
2026-06-04,390.0,401.3800048828125,389.82000732421875,396.4700012207031,391.8058776855469,12666100
2026-06-05,399.5400085449219,404.0400085449219,397.20001220703125,399.4700012207031,394.77056884765625,10897300
2026-06-08,397.1300048828125,408.7099914550781,394.989990234375,406.57000732421875,401.78704833984375,6963200
2026-06-09,409.989990234375,413.0,407.44000244140625,413.0,408.14141845703125,8590400
2026-06-10,413.5,415.9800109863281,404.54998779296875,407.4599914550781,402.66656494140625,6512900
2026-06-11,408.7099914550781,409.9800109863281,403.1099853515625,405.54998779296875,400.7790222167969,4938100
2026-06-12,409.010009765625,409.8900146484375,404.80999755859375,408.5199890136719,403.714111328125,7269600
2026-06-15,406.70001220703125,414.1600036621094,399.6499938964844,411.0400085449219,408.52447509765625,6777900
2026-06-16,410.67999267578125,411.75,406.5400085449219,407.6499938964844,405.15521240234375,4815100
2026-06-17,409.1199951171875,411.1600036621094,398.5899963378906,399.5299987792969,397.08489990234375,5838800
2026-06-18,402.7699890136719,406.20001220703125,399.1499938964844,400.9599914550781,398.50616455078125,11896900
2026-06-22,402.1400146484375,409.4599914550781,402.1400146484375,406.67999267578125,404.191162109375,5818600
2026-06-23,409.5199890136719,409.8999938964844,402.8399963378906,409.25,406.74542236328125,6675900
2026-06-24,410.5400085449219,413.42999267578125,400.0,405.79998779296875,403.3165283203125,6858800
2026-06-25,406.6499938964844,417.5799865722656,406.6499938964844,415.5299987792969,412.98699951171875,6014400
2026-06-26,416.1600036621094,427.92999267578125,416.1600036621094,427.8900146484375,425.2713623046875,10588200
2026-06-29,426.5299987792969,426.70001220703125,415.80999755859375,419.82000732421875,417.2507629394531,5167400
2026-06-30,422.7200012207031,422.739990234375,413.25,415.6300048828125,413.0863952636719,5779800
2026-07-01,417.1099853515625,428.0199890136719,413.7300109863281,426.5400085449219,423.92962646484375,4985900
2026-07-02,428.1300048828125,430.20001220703125,420.5400085449219,425.3599853515625,422.7568359375,3928800
2026-07-06,423.489990234375,424.44000244140625,415.04998779296875,417.989990234375,415.4319152832031,6379000
2026-07-07,423.95001220703125,428.6000061035156,422.1300048828125,428.19000244140625,425.56951904296875,5800500
2026-07-08,427.1499938964844,430.7699890136719,423.8299865722656,425.6000061035156,422.995361328125,3859200
2026-07-09,427.1099853515625,434.29998779296875,423.5199890136719,431.67999267578125,429.03814697265625,5566000
2026-07-10,431.6700134277344,432.8599853515625,423.6499938964844,424.6199951171875,422.0213623046875,3798600
2026-07-13,426.4700012207031,431.54998779296875,425.5299987792969,429.0899963378906,426.4640197753906,3863800
2026-07-14,431.0,432.1499938964844,421.7900085449219,425.19000244140625,422.587890625,5135900
2026-07-15,419.489990234375,424.1099853515625,414.3699951171875,418.5199890136719,415.95867919921875,6764800
2026-07-16,449.3900146484375,461.6199951171875,420.3699951171875,423.3800048828125,420.7889709472656,13281900
2026-07-17,426.7200012207031,437.4700012207031,425.1000061035156,426.0899963378906,423.48236083984375,10718100
2026-07-20,427.25,431.0199890136719,417.3800048828125,421.54998779296875,418.97015380859375,4818800
2026-07-21,422.4800109863281,437.0,420.5,436.3500061035156,433.6795959472656,6833600
2026-07-22,434.95001220703125,436.32000732421875,429.70001220703125,431.30999755859375,428.67041015625,4234100
2026-07-23,428.2699890136719,430.489990234375,420.3999938964844,423.55999755859375,420.9678649902344,4868700
2026-07-24,425.239990234375,429.0,418.9200134277344,420.739990234375,418.16510009765625,3752500
2026-07-27,422.510009765625,422.8800048828125,412.5400085449219,417.6400146484375,415.0841064453125,4615700
2026-07-28,419.92999267578125,430.4599914550781,415.1099853515625,428.7900085449219,426.1658630371094,5917300
2026-07-29,428.260009765625,431.67999267578125,420.3500061035156,420.57000732421875,417.99615478515625,5257900
2026-07-30,415.19000244140625,427.3399963378906,411.2900085449219,421.4700012207031,418.8906555175781,3647500
2026-07-31,422.0,422.80999755859375,414.05999755859375,414.3999938964844,411.8638916015625,3920900
2026-08-03,417.42999267578125,419.3399963378906,413.32000732421875,415.3599853515625,412.8180236816406,3209600
2026-08-04,415.55999755859375,416.0,406.6700134277344,407.54998779296875,405.0558166503906,5266300
2026-08-05,403.19000244140625,416.3599853515625,397.79998779296875,412.75,410.2239990234375,5399000
2026-08-06,415.2699890136719,416.9700012207031,402.3999938964844,403.9700012207031,401.49774169921875,4712400
2026-08-07,401.5899963378906,410.6400146484375,400.6600036621094,407.0799865722656,404.58868408203125,4095900
2026-08-10,408.6000061035156,413.07000732421875,407.989990234375,408.739990234375,406.238525390625,3182200
2026-08-11,409.0,410.8999938964844,401.32000732421875,402.19000244140625,399.7286376953125,3398900
2026-08-12,400.9800109863281,407.20001220703125,400.5,405.5899963378906,403.1078186035156,3317200
2026-08-13,405.5899963378906,407.32000732421875,398.5899963378906,399.05999755859375,396.6177978515625,4170200
2026-08-14,398.0,403.17999267578125,396.55999755859375,401.7300109863281,399.2714538574219,3476400
2026-08-17,398.57000732421875,398.8999938964844,391.42999267578125,395.6199951171875,393.1988525390625,5295100
2026-08-18,397.42999267578125,398.7900085449219,393.510009765625,393.92999267578125,391.5191650390625,3605100
2026-08-19,394.57000732421875,396.79998779296875,386.3299865722656,388.6099853515625,386.2317199707031,5268500
2026-08-20,388.25,392.7099914550781,383.8299865722656,384.8500061035156,382.4947509765625,4497200
2026-08-21,386.0,393.6600036621094,386.0,390.1099853515625,387.7225341796875,4879600
2026-08-24,391.0400085449219,399.5799865722656,390.8599853515625,398.760009765625,396.31964111328125,4683900
2026-08-25,397.79998779296875,399.0299987792969,395.6199951171875,396.5899963378906,394.16290283203125,2655000
2026-08-26,396.3299865722656,406.25,396.010009765625,401.010009765625,398.5558776855469,3557000
2026-08-27,396.8699951171875,399.8800048828125,393.7699890136719,395.04998779296875,392.63232421875,3668200
2026-08-28,396.4200134277344,396.739990234375,392.6600036621094,392.95001220703125,390.5451965332031,2455500
2026-08-31,393.5199890136719,394.489990234375,387.7099914550781,389.4100036621094,387.02685546875,5748000
2026-09-01,392.0799865722656,399.6000061035156,391.7799987792969,396.29998779296875,393.8746643066406,3716200
2026-09-02,399.2699890136719,401.1400146484375,396.510009765625,399.6600036621094,397.214111328125,3265300
2026-09-03,400.0199890136719,405.1600036621094,395.29998779296875,400.94000244140625,398.4862976074219,5488900
2026-09-04,397.04998779296875,402.2300109863281,395.20001220703125,397.1400146484375,394.7095642089844,5565400
2026-09-08,392.3999938964844,403.8900146484375,390.44000244140625,400.8399963378906,398.38690185546875,7049400
2026-09-09,405.1700134277344,406.5299987792969,378.0799865722656,393.05999755859375,390.6545104980469,7735200
2026-09-10,396.0,399.2699890136719,387.6000061035156,388.2799987792969,385.90374755859375,4339900
2026-09-11,390.4200134277344,391.7300109863281,375.8999938964844,379.0899963378906,376.7699890136719,7478400
2026-09-14,381.44000244140625,386.4599914550781,379.2799987792969,383.54998779296875,383.54998779296875,4474000
2026-09-15,383.54998779296875,383.79998779296875,375.5,375.92999267578125,375.92999267578125,4391400
2026-09-16,375.8999938964844,380.2200012207031,373.6300048828125,375.260009765625,375.260009765625,4414900
2026-09-17,376.45001220703125,380.5,374.20001220703125,375.2099914550781,375.2099914550781,4833700
2026-09-18,375.2900085449219,378.489990234375,372.4200134277344,376.8999938964844,376.8999938964844,8606300
2026-09-21,377.8699951171875,378.95001220703125,373.82000732421875,377.55999755859375,377.55999755859375,5712300
2026-09-22,381.3900146484375,381.3900146484375,372.4100036621094,372.95001220703125,372.95001220703125,4495000
2026-09-23,370.8900146484375,372.6099853515625,366.0,371.2900085449219,371.2900085449219,3859300
2026-09-24,371.9200134277344,375.2799987792969,368.5,375.010009765625,375.010009765625,4651000
2026-09-25,375.95001220703125,379.1700134277344,371.1700134277344,376.5899963378906,376.5899963378906,4077400
2026-09-28,376.3599853515625,380.9800109863281,374.55999755859375,377.8299865722656,377.8299865722656,4677100
2026-09-29,374.8800048828125,376.5899963378906,371.3299865722656,374.94000244140625,374.94000244140625,3284700
2026-09-30,374.92999267578125,374.92999267578125,365.7200012207031,367.0799865722656,367.0799865722656,4788300
