Date,Open,High,Low,Close,Adj Close,Volume
2020-12-31,58.060001373291016,58.79999923706055,58.02000045776367,58.75,41.45747756958008,12906300
2021-01-04,58.959999084472656,59.150001525878906,58.439998626708984,58.849998474121094,41.528038024902344,19129800
2021-01-05,58.86000061035156,59.09000015258789,58.459999084472656,58.58000183105469,41.33751678466797,16220000
2021-01-06,58.810001373291016,59.540000915527344,58.540000915527344,59.290000915527344,41.83853530883789,22678500
2021-01-07,58.27000045776367,58.7599983215332,58.08000183105469,58.529998779296875,41.7443962097168,19079900
2021-01-08,58.22999954223633,58.36000061035156,57.369998931884766,57.79999923706055,41.22374725341797,28411600
2021-01-11,57.75,58.04999923706055,57.290000915527344,57.459999084472656,40.98124694824219,15688000
2021-01-12,57.27000045776367,57.45000076293945,56.689998626708984,57.2599983215332,40.83861541748047,22699300
2021-01-13,57.220001220703125,57.25,56.880001068115234,57.060001373291016,40.695960998535156,16985400
2021-01-14,56.88999938964844,57.43000030517578,56.65999984741211,57.040000915527344,40.681697845458984,18341100
2021-01-15,56.779998779296875,57.5,56.709999084472656,57.380001068115234,40.924190521240234,15785300
2021-01-19,57.439998626708984,57.58000183105469,56.97999954223633,57.04999923706055,40.6888313293457,18821300
2021-01-20,57.0099983215332,57.38999938964844,56.65999984741211,57.2599983215332,40.83861541748047,19923100
2021-01-21,57.189998626708984,57.5099983215332,57.04999923706055,57.27000045776367,40.845741271972656,13601500
2021-01-22,57.16999816894531,57.689998626708984,56.7599983215332,57.470001220703125,40.98838806152344,16364500
2021-01-25,57.470001220703125,58.619998931884766,57.18000030517578,58.41999816894531,41.66593933105469,22444300
2021-01-26,56.9900016784668,57.279998779296875,56.40999984741211,56.56999969482422,40.346492767333984,37892700
2021-01-27,56.63999938964844,56.959999084472656,55.060001373291016,55.130001068115234,39.3194694519043,37239000
2021-01-28,55.0,56.33000183105469,55.0,55.369998931884766,39.490638732910156,24000800
2021-01-29,55.0,55.27000045776367,54.47999954223633,54.75,39.048439025878906,26231200
2021-02-01,55.27000045776367,55.27000045776367,54.220001220703125,54.279998779296875,38.713233947753906,20541100
2021-02-02,54.43000030517578,55.16999816894531,54.16999816894531,54.5,38.87013626098633,18974500
2021-02-03,54.310001373291016,54.900001525878906,54.25,54.790000915527344,39.07698059082031,13909300
2021-02-04,54.7599983215332,55.369998931884766,54.59000015258789,55.13999938964844,39.32659149169922,14761700
2021-02-05,55.20000076293945,55.68000030517578,55.16999816894531,55.31999969482422,39.454978942871094,12069500
2021-02-08,55.369998931884766,55.47999954223633,54.790000915527344,55.04999923706055,39.26240921020508,17887700
2021-02-09,55.02000045776367,55.29999923706055,54.68000030517578,55.0,39.22674560546875,19605600
2021-02-10,55.220001220703125,55.439998626708984,54.91999816894531,54.959999084472656,39.19821548461914,16232800
2021-02-11,55.02000045776367,55.060001373291016,54.47999954223633,54.599998474121094,38.941463470458984,17398800
2021-02-12,54.41999816894531,54.68000030517578,54.18000030517578,54.20000076293945,38.65617752075195,18357300
2021-02-16,54.11000061035156,54.31999969482422,53.83000183105469,54.150001525878906,38.62051773071289,22095700
2021-02-17,56.0,57.25,55.630001068115234,56.9900016784668,40.646053314208984,40531300
2021-02-18,56.939998626708984,57.61000061035156,56.529998779296875,56.97999954223633,40.63890838623047,20759900
2021-02-19,57.33000183105469,57.400001525878906,56.349998474121094,56.45000076293945,40.260894775390625,18689400
2021-02-22,56.529998779296875,56.84000015258789,56.150001525878906,56.45000076293945,40.260894775390625,17854900
2021-02-23,56.810001373291016,57.529998779296875,56.290000915527344,57.029998779296875,40.674560546875,21062000
2021-02-24,57.08000183105469,57.41999816894531,56.66999816894531,57.119998931884766,40.73876190185547,17136900
2021-02-25,56.119998931884766,56.86000061035156,55.7400016784668,56.5,40.29656982421875,24165300
2021-02-26,56.470001220703125,56.61000061035156,55.290000915527344,55.29999923706055,39.44070816040039,23935200
2021-03-01,55.4900016784668,55.95000076293945,55.279998779296875,55.36000061035156,39.48350524902344,20550400
2021-03-02,55.310001373291016,55.52000045776367,54.91999816894531,54.97999954223633,39.21249008178711,17184600
2021-03-03,54.560001373291016,55.970001220703125,54.400001525878906,55.380001068115234,39.497772216796875,22838700
2021-03-04,55.54999923706055,55.619998931884766,54.529998779296875,54.79999923706055,39.084102630615234,23692000
2021-03-05,54.95000076293945,56.20000076293945,54.91999816894531,56.0,39.9399528503418,23598100
2021-03-08,55.95000076293945,57.29999923706055,55.81999969482422,56.790000915527344,40.50340270996094,23648800
2021-03-09,56.900001525878906,57.099998474121094,56.16999816894531,56.20000076293945,40.08260726928711,20956400
2021-03-10,56.689998626708984,57.290000915527344,55.849998474121094,57.08000183105469,40.710227966308594,18848600
2021-03-11,57.0099983215332,57.189998626708984,55.470001220703125,55.5099983215332,39.59047317504883,30312900
2021-03-12,55.72999954223633,56.16999816894531,55.61000061035156,55.630001068115234,39.67607498168945,22002400
2021-03-15,55.810001373291016,55.939998626708984,55.099998474121094,55.63999938964844,39.683197021484375,18970600
2021-03-16,55.70000076293945,55.91999816894531,55.439998626708984,55.63999938964844,39.683197021484375,19044700
2021-03-17,55.77000045776367,56.119998931884766,55.290000915527344,55.75,39.76165771484375,17867000
2021-03-18,55.75,56.369998931884766,55.65999984741211,56.310001373291016,40.16105270385742,19970700
2021-03-19,56.43000030517578,56.52000045776367,55.95000076293945,56.2400016784668,40.11113739013672,39055000
2021-03-22,55.869998931884766,56.66999816894531,55.77000045776367,56.59000015258789,40.360755920410156,20656600
2021-03-23,56.41999816894531,57.41999816894531,56.380001068115234,56.90999984741211,40.58898162841797,20084100
2021-03-24,56.7400016784668,57.43000030517578,56.630001068115234,57.0099983215332,40.66030502319336,14819800
2021-03-25,57.04999923706055,57.540000915527344,56.70000076293945,57.380001068115234,40.924190521240234,18047400
2021-03-26,57.43000030517578,58.25,57.380001068115234,58.18000030517578,41.4947624206543,19632700
2021-03-29,58.09000015258789,58.97999954223633,57.95000076293945,58.83000183105469,41.95835494995117,18577300
2021-03-30,58.869998931884766,58.970001220703125,58.22999954223633,58.59000015258789,41.78718566894531,13239700
2021-03-31,58.400001525878906,58.52000045776367,58.060001373291016,58.150001525878906,41.47337341308594,19531700
2021-04-01,58.02000045776367,58.38999938964844,57.7400016784668,58.29999923706055,41.580360412597656,12885100
2021-04-05,58.529998779296875,59.130001068115234,58.459999084472656,58.869998931884766,41.986881256103516,14326300
2021-04-06,58.810001373291016,59.11000061035156,58.68000030517578,59.11000061035156,42.15806198120117,12198300
2021-04-07,59.130001068115234,59.459999084472656,58.790000915527344,59.0,42.07960510253906,13218400
2021-04-08,58.040000915527344,58.130001068115234,57.529998779296875,57.599998474121094,41.5230712890625,16472400
2021-04-09,57.599998474121094,57.79999923706055,57.25,57.4900016784668,41.443782806396484,13872000
2021-04-12,57.65999984741211,57.88999938964844,57.43000030517578,57.540000915527344,41.47981643676758,19564600
2021-04-13,57.369998931884766,57.7599983215332,57.15999984741211,57.619998931884766,41.5374870300293,15489100
2021-04-14,57.5,58.130001068115234,57.290000915527344,57.70000076293945,41.595176696777344,13890100
2021-04-15,57.560001373291016,57.90999984741211,57.540000915527344,57.70000076293945,41.595176696777344,13338400
2021-04-16,58.06999969482422,58.47999954223633,57.79999923706055,58.279998779296875,42.01327896118164,19866200
2021-04-19,58.5,58.709999084472656,58.09000015258789,58.38999938964844,42.09257507324219,11955400
2021-04-20,58.119998931884766,58.540000915527344,57.970001220703125,58.38999938964844,42.09257507324219,16673600
2021-04-21,58.400001525878906,58.84000015258789,58.04999923706055,58.13999938964844,41.9123649597168,18310100
2021-04-22,57.939998626708984,58.09000015258789,57.13999938964844,57.279998779296875,41.292388916015625,20921900
2021-04-23,57.130001068115234,57.470001220703125,56.779998779296875,57.29999923706055,41.30680847167969,18099400
2021-04-26,57.36000061035156,57.38999938964844,56.849998474121094,56.939998626708984,41.04728317260742,15073600
2021-04-27,56.58000183105469,56.720001220703125,56.20000076293945,56.31999969482422,40.600341796875,21858600
2021-04-28,56.369998931884766,56.65999984741211,56.34000015258789,56.43000030517578,40.67963790893555,12862500
2021-04-29,56.54999923706055,57.52000045776367,56.529998779296875,57.31999969482422,41.32122802734375,18169200
2021-04-30,57.349998474121094,57.86000061035156,56.959999084472656,57.790000915527344,41.66004180908203,16861500
2021-05-03,58.22999954223633,58.33000183105469,57.869998931884766,57.91999816894531,41.75375747680664,17559100
2021-05-04,57.97999954223633,58.650001525878906,57.95000076293945,58.599998474121094,42.24396514892578,22067700
2021-05-05,58.630001068115234,59.060001373291016,58.54999923706055,58.689998626708984,42.308841705322266,17882200
2021-05-06,58.90999984741211,59.369998931884766,58.689998626708984,59.290000915527344,42.74137878417969,14593100
2021-05-07,58.79999923706055,59.06999969482422,58.599998474121094,58.720001220703125,42.33047103881836,15678600
2021-05-10,59.08000183105469,59.849998474121094,59.02000045776367,59.52000045776367,42.90718460083008,22563000
2021-05-11,59.790000915527344,59.790000915527344,58.290000915527344,58.540000915527344,42.200714111328125,17971900
2021-05-12,58.25,58.900001525878906,58.150001525878906,58.40999984741211,42.106998443603516,14718600
2021-05-13,58.0,59.189998626708984,57.959999084472656,58.810001373291016,42.395347595214844,13305100
2021-05-14,59.0099983215332,59.2599983215332,58.66999816894531,58.689998626708984,42.308841705322266,13770000
2021-05-17,58.88999938964844,59.06999969482422,57.869998931884766,57.939998626708984,41.76818084716797,22387000
2021-05-18,57.5,57.5,56.63999938964844,57.18000030517578,41.22030258178711,26579000
2021-05-19,56.52000045776367,56.939998626708984,56.349998474121094,56.91999816894531,41.032867431640625,20213500
2021-05-20,56.90999984741211,57.25,56.75,56.790000915527344,40.93916320800781,20768900
2021-05-21,57.060001373291016,57.29999923706055,56.7400016784668,56.90999984741211,41.025665283203125,15474400
2021-05-24,57.09000015258789,57.29999923706055,56.779998779296875,56.97999954223633,41.07612991333008,12970700
2021-05-25,57.0,57.029998779296875,56.290000915527344,56.47999954223633,40.71568298339844,15935100
2021-05-26,56.470001220703125,56.560001373291016,56.27000045776367,56.36000061035156,40.62918472290039,14045200
2021-05-27,56.31999969482422,56.54999923706055,56.02000045776367,56.290000915527344,40.57871627807617,30754300
2021-05-28,56.349998474121094,56.63999938964844,56.290000915527344,56.4900016784668,40.722896575927734,14027800
2021-06-01,56.75,56.86000061035156,56.2400016784668,56.380001068115234,40.64358901977539,14922800
2021-06-02,56.310001373291016,56.84000015258789,56.16999816894531,56.650001525878906,40.838233947753906,13681100
2021-06-03,56.70000076293945,57.220001220703125,56.58000183105469,56.97999954223633,41.07612991333008,14212500
2021-06-04,56.91999816894531,57.369998931884766,56.900001525878906,57.29999923706055,41.30680847167969,11868100
2021-06-07,57.22999954223633,57.33000183105469,57.06999969482422,57.20000076293945,41.23472595214844,11144100
2021-06-08,57.2400016784668,57.25,56.790000915527344,57.150001525878906,41.19868469238281,15858400
2021-06-09,57.150001525878906,57.529998779296875,57.0099983215332,57.04999923706055,41.126590728759766,14705100
2021-06-10,57.33000183105469,57.61000061035156,57.220001220703125,57.34000015258789,41.33563995361328,12013600
2021-06-11,57.4900016784668,57.54999923706055,57.0099983215332,57.33000183105469,41.32844543457031,12929000
2021-06-14,57.189998626708984,57.27000045776367,56.849998474121094,57.18000030517578,41.22030258178711,11907600
2021-06-15,57.18000030517578,57.45000076293945,57.15999984741211,57.290000915527344,41.29960632324219,12602700
2021-06-16,57.369998931884766,57.38999938964844,56.630001068115234,56.63999938964844,40.831024169921875,15678400
2021-06-17,56.650001525878906,56.91999816894531,56.5,56.529998779296875,40.75172424316406,14761100
2021-06-18,56.310001373291016,56.310001373291016,55.56999969482422,55.81999969482422,40.23990249633789,38210500
2021-06-21,56.06999969482422,56.4900016784668,55.97999954223633,56.38999938964844,40.65080642700195,13628200
2021-06-22,56.689998626708984,56.779998779296875,56.279998779296875,56.369998931884766,40.636383056640625,13866600
2021-06-23,56.45000076293945,56.75,56.04999923706055,56.06999969482422,40.420127868652344,16524500
2021-06-24,56.15999984741211,56.40999984741211,56.060001373291016,56.369998931884766,40.636383056640625,15386200
2021-06-25,56.27000045776367,56.52000045776367,56.189998626708984,56.380001068115234,40.64358901977539,14540300
2021-06-28,56.380001068115234,56.5,56.16999816894531,56.18000030517578,40.49942398071289,13754900
2021-06-29,56.20000076293945,56.369998931884766,55.81999969482422,55.84000015258789,40.25431442260742,15313000
2021-06-30,55.7599983215332,56.13999938964844,55.7599983215332,56.029998779296875,40.391292572021484,14559700
2021-07-01,56.18000030517578,56.43000030517578,56.02000045776367,56.290000915527344,40.57871627807617,11672200
2021-07-02,56.380001068115234,56.56999969482422,56.2599983215332,56.439998626708984,40.686859130859375,11387100
2021-07-06,56.47999954223633,56.5099983215332,56.0,56.40999984741211,40.66522216796875,13815900
2021-07-07,56.349998474121094,56.58000183105469,56.209999084472656,56.529998779296875,40.75172424316406,14393300
2021-07-08,55.75,55.97999954223633,55.54999923706055,55.68000030517578,40.58989715576172,18384000
2021-07-09,55.70000076293945,56.22999954223633,55.619998931884766,56.06999969482422,40.87420654296875,13757000
2021-07-12,55.9900016784668,56.36000061035156,55.880001068115234,56.150001525878906,40.93251419067383,13451500
2021-07-13,56.27000045776367,56.47999954223633,56.0,56.09000015258789,40.88877487182617,12511900
2021-07-14,56.09000015258789,56.43000030517578,56.029998779296875,56.31999969482422,41.05644607543945,14821700
2021-07-15,56.31999969482422,56.599998474121094,56.2400016784668,56.54999923706055,41.22411346435547,12813900
2021-07-16,56.68000030517578,56.790000915527344,56.40999984741211,56.459999084472656,41.158504486083984,11637900
2021-07-19,56.16999816894531,56.439998626708984,55.310001373291016,55.84000015258789,40.7065315246582,21958500
2021-07-20,55.95000076293945,56.77000045776367,55.540000915527344,55.58000183105469,40.516990661621094,20258900
2021-07-21,56.540000915527344,56.849998474121094,55.91999816894531,55.95000076293945,40.786720275878906,25264100
2021-07-22,56.150001525878906,56.279998779296875,55.619998931884766,55.95000076293945,40.786720275878906,16231400
2021-07-23,55.83000183105469,56.029998779296875,55.63999938964844,55.880001068115234,40.735687255859375,14894300
2021-07-26,55.880001068115234,55.939998626708984,55.54999923706055,55.779998779296875,40.66279602050781,15330500
2021-07-27,55.66999816894531,56.34000015258789,55.47999954223633,56.20000076293945,40.96896743774414,15225800
2021-07-28,56.2400016784668,56.31999969482422,55.689998626708984,55.720001220703125,40.61905288696289,14595900
2021-07-29,55.88999938964844,56.18000030517578,55.880001068115234,55.97999954223633,40.80858612060547,12841900
2021-07-30,56.029998779296875,56.18000030517578,55.7599983215332,55.779998779296875,40.66279602050781,13856900
2021-08-02,56.060001373291016,56.2599983215332,55.68000030517578,55.7599983215332,40.64821243286133,13833400
2021-08-03,55.7599983215332,55.95000076293945,55.56999969482422,55.72999954223633,40.626346588134766,12573100
2021-08-04,55.599998474121094,55.709999084472656,55.279998779296875,55.369998931884766,40.36391067504883,16446100
2021-08-05,55.40999984741211,55.5,55.25,55.29999923706055,40.31288146972656,12776600
2021-08-06,55.33000183105469,55.59000015258789,55.209999084472656,55.220001220703125,40.25455856323242,12660300
2021-08-09,55.279998779296875,55.41999816894531,55.11000061035156,55.119998931884766,40.181663513183594,13452400
2021-08-10,55.099998474121094,55.529998779296875,55.0,55.47999954223633,40.44409942626953,11756900
2021-08-11,55.61000061035156,55.849998474121094,55.52000045776367,55.56999969482422,40.509708404541016,11727300
2021-08-12,55.619998931884766,55.79999923706055,55.529998779296875,55.63999938964844,40.56073760986328,10744800
2021-08-13,55.70000076293945,55.97999954223633,55.68000030517578,55.869998931884766,40.728389739990234,8384600
2021-08-16,55.91999816894531,56.06999969482422,55.58000183105469,55.97999954223633,40.80858612060547,12964200
2021-08-17,55.869998931884766,56.20000076293945,55.77000045776367,56.18000030517578,40.95439147949219,11847600
2021-08-18,56.04999923706055,56.06999969482422,55.45000076293945,55.470001220703125,40.43680191040039,15093500
2021-08-19,55.29999923706055,55.65999984741211,55.189998626708984,55.369998931884766,40.36391067504883,12679900
2021-08-20,55.33000183105469,55.709999084472656,55.20000076293945,55.52000045776367,40.47325897216797,10645100
2021-08-23,55.54999923706055,55.709999084472656,55.40999984741211,55.41999816894531,40.40036392211914,11963700
2021-08-24,55.40999984741211,55.41999816894531,55.0,55.0099983215332,40.101478576660156,15478400
2021-08-25,55.02000045776367,55.08000183105469,54.810001373291016,54.93000030517578,40.04315948486328,14666300
2021-08-26,54.90999984741211,55.060001373291016,54.56999969482422,54.599998474121094,39.802589416503906,15256200
2021-08-27,54.650001525878906,54.83000183105469,54.529998779296875,54.77000045776367,39.926513671875,13213800
2021-08-30,54.7400016784668,54.959999084472656,54.68000030517578,54.77000045776367,39.926513671875,11621200
2021-08-31,54.709999084472656,55.13999938964844,54.58000183105469,55.0,40.094181060791016,18405600
2021-09-01,55.0,55.150001525878906,54.79999923706055,54.939998626708984,40.050445556640625,12647300
2021-09-02,54.93000030517578,55.310001373291016,54.900001525878906,55.290000915527344,40.30559158325195,12875900
2021-09-03,55.2400016784668,55.5,55.16999816894531,55.43000030517578,40.40763854980469,11006200
2021-09-07,55.380001068115234,55.5,54.79999923706055,54.81999969482422,39.96297073364258,15500900
2021-09-08,54.790000915527344,55.09000015258789,54.790000915527344,54.90999984741211,40.02858352661133,11835900
2021-09-09,54.83000183105469,54.869998931884766,54.43000030517578,54.439998626708984,39.68595886230469,19403300
2021-09-10,54.560001373291016,54.66999816894531,54.220001220703125,54.22999954223633,39.532867431640625,15944100
2021-09-13,54.400001525878906,54.97999954223633,54.400001525878906,54.619998931884766,39.81717300415039,20749000
2021-09-14,54.650001525878906,54.77000045776367,54.279998779296875,54.40999984741211,39.66408157348633,16937500
2021-09-15,54.310001373291016,54.65999984741211,54.310001373291016,54.56999969482422,39.78071975708008,15330000
2021-09-16,54.619998931884766,54.790000915527344,54.349998474121094,54.43000030517578,39.67866134643555,14431400
2021-09-17,54.13999938964844,54.459999084472656,54.060001373291016,54.279998779296875,39.56931686401367,30787600
2021-09-20,54.060001373291016,54.58000183105469,54.0099983215332,54.2599983215332,39.554725646972656,20440500
2021-09-21,54.290000915527344,54.63999938964844,54.0099983215332,54.029998779296875,39.38706588745117,16906900
2021-09-22,54.13999938964844,54.38999938964844,54.02000045776367,54.060001373291016,39.4089469909668,15907900
2021-09-23,54.20000076293945,54.61000061035156,54.0099983215332,54.41999816894531,39.6713752746582,14714100
2021-09-24,54.36000061035156,54.56999969482422,54.25,54.369998931884766,39.634918212890625,12663900
2021-09-27,54.45000076293945,54.650001525878906,54.380001068115234,54.470001220703125,39.707820892333984,13118200
2021-09-28,54.45000076293945,54.689998626708984,54.029998779296875,54.15999984741211,39.48183822631836,19528200
2021-09-29,54.09000015258789,54.65999984741211,54.09000015258789,54.380001068115234,39.6422119140625,14823000
2021-09-30,54.5,54.5099983215332,54.0,54.0099983215332,39.37248992919922,18736600
2021-10-01,54.02000045776367,54.560001373291016,53.91999816894531,54.29999923706055,39.583892822265625,18618400
2021-10-04,54.45000076293945,54.849998474121094,54.279998779296875,54.5,39.72969055175781,18159200
2021-10-05,54.63999938964844,54.810001373291016,54.31999969482422,54.5099983215332,39.736976623535156,13218200
2021-10-06,54.34000015258789,54.59000015258789,54.0099983215332,54.529998779296875,39.751564025878906,21339800
2021-10-07,54.040000915527344,54.349998474121094,53.83000183105469,53.900001525878906,39.758941650390625,18069600
2021-10-08,53.869998931884766,53.970001220703125,53.220001220703125,53.2400016784668,39.2720947265625,21384600
2021-10-11,53.2599983215332,53.290000915527344,51.97999954223633,52.18000030517578,38.49018478393555,32088400
2021-10-12,52.18000030517578,52.18000030517578,51.11000061035156,51.33000183105469,37.863189697265625,42154000
2021-10-13,51.209999084472656,51.40999984741211,50.86000061035156,51.349998474121094,37.87794876098633,27246900
2021-10-14,51.27000045776367,51.9900016784668,51.15999984741211,51.91999816894531,38.29840850830078,27764900
2021-10-15,52.08000183105469,52.810001373291016,52.02000045776367,52.27000045776367,38.556575775146484,27005500
2021-10-18,52.15999984741211,52.31999969482422,51.63999938964844,51.90999984741211,38.29102325439453,20853500
2021-10-19,52.0,52.41999816894531,51.91999816894531,52.349998474121094,38.61558532714844,16094800
2021-10-20,52.790000915527344,53.7400016784668,52.720001220703125,53.61000061035156,39.54502487182617,30659500
2021-10-21,53.77000045776367,53.93000030517578,53.06999969482422,53.38999938964844,39.38274383544922,17771100
2021-10-22,53.41999816894531,53.41999816894531,52.880001068115234,52.93000030517578,39.043418884277344,16074000
2021-10-25,52.970001220703125,53.099998474121094,52.459999084472656,52.58000183105469,38.78525161743164,15987400
2021-10-26,52.70000076293945,53.16999816894531,52.560001373291016,53.08000183105469,39.15406799316406,15185200
2021-10-27,53.16999816894531,53.20000076293945,52.470001220703125,52.630001068115234,38.8221321105957,15007400
2021-10-28,52.75,53.150001525878906,52.619998931884766,52.79999923706055,38.9475212097168,18374700
2021-10-29,52.5,53.04999923706055,52.40999984741211,52.9900016784668,39.08768081665039,17763200
2021-11-01,53.2400016784668,53.369998931884766,52.869998931884766,52.95000076293945,39.05818176269531,14177700
2021-11-02,53.04999923706055,53.09000015258789,52.5099983215332,52.56999969482422,38.77787399291992,16913800
2021-11-03,52.59000015258789,53.06999969482422,52.52000045776367,52.939998626708984,39.050804138183594,12240000
2021-11-04,52.90999984741211,52.90999984741211,51.20000076293945,51.849998474121094,38.24677276611328,30807500
2021-11-05,52.02000045776367,52.79999923706055,52.02000045776367,52.2400016784668,38.53445053100586,17442800
2021-11-08,52.29999923706055,52.41999816894531,51.90999984741211,52.33000183105469,38.60084533691406,15985200
2021-11-09,52.29999923706055,52.369998931884766,51.9900016784668,52.2400016784668,38.53445053100586,16014100
2021-11-10,52.41999816894531,52.7599983215332,52.209999084472656,52.599998474121094,38.79999542236328,16261100
2021-11-11,52.7400016784668,52.7400016784668,52.36000061035156,52.45000076293945,38.689361572265625,10983700
2021-11-12,52.5099983215332,52.52000045776367,52.290000915527344,52.34000015258789,38.608211517333984,14378500
2021-11-15,52.439998626708984,52.540000915527344,52.06999969482422,52.400001525878906,38.6524658203125,14282700
2021-11-16,52.5099983215332,52.619998931884766,52.040000915527344,52.060001373291016,38.401676177978516,15876100
2021-11-17,52.0099983215332,52.060001373291016,51.61000061035156,51.72999954223633,38.15824890136719,17679200
2021-11-18,51.5,51.650001525878906,51.130001068115234,51.2400016784668,37.796810150146484,19490300
2021-11-19,51.279998779296875,51.31999969482422,50.66999816894531,50.86000061035156,37.51649856567383,21105200
2021-11-22,50.849998474121094,52.029998779296875,50.650001525878906,51.540000915527344,38.01810073852539,22751600
2021-11-23,51.560001373291016,52.150001525878906,51.560001373291016,51.75,38.173011779785156,21501600
2021-11-24,51.630001068115234,52.11000061035156,51.59000015258789,51.65999984741211,38.10661315917969,15474500
2021-11-26,51.150001525878906,52.20000076293945,51.099998474121094,51.79999923706055,38.20988464355469,17048100
2021-11-29,51.61000061035156,51.849998474121094,51.33000183105469,51.65999984741211,38.10661315917969,18652500
2021-11-30,51.2599983215332,51.36000061035156,50.040000915527344,50.27000045776367,37.081295013427734,47766200
2021-12-01,50.5,50.91999816894531,49.7400016784668,49.77000045776367,36.71247100830078,26295500
2021-12-02,49.83000183105469,51.16999816894531,49.779998779296875,50.72999954223633,37.42060852050781,27364400
2021-12-03,50.59000015258789,51.4900016784668,50.52000045776367,51.41999816894531,37.92958068847656,24711700
2021-12-06,51.63999938964844,51.93000030517578,50.959999084472656,51.06999969482422,37.671409606933594,22433100
2021-12-07,51.0,51.0099983215332,50.130001068115234,50.790000915527344,37.46486282348633,27754700
2021-12-08,50.720001220703125,50.849998474121094,50.150001525878906,50.4900016784668,37.24357223510742,20452700
2021-12-09,50.400001525878906,50.400001525878906,49.869998931884766,50.15999984741211,37.00015640258789,23628300
2021-12-10,50.33000183105469,50.33000183105469,49.9900016784668,50.189998626708984,37.02228927612305,18498700
2021-12-13,50.099998474121094,50.540000915527344,49.689998626708984,50.279998779296875,37.08866882324219,27618800
2021-12-14,50.369998931884766,51.150001525878906,50.18000030517578,50.650001525878906,37.361602783203125,31555900
2021-12-15,50.83000183105469,51.040000915527344,50.47999954223633,50.54999923706055,37.2878303527832,24115700
2021-12-16,50.65999984741211,52.91999816894531,50.54999923706055,52.75,38.910648345947266,40091300
2021-12-17,53.04999923706055,53.220001220703125,52.36000061035156,53.16999816894531,39.22045135498047,54501100
2021-12-20,52.72999954223633,53.34000015258789,52.689998626708984,53.09000015258789,39.16144561767578,23418000
2021-12-21,53.2599983215332,53.33000183105469,52.650001525878906,52.779998779296875,38.932777404785156,23905300
2021-12-22,52.58000183105469,52.900001525878906,52.060001373291016,52.77000045776367,38.92539978027344,16486500
2021-12-23,52.849998474121094,53.09000015258789,52.66999816894531,52.68000030517578,38.8590087890625,14921400
2021-12-27,52.689998626708984,52.81999969482422,52.45000076293945,52.68000030517578,38.8590087890625,19705800
2021-12-28,52.630001068115234,53.09000015258789,52.61000061035156,52.720001220703125,38.88851547241211,12126500
2021-12-29,52.77000045776367,52.880001068115234,52.34000015258789,52.36000061035156,38.62297058105469,15109500
2021-12-30,52.380001068115234,52.56999969482422,52.08000183105469,52.25,38.54182434082031,15615500
2021-12-31,52.20000076293945,52.310001373291016,51.880001068115234,51.959999084472656,38.327911376953125,15911400
2022-01-03,52.06999969482422,52.560001373291016,51.97999954223633,52.439998626708984,38.681976318359375,18240100
2022-01-04,52.63999938964844,53.709999084472656,52.54999923706055,53.470001220703125,39.441749572753906,26376800
2022-01-05,53.84000015258789,54.63999938964844,53.5099983215332,54.02000045776367,39.84745788574219,28697300
2022-01-06,54.47999954223633,54.54999923706055,53.65999984741211,53.7599983215332,39.65566635131836,21563800
2022-01-07,53.2599983215332,54.36000061035156,53.2599983215332,54.2400016784668,40.491783142089844,26512500
2022-01-10,54.4900016784668,54.83000183105469,53.810001373291016,53.869998931884766,40.21556091308594,24929400
2022-01-11,53.91999816894531,54.08000183105469,53.15999984741211,53.59000015258789,40.00653839111328,18598500
2022-01-12,53.38999938964844,53.65999984741211,53.09000015258789,53.45000076293945,39.90202331542969,12778300
2022-01-13,53.52000045776367,54.029998779296875,53.18000030517578,53.52000045776367,39.954288482666016,18178200
2022-01-14,53.59000015258789,53.70000076293945,53.08000183105469,53.279998779296875,39.775115966796875,18695800
2022-01-18,53.099998474121094,53.56999969482422,52.58000183105469,53.43000030517578,39.887088775634766,21570300
2022-01-19,53.470001220703125,53.68000030517578,52.869998931884766,53.5,39.93935012817383,18374200
2022-01-20,53.4900016784668,53.939998626708984,53.08000183105469,53.400001525878906,39.86470031738281,24297100
2022-01-21,53.72999954223633,53.900001525878906,53.06999969482422,53.15999984741211,39.68553161621094,25294800
2022-01-24,53.11000061035156,53.709999084472656,52.20000076293945,52.959999084472656,39.536216735839844,32500600
2022-01-25,53.130001068115234,53.849998474121094,52.2599983215332,52.900001525878906,39.49143600463867,32075900
2022-01-26,52.619998931884766,52.86000061035156,50.810001373291016,51.02000045776367,38.08795166015625,41504700
2022-01-27,50.90999984741211,52.06999969482422,50.810001373291016,51.189998626708984,38.21485900878906,35339600
2022-01-28,51.439998626708984,52.93000030517578,51.189998626708984,52.900001525878906,39.49143600463867,29490800
2022-01-31,52.52000045776367,53.31999969482422,52.209999084472656,53.22999954223633,39.7377815246582,25182400
2022-02-01,53.400001525878906,53.599998474121094,52.209999084472656,53.20000076293945,39.71538543701172,33045600
2022-02-02,53.560001373291016,54.279998779296875,53.29999923706055,53.79999923706055,40.16331100463867,24160200
2022-02-03,54.0,54.56999969482422,53.70000076293945,53.790000915527344,40.15584182739258,21219800
2022-02-04,53.52000045776367,53.83000183105469,53.22999954223633,53.310001373291016,39.797508239746094,16199800
2022-02-07,53.22999954223633,53.36000061035156,52.5099983215332,53.0,39.56608200073242,15438900
2022-02-08,53.0099983215332,53.16999816894531,52.58000183105469,52.81999969482422,39.43171310424805,13911700
2022-02-09,53.150001525878906,53.65999984741211,52.880001068115234,53.5,39.93935012817383,16449300
2022-02-10,53.34000015258789,53.540000915527344,52.900001525878906,53.040000915527344,39.595947265625,18644400
2022-02-11,52.95000076293945,53.459999084472656,52.70000076293945,53.31999969482422,39.80497741699219,18833100
2022-02-14,53.25,53.45000076293945,52.5,53.27000045776367,39.76765441894531,16081700
2022-02-15,53.29999923706055,53.59000015258789,53.150001525878906,53.36000061035156,39.834835052490234,12824100
2022-02-16,53.189998626708984,53.79999923706055,53.09000015258789,53.400001525878906,39.86470031738281,17277700
2022-02-17,53.099998474121094,53.59000015258789,52.779998779296875,53.58000183105469,39.99906921386719,17462500
2022-02-18,53.560001373291016,53.959999084472656,53.279998779296875,53.83000183105469,40.185699462890625,20298500
2022-02-22,54.0,54.029998779296875,53.59000015258789,53.900001525878906,40.23796081542969,19858400
2022-02-23,53.900001525878906,53.93000030517578,53.2400016784668,53.40999984741211,39.872161865234375,17841900
2022-02-24,52.970001220703125,53.15999984741211,51.709999084472656,52.59000015258789,39.260005950927734,30079700
2022-02-25,53.08000183105469,54.540000915527344,53.08000183105469,54.119998931884766,40.402198791503906,31444200
2022-02-28,53.79999923706055,54.099998474121094,53.400001525878906,53.66999816894531,40.06626510620117,30593900
2022-03-01,53.5,54.189998626708984,53.2599983215332,53.61000061035156,40.02146530151367,24693100
2022-03-02,53.66999816894531,54.40999984741211,53.529998779296875,54.13999938964844,40.41712951660156,20712900
2022-03-03,54.380001068115234,55.150001525878906,54.18000030517578,54.65999984741211,40.805320739746094,27577700
2022-03-04,54.43000030517578,55.38999938964844,54.2599983215332,55.11000061035156,41.14126205444336,26913800
2022-03-07,54.75,55.2400016784668,54.5,54.68000030517578,40.82025909423828,24962800
2022-03-08,54.959999084472656,55.34000015258789,53.189998626708984,53.25,39.75271987915039,36526700
2022-03-09,53.720001220703125,53.810001373291016,53.0099983215332,53.08000183105469,39.62580871582031,23049800
2022-03-10,53.0,53.34000015258789,52.779998779296875,53.22999954223633,39.7377815246582,17501800
2022-03-11,53.36000061035156,53.58000183105469,53.0099983215332,53.040000915527344,39.595947265625,20838500
2022-03-14,53.43000030517578,53.66999816894531,52.439998626708984,52.5,39.19282150268555,23124100
2022-03-15,52.689998626708984,53.0,52.209999084472656,52.7599983215332,39.38690948486328,20477600
2022-03-16,52.869998931884766,53.0,51.95000076293945,52.4900016784668,39.185359954833984,28500700
2022-03-17,52.47999954223633,52.540000915527344,52.0,52.36000061035156,39.08830642700195,22931500
2022-03-18,52.119998931884766,52.290000915527344,50.79999923706055,50.79999923706055,37.9237174987793,70390600
2022-03-21,51.369998931884766,51.810001373291016,50.970001220703125,51.099998474121094,38.14767837524414,39892800
2022-03-22,51.189998626708984,51.459999084472656,50.95000076293945,51.0,38.07302474975586,28676600
2022-03-23,51.04999923706055,51.459999084472656,50.959999084472656,50.970001220703125,38.050628662109375,25988800
2022-03-24,51.040000915527344,51.189998626708984,50.93000030517578,51.0,38.07302474975586,21087300
2022-03-25,51.060001373291016,51.459999084472656,50.970001220703125,51.279998779296875,38.282047271728516,18765800
2022-03-28,51.36000061035156,51.38999938964844,50.95000076293945,51.16999816894531,38.199928283691406,21688600
2022-03-29,51.31999969482422,51.34000015258789,50.959999084472656,51.25,38.2596549987793,28193400
2022-03-30,51.220001220703125,51.630001068115234,51.08000183105469,51.61000061035156,38.528404235839844,23821200
2022-03-31,51.65999984741211,51.75,50.93000030517578,50.939998626708984,38.028228759765625,31027600
2022-04-01,51.02000045776367,52.189998626708984,50.81999969482422,52.119998931884766,38.90913772583008,30550300
2022-04-04,52.02000045776367,52.5,51.63999938964844,52.459999084472656,39.16294860839844,25793000
2022-04-05,52.20000076293945,52.900001525878906,52.130001068115234,52.779998779296875,39.4018440246582,23150600
2022-04-06,52.810001373291016,53.43000030517578,52.56999969482422,53.20000076293945,39.71538543701172,28661700
2022-04-07,52.45000076293945,52.97999954223633,52.040000915527344,52.66999816894531,39.79850769042969,22790600
2022-04-08,52.72999954223633,53.68000030517578,52.5,53.529998779296875,40.44834518432617,24852200
2022-04-11,53.869998931884766,54.70000076293945,53.709999084472656,53.900001525878906,40.72792053222656,33614900
2022-04-12,53.869998931884766,54.04999923706055,53.41999816894531,53.66999816894531,40.55413055419922,21136400
2022-04-13,53.59000015258789,54.369998931884766,53.59000015258789,54.13999938964844,40.909271240234375,19798000
2022-04-14,54.0,54.189998626708984,53.779998779296875,53.83000183105469,40.67502212524414,16915100
2022-04-18,53.7599983215332,54.279998779296875,53.220001220703125,53.38999938964844,40.34256362915039,14394300
2022-04-19,53.58000183105469,53.90999984741211,53.459999084472656,53.75,40.61457443237305,12890000
2022-04-20,53.7599983215332,54.4900016784668,53.70000076293945,54.40999984741211,41.11328887939453,19563400
2022-04-21,54.61000061035156,55.5099983215332,54.470001220703125,55.0099983215332,41.56665802001953,32821100
2022-04-22,53.439998626708984,53.540000915527344,51.459999084472656,51.90999984741211,39.2242317199707,44958400
2022-04-25,51.34000015258789,51.439998626708984,49.540000915527344,50.279998779296875,37.992576599121094,46028400
2022-04-26,50.2599983215332,50.650001525878906,49.369998931884766,49.40999984741211,37.335182189941406,29507700
2022-04-27,49.5099983215332,49.5099983215332,48.41999816894531,48.459999084472656,36.61734390258789,30582000
2022-04-28,48.689998626708984,49.16999816894531,48.29999923706055,48.400001525878906,36.57200241088867,33011700
2022-04-29,48.15999984741211,48.20000076293945,46.16999816894531,46.29999923706055,34.985206604003906,41014200
2022-05-02,46.5099983215332,47.060001373291016,45.54999923706055,46.22999954223633,34.93231201171875,33309400
2022-05-03,46.38999938964844,47.40999984741211,46.060001373291016,47.16999816894531,35.64259338378906,33263100
2022-05-04,47.2400016784668,48.41999816894531,47.0,48.369998931884766,36.54934310913086,29564600
2022-05-05,48.029998779296875,48.33000183105469,47.40999984741211,47.84000015258789,36.14887237548828,20664300
2022-05-06,47.599998474121094,48.439998626708984,47.52000045776367,48.27000045776367,36.47378158569336,19322000
2022-05-09,48.130001068115234,48.86000061035156,47.75,48.619998931884766,36.738243103027344,24391300
2022-05-10,48.900001525878906,49.439998626708984,47.77000045776367,48.130001068115234,36.36799621582031,23007300
2022-05-11,48.18000030517578,48.52000045776367,47.619998931884766,47.880001068115234,36.17909240722656,20133200
2022-05-12,47.810001373291016,48.18000030517578,47.40999984741211,48.060001373291016,36.315101623535156,21623900
2022-05-13,48.25,48.45000076293945,47.61000061035156,48.18000030517578,36.4057731628418,21080500
2022-05-16,47.97999954223633,49.20000076293945,47.7599983215332,49.040000915527344,37.05560302734375,22754700
2022-05-17,48.95000076293945,49.209999084472656,48.529998779296875,48.939998626708984,36.980045318603516,22043100
2022-05-18,48.95000076293945,49.459999084472656,48.630001068115234,48.88999938964844,36.942264556884766,22365100
2022-05-19,48.459999084472656,49.18000030517578,48.130001068115234,49.099998474121094,37.100948333740234,23186400
2022-05-20,49.040000915527344,49.599998474121094,48.91999816894531,49.529998779296875,37.42585754394531,24181800
2022-05-23,49.790000915527344,50.27000045776367,49.5,49.66999816894531,37.53164291381836,16761800
2022-05-24,49.689998626708984,50.81999969482422,48.86000061035156,50.68000030517578,38.29482650756836,25414700
2022-05-25,50.5,51.27000045776367,50.38999938964844,51.2400016784668,38.71797561645508,19831500
2022-05-26,51.310001373291016,51.61000061035156,50.90999984741211,50.9900016784668,38.5290641784668,15500400
2022-05-27,50.75,51.43000030517578,50.529998779296875,51.400001525878906,38.8388671875,13347300
2022-05-31,51.2599983215332,51.560001373291016,50.849998474121094,51.290000915527344,38.755760192871094,25016600
2022-06-01,51.439998626708984,51.630001068115234,51.04999923706055,51.400001525878906,38.8388671875,15358100
2022-06-02,51.54999923706055,51.59000015258789,50.38999938964844,51.290000915527344,38.755760192871094,13527800
2022-06-03,50.939998626708984,51.25,50.689998626708984,50.810001373291016,38.3930549621582,10819800
2022-06-06,50.93000030517578,51.349998474121094,50.720001220703125,51.2400016784668,38.71797561645508,12898100
2022-06-07,51.150001525878906,51.70000076293945,50.93000030517578,51.650001525878906,39.02777862548828,15383000
2022-06-08,51.72999954223633,51.959999084472656,51.439998626708984,51.54999923706055,38.95220947265625,13249700
2022-06-09,51.619998931884766,51.77000045776367,50.91999816894531,50.939998626708984,38.49128341674805,12078400
2022-06-10,50.650001525878906,51.400001525878906,50.470001220703125,50.81999969482422,38.40060806274414,19868500
2022-06-13,50.619998931884766,50.790000915527344,49.400001525878906,49.59000015258789,37.47119140625,23762500
2022-06-14,49.59000015258789,49.84000015258789,48.900001525878906,49.15999984741211,37.146278381347656,20278700
2022-06-15,49.22999954223633,49.83000183105469,48.599998474121094,49.150001525878906,37.138729095458984,22005600
2022-06-16,48.52000045776367,48.970001220703125,48.0099983215332,48.84000015258789,36.90447998046875,22029300
2022-06-17,48.61000061035156,49.4900016784668,48.529998779296875,49.029998779296875,37.04805374145508,36469500
2022-06-21,49.310001373291016,50.90999984741211,49.220001220703125,50.650001525878906,38.27215576171875,34258500
2022-06-22,50.2599983215332,51.16999816894531,50.209999084472656,50.790000915527344,38.3779411315918,23650600
2022-06-23,51.029998779296875,52.18000030517578,51.029998779296875,52.09000015258789,39.36024856567383,21736400
2022-06-24,52.029998779296875,52.150001525878906,50.56999969482422,50.959999084472656,38.50638961791992,28490700
2022-06-27,51.290000915527344,51.4900016784668,50.650001525878906,50.959999084472656,38.50638961791992,16974900
2022-06-28,51.06999969482422,51.29999923706055,50.43000030517578,50.459999084472656,38.12858581542969,16615700
2022-06-29,50.47999954223633,51.0,50.31999969482422,50.939998626708984,38.49128341674805,13901400
2022-06-30,50.66999816894531,51.220001220703125,50.459999084472656,50.75,38.347713470458984,18880500
2022-07-01,50.959999084472656,51.77000045776367,50.58000183105469,51.63999938964844,39.02021408081055,14189300
2022-07-05,51.41999816894531,51.459999084472656,50.47999954223633,51.41999816894531,38.853981018066406,19675600
2022-07-06,51.41999816894531,51.88999938964844,51.130001068115234,51.5099983215332,38.9219856262207,14938900
2022-07-07,50.959999084472656,51.060001373291016,50.36000061035156,50.709999084472656,38.799564361572266,13617100
2022-07-08,50.52000045776367,50.91999816894531,50.40999984741211,50.4900016784668,38.6312370300293,13959200
2022-07-11,50.369998931884766,50.7400016784668,50.2599983215332,50.5,38.63888931274414,12259000
2022-07-12,50.650001525878906,51.36000061035156,50.279998779296875,50.779998779296875,38.853118896484375,20528700
2022-07-13,50.439998626708984,51.09000015258789,50.20000076293945,50.5099983215332,38.64653778076172,13362500
2022-07-14,49.91999816894531,50.560001373291016,49.72999954223633,50.4900016784668,38.6312370300293,10271700
2022-07-15,51.0,51.040000915527344,50.349998474121094,51.02000045776367,39.03675842285156,13021300
2022-07-18,51.060001373291016,51.16999816894531,50.16999816894531,50.279998779296875,38.4705696105957,16173100
2022-07-19,50.47999954223633,50.560001373291016,50.2400016784668,50.45000076293945,38.60063934326172,14638500
2022-07-20,50.470001220703125,50.54999923706055,49.0099983215332,49.06999969482422,37.544769287109375,29611400
2022-07-21,47.630001068115234,47.880001068115234,46.68000030517578,47.65999984741211,36.46593475341797,32321000
2022-07-22,45.95000076293945,46.18000030517578,43.77000045776367,44.45000076293945,34.0098762512207,58265000
2022-07-25,44.380001068115234,44.79999923706055,44.04999923706055,44.7599983215332,34.24706268310547,27180700
2022-07-26,44.5,45.16999816894531,44.27000045776367,44.91999816894531,34.369483947753906,20571800
2022-07-27,44.810001373291016,45.09000015258789,44.45000076293945,44.90999984741211,34.36183166503906,21560500
2022-07-28,44.84000015258789,45.720001220703125,44.75,45.54999923706055,34.85150909423828,22051900
2022-07-29,45.709999084472656,46.5,45.58000183105469,46.189998626708984,35.3411865234375,23129800
2022-08-01,46.290000915527344,46.5,45.91999816894531,46.2599983215332,35.39475631713867,18612100
2022-08-02,46.25,46.43000030517578,45.310001373291016,45.34000015258789,34.690834045410156,18710300
2022-08-03,45.459999084472656,45.61000061035156,45.18000030517578,45.33000183105469,34.68319320678711,17314100
2022-08-04,45.220001220703125,45.220001220703125,44.36000061035156,44.43000030517578,33.994571685791016,29704300
2022-08-05,44.47999954223633,44.97999954223633,44.36000061035156,44.95000076293945,34.39244079589844,17297500
2022-08-08,44.95000076293945,45.0099983215332,44.349998474121094,44.540000915527344,34.078739166259766,20597000
2022-08-09,44.61000061035156,44.849998474121094,44.38999938964844,44.68000030517578,34.185848236083984,14554000
2022-08-10,45.0099983215332,45.060001373291016,44.650001525878906,44.84000015258789,34.30827331542969,16402700
2022-08-11,44.959999084472656,45.2599983215332,44.7400016784668,44.779998779296875,34.26235580444336,15407300
2022-08-12,44.95000076293945,45.2599983215332,44.810001373291016,45.150001525878906,34.54546356201172,15090900
2022-08-15,45.029998779296875,45.63999938964844,44.939998626708984,45.560001373291016,34.85916519165039,15713600
2022-08-16,45.5,46.04999923706055,45.380001068115234,45.79999923706055,35.04280090332031,14112800
2022-08-17,45.43000030517578,45.720001220703125,45.2599983215332,45.34000015258789,34.690834045410156,11294400
2022-08-18,44.41999816894531,44.529998779296875,43.90999984741211,44.189998626708984,33.81093978881836,25957400
2022-08-19,44.099998474121094,44.4900016784668,43.959999084472656,44.41999816894531,33.98691940307617,19485400
2022-08-22,44.400001525878906,44.470001220703125,44.09000015258789,44.16999816894531,33.79563522338867,15031400
2022-08-23,44.0,44.130001068115234,43.41999816894531,43.470001220703125,33.260047912597656,19014200
2022-08-24,43.54999923706055,43.630001068115234,43.220001220703125,43.54999923706055,33.321258544921875,17384400
2022-08-25,43.650001525878906,43.81999969482422,43.41999816894531,43.7400016784668,33.466636657714844,14327600
2022-08-26,43.59000015258789,43.70000076293945,43.2400016784668,43.25,33.09172439575195,16795700
2022-08-29,43.02000045776367,43.56999969482422,43.02000045776367,43.33000183105469,33.15293502807617,15039500
2022-08-30,43.380001068115234,43.380001068115234,42.5,42.529998779296875,32.540828704833984,20705100
2022-08-31,42.470001220703125,42.59000015258789,41.7599983215332,41.810001373291016,31.98993492126465,28368200
2022-09-01,41.63999938964844,42.04999923706055,41.63999938964844,41.810001373291016,31.98993492126465,21641700
2022-09-02,42.0,42.209999084472656,41.150001525878906,41.29999923706055,31.599721908569336,21155700
2022-09-06,41.349998474121094,41.689998626708984,41.09000015258789,41.099998474121094,31.446693420410156,23898600
2022-09-07,41.13999938964844,41.650001525878906,41.0,41.08000183105469,31.431400299072266,25548300
2022-09-08,41.0,41.720001220703125,40.709999084472656,41.31999969482422,31.615032196044922,28753200
2022-09-09,41.68000030517578,42.31999969482422,41.470001220703125,42.2400016784668,32.318946838378906,20259500
2022-09-12,42.59000015258789,42.849998474121094,42.40999984741211,42.7599983215332,32.7168083190918,18553200
2022-09-13,42.400001525878906,42.61000061035156,41.56999969482422,41.75,31.944028854370117,21284500
2022-09-14,41.75,41.93000030517578,40.97999954223633,41.279998779296875,31.58442497253418,23152200
2022-09-15,41.029998779296875,41.27000045776367,40.709999084472656,41.029998779296875,31.393144607543945,22763400
2022-09-16,40.97999954223633,41.540000915527344,40.65999984741211,41.25,31.56147003173828,45069300
2022-09-19,41.060001373291016,41.25,40.689998626708984,41.2400016784668,31.55381965637207,18960900
2022-09-20,40.9900016784668,40.9900016784668,40.470001220703125,40.59000015258789,31.056486129760742,15561200
2022-09-21,40.689998626708984,40.900001525878906,39.470001220703125,39.47999954223633,30.20720100402832,25612100
2022-09-22,39.470001220703125,40.400001525878906,39.2599983215332,39.93000030517578,30.551509857177734,19806400
2022-09-23,39.560001373291016,39.869998931884766,39.11000061035156,39.52000045776367,30.237808227539062,19439700
2022-09-26,39.22999954223633,39.380001068115234,38.630001068115234,38.93000030517578,29.786378860473633,21345700
2022-09-27,39.20000076293945,39.70000076293945,38.779998779296875,38.88999938964844,29.755773544311523,20357700
2022-09-28,39.060001373291016,39.5099983215332,39.0099983215332,39.38999938964844,30.138334274291992,20567400
2022-09-29,39.11000061035156,39.20000076293945,38.45000076293945,38.63999938964844,29.564489364624023,17806900
2022-09-30,38.540000915527344,38.790000915527344,37.95000076293945,37.970001220703125,29.05185890197754,23523600
2022-10-03,38.5,39.369998931884766,38.38999938964844,39.15999984741211,29.96235466003418,21495300
2022-10-04,39.5,39.849998474121094,39.25,39.810001373291016,30.459688186645508,25922500
2022-10-05,39.34000015258789,39.619998931884766,38.869998931884766,39.400001525878906,30.145986557006836,17797900
2022-10-06,39.470001220703125,39.65999984741211,37.77000045776367,37.84000015258789,29.440322875976562,36663300
2022-10-07,37.630001068115234,37.70000076293945,36.810001373291016,36.849998474121094,28.670080184936523,31838700
2022-10-10,37.130001068115234,37.31999969482422,36.369998931884766,36.619998931884766,28.49112892150879,21622200
2022-10-11,36.560001373291016,36.689998626708984,35.93000030517578,35.939998626708984,27.962081909179688,27708900
2022-10-12,35.900001525878906,36.20000076293945,35.599998474121094,35.68000030517578,27.75979232788086,23336800
2022-10-13,35.119998931884766,36.59000015258789,35.040000915527344,36.400001525878906,28.319971084594727,33118100
2022-10-14,36.79999923706055,36.90999984741211,36.34000015258789,36.380001068115234,28.30440902709961,26019000
2022-10-17,36.720001220703125,37.29999923706055,36.59000015258789,37.18000030517578,28.926828384399414,21962900
2022-10-18,37.66999816894531,37.70000076293945,36.83000183105469,37.06999969482422,28.84124183654785,27488600
2022-10-19,36.56999969482422,37.369998931884766,36.560001373291016,36.56999969482422,28.45223617553711,29563600
2022-10-20,36.56999969482422,37.529998779296875,36.54999923706055,37.0,28.786788940429688,35523700
2022-10-21,35.52000045776367,35.70000076293945,34.54999923706055,35.349998474121094,27.503047943115234,51671100
2022-10-24,35.65999984741211,36.38999938964844,35.56999969482422,35.970001220703125,27.985424041748047,28844800
2022-10-25,35.90999984741211,36.47999954223633,35.79999923706055,36.43000030517578,28.34330940246582,25496500
2022-10-26,36.380001068115234,36.709999084472656,36.20000076293945,36.43000030517578,28.34330940246582,20328200
2022-10-27,36.689998626708984,36.720001220703125,36.130001068115234,36.18000030517578,28.148805618286133,20268000
2022-10-28,36.79999923706055,38.040000915527344,36.56999969482422,37.66999816894531,29.30805206298828,31824300
2022-10-31,37.5099983215332,37.540000915527344,37.02000045776367,37.369998931884766,29.07465362548828,26630600
2022-11-01,37.97999954223633,38.09000015258789,37.29999923706055,37.369998931884766,29.07465362548828,22968900
2022-11-02,37.25,38.349998474121094,37.15999984741211,37.709999084472656,29.339176177978516,30648900
2022-11-03,37.36000061035156,37.540000915527344,37.119998931884766,37.150001525878906,28.90349006652832,22329800
2022-11-04,37.349998474121094,37.369998931884766,36.79999923706055,37.2400016784668,28.9735107421875,17599400
2022-11-07,37.31999969482422,37.45000076293945,36.97999954223633,37.189998626708984,28.934608459472656,19697600
2022-11-08,37.20000076293945,37.9900016784668,37.15999984741211,37.869998931884766,29.463659286499023,17392700
2022-11-09,37.91999816894531,38.130001068115234,37.59000015258789,37.619998931884766,29.26915740966797,17574600
2022-11-10,38.29999923706055,38.54999923706055,37.81999969482422,38.52000045776367,29.969377517700195,23049000
2022-11-11,38.54999923706055,38.689998626708984,37.810001373291016,38.29999923706055,29.798208236694336,22981000
2022-11-14,38.45000076293945,38.9900016784668,38.29999923706055,38.310001373291016,29.80599594116211,23028500
2022-11-15,38.4900016784668,38.83000183105469,37.459999084472656,37.70000076293945,29.33139991760254,25074100
2022-11-16,37.65999984741211,38.06999969482422,37.630001068115234,37.880001068115234,29.47144317626953,18962200
2022-11-17,37.54999923706055,38.18000030517578,37.290000915527344,38.15999984741211,29.68929100036621,18780400
2022-11-18,38.290000915527344,38.77000045776367,38.290000915527344,38.54999923706055,29.992713928222656,17821700
2022-11-21,38.599998474121094,39.130001068115234,38.52000045776367,38.619998931884766,30.04717254638672,19184200
2022-11-22,38.84000015258789,39.31999969482422,38.84000015258789,39.20000076293945,30.498430252075195,19809500
2022-11-23,39.029998779296875,39.20000076293945,38.61000061035156,38.91999816894531,30.280582427978516,14170000
2022-11-25,39.099998474121094,39.36000061035156,38.970001220703125,39.02000045776367,30.35838508605957,7725700
2022-11-28,39.0099983215332,39.09000015258789,38.130001068115234,38.2400016784668,29.751537322998047,21560900
2022-11-29,38.02000045776367,38.369998931884766,37.95000076293945,38.34000015258789,29.82933235168457,14008800
2022-11-30,38.209999084472656,39.13999938964844,38.150001525878906,38.97999954223633,30.32726287841797,31358800
2022-12-01,39.18000030517578,39.22999954223633,37.810001373291016,38.33000183105469,29.821556091308594,26276600
2022-12-02,37.93000030517578,38.29999923706055,37.70000076293945,38.18000030517578,29.704851150512695,21677100
2022-12-05,37.97999954223633,38.11000061035156,36.900001525878906,37.06999969482422,28.84124183654785,27561000
2022-12-06,36.9900016784668,37.06999969482422,36.630001068115234,36.88999938964844,28.701200485229492,26293700
2022-12-07,36.7400016784668,37.310001373291016,36.66999816894531,37.16999816894531,28.919042587280273,23065900
2022-12-08,37.11000061035156,37.2400016784668,36.869998931884766,37.099998474121094,28.864585876464844,19549100
2022-12-09,37.209999084472656,37.630001068115234,36.959999084472656,37.400001525878906,29.097993850708008,20671200
2022-12-12,37.689998626708984,37.959999084472656,37.279998779296875,37.95000076293945,29.525907516479492,19629600
2022-12-13,38.38999938964844,38.619998931884766,37.84000015258789,37.86000061035156,29.45588493347168,30176800
2022-12-14,37.869998931884766,38.09000015258789,37.2400016784668,37.45000076293945,29.136899948120117,23329800
2022-12-15,37.75,38.34000015258789,37.65999984741211,37.77000045776367,29.385862350463867,33007200
2022-12-16,37.5099983215332,37.56999969482422,36.66999816894531,37.119998931884766,28.880144119262695,62763800
2022-12-19,37.33000183105469,37.470001220703125,36.58000183105469,37.029998779296875,28.81011962890625,26127200
2022-12-20,36.9900016784668,37.209999084472656,36.619998931884766,36.9900016784668,28.779003143310547,24147300
2022-12-21,37.27000045776367,37.849998474121094,37.2400016784668,37.779998779296875,29.393638610839844,24504300
2022-12-22,37.68000030517578,38.31999969482422,37.369998931884766,38.310001373291016,29.80599594116211,26865300
2022-12-23,38.310001373291016,38.540000915527344,37.91999816894531,38.40999984741211,29.883790969848633,16918300
2022-12-27,38.4900016784668,39.400001525878906,38.31999969482422,39.25,30.537336349487305,25315900
2022-12-28,39.189998626708984,39.65999984741211,38.59000015258789,38.810001373291016,30.19500732421875,21793200
2022-12-29,38.900001525878906,39.529998779296875,38.810001373291016,39.2599983215332,30.545114517211914,17347000
2022-12-30,39.310001373291016,39.689998626708984,39.06999969482422,39.400001525878906,30.654035568237305,44007200
2023-01-03,39.77000045776367,40.22999954223633,39.380001068115234,40.119998931884766,31.214214324951172,31330700
2023-01-04,40.540000915527344,41.41999816894531,40.2599983215332,41.130001068115234,32.0000114440918,28779500
2023-01-05,41.20000076293945,41.95000076293945,40.81999969482422,41.70000076293945,32.4434814453125,29987200
2023-01-06,41.91999816894531,42.58000183105469,41.880001068115234,42.189998626708984,32.82471466064453,26010400
2023-01-09,41.380001068115234,41.66999816894531,41.310001373291016,41.369998931884766,32.6927375793457,23062200
2023-01-10,41.36000061035156,41.97999954223633,41.16999816894531,41.95000076293945,33.151084899902344,16695300
2023-01-11,42.13999938964844,42.18000030517578,41.02000045776367,41.18000030517578,32.5425910949707,20674800
2023-01-12,41.380001068115234,41.95000076293945,41.119998931884766,41.810001373291016,33.040443420410156,16980300
2023-01-13,41.650001525878906,41.91999816894531,41.369998931884766,41.86000061035156,33.07996368408203,17229800
2023-01-17,41.849998474121094,41.91999816894531,40.790000915527344,40.849998474121094,32.28180694580078,28697000
2023-01-18,40.86000061035156,40.86000061035156,39.81999969482422,39.970001220703125,31.586387634277344,22976500
2023-01-19,39.709999084472656,40.279998779296875,39.470001220703125,40.060001373291016,31.657512664794922,24812600
2023-01-20,40.040000915527344,40.119998931884766,39.459999084472656,40.0,31.61009979248047,23377900
2023-01-23,39.9900016784668,40.34000015258789,39.41999816894531,39.630001068115234,31.317703247070312,34249300
2023-01-24,38.689998626708984,40.72999954223633,38.40999984741211,40.41999816894531,31.941999435424805,32143900
2023-01-25,40.540000915527344,41.09000015258789,39.90999984741211,40.33000183105469,31.870878219604492,26527000
2023-01-26,40.380001068115234,40.56999969482422,39.93000030517578,40.27000045776367,31.823467254638672,19568100
2023-01-27,40.220001220703125,40.68000030517578,39.77000045776367,40.63999938964844,32.1158561706543,17254000
2023-01-30,40.84000015258789,41.2599983215332,40.70000076293945,41.04999923706055,32.43985366821289,22272600
2023-01-31,41.08000183105469,41.58000183105469,41.0099983215332,41.56999969482422,32.850791931152344,18665200
2023-02-01,41.9900016784668,42.0,41.130001068115234,41.689998626708984,32.94561767578125,19542000
2023-02-02,41.7400016784668,41.93000030517578,41.20000076293945,41.83000183105469,33.05625915527344,18443800
2023-02-03,41.779998779296875,41.970001220703125,41.13999938964844,41.5099983215332,32.803375244140625,18314400
2023-02-06,41.5099983215332,41.59000015258789,40.900001525878906,41.279998779296875,32.62161636352539,15530700
2023-02-07,40.9900016784668,41.209999084472656,40.119998931884766,40.54999923706055,32.04472732543945,21668500
2023-02-08,40.529998779296875,40.70000076293945,40.119998931884766,40.52000045776367,32.021026611328125,14080200
2023-02-09,40.619998931884766,40.65999984741211,39.75,39.810001373291016,31.459945678710938,17485700
2023-02-10,40.0,40.06999969482422,39.720001220703125,40.0099983215332,31.617998123168945,15398500
2023-02-13,40.0099983215332,40.470001220703125,39.880001068115234,40.31999969482422,31.86298179626465,14486000
2023-02-14,40.459999084472656,40.58000183105469,39.90999984741211,40.33000183105469,31.870878219604492,12292400
2023-02-15,40.22999954223633,40.400001525878906,40.099998474121094,40.380001068115234,31.910388946533203,11265200
2023-02-16,40.060001373291016,40.209999084472656,39.70000076293945,39.84000015258789,31.48365592956543,16625900
2023-02-17,39.84000015258789,40.38999938964844,39.65999984741211,40.220001220703125,31.78395652770996,15029200
2023-02-21,39.900001525878906,39.97999954223633,39.15999984741211,39.20000076293945,30.97789764404297,17805500
2023-02-22,39.380001068115234,39.59000015258789,39.029998779296875,39.279998779296875,31.041112899780273,15086800
2023-02-23,39.119998931884766,39.31999969482422,38.52000045776367,38.529998779296875,30.44842529296875,16738200
2023-02-24,38.22999954223633,38.7599983215332,38.09000015258789,38.7400016784668,30.6143798828125,16431500
2023-02-27,38.9900016784668,39.150001525878906,38.630001068115234,38.880001068115234,30.72501564025879,14210900
2023-02-28,38.70000076293945,38.970001220703125,38.54999923706055,38.810001373291016,30.669692993164062,16685300
2023-03-01,38.709999084472656,38.709999084472656,38.150001525878906,38.29999923706055,30.266666412353516,18411700
2023-03-02,38.099998474121094,38.459999084472656,37.939998626708984,38.40999984741211,30.353593826293945,18818900
2023-03-03,38.439998626708984,38.5099983215332,38.060001373291016,38.2599983215332,30.235055923461914,23407500
2023-03-06,38.369998931884766,38.630001068115234,38.04999923706055,38.150001525878906,30.148128509521484,22925600
2023-03-07,38.099998474121094,38.150001525878906,37.43000030517578,37.90999984741211,29.958467483520508,23713500
2023-03-08,37.79999923706055,37.810001373291016,37.349998474121094,37.529998779296875,29.658170700073242,20295600
2023-03-09,37.599998474121094,37.650001525878906,36.52000045776367,36.54999923706055,28.88372230529785,26506900
2023-03-10,36.63999938964844,36.91999816894531,36.40999984741211,36.68000030517578,28.986459732055664,23940700
2023-03-13,36.540000915527344,37.33000183105469,36.38999938964844,36.540000915527344,28.875825881958008,21834500
2023-03-14,36.65999984741211,36.939998626708984,36.5,36.880001068115234,29.14451026916504,22433200
2023-03-15,36.689998626708984,37.2599983215332,36.52000045776367,37.060001373291016,29.28675651550293,21722200
2023-03-16,36.81999969482422,36.880001068115234,36.439998626708984,36.58000183105469,28.90743637084961,29164400
2023-03-17,36.54999923706055,36.83000183105469,36.15999984741211,36.790000915527344,29.073381423950195,47352500
2023-03-20,36.959999084472656,37.709999084472656,36.93000030517578,37.43000030517578,29.579143524169922,19247800
2023-03-21,37.720001220703125,37.77000045776367,37.36000061035156,37.7400016784668,29.824127197265625,16648100
2023-03-22,37.790000915527344,37.95000076293945,37.290000915527344,37.310001373291016,29.48431396484375,15321800
2023-03-23,37.29999923706055,37.630001068115234,37.15999984741211,37.369998931884766,29.53173828125,15799000
2023-03-24,37.529998779296875,37.70000076293945,37.25,37.65999984741211,29.760902404785156,14957700
2023-03-27,37.9900016784668,38.220001220703125,37.70000076293945,38.04999923706055,30.069103240966797,14472800
2023-03-28,38.02000045776367,38.310001373291016,37.91999816894531,38.0,30.029586791992188,13092600
2023-03-29,38.310001373291016,38.5099983215332,38.15999984741211,38.47999954223633,30.408912658691406,12308900
2023-03-30,38.54999923706055,38.75,38.439998626708984,38.65999984741211,30.551156997680664,13918700
2023-03-31,38.790000915527344,39.04999923706055,38.54999923706055,38.88999938964844,30.732913970947266,22801500
2023-04-03,39.04999923706055,39.58000183105469,39.02000045776367,39.220001220703125,30.993698120117188,19354900
2023-04-04,39.290000915527344,39.650001525878906,39.209999084472656,39.650001525878906,31.333513259887695,18577100
2023-04-05,39.72999954223633,40.2400016784668,39.56999969482422,40.11000061035156,31.697019577026367,23561300
2023-04-06,39.5,39.779998779296875,39.15999984741211,39.47999954223633,31.715499877929688,21546600
2023-04-10,39.209999084472656,39.349998474121094,38.9900016784668,39.349998474121094,31.611072540283203,16114300
2023-04-11,39.33000183105469,39.70000076293945,39.27000045776367,39.45000076293945,31.691404342651367,12539700
2023-04-12,39.369998931884766,39.630001068115234,39.099998474121094,39.20000076293945,31.490570068359375,13095200
2023-04-13,39.189998626708984,39.31999969482422,38.91999816894531,39.31999969482422,31.58696937561035,13515800
2023-04-14,39.369998931884766,39.41999816894531,38.88999938964844,39.220001220703125,31.506633758544922,11008400
2023-04-17,39.220001220703125,39.5099983215332,39.13999938964844,39.459999084472656,31.69943618774414,11572900
2023-04-18,39.470001220703125,39.4900016784668,38.900001525878906,38.939998626708984,31.281702041625977,16588500
2023-04-19,38.91999816894531,38.9900016784668,38.52000045776367,38.599998474121094,31.00856590270996,17701200
2023-04-20,37.65999984741211,37.79999923706055,36.97999954223633,37.189998626708984,29.875871658325195,31521300
2023-04-21,37.43000030517578,37.43000030517578,37.04999923706055,37.31999969482422,29.98030662536621,23823800
2023-04-24,37.189998626708984,37.4900016784668,36.97999954223633,37.099998474121094,29.80357551574707,20362500
2023-04-25,36.709999084472656,37.36000061035156,36.56999969482422,37.29999923706055,29.964237213134766,24959400
2023-04-26,37.099998474121094,37.439998626708984,36.81999969482422,36.91999816894531,29.658966064453125,21499300
2023-04-27,37.20000076293945,38.810001373291016,37.130001068115234,38.790000915527344,31.16120147705078,28841000
2023-04-28,38.560001373291016,39.0,38.459999084472656,38.83000183105469,31.19333839416504,19197500
2023-05-01,39.16999816894531,39.18000030517578,38.68000030517578,38.709999084472656,31.096939086914062,17043500
2023-05-02,38.470001220703125,38.5099983215332,37.4900016784668,37.66999816894531,30.261470794677734,17268700
2023-05-03,37.959999084472656,38.29999923706055,37.61000061035156,37.97999954223633,30.5105037689209,16703200
2023-05-04,37.86000061035156,37.959999084472656,37.290000915527344,37.349998474121094,30.004404067993164,16163100
2023-05-05,37.52000045776367,37.84000015258789,37.15999984741211,37.83000183105469,30.390003204345703,15817400
2023-05-08,37.68000030517578,37.90999984741211,37.439998626708984,37.83000183105469,30.390003204345703,10672400
2023-05-09,37.81999969482422,37.81999969482422,37.43000030517578,37.56999969482422,30.18113899230957,12226800
2023-05-10,37.810001373291016,37.83000183105469,37.290000915527344,37.630001068115234,30.229339599609375,14427500
2023-05-11,37.40999984741211,37.63999938964844,37.31999969482422,37.599998474121094,30.20523452758789,11068700
2023-05-12,37.63999938964844,37.7400016784668,37.40999984741211,37.59000015258789,30.197206497192383,10670700
2023-05-15,37.630001068115234,37.630001068115234,36.720001220703125,36.77000045776367,29.538476943969727,20408700
2023-05-16,36.619998931884766,36.779998779296875,36.040000915527344,36.04999923706055,28.96007537841797,20244700
2023-05-17,36.220001220703125,36.34000015258789,36.040000915527344,36.18000030517578,29.06450080871582,16741100
2023-05-18,36.0099983215332,36.16999816894531,35.720001220703125,36.130001068115234,29.024343490600586,20365900
2023-05-19,36.220001220703125,36.52000045776367,36.029998779296875,36.04999923706055,28.96007537841797,16829200
2023-05-22,36.25,36.33000183105469,35.90999984741211,35.959999084472656,28.887781143188477,16634300
2023-05-23,35.939998626708984,36.90999984741211,35.79999923706055,36.2400016784668,29.11271095275879,21539700
2023-05-24,36.22999954223633,36.25,35.849998474121094,35.869998931884766,28.815473556518555,16044200
2023-05-25,35.540000915527344,35.560001373291016,34.7400016784668,34.81999969482422,27.971975326538086,32465900
2023-05-26,34.84000015258789,35.060001373291016,34.66999816894531,35.0,28.116580963134766,18216700
2023-05-30,34.970001220703125,35.130001068115234,34.779998779296875,34.900001525878906,28.03624725341797,19353300
2023-05-31,34.86000061035156,35.97999954223633,34.86000061035156,35.630001068115234,28.622676849365234,53756700
2023-06-01,35.599998474121094,35.900001525878906,35.41999816894531,35.720001220703125,28.694976806640625,20565300
2023-06-02,34.400001525878906,34.900001525878906,33.720001220703125,34.58000183105469,27.7791805267334,61527900
2023-06-05,34.779998779296875,35.150001525878906,34.45000076293945,34.459999084472656,27.682777404785156,30125600
2023-06-06,34.5,34.7400016784668,34.33000183105469,34.70000076293945,27.875581741333008,18406700
2023-06-07,34.720001220703125,35.279998779296875,34.630001068115234,35.2599983215332,28.325441360473633,25494100
2023-06-08,35.2400016784668,35.439998626708984,34.97999954223633,35.43000030517578,28.462011337280273,17749700
2023-06-09,35.459999084472656,35.619998931884766,35.2599983215332,35.470001220703125,28.494150161743164,14953900
2023-06-12,35.65999984741211,35.779998779296875,35.36000061035156,35.61000061035156,28.606613159179688,14044500
2023-06-13,35.5,35.790000915527344,35.41999816894531,35.47999954223633,28.502180099487305,17706700
2023-06-14,35.630001068115234,35.97999954223633,35.619998931884766,35.72999954223633,28.703012466430664,16538700
2023-06-15,35.7599983215332,36.470001220703125,35.68000030517578,36.439998626708984,29.273372650146484,18890900
2023-06-16,36.52000045776367,36.689998626708984,36.16999816894531,36.459999084472656,29.28944206237793,36102100
2023-06-20,36.08000183105469,36.16999816894531,35.779998779296875,35.810001373291016,28.767282485961914,17687900
2023-06-21,35.70000076293945,35.970001220703125,35.5,35.83000183105469,28.783342361450195,17121200
2023-06-22,35.81999969482422,35.91999816894531,35.56999969482422,35.849998474121094,28.799407958984375,12431200
2023-06-23,35.95000076293945,36.08000183105469,35.47999954223633,35.5099983215332,28.526275634765625,18991500
2023-06-26,35.65999984741211,36.13999938964844,35.5,36.11000061035156,29.008275985717773,15840000
2023-06-27,36.369998931884766,36.68000030517578,36.220001220703125,36.54999923706055,29.361738204956055,17757800
2023-06-28,36.5,36.86000061035156,36.2400016784668,36.81999969482422,29.578638076782227,16756400
2023-06-29,36.790000915527344,37.02000045776367,36.65999984741211,36.9900016784668,29.715208053588867,16740800
2023-06-30,37.0,37.25,36.849998474121094,37.189998626708984,29.875871658325195,19098300
2023-07-03,37.16999816894531,37.380001068115234,36.959999084472656,37.279998779296875,29.94817543029785,10367100
2023-07-05,37.279998779296875,37.68000030517578,37.22999954223633,37.47999954223633,30.108842849731445,19868300
2023-07-06,37.400001525878906,37.40999984741211,37.060001373291016,37.130001068115234,29.827669143676758,21558200
2023-07-07,36.220001220703125,36.349998474121094,35.869998931884766,35.900001525878906,29.355852127075195,20482700
2023-07-10,35.91999816894531,35.959999084472656,35.0,35.13999938964844,28.734394073486328,30326400
2023-07-11,35.119998931884766,35.220001220703125,34.709999084472656,34.9900016784668,28.611736297607422,28340300
2023-07-12,35.099998474121094,35.2400016784668,34.709999084472656,34.86000061035156,28.505434036254883,27299600
2023-07-13,34.81999969482422,34.86000061035156,34.41999816894531,34.63999938964844,28.32553482055664,25641900
2023-07-14,34.43000030517578,34.5,33.95000076293945,34.0099983215332,27.81037712097168,31576000
2023-07-17,33.650001525878906,33.650001525878906,31.25,31.459999084472656,25.72521209716797,97510600
2023-07-18,32.02000045776367,33.150001525878906,31.969999313354492,32.27000045776367,26.38755989074707,79722200
2023-07-19,33.709999084472656,34.15999984741211,33.15999984741211,33.970001220703125,27.77766990661621,61881000
2023-07-20,33.900001525878906,34.0,33.5099983215332,33.63999938964844,27.507822036743164,32839900
2023-07-21,33.5099983215332,33.939998626708984,33.36000061035156,33.880001068115234,27.70407485961914,25179400
2023-07-24,33.880001068115234,34.599998474121094,33.709999084472656,33.97999954223633,27.785844802856445,30784200
2023-07-25,34.63999938964844,34.95000076293945,33.720001220703125,34.2400016784668,27.99845314025879,35719500
2023-07-26,33.849998474121094,34.61000061035156,33.77000045776367,34.34000015258789,28.080223083496094,27916000
2023-07-27,34.22999954223633,34.61000061035156,33.540000915527344,33.54999923706055,27.43423080444336,28097500
2023-07-28,33.66999816894531,34.31999969482422,33.65999984741211,34.029998779296875,27.826730728149414,30642100
2023-07-31,34.0,34.119998931884766,33.84000015258789,34.08000183105469,27.867616653442383,24500400
2023-08-01,34.290000915527344,34.29999923706055,33.31999969482422,33.43000030517578,27.33610725402832,27289500
2023-08-02,33.470001220703125,33.70000076293945,33.220001220703125,33.31999969482422,27.24615478515625,20481600
2023-08-03,33.04999923706055,33.25,32.72999954223633,33.060001373291016,27.033554077148438,20465700
2023-08-04,33.0,33.029998779296875,32.529998779296875,32.619998931884766,26.67375946044922,24584000
2023-08-07,32.650001525878906,32.83000183105469,32.18000030517578,32.529998779296875,26.600160598754883,24314000
2023-08-08,32.45000076293945,32.810001373291016,32.43000030517578,32.56999969482422,26.63287353515625,22178900
2023-08-09,32.5099983215332,32.83000183105469,32.34000015258789,32.709999084472656,26.747350692749023,20798500
2023-08-10,32.849998474121094,33.31999969482422,32.81999969482422,33.02000045776367,27.00084686279297,19031600
2023-08-11,32.959999084472656,33.41999816894531,32.95000076293945,33.36000061035156,27.278867721557617,15271400
2023-08-14,33.189998626708984,33.59000015258789,33.13999938964844,33.560001373291016,27.442407608032227,17934000
2023-08-15,33.349998474121094,33.5099983215332,33.209999084472656,33.2599983215332,27.197092056274414,15528600
2023-08-16,33.29999923706055,33.63999938964844,33.13999938964844,33.27000045776367,27.20526885986328,17395100
2023-08-17,33.36000061035156,33.47999954223633,32.849998474121094,33.060001373291016,27.033554077148438,19128000
2023-08-18,32.86000061035156,33.41999816894531,32.86000061035156,33.18000030517578,27.131677627563477,21722700
2023-08-21,33.150001525878906,33.220001220703125,32.77000045776367,33.0,26.98448944091797,27074400
2023-08-22,33.08000183105469,33.31999969482422,32.88999938964844,33.20000076293945,27.14803123474121,21722000
2023-08-23,33.20000076293945,33.369998931884766,33.0099983215332,33.189998626708984,27.139856338500977,15766400
2023-08-24,33.0099983215332,33.58000183105469,33.0,33.380001068115234,27.29522132873535,18561400
2023-08-25,33.33000183105469,33.52000045776367,33.02000045776367,33.349998474121094,27.27068328857422,14912100
2023-08-28,33.47999954223633,33.619998931884766,33.2599983215332,33.54999923706055,27.43423080444336,16050400
2023-08-29,33.9900016784668,34.75,33.95000076293945,34.689998626708984,28.366418838500977,28782800
2023-08-30,34.88999938964844,34.95000076293945,34.54999923706055,34.63999938964844,28.32553482055664,15021400
2023-08-31,34.849998474121094,35.13999938964844,34.7599983215332,34.97999954223633,28.603559494018555,24333200
2023-09-01,34.9900016784668,35.150001525878906,34.84000015258789,34.86000061035156,28.505434036254883,14748700
2023-09-05,34.849998474121094,35.06999969482422,34.29999923706055,34.29999923706055,28.04751205444336,17486000
2023-09-06,34.099998474121094,34.439998626708984,33.9900016784668,34.18000030517578,27.94938850402832,19187100
2023-09-07,34.18000030517578,34.52000045776367,33.75,33.810001373291016,27.64683723449707,26605800
2023-09-08,33.810001373291016,33.83000183105469,33.22999954223633,33.45000076293945,27.352455139160156,24872400
2023-09-11,33.70000076293945,34.09000015258789,33.58000183105469,33.939998626708984,27.75313949584961,18883900
2023-09-12,34.130001068115234,34.18000030517578,33.79999923706055,34.040000915527344,27.83491325378418,15784400
2023-09-13,34.29999923706055,34.29999923706055,33.5099983215332,33.86000061035156,27.687721252441406,21027900
2023-09-14,34.27000045776367,34.380001068115234,33.939998626708984,34.040000915527344,27.83491325378418,26570100
2023-09-15,33.959999084472656,34.16999816894531,33.65999984741211,33.790000915527344,27.630481719970703,38205200
2023-09-18,33.900001525878906,33.970001220703125,33.52000045776367,33.529998779296875,27.417877197265625,16233700
2023-09-19,33.58000183105469,33.72999954223633,33.25,33.400001525878906,27.311574935913086,23379300
2023-09-20,33.58000183105469,33.939998626708984,33.36000061035156,33.599998474121094,27.475114822387695,23742000
2023-09-21,33.52000045776367,33.849998474121094,33.2599983215332,33.290000915527344,27.221622467041016,17993800
2023-09-22,33.2599983215332,33.5099983215332,32.93000030517578,33.279998779296875,27.21344566345215,22740000
2023-09-25,33.16999816894531,33.25,32.869998931884766,33.15999984741211,27.115324020385742,17616900
2023-09-26,32.88999938964844,33.16999816894531,32.810001373291016,32.9900016784668,26.9763126373291,18841600
2023-09-27,32.95000076293945,33.0099983215332,32.310001373291016,32.400001525878906,26.493864059448242,22083500
2023-09-28,32.400001525878906,32.619998931884766,32.400001525878906,32.54999923706055,26.616514205932617,18772100
2023-09-29,32.619998931884766,32.75,32.369998931884766,32.40999984741211,26.50204086303711,19787600
2023-10-02,32.439998626708984,32.470001220703125,31.729999542236328,31.760000228881836,25.970523834228516,24722600
2023-10-03,31.700000762939453,32.0099983215332,31.610000610351562,31.979999542236328,26.150421142578125,21389400
2023-10-04,31.790000915527344,31.969999313354492,31.399999618530273,31.540000915527344,25.790630340576172,23694100
2023-10-05,31.559999465942383,31.920000076293945,31.3799991607666,31.81999969482422,26.01958465576172,22774400
2023-10-06,30.940000534057617,31.0,30.139999389648438,30.850000381469727,25.764860153198242,31291800
2023-10-09,30.739999771118164,31.5,30.739999771118164,31.450000762939453,26.26596450805664,20344300
2023-10-10,31.479999542236328,31.799999237060547,31.31999969482422,31.760000228881836,26.524866104125977,19151900
2023-10-11,31.829999923706055,31.969999313354492,31.40999984741211,31.459999084472656,26.274311065673828,15694200
2023-10-12,31.329999923706055,31.3700008392334,30.649999618530273,30.90999984741211,25.814973831176758,21718300
2023-10-13,31.079999923706055,31.389999389648438,30.639999389648438,30.670000076293945,25.614534378051758,24528400
2023-10-16,30.84000015258789,31.31999969482422,30.6200008392334,31.25,26.098926544189453,21087900
2023-10-17,31.110000610351562,31.540000915527344,31.100000381469727,31.510000228881836,26.316072463989258,21186000
2023-10-18,31.420000076293945,31.479999542236328,30.989999771118164,31.049999237060547,25.931894302368164,22024300
2023-10-19,31.420000076293945,31.969999313354492,31.399999618530273,31.579999923706055,26.37453269958496,28806600
2023-10-20,31.56999969482422,32.13999938964844,31.549999237060547,31.56999969482422,26.36618423461914,27271200
2023-10-23,31.479999542236328,31.65999984741211,31.260000228881836,31.389999389648438,26.215852737426758,31725800
2023-10-24,33.150001525878906,34.459999084472656,32.970001220703125,34.29999923706055,28.64617919921875,61617900
2023-10-25,34.5,34.61000061035156,33.599998474121094,33.689998626708984,28.136730194091797,30832800
2023-10-26,33.65999984741211,34.70000076293945,33.63999938964844,34.470001220703125,28.788166046142578,34367000
2023-10-27,34.380001068115234,34.59000015258789,33.34000015258789,33.439998626708984,27.927942276000977,23924800
2023-10-30,33.84000015258789,34.79999923706055,33.84000015258789,34.619998931884766,28.913440704345703,31497700
2023-10-31,34.709999084472656,35.209999084472656,34.66999816894531,35.130001068115234,29.339372634887695,28903400
2023-11-01,35.40999984741211,35.560001373291016,35.150001525878906,35.400001525878906,29.56486701965332,26071200
2023-11-02,35.310001373291016,35.939998626708984,35.310001373291016,35.900001525878906,29.982450485229492,24946000
2023-11-03,35.9900016784668,36.369998931884766,35.939998626708984,36.02000045776367,30.082672119140625,23323200
2023-11-06,35.97999954223633,36.029998779296875,35.619998931884766,35.63999938964844,29.765308380126953,15544000
2023-11-07,35.70000076293945,36.099998474121094,35.650001525878906,35.939998626708984,30.015850067138672,17654600
2023-11-08,35.939998626708984,35.97999954223633,35.599998474121094,35.77000045776367,29.87387466430664,16971500
2023-11-09,35.869998931884766,36.04999923706055,35.459999084472656,35.619998931884766,29.74860191345215,15685800
2023-11-10,35.90999984741211,35.91999816894531,35.400001525878906,35.709999084472656,29.823772430419922,12791200
2023-11-13,35.63999938964844,36.18000030517578,35.40999984741211,35.81999969482422,29.915634155273438,17236700
2023-11-14,36.0099983215332,36.099998474121094,35.810001373291016,35.880001068115234,29.965749740600586,17667100
2023-11-15,35.880001068115234,36.11000061035156,35.84000015258789,36.0,30.06596565246582,22855500
2023-11-16,36.08000183105469,36.380001068115234,35.93000030517578,36.18000030517578,30.216299057006836,19110800
2023-11-17,36.380001068115234,36.380001068115234,36.08000183105469,36.22999954223633,30.258060455322266,19355200
2023-11-20,36.279998779296875,36.869998931884766,36.20000076293945,36.72999954223633,30.675642013549805,18656400
2023-11-21,36.86000061035156,37.45000076293945,36.849998474121094,37.25,31.109920501708984,22946400
2023-11-22,37.33000183105469,37.52000045776367,37.220001220703125,37.349998474121094,31.193445205688477,14613100
2023-11-24,37.45000076293945,37.56999969482422,37.29999923706055,37.40999984741211,31.24355125427246,6766700
2023-11-27,37.45000076293945,37.540000915527344,37.290000915527344,37.349998474121094,31.193445205688477,15245300
2023-11-28,37.349998474121094,37.5099983215332,37.20000076293945,37.470001220703125,31.29366111755371,14521700
2023-11-29,37.529998779296875,37.88999938964844,37.529998779296875,37.7599983215332,31.535856246948242,16387400
2023-11-30,37.83000183105469,38.439998626708984,37.81999969482422,38.33000183105469,32.011905670166016,36623500
2023-12-01,38.400001525878906,38.61000061035156,38.27000045776367,38.58000183105469,32.220699310302734,20762500
2023-12-04,38.400001525878906,38.56999969482422,38.029998779296875,38.040000915527344,31.76970863342285,22109200
2023-12-05,38.349998474121094,38.54999923706055,38.09000015258789,38.41999816894531,32.08706283569336,23003300
2023-12-06,38.25,38.880001068115234,38.08000183105469,38.5,32.15388488769531,20218500
2023-12-07,38.54999923706055,38.72999954223633,38.29999923706055,38.650001525878906,32.27915954589844,15223200
2023-12-08,38.65999984741211,38.68000030517578,38.0099983215332,38.25,31.945091247558594,21850400
2023-12-11,38.290000915527344,38.38999938964844,37.47999954223633,37.66999816894531,31.46068572998047,21914500
2023-12-12,37.56999969482422,37.63999938964844,37.16999816894531,37.29999923706055,31.15167808532715,17096700
2023-12-13,37.08000183105469,37.150001525878906,36.459999084472656,36.9900016784668,30.892778396606445,32473200
2023-12-14,37.25,37.97999954223633,37.18000030517578,37.869998931884766,31.627729415893555,28551600
2023-12-15,37.54999923706055,37.83000183105469,37.13999938964844,37.369998931884766,31.21014404296875,51721600
2023-12-18,37.720001220703125,37.79999923706055,37.27000045776367,37.66999816894531,31.46068572998047,22057200
2023-12-19,37.599998474121094,37.7400016784668,37.4900016784668,37.56999969482422,31.377174377441406,17642500
2023-12-20,37.5,37.72999954223633,37.279998779296875,37.29999923706055,31.15167808532715,18134600
2023-12-21,37.349998474121094,37.54999923706055,37.209999084472656,37.43000030517578,31.260251998901367,15421000
2023-12-22,37.41999816894531,37.779998779296875,37.400001525878906,37.4900016784668,31.310365676879883,13171600
2023-12-26,37.439998626708984,37.63999938964844,37.310001373291016,37.47999954223633,31.30200958251953,11856600
2023-12-27,37.33000183105469,37.459999084472656,37.20000076293945,37.310001373291016,31.160037994384766,15267600
2023-12-28,37.18000030517578,37.720001220703125,37.150001525878906,37.4900016784668,31.310365676879883,14931700
2023-12-29,37.380001068115234,37.7599983215332,37.31999969482422,37.70000076293945,31.485750198364258,16222700
2024-01-02,37.72999954223633,38.970001220703125,37.68000030517578,38.880001068115234,32.47124481201172,23810900
2024-01-03,39.529998779296875,39.720001220703125,39.130001068115234,39.15999984741211,32.7050895690918,26263900
2024-01-04,39.68000030517578,39.849998474121094,39.36000061035156,39.369998931884766,32.880470275878906,24214600
2024-01-05,39.470001220703125,40.369998931884766,39.29999923706055,40.20000076293945,33.57366943359375,30276700
2024-01-08,40.150001525878906,40.2599983215332,39.47999954223633,40.099998474121094,33.490142822265625,28483000
2024-01-09,39.25,39.25,38.77000045776367,39.040000915527344,33.15470504760742,17880100
2024-01-10,39.08000183105469,39.099998474121094,38.65999984741211,39.08000183105469,33.18867111206055,16354700
2024-01-11,39.029998779296875,39.029998779296875,37.560001373291016,37.900001525878906,32.18655014038086,31289800
2024-01-12,38.189998626708984,38.77000045776367,38.16999816894531,38.560001373291016,32.7470588684082,18774800
2024-01-16,38.58000183105469,39.349998474121094,38.349998474121094,39.290000915527344,33.36700439453125,31039400
2024-01-17,38.720001220703125,39.43000030517578,38.66999816894531,38.869998931884766,33.01032257080078,21377100
2024-01-18,38.529998779296875,39.0099983215332,38.459999084472656,38.939998626708984,33.06977081298828,17112800
2024-01-19,39.06999969482422,39.43000030517578,38.689998626708984,39.33000183105469,33.400978088378906,20561700
2024-01-22,39.400001525878906,39.720001220703125,39.310001373291016,39.58000183105469,33.6132926940918,26039200
2024-01-23,41.06999969482422,42.25,40.59000015258789,42.22999954223633,35.86379623413086,49713700
2024-01-24,42.22999954223633,42.34000015258789,41.189998626708984,41.279998779296875,35.05701446533203,27910400
2024-01-25,41.45000076293945,42.29999923706055,41.33000183105469,42.290000915527344,35.91475296020508,24613200
2024-01-26,42.290000915527344,42.4900016784668,42.099998474121094,42.400001525878906,36.0081672668457,20367200
2024-01-29,42.119998931884766,42.38999938964844,41.65999984741211,42.04999923706055,35.710933685302734,23905700
2024-01-30,42.0,42.599998474121094,41.810001373291016,42.470001220703125,36.06761932373047,20044600
2024-01-31,42.189998626708984,43.209999084472656,42.040000915527344,42.349998474121094,35.965702056884766,23392300
2024-02-01,42.68000030517578,42.720001220703125,41.970001220703125,42.4900016784668,36.0845947265625,19586500
2024-02-02,42.20000076293945,42.470001220703125,41.83000183105469,42.130001068115234,35.778873443603516,21548600
2024-02-05,42.0,42.18000030517578,41.279998779296875,41.380001068115234,35.14193344116211,20466200
2024-02-06,41.38999938964844,41.56999969482422,40.95000076293945,41.099998474121094,34.904144287109375,17517600
2024-02-07,41.099998474121094,41.13999938964844,40.36000061035156,40.41999816894531,34.32665252685547,21815600
2024-02-08,40.29999923706055,40.369998931884766,39.439998626708984,39.90999984741211,33.89353942871094,19523500
2024-02-09,39.900001525878906,40.09000015258789,39.2599983215332,39.720001220703125,33.73218536376953,18479400
2024-02-12,39.72999954223633,40.16999816894531,39.529998779296875,40.099998474121094,34.054893493652344,15060500
2024-02-13,40.20000076293945,40.459999084472656,39.68000030517578,40.130001068115234,34.08037567138672,14483600
2024-02-14,40.380001068115234,40.540000915527344,39.970001220703125,40.150001525878906,34.09736251831055,12443200
2024-02-15,40.209999084472656,40.619998931884766,40.18000030517578,40.59000015258789,34.47102737426758,12081400
2024-02-16,40.290000915527344,40.66999816894531,39.7400016784668,40.4900016784668,34.38610076904297,12645500
2024-02-20,40.40999984741211,40.90999984741211,40.27000045776367,40.5,34.394596099853516,12069500
2024-02-21,40.4900016784668,41.119998931884766,40.369998931884766,41.099998474121094,34.904144287109375,16268200
2024-02-22,40.75,40.93000030517578,40.11000061035156,40.72999954223633,34.58992385864258,22068900
2024-02-23,40.630001068115234,41.150001525878906,40.459999084472656,40.65999984741211,34.53047561645508,15228600
2024-02-26,40.599998474121094,40.630001068115234,39.43000030517578,39.689998626708984,33.70670700073242,25108400
2024-02-27,39.68000030517578,39.97999954223633,39.43000030517578,39.93000030517578,33.91053009033203,17074100
2024-02-28,39.959999084472656,40.209999084472656,39.86000061035156,40.099998474121094,34.054893493652344,12437000
2024-02-29,40.099998474121094,40.22999954223633,39.849998474121094,40.02000045776367,33.98695755004883,20486500
2024-03-01,39.9900016784668,40.290000915527344,39.77000045776367,40.20000076293945,34.13983154296875,12130900
2024-03-04,39.91999816894531,40.33000183105469,39.5099983215332,40.310001373291016,34.23324203491211,18753900
2024-03-05,40.349998474121094,40.959999084472656,39.91999816894531,40.349998474121094,34.2672119140625,20640100
2024-03-06,40.349998474121094,40.369998931884766,39.77000045776367,39.93000030517578,33.91053009033203,16331100
2024-03-07,40.099998474121094,40.279998779296875,39.380001068115234,39.529998779296875,33.57082748413086,17100600
2024-03-08,39.61000061035156,39.880001068115234,39.38999938964844,39.5099983215332,33.553836822509766,17807900
2024-03-11,39.56999969482422,40.22999954223633,39.560001373291016,40.130001068115234,34.08037567138672,12344600
2024-03-12,40.029998779296875,40.2599983215332,39.900001525878906,40.130001068115234,34.08037567138672,12452700
2024-03-13,40.290000915527344,40.5,40.060001373291016,40.2599983215332,34.19078063964844,13751800
2024-03-14,40.0,40.060001373291016,39.439998626708984,39.77000045776367,33.77465057373047,17475400
2024-03-15,39.599998474121094,39.93000030517578,39.13999938964844,39.4900016784668,33.53685760498047,54893900
2024-03-18,39.47999954223633,39.959999084472656,39.2599983215332,39.93000030517578,33.91053009033203,16200800
2024-03-19,39.880001068115234,40.04999923706055,39.810001373291016,39.970001220703125,33.94450378417969,15226900
2024-03-20,39.959999084472656,40.27000045776367,39.79999923706055,40.119998931884766,34.07188415527344,15198800
2024-03-21,40.119998931884766,40.59000015258789,39.97999954223633,40.540000915527344,34.42856216430664,21868300
2024-03-22,40.7400016784668,40.810001373291016,40.0099983215332,40.369998931884766,34.2841911315918,17816400
2024-03-25,40.529998779296875,40.880001068115234,40.47999954223633,40.869998931884766,34.70881271362305,14587200
2024-03-26,40.83000183105469,41.0,40.709999084472656,40.849998474121094,34.691829681396484,17854100
2024-03-27,41.099998474121094,41.779998779296875,41.099998474121094,41.540000915527344,35.27781295776367,19260100
2024-03-28,41.63999938964844,42.150001525878906,41.630001068115234,41.959999084472656,35.634498596191406,19771400
2024-04-01,41.9900016784668,42.34000015258789,41.529998779296875,42.279998779296875,35.90625762939453,15031600
2024-04-02,42.29999923706055,42.68000030517578,42.2599983215332,42.540000915527344,36.1270637512207,17260800
2024-04-03,42.58000183105469,42.900001525878906,42.529998779296875,42.84000015258789,36.381832122802734,18211800
2024-04-04,42.9900016784668,43.41999816894531,42.439998626708984,42.45000076293945,36.050628662109375,16461400
2024-04-05,42.25,42.439998626708984,41.61000061035156,42.119998931884766,35.7703742980957,14338700
2024-04-08,42.119998931884766,42.150001525878906,41.709999084472656,41.72999954223633,35.43917465209961,14457800
2024-04-09,41.060001373291016,41.18000030517578,40.540000915527344,40.84000015258789,35.2449951171875,17224100
2024-04-10,40.61000061035156,40.65999984741211,39.959999084472656,40.52000045776367,34.968833923339844,17900400
2024-04-11,40.45000076293945,40.470001220703125,40.09000015258789,40.15999984741211,34.65816116333008,14782200
2024-04-12,40.18000030517578,40.2599983215332,39.68000030517578,39.720001220703125,34.278438568115234,21555000
2024-04-15,40.11000061035156,40.349998474121094,39.849998474121094,40.11000061035156,34.61500930786133,16442800
2024-04-16,40.11000061035156,40.13999938964844,39.56999969482422,39.77000045776367,34.321590423583984,14016800
2024-04-17,39.849998474121094,39.97999954223633,39.459999084472656,39.779998779296875,34.33021545410156,21009200
2024-04-18,39.849998474121094,40.16999816894531,39.709999084472656,40.130001068115234,34.63227081298828,20173700
2024-04-19,40.0,40.66999816894531,39.97999954223633,40.4900016784668,34.94294738769531,24706500
2024-04-22,41.400001525878906,41.63999938964844,38.560001373291016,38.599998474121094,33.31187438964844,51243200
2024-04-23,38.90999984741211,39.9900016784668,38.68000030517578,39.70000076293945,34.261173248291016,25972800
2024-04-24,39.5,39.65999984741211,38.939998626708984,39.4900016784668,34.0799446105957,15946600
2024-04-25,39.290000915527344,39.81999969482422,38.959999084472656,39.220001220703125,33.84693908691406,16837700
2024-04-26,39.060001373291016,39.959999084472656,38.900001525878906,39.68000030517578,34.24391555786133,18246200
2024-04-29,39.900001525878906,40.81999969482422,39.869998931884766,40.09000015258789,34.59775161743164,19438600
2024-04-30,39.90999984741211,39.91999816894531,39.439998626708984,39.4900016784668,34.0799446105957,20222200
2024-05-01,39.33000183105469,39.65999984741211,39.130001068115234,39.20000076293945,33.82967758178711,17754000
2024-05-02,39.31999969482422,39.47999954223633,38.75,38.93000030517578,33.59666442871094,17394900
2024-05-03,39.04999923706055,39.20000076293945,38.75,38.88999938964844,33.56214141845703,13195600
2024-05-06,39.119998931884766,39.349998474121094,39.060001373291016,39.33000183105469,33.941871643066406,13348800
2024-05-07,39.529998779296875,39.58000183105469,39.09000015258789,39.310001373291016,33.92461395263672,11935200
2024-05-08,39.2400016784668,39.56999969482422,39.099998474121094,39.47999954223633,34.071319580078125,10438000
2024-05-09,39.5099983215332,39.83000183105469,39.380001068115234,39.790000915527344,34.33884811401367,12881000
2024-05-10,39.810001373291016,40.41999816894531,39.709999084472656,40.400001525878906,34.86527633666992,16888500
2024-05-13,40.34000015258789,40.650001525878906,40.09000015258789,40.540000915527344,34.98609924316406,21365700
2024-05-14,40.59000015258789,40.689998626708984,40.41999816894531,40.4900016784668,34.94294738769531,17664400
2024-05-15,40.75,40.90999984741211,40.439998626708984,40.4900016784668,34.94294738769531,14926000
2024-05-16,40.290000915527344,40.439998626708984,40.13999938964844,40.25,34.7358283996582,12913200
2024-05-17,40.38999938964844,40.40999984741211,39.83000183105469,40.060001373291016,34.571861267089844,14670400
2024-05-20,40.04999923706055,40.310001373291016,40.0099983215332,40.119998931884766,34.623634338378906,8665000
2024-05-21,40.099998474121094,40.119998931884766,39.279998779296875,39.619998931884766,34.192138671875,18327000
2024-05-22,39.70000076293945,40.18000030517578,39.619998931884766,39.790000915527344,34.33884811401367,12374100
2024-05-23,39.599998474121094,39.79999923706055,39.11000061035156,39.43000030517578,34.028175354003906,14105000
2024-05-24,39.5099983215332,39.7400016784668,39.5,39.7400016784668,34.29569625854492,10420000
2024-05-28,39.720001220703125,39.790000915527344,39.16999816894531,39.36000061035156,33.96775817871094,15071300
2024-05-29,39.2599983215332,39.470001220703125,39.0,39.099998474121094,33.74337387084961,17652000
2024-05-30,39.220001220703125,40.36000061035156,39.18000030517578,40.33000183105469,34.80487060546875,19633200
2024-05-31,40.13999938964844,41.279998779296875,40.099998474121094,41.150001525878906,35.51252746582031,38917400
2024-06-03,41.18000030517578,41.5099983215332,40.900001525878906,40.97999954223633,35.365821838378906,20688100
2024-06-04,40.880001068115234,41.560001373291016,40.720001220703125,41.560001373291016,35.86635971069336,16040200
2024-06-05,41.599998474121094,41.720001220703125,41.130001068115234,41.349998474121094,35.68513107299805,11964000
2024-06-06,41.310001373291016,41.720001220703125,41.13999938964844,41.33000183105469,35.66786575317383,10259100
2024-06-07,41.15999984741211,41.290000915527344,40.810001373291016,40.939998626708984,35.331295013427734,10410200
2024-06-10,40.90999984741211,40.93000030517578,40.33000183105469,40.40999984741211,34.87390899658203,15210700
2024-06-11,40.290000915527344,40.59000015258789,40.220001220703125,40.41999816894531,34.88253402709961,12083300
2024-06-12,40.77000045776367,40.79999923706055,39.58000183105469,39.77000045776367,34.321590423583984,15065300
2024-06-13,39.75,39.79999923706055,39.29999923706055,39.779998779296875,34.33021545410156,12297400
2024-06-14,39.47999954223633,39.84000015258789,39.45000076293945,39.66999816894531,34.235286712646484,10480600
2024-06-17,39.599998474121094,39.599998474121094,38.95000076293945,39.459999084472656,34.054054260253906,22286600
2024-06-18,39.709999084472656,40.18000030517578,39.70000076293945,40.08000183105469,34.58911895751953,17125700
2024-06-20,39.84000015258789,40.470001220703125,39.810001373291016,40.2400016784668,34.727195739746094,17704700
2024-06-21,40.369998931884766,40.380001068115234,39.900001525878906,40.2400016784668,34.727195739746094,30375300
2024-06-24,40.38999938964844,41.220001220703125,40.31999969482422,41.16999816894531,35.529781341552734,20773800
2024-06-25,41.209999084472656,41.630001068115234,40.83000183105469,41.08000183105469,35.45212173461914,17475700
2024-06-26,41.0,41.16999816894531,40.709999084472656,41.02000045776367,35.40033721923828,19709900
2024-06-27,41.0,41.040000915527344,40.560001373291016,40.81999969482422,35.22773361206055,15560800
2024-06-28,40.86000061035156,41.58000183105469,40.689998626708984,41.2400016784668,35.59019470214844,27639200
2024-07-01,41.41999816894531,41.97999954223633,41.349998474121094,41.7400016784668,36.02169418334961,16412100
2024-07-02,41.630001068115234,41.70000076293945,40.720001220703125,41.099998474121094,35.46937561035156,21659400
2024-07-03,41.130001068115234,41.38999938964844,40.95000076293945,41.119998931884766,35.48664093017578,6653900
2024-07-05,41.16999816894531,41.380001068115234,40.95000076293945,41.27000045776367,35.61608123779297,17552200
2024-07-08,41.29999923706055,41.59000015258789,41.08000183105469,41.529998779296875,35.84046936035156,15380400
2024-07-09,41.470001220703125,41.779998779296875,41.209999084472656,41.29999923706055,35.6419792175293,20475200
2024-07-10,40.880001068115234,41.130001068115234,40.689998626708984,41.08000183105469,36.03230285644531,13826800
2024-07-11,41.08000183105469,41.36000061035156,40.75,41.29999923706055,36.22526931762695,12487800
2024-07-12,41.310001373291016,41.56999969482422,41.20000076293945,41.43000030517578,36.33929443359375,11129100
2024-07-15,41.43000030517578,41.459999084472656,40.70000076293945,40.790000915527344,35.77793502807617,15874900
2024-07-16,40.849998474121094,41.54999923706055,40.81999969482422,41.45000076293945,36.356842041015625,16016900
2024-07-17,41.54999923706055,42.189998626708984,41.52000045776367,42.029998779296875,36.86556625366211,20401700
2024-07-18,41.900001525878906,42.52000045776367,41.720001220703125,42.06999969482422,36.90065383911133,15752800
2024-07-19,42.29999923706055,42.29999923706055,41.43000030517578,41.619998931884766,36.505943298339844,17608000
2024-07-22,39.95000076293945,40.0,38.70000076293945,39.09000015258789,34.28681945800781,54985800
2024-07-23,38.7400016784668,39.27000045776367,38.720001220703125,38.88999938964844,34.111392974853516,25257700
2024-07-24,39.2400016784668,39.83000183105469,39.04999923706055,39.66999816894531,34.795555114746094,22889000
2024-07-25,39.86000061035156,40.970001220703125,39.790000915527344,39.95000076293945,35.0411491394043,19740300
2024-07-26,39.900001525878906,40.16999816894531,39.650001525878906,40.09000015258789,35.1639518737793,15911500
2024-07-29,40.08000183105469,40.119998931884766,39.66999816894531,40.029998779296875,35.1113166809082,12937200
2024-07-30,40.0099983215332,40.2599983215332,39.83000183105469,40.040000915527344,35.120094299316406,16089200
2024-07-31,40.029998779296875,40.790000915527344,39.97999954223633,40.52000045776367,35.541107177734375,23605400
2024-08-01,40.66999816894531,41.18000030517578,40.279998779296875,40.849998474121094,35.83055877685547,18166800
2024-08-02,41.20000076293945,41.939998626708984,40.40999984741211,40.970001220703125,35.935813903808594,26124900
2024-08-05,40.0,40.27000045776367,39.63999938964844,39.79999923706055,34.909576416015625,26855000
2024-08-06,39.970001220703125,40.47999954223633,39.7599983215332,40.2599983215332,35.31305694580078,18104200
2024-08-07,40.36000061035156,40.720001220703125,40.20000076293945,40.279998779296875,35.330596923828125,12176300
2024-08-08,40.279998779296875,40.790000915527344,40.25,40.52000045776367,35.541107177734375,13237100
2024-08-09,40.4900016784668,40.79999923706055,40.029998779296875,40.75,35.74285125732422,11818700
2024-08-12,40.95000076293945,41.0,40.310001373291016,40.529998779296875,35.54988479614258,11099000
2024-08-13,40.650001525878906,40.79999923706055,40.349998474121094,40.779998779296875,35.769161224365234,15349400
2024-08-14,40.599998474121094,41.099998474121094,40.4900016784668,40.900001525878906,35.87441635131836,10931100
2024-08-15,40.84000015258789,40.91999816894531,40.0,40.040000915527344,35.120094299316406,17489600
2024-08-16,40.099998474121094,40.619998931884766,40.060001373291016,40.61000061035156,35.62004852294922,13377500
2024-08-19,40.630001068115234,40.86000061035156,40.560001373291016,40.7400016784668,35.73408126831055,9401400
2024-08-20,40.65999984741211,40.959999084472656,40.630001068115234,40.849998474121094,35.83055877685547,8784000
2024-08-21,40.90999984741211,41.06999969482422,40.72999954223633,41.04999923706055,36.005985260009766,13683400
2024-08-22,41.099998474121094,41.15999984741211,40.61000061035156,40.869998931884766,35.84810256958008,13529600
2024-08-23,40.9900016784668,41.22999954223633,40.91999816894531,41.209999084472656,36.14632797241211,11757300
2024-08-26,41.369998931884766,41.7400016784668,41.2400016784668,41.4900016784668,36.39192199707031,10309500
2024-08-27,41.54999923706055,41.63999938964844,41.18000030517578,41.45000076293945,36.356842041015625,9778200
2024-08-28,41.4900016784668,41.709999084472656,41.36000061035156,41.4900016784668,36.39192199707031,12732700
2024-08-29,41.540000915527344,41.56999969482422,41.13999938964844,41.25,36.18141174316406,17338100
2024-08-30,41.29999923706055,41.88999938964844,41.16999816894531,41.779998779296875,36.64628601074219,20009900
2024-09-03,41.959999084472656,42.93000030517578,41.91999816894531,42.93000030517578,37.65498352050781,23319900
2024-09-04,43.0,43.27000045776367,41.20000076293945,41.47999954223633,36.38314437866211,31272700
2024-09-05,41.310001373291016,41.810001373291016,40.900001525878906,41.310001373291016,36.234039306640625,28199800
2024-09-06,41.36000061035156,41.790000915527344,41.130001068115234,41.150001525878906,36.09369659423828,18100300
2024-09-09,41.2599983215332,42.779998779296875,41.2599983215332,42.72999954223633,37.47955322265625,27850300
2024-09-10,42.790000915527344,43.689998626708984,42.380001068115234,43.650001525878906,38.2865104675293,36980400
2024-09-11,43.5099983215332,43.81999969482422,42.939998626708984,43.79999923706055,38.41808319091797,22395500
2024-09-12,43.5,43.880001068115234,43.43000030517578,43.86000061035156,38.470699310302734,18397000
2024-09-13,43.93000030517578,44.470001220703125,43.619998931884766,44.43000030517578,38.970664978027344,20029700
2024-09-16,44.61000061035156,45.04999923706055,44.459999084472656,45.0,39.47062683105469,24714500
2024-09-17,44.75,44.75,43.91999816894531,44.08000183105469,38.66368103027344,18769600
2024-09-18,44.099998474121094,44.5,43.779998779296875,43.880001068115234,38.48824691772461,16897900
2024-09-19,43.959999084472656,43.970001220703125,43.33000183105469,43.939998626708984,38.54087829589844,23097200
2024-09-20,43.779998779296875,44.470001220703125,43.650001525878906,44.33000183105469,38.88295364379883,52671900
2024-09-23,44.349998474121094,44.529998779296875,43.95000076293945,44.2599983215332,38.82155227661133,18083200
2024-09-24,44.209999084472656,44.790000915527344,44.130001068115234,44.65999984741211,39.17240524291992,15154000
2024-09-25,44.79999923706055,44.880001068115234,44.41999816894531,44.54999923706055,39.07592010498047,21990100
2024-09-26,44.599998474121094,44.880001068115234,44.36000061035156,44.619998931884766,39.13732147216797,15779600
2024-09-27,44.720001220703125,45.04999923706055,44.4900016784668,44.88999938964844,39.374141693115234,15659300
2024-09-30,45.130001068115234,45.36000061035156,44.790000915527344,44.90999984741211,39.39168930053711,13509700
2024-10-01,44.959999084472656,45.2400016784668,44.65999984741211,45.209999084472656,39.654823303222656,17536400
2024-10-02,45.130001068115234,45.279998779296875,44.869998931884766,45.04999923706055,39.51448440551758,12040800
2024-10-03,44.93000030517578,44.959999084472656,44.38999938964844,44.52000045776367,39.04961013793945,12258400
2024-10-04,43.77000045776367,44.25,43.54999923706055,44.18000030517578,38.75138854980469,14531200
2024-10-07,44.08000183105469,44.13999938964844,43.77000045776367,43.84000015258789,38.45316696166992,12885000
2024-10-08,44.0,44.150001525878906,43.689998626708984,44.0099983215332,38.60227584838867,10855100
2024-10-09,44.060001373291016,44.25,43.810001373291016,44.11000061035156,38.68998336791992,12614200
2024-10-10,43.439998626708984,43.66999816894531,42.810001373291016,42.95000076293945,38.260616302490234,12352800
2024-10-11,43.150001525878906,43.2400016784668,42.79999923706055,43.0,38.30515670776367,10658700
2024-10-14,43.0,43.290000915527344,42.88999938964844,43.189998626708984,38.47441101074219,9923500
2024-10-15,43.470001220703125,43.970001220703125,43.16999816894531,43.7400016784668,38.964359283447266,15444500
2024-10-16,43.7400016784668,44.099998474121094,43.65999984741211,43.90999984741211,39.11580276489258,9459000
2024-10-17,43.880001068115234,44.0,43.529998779296875,43.849998474121094,39.062347412109375,10539500
2024-10-18,43.83000183105469,44.16999816894531,43.66999816894531,43.9900016784668,39.18706512451172,13058400
2024-10-21,44.04999923706055,44.20000076293945,43.599998474121094,43.70000076293945,38.928733825683594,18760000
2024-10-22,41.900001525878906,42.63999938964844,40.75,41.5,36.96892547607422,42576300
2024-10-23,41.86000061035156,42.900001525878906,41.7599983215332,42.86000061035156,38.18043899536133,27174700
2024-10-24,42.380001068115234,42.45000076293945,41.63999938964844,41.86000061035156,37.28961944580078,23506400
2024-10-25,41.900001525878906,42.18000030517578,41.369998931884766,41.380001068115234,36.862030029296875,19717400
2024-10-28,41.45000076293945,41.779998779296875,41.38999938964844,41.619998931884766,37.07582473754883,13575000
2024-10-29,41.31999969482422,41.68000030517578,41.290000915527344,41.33000183105469,36.81748962402344,15072300
2024-10-30,41.33000183105469,41.5099983215332,41.119998931884766,41.279998779296875,36.77294921875,16372600
2024-10-31,41.2599983215332,42.650001525878906,41.25,42.130001068115234,37.530147552490234,31077900
2024-11-01,42.119998931884766,42.349998474121094,41.29999923706055,41.36000061035156,36.84421920776367,16682400
2024-11-04,41.650001525878906,41.77000045776367,40.900001525878906,41.060001373291016,36.576969146728516,14760900
2024-11-05,41.0099983215332,41.27000045776367,40.83000183105469,41.2599983215332,36.755130767822266,12322800
2024-11-06,41.439998626708984,41.66999816894531,40.93000030517578,41.15999984741211,36.66604995727539,21957100
2024-11-07,41.08000183105469,41.189998626708984,40.5099983215332,40.56999969482422,36.14046859741211,24225500
2024-11-08,40.7400016784668,40.849998474121094,40.41999816894531,40.47999954223633,36.06029510498047,21305900
2024-11-11,40.470001220703125,40.880001068115234,40.40999984741211,40.439998626708984,36.024662017822266,17116400
2024-11-12,40.5,40.599998474121094,40.06999969482422,40.400001525878906,35.98902893066406,16984600
2024-11-13,40.400001525878906,41.400001525878906,40.310001373291016,41.13999938964844,36.64823532104492,19953500
2024-11-14,41.13999938964844,41.2599983215332,40.86000061035156,40.869998931884766,36.407711029052734,13636600
2024-11-15,40.79999923706055,41.77000045776367,40.79999923706055,41.650001525878906,37.1025505065918,21482500
2024-11-18,41.66999816894531,42.58000183105469,41.66999816894531,42.25,37.63704299926758,17405400
2024-11-19,42.209999084472656,42.22999954223633,41.79999923706055,41.93000030517578,37.35198211669922,10520600
2024-11-20,42.0,42.279998779296875,41.75,42.220001220703125,37.61031723022461,14706500
2024-11-21,42.220001220703125,42.75,42.0099983215332,42.5,37.85974884033203,12534100
2024-11-22,42.599998474121094,43.34000015258789,42.34000015258789,43.150001525878906,38.438777923583984,17017400
2024-11-25,43.34000015258789,44.04999923706055,43.310001373291016,43.97999954223633,39.178157806396484,28365900
2024-11-26,43.97999954223633,44.5,43.75,44.369998931884766,39.525569915771484,17247000
2024-11-27,44.47999954223633,44.72999954223633,44.369998931884766,44.380001068115234,39.53449249267578,12372400
2024-11-29,44.380001068115234,44.52000045776367,44.04999923706055,44.34000015258789,39.49885559082031,9023100
2024-12-02,44.27000045776367,44.31999969482422,43.52000045776367,43.849998474121094,39.062347412109375,12783900
2024-12-03,43.90999984741211,44.41999816894531,43.70000076293945,43.83000183105469,39.04453659057617,15415900
2024-12-04,43.72999954223633,43.779998779296875,42.40999984741211,42.52000045776367,37.8775634765625,21431600
2024-12-05,42.59000015258789,42.869998931884766,42.52000045776367,42.54999923706055,37.90428924560547,16176900
2024-12-06,42.529998779296875,42.66999816894531,42.02000045776367,42.369998931884766,37.74393844604492,15685900
2024-12-09,42.470001220703125,43.099998474121094,42.15999984741211,42.36000061035156,37.73503494262695,15570300
2024-12-10,42.369998931884766,42.650001525878906,42.06999969482422,42.29999923706055,37.68158721923828,16337200
2024-12-11,42.189998626708984,42.459999084472656,41.88999938964844,41.9900016784668,37.40542984008789,13986100
2024-12-12,42.060001373291016,42.15999984741211,41.810001373291016,42.08000183105469,37.4856071472168,11232300
2024-12-13,42.0,42.400001525878906,41.810001373291016,42.279998779296875,37.66376495361328,13360400
2024-12-16,42.15999984741211,42.25,40.810001373291016,40.880001068115234,36.416629791259766,30228300
2024-12-17,40.65999984741211,41.119998931884766,40.5099983215332,40.779998779296875,36.32754135131836,15374000
2024-12-18,40.70000076293945,41.04999923706055,40.209999084472656,40.2400016784668,35.84649658203125,19199600
2024-12-19,40.04999923706055,40.459999084472656,39.93000030517578,39.970001220703125,35.605979919433594,17859100
2024-12-20,39.93000030517578,40.38999938964844,39.91999816894531,39.93000030517578,35.57034683227539,47590900
2024-12-23,39.93000030517578,40.130001068115234,39.83000183105469,39.939998626708984,35.579261779785156,21292300
2024-12-24,39.900001525878906,39.959999084472656,39.470001220703125,39.79999923706055,35.45454025268555,11712200
2024-12-26,39.83000183105469,40.16999816894531,39.7400016784668,39.959999084472656,35.597076416015625,12946400
2024-12-27,39.86000061035156,40.15999984741211,39.650001525878906,39.91999816894531,35.56144332885742,15168100
2024-12-30,39.79999923706055,39.84000015258789,39.400001525878906,39.599998474121094,35.27637481689453,15672000
2024-12-31,39.63999938964844,40.029998779296875,39.54999923706055,39.9900016784668,35.623802185058594,13549900
2025-01-02,40.029998779296875,40.560001373291016,39.97999954223633,40.209999084472656,35.81977462768555,22470200
2025-01-03,40.31999969482422,40.630001068115234,40.11000061035156,40.2599983215332,35.86431884765625,15229900
2025-01-06,40.290000915527344,40.33000183105469,39.58000183105469,39.61000061035156,35.28528594970703,27115000
2025-01-07,39.709999084472656,39.97999954223633,38.83000183105469,38.91999816894531,34.67061996459961,31517100
2025-01-08,38.90999984741211,38.9900016784668,38.439998626708984,38.939998626708984,34.68844223022461,22901600
2025-01-10,38.18000030517578,38.22999954223633,37.59000015258789,37.810001373291016,34.278656005859375,27338400
2025-01-13,37.939998626708984,38.150001525878906,37.7400016784668,38.119998931884766,34.5597038269043,19734000
2025-01-14,38.33000183105469,38.349998474121094,37.83000183105469,38.279998779296875,34.70475769042969,15740100
2025-01-15,38.29999923706055,38.59000015258789,38.06999969482422,38.18000030517578,34.614097595214844,27817100
2025-01-16,38.130001068115234,38.34000015258789,37.939998626708984,38.34000015258789,34.7591552734375,24678300
2025-01-17,38.41999816894531,38.970001220703125,38.349998474121094,38.779998779296875,35.158058166503906,24082100
2025-01-21,38.869998931884766,39.58000183105469,38.790000915527344,39.02000045776367,35.37564468383789,25717600
2025-01-22,38.88999938964844,39.34000015258789,38.59000015258789,38.95000076293945,35.31217956542969,31488900
2025-01-23,39.2400016784668,39.400001525878906,39.08000183105469,39.18000030517578,35.52069854736328,25153500
2025-01-24,40.11000061035156,40.68000030517578,39.369998931884766,39.540000915527344,35.847076416015625,37123900
2025-01-27,40.150001525878906,40.810001373291016,40.04999923706055,40.63999938964844,36.84433364868164,35520300
2025-01-28,40.599998474121094,40.810001373291016,40.349998474121094,40.400001525878906,36.62675476074219,21031900
2025-01-29,40.81999969482422,40.880001068115234,40.04999923706055,40.279998779296875,36.51796340942383,24238100
2025-01-30,40.349998474121094,40.349998474121094,39.15999984741211,39.470001220703125,35.78361511230469,27913500
2025-01-31,39.56999969482422,39.939998626708984,39.279998779296875,39.38999938964844,35.711090087890625,45178700
2025-02-03,39.310001373291016,40.119998931884766,39.150001525878906,39.97999954223633,36.24597930908203,27967100
2025-02-04,39.779998779296875,39.880001068115234,39.599998474121094,39.810001373291016,36.091861724853516,19190200
2025-02-05,40.130001068115234,40.310001373291016,39.810001373291016,40.130001068115234,36.38197326660156,16830500
2025-02-06,40.22999954223633,40.290000915527344,39.66999816894531,39.939998626708984,36.209720611572266,15370600
2025-02-07,39.959999084472656,40.11000061035156,39.56999969482422,39.880001068115234,36.15532302856445,15754800
2025-02-10,40.02000045776367,40.13999938964844,39.81999969482422,39.95000076293945,36.21878433227539,16737500
2025-02-11,39.97999954223633,40.52000045776367,39.81999969482422,40.4900016784668,36.70834732055664,15182700
2025-02-12,40.4900016784668,40.599998474121094,40.150001525878906,40.529998779296875,36.74461364746094,14440300
2025-02-13,40.61000061035156,41.11000061035156,40.41999816894531,41.040000915527344,37.20697784423828,17056700
2025-02-14,41.13999938964844,41.290000915527344,40.939998626708984,40.9900016784668,37.16164779663086,12438200
2025-02-18,40.91999816894531,41.220001220703125,40.61000061035156,41.20000076293945,37.35203170776367,16357700
2025-02-19,41.349998474121094,42.04999923706055,41.279998779296875,42.0099983215332,38.08638381958008,21039600
2025-02-20,42.0,42.529998779296875,41.880001068115234,42.4900016784668,38.52155303955078,19771700
2025-02-21,42.43000030517578,43.22999954223633,42.16999816894531,42.7599983215332,38.766334533691406,25465100
2025-02-24,42.75,43.630001068115234,42.56999969482422,43.31999969482422,39.27403259277344,27560600
2025-02-25,43.58000183105469,43.970001220703125,43.5,43.709999084472656,39.62760543823242,24356900
2025-02-26,43.540000915527344,43.650001525878906,42.77000045776367,43.18000030517578,39.14710998535156,18651400
2025-02-27,43.08000183105469,43.41999816894531,42.88999938964844,43.27000045776367,39.228702545166016,19212300
2025-02-28,43.43000030517578,43.7599983215332,42.61000061035156,43.099998474121094,39.074581146240234,25197500
2025-03-03,42.959999084472656,43.869998931884766,42.93000030517578,43.869998931884766,39.772666931152344,22334000
2025-03-04,44.0,44.47999954223633,42.81999969482422,42.869998931884766,38.86606216430664,32627500
2025-03-05,42.779998779296875,43.349998474121094,42.380001068115234,42.84000015258789,38.83885955810547,18038400
2025-03-06,43.0,44.31999969482422,42.86000061035156,44.22999954223633,40.09904098510742,22845900
2025-03-07,44.29999923706055,46.20000076293945,44.29999923706055,46.060001373291016,41.75812530517578,44992100
2025-03-10,46.060001373291016,47.36000061035156,46.060001373291016,46.4900016784668,42.14796447753906,39837000
2025-03-11,43.2400016784668,43.90999984741211,42.63999938964844,43.43000030517578,39.37376022338867,64142300
2025-03-12,42.099998474121094,42.88999938964844,41.16999816894531,42.59000015258789,38.612213134765625,49650800
2025-03-13,42.77000045776367,43.81999969482422,42.77000045776367,43.709999084472656,39.62760543823242,30708600
2025-03-14,43.15999984741211,43.77000045776367,43.0099983215332,43.56999969482422,39.50068664550781,17432100
2025-03-17,43.59000015258789,43.81999969482422,43.09000015258789,43.650001525878906,39.573211669921875,15560900
2025-03-18,43.720001220703125,44.43000030517578,43.52000045776367,44.22999954223633,40.09904098510742,16254400
2025-03-19,44.29999923706055,44.31999969482422,43.720001220703125,43.939998626708984,39.83612823486328,14373300
2025-03-20,43.959999084472656,43.959999084472656,43.380001068115234,43.75,39.66387176513672,18109300
2025-03-21,43.790000915527344,44.2400016784668,43.52000045776367,43.9900016784668,39.8814582824707,68445500
2025-03-24,43.630001068115234,44.13999938964844,43.529998779296875,43.560001373291016,39.49162292480469,18050000
2025-03-25,43.5,43.83000183105469,43.150001525878906,43.4900016784668,39.428157806396484,21483200
2025-03-26,43.709999084472656,44.33000183105469,43.56999969482422,44.18000030517578,40.053714752197266,21684400
2025-03-27,44.47999954223633,45.25,44.31999969482422,44.959999084472656,40.760860443115234,21905200
2025-03-28,45.130001068115234,45.34000015258789,44.880001068115234,44.93000030517578,40.733665466308594,19530600
2025-03-31,45.29999923706055,45.79999923706055,45.130001068115234,45.36000061035156,41.12350845336914,27786900
2025-04-01,45.4900016784668,45.599998474121094,45.119998931884766,45.380001068115234,41.141639709472656,15710800
2025-04-02,45.369998931884766,45.540000915527344,44.599998474121094,44.7400016784668,40.56140899658203,21924100
2025-04-03,45.4900016784668,46.189998626708984,45.20000076293945,45.619998931884766,41.359214782714844,30474800
2025-04-04,44.7599983215332,45.79999923706055,42.79999923706055,43.029998779296875,39.01111602783203,42663400
2025-04-07,41.529998779296875,43.33000183105469,41.25,42.58000183105469,38.6031494140625,38812000
2025-04-08,43.0,43.220001220703125,41.68000030517578,42.16999816894531,38.23143768310547,29790200
2025-04-09,41.68000030517578,43.52000045776367,40.880001068115234,42.88999938964844,38.884193420410156,49426000
2025-04-10,42.4900016784668,43.2400016784668,41.849998474121094,42.91999816894531,39.536376953125,36501700
2025-04-11,43.849998474121094,43.900001525878906,43.099998474121094,43.72999954223633,40.28252410888672,30144300
2025-04-14,43.900001525878906,44.650001525878906,43.61000061035156,44.29999923706055,40.80758285522461,24323000
2025-04-15,44.5,44.689998626708984,44.220001220703125,44.47999954223633,40.97339630126953,21795300
2025-04-16,44.7400016784668,44.88999938964844,43.52000045776367,43.61000061035156,40.1719856262207,17271600
2025-04-17,43.7599983215332,44.47999954223633,43.58000183105469,44.040000915527344,40.568084716796875,16504800
2025-04-21,44.20000076293945,44.290000915527344,42.68000030517578,42.93000030517578,39.545589447021484,23802500
2025-04-22,41.9900016784668,43.66999816894531,41.540000915527344,43.189998626708984,39.78509521484375,37633800
2025-04-23,42.54999923706055,42.9900016784668,42.11000061035156,42.70000076293945,39.33372116088867,29402100
2025-04-24,42.709999084472656,43.130001068115234,42.47999954223633,42.810001373291016,39.435054779052734,16597300
2025-04-25,42.529998779296875,42.650001525878906,41.34000015258789,41.90999984741211,38.60599899291992,23361900
2025-04-28,42.0,42.47999954223633,41.86000061035156,42.38999938964844,39.048160552978516,16188500
2025-04-29,42.310001373291016,43.0099983215332,42.22999954223633,42.95000076293945,39.56401824951172,14712800
2025-04-30,43.54999923706055,44.209999084472656,43.369998931884766,44.060001373291016,40.58650588989258,29563000
2025-05-01,43.77000045776367,43.83000183105469,43.2599983215332,43.29999923706055,39.88642120361328,18921900
2025-05-02,43.459999084472656,43.900001525878906,43.31999969482422,43.7400016784668,40.2917366027832,15366500
2025-05-05,43.810001373291016,44.0,43.220001220703125,43.540000915527344,40.10750198364258,9210000
2025-05-06,43.56999969482422,44.310001373291016,43.43000030517578,44.150001525878906,40.66941452026367,12131500
2025-05-07,44.0099983215332,44.36000061035156,43.790000915527344,43.88999938964844,40.42990493774414,12826600
2025-05-08,43.79999923706055,44.060001373291016,43.5099983215332,43.61000061035156,40.1719856262207,14967400
2025-05-09,43.52000045776367,43.880001068115234,43.31999969482422,43.61000061035156,40.1719856262207,10878400
2025-05-12,43.04999923706055,43.209999084472656,42.29999923706055,43.0,39.61007308959961,20160000
2025-05-13,43.209999084472656,43.209999084472656,42.4900016784668,42.650001525878906,39.28766632080078,20069600
2025-05-14,42.779998779296875,42.939998626708984,42.25,42.349998474121094,39.01131057739258,20447500
2025-05-15,42.599998474121094,43.529998779296875,42.599998474121094,43.47999954223633,40.05222702026367,14608000
2025-05-16,43.4900016784668,43.9900016784668,43.36000061035156,43.9900016784668,40.52202224731445,13407700
2025-05-19,44.08000183105469,44.369998931884766,43.869998931884766,44.310001373291016,40.81679916381836,14778600
2025-05-20,44.2599983215332,44.54999923706055,44.20000076293945,44.220001220703125,40.73389434814453,12189900
2025-05-21,44.040000915527344,44.22999954223633,43.56999969482422,43.75,40.300941467285156,16038600
2025-05-22,43.75,43.84000015258789,43.06999969482422,43.130001068115234,39.72982406616211,14947700
2025-05-23,43.470001220703125,43.47999954223633,42.86000061035156,43.31999969482422,39.904842376708984,12393400
2025-05-27,43.279998779296875,43.70000076293945,43.2400016784668,43.5,40.070655822753906,12873700
2025-05-28,43.45000076293945,43.529998779296875,43.060001373291016,43.130001068115234,39.72982406616211,12783000
2025-05-29,43.150001525878906,43.38999938964844,42.97999954223633,43.33000183105469,39.914058685302734,9960400
2025-05-30,43.369998931884766,44.060001373291016,43.290000915527344,43.959999084472656,40.494388580322266,26569500
2025-06-02,43.79999923706055,44.119998931884766,43.349998474121094,44.099998474121094,40.623355865478516,11873300
2025-06-03,43.93000030517578,44.04999923706055,43.61000061035156,43.83000183105469,40.37464141845703,13140900
2025-06-04,43.90999984741211,43.93000030517578,43.2400016784668,43.2400016784668,39.831153869628906,14360100
2025-06-05,43.349998474121094,43.40999984741211,43.029998779296875,43.29999923706055,39.88642120361328,12095900
2025-06-06,43.400001525878906,43.91999816894531,43.380001068115234,43.79999923706055,40.34700393676758,10135200
2025-06-09,43.650001525878906,43.95000076293945,43.5099983215332,43.650001525878906,40.20882797241211,13399400
2025-06-10,43.650001525878906,44.349998474121094,43.56999969482422,44.130001068115234,40.65098571777344,13724100
2025-06-11,44.189998626708984,44.400001525878906,43.689998626708984,43.7400016784668,40.2917366027832,14602100
2025-06-12,43.880001068115234,43.88999938964844,42.90999984741211,43.15999984741211,39.7574577331543,22370500
2025-06-13,42.9900016784668,43.279998779296875,42.91999816894531,43.0099983215332,39.61928176879883,13544100
2025-06-16,42.959999084472656,43.11000061035156,42.33000183105469,42.5,39.14949035644531,20449300
2025-06-17,42.79999923706055,42.81999969482422,41.810001373291016,41.849998474121094,38.55073165893555,23028200
2025-06-18,41.95000076293945,41.959999084472656,41.599998474121094,41.66999816894531,38.38492202758789,18654200
2025-06-20,41.810001373291016,42.099998474121094,41.650001525878906,41.70000076293945,38.41255569458008,37068100
2025-06-23,41.810001373291016,42.38999938964844,41.720001220703125,42.36000061035156,39.02052688598633,16014400
2025-06-24,42.380001068115234,42.72999954223633,42.27000045776367,42.630001068115234,39.26924133300781,16716300
2025-06-25,42.400001525878906,42.470001220703125,41.939998626708984,42.119998931884766,38.799442291259766,15599700
2025-06-26,42.16999816894531,42.27000045776367,41.880001068115234,42.099998474121094,38.78102111816406,15870000
2025-06-27,42.150001525878906,42.45000076293945,41.97999954223633,42.310001373291016,38.97446823120117,21439600
2025-06-30,42.310001373291016,43.31999969482422,42.279998779296875,43.27000045776367,39.85878372192383,22796000
2025-07-01,43.41999816894531,43.880001068115234,43.209999084472656,43.68000030517578,40.23646545410156,19233200
2025-07-02,43.81999969482422,44.029998779296875,43.43000030517578,43.59000015258789,40.15355682373047,18313900
2025-07-03,43.7400016784668,43.77000045776367,43.41999816894531,43.54999923706055,40.1167106628418,10301300
2025-07-07,43.70000076293945,43.70000076293945,42.66999816894531,42.79999923706055,39.42583465576172,22039300
2025-07-08,42.79999923706055,43.2400016784668,42.540000915527344,43.060001373291016,39.665340423583984,16736200
2025-07-09,42.9900016784668,43.060001373291016,42.470001220703125,42.61000061035156,39.250816345214844,23519800
2025-07-10,41.869998931884766,42.18000030517578,41.599998474121094,42.029998779296875,39.342552185058594,19359300
2025-07-11,41.97999954223633,42.029998779296875,41.4900016784668,41.619998931884766,38.95876693725586,20174300
2025-07-14,41.59000015258789,41.84000015258789,41.47999954223633,41.58000183105469,38.92132568359375,15757300
2025-07-15,41.439998626708984,41.630001068115234,41.099998474121094,41.2599983215332,38.62178421020508,15653200
2025-07-16,41.27000045776367,41.45000076293945,41.15999984741211,41.25,38.6124267578125,17971300
2025-07-17,41.290000915527344,41.349998474121094,40.83000183105469,40.95000076293945,38.33161163330078,18411200
2025-07-18,40.97999954223633,41.119998931884766,40.689998626708984,40.84000015258789,38.22864532470703,21079700
2025-07-21,41.95000076293945,43.08000183105469,41.68000030517578,42.4900016784668,39.77313995361328,47574000
2025-07-22,42.75,43.4900016784668,42.54999923706055,42.959999084472656,40.21308517456055,23521000
2025-07-23,42.400001525878906,42.869998931884766,42.04999923706055,42.84000015258789,40.10075759887695,23357200
2025-07-24,42.900001525878906,43.349998474121094,42.7599983215332,43.08000183105469,40.32541275024414,20411000
2025-07-25,43.02000045776367,43.209999084472656,42.75,43.08000183105469,40.32541275024414,16571500
2025-07-28,43.02000045776367,43.02000045776367,42.2400016784668,42.36000061035156,39.651451110839844,18243700
2025-07-29,42.41999816894531,42.97999954223633,42.400001525878906,42.709999084472656,39.97907638549805,13118500
2025-07-30,42.66999816894531,42.88999938964844,42.45000076293945,42.599998474121094,39.87610626220703,13313300
2025-07-31,42.290000915527344,43.11000061035156,42.150001525878906,42.7599983215332,40.025875091552734,25538700
2025-08-01,43.290000915527344,43.470001220703125,42.619998931884766,42.880001068115234,40.138206481933594,20841300
2025-08-04,42.79999923706055,43.029998779296875,42.529998779296875,42.95000076293945,40.20372772216797,13629900
2025-08-05,42.95000076293945,43.099998474121094,42.66999816894531,42.66999816894531,39.94162368774414,14863700
2025-08-06,42.79999923706055,42.79999923706055,42.310001373291016,42.349998474121094,39.64208984375,17812000
2025-08-07,42.5,43.029998779296875,42.16999816894531,42.95000076293945,40.20372772216797,15543400
2025-08-08,43.099998474121094,43.36000061035156,43.029998779296875,43.150001525878906,40.39094161987305,13057000
2025-08-11,43.22999954223633,43.529998779296875,42.9900016784668,43.18000030517578,40.41901779174805,12914900
2025-08-12,43.34000015258789,43.650001525878906,43.209999084472656,43.25,40.48454284667969,12469300
2025-08-13,43.20000076293945,43.84000015258789,43.0,43.709999084472656,40.915130615234375,14327700
2025-08-14,43.7599983215332,43.790000915527344,43.33000183105469,43.5,40.71855926513672,10582800
2025-08-15,43.56999969482422,44.439998626708984,43.43000030517578,44.2400016784668,41.41124725341797,21239200
2025-08-18,44.349998474121094,44.599998474121094,44.220001220703125,44.38999938964844,41.5516471862793,12692100
2025-08-19,44.5099983215332,45.06999969482422,44.470001220703125,44.939998626708984,42.06648254394531,17944200
2025-08-20,45.08000183105469,45.75,44.95000076293945,45.060001373291016,42.17881393432617,20982100
2025-08-21,44.97999954223633,45.209999084472656,44.869998931884766,45.029998779296875,42.150726318359375,11866800
2025-08-22,45.150001525878906,45.43000030517578,44.25,44.439998626708984,41.598453521728516,19123700
2025-08-25,44.439998626708984,44.47999954223633,43.959999084472656,44.22999954223633,41.40188217163086,16021200
2025-08-26,44.11000061035156,44.41999816894531,43.75,43.959999084472656,41.14914321899414,17328200
2025-08-27,44.02000045776367,44.279998779296875,43.880001068115234,44.27000045776367,41.43932342529297,12046600
2025-08-28,44.099998474121094,44.189998626708984,43.689998626708984,43.93000030517578,41.121063232421875,15842800
2025-08-29,43.970001220703125,44.290000915527344,43.93000030517578,44.22999954223633,41.40188217163086,14792700
2025-09-02,44.15999984741211,44.47999954223633,43.5099983215332,43.79999923706055,40.9993782043457,21123700
2025-09-03,43.5,43.7400016784668,42.880001068115234,43.7400016784668,40.943214416503906,21828500
2025-09-04,44.06999969482422,44.41999816894531,43.93000030517578,44.18000030517578,41.355079650878906,14480500
2025-09-05,44.099998474121094,44.470001220703125,44.02000045776367,44.380001068115234,41.54228973388672,13406700
2025-09-08,42.97999954223633,43.619998931884766,42.939998626708984,43.31999969482422,40.550071716308594,30273900
2025-09-09,43.36000061035156,43.7400016784668,43.349998474121094,43.56999969482422,40.784080505371094,15595500
2025-09-10,43.4900016784668,43.66999816894531,43.0099983215332,43.4900016784668,40.709197998046875,14807800
2025-09-11,43.61000061035156,44.150001525878906,43.5099983215332,44.13999938964844,41.3176383972168,15510600
2025-09-12,44.0099983215332,44.09000015258789,43.77000045776367,43.970001220703125,41.15850830078125,13723500
2025-09-15,44.04999923706055,44.25,43.77000045776367,43.869998931884766,41.06489944458008,15034700
2025-09-16,43.869998931884766,43.95000076293945,43.29999923706055,43.7400016784668,40.943214416503906,16173600
2025-09-17,43.869998931884766,44.40999984741211,43.86000061035156,44.209999084472656,41.38315963745117,14414000
2025-09-18,43.880001068115234,43.95000076293945,43.58000183105469,43.66999816894531,40.877685546875,16507300
2025-09-19,43.790000915527344,43.790000915527344,43.459999084472656,43.47999954223633,40.69983673095703,29164200
2025-09-22,43.380001068115234,43.52000045776367,42.97999954223633,43.15999984741211,40.40029525756836,18507700
2025-09-23,43.15999984741211,43.380001068115234,42.959999084472656,43.349998474121094,40.578147888183594,16796400
2025-09-24,43.20000076293945,43.38999938964844,42.959999084472656,43.18000030517578,40.41901779174805,21162400
2025-09-25,43.2400016784668,43.77000045776367,43.2400016784668,43.349998474121094,40.578147888183594,19012200
2025-09-26,43.650001525878906,43.709999084472656,43.45000076293945,43.61000061035156,40.82152557373047,12456200
2025-09-29,43.599998474121094,43.650001525878906,43.09000015258789,43.25,40.48454284667969,15854500
2025-09-30,43.2400016784668,43.970001220703125,43.189998626708984,43.95000076293945,41.13978576660156,24399100
2025-10-01,43.91999816894531,44.09000015258789,43.45000076293945,43.83000183105469,41.027462005615234,19921900
2025-10-02,43.58000183105469,43.720001220703125,43.220001220703125,43.400001525878906,40.62495422363281,21550100
2025-10-03,43.439998626708984,43.93000030517578,43.400001525878906,43.66999816894531,40.877685546875,18016000
2025-10-06,43.25,43.380001068115234,41.349998474121094,41.439998626708984,38.79027557373047,75944200
2025-10-07,41.61000061035156,41.86000061035156,41.34000015258789,41.400001525878906,38.752838134765625,34001300
2025-10-08,41.540000915527344,41.540000915527344,41.060001373291016,41.31999969482422,38.67795181274414,35601000
2025-10-09,41.349998474121094,41.36000061035156,40.72999954223633,40.83000183105469,38.21928405761719,34868200
2025-10-10,40.25,40.61000061035156,39.81999969482422,39.849998474121094,37.94315719604492,38107700
2025-10-13,39.75,40.15999984741211,39.40999984741211,39.75,37.84794235229492,26453700
2025-10-14,39.79999923706055,40.58000183105469,39.7599983215332,40.54999923706055,38.60966110229492,22346100
2025-10-15,40.41999816894531,40.560001373291016,40.2400016784668,40.380001068115234,38.44779968261719,18233200
2025-10-16,40.41999816894531,40.56999969482422,40.18000030517578,40.36000061035156,38.42875289916992,16751200
2025-10-17,40.5,40.65999984741211,40.209999084472656,40.54999923706055,38.60966110229492,20523500
2025-10-20,40.70000076293945,40.869998931884766,40.349998474121094,40.79999923706055,38.84769821166992,28079200
2025-10-21,40.630001068115234,40.779998779296875,40.130001068115234,40.29999923706055,38.37162399291992,29881700
2025-10-22,39.56999969482422,40.209999084472656,38.91999816894531,39.79999923706055,37.89555358886719,31009500
2025-10-23,39.790000915527344,39.86000061035156,38.38999938964844,38.400001525878906,36.56254577636719,52663600
2025-10-24,38.599998474121094,38.91999816894531,38.540000915527344,38.81999969482422,36.962440490722656,27485700
2025-10-27,38.810001373291016,39.290000915527344,38.77000045776367,39.22999954223633,37.35282516479492,27487200
2025-10-28,39.150001525878906,39.52000045776367,38.95000076293945,39.31999969482422,37.43851852416992,30719200
2025-10-29,40.93000030517578,41.31999969482422,39.66999816894531,40.209999084472656,38.28593063354492,53730200
2025-10-30,40.02000045776367,40.189998626708984,38.77000045776367,38.959999084472656,37.09574508666992,47371000
2025-10-31,38.97999954223633,39.959999084472656,38.779998779296875,39.7400016784668,37.83842468261719,52181800
2025-11-03,39.5099983215332,39.61000061035156,38.84000015258789,39.470001220703125,37.58134460449219,39851100
2025-11-04,39.56999969482422,39.66999816894531,39.16999816894531,39.31999969482422,37.43851852416992,33632800
2025-11-05,39.33000183105469,39.77000045776367,39.2599983215332,39.689998626708984,37.79081726074219,22947100
2025-11-06,39.52000045776367,39.88999938964844,39.380001068115234,39.81999969482422,37.91459274291992,30949700
2025-11-07,39.939998626708984,40.31999969482422,39.65999984741211,40.029998779296875,38.11454391479492,28389500
2025-11-10,39.900001525878906,40.150001525878906,39.56999969482422,39.849998474121094,37.94315719604492,22414400
2025-11-11,40.04999923706055,40.779998779296875,40.040000915527344,40.70000076293945,38.75248336791992,25360900
2025-11-12,40.779998779296875,40.959999084472656,40.7400016784668,40.79999923706055,38.84769821166992,17834000
2025-11-13,40.84000015258789,41.72999954223633,40.7400016784668,41.11000061035156,39.14287185668945,30487400
2025-11-14,41.31999969482422,41.41999816894531,40.650001525878906,41.060001373291016,39.09526062011719,29368500
2025-11-17,41.060001373291016,41.279998779296875,40.880001068115234,41.0099983215332,39.04765319824219,21620800
2025-11-18,41.029998779296875,41.5,40.9900016784668,41.47999954223633,39.49515914916992,24067500
2025-11-19,41.5,41.61000061035156,40.939998626708984,41.189998626708984,39.21903610229492,21895000
2025-11-20,41.150001525878906,41.439998626708984,40.650001525878906,40.7599983215332,38.80961227416992,32173600
2025-11-21,40.66999816894531,41.61000061035156,40.41999816894531,41.22999954223633,39.25712585449219,32037600
2025-11-24,41.349998474121094,41.459999084472656,40.150001525878906,40.209999084472656,38.28593063354492,44805100
2025-11-25,40.59000015258789,40.79999923706055,40.40999984741211,40.59000015258789,38.64774703979492,24375300
2025-11-26,40.59000015258789,40.970001220703125,40.560001373291016,40.880001068115234,38.92387390136719,15186100
2025-11-28,40.81999969482422,41.130001068115234,40.709999084472656,41.11000061035156,39.14287185668945,9926300
2025-12-01,40.959999084472656,41.09000015258789,40.68000030517578,40.7400016784668,38.79057312011719,19655900
2025-12-02,40.75,40.7599983215332,40.36000061035156,40.61000061035156,38.66679382324219,23194100
2025-12-03,40.7400016784668,41.31999969482422,40.65999984741211,40.66999816894531,38.72392272949219,19910700
2025-12-04,40.86000061035156,41.349998474121094,40.66999816894531,41.2599983215332,39.28568649291992,28382300
2025-12-05,41.2599983215332,42.060001373291016,41.2400016784668,41.689998626708984,39.69511413574219,27802700
2025-12-08,41.75,41.75,40.91999816894531,41.29999923706055,39.32377243041992,22932000
2025-12-09,41.22999954223633,41.47999954223633,40.11000061035156,40.13999938964844,38.21928024291992,31770600
2025-12-10,40.20000076293945,40.2599983215332,39.68000030517578,39.91999816894531,38.00980758666992,40053400
2025-12-11,40.0,40.54999923706055,39.970001220703125,40.220001220703125,38.29545593261719,21895000
2025-12-12,40.220001220703125,40.97999954223633,40.099998474121094,40.88999938964844,38.93339538574219,20600000
2025-12-15,40.900001525878906,41.310001373291016,40.79999923706055,40.79999923706055,38.84769821166992,34725800
2025-12-16,40.900001525878906,41.0,40.650001525878906,40.75,38.80009078979492,22709800
2025-12-17,40.779998779296875,40.900001525878906,40.470001220703125,40.880001068115234,38.92387390136719,22316100
2025-12-18,40.779998779296875,40.90999984741211,40.38999938964844,40.40999984741211,38.47636032104492,18822600
2025-12-19,40.13999938964844,40.2400016784668,39.810001373291016,39.81999969482422,37.91459274291992,53345100
2025-12-22,39.720001220703125,40.060001373291016,39.65999984741211,39.97999954223633,38.06693649291992,21111600
2025-12-23,40.0,40.20000076293945,39.869998931884766,39.91999816894531,38.00980758666992,19761800
2025-12-24,39.93000030517578,40.34000015258789,39.88999938964844,40.31999969482422,38.39066696166992,7949500
2025-12-26,40.27000045776367,40.540000915527344,40.27000045776367,40.47999954223633,38.54301071166992,11875400
2025-12-29,40.5099983215332,40.70000076293945,40.380001068115234,40.47999954223633,38.54301071166992,16846700
2025-12-30,40.47999954223633,40.77000045776367,40.41999816894531,40.70000076293945,38.75248336791992,15581300
2025-12-31,40.709999084472656,40.959999084472656,40.66999816894531,40.72999954223633,38.78104782104492,17454800
2026-01-02,40.77000045776367,40.900001525878906,40.29999923706055,40.52000045776367,38.58109664916992,30856800
2026-01-05,40.43000030517578,40.52000045776367,39.83000183105469,40.22999954223633,38.30497741699219,43091700
2026-01-06,40.34000015258789,40.459999084472656,39.9900016784668,40.29999923706055,38.37162399291992,32758400
2026-01-07,40.54999923706055,40.79999923706055,39.9900016784668,40.130001068115234,38.20976257324219,26834100
2026-01-08,40.16999816894531,40.72999954223633,40.060001373291016,40.56999969482422,38.62870788574219,28103000
2026-01-09,40.56999969482422,40.7599983215332,40.290000915527344,40.459999084472656,38.52396774291992,32108600
2026-01-12,39.81999969482422,40.060001373291016,39.5099983215332,39.84000015258789,38.59177780151367,31259300
2026-01-13,39.84000015258789,39.91999816894531,38.79999923706055,39.0099983215332,37.78778076171875,37255500
2026-01-14,39.119998931884766,39.849998474121094,39.099998474121094,39.83000183105469,38.58209228515625,25714700
2026-01-15,39.83000183105469,39.86000061035156,39.2400016784668,39.36000061035156,38.12681579589844,26483000
2026-01-16,39.099998474121094,39.349998474121094,38.900001525878906,38.90999984741211,37.690914154052734,38980200
2026-01-20,38.88999938964844,39.220001220703125,38.68000030517578,39.08000183105469,37.8555908203125,30650900
2026-01-21,39.099998474121094,39.31999969482422,38.959999084472656,39.2400016784668,38.01057815551758,21158800
2026-01-22,39.31999969482422,39.689998626708984,39.25,39.47999954223633,38.24305725097656,18880500
2026-01-23,39.45000076293945,39.560001373291016,39.060001373291016,39.52000045776367,38.28180694580078,21849400
2026-01-26,39.68000030517578,39.79999923706055,39.529998779296875,39.619998931884766,38.37866973876953,21081800
2026-01-27,39.65999984741211,39.68000030517578,39.189998626708984,39.31999969482422,38.088069915771484,26108800
2026-01-28,39.40999984741211,39.86000061035156,39.36000061035156,39.40999984741211,38.17525100708008,24412500
2026-01-29,39.58000183105469,40.29999923706055,39.47999954223633,39.810001373291016,38.56271743774414,44347500
2026-01-30,42.0099983215332,44.630001068115234,41.380001068115234,44.52000045776367,43.125152587890625,123584700
2026-02-02,44.58000183105469,45.47999954223633,43.880001068115234,44.61000061035156,43.21232986450195,64539400
2026-02-03,44.63999938964844,46.7599983215332,44.5,46.25,44.80094528198242,60299100
2026-02-04,46.779998779296875,47.54999923706055,46.16999816894531,47.0099983215332,45.537132263183594,46213100
2026-02-05,47.209999084472656,47.58000183105469,46.650001525878906,47.099998474121094,45.62431335449219,42866500
2026-02-06,46.970001220703125,47.25,46.060001373291016,46.310001373291016,44.859066009521484,36094600
2026-02-09,46.15999984741211,47.06999969482422,45.81999969482422,47.02000045776367,45.54682159423828,26954800
2026-02-10,47.02000045776367,47.790000915527344,46.77000045776367,47.38999938964844,45.90522766113281,32147000
2026-02-11,47.18000030517578,49.13999938964844,47.16999816894531,48.970001220703125,47.43572998046875,48933100
2026-02-12,48.900001525878906,50.2400016784668,48.900001525878906,49.459999084472656,47.910369873046875,56131100
2026-02-13,49.15999984741211,49.43000030517578,48.630001068115234,49.0099983215332,47.47446823120117,31998500
2026-02-17,49.29999923706055,49.5,48.779998779296875,48.93000030517578,47.39698028564453,24327500
2026-02-18,48.63999938964844,48.95000076293945,47.83000183105469,48.04999923706055,46.544551849365234,29318100
2026-02-19,48.88999938964844,49.150001525878906,48.4900016784668,48.63999938964844,47.116065979003906,26530600
2026-02-20,49.029998779296875,49.34000015258789,48.529998779296875,49.25,47.70695114135742,25456700
2026-02-23,49.349998474121094,50.47999954223633,49.25,49.68000030517578,48.12348175048828,30113000
2026-02-24,49.779998779296875,50.08000183105469,49.38999938964844,49.86000061035156,48.29784393310547,23816700
2026-02-25,49.650001525878906,49.849998474121094,49.16999816894531,49.22999954223633,47.68758010864258,21693000
2026-02-26,49.2599983215332,49.4900016784668,48.869998931884766,48.88999938964844,47.35823440551758,23662600
2026-02-27,49.36000061035156,50.150001525878906,49.22999954223633,50.13999938964844,48.569068908691406,34693500
2026-03-02,49.97999954223633,50.2599983215332,49.630001068115234,49.97999954223633,48.41408157348633,23725700
2026-03-03,49.72999954223633,51.099998474121094,49.369998931884766,50.869998931884766,49.27619552612305,31586900
2026-03-04,50.40999984741211,51.40999984741211,50.150001525878906,51.20000076293945,49.59585952758789,22816000
2026-03-05,50.970001220703125,51.31999969482422,50.34000015258789,51.18000030517578,49.57648468017578,27534300
2026-03-06,51.09000015258789,51.25,50.40999984741211,51.119998931884766,49.51836395263672,23562600
2026-03-09,51.0,51.099998474121094,50.36000061035156,50.45000076293945,48.86935806274414,29057400
2026-03-10,50.310001373291016,50.81999969482422,50.02000045776367,50.709999084472656,49.12120819091797,20031300
2026-03-11,50.880001068115234,50.880001068115234,50.060001373291016,50.68000030517578,49.09214782714844,21554200
2026-03-12,50.45000076293945,50.95000076293945,49.810001373291016,50.630001068115234,49.04372024536133,26296100
2026-03-13,50.95000076293945,51.66999816894531,50.95000076293945,51.380001068115234,49.77021789550781,21780900
2026-03-16,51.36000061035156,51.459999084472656,50.75,50.970001220703125,49.37306594848633,20017500
2026-03-17,51.29999923706055,51.29999923706055,50.36000061035156,50.52000045776367,48.937164306640625,23765200
2026-03-18,50.369998931884766,50.47999954223633,49.380001068115234,49.59000015258789,48.03630447387695,32972500
2026-03-19,49.59000015258789,50.290000915527344,48.90999984741211,49.47999954223633,47.92974853515625,31234700
2026-03-20,49.7400016784668,50.459999084472656,49.4900016784668,49.97999954223633,48.41408157348633,67321800
2026-03-23,50.040000915527344,50.75,49.619998931884766,50.58000183105469,48.99528503417969,26390300
2026-03-24,50.54999923706055,51.68000030517578,50.47999954223633,50.90999984741211,49.314945220947266,20264600
2026-03-25,50.650001525878906,50.83000183105469,50.290000915527344,50.369998931884766,48.79186248779297,21920200
2026-03-26,50.56999969482422,51.25,50.43000030517578,50.7400016784668,49.150272369384766,24423300
2026-03-27,51.0,51.45000076293945,50.279998779296875,50.310001373291016,48.73374557495117,26273400
2026-03-30,50.869998931884766,50.91999816894531,50.150001525878906,50.29999923706055,48.724056243896484,23797600
2026-03-31,50.54999923706055,50.54999923706055,49.7400016784668,50.20000076293945,48.62718963623047,30514900
2026-04-01,50.06999969482422,50.16999816894531,49.16999816894531,49.38999938964844,47.84256362915039,28398900
2026-04-02,49.810001373291016,49.900001525878906,49.279998779296875,49.400001525878906,47.852256774902344,22737800
2026-04-06,49.400001525878906,49.72999954223633,49.029998779296875,49.150001525878906,47.61008834838867,17542700
2026-04-07,49.099998474121094,49.22999954223633,48.529998779296875,48.619998931884766,47.0966911315918,21945900
2026-04-08,47.880001068115234,48.15999984741211,47.119998931884766,48.040000915527344,46.53486251831055,34143200
2026-04-09,47.810001373291016,48.16999816894531,47.2599983215332,47.779998779296875,46.28300857543945,29376900
2026-04-10,47.09000015258789,47.099998474121094,45.95000076293945,46.040000915527344,45.268306732177734,25248600
2026-04-13,46.09000015258789,46.09000015258789,45.040000915527344,45.41999816894531,44.658695220947266,32920900
2026-04-14,44.77000045776367,45.47999954223633,44.27000045776367,45.47999954223633,44.71769332885742,31187400
2026-04-15,45.33000183105469,45.38999938964844,44.93000030517578,45.029998779296875,44.27523422241211,26230300
2026-04-16,45.22999954223633,46.86000061035156,45.040000915527344,46.779998779296875,45.99590301513672,26004100
2026-04-17,46.11000061035156,46.88999938964844,46.08000183105469,46.54999923706055,45.76975631713867,20004700
2026-04-20,46.59000015258789,46.970001220703125,46.2599983215332,46.439998626708984,45.66160202026367,16608100
2026-04-21,46.52000045776367,47.02000045776367,46.130001068115234,46.27000045776367,45.49445343017578,28978400
2026-04-22,45.880001068115234,46.150001525878906,45.16999816894531,45.97999954223633,45.209312438964844,22129500
2026-04-23,46.47999954223633,47.52000045776367,46.29999923706055,47.220001220703125,46.42852783203125,22750200
2026-04-24,47.060001373291016,47.34000015258789,46.380001068115234,46.380001068115234,45.60260772705078,26602300
2026-04-27,47.43000030517578,48.650001525878906,46.7400016784668,47.099998474121094,46.31053924560547,37920100
2026-04-28,47.9900016784668,48.18000030517578,46.599998474121094,47.2400016784668,46.44819641113281,28369800
2026-04-29,47.18000030517578,47.529998779296875,46.2599983215332,46.61000061035156,45.82875442504883,24195700
2026-04-30,46.86000061035156,48.04999923706055,46.83000183105469,48.029998779296875,47.22494888305664,34708800
2026-05-01,48.290000915527344,48.4900016784668,47.810001373291016,48.11000061035156,47.303611755371094,24123000
2026-05-04,47.81999969482422,47.880001068115234,47.33000183105469,47.56999969482422,46.77266311645508,18080100
2026-05-05,47.540000915527344,47.790000915527344,47.20000076293945,47.34000015258789,46.54651641845703,15148100
2026-05-06,47.16999816894531,47.61000061035156,46.90999984741211,47.439998626708984,46.644840240478516,19336400
2026-05-07,47.22999954223633,47.650001525878906,47.060001373291016,47.09000015258789,46.30070877075195,18839600
2026-05-08,47.209999084472656,47.459999084472656,46.95000076293945,47.220001220703125,46.42852783203125,16349800
2026-05-11,47.5,47.9900016784668,46.970001220703125,47.22999954223633,46.43836212158203,18560100
2026-05-12,47.70000076293945,48.18000030517578,47.27000045776367,47.93000030517578,47.12662887573242,18131900
2026-05-13,47.88999938964844,48.279998779296875,47.16999816894531,47.209999084472656,46.41869354248047,21212800
2026-05-14,47.459999084472656,47.5,46.90999984741211,47.060001373291016,46.27121353149414,16585100
2026-05-15,47.47999954223633,47.4900016784668,46.34000015258789,46.369998931884766,45.5927734375,23356600
2026-05-18,46.599998474121094,47.02000045776367,45.810001373291016,46.7599983215332,45.97623825073242,25427400
2026-05-19,46.810001373291016,47.790000915527344,46.790000915527344,47.7400016784668,46.939815521240234,24593800
2026-05-20,47.72999954223633,48.09000015258789,47.4900016784668,47.81999969482422,47.018470764160156,16714600
2026-05-21,47.61000061035156,48.279998779296875,47.380001068115234,48.27000045776367,47.46092987060547,15841900
2026-05-22,48.5,48.52000045776367,48.04999923706055,48.349998474121094,47.53958511352539,14717700
2026-05-26,48.290000915527344,48.689998626708984,47.86000061035156,48.4900016784668,47.677242279052734,23013700
2026-05-27,48.43000030517578,48.959999084472656,48.119998931884766,48.2400016784668,47.431434631347656,15109800
2026-05-28,48.47999954223633,48.4900016784668,47.77000045776367,48.0099983215332,47.205284118652344,20714100
2026-05-29,48.060001373291016,48.15999984741211,47.34000015258789,47.810001373291016,47.00864028930664,40404700
2026-06-01,47.5,48.040000915527344,47.470001220703125,47.72999954223633,46.92998123168945,14647700
2026-06-02,47.779998779296875,48.13999938964844,47.27000045776367,47.869998931884766,47.067630767822266,14902900
2026-06-03,47.45000076293945,47.54999923706055,46.13999938964844,46.650001525878906,45.86808395385742,27861900
2026-06-04,47.13999938964844,47.34000015258789,44.29999923706055,44.869998931884766,44.117916107177734,33072500
2026-06-05,45.2400016784668,46.11000061035156,45.0,45.369998931884766,44.609535217285156,23121400
2026-06-08,45.29999923706055,45.83000183105469,45.099998474121094,45.439998626708984,44.67836380004883,18994700
2026-06-09,45.290000915527344,46.09000015258789,44.790000915527344,45.779998779296875,45.012664794921875,24758100
2026-06-10,46.459999084472656,47.029998779296875,45.95000076293945,46.95000076293945,46.163055419921875,25239500
2026-06-11,47.349998474121094,48.060001373291016,46.900001525878906,46.939998626708984,46.153221130371094,26889400
2026-06-12,47.40999984741211,48.209999084472656,47.0,48.11000061035156,47.303611755371094,21956900
2026-06-15,47.31999969482422,47.75,47.02000045776367,47.06999969482422,46.281044006347656,24208500
2026-06-16,47.099998474121094,47.400001525878906,46.310001373291016,46.72999954223633,45.946739196777344,20698400
2026-06-17,46.5099983215332,46.61000061035156,45.22999954223633,45.84000015258789,45.071659088134766,33481500
2026-06-18,45.790000915527344,46.060001373291016,45.36000061035156,45.369998931884766,44.609535217285156,66305300
2026-06-22,45.369998931884766,45.88999938964844,45.150001525878906,45.36000061035156,44.59970474243164,19293000
2026-06-23,45.709999084472656,46.849998474121094,45.400001525878906,46.72999954223633,45.946739196777344,23019100
2026-06-24,46.459999084472656,46.79999923706055,45.43000030517578,45.68000030517578,44.91434097290039,25280100
2026-06-25,45.540000915527344,46.2599983215332,45.33000183105469,46.06999969482422,45.29780197143555,17584000
2026-06-26,46.20000076293945,46.59000015258789,46.0,46.540000915527344,45.759925842285156,38132700
2026-06-29,45.56999969482422,45.849998474121094,42.779998779296875,44.099998474121094,43.36082077026367,55387600
2026-06-30,44.220001220703125,44.36000061035156,42.0,42.34000015258789,41.63032531738281,60542600
2026-07-01,42.38999938964844,42.79999923706055,41.4900016784668,41.9900016784668,41.28619384765625,57139600
2026-07-02,42.2400016784668,43.08000183105469,40.7599983215332,42.560001373291016,41.84663772583008,59019100
2026-07-06,42.900001525878906,43.15999984741211,41.630001068115234,42.06999969482422,41.36484909057617,55342900
2026-07-07,42.70000076293945,43.5,42.41999816894531,42.59000015258789,41.87613296508789,34682400
2026-07-08,42.47999954223633,43.2400016784668,42.25,42.45000076293945,41.73847961425781,23082100
2026-07-09,42.20000076293945,42.34000015258789,41.65999984741211,42.2400016784668,41.53200149536133,28215800
2026-07-10,41.61000061035156,42.439998626708984,41.34000015258789,42.119998931884766,42.119998931884766,27705400
2026-07-13,42.65999984741211,42.849998474121094,42.349998474121094,42.68000030517578,42.68000030517578,24782000
2026-07-14,42.63999938964844,42.810001373291016,42.209999084472656,42.470001220703125,42.470001220703125,17515400
2026-07-15,42.27000045776367,43.34000015258789,42.209999084472656,42.83000183105469,42.83000183105469,23029200
2026-07-16,43.0,44.220001220703125,42.88999938964844,43.880001068115234,43.880001068115234,25260300
2026-07-17,44.63999938964844,45.02000045776367,43.27000045776367,43.59000015258789,43.59000015258789,31014400
2026-07-20,43.279998779296875,43.65999984741211,43.13999938964844,43.5,43.5,21344400
2026-07-21,43.25,43.869998931884766,42.88999938964844,43.779998779296875,43.779998779296875,20340100
2026-07-22,45.040000915527344,45.119998931884766,44.15999984741211,44.290000915527344,44.290000915527344,23734300
2026-07-23,44.15999984741211,44.58000183105469,43.779998779296875,43.81999969482422,43.81999969482422,28013500
2026-07-24,44.08000183105469,46.439998626708984,43.72999954223633,46.380001068115234,46.380001068115234,40755200
2026-07-27,46.380001068115234,47.560001373291016,46.31999969482422,47.31999969482422,47.31999969482422,30409500
2026-07-28,47.849998474121094,49.0099983215332,47.79999923706055,48.189998626708984,48.189998626708984,29692600
2026-07-29,48.47999954223633,48.540000915527344,45.70000076293945,47.220001220703125,47.220001220703125,41396200
2026-07-30,46.400001525878906,47.09000015258789,45.72999954223633,46.11000061035156,46.11000061035156,20937900
2026-07-31,45.900001525878906,46.90999984741211,45.470001220703125,46.810001373291016,46.810001373291016,28291300
2026-08-03,47.31999969482422,47.810001373291016,47.150001525878906,47.36000061035156,47.36000061035156,23007900
2026-08-04,47.0,47.08000183105469,46.060001373291016,46.880001068115234,46.880001068115234,23748600
2026-08-05,46.0,46.90999984741211,45.09000015258789,46.470001220703125,46.470001220703125,39580600
2026-08-06,47.20000076293945,47.47999954223633,46.58000183105469,46.9900016784668,46.9900016784668,24297000
2026-08-07,46.34000015258789,47.060001373291016,46.09000015258789,47.060001373291016,47.060001373291016,20545000
2026-08-10,46.7400016784668,47.119998931884766,46.099998474121094,47.029998779296875,47.029998779296875,15462500
2026-08-11,46.900001525878906,47.45000076293945,46.79999923706055,47.27000045776367,47.27000045776367,13314600
2026-08-12,46.88999938964844,47.08000183105469,46.61000061035156,46.97999954223633,46.97999954223633,12120500
2026-08-13,47.029998779296875,48.2400016784668,47.0,48.220001220703125,48.220001220703125,17937300
2026-08-14,48.459999084472656,48.61000061035156,48.189998626708984,48.47999954223633,48.47999954223633,15062300
2026-08-17,48.2400016784668,48.68000030517578,48.0,48.060001373291016,48.060001373291016,14466200
2026-08-18,48.56999969482422,49.0099983215332,48.40999984741211,48.540000915527344,48.540000915527344,14376300
2026-08-19,48.599998474121094,49.599998474121094,48.59000015258789,49.36000061035156,49.36000061035156,17796000
2026-08-20,49.279998779296875,49.59000015258789,49.13999938964844,49.189998626708984,49.189998626708984,12546300
2026-08-21,49.369998931884766,49.720001220703125,49.16999816894531,49.45000076293945,49.45000076293945,15078100
2026-08-24,49.4900016784668,50.279998779296875,49.36000061035156,50.150001525878906,50.150001525878906,19498700
2026-08-25,50.0,50.33000183105469,49.790000915527344,50.25,50.25,21337600
2026-08-26,50.310001373291016,50.779998779296875,50.08000183105469,50.189998626708984,50.189998626708984,20720800
2026-08-27,49.560001373291016,49.900001525878906,49.119998931884766,49.43000030517578,49.43000030517578,16389700
2026-08-28,49.54999923706055,50.33000183105469,49.540000915527344,50.099998474121094,50.099998474121094,15790100
2026-08-31,50.060001373291016,50.540000915527344,49.90999984741211,50.02000045776367,50.02000045776367,21403000
2026-09-01,50.5,50.93000030517578,50.2400016784668,50.29999923706055,50.29999923706055,20187700
2026-09-02,50.5,50.84000015258789,50.150001525878906,50.220001220703125,50.220001220703125,18674600
2026-09-03,50.61000061035156,50.81999969482422,50.150001525878906,50.59000015258789,50.59000015258789,17998500
2026-09-04,50.54999923706055,50.709999084472656,50.08000183105469,50.13999938964844,50.13999938964844,13418500
2026-09-08,49.97999954223633,50.650001525878906,49.77000045776367,50.40999984741211,50.40999984741211,16036300
2026-09-09,50.189998626708984,50.290000915527344,48.81999969482422,49.7400016784668,49.7400016784668,22574700
2026-09-10,50.0099983215332,50.61000061035156,49.779998779296875,49.970001220703125,49.970001220703125,18475800
2026-09-11,50.29999923706055,50.81999969482422,50.220001220703125,50.61000061035156,50.61000061035156,16456300
2026-09-14,50.939998626708984,51.4900016784668,50.91999816894531,51.290000915527344,51.290000915527344,18116700
2026-09-15,51.11000061035156,51.66999816894531,51.11000061035156,51.45000076293945,51.45000076293945,18718100
2026-09-16,51.25,51.560001373291016,49.33000183105469,49.7599983215332,49.7599983215332,24326800
2026-09-17,49.900001525878906,49.9900016784668,48.31999969482422,48.33000183105469,48.33000183105469,28685200
2026-09-18,47.5,48.189998626708984,47.20000076293945,48.09000015258789,48.09000015258789,45527600
2026-09-21,48.18000030517578,48.349998474121094,47.560001373291016,47.68000030517578,47.68000030517578,19992500
2026-09-22,47.779998779296875,47.790000915527344,46.16999816894531,46.45000076293945,46.45000076293945,32681100
2026-09-23,46.599998474121094,47.11000061035156,46.15999984741211,46.52000045776367,46.52000045776367,20933700
2026-09-24,46.91999816894531,47.77000045776367,46.91999816894531,47.31999969482422,47.31999969482422,21038900
2026-09-25,47.22999954223633,47.310001373291016,46.900001525878906,47.08000183105469,47.08000183105469,13417600
2026-09-28,47.040000915527344,47.099998474121094,46.43000030517578,46.68000030517578,46.68000030517578,16944000
2026-09-29,46.560001373291016,46.90999984741211,45.97999954223633,45.97999954223633,45.97999954223633,19114200
2026-09-30,46.09000015258789,46.34000015258789,45.72999954223633,45.869998931884766,45.869998931884766,19960700
