Date,Open,High,Low,Close,Adj Close,Volume
2020-12-31,48.06666564941406,48.09000015258789,47.616668701171875,48.04999923706055,44.60921859741211,17814000
2021-01-04,48.099998474121094,48.96333312988281,48.09333419799805,48.84333419799805,45.34574890136719,32182200
2021-01-05,48.866668701171875,49.02333450317383,48.163333892822266,48.58333206176758,45.10436248779297,26498100
2021-01-06,48.36333465576172,49.366668701171875,48.336666107177734,48.88666534423828,45.3859748840332,21918900
2021-01-07,49.206668853759766,49.253334045410156,48.68000030517578,48.883331298828125,45.38287353515625,20538000
2021-01-08,48.959999084472656,49.0,48.60333251953125,48.87666702270508,45.37668991088867,24478200
2021-01-11,48.66666793823242,49.33000183105469,48.66666793823242,49.0966682434082,45.5809440612793,26264400
2021-01-12,49.66666793823242,49.97666549682617,49.439998626708984,49.65666580200195,46.10083770751953,23373300
2021-01-13,49.58333206176758,49.689998626708984,49.143333435058594,49.150001525878906,45.630455017089844,16069500
2021-01-14,49.27333450317383,49.33333206176758,48.68000030517578,48.9900016784668,45.481910705566406,23017200
2021-01-15,48.380001068115234,48.633331298828125,47.88999938964844,48.21333312988281,44.76087188720703,35920500
2021-01-19,48.21333312988281,48.356666564941406,47.55666732788086,47.79666519165039,44.374027252197266,24123600
2021-01-20,47.86333465576172,48.5533332824707,47.630001068115234,48.503334045410156,45.03009796142578,23775600
2021-01-21,48.45333480834961,48.57666778564453,48.06999969482422,48.28333282470703,44.82584762573242,14325900
2021-01-22,48.53333282470703,49.11333465576172,48.37333297729492,48.776668548583984,45.28386306762695,19219500
2021-01-25,48.45333480834961,48.75,48.09000015258789,48.733333587646484,45.24363327026367,19031100
2021-01-26,48.543331146240234,49.27000045776367,48.4900016784668,49.16999816894531,45.64902877807617,15031500
2021-01-27,48.98666763305664,49.28666687011719,47.849998474121094,47.9466667175293,44.51328659057617,29910300
2021-01-28,48.1533317565918,48.753334045410156,47.87666702270508,47.91666793823242,44.48543930053711,22301700
2021-01-29,47.72666549682617,47.91666793823242,46.78333282470703,46.83000183105469,43.476585388183594,32509200
2021-02-01,46.970001220703125,47.163333892822266,46.39666748046875,46.42333221435547,43.09904861450195,25945200
2021-02-02,46.586666107177734,47.383331298828125,46.47999954223633,46.92333221435547,43.56324005126953,27002400
2021-02-03,46.88666534423828,47.349998474121094,46.87666702270508,47.06666564941406,43.69630813598633,14966700
2021-02-04,47.26333236694336,47.72666549682617,47.086666107177734,47.5099983215332,44.10789489746094,17346300
2021-02-05,47.81999969482422,48.28333282470703,47.5099983215332,48.119998931884766,44.67421340942383,20451600
2021-02-08,48.27000045776367,48.526668548583984,48.1533317565918,48.34333419799805,44.881561279296875,15825300
2021-02-09,48.19333267211914,48.77333450317383,48.19333267211914,48.61000061035156,45.129127502441406,15906900
2021-02-10,48.61000061035156,48.633331298828125,47.8466682434082,48.043331146240234,44.603031158447266,18576900
2021-02-11,48.04666519165039,48.31666564941406,47.9033317565918,48.00666809082031,44.56899642944336,12791400
2021-02-12,48.0533332824707,48.20333480834961,47.88999938964844,48.15666580200195,44.708251953125,13423500
2021-02-16,48.64666748046875,48.79666519165039,48.310001373291016,48.5533332824707,45.07651901245117,27891000
2021-02-17,48.21666717529297,49.16666793823242,48.16666793823242,49.06666564941406,45.5530891418457,25571100
2021-02-18,46.33333206176758,46.900001525878906,45.83333206176758,45.88666534423828,42.600799560546875,96927300
2021-02-19,45.93333435058594,46.473331451416016,45.88999938964844,46.11333465576172,42.81124496459961,36606000
2021-02-22,45.913333892822266,46.11333465576172,45.41666793823242,45.89666748046875,42.61008834838867,32106600
2021-02-23,45.70333480834961,45.79666519165039,45.02000045776367,45.15666580200195,41.923072814941406,31300200
2021-02-24,45.290000915527344,45.38666534423828,44.349998474121094,44.4033317565918,41.22368621826172,46565700
2021-02-25,44.366668701171875,44.66999816894531,43.82666778564453,43.983333587646484,40.833763122558594,33324600
2021-02-26,43.82666778564453,43.936668395996094,43.28666687011719,43.30666732788086,40.20555877685547,42470700
2021-03-01,43.86000061035156,44.189998626708984,43.709999084472656,43.790000915527344,40.654273986816406,34634400
2021-03-02,43.836666107177734,44.25,43.336666107177734,43.369998931884766,40.26434326171875,29230800
2021-03-03,43.16666793823242,43.310001373291016,42.516666412353516,42.529998779296875,39.4844970703125,41837400
2021-03-04,42.619998931884766,43.19333267211914,42.09333419799805,42.5099983215332,39.4659423828125,45348000
2021-03-05,42.276668548583984,43.25,42.25,43.040000915527344,39.95798110961914,34073700
2021-03-08,43.11000061035156,43.279998779296875,42.60333251953125,42.62666702270508,39.57424545288086,40988400
2021-03-09,42.93333435058594,43.293331146240234,42.77333450317383,42.96333312988281,39.886802673339844,31988700
2021-03-10,42.95333480834961,44.349998474121094,42.823333740234375,44.060001373291016,40.904937744140625,44929200
2021-03-11,44.45333480834961,44.496665954589844,43.84333419799805,44.043331146240234,40.88945770263672,35489700
2021-03-12,44.17333221435547,44.84000015258789,44.026668548583984,44.706668853759766,41.505306243896484,28437600
2021-03-15,44.913333892822266,44.91666793823242,44.27333450317383,44.47666549682617,41.29177474975586,25071900
2021-03-16,44.27333450317383,44.7599983215332,44.27333450317383,44.46333312988281,41.27939224243164,19881000
2021-03-17,44.16666793823242,44.380001068115234,43.99333190917969,44.09333419799805,40.93589782714844,24156300
2021-03-18,43.720001220703125,43.983333587646484,43.310001373291016,43.336666107177734,40.401390075683594,29815500
2021-03-19,43.37666702270508,44.16666793823242,43.29999923706055,43.913333892822266,40.938995361328125,57703500
2021-03-22,43.66666793823242,44.150001525878906,43.663333892822266,44.12333297729492,41.1347770690918,24654000
2021-03-23,43.9033317565918,44.766666412353516,43.87666702270508,44.64666748046875,41.622657775878906,29154900
2021-03-24,44.810001373291016,44.810001373291016,44.349998474121094,44.369998931884766,41.3647346496582,23547300
2021-03-25,44.41999816894531,44.84333419799805,44.290000915527344,44.66999816894531,41.64441680908203,28125900
2021-03-26,44.66666793823242,45.06666564941406,44.473331451416016,45.043331146240234,41.99245834350586,28653600
2021-03-29,45.0,45.66999816894531,44.866668701171875,45.55666732788086,42.47102355957031,30146400
2021-03-30,45.44333267211914,45.86333465576172,45.15666580200195,45.246665954589844,42.18201446533203,27230100
2021-03-31,45.18333435058594,45.619998931884766,44.98666763305664,45.276668548583984,42.20999526977539,24546000
2021-04-01,45.313331604003906,45.630001068115234,45.11000061035156,45.206668853759766,42.14474105834961,25595100
2021-04-05,45.573333740234375,46.720001220703125,45.400001525878906,46.47666549682617,43.32870864868164,40043100
2021-04-06,46.369998931884766,46.983333587646484,46.17333221435547,46.70000076293945,43.536922454833984,31044600
2021-04-07,46.766666412353516,46.91666793823242,46.54999923706055,46.599998474121094,43.44369125366211,20361600
2021-04-08,46.81666564941406,47.040000915527344,46.5533332824707,46.56999969482422,43.41572952270508,19095600
2021-04-09,46.543331146240234,46.6966667175293,46.23666763305664,46.59333419799805,43.437477111816406,20676600
2021-04-12,46.689998626708984,46.793331146240234,46.4466667175293,46.599998474121094,43.44369125366211,18723000
2021-04-13,46.599998474121094,46.66666793823242,46.290000915527344,46.456668853759766,43.31006622314453,17397900
2021-04-14,46.37333297729492,46.48666763305664,46.13999938964844,46.439998626708984,43.294532775878906,21924600
2021-04-15,46.46666717529297,46.823333740234375,46.400001525878906,46.720001220703125,43.55556869506836,21710400
2021-04-16,46.96333312988281,46.98666763305664,46.56999969482422,46.869998931884766,43.695404052734375,26488500
2021-04-19,46.76333236694336,46.856666564941406,46.53666687011719,46.56999969482422,43.41572952270508,19281000
2021-04-20,46.473331451416016,47.25666809082031,46.27333450317383,46.93000030517578,43.7513427734375,24452100
2021-04-21,46.92333221435547,47.233333587646484,46.84333419799805,47.06666564941406,43.87874984741211,17335200
2021-04-22,47.026668548583984,47.150001525878906,46.473331451416016,46.55666732788086,43.403297424316406,19705200
2021-04-23,46.366668701171875,46.779998779296875,46.34333419799805,46.633331298828125,43.47476577758789,22971000
2021-04-26,46.63666534423828,46.66666793823242,45.880001068115234,45.970001220703125,42.856361389160156,22846200
2021-04-27,46.0,46.31666564941406,45.849998474121094,46.12666702270508,43.002418518066406,16151400
2021-04-28,46.116668701171875,46.1966667175293,45.956668853759766,45.96333312988281,42.85013961791992,14286600
2021-04-29,45.96666717529297,46.66666793823242,45.96666717529297,46.543331146240234,43.3908576965332,19596000
2021-04-30,46.56999969482422,46.663333892822266,46.369998931884766,46.63666534423828,43.477874755859375,19680000
2021-05-03,46.560001373291016,47.58000183105469,46.560001373291016,47.37333297729492,44.16463851928711,27139500
2021-05-04,47.18000030517578,47.34333419799805,46.70000076293945,46.90666580200195,43.729583740234375,19084200
2021-05-05,46.9033317565918,47.06666564941406,46.75,46.866668701171875,43.69229507446289,18351000
2021-05-06,46.66666793823242,47.119998931884766,46.483333587646484,47.016666412353516,44.004276275634766,16302000
2021-05-07,47.209999084472656,47.2400016784668,46.439998626708984,46.733333587646484,43.73908615112305,23408400
2021-05-10,46.81666564941406,47.36000061035156,46.77000045776367,46.939998626708984,43.932518005371094,26307600
2021-05-11,46.956668853759766,46.956668853759766,46.106666564941406,46.516666412353516,43.53630828857422,26464200
2021-05-12,46.290000915527344,46.32666778564453,45.3033332824707,45.313331604003906,42.410072326660156,25998300
2021-05-13,45.40999984741211,46.32666778564453,45.253334045410156,46.08000183105469,43.12762451171875,21475200
2021-05-14,46.27000045776367,46.746665954589844,46.143333435058594,46.50666809082031,43.52694320678711,16091700
2021-05-17,46.66666793823242,46.79999923706055,46.25666809082031,46.29666519165039,43.330406188964844,19675800
2021-05-18,47.836666107177734,48.19333267211914,47.06999969482422,47.3033332824707,44.27257537841797,58183800
2021-05-19,46.9033317565918,47.90666580200195,46.83333206176758,47.30666732788086,44.27568817138672,34874700
2021-05-20,47.16666793823242,47.62333297729492,46.900001525878906,47.473331451416016,44.43167495727539,30540900
2021-05-21,47.50666809082031,47.69333267211914,47.20000076293945,47.25,44.222652435302734,22927500
2021-05-24,47.253334045410156,47.473331451416016,47.119998931884766,47.253334045410156,44.22577667236328,18945900
2021-05-25,47.266666412353516,47.54666519165039,47.02333450317383,47.4466667175293,44.40671920776367,21505200
2021-05-26,47.46333312988281,47.62666702270508,47.253334045410156,47.38999938964844,44.35367965698242,19294200
2021-05-27,47.78333282470703,47.893333435058594,47.22999954223633,47.22999954223633,44.20393371582031,56577000
2021-05-28,47.310001373291016,47.483333587646484,47.21333312988281,47.34333419799805,44.31001281738281,21186300
2021-06-01,47.4033317565918,47.599998474121094,47.09000015258789,47.220001220703125,44.194580078125,20767500
2021-06-02,47.130001068115234,47.23666763305664,46.6966667175293,47.116668701171875,44.09785842895508,23298000
2021-06-03,47.130001068115234,47.28333282470703,46.91666793823242,47.20000076293945,44.175865173339844,18374400
2021-06-04,47.1533317565918,47.43000030517578,47.08333206176758,47.28333282470703,44.253849029541016,13635900
2021-06-07,47.28333282470703,47.323333740234375,46.79666519165039,46.96666717529297,43.95746994018555,16630800
2021-06-08,46.836666107177734,46.96666717529297,46.60333251953125,46.61000061035156,43.62366485595703,20120700
2021-06-09,46.4466667175293,46.66999816894531,46.34333419799805,46.36000061035156,43.389671325683594,17085300
2021-06-10,46.36000061035156,46.72999954223633,46.36000061035156,46.62666702270508,43.63926315307617,16378500
2021-06-11,46.74333190917969,46.95000076293945,46.619998931884766,46.91666793823242,43.910675048828125,25232400
2021-06-14,46.97666549682617,46.97666549682617,46.676666259765625,46.85333251953125,43.85139465332031,15140700
2021-06-15,46.9466667175293,46.970001220703125,46.5533332824707,46.66666793823242,43.67668914794922,19327200
2021-06-16,46.616668701171875,46.68000030517578,45.65666580200195,45.71666717529297,42.78756332397461,28794900
2021-06-17,45.66666793823242,46.116668701171875,45.56999969482422,45.90666580200195,42.96539306640625,19341900
2021-06-18,45.14666748046875,45.46333312988281,44.79999923706055,45.05666732788086,42.16984558105469,44812800
2021-06-21,45.220001220703125,45.58333206176758,45.116668701171875,45.46666717529297,42.55358123779297,20775000
2021-06-22,45.40999984741211,45.90666580200195,45.40999984741211,45.676666259765625,42.750125885009766,19107000
2021-06-23,45.5,45.663333892822266,45.310001373291016,45.31999969482422,42.41630172729492,19390500
2021-06-24,45.38999938964844,45.746665954589844,45.366668701171875,45.63666534423828,42.71268081665039,23444100
2021-06-25,45.709999084472656,46.28666687011719,45.63999938964844,46.176666259765625,43.21809387207031,28640700
2021-06-28,46.01333236694336,46.21333312988281,45.53333282470703,46.03333282470703,43.08393478393555,15549000
2021-06-29,45.96666717529297,46.15666580200195,45.74333190917969,45.766666412353516,42.83435821533203,35962500
2021-06-30,46.52000045776367,47.526668548583984,46.22999954223633,47.00666809082031,43.99491882324219,45511200
2021-07-01,46.8033332824707,47.08333206176758,46.336666107177734,46.439998626708984,43.46455764770508,26348700
2021-07-02,46.45000076293945,47.026668548583984,46.45000076293945,46.70333480834961,43.71101379394531,26280600
2021-07-06,46.633331298828125,46.91666793823242,46.503334045410156,46.64666748046875,43.65797805786133,18279300
2021-07-07,46.586666107177734,47.063331604003906,46.45333480834961,46.56999969482422,43.58623123168945,25607400
2021-07-08,46.11333465576172,46.883331298828125,46.073333740234375,46.529998779296875,43.54877853393555,21267000
2021-07-09,46.8033332824707,46.9466667175293,46.643333435058594,46.766666412353516,43.770294189453125,15185400
2021-07-12,46.89666748046875,46.93000030517578,46.44333267211914,46.68333435058594,43.69229507446289,19515000
2021-07-13,46.663333892822266,47.060001373291016,46.64666748046875,46.86000061035156,43.85763931274414,18947700
2021-07-14,46.9033317565918,47.266666412353516,46.61000061035156,47.18333435058594,44.16025924682617,18812100
2021-07-15,47.33333206176758,47.54666519165039,47.029998779296875,47.220001220703125,44.194580078125,17974800
2021-07-16,47.233333587646484,47.37666702270508,46.983333587646484,47.186668395996094,44.16338348388672,18095400
2021-07-19,47.13666534423828,47.65999984741211,46.59000015258789,47.07666778564453,44.06043243408203,27383100
2021-07-20,46.9900016784668,47.4900016784668,46.926666259765625,47.290000915527344,44.260101318359375,19020300
2021-07-21,47.5,47.51333236694336,46.9033317565918,47.05666732788086,44.041709899902344,18591900
2021-07-22,47.043331146240234,47.37333297729492,46.93333435058594,47.09000015258789,44.072906494140625,13013400
2021-07-23,47.17333221435547,47.573333740234375,47.003334045410156,47.47666549682617,44.43479919433594,15947400
2021-07-26,47.45333480834961,47.95333480834961,47.1533317565918,47.543331146240234,44.49718475341797,18517200
2021-07-27,47.66666793823242,47.66666793823242,47.31999969482422,47.54666519165039,44.50031661987305,15395700
2021-07-28,47.49333190917969,47.75,47.220001220703125,47.35333251953125,44.319358825683594,14071500
2021-07-29,47.54666519165039,47.616668701171875,47.34000015258789,47.413333892822266,44.37552261352539,11063100
2021-07-30,47.06666564941406,47.6533317565918,47.06666564941406,47.516666412353516,44.47223663330078,16332300
2021-08-02,47.61000061035156,47.62333297729492,47.223331451416016,47.40666580200195,44.36928176879883,19958400
2021-08-03,47.47999954223633,47.96666717529297,47.45333480834961,47.939998626708984,44.86844253540039,18915300
2021-08-04,47.793331146240234,47.97999954223633,47.58000183105469,47.61333465576172,44.56270980834961,15301500
2021-08-05,48.07666778564453,48.51333236694336,47.996665954589844,48.496665954589844,45.38945007324219,27005400
2021-08-06,48.73666763305664,48.823333740234375,48.31666564941406,48.40999984741211,45.30833053588867,19263600
2021-08-09,48.63666534423828,48.82666778564453,48.46666717529297,48.526668548583984,45.41753387451172,15811800
2021-08-10,48.9900016784668,49.650001525878906,48.75,49.560001373291016,46.38465118408203,38262000
2021-08-11,49.836666107177734,50.526668548583984,49.720001220703125,50.003334045410156,46.79956817626953,41455800
2021-08-12,49.66666793823242,50.06999969482422,49.60333251953125,49.686668395996094,46.67433547973633,18269100
2021-08-13,49.793331146240234,50.119998931884766,49.720001220703125,49.84333419799805,46.821495056152344,15981300
2021-08-16,49.893333435058594,50.57666778564453,49.68000030517578,50.25,47.2035026550293,47791500
2021-08-17,50.133331298828125,50.83333206176758,49.70000076293945,50.233333587646484,47.18785095214844,50950200
2021-08-18,50.18333435058594,50.856666564941406,49.67333221435547,49.70000076293945,46.686851501464844,28211700
2021-08-19,49.44333267211914,50.220001220703125,49.33333206176758,50.03666687011719,47.003116607666016,22630500
2021-08-20,50.15999984741211,50.573333740234375,49.91666793823242,50.483333587646484,47.422698974609375,19400400
2021-08-23,50.5099983215332,50.5966682434082,50.13666534423828,50.150001525878906,47.10956954956055,16166100
2021-08-24,50.16666793823242,50.16666793823242,49.56666564941406,49.633331298828125,46.624229431152344,18828900
2021-08-25,49.470001220703125,49.7599983215332,49.34333419799805,49.6533317565918,46.64301300048828,21921300
2021-08-26,49.15666580200195,49.42333221435547,48.88999938964844,49.116668701171875,46.13888931274414,23466900
2021-08-27,49.16999816894531,49.22999954223633,48.72666549682617,48.84000015258789,45.87898635864258,23088600
2021-08-30,48.80666732788086,49.33333206176758,48.67333221435547,49.233333587646484,46.24848175048828,16440600
2021-08-31,49.33000183105469,49.47999954223633,49.08000183105469,49.366668701171875,46.37373352050781,25078500
2021-09-01,49.186668395996094,49.310001373291016,48.856666564941406,49.2599983215332,46.273529052734375,19056600
2021-09-02,49.37333297729492,49.5966682434082,49.22999954223633,49.52000045776367,46.51776885986328,20018100
2021-09-03,49.400001525878906,49.883331298828125,49.29999923706055,49.75,46.733821868896484,17211900
2021-09-07,49.65666580200195,49.723331451416016,49.02000045776367,49.09000015258789,46.11383819580078,25345200
2021-09-08,48.983333587646484,49.439998626708984,48.90999984741211,49.1533317565918,46.173336029052734,19508400
2021-09-09,49.1533317565918,49.20333480834961,48.61333465576172,48.80666732788086,45.84768295288086,22328700
2021-09-10,49.06666564941406,49.08000183105469,48.47666549682617,48.630001068115234,45.68171691894531,15775200
2021-09-13,48.84000015258789,49.04999923706055,48.21333312988281,48.35333251953125,45.42182922363281,19529400
2021-09-14,48.49333190917969,48.62666702270508,47.973331451416016,48.099998474121094,45.18385696411133,16533900
2021-09-15,48.02333450317383,48.25,47.93000030517578,48.18333435058594,45.26213455200195,14850000
2021-09-16,48.14666748046875,48.436668395996094,47.89666748046875,48.34333419799805,45.412437438964844,18428400
2021-09-17,48.04666519165039,48.720001220703125,48.00666809082031,48.24333190917969,45.31850051879883,73032600
2021-09-20,47.83333206176758,48.39666748046875,47.206668853759766,47.58000183105469,44.69538879394531,25054500
2021-09-21,47.56666564941406,48.19333267211914,47.55666732788086,47.67333221435547,44.783058166503906,17437500
2021-09-22,47.823333740234375,47.866668701171875,47.43000030517578,47.563331604003906,44.67972946166992,15044400
2021-09-23,47.7400016784668,47.87666702270508,47.483333587646484,47.59000015258789,44.70478057861328,15585300
2021-09-24,47.5,47.89666748046875,47.496665954589844,47.723331451416016,44.83001708984375,13360500
2021-09-27,47.62333297729492,47.849998474121094,47.279998779296875,47.41666793823242,44.54195022583008,21250800
2021-09-28,47.293331146240234,47.356666564941406,46.663333892822266,46.83333206176758,43.993980407714844,20580900
2021-09-29,46.883331298828125,47.276668548583984,46.77333450317383,46.813331604003906,43.975189208984375,21375600
2021-09-30,46.880001068115234,47.24333190917969,46.41666793823242,46.459999084472656,43.643280029296875,22457700
2021-10-01,46.41999816894531,46.543331146240234,45.30666732788086,45.68333435058594,42.913700103759766,30014400
2021-10-04,45.6966667175293,46.07666778564453,44.9033317565918,45.24333190917969,42.5003776550293,29970300
2021-10-05,45.31666564941406,45.9033317565918,45.29999923706055,45.540000915527344,42.7790641784668,20597400
2021-10-06,45.413333892822266,45.93000030517578,45.37666702270508,45.87333297729492,43.09218978881836,19376700
2021-10-07,46.2599983215332,46.900001525878906,46.253334045410156,46.413333892822266,43.59944152832031,21068100
2021-10-08,46.5533332824707,46.6966667175293,46.336666107177734,46.5533332824707,43.73095703125,13847400
2021-10-11,46.50666809082031,46.926666259765625,46.47999954223633,46.5099983215332,43.69025421142578,13048200
2021-10-12,46.4466667175293,46.8033332824707,46.356666564941406,46.459999084472656,43.643280029296875,15789300
2021-10-13,46.5,46.66999816894531,46.043331146240234,46.12333297729492,43.32703399658203,17937900
2021-10-14,46.16666793823242,46.689998626708984,46.16666793823242,46.62333297729492,43.79671859741211,19783500
2021-10-15,46.87333297729492,47.03333282470703,46.6533317565918,46.849998474121094,44.009639739990234,20737200
2021-10-18,46.66666793823242,47.336666107177734,46.61000061035156,47.22666549682617,44.36347198486328,19887000
2021-10-19,48.209999084472656,48.53666687011719,47.88666534423828,48.22999954223633,45.30596160888672,33444300
2021-10-20,48.29666519165039,48.83000183105469,48.29666519165039,48.66666793823242,45.7161750793457,17453700
2021-10-21,48.86000061035156,48.973331451416016,48.60333251953125,48.936668395996094,45.96980285644531,13954500
2021-10-22,49.03333282470703,49.89666748046875,49.03333282470703,49.4466667175293,46.44887924194336,21195600
2021-10-25,49.59333419799805,50.17333221435547,49.336666107177734,50.02000045776367,46.98744583129883,19287900
2021-10-26,50.0,50.18333435058594,49.48666763305664,49.58333206176758,46.5772590637207,17418600
2021-10-27,49.6533317565918,49.67333221435547,49.130001068115234,49.176666259765625,46.19524002075195,14565600
2021-10-28,49.4466667175293,49.65999984741211,49.23666763305664,49.483333587646484,46.48332595825195,12598500
2021-10-29,49.3033332824707,50.03333282470703,49.186668395996094,49.80666732788086,46.78704071044922,22022700
2021-11-01,49.99333190917969,50.25,49.78333282470703,49.93000030517578,46.90291213989258,12549600
2021-11-02,49.9900016784668,50.060001373291016,49.7599983215332,49.90666580200195,46.88098907470703,13638900
2021-11-03,49.866668701171875,50.0966682434082,49.676666259765625,50.060001373291016,47.0250358581543,14209500
2021-11-04,50.060001373291016,50.616668701171875,49.94333267211914,50.426666259765625,47.36946487426758,15149100
2021-11-05,50.66666793823242,50.66666793823242,49.87333297729492,50.07666778564453,47.040679931640625,15081900
2021-11-08,50.073333740234375,50.16999816894531,49.57666778564453,49.75666809082031,46.74008560180664,15373200
2021-11-09,49.84000015258789,49.956668853759766,49.62333297729492,49.93000030517578,46.90291213989258,15001800
2021-11-10,49.57666778564453,49.87333297729492,49.32666778564453,49.47999954223633,46.48018264770508,16803600
2021-11-11,49.59000015258789,49.663333892822266,49.39666748046875,49.5,46.49897766113281,13603200
2021-11-12,49.66666793823242,49.746665954589844,49.18000030517578,49.253334045410156,46.26726150512695,18313800
2021-11-15,49.383331298828125,49.483333587646484,48.79999923706055,48.970001220703125,46.00110626220703,28896000
2021-11-16,48.366668701171875,48.893333435058594,47.43333435058594,47.723331451416016,44.83001708984375,73986600
2021-11-17,47.720001220703125,48.2400016784668,47.27333450317383,47.313331604003906,44.444881439208984,33116100
2021-11-18,47.380001068115234,47.76333236694336,46.95333480834961,47.720001220703125,44.8268928527832,24394200
2021-11-19,47.87333297729492,48.0,47.313331604003906,47.46333312988281,44.58578872680664,28119300
2021-11-22,47.5533332824707,48.45333480834961,47.33333206176758,48.2599983215332,45.33415603637695,29126400
2021-11-23,48.08333206176758,48.65999984741211,47.75,48.60333251953125,45.656673431396484,29907900
2021-11-24,48.57666778564453,49.02000045776367,48.54666519165039,48.8466682434082,45.885250091552734,18089400
2021-11-26,48.813331604003906,49.293331146240234,48.13999938964844,48.29999923706055,45.371726989746094,21039600
2021-11-29,48.33333206176758,48.41666793823242,47.40999984741211,47.543331146240234,44.66093826293945,33039600
2021-11-30,47.15999984741211,47.5,46.66999816894531,46.87666702270508,44.034690856933594,64818900
2021-12-01,46.836666107177734,46.90666580200195,45.68000030517578,45.71333312988281,42.9418830871582,36621300
2021-12-02,45.87666702270508,46.14666748046875,45.08000183105469,45.15666580200195,42.418968200683594,39805800
2021-12-03,45.28666687011719,45.959999084472656,45.0966682434082,45.836666107177734,43.0577392578125,44142600
2021-12-06,45.85333251953125,46.45333480834961,45.70000076293945,46.33333206176758,43.524288177490234,32589300
2021-12-07,46.53333282470703,46.61000061035156,46.029998779296875,46.18333435058594,43.38338851928711,37739100
2021-12-08,46.02000045776367,46.16666793823242,45.336666107177734,45.71666717529297,42.94501495361328,34496400
2021-12-09,45.543331146240234,46.189998626708984,45.23666763305664,46.16666793823242,43.542354583740234,32351700
2021-12-10,46.11333465576172,47.099998474121094,45.856666564941406,47.0099983215332,44.33774948120117,38575500
2021-12-13,46.746665954589844,47.91666793823242,46.66999816894531,47.856666564941406,45.13628005981445,54039300
2021-12-14,47.766666412353516,48.426666259765625,47.383331298828125,48.313331604003906,45.56698226928711,46721400
2021-12-15,48.4033317565918,48.823333740234375,47.79999923706055,48.59000015258789,45.82792282104492,33489900
2021-12-16,48.59000015258789,48.84333419799805,47.630001068115234,47.779998779296875,45.0639762878418,39069600
2021-12-17,47.58333206176758,47.983333587646484,46.130001068115234,46.25,43.62095260620117,78581100
2021-12-20,46.040000915527344,46.58333206176758,45.866668701171875,46.400001525878906,43.76242446899414,31017900
2021-12-21,46.29999923706055,46.619998931884766,46.003334045410156,46.540000915527344,43.89445877075195,24620400
2021-12-22,46.633331298828125,46.663333892822266,46.176666259765625,46.599998474121094,43.95104217529297,17028000
2021-12-23,46.599998474121094,46.720001220703125,46.28333282470703,46.496665954589844,43.85357666015625,17592600
2021-12-27,46.53333282470703,46.956668853759766,46.52333450317383,46.91999816894531,44.25285339355469,16040700
2021-12-28,46.866668701171875,47.65666580200195,46.866668701171875,47.59333419799805,44.88792037963867,15783000
2021-12-29,47.5533332824707,47.84333419799805,47.439998626708984,47.56999969482422,44.865909576416016,13045200
2021-12-30,47.753334045410156,47.900001525878906,47.49333190917969,47.723331451416016,45.01052474975586,14949000
2021-12-31,47.733333587646484,48.3466682434082,47.63999938964844,48.22999954223633,45.488380432128906,17947800
2022-01-03,48.0,48.26333236694336,47.66999816894531,48.21666717529297,45.4758186340332,20706600
2022-01-04,48.01333236694336,48.380001068115234,47.253334045410156,47.33333206176758,44.642696380615234,33930000
2022-01-05,47.616668701171875,48.650001525878906,47.58000183105469,47.973331451416016,45.246307373046875,35418000
2022-01-06,47.87333297729492,48.21333312988281,47.46666717529297,47.84000015258789,45.12055587768555,21828900
2022-01-07,47.83333206176758,48.45333480834961,47.6533317565918,48.29666519165039,45.5512809753418,19723500
2022-01-10,48.47999954223633,48.529998779296875,47.706668853759766,48.20333480834961,45.4632453918457,22731600
2022-01-11,48.06999969482422,48.206668853759766,47.72666549682617,48.06666564941406,45.334346771240234,21668700
2022-01-12,47.893333435058594,47.98666763305664,47.66666793823242,47.813331604003906,45.09540557861328,18946800
2022-01-13,47.810001373291016,48.560001373291016,47.70333480834961,48.4900016784668,45.733604431152344,24252600
2022-01-14,48.073333740234375,48.87666702270508,48.073333740234375,48.35333251953125,45.60471725463867,26867400
2022-01-18,48.13666534423828,48.233333587646484,47.37666702270508,47.50666809082031,44.80617904663086,21123900
2022-01-19,47.51333236694336,48.33000183105469,47.30666732788086,47.97999954223633,45.252601623535156,22674000
2022-01-20,47.45000076293945,48.1533317565918,47.02333450317383,47.073333740234375,44.39746856689453,22387200
2022-01-21,47.073333740234375,47.41999816894531,46.686668395996094,46.72999954223633,44.073665618896484,27508200
2022-01-24,46.356666564941406,46.84333419799805,45.77000045776367,46.733333587646484,44.07680130004883,28699200
2022-01-25,46.663333892822266,46.790000915527344,45.60333251953125,45.71666717529297,43.11792755126953,29479500
2022-01-26,45.779998779296875,46.26333236694336,45.0533332824707,45.25,42.67778015136719,26185500
2022-01-27,45.63999938964844,46.36000061035156,45.12333297729492,45.279998779296875,42.706085205078125,27759000
2022-01-28,45.33333206176758,45.856666564941406,44.650001525878906,45.84000015258789,43.234249114990234,25131900
2022-01-31,45.6966667175293,46.68000030517578,45.56666564941406,46.60333251953125,43.95418930053711,20193600
2022-02-01,46.4033317565918,47.04999923706055,46.33000183105469,46.970001220703125,44.30001449584961,20323200
2022-02-02,47.0,47.21333312988281,46.71666717529297,46.95000076293945,44.28114700317383,18149700
2022-02-03,46.753334045410156,47.33000183105469,46.59000015258789,46.996665954589844,44.325164794921875,20741100
2022-02-04,46.96333312988281,47.0,46.116668701171875,46.44333267211914,43.803279876708984,22036500
2022-02-07,46.686668395996094,46.689998626708984,45.869998931884766,45.98666763305664,43.372581481933594,20010300
2022-02-08,46.106666564941406,46.413333892822266,45.836666107177734,45.996665954589844,43.38201141357422,19458900
2022-02-09,46.16666793823242,46.26333236694336,45.823333740234375,45.89666748046875,43.287689208984375,21473700
2022-02-10,45.516666412353516,45.66999816894531,45.1533317565918,45.36000061035156,42.78153991699219,27810600
2022-02-11,45.606666564941406,45.72666549682617,44.723331451416016,45.11000061035156,42.545745849609375,23733300
2022-02-14,45.11000061035156,45.31999969482422,44.23666763305664,44.650001525878906,42.111900329589844,29363400
2022-02-15,44.913333892822266,45.223331451416016,44.5966682434082,44.790000915527344,42.243934631347656,21824400
2022-02-16,44.776668548583984,44.959999084472656,44.233333587646484,44.5099983215332,41.979854583740234,28490700
2022-02-17,44.66666793823242,46.4900016784668,44.59333419799805,46.293331146240234,43.66181182861328,53831400
2022-02-18,46.03333282470703,46.529998779296875,45.720001220703125,45.996665954589844,43.38201141357422,31103400
2022-02-22,45.92333221435547,46.08000183105469,45.313331604003906,45.483333587646484,42.897857666015625,25380900
2022-02-23,45.619998931884766,45.72999954223633,44.9466667175293,45.016666412353516,42.45772171020508,21030900
2022-02-24,44.63666534423828,45.003334045410156,44.003334045410156,44.84333419799805,42.29423522949219,31717500
2022-02-25,44.936668395996094,45.59333419799805,44.6966667175293,45.459999084472656,42.875850677490234,24997800
2022-02-28,45.0,45.356666564941406,44.59000015258789,45.0533332824707,42.4922981262207,26286600
2022-03-01,45.290000915527344,45.96333312988281,45.00666809082031,45.33000183105469,42.753238677978516,24024900
2022-03-02,45.220001220703125,45.61000061035156,45.060001373291016,45.38666534423828,42.80669021606445,23863800
2022-03-03,45.76333236694336,46.823333740234375,45.516666412353516,46.43000030517578,43.790714263916016,29885100
2022-03-04,45.936668395996094,47.64666748046875,45.86333465576172,47.606666564941406,44.90048599243164,35576400
2022-03-07,47.099998474121094,47.87666702270508,46.81666564941406,47.223331451416016,44.5389404296875,45870000
2022-03-08,47.16666793823242,47.48666763305664,46.19333267211914,46.246665954589844,43.6177978515625,28305600
2022-03-09,46.66666793823242,46.746665954589844,46.04666519165039,46.48666763305664,43.844154357910156,22122900
2022-03-10,46.496665954589844,47.66666793823242,46.336666107177734,47.543331146240234,44.84075927734375,27512700
2022-03-11,47.43333435058594,48.016666412353516,47.293331146240234,47.356666564941406,44.664703369140625,19162200
2022-03-14,47.34000015258789,48.28333282470703,47.33000183105469,48.016666412353516,45.28718566894531,22646400
2022-03-15,48.176666259765625,48.71666717529297,47.95000076293945,48.59333419799805,45.83107376098633,22872600
2022-03-16,48.46333312988281,48.97999954223633,47.900001525878906,48.45000076293945,45.695892333984375,24615900
2022-03-17,48.150001525878906,48.43333435058594,47.54999923706055,48.336666107177734,45.765316009521484,19023000
2022-03-18,48.393333435058594,48.52333450317383,48.03666687011719,48.47999954223633,45.90102767944336,31233300
2022-03-21,48.47666549682617,49.0966682434082,47.87333297729492,48.07666778564453,45.51914978027344,21350700
2022-03-22,48.20333480834961,48.323333740234375,47.65999984741211,47.93333435058594,45.383445739746094,20235000
2022-03-23,47.71333312988281,47.90999984741211,47.17333221435547,47.31666564941406,44.79957962036133,19625400
2022-03-24,47.46333312988281,47.970001220703125,47.293331146240234,47.61000061035156,45.07731628417969,13440900
2022-03-25,47.81666564941406,47.97666549682617,47.41999816894531,47.81666564941406,45.27298355102539,14085300
2022-03-28,47.83333206176758,48.686668395996094,47.766666412353516,48.66666793823242,46.0777702331543,20105700
2022-03-29,48.866668701171875,49.366668701171875,48.75,49.07666778564453,46.4659538269043,19934400
2022-03-30,49.043331146240234,50.060001373291016,49.01333236694336,49.956668853759766,47.29914474487305,24991500
2022-03-31,49.5966682434082,50.18000030517578,49.393333435058594,49.63999938964844,46.999324798583984,27163800
2022-04-01,49.88666534423828,50.42333221435547,49.61333465576172,50.336666107177734,47.65892791748047,20939700
2022-04-04,50.3033332824707,51.06666564941406,50.026668548583984,50.3466682434082,47.66838836669922,25332600
2022-04-05,50.293331146240234,51.11000061035156,50.293331146240234,50.4900016784668,47.80411148071289,18657900
2022-04-06,50.34000015258789,51.80666732788086,50.16666793823242,51.663333892822266,48.91501235961914,28018500
2022-04-07,51.70000076293945,52.51333236694336,51.47999954223633,52.18000030517578,49.40419006347656,27088200
2022-04-08,52.3033332824707,52.8033332824707,52.06999969482422,52.470001220703125,49.678775787353516,23294400
2022-04-11,52.323333740234375,52.746665954589844,51.209999084472656,51.43000030517578,48.69409942626953,24712800
2022-04-12,51.413333892822266,51.79999923706055,50.849998474121094,51.07666778564453,48.35956573486328,26761200
2022-04-13,51.150001525878906,52.5966682434082,51.116668701171875,52.40666580200195,49.618804931640625,29284500
2022-04-14,52.369998931884766,52.76333236694336,52.143333435058594,52.36000061035156,49.574623107910156,22360500
2022-04-18,52.25,52.65999984741211,51.73666763305664,51.959999084472656,49.195899963378906,14671800
2022-04-19,52.223331451416016,52.650001525878906,52.01333236694336,52.54999923706055,49.754512786865234,15855000
2022-04-20,52.78333282470703,53.45000076293945,52.76333236694336,53.209999084472656,50.37940979003906,19821600
2022-04-21,53.30666732788086,53.59000015258789,53.02333450317383,53.290000915527344,50.45514678955078,18168300
2022-04-22,53.41666793823242,53.45333480834961,52.220001220703125,52.28666687011719,49.50518798828125,21046200
2022-04-25,52.12333297729492,52.4900016784668,51.45000076293945,52.313331604003906,49.530433654785156,18057600
2022-04-26,52.12333297729492,52.709999084472656,51.733333587646484,51.766666412353516,49.01285934448242,19601100
2022-04-27,51.84333419799805,52.06666564941406,51.34000015258789,51.413333892822266,48.678321838378906,17496900
2022-04-28,51.74333190917969,52.32666778564453,51.366668701171875,52.06999969482422,49.300048828125,14955900
2022-04-29,51.936668395996094,52.073333740234375,50.9033317565918,50.996665954589844,48.2838134765625,21088800
2022-05-02,51.6533317565918,51.663333892822266,50.106666564941406,50.65999984741211,47.96506118774414,20016000
2022-05-03,50.810001373291016,51.426666259765625,50.59333419799805,50.836666107177734,48.132320404052734,17950500
2022-05-04,50.676666259765625,51.606666564941406,50.503334045410156,51.540000915527344,48.79825210571289,20022600
2022-05-05,51.21333312988281,51.276668548583984,50.46666717529297,50.913333892822266,48.3801383972168,23234400
2022-05-06,50.56999969482422,51.31666564941406,49.42333221435547,49.85333251953125,47.37287521362305,34258200
2022-05-09,49.4900016784668,51.03333282470703,49.39666748046875,50.436668395996094,47.927188873291016,28207200
2022-05-10,50.47666549682617,50.76333236694336,49.52000045776367,49.72666549682617,47.25251388549805,24861300
2022-05-11,49.79999923706055,50.25,48.970001220703125,49.206668853759766,46.758392333984375,27878700
2022-05-12,49.28666687011719,50.04999923706055,48.84000015258789,49.15999984741211,46.71404266357422,25244400
2022-05-13,49.23666763305664,49.459999084472656,48.71333312988281,49.349998474121094,46.894588470458984,19962300
2022-05-16,49.793331146240234,49.90999984741211,48.81999969482422,49.4033317565918,46.94527053833008,21449100
2022-05-17,45.47666549682617,45.813331604003906,43.54666519165039,43.78333282470703,41.60489273071289,132940200
2022-05-18,42.676666259765625,42.75666809082031,40.5099983215332,40.810001373291016,38.77949905395508,104253000
2022-05-19,40.290000915527344,40.5966682434082,39.53333282470703,39.689998626708984,37.7152214050293,71008500
2022-05-20,39.880001068115234,40.279998779296875,39.09000015258789,39.733333587646484,37.75640106201172,49356000
2022-05-23,39.973331451416016,41.25666809082031,39.95333480834961,40.866668701171875,38.83334732055664,43680900
2022-05-24,40.4033317565918,41.516666412353516,40.36000061035156,41.37666702270508,39.317962646484375,34584900
2022-05-25,41.33333206176758,41.55666732788086,40.866668701171875,41.12333297729492,39.07722473144531,27121800
2022-05-26,41.766666412353516,42.133331298828125,41.46666717529297,42.0,39.910282135009766,28197600
2022-05-27,41.83000183105469,42.87333297729492,41.77000045776367,42.82666778564453,40.69582748413086,25299900
2022-05-31,42.48666763305664,43.29999923706055,42.473331451416016,42.87666702270508,40.74333953857422,36912300
2022-06-01,42.83333206176758,42.973331451416016,41.560001373291016,41.81666564941406,39.736080169677734,28534800
2022-06-02,41.856666564941406,42.5099983215332,41.44333267211914,42.503334045410156,40.388580322265625,23214300
2022-06-03,42.223331451416016,42.473331451416016,41.6966667175293,41.77333450317383,39.69490051269531,18302700
2022-06-06,41.939998626708984,42.099998474121094,41.529998779296875,41.62333297729492,39.55236053466797,19855500
2022-06-07,40.413333892822266,41.163333892822266,40.293331146240234,41.12333297729492,39.07722473144531,47707800
2022-06-08,40.78333282470703,41.3033332824707,40.650001525878906,40.766666412353516,38.73832321166992,22522800
2022-06-09,40.66666793823242,41.45000076293945,40.33000183105469,40.34000015258789,38.3328857421875,19880100
2022-06-10,39.91666793823242,40.913333892822266,39.779998779296875,40.56666564941406,38.54826736450195,25238100
2022-06-13,39.913333892822266,40.413333892822266,39.6966667175293,39.8033332824707,37.82291793823242,24897900
2022-06-14,39.709999084472656,40.0,39.38999938964844,39.81999969482422,37.838748931884766,21544200
2022-06-15,39.9900016784668,40.13666534423828,39.29999923706055,39.793331146240234,37.81341552734375,25914000
2022-06-16,39.45000076293945,40.586666107177734,39.40999984741211,40.206668853759766,38.20618438720703,30706800
2022-06-17,40.00666809082031,40.293331146240234,39.323333740234375,39.43000030517578,37.46815490722656,36838800
2022-06-21,39.43333435058594,40.926666259765625,39.40666580200195,40.723331451416016,38.697139739990234,23916600
2022-06-22,40.70000076293945,41.08333206176758,40.1966667175293,40.22999954223633,38.22835922241211,20235000
2022-06-23,40.58333206176758,41.31999969482422,40.400001525878906,41.206668853759766,39.156429290771484,18040800
2022-06-24,41.36333465576172,41.77000045776367,41.0533332824707,41.2400016784668,39.1880989074707,31845900
2022-06-27,41.2599983215332,41.58000183105469,40.93000030517578,41.37333297729492,39.314796447753906,19889100
2022-06-28,41.5533332824707,41.856666564941406,40.76333236694336,40.790000915527344,38.760494232177734,15399000
2022-06-29,40.96333312988281,41.116668701171875,40.323333740234375,40.63999938964844,38.61796569824219,19111500
2022-06-30,40.293331146240234,40.686668395996094,39.96333312988281,40.526668548583984,38.51026153564453,19166100
2022-07-01,40.64666748046875,40.973331451416016,40.38666534423828,40.87666702270508,38.84284591674805,17460900
2022-07-05,40.73666763305664,41.503334045410156,40.53666687011719,41.41666793823242,39.355987548828125,18218100
2022-07-06,41.49333190917969,42.09333419799805,41.43333435058594,41.709999084472656,39.63471221923828,21300000
2022-07-07,41.72999954223633,41.84333419799805,41.37333297729492,41.77333450317383,39.69490051269531,17487300
2022-07-08,41.939998626708984,42.20333480834961,41.71666717529297,41.79999923706055,39.720245361328125,14751000
2022-07-11,41.67333221435547,42.11000061035156,41.540000915527344,41.81666564941406,39.736080169677734,11532900
2022-07-12,41.70333480834961,42.37666702270508,41.573333740234375,41.689998626708984,39.6157112121582,13732200
2022-07-13,41.47999954223633,42.1533317565918,41.3033332824707,41.790000915527344,39.71073532104492,12689100
2022-07-14,41.38666534423828,42.77333450317383,41.380001068115234,42.606666564941406,40.48677062988281,20905500
2022-07-15,42.93333435058594,43.42333221435547,42.68333435058594,43.02333450317383,40.88270950317383,21184200
2022-07-18,42.883331298828125,43.43333435058594,42.753334045410156,42.92333221435547,40.78767395019531,14243700
2022-07-19,43.130001068115234,43.31999969482422,42.866668701171875,43.186668395996094,41.03791427612305,16995300
2022-07-20,43.503334045410156,43.77000045776367,43.16666793823242,43.54666519165039,41.37999725341797,18564900
2022-07-21,43.560001373291016,44.186668395996094,43.5,44.18333435058594,41.9849853515625,18764700
2022-07-22,44.18000030517578,44.46333312988281,43.74333190917969,44.06999969482422,41.87730026245117,13616400
2022-07-25,44.130001068115234,44.233333587646484,43.81999969482422,44.00666809082031,41.817115783691406,20535300
2022-07-26,40.37666702270508,40.89666748046875,40.02000045776367,40.65999984741211,38.636959075927734,95391600
2022-07-27,40.413333892822266,42.25666809082031,40.34333419799805,42.1966667175293,40.097171783447266,42159600
2022-07-28,42.09000015258789,43.503334045410156,42.09000015258789,43.25,41.09809494018555,33262200
2022-07-29,42.77333450317383,44.086666107177734,42.66999816894531,44.016666412353516,41.82661819458008,30141900
2022-08-01,43.686668395996094,44.74333190917969,43.66666793823242,44.18000030517578,41.98182678222656,24996300
2022-08-02,44.383331298828125,44.56999969482422,43.79999923706055,44.22666549682617,42.02616500854492,19695000
2022-08-03,44.0533332824707,44.313331604003906,43.28666687011719,43.5,41.33564758300781,32003100
2022-08-04,43.55666732788086,43.599998474121094,41.776668548583984,41.856666564941406,39.77408981323242,53106000
2022-08-05,41.836666107177734,42.27000045776367,41.706668853759766,42.19333267211914,40.09400939941406,32007000
2022-08-08,42.21666717529297,42.73666763305664,42.20333480834961,42.53666687011719,40.42024612426758,18175200
2022-08-09,42.630001068115234,42.9900016784668,42.4033317565918,42.956668853759766,40.81936264038086,19325100
2022-08-10,43.33333206176758,43.383331298828125,42.79666519165039,43.04666519165039,40.90487289428711,25251000
2022-08-11,43.233333587646484,43.456668853759766,42.866668701171875,43.27333450317383,41.29935836791992,23854500
2022-08-12,43.33333206176758,44.279998779296875,43.27333450317383,44.073333740234375,42.06285858154297,26625000
2022-08-15,43.87666702270508,44.52333450317383,43.78666687011719,44.20000076293945,42.183753967285156,26516100
2022-08-16,46.29999923706055,46.97666549682617,46.063331604003906,46.456668853759766,44.33747863769531,91773300
2022-08-17,46.189998626708984,47.573333740234375,46.133331298828125,46.50666809082031,44.385196685791016,41792100
2022-08-18,46.5099983215332,46.80666732788086,46.16666793823242,46.356666564941406,44.24203872680664,19197600
2022-08-19,46.30666732788086,46.356666564941406,45.63666534423828,45.67333221435547,43.589874267578125,22918800
2022-08-22,45.400001525878906,45.573333740234375,44.813331604003906,44.856666564941406,42.81046676635742,18667200
2022-08-23,44.869998931884766,44.98666763305664,44.4033317565918,44.66666793823242,42.62913131713867,16955100
2022-08-24,44.78333282470703,45.0966682434082,44.53333282470703,44.9900016784668,42.937713623046875,15766500
2022-08-25,45.09333419799805,45.33000183105469,45.0099983215332,45.290000915527344,43.22403335571289,19414500
2022-08-26,45.369998931884766,45.61000061035156,43.836666107177734,43.866668701171875,41.86561965942383,21331800
2022-08-29,43.61000061035156,44.62333297729492,43.529998779296875,44.293331146240234,42.2728271484375,17381700
2022-08-30,44.4466667175293,44.54999923706055,43.913333892822266,44.15999984741211,42.14558410644531,14468100
2022-08-31,44.2599983215332,44.5966682434082,43.97666549682617,44.18333435058594,42.167842864990234,22460700
2022-09-01,44.18000030517578,45.04666519165039,44.133331298828125,44.82666778564453,42.781829833984375,21741900
2022-09-02,44.95000076293945,45.223331451416016,44.14666748046875,44.33333206176758,42.310997009277344,17234400
2022-09-06,44.349998474121094,44.540000915527344,43.573333740234375,44.11333465576172,42.101036071777344,21899700
2022-09-07,44.35333251953125,45.323333740234375,44.246665954589844,45.246665954589844,43.182674407958984,17058900
2022-09-08,45.133331298828125,45.62333297729492,44.959999084472656,45.47666549682617,43.40217590332031,16956000
2022-09-09,45.43333435058594,45.83333206176758,45.37666702270508,45.61333465576172,43.53261947631836,16140600
2022-09-12,45.69333267211914,46.08333206176758,45.65666580200195,46.02333450317383,43.92390823364258,14284500
2022-09-13,45.619998931884766,45.983333587646484,44.936668395996094,45.073333740234375,43.017242431640625,17687400
2022-09-14,45.209999084472656,45.5099983215332,44.70000076293945,44.973331451416016,42.921810150146484,19934700
2022-09-15,45.016666412353516,45.04999923706055,44.323333740234375,44.4900016784668,42.46052551269531,20189400
2022-09-16,44.0,44.849998474121094,43.7599983215332,44.39666748046875,42.37145233154297,41874300
2022-09-19,44.27333450317383,44.91999816894531,44.15666580200195,44.776668548583984,42.73411178588867,16853100
2022-09-20,44.49333190917969,44.62666702270508,44.18000030517578,44.516666412353516,42.4859733581543,13963500
2022-09-21,45.14666748046875,45.81666564941406,44.87333297729492,44.92333221435547,42.874088287353516,24903600
2022-09-22,44.856666564941406,44.90666580200195,44.279998779296875,44.46333312988281,42.43507385253906,16744500
2022-09-23,44.290000915527344,44.393333435058594,42.92333221435547,43.35333251953125,41.37571334838867,27195300
2022-09-26,42.91666793823242,44.04666519165039,42.75666809082031,43.77000045776367,41.77337646484375,23011200
2022-09-27,44.07666778564453,44.47666549682617,43.43333435058594,43.650001525878906,41.65884017944336,17171700
2022-09-28,43.8033332824707,44.54999923706055,43.2400016784668,44.369998931884766,42.346004486083984,16838400
2022-09-29,44.5,44.706668853759766,43.87666702270508,44.08333206176758,42.07240295410156,15241500
2022-09-30,44.08000183105469,44.119998931884766,43.233333587646484,43.233333587646484,41.26118087768555,19602300
2022-10-03,43.413333892822266,44.26333236694336,43.336666107177734,44.176666259765625,42.1614875793457,17574900
2022-10-04,44.619998931884766,45.06666564941406,44.456668853759766,44.75,42.70867156982422,16134300
2022-10-05,44.586666107177734,44.87333297729492,44.16999816894531,44.30666732788086,42.285545349121094,14553900
2022-10-06,44.36000061035156,44.82666778564453,43.86000061035156,43.893333435058594,41.89107131958008,14200500
2022-10-07,43.77000045776367,43.883331298828125,42.689998626708984,42.85333251953125,40.89851760864258,17080500
2022-10-10,43.176666259765625,43.310001373291016,42.7599983215332,43.106666564941406,41.140289306640625,11411700
2022-10-11,43.16999816894531,44.599998474121094,43.1533317565918,44.223331451416016,42.20602035522461,21276000
2022-10-12,44.336666107177734,44.92333221435547,43.65666580200195,43.723331451416016,41.728824615478516,16947600
2022-10-13,43.09333419799805,44.313331604003906,42.790000915527344,44.09333419799805,42.081947326660156,20545500
2022-10-14,44.14666748046875,44.40666580200195,43.349998474121094,43.47666549682617,41.493408203125,16641000
2022-10-17,43.6533317565918,44.276668548583984,43.529998779296875,43.790000915527344,41.792457580566406,17812500
2022-10-18,44.47666549682617,45.03333282470703,44.44333267211914,44.71333312988281,42.673667907714844,16842300
2022-10-19,44.776668548583984,44.90999984741211,44.323333740234375,44.586666107177734,42.55278015136719,11339400
2022-10-20,44.65999984741211,45.133331298828125,44.54999923706055,44.6966667175293,42.65776443481445,12754800
2022-10-21,44.936668395996094,45.8033332824707,44.66666793823242,45.599998474121094,43.51988983154297,18134700
2022-10-24,45.81666564941406,46.82666778564453,45.709999084472656,46.470001220703125,44.35020446777344,18806700
2022-10-25,46.36333465576172,46.813331604003906,46.106666564941406,46.689998626708984,44.56016540527344,15051300
2022-10-26,46.78666687011719,47.3466682434082,46.606666564941406,47.04666519165039,44.90055847167969,20754300
2022-10-27,47.003334045410156,47.366668701171875,46.76333236694336,46.90999984741211,44.77013397216797,16602900
2022-10-28,46.68333435058594,47.633331298828125,46.68000030517578,47.503334045410156,45.33639907836914,13648200
2022-10-31,47.4466667175293,47.689998626708984,47.25666809082031,47.44333267211914,45.279136657714844,22572000
2022-11-01,47.65666580200195,47.849998474121094,47.16666793823242,47.22999954223633,45.075538635253906,14814300
2022-11-02,47.0533332824707,47.856666564941406,46.900001525878906,46.91666793823242,44.776493072509766,15522000
2022-11-03,46.503334045410156,47.23666763305664,46.36000061035156,46.90666580200195,44.76694869995117,10976400
2022-11-04,47.34333419799805,47.4033317565918,46.26333236694336,46.9900016784668,44.84648513793945,14669400
2022-11-07,47.086666107177734,47.65666580200195,47.086666107177734,47.483333587646484,45.317317962646484,11364000
2022-11-08,47.526668548583984,48.02333450317383,47.16999816894531,47.5966682434082,45.42547607421875,15068400
2022-11-09,47.586666107177734,47.720001220703125,46.4033317565918,46.4900016784668,44.36928939819336,15932100
2022-11-10,47.503334045410156,47.563331604003906,46.83333206176758,47.45333480834961,45.28867721557617,20310600
2022-11-11,47.55666732788086,47.706668853759766,46.663333892822266,47.526668548583984,45.358665466308594,19270800
2022-11-14,47.21333312988281,47.77333450317383,46.09000015258789,46.130001068115234,44.02571487426758,37525800
2022-11-15,48.53666687011719,50.09000015258789,48.18333435058594,49.14666748046875,46.904762268066406,76548600
2022-11-16,49.293331146240234,50.06666564941406,49.040000915527344,49.5,47.24199295043945,32593200
2022-11-17,49.003334045410156,49.57666778564453,48.9033317565918,49.33333206176758,47.082923889160156,24791400
2022-11-18,49.88999938964844,50.08000183105469,49.59000015258789,50.07666778564453,47.79234313964844,18987000
2022-11-21,50.20333480834961,50.71333312988281,50.063331604003906,50.383331298828125,48.08502197265625,21157200
2022-11-22,50.66666793823242,50.81666564941406,50.37333297729492,50.563331604003906,48.256805419921875,16898400
2022-11-23,50.69333267211914,51.12333297729492,50.62666702270508,50.80666732788086,48.48904037475586,16920600
2022-11-25,50.706668853759766,51.029998779296875,50.619998931884766,51.02333450317383,48.69583511352539,8777400
2022-11-28,50.90666580200195,51.54666519165039,50.90666580200195,51.16999816894531,48.8358039855957,17674800
2022-11-29,51.0099983215332,51.23666763305664,50.849998474121094,50.9900016784668,48.66402053833008,13841700
2022-11-30,50.869998931884766,50.92333221435547,50.400001525878906,50.80666732788086,48.48904037475586,31338000
2022-12-01,50.68333435058594,51.20333480834961,50.24333190917969,51.12333297729492,48.79126739501953,22732200
2022-12-02,50.49333190917969,51.08000183105469,50.49333190917969,51.073333740234375,48.743553161621094,20733000
2022-12-05,50.91666793823242,51.0,50.16999816894531,50.54999923706055,48.24407958984375,23608200
2022-12-06,50.400001525878906,50.63666534423828,49.73666763305664,49.96333312988281,47.684181213378906,20625600
2022-12-07,50.16666793823242,50.4033317565918,49.606666564941406,49.70333480834961,47.43605041503906,17550300
2022-12-08,49.720001220703125,49.7599983215332,49.380001068115234,49.59333419799805,47.50948715209961,13512600
2022-12-09,49.15666580200195,49.2400016784668,48.40666580200195,48.436668395996094,46.40142822265625,27929400
2022-12-12,48.633331298828125,49.366668701171875,48.52000045776367,49.34000015258789,47.26679611206055,19432200
2022-12-13,50.0,50.06666564941406,48.913333892822266,49.163333892822266,47.09755325317383,23408100
2022-12-14,49.029998779296875,49.5099983215332,48.6533317565918,48.88999938964844,46.8357048034668,20334600
2022-12-15,48.526668548583984,48.80666732788086,47.87666702270508,48.45333480834961,46.417388916015625,17514000
2022-12-16,48.15999984741211,48.2400016784668,47.52333450317383,47.58333206176758,45.58394241333008,40343100
2022-12-19,47.66999816894531,47.85333251953125,47.24333190917969,47.599998474121094,45.59990310668945,15067500
2022-12-20,47.63999938964844,48.21333312988281,47.41666793823242,48.016666412353516,45.99906921386719,17009400
2022-12-21,48.106666564941406,48.64666748046875,48.086666107177734,48.393333435058594,46.35991287231445,13726500
2022-12-22,48.25666809082031,48.32666778564453,47.310001373291016,47.82666778564453,45.817054748535156,13082400
2022-12-23,47.68333435058594,47.93333435058594,47.426666259765625,47.92333221435547,45.9096565246582,9547500
2022-12-27,48.01333236694336,48.150001525878906,47.72999954223633,47.936668395996094,45.92243957519531,10044600
2022-12-28,47.823333740234375,47.88999938964844,46.970001220703125,47.0966682434082,45.117733001708984,15246300
2022-12-29,47.380001068115234,47.67333221435547,47.25,47.383331298828125,45.39234161376953,9171900
2022-12-30,47.186668395996094,47.33000183105469,46.936668395996094,47.26333236694336,45.277400970458984,11505900
2023-01-03,47.516666412353516,47.9033317565918,47.36333465576172,47.866668701171875,45.855377197265625,17249700
2023-01-04,47.80666732788086,48.016666412353516,47.356666564941406,47.91999816894531,45.90646743774414,13338300
2023-01-05,47.81999969482422,48.043331146240234,47.54999923706055,47.75666809082031,45.749996185302734,13274400
2023-01-06,48.20000076293945,49.18333435058594,48.08000183105469,48.926666259765625,46.87083435058594,21231900
2023-01-09,48.77333450317383,49.28666687011719,48.266666412353516,48.31666564941406,46.286460876464844,17756700
2023-01-10,48.313331604003906,48.483333587646484,47.90999984741211,48.28666687011719,46.257728576660156,11970600
2023-01-11,48.58000183105469,48.72666549682617,48.24333190917969,48.709999084472656,46.66326904296875,14834700
2023-01-12,48.8033332824707,48.80666732788086,48.130001068115234,48.27000045776367,46.24176025390625,12472800
2023-01-13,48.5099983215332,48.606666564941406,47.95333480834961,48.43000030517578,46.39503479003906,13699800
2023-01-17,48.43000030517578,48.56999969482422,48.06666564941406,48.13666534423828,46.114017486572266,15122400
2023-01-18,48.06666564941406,48.08333206176758,46.82666778564453,46.9466667175293,44.974037170410156,22674300
2023-01-19,47.130001068115234,47.176666259765625,46.26333236694336,46.276668548583984,44.332183837890625,17342100
2023-01-20,46.46666717529297,46.926666259765625,46.05666732788086,46.8466682434082,44.87822723388672,29543100
2023-01-23,46.81999969482422,47.66999816894531,46.733333587646484,47.54666519165039,45.548824310302734,13149900
2023-01-24,48.849998474121094,48.849998474121094,47.0,47.67333221435547,45.67015838623047,13669200
2023-01-25,47.413333892822266,47.61333465576172,46.79666519165039,47.4466667175293,45.45302200317383,12491700
2023-01-26,47.676666259765625,47.91666793823242,47.253334045410156,47.4033317565918,45.41150665283203,15819000
2023-01-27,47.53333282470703,48.15666580200195,47.25,47.766666412353516,45.75957107543945,18412800
2023-01-30,47.37333297729492,47.483333587646484,47.09000015258789,47.383331298828125,45.39234161376953,15897600
2023-01-31,47.439998626708984,47.959999084472656,47.220001220703125,47.956668853759766,45.94160079956055,14103600
2023-02-01,47.88666534423828,48.53666687011719,47.56666564941406,48.223331451416016,46.197044372558594,12849300
2023-02-02,48.13666534423828,48.28666687011719,47.64666748046875,47.87333297729492,45.861751556396484,17806800
2023-02-03,47.78666687011719,47.98666763305664,46.95333480834961,47.23666763305664,45.2518424987793,17155500
2023-02-06,47.27333450317383,47.366668701171875,46.676666259765625,46.893333435058594,44.92293167114258,17454000
2023-02-07,46.59000015258789,47.099998474121094,46.22999954223633,46.99333190917969,45.01873779296875,16341300
2023-02-08,46.776668548583984,47.03333282470703,46.663333892822266,46.7400016784668,44.77604675292969,11691300
2023-02-09,46.956668853759766,47.313331604003906,46.856666564941406,47.17333221435547,45.19116973876953,13064400
2023-02-10,47.6966667175293,47.97999954223633,47.38999938964844,47.90666580200195,45.8936882019043,15002700
2023-02-13,48.23666763305664,48.706668853759766,48.16999816894531,48.63666534423828,46.593021392822266,16015800
2023-02-14,48.57666778564453,49.043331146240234,48.186668395996094,48.496665954589844,46.45890426635742,13831200
2023-02-15,48.31999969482422,48.866668701171875,48.186668395996094,48.856666564941406,46.803775787353516,14674200
2023-02-16,48.49333190917969,48.663333892822266,48.060001373291016,48.09000015258789,46.06931686401367,16312200
2023-02-17,48.369998931884766,48.89666748046875,48.189998626708984,48.813331604003906,46.76225662231445,24770700
2023-02-21,47.62666702270508,49.4466667175293,47.383331298828125,49.11000061035156,47.04646682739258,54393900
2023-02-22,48.92333221435547,49.189998626708984,47.586666107177734,48.08000183105469,46.05974578857422,29844000
2023-02-23,48.12333297729492,48.12333297729492,46.9033317565918,47.36333465576172,45.37319564819336,22021200
2023-02-24,46.9466667175293,47.58000183105469,46.5099983215332,47.4900016784668,45.494537353515625,20623500
2023-02-27,47.56999969482422,47.6966667175293,46.88666534423828,47.14666748046875,45.165626525878906,16647300
2023-02-28,47.0,47.54999923706055,46.983333587646484,47.37666702270508,45.38596725463867,18054000
2023-03-01,47.02000045776367,47.09333419799805,46.456668853759766,46.71666717529297,44.75370407104492,14180100
2023-03-02,46.61333465576172,46.913333892822266,46.5,46.83333206176758,44.865455627441406,14785500
2023-03-03,47.01333236694336,47.063331604003906,46.59000015258789,46.88999938964844,44.91975021362305,16888800
2023-03-06,46.83333206176758,46.99333190917969,46.67333221435547,46.883331298828125,44.913360595703125,16720800
2023-03-07,47.060001373291016,47.22666549682617,46.26333236694336,46.41666793823242,44.46630096435547,17387400
2023-03-08,46.186668395996094,46.30666732788086,45.7599983215332,46.03333282470703,44.09907913208008,19090800
2023-03-09,46.276668548583984,46.32666778564453,45.63999938964844,45.723331451416016,43.80209732055664,15415800
2023-03-10,45.67333221435547,46.09333419799805,45.36333465576172,45.65666580200195,43.73823547363281,20065200
2023-03-13,45.560001373291016,46.16666793823242,45.526668548583984,45.790000915527344,43.865970611572266,28142100
2023-03-14,45.89666748046875,46.09000015258789,45.66666793823242,46.03333282470703,44.09907913208008,25542600
2023-03-15,45.630001068115234,46.60333251953125,45.56999969482422,46.54666519165039,44.59083557128906,33133500
2023-03-16,46.47666549682617,46.54999923706055,45.959999084472656,46.09333419799805,44.33753204345703,28905600
2023-03-17,46.063331604003906,46.496665954589844,45.86333465576172,46.46666717529297,44.6966552734375,43081200
2023-03-20,46.70000076293945,47.30666732788086,46.60333251953125,46.96666717529297,45.17759704589844,33928500
2023-03-21,47.130001068115234,47.130001068115234,46.5099983215332,46.80666732788086,45.02370834350586,19013400
2023-03-22,46.880001068115234,47.073333740234375,46.48666763305664,46.50666809082031,44.73512268066406,18548400
2023-03-23,46.733333587646484,47.20333480834961,46.496665954589844,46.883331298828125,45.09744644165039,22044300
2023-03-24,47.003334045410156,47.4900016784668,46.866668701171875,47.266666412353516,45.46616744995117,22752300
2023-03-27,47.5966682434082,48.32666778564453,47.59333419799805,48.05666732788086,46.226078033447266,26775600
2023-03-28,47.883331298828125,48.13666534423828,47.68333435058594,47.869998931884766,46.0465202331543,21282900
2023-03-29,48.12333297729492,48.31999969482422,47.81666564941406,48.07666778564453,46.24531936645508,24216900
2023-03-30,48.5,48.866668701171875,48.34000015258789,48.55666732788086,46.7070426940918,21879000
2023-03-31,48.86000061035156,49.47999954223633,48.823333740234375,49.150001525878906,47.27776336669922,20868000
2023-04-03,49.24333190917969,49.650001525878906,49.16666793823242,49.563331604003906,47.675357818603516,19766700
2023-04-04,49.5099983215332,49.5966682434082,49.00666809082031,49.07666778564453,47.20722579956055,18113700
2023-04-05,49.05666732788086,49.959999084472656,49.04666519165039,49.88999938964844,47.98957824707031,26540700
2023-04-06,49.599998474121094,50.3466682434082,49.50666809082031,50.266666412353516,48.35190200805664,17891700
2023-04-10,50.119998931884766,50.37333297729492,49.92333221435547,50.16999816894531,48.2589111328125,14519100
2023-04-11,50.33333206176758,50.33333206176758,49.87333297729492,50.02333450317383,48.11783218383789,18370500
2023-04-12,49.93000030517578,50.323333740234375,49.723331451416016,49.779998779296875,47.88377380371094,11209800
2023-04-13,49.883331298828125,50.0,49.400001525878906,49.83000183105469,47.93186569213867,13272600
2023-04-14,49.676666259765625,49.96333312988281,49.383331298828125,49.49333190917969,47.60801696777344,10464900
2023-04-17,49.54666519165039,49.88999938964844,49.5,49.84000015258789,47.94147491455078,16166700
2023-04-18,49.926666259765625,50.11333465576172,49.813331604003906,49.95000076293945,48.04729461669922,13482300
2023-04-19,50.279998779296875,50.470001220703125,49.92333221435547,50.003334045410156,48.09859848022461,12433500
2023-04-20,50.06999969482422,50.46333312988281,49.866668701171875,50.323333740234375,48.40640640258789,13641600
2023-04-21,50.6533317565918,50.766666412353516,50.393333435058594,50.57666778564453,48.650081634521484,25335000
2023-04-24,50.56999969482422,50.983333587646484,50.56999969482422,50.91999816894531,48.98033905029297,13579500
2023-04-25,51.0966682434082,51.25,50.44333267211914,50.52333450317383,48.598785400390625,17246700
2023-04-26,50.32666778564453,50.470001220703125,50.073333740234375,50.3033332824707,48.38716506958008,12910200
2023-04-27,50.2599983215332,50.64666748046875,50.2599983215332,50.459999084472656,48.53786087036133,12861000
2023-04-28,50.43000030517578,50.723331451416016,50.060001373291016,50.323333740234375,48.40640640258789,14088600
2023-05-01,50.3466682434082,50.8466682434082,50.310001373291016,50.529998779296875,48.60519790649414,11409600
2023-05-02,50.4900016784668,50.496665954589844,49.81999969482422,50.393333435058594,48.47373962402344,11329500
2023-05-03,50.52000045776367,50.70000076293945,50.09000015258789,50.206668853759766,48.294185638427734,12334500
2023-05-04,50.18333435058594,50.33000183105469,49.83000183105469,50.15666580200195,48.42936325073242,14011200
2023-05-05,50.099998474121094,50.66999816894531,49.94333267211914,50.59000015258789,48.84777069091797,14556000
2023-05-08,50.42333221435547,50.983333587646484,50.35333251953125,50.90666580200195,49.15353012084961,14926200
2023-05-09,50.90666580200195,51.060001373291016,50.779998779296875,50.99333190917969,49.237213134765625,15209700
2023-05-10,51.22999954223633,51.45000076293945,50.40999984741211,50.849998474121094,49.098819732666016,15827700
2023-05-11,50.849998474121094,51.09000015258789,50.66666793823242,51.040000915527344,49.28227615356445,11926800
2023-05-12,51.20000076293945,51.356666564941406,50.9033317565918,51.02333450317383,49.26618576049805,16119300
2023-05-15,51.16666793823242,51.28333282470703,50.459999084472656,50.62666702270508,48.883174896240234,16113900
2023-05-16,50.28333282470703,50.5099983215332,49.856666564941406,49.926666259765625,48.20729064941406,15512100
2023-05-17,50.380001068115234,50.383331298828125,49.56999969482422,49.84333419799805,48.12681579589844,26985900
2023-05-18,50.599998474121094,51.43000030517578,49.983333587646484,50.4900016784668,48.751220703125,46768500
2023-05-19,50.46666717529297,50.48666763305664,49.70333480834961,49.970001220703125,48.24912643432617,27594000
2023-05-22,49.900001525878906,50.026668548583984,49.43000030517578,49.529998779296875,47.824275970458984,16117800
2023-05-23,49.336666107177734,49.619998931884766,49.026668548583984,49.436668395996094,47.73415756225586,16302300
2023-05-24,49.503334045410156,49.51333236694336,48.766666412353516,49.209999084472656,47.515296936035156,20515200
2023-05-25,48.959999084472656,49.14666748046875,48.36333465576172,48.720001220703125,47.042171478271484,21299100
2023-05-26,48.56666564941406,48.939998626708984,48.4900016784668,48.80666732788086,47.12584686279297,15720900
2023-05-30,48.766666412353516,49.0966682434082,48.53333282470703,48.686668395996094,47.00999069213867,15742500
2023-05-31,48.473331451416016,49.10333251953125,48.336666107177734,48.956668853759766,47.270687103271484,30130800
2023-06-01,48.73666763305664,49.29999923706055,48.64666748046875,49.13666534423828,47.44448471069336,20239200
2023-06-02,49.073333740234375,49.66999816894531,49.03333282470703,49.606666564941406,47.89830780029297,19178100
2023-06-05,49.790000915527344,50.41666793823242,49.790000915527344,49.93333435058594,48.21372604370117,15553200
2023-06-06,49.900001525878906,50.063331604003906,49.503334045410156,49.926666259765625,48.20729064941406,15015600
2023-06-07,49.75,50.119998931884766,49.68000030517578,50.0,48.27809524536133,24256500
2023-06-08,50.130001068115234,50.810001373291016,49.93000030517578,50.723331451416016,48.97650909423828,18873000
2023-06-09,50.720001220703125,51.2400016784668,50.53333282470703,51.029998779296875,49.27262496948242,15603900
2023-06-12,51.143333435058594,51.43333435058594,51.05666732788086,51.366668701171875,49.597686767578125,14713500
2023-06-13,51.50666809082031,51.836666107177734,51.356666564941406,51.766666412353516,49.98391342163086,15738900
2023-06-14,51.970001220703125,52.44333267211914,51.869998931884766,52.290000915527344,50.489227294921875,21103200
2023-06-15,52.33333206176758,52.74333190917969,52.32666778564453,52.57666778564453,50.766021728515625,18160500
2023-06-16,52.69333267211914,52.71666717529297,51.7599983215332,51.84333419799805,50.05794906616211,34675800
2023-06-20,51.56666564941406,51.81666564941406,51.293331146240234,51.38666534423828,49.61700439453125,19994400
2023-06-21,51.4033317565918,51.779998779296875,51.119998931884766,51.48666763305664,49.713558197021484,19251000
2023-06-22,51.65999984741211,52.026668548583984,51.49333190917969,51.91666793823242,50.12874984741211,13307400
2023-06-23,51.959999084472656,52.0966682434082,51.67333221435547,51.81999969482422,50.03540802001953,18975000
2023-06-26,51.883331298828125,51.926666259765625,51.439998626708984,51.68333435058594,49.90345001220703,14106300
2023-06-27,51.383331298828125,51.95000076293945,51.35333251953125,51.496665954589844,49.72321319580078,12093600
2023-06-28,51.57666778564453,51.893333435058594,51.54666519165039,51.776668548583984,49.99358367919922,18889800
2023-06-29,51.503334045410156,51.58333206176758,51.04666519165039,51.426666259765625,49.65562438964844,21530400
2023-06-30,51.65666580200195,52.5099983215332,51.59333419799805,52.393333435058594,50.58899688720703,19073100
2023-07-03,52.27000045776367,52.813331604003906,52.11000061035156,52.733333587646484,50.917293548583984,8647500
2023-07-05,52.720001220703125,53.040000915527344,52.4466667175293,52.70333480834961,50.88831329345703,17585400
2023-07-06,52.643333435058594,52.72666549682617,52.290000915527344,52.369998931884766,50.56646728515625,14427000
2023-07-07,51.936668395996094,52.0966682434082,51.150001525878906,51.163333892822266,49.40135955810547,19774800
2023-07-10,51.52000045776367,51.83333206176758,51.439998626708984,51.62666702270508,49.848731994628906,12967800
2023-07-11,51.59000015258789,51.836666107177734,51.28666687011719,51.54999923706055,49.77470779418945,11460900
2023-07-12,51.77000045776367,51.96333312988281,51.606666564941406,51.68000030517578,49.900230407714844,16509900
2023-07-13,51.810001373291016,51.866668701171875,51.22999954223633,51.37666702270508,49.60734176635742,11859600
2023-07-14,51.37333297729492,51.55666732788086,51.19333267211914,51.5533332824707,49.77792739868164,10427400
2023-07-17,51.46666717529297,51.65999984741211,51.27333450317383,51.616668701171875,49.839080810546875,10135200
2023-07-18,51.55666732788086,51.88666534423828,51.28666687011719,51.52333450317383,49.748966217041016,13437300
2023-07-19,51.599998474121094,51.733333587646484,51.25,51.540000915527344,49.76505661010742,12372900
2023-07-20,51.643333435058594,52.516666412353516,51.633331298828125,52.49333190917969,50.6855583190918,14987700
2023-07-21,52.633331298828125,52.926666259765625,52.47999954223633,52.790000915527344,50.97201156616211,16960500
2023-07-24,52.81666564941406,53.15999984741211,52.52000045776367,53.099998474121094,51.27133560180664,12529800
2023-07-25,53.48666763305664,53.503334045410156,52.7599983215332,53.05666732788086,51.22948455810547,15553800
2023-07-26,53.08000183105469,53.563331604003906,52.97999954223633,53.246665954589844,51.41294479370117,15094200
2023-07-27,53.36000061035156,53.54666519165039,53.043331146240234,53.0533332824707,51.22627639770508,13400400
2023-07-28,53.0966682434082,53.64666748046875,53.0966682434082,53.3033332824707,51.46765899658203,11020200
2023-07-31,53.31999969482422,53.54666519165039,52.970001220703125,53.28666687011719,51.451568603515625,13033200
2023-08-01,53.31666564941406,53.483333587646484,52.98666763305664,53.03666687011719,51.210182189941406,11782500
2023-08-02,52.84333419799805,53.47666549682617,52.84333419799805,53.073333740234375,51.24558639526367,12660000
2023-08-03,53.00666809082031,53.16666793823242,52.836666107177734,53.086666107177734,51.258453369140625,13202700
2023-08-04,53.253334045410156,53.41666793823242,52.6533317565918,52.779998779296875,50.96235275268555,14262000
2023-08-07,53.16666793823242,53.73666763305664,53.03666687011719,53.496665954589844,51.65433120727539,14268900
2023-08-08,53.663333892822266,53.87333297729492,53.16999816894531,53.54999923706055,51.70582962036133,11017500
2023-08-09,53.63666534423828,54.03333282470703,53.56999969482422,53.63666534423828,51.78950881958008,13209600
2023-08-10,53.5966682434082,53.91666793823242,53.34333419799805,53.41999816894531,51.76367950439453,15169500
2023-08-11,53.516666412353516,53.94333267211914,53.366668701171875,53.733333587646484,52.067291259765625,14195100
2023-08-14,54.0,54.2599983215332,53.060001373291016,53.33333206176758,51.6796989440918,20813700
2023-08-15,53.18000030517578,53.5966682434082,52.973331451416016,53.060001373291016,51.41484451293945,14559300
2023-08-16,53.293331146240234,53.65666580200195,52.790000915527344,53.086666107177734,51.440670013427734,26980800
2023-08-17,53.633331298828125,53.71333312988281,51.67333221435547,51.89666748046875,50.28757095336914,53614200
2023-08-18,51.77000045776367,53.223331451416016,51.77000045776367,52.643333435058594,51.01108932495117,27954900
2023-08-21,52.543331146240234,52.9466667175293,52.3466682434082,52.503334045410156,50.87543487548828,15679200
2023-08-22,52.323333740234375,52.436668395996094,52.08000183105469,52.336666107177734,50.713932037353516,16670700
2023-08-23,52.20333480834961,52.79999923706055,52.16999816894531,52.70000076293945,51.06600570678711,14210400
2023-08-24,52.709999084472656,53.07666778564453,52.27333450317383,52.29666519165039,50.675174713134766,14033100
2023-08-25,52.393333435058594,52.68000030517578,52.18000030517578,52.606666564941406,50.97555923461914,12267000
2023-08-28,52.619998931884766,52.94333267211914,52.619998931884766,52.90666580200195,51.26625442504883,11871000
2023-08-29,53.0,53.40999984741211,52.95333480834961,53.349998474121094,51.69585037231445,12702300
2023-08-30,53.46666717529297,53.76333236694336,53.30666732788086,53.733333587646484,52.067291259765625,10967700
2023-08-31,53.706668853759766,54.33000183105469,53.6533317565918,54.20333480834961,52.52272415161133,19582800
2023-09-01,54.290000915527344,54.31999969482422,53.383331298828125,53.856666564941406,52.18680191040039,12553500
2023-09-05,53.95000076293945,54.266666412353516,53.393333435058594,53.42333221435547,51.76690673828125,15209400
2023-09-06,53.46666717529297,54.05666732788086,53.3033332824707,53.823333740234375,52.15450668334961,14594700
2023-09-07,54.0,54.49333190917969,53.83000183105469,54.4900016784668,52.800498962402344,19120800
2023-09-08,54.49333190917969,54.619998931884766,54.356666564941406,54.59000015258789,52.897396087646484,12667200
2023-09-11,54.66666793823242,54.82666778564453,54.5533332824707,54.779998779296875,53.08150863647461,11912100
2023-09-12,54.83333206176758,54.97666549682617,54.68000030517578,54.84000015258789,53.1396484375,11757300
2023-09-13,54.97666549682617,55.28333282470703,54.790000915527344,54.85333251953125,53.15256118774414,14364300
2023-09-14,55.0,55.246665954589844,54.8033332824707,55.08333206176758,53.37544250488281,14923800
2023-09-15,55.06999969482422,55.220001220703125,54.59000015258789,54.880001068115234,53.178401947021484,63925200
2023-09-18,54.893333435058594,55.06666564941406,54.41666793823242,54.473331451416016,52.78434753417969,12997800
2023-09-19,54.459999084472656,54.59333419799805,54.116668701171875,54.459999084472656,52.77142333984375,14019600
2023-09-20,54.53333282470703,54.9033317565918,54.31999969482422,54.63666534423828,52.94261932373047,10120800
2023-09-21,54.753334045410156,54.83333206176758,53.93000030517578,53.973331451416016,52.29985046386719,18782400
2023-09-22,54.07666778564453,54.40999984741211,53.973331451416016,54.116668701171875,52.438743591308594,13215000
2023-09-25,54.12333297729492,54.369998931884766,53.956668853759766,54.356666564941406,52.67131042480469,10459500
2023-09-26,54.313331604003906,54.51333236694336,54.116668701171875,54.16666793823242,52.48719787597656,14435700
2023-09-27,54.0,54.07666778564453,53.43000030517578,53.90666580200195,52.23524856567383,15711000
2023-09-28,54.0,54.276668548583984,53.86333465576172,54.18000030517578,52.50011444091797,11617200
2023-09-29,54.34333419799805,54.37666702270508,53.063331604003906,53.310001373291016,51.6570930480957,18842400
2023-10-02,53.163333892822266,53.42333221435547,52.77000045776367,53.366668701171875,51.71199417114258,12992700
2023-10-03,53.22999954223633,53.58333206176758,52.893333435058594,53.029998779296875,51.385765075683594,11253300
2023-10-04,53.21666717529297,53.68333435058594,53.003334045410156,53.66666793823242,52.00269317626953,15755700
2023-10-05,53.483333587646484,53.6533317565918,53.0,53.026668548583984,51.382537841796875,14269500
2023-10-06,52.883331298828125,52.996665954589844,50.54999923706055,52.13666534423828,50.520137786865234,42616200
2023-10-09,51.69333267211914,51.95000076293945,51.086666107177734,51.9466667175293,50.336029052734375,21022500
2023-10-10,52.07666778564453,52.69333267211914,51.88666534423828,52.53333282470703,50.904502868652344,16014300
2023-10-11,52.753334045410156,53.163333892822266,52.3466682434082,52.74333190917969,51.10799026489258,12026100
2023-10-12,52.84333419799805,53.10333251953125,52.59000015258789,52.983333587646484,51.34054183959961,13514100
2023-10-13,53.086666107177734,53.48666763305664,52.96666717529297,53.276668548583984,51.62479019165039,13809000
2023-10-16,53.51333236694336,54.026668548583984,53.439998626708984,53.73666763305664,52.07052230834961,14348100
2023-10-17,53.58000183105469,53.9033317565918,53.46333312988281,53.80666732788086,52.13835525512695,10893000
2023-10-18,53.959999084472656,54.119998931884766,53.573333740234375,53.8466682434082,52.17711639404297,10559100
2023-10-19,53.810001373291016,53.939998626708984,53.40666580200195,53.59000015258789,51.928401947021484,11745900
2023-10-20,53.61000061035156,53.70000076293945,52.9033317565918,52.91999816894531,51.279178619384766,15056700
2023-10-23,52.90999984741211,53.78333282470703,52.67333221435547,53.66999816894531,52.005924224853516,17097000
2023-10-24,53.79999923706055,54.49333190917969,53.79666519165039,54.41666793823242,52.72943878173828,17535000
2023-10-25,54.38666534423828,54.776668548583984,54.15666580200195,54.253334045410156,52.5711784362793,16621800
2023-10-26,54.23666763305664,54.616668701171875,53.869998931884766,53.92333221435547,52.25140380859375,16220100
2023-10-27,53.82666778564453,53.9900016784668,53.516666412353516,53.723331451416016,52.05760192871094,13829700
2023-10-30,53.81999969482422,54.41999816894531,53.5966682434082,54.34000015258789,52.655155181884766,12653700
2023-10-31,54.33333206176758,54.540000915527344,53.983333587646484,54.470001220703125,52.78112030029297,14168400
2023-11-01,54.73666763305664,55.12666702270508,54.32666778564453,54.956668853759766,53.2526969909668,14899500
2023-11-02,54.793331146240234,55.39666748046875,54.543331146240234,55.17333221435547,53.462646484375,15492300
2023-11-03,55.293331146240234,55.43333435058594,54.83333206176758,54.88666534423828,53.18486785888672,17240100
2023-11-06,54.83333206176758,55.209999084472656,54.689998626708984,54.959999084472656,53.255924224853516,14529000
2023-11-07,55.25666809082031,55.53666687011719,55.11000061035156,55.21666717529297,53.504634857177734,15023400
2023-11-08,55.279998779296875,55.426666259765625,54.526668548583984,54.766666412353516,53.06858825683594,15591900
2023-11-09,54.790000915527344,54.84000015258789,54.41666793823242,54.63999938964844,52.94584655761719,15080100
2023-11-10,54.849998474121094,55.47999954223633,54.633331298828125,55.39666748046875,53.679054260253906,14319900
2023-11-13,55.459999084472656,55.956668853759766,55.349998474121094,55.893333435058594,54.16033172607422,15408900
2023-11-14,56.05666732788086,56.383331298828125,55.75,55.883331298828125,54.150630950927734,19792500
2023-11-15,56.12666702270508,56.64666748046875,55.836666107177734,56.59333419799805,54.838619232177734,35769900
2023-11-16,52.91666793823242,53.150001525878906,51.83333206176758,52.01333236694336,50.4006233215332,97658700
2023-11-17,51.983333587646484,52.51333236694336,51.66999816894531,51.78333282470703,50.1777458190918,42487800
2023-11-20,51.8466682434082,52.003334045410156,51.66999816894531,51.766666412353516,50.1616096496582,26663100
2023-11-21,51.81999969482422,52.28333282470703,51.37666702270508,51.95333480834961,50.34247970581055,29382300
2023-11-22,51.90666580200195,52.016666412353516,51.459999084472656,51.55666732788086,49.9581184387207,26416500
2023-11-24,51.71666717529297,52.043331146240234,51.56666564941406,52.02000045776367,50.40708541870117,13975200
2023-11-27,51.983333587646484,52.45333480834961,51.983333587646484,52.25666809082031,50.63641357421875,23393700
2023-11-28,52.220001220703125,52.973331451416016,52.220001220703125,52.880001068115234,51.24042510986328,23535000
2023-11-29,52.92333221435547,52.92333221435547,51.869998931884766,52.026668548583984,50.41354751586914,29896500
2023-11-30,52.00666809082031,52.116668701171875,51.503334045410156,51.89666748046875,50.28757095336914,29925900
2023-12-01,51.793331146240234,51.869998931884766,50.87666702270508,51.4466667175293,49.85152816772461,39273600
2023-12-04,51.106666564941406,51.643333435058594,51.10333251953125,51.43333435058594,49.8386116027832,24883200
2023-12-05,51.483333587646484,51.95000076293945,51.246665954589844,51.90999984741211,50.30049133300781,21883800
2023-12-06,51.849998474121094,51.94333267211914,51.21666717529297,51.3466682434082,49.75463104248047,26447400
2023-12-07,51.45000076293945,51.51333236694336,50.74333190917969,50.81999969482422,49.427188873291016,25362600
2023-12-08,50.66666793823242,50.73666763305664,50.08000183105469,50.28666687011719,48.90846633911133,34069500
2023-12-11,50.380001068115234,50.483333587646484,49.8466682434082,50.413333892822266,49.03166580200195,31883400
2023-12-12,50.40666580200195,50.56666564941406,50.07666778564453,50.45333480834961,49.07057571411133,21381900
2023-12-13,50.516666412353516,51.349998474121094,50.21333312988281,51.349998474121094,49.942657470703125,35348700
2023-12-14,51.17333221435547,51.313331604003906,50.643333435058594,50.723331451416016,49.33316421508789,30891300
2023-12-15,50.59333419799805,51.1533317565918,50.51333236694336,50.913333892822266,49.51796340942383,70003500
2023-12-18,51.116668701171875,51.689998626708984,51.043331146240234,51.65666580200195,50.24092483520508,26316000
2023-12-19,51.61333465576172,51.89666748046875,51.36333465576172,51.84333419799805,50.42247772216797,24417000
2023-12-20,51.80666732788086,52.04666519165039,51.206668853759766,51.23666763305664,49.832435607910156,21967800
2023-12-21,51.33333206176758,51.686668395996094,51.3033332824707,51.599998474121094,50.18580627441406,20087700
2023-12-22,51.81666564941406,52.383331298828125,51.720001220703125,52.21666717529297,50.785579681396484,19405500
2023-12-26,52.21666717529297,52.33000183105469,52.03666687011719,52.13666534423828,50.70777130126953,11679900
2023-12-27,52.10333251953125,52.650001525878906,52.0533332824707,52.62666702270508,51.18434143066406,19896000
2023-12-28,52.59000015258789,52.776668548583984,52.5,52.52333450317383,51.083839416503906,16776000
2023-12-29,52.5099983215332,52.69333267211914,52.38666534423828,52.54999923706055,51.109771728515625,21948300
2024-01-02,52.41666793823242,53.18000030517578,52.39666748046875,53.0966682434082,51.641456604003906,23539800
2024-01-03,53.25666809082031,53.43333435058594,52.97666549682617,53.099998474121094,51.64469909667969,18756000
2024-01-04,53.06999969482422,53.18000030517578,52.496665954589844,52.586666107177734,51.14543914794922,19282500
2024-01-05,52.63999938964844,52.70000076293945,51.866668701171875,52.23666763305664,50.80502700805664,21709500
2024-01-08,52.233333587646484,52.76333236694336,52.22666549682617,52.75,51.30429458618164,20680800
2024-01-09,52.643333435058594,53.11333465576172,52.57666778564453,53.10333251953125,51.64794158935547,23322300
2024-01-10,53.186668395996094,53.83333206176758,53.186668395996094,53.76333236694336,52.28984832763672,20121900
2024-01-11,53.78333282470703,53.96333312988281,53.38999938964844,53.70333480834961,52.23149871826172,14355300
2024-01-12,53.790000915527344,53.8466682434082,53.459999084472656,53.77333450317383,52.29957962036133,13629000
2024-01-16,53.813331604003906,54.133331298828125,53.74333190917969,53.94333267211914,52.46491622924805,17032500
2024-01-17,53.793331146240234,53.996665954589844,53.543331146240234,53.689998626708984,52.21853256225586,14827800
2024-01-18,53.720001220703125,54.46333312988281,53.560001373291016,54.413333892822266,52.92203903198242,18190500
2024-01-19,54.47666549682617,54.52333450317383,53.813331604003906,54.12666702270508,52.64323043823242,19175400
2024-01-22,54.26333236694336,54.31666564941406,53.83333206176758,54.130001068115234,52.6464729309082,13938300
2024-01-23,54.040000915527344,54.28333282470703,53.92333221435547,54.266666412353516,52.779396057128906,12066600
2024-01-24,54.29999923706055,54.356666564941406,53.439998626708984,53.5,52.03374099731445,22932900
2024-01-25,53.79999923706055,54.290000915527344,53.473331451416016,54.279998779296875,52.7923583984375,16369500
2024-01-26,54.349998474121094,54.793331146240234,54.220001220703125,54.75666809082031,53.25596618652344,15746400
2024-01-29,54.78333282470703,55.13666534423828,54.50666809082031,55.01333236694336,53.50559616088867,18240300
2024-01-30,54.900001525878906,55.27000045776367,54.540000915527344,55.1966667175293,53.68391036987305,15270000
2024-01-31,55.93333435058594,55.93333435058594,55.03666687011719,55.08333206176758,53.57368087768555,26134800
2024-02-01,55.233333587646484,56.116668701171875,55.060001373291016,56.10333251953125,54.56572341918945,20792700
2024-02-02,56.04999923706055,56.86000061035156,55.973331451416016,56.52333450317383,54.97421646118164,21670800
2024-02-05,56.66999816894531,56.66999816894531,56.02333450317383,56.220001220703125,54.67919158935547,19145100
2024-02-06,56.26333236694336,56.650001525878906,56.11333465576172,56.60333251953125,55.05202102661133,14181300
2024-02-07,56.75666809082031,56.88666534423828,56.400001525878906,56.459999084472656,54.91261291503906,17082600
2024-02-08,56.459999084472656,56.849998474121094,56.380001068115234,56.456668853759766,54.90937042236328,14427900
2024-02-09,56.46333312988281,56.57666778564453,56.30666732788086,56.426666259765625,54.88018798828125,14329800
2024-02-12,56.40999984741211,56.78666687011719,56.349998474121094,56.766666412353516,55.210872650146484,14795100
2024-02-13,56.87333297729492,57.02333450317383,56.09000015258789,56.380001068115234,54.83481216430664,18574200
2024-02-14,56.25,56.293331146240234,55.8466682434082,56.20000076293945,54.65974426269531,18484500
2024-02-15,56.599998474121094,56.616668701171875,55.9900016784668,56.43000030517578,54.8834342956543,16948800
2024-02-16,56.76333236694336,57.310001373291016,56.43000030517578,56.78666687011719,55.23032760620117,22373400
2024-02-20,59.49333190917969,60.45000076293945,58.40999984741211,58.619998931884766,57.01341247558594,71788500
2024-02-21,58.33333206176758,58.526668548583984,57.599998474121094,57.900001525878906,56.31314468383789,40501500
2024-02-22,57.959999084472656,58.4900016784668,57.77000045776367,58.470001220703125,56.867530822753906,29512800
2024-02-23,58.6966667175293,59.21666717529297,58.436668395996094,58.52000045776367,56.916160583496094,74365800
2024-02-26,59.119998931884766,59.84000015258789,58.18000030517578,59.599998474121094,57.966552734375,32154800
2024-02-27,59.63999938964844,59.79999923706055,59.220001220703125,59.59000015258789,57.95682907104492,18012700
2024-02-28,59.54999923706055,59.7599983215332,59.310001373291016,59.619998931884766,57.98600769042969,14803300
2024-02-29,59.45000076293945,59.4900016784668,58.59000015258789,58.61000061035156,57.00368881225586,29245100
2024-03-01,58.79999923706055,58.849998474121094,58.20000076293945,58.7599983215332,57.14957809448242,19030900
2024-03-04,58.5,59.38999938964844,58.400001525878906,59.29999923706055,57.674774169921875,16033300
2024-03-05,59.869998931884766,60.34000015258789,59.58000183105469,60.040000915527344,58.394493103027344,19676900
2024-03-06,60.119998931884766,60.619998931884766,60.040000915527344,60.56999969482422,58.909969329833984,12698700
2024-03-07,61.0,61.06999969482422,60.349998474121094,60.36000061035156,58.70573043823242,16195300
2024-03-08,60.0,60.279998779296875,59.72999954223633,60.119998931884766,58.47230529785156,12143600
2024-03-11,60.099998474121094,60.709999084472656,59.869998931884766,60.65999984741211,58.997501373291016,14154000
2024-03-12,60.95000076293945,61.56999969482422,60.650001525878906,61.40999984741211,59.72694778442383,16613100
2024-03-13,61.2599983215332,61.459999084472656,60.880001068115234,61.279998779296875,59.60051345825195,15935200
2024-03-14,61.279998779296875,61.439998626708984,60.599998474121094,61.02000045776367,59.549766540527344,16584700
2024-03-15,60.68000030517578,61.150001525878906,60.459999084472656,60.68000030517578,59.21795654296875,50946300
2024-03-18,60.689998626708984,60.900001525878906,60.38999938964844,60.86000061035156,59.393619537353516,16801700
2024-03-19,60.970001220703125,61.06999969482422,60.599998474121094,60.869998931884766,59.403385162353516,12353600
2024-03-20,60.84000015258789,61.279998779296875,60.7400016784668,61.25,59.77422332763672,12007600
2024-03-21,61.279998779296875,61.65999984741211,61.04999923706055,61.45000076293945,59.96940612792969,14265900
2024-03-22,61.31999969482422,61.529998779296875,60.849998474121094,60.869998931884766,59.403385162353516,14029400
2024-03-25,60.869998931884766,60.9900016784668,60.36000061035156,60.56999969482422,59.1106071472168,14186600
2024-03-26,60.459999084472656,60.83000183105469,60.22999954223633,60.5099983215332,59.05205154418945,13738300
2024-03-27,60.869998931884766,61.04999923706055,60.380001068115234,60.720001220703125,59.25699234008789,14363400
2024-03-28,60.65999984741211,60.77000045776367,60.15999984741211,60.16999816894531,58.72024917602539,17535100
2024-04-01,60.310001373291016,60.7599983215332,59.93000030517578,60.0,58.55433654785156,13837600
2024-04-02,59.900001525878906,60.099998474121094,58.880001068115234,59.15999984741211,57.73457717895508,19510100
2024-04-03,59.380001068115234,59.5,58.939998626708984,59.43000030517578,57.998077392578125,14615100
2024-04-04,59.540000915527344,59.810001373291016,59.290000915527344,59.5,58.066383361816406,14436100
2024-04-05,59.54999923706055,60.040000915527344,59.4900016784668,59.849998474121094,58.407955169677734,10335900
2024-04-08,59.599998474121094,60.040000915527344,59.41999816894531,59.779998779296875,58.33964538574219,11070100
2024-04-09,59.869998931884766,59.970001220703125,59.29999923706055,59.790000915527344,58.34940719604492,10013500
2024-04-10,59.619998931884766,60.7599983215332,59.38999938964844,60.619998931884766,59.15940475463867,15097600
2024-04-11,60.75,60.88999938964844,60.06999969482422,60.09000015258789,58.64216613769531,10987600
2024-04-12,60.0,60.720001220703125,59.95000076293945,60.13999938964844,58.69097137451172,12280600
2024-04-15,60.5099983215332,60.70000076293945,59.90999984741211,59.93000030517578,58.48603057861328,10557200
2024-04-16,60.029998779296875,60.290000915527344,59.779998779296875,59.84000015258789,58.398197174072266,14726300
2024-04-17,60.150001525878906,60.43000030517578,59.56999969482422,59.650001525878906,58.21277618408203,15329700
2024-04-18,59.83000183105469,59.939998626708984,59.220001220703125,59.2599983215332,57.83216857910156,12061500
2024-04-19,59.45000076293945,59.66999816894531,58.970001220703125,59.529998779296875,58.09566116333008,14165800
2024-04-22,59.560001373291016,60.400001525878906,59.040000915527344,60.13999938964844,58.69097137451172,14910000
2024-04-23,60.25,60.349998474121094,58.560001373291016,59.09000015258789,57.66626739501953,17963900
2024-04-24,58.97999954223633,60.040000915527344,58.810001373291016,59.869998931884766,58.42747116088867,18529100
2024-04-25,60.04999923706055,60.529998779296875,59.83000183105469,60.209999084472656,58.759281158447266,19263000
2024-04-26,60.11000061035156,60.38999938964844,60.0,60.15999984741211,58.71049499511719,11045200
2024-04-29,60.18000030517578,60.38999938964844,59.939998626708984,60.2400016784668,58.78856658935547,9785100
2024-04-30,60.20000076293945,60.29999923706055,59.15999984741211,59.349998474121094,57.920005798339844,14209200
2024-05-01,59.310001373291016,59.40999984741211,58.720001220703125,58.849998474121094,57.432044982910156,15464300
2024-05-02,58.939998626708984,59.88999938964844,58.58000183105469,59.709999084472656,58.271324157714844,17574100
2024-05-03,59.619998931884766,59.97999954223633,59.13999938964844,59.81999969482422,58.37868118286133,14207400
2024-05-06,60.0,60.0,59.38999938964844,59.869998931884766,58.42747116088867,11119400
2024-05-07,60.16999816894531,60.79999923706055,60.04999923706055,60.619998931884766,59.15940475463867,14520200
2024-05-08,60.630001068115234,60.849998474121094,60.220001220703125,60.29999923706055,58.847110748291016,11015700
2024-05-09,60.20000076293945,60.58000183105469,59.95000076293945,60.439998626708984,59.18790054321289,14550500
2024-05-10,60.40999984741211,60.58000183105469,60.15999984741211,60.47999954223633,59.22707748413086,12356600
2024-05-13,60.619998931884766,61.349998474121094,60.290000915527344,60.40999984741211,59.158531188964844,19260500
2024-05-14,60.52000045776367,60.54999923706055,59.439998626708984,59.86000061035156,58.61992645263672,18780100
2024-05-15,59.83000183105469,59.939998626708984,59.470001220703125,59.83000183105469,58.59054946899414,22240600
2024-05-16,64.22000122070312,64.41999816894531,62.939998626708984,64.01000213623047,62.68395233154297,60545600
2024-05-17,64.23999786376953,64.87999725341797,63.630001068115234,64.6500015258789,63.310691833496094,29330400
2024-05-20,64.41999816894531,64.76000213623047,63.869998931884766,64.18000030517578,62.85042190551758,15001400
2024-05-21,64.52999877929688,65.19000244140625,64.44999694824219,65.1500015258789,63.800331115722656,17131700
2024-05-22,64.9800033569336,65.69000244140625,64.7300033569336,65.25,63.89826583862305,14879400
2024-05-23,65.16999816894531,65.5199966430664,64.55999755859375,64.83999633789062,63.49674606323242,16222900
2024-05-24,65.12999725341797,65.69000244140625,65.01000213623047,65.37999725341797,64.02557373046875,11795000
2024-05-28,65.22000122070312,65.47000122070312,64.73999786376953,65.04000091552734,63.69261169433594,13349600
2024-05-29,64.75,65.20999908447266,64.6500015258789,64.91999816894531,63.57509231567383,11538600
2024-05-30,64.93000030517578,65.16999816894531,64.7699966430664,64.88999938964844,63.545719146728516,13051900
2024-05-31,64.66999816894531,65.9000015258789,64.16000366210938,65.76000213623047,64.39768981933594,27632200
2024-06-03,65.51000213623047,65.83999633789062,65.16000366210938,65.81999969482422,64.45645141601562,11578700
2024-06-04,65.98999786376953,66.63999938964844,65.83000183105469,66.5999984741211,65.22029113769531,14780800
2024-06-05,66.56999969482422,67.1500015258789,66.27999877929688,67.08999633789062,65.70013427734375,14982700
2024-06-06,67.05999755859375,67.44000244140625,66.7699966430664,67.1500015258789,65.75890350341797,13256000
2024-06-07,67.4000015258789,67.56999969482422,65.63999938964844,65.87999725341797,64.51521301269531,20213200
2024-06-10,67.19000244140625,67.33000183105469,66.2699966430664,66.95999908447266,65.57283782958984,21659500
2024-06-11,66.94999694824219,66.95999908447266,66.3499984741211,66.7300033569336,65.34759521484375,13367500
2024-06-12,66.8499984741211,66.94000244140625,65.9000015258789,66.30999755859375,64.93628692626953,11704700
2024-06-13,66.30000305175781,66.76000213623047,65.94999694824219,66.69999694824219,65.3182144165039,11196600
2024-06-14,66.54000091552734,67.11000061035156,66.30000305175781,67.0199966430664,65.631591796875,12590100
2024-06-17,66.91999816894531,67.44000244140625,66.41000366210938,67.41999816894531,66.02330017089844,12103000
2024-06-18,67.62999725341797,67.87000274658203,67.30000305175781,67.5999984741211,66.19957733154297,12093500
2024-06-20,67.3499984741211,68.12999725341797,67.30000305175781,68.01000213623047,66.60108184814453,13860800
2024-06-21,68.26000213623047,68.55000305175781,67.83000183105469,67.91000366210938,66.50316619873047,25883000
2024-06-24,68.05000305175781,69.04000091552734,67.9000015258789,68.9000015258789,67.47264862060547,12470400
2024-06-25,67.16999816894531,67.58999633789062,66.55000305175781,67.41999816894531,66.02330017089844,20869200
2024-06-26,67.4000015258789,68.5999984741211,67.20999908447266,68.29000091552734,66.87528991699219,14177500
2024-06-27,68.29000091552734,68.58000183105469,67.66999816894531,67.87999725341797,66.47377014160156,12899200
2024-06-28,67.87000274658203,68.0999984741211,67.31999969482422,67.70999908447266,66.30729675292969,18816700
2024-07-01,67.88999938964844,68.23999786376953,67.25,67.4800033569336,66.08206939697266,8666000
2024-07-02,67.44000244140625,68.08000183105469,67.26000213623047,68.06999969482422,66.65984344482422,9436500
2024-07-03,67.80999755859375,68.25,67.62000274658203,68.23999786376953,66.8263168334961,6287500
2024-07-05,68.16000366210938,70.1500015258789,68.0999984741211,70.04000091552734,68.58902740478516,21586100
2024-07-08,69.9000015258789,70.13999938964844,69.3499984741211,69.68000030517578,68.23648834228516,12077700
2024-07-09,69.9000015258789,70.25,69.66999816894531,69.9000015258789,68.45193481445312,9758400
2024-07-10,70.0999984741211,70.44000244140625,69.72000122070312,70.41000366210938,68.95136260986328,10803400
2024-07-11,70.18000030517578,70.44999694824219,69.26000213623047,69.80000305175781,68.35401153564453,15624800
2024-07-12,69.9000015258789,70.02999877929688,69.16999816894531,69.23999786376953,67.80560302734375,12145300
2024-07-15,69.30000305175781,69.97000122070312,69.30000305175781,69.61000061035156,68.16793823242188,10171100
2024-07-16,69.81999969482422,70.23999786376953,69.58000183105469,69.98999786376953,68.54005432128906,9836800
2024-07-17,70.18000030517578,71.0999984741211,69.94999694824219,71.02999877929688,69.55852508544922,13533800
2024-07-18,70.68000030517578,71.19000244140625,70.43000030517578,70.81999969482422,69.35286712646484,10682700
2024-07-19,71.19999694824219,71.33000183105469,70.6500015258789,70.75,69.28431701660156,11665500
2024-07-22,70.86000061035156,71.26000213623047,70.2300033569336,70.37999725341797,68.9219741821289,12666100
2024-07-23,70.47000122070312,70.69999694824219,70.11000061035156,70.6500015258789,69.18638610839844,9263600
2024-07-24,70.5199966430664,70.83999633789062,70.33999633789062,70.5999984741211,69.1374282836914,22490800
2024-07-25,70.5999984741211,70.7699966430664,69.94999694824219,70.0199966430664,68.5694351196289,18821200
2024-07-26,70.2300033569336,70.23999786376953,68.83000183105469,69.77999877929688,68.33440399169922,16789300
2024-07-29,69.8499984741211,69.9000015258789,69.12999725341797,69.62000274658203,68.17772674560547,10315300
2024-07-30,69.55000305175781,69.8499984741211,68.9800033569336,69.19000244140625,67.75664520263672,12522500
2024-07-31,69.18000030517578,69.25,68.29000091552734,68.63999938964844,67.21803283691406,22908800
2024-08-01,68.91000366210938,69.80000305175781,68.5199966430664,69.79000091552734,68.3442153930664,17275500
2024-08-02,69.5999984741211,70.23999786376953,67.73999786376953,68.45999908447266,67.04175567626953,23578700
2024-08-05,68.0999984741211,68.58000183105469,66.91000366210938,67.58999633789062,66.18978118896484,20770500
2024-08-06,67.83999633789062,68.62999725341797,67.68000030517578,67.73999786376953,66.33667755126953,14815100
2024-08-07,67.87000274658203,68.01000213623047,66.80999755859375,66.91000366210938,65.52387237548828,18499200
2024-08-08,66.83999633789062,67.91999816894531,66.66999816894531,67.66000366210938,66.25833892822266,12489800
2024-08-09,67.8499984741211,68.22000122070312,67.33000183105469,67.94999694824219,66.54231262207031,13805600
2024-08-12,68.33999633789062,69.22000122070312,68.06999969482422,68.69999694824219,67.27679443359375,17385300
2024-08-13,68.43000030517578,68.61000061035156,67.13999938964844,68.12999725341797,66.7186050415039,26557900
2024-08-14,67.91999816894531,68.79000091552734,67.8499984741211,68.66000366210938,67.23763275146484,22928600
2024-08-15,74.12000274658203,74.44000244140625,72.77999877929688,73.18000030517578,71.66397857666016,49567500
2024-08-16,72.69999694824219,73.61000061035156,72.5199966430664,73.44999694824219,72.13340759277344,19872100
2024-08-19,73.38999938964844,73.9800033569336,73.33999633789062,73.72000122070312,72.39857482910156,13709300
2024-08-20,73.75,74.75,73.72000122070312,74.54000091552734,73.20387268066406,14434000
2024-08-21,75.30000305175781,75.58000183105469,74.58999633789062,75.23999786376953,73.89131927490234,14832000
2024-08-22,75.37000274658203,76.22000122070312,75.1500015258789,75.58000183105469,74.2252197265625,16511100
2024-08-23,75.5999984741211,75.80999755859375,75.01000213623047,75.69999694824219,74.34307861328125,12299100
2024-08-26,75.9000015258789,76.20999908447266,75.56999969482422,76.02999877929688,74.66716003417969,9508200
2024-08-27,76.44999694824219,76.44999694824219,75.7699966430664,76.12999725341797,74.76536560058594,11557800
2024-08-28,76.27999877929688,76.43000030517578,75.80999755859375,76.08000183105469,74.71627807617188,9814300
2024-08-29,75.98999786376953,76.47000122070312,75.66999816894531,76.41999816894531,75.0501708984375,11856800
2024-08-30,76.44000244140625,77.47000122070312,76.22000122070312,77.2300033569336,75.84564971923828,23230000
2024-09-03,77.33000183105469,77.80999755859375,76.80000305175781,77.16999816894531,75.78672790527344,22666100
2024-09-04,77.33000183105469,77.4800033569336,76.7300033569336,77.23999786376953,75.85547637939453,18442800
2024-09-05,77.25,77.44999694824219,76.38999938964844,76.95999908447266,75.58049774169922,13082900
2024-09-06,76.9000015258789,77.31999969482422,76.30000305175781,76.63999938964844,75.26622772216797,14548600
2024-09-09,76.8499984741211,77.47000122070312,76.48999786376953,77.33999633789062,75.95368194580078,22260200
2024-09-10,77.3499984741211,78.9000015258789,77.27999877929688,78.80999755859375,77.39733123779297,17686300
2024-09-11,78.37999725341797,78.91999816894531,77.56999969482422,78.83999633789062,77.42679595947266,19518800
2024-09-12,78.98999786376953,79.91000366210938,78.62000274658203,79.66000366210938,78.23210144042969,14877700
2024-09-13,79.81999969482422,80.69000244140625,79.69000244140625,80.5999984741211,79.15524291992188,12994100
2024-09-16,80.83999633789062,81.0199966430664,80.13999938964844,80.55999755859375,79.115966796875,15346400
2024-09-17,79.76000213623047,80.26000213623047,78.26000213623047,78.5999984741211,77.19110107421875,21065900
2024-09-18,78.63999938964844,79.41000366210938,78.27999877929688,79.02999877929688,77.61339569091797,15684900
2024-09-19,79.05000305175781,79.08999633789062,77.48999786376953,78.04000091552734,76.6411361694336,21525700
2024-09-20,78.2300033569336,79.61000061035156,78.11000061035156,79.05999755859375,77.6428451538086,39534300
2024-09-23,79.06999969482422,80.44000244140625,79.06999969482422,80.33000183105469,78.89008331298828,12147300
2024-09-24,80.4800033569336,80.91000366210938,80.23999786376953,80.66999816894531,79.22400665283203,14651100
2024-09-25,80.88999938964844,81.5999984741211,80.68000030517578,81.4000015258789,79.94091033935547,14163800
2024-09-26,81.04000091552734,81.19999694824219,79.26000213623047,79.91999816894531,78.48744201660156,17061100
2024-09-27,79.9000015258789,80.29000091552734,79.5999984741211,79.77999877929688,78.34994506835938,11899100
2024-09-30,79.88999938964844,80.94000244140625,79.86000061035156,80.75,79.30255889892578,18997000
2024-10-01,80.68000030517578,81.52999877929688,80.44000244140625,81.2699966430664,79.813232421875,16054200
2024-10-02,80.98999786376953,80.98999786376953,80.12000274658203,80.43000030517578,78.98828887939453,16618300
2024-10-03,80.30000305175781,80.58000183105469,79.8499984741211,80.43000030517578,78.98828887939453,11640400
2024-10-04,80.05000305175781,81.11000061035156,79.8499984741211,80.94000244140625,79.48915100097656,11583400
2024-10-07,80.69000244140625,80.94000244140625,78.9800033569336,79.0999984741211,77.68213653564453,16791600
2024-10-08,79.62000274658203,79.81999969482422,79.06999969482422,79.70999908447266,78.28120422363281,15270000
2024-10-09,79.81999969482422,80.5,79.75,80.4000015258789,78.9588394165039,12413000
2024-10-10,80.30999755859375,80.31999969482422,79.45999908447266,79.61000061035156,78.18299102783203,10812700
2024-10-11,79.69999694824219,80.12999725341797,79.37000274658203,80.0999984741211,78.6642074584961,9570700
2024-10-14,80.05000305175781,80.51000213623047,79.76000213623047,80.29000091552734,78.8508071899414,9914500
2024-10-15,80.66999816894531,81.81999969482422,80.51000213623047,81.6500015258789,80.1864242553711,13276200
2024-10-16,81.52999877929688,81.66000366210938,80.62000274658203,81.22000122070312,79.7641372680664,11123300
2024-10-17,81.2699966430664,81.5,80.6500015258789,80.88999938964844,79.4400405883789,9424700
2024-10-18,80.87000274658203,81.69000244140625,80.66000366210938,81.30999755859375,79.8525161743164,12324100
2024-10-21,81.2300033569336,81.55000305175781,80.72000122070312,80.80999755859375,79.36148071289062,9750400
2024-10-22,81.11000061035156,82.2300033569336,80.83000183105469,82.0199966430664,80.5497817993164,12240100
2024-10-23,81.88999938964844,83.33999633789062,81.80000305175781,83.2699966430664,81.77738952636719,13058200
2024-10-24,82.95999908447266,83.31999969482422,82.58000183105469,83.04000091552734,81.551513671875,11645900
2024-10-25,83.19999694824219,83.30000305175781,82.44000244140625,82.51000213623047,81.03101348876953,8959400
2024-10-28,82.75,83.08000183105469,82.47000122070312,82.75,81.2667007446289,7990200
2024-10-29,82.66999816894531,82.86000061035156,81.66999816894531,81.69999694824219,80.23553466796875,9682400
2024-10-30,81.5999984741211,81.83000183105469,81.30000305175781,81.38999938964844,79.93108367919922,9268800
2024-10-31,81.29000091552734,82.44000244140625,81.22000122070312,81.94999694824219,80.4810562133789,15539000
2024-11-01,82.52999877929688,82.52999877929688,81.54000091552734,82.19000244140625,80.71673583984375,12181800
2024-11-04,82.19999694824219,82.91000366210938,82.0,82.44999694824219,80.97209167480469,11731000
2024-11-05,82.68000030517578,83.7699966430664,82.51000213623047,83.68000030517578,82.18003845214844,10612500
2024-11-06,85.13999938964844,85.54000091552734,82.05999755859375,83.44000244140625,81.94435119628906,19974000
2024-11-07,83.72000122070312,84.38999938964844,83.41999816894531,83.8499984741211,82.34697723388672,12665800
2024-11-08,84.27999877929688,85.41999816894531,84.2300033569336,84.83000183105469,83.3094253540039,14396500
2024-11-11,84.94999694824219,85.41000366210938,84.12000274658203,84.20999908447266,82.70053100585938,10433200
2024-11-12,84.5,85.52999877929688,84.5,84.98999786376953,83.466552734375,12860200
2024-11-13,84.98999786376953,85.79000091552734,84.7699966430664,85.5,83.96739959716797,12802600
2024-11-14,85.02999877929688,85.76000213623047,84.33999633789062,84.47000122070312,82.95587921142578,15740700
2024-11-15,84.52999877929688,84.77999877929688,83.94000244140625,84.25,82.73981475830078,17370600
2024-11-18,84.81999969482422,84.8499984741211,83.66000366210938,84.08000183105469,82.57286834716797,25093800
2024-11-19,86.2300033569336,88.29000091552734,85.91000366210938,86.5999984741211,85.04768371582031,36340900
2024-11-20,86.5999984741211,87.19999694824219,85.91000366210938,87.18000030517578,85.61730194091797,18183200
2024-11-21,87.44999694824219,88.63999938964844,86.93000030517578,88.38999938964844,86.80561065673828,18729200
2024-11-22,89.41000366210938,90.91000366210938,88.93000030517578,90.44000244140625,88.81887817382812,23990600
2024-11-25,90.5,90.94999694824219,89.05999755859375,89.5,87.89572143554688,25078600
2024-11-26,89.88999938964844,91.87999725341797,89.83999633789062,91.30999755859375,89.67327117919922,16657000
2024-11-27,92.0,92.25,91.30999755859375,91.87999725341797,90.23304748535156,14358900
2024-11-29,92.26000213623047,92.63999938964844,91.81999969482422,92.5,90.84193420410156,11041200
2024-12-02,92.81999969482422,92.98999786376953,91.94999694824219,92.63999938964844,90.97943115234375,17173000
2024-12-03,92.77999877929688,93.58999633789062,92.26000213623047,93.51000213623047,91.83383178710938,17775200
2024-12-04,93.44999694824219,94.5199966430664,93.05000305175781,94.44999694824219,92.7569808959961,17312600
2024-12-05,94.88999938964844,95.5999984741211,94.33999633789062,95.30000305175781,93.59174346923828,21932300
2024-12-06,95.54000091552734,96.18000030517578,95.33000183105469,95.69999694824219,93.98458099365234,18803500
2024-12-09,95.66000366210938,95.94000244140625,93.5999984741211,93.83000183105469,92.14810943603516,20931100
2024-12-10,94.05000305175781,95.23999786376953,93.7699966430664,94.55000305175781,92.8552017211914,13164500
2024-12-11,94.54000091552734,95.69000244140625,94.5,94.95999908447266,93.2578353881836,19682100
2024-12-12,95.68000030517578,95.72000122070312,94.08999633789062,94.08999633789062,92.4034423828125,14298600
2024-12-13,93.80000305175781,94.68000030517578,93.04000091552734,94.25,92.7656478881836,11495900
2024-12-16,94.41999816894531,95.70999908447266,94.0999984741211,94.87000274658203,93.37590026855469,16742000
2024-12-17,95.13999938964844,95.48999786376953,94.31999969482422,95.41999816894531,93.917236328125,23560800
2024-12-18,95.33999633789062,95.9000015258789,93.12999725341797,93.55000305175781,92.07666778564453,24665600
2024-12-19,94.4800033569336,94.56999969482422,93.36000061035156,93.4000015258789,91.92904663085938,16606500
2024-12-20,93.01000213623047,93.75,91.62999725341797,92.23999786376953,90.78730773925781,49350600
2024-12-23,91.5,91.5,88.91000366210938,90.3499984741211,88.92707061767578,26205400
2024-12-24,90.37000274658203,92.68000030517578,90.3499984741211,92.68000030517578,91.22037506103516,8992400
2024-12-26,92.54000091552734,92.87999725341797,92.16999816894531,92.79000091552734,91.32864379882812,10994000
2024-12-27,92.12999725341797,92.3499984741211,91.02999877929688,91.66000366210938,90.21643829345703,11384400
2024-12-30,90.7300033569336,91.06999969482422,90.12999725341797,90.56999969482422,89.14360809326172,9790200
2024-12-31,90.56999969482422,90.94000244140625,90.05999755859375,90.3499984741211,88.92707061767578,11267700
2025-01-02,89.9800033569336,90.5999984741211,89.5199966430664,90.0,88.58258819580078,14820400
2025-01-03,90.1500015258789,91.30000305175781,90.13999938964844,90.77999877929688,89.35028839111328,10834600
2025-01-06,90.83000183105469,92.47000122070312,90.66999816894531,91.43000030517578,89.99005126953125,14519900
2025-01-07,91.69999694824219,91.94000244140625,90.44999694824219,90.80999755859375,89.37982177734375,11238000
2025-01-08,91.11000061035156,91.8499984741211,90.81999969482422,91.80000305175781,90.35423278808594,13453600
2025-01-10,92.48999786376953,93.58000183105469,92.19999694824219,93.0,91.53533935546875,18140900
2025-01-13,92.12000274658203,92.43000030517578,91.0999984741211,91.52999877929688,90.08848571777344,18617100
2025-01-14,91.86000061035156,91.9800033569336,90.56999969482422,90.79000091552734,89.36014556884766,13549200
2025-01-15,91.06999969482422,91.7300033569336,90.80999755859375,91.33999633789062,89.90147399902344,17348200
2025-01-16,91.5,91.72000122070312,90.12000274658203,91.30000305175781,89.86210632324219,13267700
2025-01-17,92.06999969482422,92.26000213623047,91.05000305175781,91.94000244140625,90.49202728271484,15868200
2025-01-21,92.4800033569336,94.23999786376953,92.30999755859375,93.08000183105469,91.61407470703125,23247500
2025-01-22,93.7699966430664,94.0,92.5199966430664,93.2300033569336,91.76171112060547,15567100
2025-01-23,92.95999908447266,93.80999755859375,92.31999969482422,93.80999755859375,92.33257293701172,14198400
2025-01-24,93.54000091552734,95.01000213623047,93.45999908447266,94.76000213623047,93.26762390136719,14973800
2025-01-27,95.9000015258789,97.45999908447266,94.81999969482422,97.4000015258789,95.86603546142578,18880600
2025-01-28,97.2300033569336,97.83999633789062,96.7300033569336,97.29000091552734,95.75777435302734,14641600
2025-01-29,97.43000030517578,98.16999816894531,97.22000122070312,97.5,95.9644546508789,11261400
2025-01-30,97.69000244140625,98.93000030517578,97.41999816894531,98.6500015258789,97.09635162353516,11012200
2025-01-31,99.0,99.0,97.69999694824219,98.16000366210938,96.61407470703125,16391200
2025-02-03,96.7699966430664,99.79000091552734,96.47000122070312,99.54000091552734,97.97232818603516,20484200
2025-02-04,99.97000122070312,100.94999694824219,99.69000244140625,100.7699966430664,99.1829605102539,15201200
2025-02-05,100.6500015258789,102.58000183105469,100.54000091552734,102.45999908447266,100.8463363647461,15926700
2025-02-06,102.52999877929688,103.0199966430664,101.94000244140625,102.8499984741211,101.23020935058594,13088500
2025-02-07,103.0,103.11000061035156,101.11000061035156,101.1500015258789,99.55697631835938,12451100
2025-02-10,101.94999694824219,102.93000030517578,101.25,102.91999816894531,101.2990951538086,15274600
2025-02-11,102.62000274658203,102.8499984741211,101.8499984741211,102.47000122070312,100.85618591308594,11953600
2025-02-12,102.12000274658203,103.9000015258789,102.04000091552734,103.61000061035156,101.97824096679688,15162100
2025-02-13,104.0,105.23999786376953,103.52999877929688,105.05000305175781,103.39555358886719,12604400
2025-02-14,105.30000305175781,105.30000305175781,103.5999984741211,104.04000091552734,102.4014663696289,14109500
2025-02-18,103.72000122070312,103.98999786376953,102.51000213623047,103.77999877929688,102.14555358886719,18247300
2025-02-19,103.8499984741211,104.19999694824219,102.55000305175781,104.0,102.3620834350586,18508000
2025-02-20,98.77999877929688,100.12000274658203,96.68000030517578,97.20999908447266,95.67903137207031,55450900
2025-02-21,96.52999877929688,96.8499984741211,94.12000274658203,94.77999877929688,93.28730010986328,35014800
2025-02-24,94.18000030517578,94.63999938964844,92.12000274658203,93.66999816894531,92.19477844238281,29755900
2025-02-25,94.3499984741211,97.91000366210938,94.23999786376953,97.69000244140625,96.1514663696289,29331200
2025-02-26,97.69999694824219,98.7300033569336,96.06999969482422,96.19999694824219,94.68492889404297,19069700
2025-02-27,95.9000015258789,98.04000091552734,95.80999755859375,96.79000091552734,95.2656478881836,16431500
2025-02-28,97.79000091552734,98.86000061035156,97.16999816894531,98.61000061035156,97.05697631835938,25451300
2025-03-03,97.9800033569336,99.48999786376953,96.83000183105469,97.58999633789062,96.05303955078125,18372200
2025-03-04,95.76000213623047,97.05000305175781,94.45999908447266,94.97000122070312,93.47431182861328,25227700
2025-03-05,94.97000122070312,96.38999938964844,94.75,95.9800033569336,94.4684066772461,17639000
2025-03-06,94.80000305175781,96.19000244140625,94.18000030517578,94.63999938964844,93.14950561523438,19957800
2025-03-07,93.94000244140625,93.94999694824219,90.76000213623047,91.72000122070312,90.27549743652344,35913200
2025-03-10,89.76000213623047,90.2300033569336,86.61000061035156,87.81999969482422,86.43692016601562,35148800
2025-03-11,87.29000091552734,89.3499984741211,87.13999938964844,87.44000244140625,86.0628890991211,28687600
2025-03-12,87.87999725341797,89.0999984741211,84.87999725341797,85.19999694824219,83.8581771850586,33301600
2025-03-13,84.94000244140625,85.44999694824219,83.87000274658203,84.5,83.16920471191406,31507800
2025-03-14,84.95999908447266,85.37000274658203,84.05999755859375,85.3499984741211,84.00581359863281,35500600
2025-03-17,85.12999725341797,87.98999786376953,84.9800033569336,87.45999908447266,86.08258056640625,26297800
2025-03-18,87.44000244140625,87.68000030517578,85.5,85.58999633789062,84.24201965332031,17850900
2025-03-19,85.94999694824219,86.79000091552734,85.62000274658203,86.33000183105469,84.97038269042969,24555900
2025-03-20,85.80999755859375,87.08000183105469,85.5199966430664,85.80999755859375,84.45857238769531,18185500
2025-03-21,85.27999877929688,86.2300033569336,84.77999877929688,85.9800033569336,84.85829162597656,26797200
2025-03-24,86.47000122070312,87.6500015258789,86.3499984741211,87.48999786376953,86.34858703613281,17900700
2025-03-25,86.76000213623047,87.30999755859375,84.62000274658203,84.76000213623047,83.65420532226562,27908600
2025-03-26,85.19000244140625,85.55999755859375,84.56999969482422,85.20999908447266,84.09833526611328,27228800
2025-03-27,84.77999877929688,86.11000061035156,84.77999877929688,85.62999725341797,84.5128402709961,16782800
2025-03-28,85.43000030517578,85.83000183105469,84.69999694824219,85.1500015258789,84.03911590576172,14790600
2025-03-31,84.76000213623047,88.19999694824219,84.37000274658203,87.79000091552734,86.6446762084961,30269300
2025-04-01,87.54000091552734,89.11000061035156,87.37000274658203,88.83000183105469,87.67110443115234,22080300
2025-04-02,88.19999694824219,90.1500015258789,88.12000274658203,89.76000213623047,88.5889663696289,19384100
2025-04-03,86.27999877929688,89.87999725341797,86.27999877929688,87.26000213623047,86.12159729003906,33012900
2025-04-04,85.63999938964844,87.38999938964844,82.6500015258789,83.19000244140625,82.10469055175781,36209000
2025-04-07,80.23999786376953,86.26000213623047,79.80999755859375,83.83000183105469,82.73632049560547,36884900
2025-04-08,85.8499984741211,86.97000122070312,81.02999877929688,81.79000091552734,80.72295379638672,34351700
2025-04-09,83.33000183105469,90.80000305175781,83.0199966430664,89.5999984741211,88.4310531616211,46632800
2025-04-10,88.7300033569336,91.87000274658203,88.16000366210938,90.61000061035156,89.42788696289062,34735300
2025-04-11,90.68000030517578,93.3499984741211,90.01000213623047,92.80000305175781,91.58930969238281,25508100
2025-04-14,93.2699966430664,95.44000244140625,92.9000015258789,94.7300033569336,93.49412536621094,27742900
2025-04-15,94.81999969482422,96.02999877929688,93.87000274658203,93.97000122070312,92.74404907226562,21871200
2025-04-16,94.0,94.30000305175781,90.61000061035156,91.19000244140625,90.00032043457031,22229100
2025-04-17,91.83000183105469,93.87000274658203,91.62000274658203,93.22000122070312,92.00383758544922,21393900
2025-04-21,93.0199966430664,94.08000183105469,91.33999633789062,92.41000366210938,91.20439910888672,18361200
2025-04-22,92.87999725341797,95.29000091552734,92.87999725341797,94.8499984741211,93.6125717163086,15407800
2025-04-23,95.0199966430664,96.5999984741211,94.16000366210938,94.95999908447266,93.72112274169922,18046900
2025-04-24,94.70999908447266,96.22000122070312,93.66000366210938,95.83999633789062,94.58963775634766,13444500
2025-04-25,95.80000305175781,96.47000122070312,94.36000061035156,95.08999633789062,93.84943389892578,15317200
2025-04-28,95.0999984741211,96.0,94.33999633789062,95.22000122070312,93.97773742675781,12950000
2025-04-29,94.83999633789062,96.18000030517578,94.41999816894531,96.04000091552734,94.78704071044922,12679000
2025-04-30,95.94000244140625,97.77999877929688,94.93000030517578,97.25,95.98126220703125,21639900
2025-05-01,97.0199966430664,97.9000015258789,96.58999633789062,97.41000366210938,96.13916778564453,13171800
2025-05-02,97.94999694824219,99.22000122070312,97.8499984741211,98.75,97.46168518066406,16031400
2025-05-05,98.94000244140625,99.73999786376953,98.52999877929688,99.33000183105469,98.03411865234375,12439100
2025-05-06,98.73999786376953,99.47000122070312,98.41000366210938,98.55000305175781,97.26429748535156,10626000
2025-05-07,98.55000305175781,99.2300033569336,98.30999755859375,98.83000183105469,97.54063415527344,11301300
2025-05-08,98.75,99.33000183105469,97.36000061035156,97.43000030517578,96.1589126586914,14461100
2025-05-09,96.75,97.19999694824219,96.29000091552734,96.72000122070312,95.68897247314453,13697800
2025-05-12,97.66999816894531,97.97000122070312,95.62000274658203,96.75,95.71864318847656,26783900
2025-05-13,96.5,97.31999969482422,95.2300033569336,95.87999725341797,94.85791778564453,19746700
2025-05-14,96.02999877929688,97.33000183105469,95.83000183105469,96.83000183105469,95.79779815673828,25620100
2025-05-15,94.30000305175781,96.72000122070312,91.88999938964844,96.3499984741211,95.32290649414062,44026100
2025-05-16,96.13999938964844,99.19000244140625,96.0,98.23999786376953,97.19275665283203,33746200
2025-05-19,96.6500015258789,98.27999877929688,95.80999755859375,98.12000274658203,97.07404327392578,20041600
2025-05-20,98.55999755859375,98.81999969482422,96.5199966430664,97.80000305175781,96.75746154785156,15609600
2025-05-21,97.12999725341797,97.76000213623047,95.9800033569336,96.43000030517578,95.40205383300781,15742300
2025-05-22,96.54000091552734,96.95999908447266,95.81999969482422,95.93000030517578,94.90738677978516,13712200
2025-05-23,95.33999633789062,96.54000091552734,95.0,96.33999633789062,95.3130111694336,13668600
2025-05-27,97.30000305175781,97.80000305175781,96.58000183105469,97.58000183105469,96.53980255126953,17180900
2025-05-28,97.5199966430664,98.23999786376953,97.05999755859375,97.23999786376953,96.20342254638672,11220100
2025-05-29,97.62999725341797,97.7699966430664,96.8499984741211,97.0999984741211,96.06491088867188,14338000
2025-05-30,96.95999908447266,98.93000030517578,96.5999984741211,98.72000122070312,97.66765594482422,29980100
2025-06-02,98.83999633789062,99.91000366210938,98.05000305175781,99.7699966430664,98.7064437866211,16999200
2025-06-03,99.56999969482422,100.88999938964844,98.56999969482422,99.9800033569336,98.91421508789062,15598600
2025-06-04,99.79000091552734,100.12999725341797,99.31999969482422,99.3499984741211,98.29092407226562,11115600
2025-06-05,99.30000305175781,99.58999633789062,97.61000061035156,97.95999908447266,96.9157485961914,15817100
2025-06-06,98.37000274658203,98.55999755859375,96.97000122070312,97.47000122070312,96.43096923828125,15599300
2025-06-09,97.4000015258789,97.8499984741211,96.7699966430664,97.44999694824219,96.41118621826172,13655700
2025-06-10,97.29000091552734,98.08999633789062,96.4800033569336,97.31999969482422,96.28256225585938,17162500
2025-06-11,97.29000091552734,97.29000091552734,95.3499984741211,95.80000305175781,94.7787857055664,16389600
2025-06-12,94.88999938964844,95.26000213623047,93.43000030517578,94.83000183105469,93.81912231445312,17845700
2025-06-13,94.5199966430664,95.31999969482422,94.01000213623047,94.44000244140625,93.43328094482422,18694700
2025-06-16,94.75,95.77999877929688,94.0999984741211,94.29000091552734,93.28487396240234,14881700
2025-06-17,93.94999694824219,94.81999969482422,93.62000274658203,94.25,93.24529266357422,14935600
2025-06-18,94.56999969482422,95.48999786376953,94.08999633789062,95.08999633789062,94.07633972167969,11333700
2025-06-20,95.23999786376953,96.30999755859375,95.19999694824219,96.12000274658203,95.09536743164062,20604900
2025-06-23,95.91999816894531,97.93000030517578,95.66999816894531,97.87000274658203,96.82669830322266,20432400
2025-06-24,97.7300033569336,99.11000061035156,97.25,98.0,96.955322265625,22403700
2025-06-25,98.30999755859375,98.55999755859375,97.1500015258789,97.26000213623047,96.22321319580078,11154700
2025-06-26,96.9000015258789,97.33999633789062,95.91999816894531,96.0199966430664,94.99641418457031,19361400
2025-06-27,96.31999969482422,97.76000213623047,96.16000366210938,97.2699966430664,96.23310852050781,31431900
2025-06-30,97.2300033569336,98.13999938964844,96.30999755859375,97.77999877929688,96.7376708984375,17803000
2025-07-01,97.5999984741211,99.19000244140625,97.41999816894531,98.23999786376953,97.19275665283203,15635800
2025-07-02,98.12999725341797,98.37999725341797,97.05999755859375,97.61000061035156,96.5694808959961,12502000
2025-07-03,97.69999694824219,98.4800033569336,97.41999816894531,98.36000061035156,97.31149291992188,7686200
2025-07-07,98.2300033569336,99.3499984741211,97.62000274658203,99.3499984741211,98.29092407226562,12930900
2025-07-08,98.81999969482422,99.16999816894531,96.51000213623047,97.08999633789062,96.0550308227539,16875000
2025-07-09,97.1500015258789,97.29000091552734,96.37999725341797,96.80999755859375,95.77799987792969,13702600
2025-07-10,96.66000366210938,96.77999877929688,94.73999786376953,94.86000061035156,93.84880065917969,18894800
2025-07-11,95.01000213623047,95.52999877929688,94.2300033569336,94.4000015258789,93.39369201660156,14595000
2025-07-14,94.51000213623047,95.83999633789062,94.37999725341797,95.77999877929688,94.75898742675781,13779100
2025-07-15,95.5999984741211,95.77999877929688,94.94000244140625,95.38999938964844,94.3731460571289,10450800
2025-07-16,95.41999816894531,95.83000183105469,94.61000061035156,95.1500015258789,94.13570404052734,11181600
2025-07-17,95.08000183105469,95.62999725341797,94.88999938964844,95.08999633789062,94.07633972167969,11165100
2025-07-18,95.08999633789062,95.4800033569336,94.43000030517578,95.05000305175781,94.03677368164062,14636300
2025-07-21,95.26000213623047,96.63999938964844,95.0999984741211,95.66999816894531,94.650146484375,13450400
2025-07-22,95.83999633789062,96.66999816894531,95.73999786376953,95.8499984741211,94.82823181152344,9049100
2025-07-23,96.01000213623047,96.29000091552734,95.29000091552734,95.68000030517578,94.66004943847656,9729700
2025-07-24,95.56999969482422,96.95999908447266,95.3499984741211,96.5999984741211,95.57024383544922,14991500
2025-07-25,96.83999633789062,97.6500015258789,96.52999877929688,97.47000122070312,96.43096923828125,12868500
2025-07-28,97.27999877929688,98.12999725341797,97.08000183105469,97.61000061035156,96.5694808959961,12293100
2025-07-29,97.77999877929688,98.72000122070312,97.33999633789062,98.33000183105469,97.28180694580078,14034300
2025-07-30,98.61000061035156,98.87999725341797,97.29000091552734,97.58999633789062,96.54969024658203,13864100
2025-07-31,97.44000244140625,98.62999725341797,97.30999755859375,97.9800033569336,96.93553924560547,15651300
2025-08-01,98.0,98.83000183105469,97.66999816894531,98.48999786376953,97.44009399414062,16750400
2025-08-04,98.19999694824219,99.91000366210938,98.19999694824219,99.58999633789062,98.52836608886719,19050200
2025-08-05,99.66999816894531,100.47000122070312,98.91000366210938,99.30999755859375,98.2513656616211,17977000
2025-08-06,99.45999908447266,103.69000244140625,99.45999908447266,103.36000061035156,102.25818634033203,23738400
2025-08-07,103.45999908447266,103.9000015258789,102.11000061035156,103.12000274658203,102.020751953125,12509500
2025-08-08,103.37000274658203,104.72000122070312,103.1500015258789,103.7300033569336,102.6242446899414,12394700
2025-08-11,103.9000015258789,104.33000183105469,103.11000061035156,103.93000030517578,102.82210540771484,12856700
2025-08-12,104.25,104.30999755859375,103.37000274658203,103.62000274658203,102.51541137695312,17915300
2025-08-13,102.1500015258789,102.80999755859375,100.8499984741211,100.98999786376953,99.91344451904297,19398500
2025-08-14,101.22000122070312,101.44000244140625,100.72000122070312,100.8499984741211,99.77494049072266,10858400
2025-08-15,100.62999725341797,100.7699966430664,99.54000091552734,100.0,99.16507720947266,13604900
2025-08-18,100.0,100.87999725341797,99.91999816894531,100.69999694824219,99.85922241210938,11656100
2025-08-19,100.95999908447266,102.43000030517578,100.80000305175781,101.29000091552734,100.4443130493164,16999000
2025-08-20,101.1500015258789,102.6500015258789,100.93000030517578,102.56999969482422,101.71361541748047,18655000
2025-08-21,99.41000366210938,99.44999694824219,96.94999694824219,97.95999908447266,97.14210510253906,51825100
2025-08-22,98.06999969482422,99.05000305175781,96.76000213623047,96.83000183105469,96.02154541015625,32695200
2025-08-25,97.0,97.58000183105469,96.06999969482422,96.06999969482422,95.26789093017578,18956100
2025-08-26,96.27999877929688,96.47000122070312,95.41999816894531,96.05000305175781,95.24806213378906,22270400
2025-08-27,95.9000015258789,96.31999969482422,95.5999984741211,96.08000183105469,95.27780151367188,12925700
2025-08-28,96.0,96.56999969482422,95.69999694824219,96.11000061035156,95.30755615234375,19241600
2025-08-29,96.0999984741211,97.02999877929688,95.80000305175781,96.9800033569336,96.17029571533203,15600300
2025-09-02,97.2300033569336,97.8499984741211,96.51000213623047,97.8499984741211,97.03301239013672,15351300
2025-09-03,97.8499984741211,99.44000244140625,97.5,99.44000244140625,98.60974884033203,18995900
2025-09-04,99.91000366210938,101.3499984741211,99.6500015258789,100.93000030517578,100.0873031616211,15640900
2025-09-05,101.08000183105469,101.4800033569336,99.55000305175781,100.51000213623047,99.67081451416016,13748500
2025-09-08,100.8499984741211,102.36000061035156,100.41999816894531,102.27999877929688,101.42603302001953,13685700
2025-09-09,102.0,102.48999786376953,101.55000305175781,102.29000091552734,101.43595123291016,11819700
2025-09-10,101.94999694824219,102.44999694824219,100.38999938964844,100.41000366210938,99.5716552734375,17934900
2025-09-11,100.98999786376953,102.77999877929688,100.27999877929688,102.6500015258789,101.79295349121094,15900800
2025-09-12,102.54000091552734,103.9800033569336,102.36000061035156,103.48999786376953,102.62593078613281,11641900
2025-09-15,103.6500015258789,103.9800033569336,103.41000366210938,103.69000244140625,102.82427215576172,10756900
2025-09-16,103.8499984741211,104.20999908447266,103.12999725341797,103.41999816894531,102.5565185546875,14481900
2025-09-17,103.7300033569336,106.11000061035156,103.7300033569336,104.2699966430664,103.39942932128906,25382000
2025-09-18,103.77999877929688,104.63999938964844,102.12000274658203,103.5999984741211,102.73501586914062,14869400
2025-09-19,103.80999755859375,103.94000244140625,102.08999633789062,102.33000183105469,101.47562408447266,34791600
2025-09-22,102.44999694824219,103.19999694824219,101.91999816894531,102.81999969482422,101.96154022216797,12861900
2025-09-23,102.41000366210938,102.68000030517578,101.33000183105469,102.5199966430664,101.66402435302734,13158700
2025-09-24,103.04000091552734,103.47000122070312,102.4800033569336,102.7300033569336,101.87228393554688,11391800
2025-09-25,103.22000122070312,103.51000213623047,102.58000183105469,103.05000305175781,102.18961334228516,13366700
2025-09-26,102.87999725341797,103.48999786376953,102.47000122070312,103.16000366210938,102.29869079589844,11859300
2025-09-29,103.05000305175781,103.30999755859375,102.08000183105469,103.08000183105469,102.2193603515625,15477200
2025-09-30,103.0,103.94000244140625,102.72000122070312,103.05999755859375,102.19953155517578,13873400
2025-10-01,102.55999755859375,102.86000061035156,100.55000305175781,101.95999908447266,101.10870361328125,16142800
2025-10-02,101.44999694824219,102.13999938964844,99.87000274658203,101.69999694824219,100.85087585449219,15605400
2025-10-03,101.45999908447266,102.81999969482422,101.19999694824219,102.06999969482422,101.2177963256836,11867500
2025-10-06,101.87999725341797,103.06999969482422,101.58000183105469,102.69999694824219,101.842529296875,13303600
2025-10-07,102.37999725341797,103.25,100.94999694824219,103.23999786376953,102.37802124023438,15538900
2025-10-08,103.0199966430664,103.26000213623047,102.1500015258789,102.9000015258789,102.04086303710938,13584100
2025-10-09,103.12999725341797,103.44999694824219,100.37000274658203,101.7699966430664,100.92029571533203,19508000
2025-10-10,102.05000305175781,103.62999725341797,101.5199966430664,101.83999633789062,100.98970794677734,18519400
2025-10-13,101.37000274658203,102.44999694824219,101.06999969482422,102.12000274658203,101.26736450195312,10871200
2025-10-14,104.05000305175781,107.91999816894531,102.88999938964844,107.20999908447266,106.31488037109375,30859500
2025-10-15,107.31999969482422,109.55999755859375,107.30000305175781,109.02999877929688,108.11967468261719,21416300
2025-10-16,109.19999694824219,109.58000183105469,105.66000366210938,106.47000122070312,105.5810546875,16366200
2025-10-17,107.16999816894531,108.19999694824219,106.22000122070312,107.7300033569336,106.8305435180664,13735600
2025-10-20,107.8499984741211,108.25,106.61000061035156,107.05000305175781,106.15621185302734,10581200
2025-10-21,107.33000183105469,107.4800033569336,106.18000030517578,106.22000122070312,105.33314514160156,10899700
2025-10-22,106.55000305175781,107.7699966430664,105.66000366210938,107.13999938964844,106.2454605102539,12296500
2025-10-23,107.3499984741211,107.56999969482422,105.77999877929688,106.86000061035156,105.9677963256836,11408200
2025-10-24,107.06999969482422,107.16999816894531,105.51000213623047,106.16999816894531,105.28355407714844,10318000
2025-10-27,106.33999633789062,106.36000061035156,104.1500015258789,104.47000122070312,103.59776306152344,16375900
2025-10-28,104.05999755859375,104.13999938964844,103.05000305175781,103.16999816894531,102.30860137939453,13323000
2025-10-29,102.91000366210938,103.66999816894531,102.11000061035156,102.45999908447266,101.60453033447266,11986400
2025-10-30,102.19999694824219,103.37000274658203,101.95999908447266,102.2300033569336,101.37645721435547,14065100
2025-10-31,101.69999694824219,102.0999984741211,100.18000030517578,101.18000030517578,100.33522033691406,20237000
2025-11-03,100.81999969482422,101.80000305175781,100.4000015258789,101.58999633789062,100.7417984008789,14811700
2025-11-04,102.12999725341797,102.62000274658203,101.45999908447266,102.2699966430664,101.4161148071289,12636400
2025-11-05,101.73999786376953,102.68000030517578,100.8499984741211,101.47000122070312,100.622802734375,13356800
2025-11-06,101.33999633789062,101.93000030517578,100.02999877929688,101.68000030517578,100.83104705810547,14866000
2025-11-07,102.12999725341797,102.97000122070312,101.7300033569336,102.58999633789062,101.73344421386719,17248700
2025-11-10,102.1500015258789,102.66999816894531,101.5999984741211,102.41999816894531,101.56486511230469,14507600
2025-11-11,102.5,103.73999786376953,102.31999969482422,103.44000244140625,102.57635498046875,13182100
2025-11-12,103.3499984741211,103.5999984741211,102.66000366210938,103.44000244140625,102.57635498046875,12084400
2025-11-13,103.58999633789062,103.93000030517578,102.0199966430664,102.54000091552734,101.6838607788086,18088500
2025-11-14,100.19999694824219,102.48999786376953,98.87999725341797,102.4800033569336,101.6243667602539,23424200
2025-11-17,102.58000183105469,103.31999969482422,102.0999984741211,102.94999694824219,102.09043884277344,15289400
2025-11-18,102.9800033569336,103.33999633789062,101.37999725341797,101.38999938964844,100.54346466064453,17604500
2025-11-19,101.58000183105469,101.70999908447266,99.68000030517578,100.61000061035156,99.76997375488281,22157000
2025-11-20,103.94000244140625,107.91000366210938,102.68000030517578,107.11000061035156,106.21570587158203,50375900
2025-11-21,107.9800033569336,108.1500015258789,104.72000122070312,105.31999969482422,104.44065856933594,41420800
2025-11-24,105.36000061035156,106.2699966430664,103.76000213623047,104.05999755859375,103.19116973876953,42519200
2025-11-25,104.61000061035156,107.41999816894531,104.2300033569336,107.0,106.10663604736328,20212900
2025-11-26,107.19999694824219,109.58999633789062,107.16999816894531,109.0999984741211,108.18909454345703,17783300
2025-11-28,109.30000305175781,110.69999694824219,109.0,110.51000213623047,109.58732604980469,9846500
2025-12-01,110.51000213623047,111.76000213623047,110.36000061035156,111.52999877929688,110.59880065917969,17236800
2025-12-02,111.47000122070312,112.6500015258789,110.79000091552734,112.41000366210938,111.4714584350586,18711800
2025-12-03,112.5,114.88999938964844,112.22000122070312,114.41000366210938,113.45475769042969,24478300
2025-12-04,113.62000274658203,114.88999938964844,113.16000366210938,114.83999633789062,113.88116455078125,25905100
2025-12-05,114.7300033569336,116.2699966430664,114.68000030517578,115.11000061035156,114.14891815185547,23956400
2025-12-08,114.56999969482422,114.98999786376953,112.30000305175781,113.55999755859375,112.61185455322266,22700700
2025-12-09,113.94999694824219,115.72000122070312,113.0199966430664,115.05999755859375,114.09933471679688,24326700
2025-12-10,115.3499984741211,116.2300033569336,112.98999786376953,113.18000030517578,112.23503112792969,22859600
2025-12-11,113.13999938964844,115.87000274658203,112.8499984741211,115.5199966430664,114.55549621582031,21586600
2025-12-12,115.26000213623047,116.94999694824219,115.0199966430664,116.69999694824219,115.96154022216797,19092400
2025-12-15,116.93000030517578,117.44999694824219,115.63999938964844,116.79000091552734,116.05097961425781,18713700
2025-12-16,116.58000183105469,116.87999725341797,114.94999694824219,115.41999816894531,114.68964385986328,19642300
2025-12-17,115.19999694824219,116.38999938964844,115.06999969482422,115.66000366210938,114.92813110351562,16177800
2025-12-18,115.01000213623047,116.4800033569336,114.61000061035156,114.83000183105469,114.10337829589844,21476700
2025-12-19,115.13999938964844,115.27999877929688,113.52999877929688,114.36000061035156,113.63634490966797,50043800
2025-12-22,114.01000213623047,114.31999969482422,112.22000122070312,112.5999984741211,111.88748931884766,21473900
2025-12-23,111.98999786376953,112.3499984741211,110.69999694824219,110.9000015258789,110.1982421875,20319900
2025-12-24,110.9000015258789,111.70999908447266,110.55000305175781,111.61000061035156,110.90374755859375,9009600
2025-12-26,111.72000122070312,111.97000122070312,111.36000061035156,111.73999786376953,111.0329360961914,9003800
2025-12-29,111.58999633789062,112.77999877929688,111.56999969482422,112.52999877929688,111.81792449951172,12979600
2025-12-30,111.88999938964844,112.69000244140625,111.83999633789062,111.91999816894531,111.21178436279297,11730600
2025-12-31,111.7300033569336,112.25,111.31999969482422,111.41000366210938,110.70502471923828,11487400
2026-01-02,111.43000030517578,112.79000091552734,111.12000274658203,112.76000213623047,112.04647827148438,14306600
2026-01-05,112.81999969482422,113.7300033569336,112.1500015258789,112.70999908447266,111.99678802490234,19557600
2026-01-06,112.4000015258789,114.79000091552734,111.98999786376953,114.33999633789062,113.61647033691406,20120800
2026-01-07,114.19000244140625,114.7300033569336,112.0999984741211,112.72000122070312,112.00672912597656,23306000
2026-01-08,111.29000091552734,113.47000122070312,109.80999755859375,113.06999969482422,112.35450744628906,24058300
2026-01-09,112.26000213623047,115.45999908447266,112.26000213623047,114.52999877929688,113.8052749633789,21902900
2026-01-12,117.5,118.83999633789062,116.41000366210938,117.97000122070312,117.22350311279297,49182100
2026-01-13,117.88999938964844,120.51000213623047,117.7300033569336,120.36000061035156,119.59837341308594,31222100
2026-01-14,120.19000244140625,121.23999786376953,119.02999877929688,120.04000091552734,119.28040313720703,32764000
2026-01-15,119.9800033569336,120.87000274658203,118.7300033569336,119.19999694824219,118.44572448730469,34559400
2026-01-16,118.66999816894531,120.5999984741211,116.9000015258789,119.69999694824219,118.94255828857422,415144600
2026-01-20,120.88999938964844,121.62000274658203,117.61000061035156,118.70999908447266,117.95882415771484,45334000
2026-01-21,118.08000183105469,120.48999786376953,117.55000305175781,119.36000061035156,118.6047134399414,34811700
2026-01-22,119.29000091552734,119.5199966430664,117.6500015258789,117.83000183105469,117.08439636230469,24547300
2026-01-23,118.16999816894531,118.61000061035156,117.13999938964844,117.7300033569336,116.98502349853516,20806900
2026-01-26,117.80999755859375,118.8499984741211,117.38999938964844,117.63999938964844,116.89559936523438,19552200
2026-01-27,117.5,117.62999725341797,115.4800033569336,116.94000244140625,116.20002746582031,22968600
2026-01-28,116.63999938964844,117.45999908447266,115.87000274658203,116.56999969482422,115.8323745727539,16342000
2026-01-29,116.44999694824219,117.66000366210938,116.06999969482422,117.41000366210938,116.66705322265625,16381100
2026-01-30,116.91000366210938,119.41000366210938,116.5999984741211,119.13999938964844,118.3861083984375,22215400
2026-02-02,119.5,124.19999694824219,119.05000305175781,124.05999755859375,123.27496337890625,31210100
2026-02-03,123.6500015258789,128.1699981689453,123.6500015258789,127.70999908447266,126.90187072753906,32018700
2026-02-04,128.1300048828125,129.41000366210938,127.08999633789062,128.0,127.19003295898438,27531800
2026-02-05,128.5800018310547,129.60000610351562,126.55999755859375,126.94000244140625,126.13675689697266,30517800
2026-02-06,127.29000091552734,131.6999969482422,127.05000305175781,131.17999267578125,130.34991455078125,26593400
2026-02-09,131.4199981689453,131.7899932861328,128.08999633789062,129.02000427246094,128.20358276367188,27197300
2026-02-10,128.94000244140625,129.33999633789062,126.38999938964844,126.69999694824219,125.89826202392578,24662000
2026-02-11,126.69999694824219,129.74000549316406,126.62999725341797,128.77000427246094,127.95516204833984,19232100
2026-02-12,129.3800048828125,134.49000549316406,129.30999755859375,133.63999938964844,132.79434204101562,33382700
2026-02-13,132.6999969482422,134.64999389648438,131.75,133.88999938964844,133.0427703857422,24131200
2026-02-17,133.11000061035156,134.69000244140625,128.16000366210938,128.85000610351562,128.03466796875,37995900
2026-02-18,128.1300048828125,128.8699951171875,125.7699966430664,126.62000274658203,125.81877136230469,36485000
2026-02-19,128.5,130.10000610351562,124.4000015258789,124.87000274658203,124.07984161376953,42993300
2026-02-20,123.0,123.4800033569336,121.05000305175781,122.98999786376953,122.21174621582031,35151000
2026-02-23,123.5199966430664,126.80000305175781,122.95999908447266,125.80999755859375,125.01390075683594,25662800
2026-02-24,125.9000015258789,128.0399932861328,124.91000366210938,126.75,125.94794464111328,20161200
2026-02-25,126.61000061035156,127.4000015258789,125.41999816894531,125.75,124.95427703857422,17345700
2026-02-26,125.9800033569336,127.33000183105469,123.94000244140625,124.41999816894531,123.6326904296875,18638300
2026-02-27,125.5199966430664,128.60000610351562,125.1500015258789,127.94999694824219,127.14035034179688,29205500
2026-03-02,127.45999908447266,128.75,127.05000305175781,127.0999984741211,126.29573822021484,17091500
2026-03-03,126.5199966430664,128.3699951171875,125.66999816894531,127.91000366210938,127.10060119628906,16480400
2026-03-04,127.11000061035156,128.1699981689453,126.23999786376953,127.80999755859375,127.00123596191406,16434100
2026-03-05,125.37999725341797,125.68000030517578,121.6500015258789,123.30999755859375,122.52971649169922,28604900
2026-03-06,122.5,124.19000244140625,121.62000274658203,123.80000305175781,123.0166244506836,21553000
2026-03-09,123.69000244140625,124.51000213623047,122.5,124.33999633789062,123.5531997680664,19375900
2026-03-10,124.20999908447266,126.0999984741211,123.3499984741211,125.12000274658203,124.32826232910156,18793600
2026-03-11,125.30999755859375,125.48999786376953,123.05000305175781,123.48999786376953,122.70857238769531,18176500
2026-03-12,122.30000305175781,125.38999938964844,122.27999877929688,125.33000183105469,124.53694152832031,21751600
2026-03-13,125.38999938964844,126.69000244140625,124.97000122070312,126.5199966430664,125.71940612792969,15194100
2026-03-16,126.76000213623047,126.9800033569336,124.83000183105469,125.98999786376953,125.19275665283203,20463200
2026-03-17,126.6500015258789,127.19000244140625,124.86000061035156,125.08000183105469,124.28852081298828,19895000
2026-03-18,124.33000183105469,124.61000061035156,121.83000183105469,121.9800033569336,121.2081298828125,19734900
2026-03-19,122.4000015258789,122.75,119.2699966430664,121.08999633789062,120.3237533569336,17927700
2026-03-20,120.62999725341797,121.30000305175781,118.0199966430664,119.0199966430664,118.50957489013672,57545600
2026-03-23,120.4800033569336,121.12999725341797,119.05000305175781,120.72000122070312,120.2022933959961,22181500
2026-03-24,120.62999725341797,124.11000061035156,120.48999786376953,122.05000305175781,121.5265884399414,17269600
2026-03-25,122.80999755859375,123.48999786376953,121.77999877929688,123.05999755859375,122.5322494506836,16597300
2026-03-26,123.61000061035156,123.80000305175781,121.79000091552734,122.18000030517578,121.6560287475586,16442500
2026-03-27,122.02999877929688,124.2699966430664,121.81999969482422,122.88999938964844,122.36298370361328,16543300
2026-03-30,123.70999908447266,125.26000213623047,123.13999938964844,123.5,122.9703598022461,20428900
2026-03-31,123.43000030517578,125.0,122.83999633789062,124.27999877929688,123.74702453613281,21330400
2026-04-01,123.80000305175781,125.2300033569336,123.12999725341797,124.73999786376953,124.20504760742188,17039700
2026-04-02,125.1500015258789,125.9000015258789,124.1500015258789,125.79000091552734,125.25054931640625,11898400
2026-04-06,125.80999755859375,126.9800033569336,125.37000274658203,126.79000091552734,126.24625396728516,10850400
2026-04-07,126.19000244140625,126.36000061035156,121.79000091552734,122.48999786376953,121.9646987915039,16076000
2026-04-08,122.27999877929688,127.30000305175781,121.33000183105469,127.26000213623047,126.71424865722656,20194300
2026-04-09,127.08999633789062,129.69000244140625,126.81999969482422,129.1300048828125,128.5762176513672,13853100
2026-04-10,128.72000122070312,128.92999267578125,126.22000122070312,126.7699966430664,126.2263412475586,13894000
2026-04-13,126.29000091552734,126.30000305175781,123.94999694824219,124.56999969482422,124.03577423095703,14510600
2026-04-14,123.1500015258789,125.19999694824219,122.55000305175781,125.05000305175781,124.51372528076172,15320800
2026-04-15,124.62999725341797,125.06999969482422,123.18000030517578,124.76000213623047,124.22496795654297,17001400
2026-04-16,124.33000183105469,125.94000244140625,123.97000122070312,124.81999969482422,124.28470611572266,18324500
2026-04-17,124.56999969482422,127.56999969482422,123.37000274658203,127.5,126.95321655273438,24763700
2026-04-20,127.87000274658203,129.47000122070312,127.31999969482422,127.91999816894531,127.37140655517578,18933600
2026-04-21,127.83000183105469,129.77000427246094,127.4800033569336,129.60000610351562,129.04421997070312,17312400
2026-04-22,130.0,130.4499969482422,128.83999633789062,129.97999572753906,129.4225616455078,17624500
2026-04-23,130.57000732421875,132.4600067138672,130.49000549316406,132.02999877929688,131.46377563476562,16376000
2026-04-24,131.94000244140625,132.1199951171875,129.27999877929688,129.9199981689453,129.3628387451172,16016300
2026-04-27,129.6199951171875,129.80999755859375,127.4000015258789,127.58999633789062,127.04281616210938,17029500
2026-04-28,129.33999633789062,129.77000427246094,126.77999877929688,127.58999633789062,127.04281616210938,16341800
2026-04-29,126.68000030517578,128.0800018310547,125.91000366210938,128.00999450683594,127.46102142333984,16538800
2026-04-30,128.02000427246094,132.42999267578125,127.94999694824219,131.92999267578125,131.3642120361328,19867700
2026-05-01,131.9199981689453,133.3699951171875,130.97999572753906,131.60000610351562,131.03562927246094,10480900
2026-05-04,130.41000366210938,131.75,129.67999267578125,130.3300018310547,129.77108764648438,10340700
2026-05-05,130.50999450683594,131.72999572753906,130.3000030517578,130.7899932861328,130.22909545898438,10637300
2026-05-06,130.86000061035156,131.14999389648438,129.52999877929688,130.0800018310547,129.52215576171875,16371500
2026-05-07,129.89999389648438,130.60000610351562,128.6699981689453,130.1999969482422,129.64163208007812,14935400
2026-05-08,130.32000732421875,131.41000366210938,130.25,130.42999267578125,130.1184844970703,15183700
2026-05-11,130.17999267578125,130.60000610351562,126.37999725341797,127.58999633789062,127.28527069091797,18699200
2026-05-12,128.0800018310547,131.1199951171875,127.72000122070312,130.35000610351562,130.0386962890625,17935400
2026-05-13,129.19000244140625,132.52999877929688,128.77000427246094,131.47000122070312,131.156005859375,13786600
2026-05-14,131.36000061035156,132.77999877929688,130.86000061035156,132.4600067138672,132.14364624023438,14200400
2026-05-15,133.69000244140625,133.9499969482422,130.7899932861328,131.4499969482422,131.1360626220703,25323000
2026-05-18,131.52000427246094,133.47000122070312,131.1300048828125,133.33999633789062,133.02154541015625,17183200
2026-05-19,132.94000244140625,135.16000366210938,132.05999755859375,134.1999969482422,133.87948608398438,16957100
2026-05-20,132.91000366210938,133.64999389648438,130.3300018310547,130.85000610351562,130.53749084472656,28471600
2026-05-21,124.41000366210938,125.80000305175781,120.38999938964844,121.33999633789062,121.05020141601562,53006600
2026-05-22,121.33999633789062,121.94999694824219,118.91000366210938,120.2699966430664,119.98275756835938,30330600
2026-05-26,120.69000244140625,121.05000305175781,117.91999816894531,118.56999969482422,118.28681945800781,28796600
2026-05-27,118.33000183105469,119.43000030517578,118.04000091552734,118.54000091552734,118.25688934326172,22062200
2026-05-28,118.95999908447266,119.16999816894531,117.33000183105469,118.9000015258789,118.61603546142578,21613100
2026-05-29,118.11000061035156,119.08000183105469,114.70999908447266,115.75,115.47355651855469,42191000
2026-06-01,114.7300033569336,115.9800033569336,113.55999755859375,114.5999984741211,114.32630157470703,26176200
2026-06-02,113.87000274658203,114.56999969482422,112.7300033569336,113.05999755859375,112.78997802734375,27366400
2026-06-03,113.0999984741211,117.29000091552734,112.95999908447266,116.88999938964844,116.61083221435547,32880600
2026-06-04,119.9000015258789,119.94000244140625,117.29000091552734,117.73999786376953,117.45880126953125,22870400
2026-06-05,118.3499984741211,120.88999938964844,118.0999984741211,118.87999725341797,118.59607696533203,36638100
2026-06-08,118.25,120.18000030517578,118.1500015258789,119.83000183105469,119.54381561279297,19514100
2026-06-09,120.37999725341797,120.5,118.0,118.87999725341797,118.59607696533203,23959000
2026-06-10,119.70999908447266,120.81999969482422,117.52999877929688,120.58999633789062,120.30199432373047,22414900
2026-06-11,120.56999969482422,121.86000061035156,119.45999908447266,120.5,120.21221160888672,22438000
2026-06-12,120.58999633789062,121.61000061035156,119.52999877929688,121.04000091552734,120.75092315673828,14753500
2026-06-15,119.73999786376953,121.48999786376953,118.58000183105469,120.81999969482422,120.53144836425781,20722500
2026-06-16,121.13999938964844,122.94000244140625,119.87999725341797,121.02999877929688,120.7409439086914,23060700
2026-06-17,119.58000183105469,121.01000213623047,117.44999694824219,118.12999725341797,117.84786987304688,21711100
2026-06-18,118.19999694824219,118.4800033569336,116.80000305175781,117.18000030517578,116.90013885498047,36526800
2026-06-22,116.95999908447266,118.4000015258789,116.94999694824219,117.18000030517578,116.90013885498047,17053900
2026-06-23,119.70999908447266,120.25,116.33999633789062,119.41999816894531,119.1347885131836,23411400
2026-06-24,119.55999755859375,120.4000015258789,118.93000030517578,119.0,118.71578979492188,20600100
2026-06-25,117.47000122070312,118.58000183105469,115.37999725341797,115.77999877929688,115.50347900390625,20384700
2026-06-26,117.29000091552734,117.87999725341797,115.08999633789062,115.69000244140625,115.41370391845703,36636000
2026-06-29,116.47000122070312,116.80000305175781,114.19999694824219,114.5999984741211,114.32630157470703,20367000
2026-06-30,113.97000122070312,114.61000061035156,112.93000030517578,113.26000213623047,112.989501953125,23034000
2026-07-01,110.12999725341797,110.70999908447266,107.25,108.81999969482422,108.56010437011719,40391400
2026-07-02,109.33000183105469,112.44999694824219,109.16000366210938,111.83999633789062,111.57289123535156,29512200
2026-07-06,111.4000015258789,112.37000274658203,109.37000274658203,110.6500015258789,110.38573455810547,29523300
2026-07-07,112.97000122070312,113.5,111.30000305175781,111.54000091552734,111.27361297607422,19941400
2026-07-08,113.1500015258789,113.86000061035156,111.80999755859375,113.0999984741211,112.82987976074219,19892000
2026-07-09,111.23999786376953,112.76000213623047,111.04000091552734,112.20999908447266,111.94200897216797,20464500
2026-07-10,111.94999694824219,114.16000366210938,111.93000030517578,113.9000015258789,113.62797546386719,12461700
2026-07-13,114.7300033569336,115.54000091552734,114.01000213623047,114.77999877929688,114.50586700439453,17043400
2026-07-14,115.08000183105469,115.87999725341797,113.5,113.69999694824219,113.4284439086914,14682000
2026-07-15,113.25,114.7300033569336,112.06999969482422,112.52999877929688,112.26124572753906,16467900
2026-07-16,113.76000213623047,115.58999633789062,113.55999755859375,114.94999694824219,114.67546081542969,20777600
2026-07-17,116.95999908447266,118.08999633789062,113.5999984741211,114.23999786376953,113.96715545654297,28289800
2026-07-20,113.95999908447266,114.4000015258789,112.13999938964844,112.19999694824219,111.9320297241211,17738900
2026-07-21,111.51000213623047,111.80000305175781,109.88999938964844,110.38999938964844,110.12635803222656,22717000
2026-07-22,109.52999877929688,110.0,108.72000122070312,109.33000183105469,109.06888580322266,23494800
2026-07-23,107.51000213623047,108.55999755859375,106.79000091552734,108.4000015258789,108.14111328125,21516800
2026-07-24,108.12000274658203,109.5999984741211,108.01000213623047,109.47000122070312,109.20855712890625,18405900
2026-07-27,109.91999816894531,112.51000213623047,109.88999938964844,111.73999786376953,111.47312927246094,19008700
2026-07-28,113.95999908447266,116.02999877929688,112.83999633789062,113.0999984741211,112.82987976074219,24867900
2026-07-29,113.2300033569336,114.69000244140625,112.44999694824219,114.22000122070312,113.94721221923828,23480000
2026-07-30,111.61000061035156,113.02999877929688,110.44000244140625,111.0999984741211,110.83465576171875,28747000
2026-07-31,110.5199966430664,111.91000366210938,109.88999938964844,111.19999694824219,110.93441772460938,22799100
2026-08-03,113.0999984741211,113.29000091552734,110.16000366210938,110.70999908447266,110.44558715820312,23942500
2026-08-04,109.01000213623047,111.68000030517578,108.55999755859375,111.55000305175781,111.28358459472656,29620000
2026-08-05,112.44999694824219,113.16000366210938,111.36000061035156,112.33999633789062,112.07169342041016,21446300
2026-08-06,114.06999969482422,114.55999755859375,111.04000091552734,112.06999969482422,111.8023452758789,23203100
2026-08-07,110.61000061035156,112.29000091552734,110.5,111.8499984741211,111.58287048339844,18819300
2026-08-10,111.08000183105469,112.69999694824219,110.76000213623047,112.66000366210938,112.39093780517578,19144000
2026-08-11,112.44000244140625,113.33999633789062,112.19000244140625,113.26000213623047,112.989501953125,17005800
2026-08-12,112.37000274658203,116.05000305175781,112.27999877929688,116.01000213623047,115.7329330444336,22054700
2026-08-13,116.16999816894531,116.31999969482422,114.80999755859375,115.72000122070312,115.4436264038086,16822200
2026-08-14,115.66000366210938,116.44999694824219,114.63999938964844,115.2699966430664,114.99469757080078,14520000
2026-08-17,114.33000183105469,115.18000030517578,113.91999816894531,114.33000183105469,114.05694580078125,18131100
2026-08-18,116.30000305175781,116.30999755859375,114.4800033569336,115.19999694824219,114.92486572265625,20675000
2026-08-19,115.19000244140625,116.87000274658203,113.98999786376953,114.30000305175781,114.02702331542969,34286600
2026-08-20,106.37999725341797,107.0,102.8499984741211,103.83999633789062,103.59199523925781,83633100
2026-08-21,103.69000244140625,104.27999877929688,102.1500015258789,103.69999694824219,103.69999694824219,44454200
2026-08-24,104.13999938964844,106.5999984741211,104.0,106.48999786376953,106.48999786376953,35616300
2026-08-25,105.58000183105469,106.06999969482422,104.4000015258789,105.37999725341797,105.37999725341797,27032500
2026-08-26,105.51000213623047,106.08999633789062,104.08000183105469,104.33999633789062,104.33999633789062,28409400
2026-08-27,103.61000061035156,103.75,102.2699966430664,102.62999725341797,102.62999725341797,29816600
2026-08-28,103.08999633789062,103.4000015258789,102.5,103.08999633789062,103.08999633789062,19420800
2026-08-31,103.08000183105469,104.98999786376953,102.83999633789062,104.87000274658203,104.87000274658203,34188700
2026-09-01,105.11000061035156,106.63999938964844,104.66000366210938,105.91999816894531,105.91999816894531,22074600
2026-09-02,105.97000122070312,106.77999877929688,105.45999908447266,106.08999633789062,106.08999633789062,25181800
2026-09-03,106.41999816894531,109.3499984741211,106.0199966430664,108.41999816894531,108.41999816894531,25541200
2026-09-04,108.19999694824219,109.2300033569336,106.93000030517578,107.13999938964844,107.13999938964844,20540500
2026-09-08,106.77999877929688,106.9000015258789,105.66000366210938,106.05000305175781,106.05000305175781,22664800
2026-09-09,105.69000244140625,106.1500015258789,105.16000366210938,105.83000183105469,105.83000183105469,15460800
2026-09-10,106.16999816894531,107.16000366210938,105.58999633789062,105.7300033569336,105.7300033569336,17174900
2026-09-11,106.19999694824219,107.20999908447266,105.72000122070312,107.1500015258789,107.1500015258789,17068600
2026-09-14,108.08000183105469,109.73999786376953,108.0,109.08000183105469,109.08000183105469,23877400
2026-09-15,108.61000061035156,109.23999786376953,107.86000061035156,108.08999633789062,108.08999633789062,19316300
2026-09-16,108.31999969482422,108.68000030517578,107.44999694824219,107.5,107.5,15150900
2026-09-17,107.80000305175781,107.80000305175781,106.1500015258789,106.79000091552734,106.79000091552734,19216200
2026-09-18,106.23999786376953,107.72000122070312,106.16999816894531,106.7300033569336,106.7300033569336,45337600
2026-09-21,106.16000366210938,107.76000213623047,106.08000183105469,107.44000244140625,107.44000244140625,23966900
2026-09-22,108.12000274658203,110.19000244140625,107.61000061035156,110.12000274658203,110.12000274658203,19372800
2026-09-23,110.22000122070312,111.2300033569336,109.48999786376953,110.52999877929688,110.52999877929688,22770800
2026-09-24,111.16999816894531,111.16999816894531,107.51000213623047,107.58999633789062,107.58999633789062,26174000
2026-09-25,107.08000183105469,108.1500015258789,106.44999694824219,107.9800033569336,107.9800033569336,19614100
2026-09-28,107.9000015258789,109.41999816894531,107.2699966430664,108.7300033569336,108.7300033569336,17232400
2026-09-29,107.75,107.9000015258789,105.3499984741211,106.80000305175781,106.80000305175781,27274900
2026-09-30,106.97000122070312,107.02999877929688,103.91999816894531,103.91999816894531,103.91999816894531,28152400
