Date,AAPL,AMGN,AMZN,AXP,BA,CAT,CRM,CSCO,CVX,DIS,DOW,GS,HD,HON,IBM,INTC,JNJ,JPM,KO,MCD,MMM,MRK,MSFT,NKE,PG,TRV,UNH,VZ,V,WMT
2021-01-27,-0.007683843934436441,-0.02915693063043101,-0.02812581228312927,-0.01773592905572552,-0.03974066552667521,-0.03514752036697466,-0.006541083613216259,0.009721777781674268,-0.012981459040898091,-0.038511352109041,-0.024219398570662243,-0.02991895736955652,-0.030254533993293475,-0.00835578990881658,-0.00016315162788227422,-0.02934233063001712,-0.01525109914648437,-0.028271845703450982,-0.015418891150666858,-0.0389079342853349,0.06081290171567666,-0.03962606827875659,0.0024532627840609944,-0.030200005906587446,-0.03538945116350822,-0.029295073947778638,-0.029494879004114738,-0.025455084647113546,-0.03484984211034603,-0.024879303611670345
2021-01-28,-0.03498511842038765,-0.013184320612445455,0.0015591193708615059,0.04277331128948014,0.01649227938140685,0.02053916036975001,0.007651942265484379,-0.00787746601326933,0.009296871472926238,0.054284450832752684,-0.0001840385967328828,0.006183052606869133,0.014595608626125411,0.017353866483569957,-0.019514948642530894,0.04627726088870587,0.007624533399487543,0.0175972105197717,0.012775534738141747,-0.0008697590735966543,-0.017305108573662853,0.01102903290623014,0.025891224724021056,0.028239633623254212,0.015423033995154656,0.0035843609487031802,0.015495857702469973,0.004353359778218602,0.01666915939332858,-0.0006259790769197471
2021-01-29,-0.03742075067666639,-0.025509378346145972,-0.009704654514695155,-0.022779048401415758,-0.015413442944715028,-0.008137303103376903,-0.004150224404364078,-0.01676199077739471,-0.042911463235137504,-0.021584868847467353,-0.04560503719525488,-0.013999137022808639,-0.026002381614594894,-0.036827226514492994,-0.00807803910227367,-0.009987703701886397,-0.03564677198837618,-0.011067578194447814,-0.02034578470025572,0.004931905221410071,-0.04230727683869673,-0.010908720271392114,-0.029171772056782785,-0.008387420499057607,-0.01649277971556007,-0.02642854986659071,-0.013514618325046635,-0.01119745636549585,-0.02507295103905094,-0.02267811295864053
2021-02-01,0.016520202253573313,-0.004142032276781005,0.042629902924745666,0.006623437176692004,0.008496801461147507,0.010282346341978998,0.01285689607018825,0.01839393703238823,0.014201826433245524,0.01664982914512758,0.016377591045819484,0.013128571501896502,-0.0027693802363010223,0.0009724166586526639,0.012005681493234555,0.021257276211941845,-0.0025746892766956853,0.007383348964438374,0.00685362162616121,0.00043328658117625096,-0.005465384937749063,0.0037630396381898024,0.03315240323953428,0.015869184330217667,0.005927800166273922,0.014012894008787136,0.0012592203374555133,-0.008584607645285014,0.02644227915431152,-0.008684006372961961
2021-02-02,0.006337044530036806,0.00024937731813379216,0.011104214562255077,0.03135941349621896,0.026041698319460682,0.042118041815250695,0.025124690555155205,0.009471254795107908,0.007522247007852201,0.03503540775070779,0.03526078909956931,0.04455265492019955,0.007738733752369997,0.023317802799346365,-0.009125831346786906,0.02310835439514114,-0.008972899599228756,0.030782371204187253,0.009900821670795645,0.00880075113255585,0.00183195303639061,0.00529966110248381,-0.0005844628436108001,0.02859027781802448,-0.0013957040876473314,0.011721527973932444,0.014131883236358167,0.004052999589087669,0.02142585029064903,0.01077035098098933
2021-02-03,-0.007778470750815725,-0.014179548196694758,-0.019961565909300982,-0.0021542181108232805,0.0320991184924615,-0.005454724655477139,0.0026474056137184565,-0.001309090405352431,0.021824149988478814,-0.0029950330199411956,0.013550606398347265,0.005505763630176519,0.007385340938588447,-0.004897091559056821,-0.0026787295511221387,-0.005517158892342722,-0.004651083651336818,0.011451107320566978,-0.0038808403690715476,-0.005005559966544837,0.002628444607310154,-0.005786188531010095,0.014571515074255803,-0.006877059502423233,0.0012421432740996607,-0.00836719699715005,-0.0024504104430160822,0.005321058827298497,-0.006169514804828524,0.003054758107482236
2021-02-04,0.02575770697237867,0.0005906300757272387,0.005575845147329783,0.03703099282256894,0.01567095814438879,0.0010444939386666796,0.013457068356280022,0.03233563193235289,0.0004496237384363777,0.02153828122378898,0.017886084715655004,0.018020957992545217,0.0169602856691502,0.00728140743328165,0.015950251234791102,0.02543073945936003,0.009283393226074965,0.023013217659711982,0.004921112106422987,0.011115885304728845,0.00923145617221488,-0.016684339526894187,-0.004074168891010976,0.014426989920881317,0.0006205360585818109,0.03800625630405974,-0.02536328095680529,0.006388107179871261,0.03918349129917531,0.009419162762292821
2021-02-05,-0.003098247156060996,-0.0037939887665828786,0.006349415177487883,0.011048805569873643,-0.012865584512531836,0.007044287231551705,0.003823925875166889,0.017566063906370166,0.0029212938509488584,0.005160142317915728,0.015974729963817325,-0.0008507718953260079,0.0001433478529440091,0.0116158527293595,0.006362419541083408,-0.010375900412815886,0.015185860101041504,-0.0019531163099656412,0.013058702279247658,0.007344979641857208,0.010785150560768786,-0.0030249393566956773,0.0007852207137151179,0.031856490651173575,0.004185165553211689,0.006322615129265463,-0.01460617066021841,0.0032644988219596716,-0.002293678569235791,0.01283961647097498
2021-02-08,0.0010968435990752479,0.005289534924058259,-0.008713780773966562,0.01354125842850662,0.019333450748152625,0.023056901280004594,0.00016731363859578963,0.01788683014251191,0.024870936383021958,0.04879654842579484,0.001921528166462405,0.0226576240067633,0.00419561488898168,0.004632410991765257,0.014943736533752583,0.016844362376694733,0.002858183307674844,0.015654565674821264,0.00543793539740256,-0.0047041317185847475,0.009775843417845431,-0.010026174238474184,0.001114926456283527,-0.01171520100091128,-0.0030872318687085176,0.009389741905274418,-0.0005238061423462614,-0.004880674335312141,-0.009005351387033178,0.004641065376420395
2021-02-09,-0.006573393828371965,-0.0038725255700585715,-0.00539885256244832,-0.010235045139561527,0.014956349207777553,-0.0008611633220856341,-0.00933309132503679,-0.00899075385004,-0.005684095023933633,-0.009421099412405098,-0.013077567384043864,0.001032544738452934,-0.011641571935950834,-0.009025903335640018,0.000983698149189527,-0.0064231986082785575,0.008186139167138506,-0.0039959868269306975,-0.004406899583247026,0.02079576419378837,0.00099560801157339,0.0,0.005361505844008629,-0.011296155781056139,-0.0038709234741298726,0.006566131611352333,0.016310198585125057,-0.0009082092231705863,-0.0017883299236219896,0.005516220207605338
2021-02-10,-0.004558749000562079,0.0076484425867178185,-0.005573405440383872,0.012235441229970334,-0.014875404522480484,0.002230540020345506,8.44308253158399e-05,-0.02597921223045685,0.017150388388188942,0.007544929598525929,0.018904391095118767,0.012714148131372394,0.0069373289611487365,0.0006929921446692244,0.0011467051128213335,0.0013609454535801202,0.0032476777670684687,0.0005730834739869906,-0.0020121164129871527,-0.00731539039411222,0.0007739149668508638,-0.001999105847209748,-0.0038971691656231044,0.0047253566985601125,-0.00349716064646588,-0.008358044622247984,0.01143704587594585,-0.0007273220540795489,-0.000387358654504788,-0.011657472726435802
2021-02-11,-0.0019204027065516938,-0.007013137667935876,-0.007439273910078148,0.0006238643078064765,-0.005945613994538856,0.003186429479516084,0.019094174177700873,0.007197230451740921,-0.005404293470983257,0.006749898531206222,0.0,-0.006441541203647594,-0.005848834212776599,9.879096355325245e-05,-0.01088038901637911,0.03058111624284443,-0.004496266817508698,-0.0027924376706076615,0.014112944137592454,-0.0006063100441401348,-0.013307477759577857,-0.002002734881197288,0.00687759089290596,0.0075809116532219445,0.0008578330696538128,0.0028096509191106733,-0.00098978663727467,-0.006550285852080173,0.022025841530530776,-0.0007631590979357838
2021-02-12,0.0017765357136609872,0.009232519867481193,0.004775969497859078,0.010209708806061757,0.0015189977208152072,-0.001814888768473688,-0.0036063754972354145,-0.006095015601004894,0.005759739594554114,-0.01697140593141855,0.008323525984568425,0.013230904872896243,0.001624229548486511,0.006875047716908389,-0.0009094896387636942,0.0189580714826314,0.0031312586780825047,0.01421695844229176,0.007753419436208775,-0.0017267170001759036,0.008408078529352325,0.0034787495359263065,0.002044930053180627,-0.009892678349542217,-0.00553275934038,-0.002596686331266307,-0.014501465226225307,-0.007325935723558552,-0.0033227275222447172,0.003124453027233187
2021-02-16,-0.01610418320278828,-0.01842242840897923,-0.0026726192693009576,0.008177714146932802,0.02938665785285588,0.02217275732235824,0.034197405605051134,-0.016494166223202433,0.02049091452412921,-0.007033607305890421,0.010317982800778669,0.01841215846665012,-0.007639448535731952,-0.0006384862609205566,-0.0060432321060417404,0.010677926169767593,-0.009064499593779418,0.024070570811767,-0.008285594625507264,0.005282669138090723,-0.011583395736346813,-0.009999922532071714,-0.00526559405334881,-0.0028850098242292344,0.002350871286626477,0.0100024180476046,-0.011028750563470968,-0.000922547937649898,-0.009811354258524085,0.008237219718965516
2021-02-17,-0.01764431455360993,0.011896521438339747,0.012141589169594624,-0.016222825197059754,-0.0076433762745283795,-0.00039533262792945667,-0.003741110226972877,-0.005589882946036795,0.029957852319571154,0.0004830849044348273,-0.0035744984788053102,0.002500052878531056,0.020080335863037257,-0.00756979456335416,-0.0008328423188447287,-0.009925002202184174,0.0035741983917705333,0.0031113491413123917,-0.0027850573593394268,-0.007347788953785184,0.00011298261410730426,0.01737355093935533,0.004359433490286779,0.016088929887976278,0.004221481386704973,0.00698706647692382,0.006900699647045316,0.05244683251186366,-0.0018758944635923758,0.010572420131872429
2021-02-18,-0.008636277833695138,-0.013072484605800572,0.005920814274298136,-0.0005444642779799391,-0.03266522088604762,-0.011764680584757992,-0.002624626250490536,0.0019457081554066225,-0.009591056986355984,-0.01845114863235875,-0.01674069041864945,-0.009080887225220158,0.007582486823029422,0.008023738944072267,0.006334845282251145,-0.003880180745531203,0.0004828462704744574,0.0033767126125834324,0.012766679709805384,0.009276242199181217,0.015397901495711075,-0.001720706096749347,-0.0016788230826478845,0.007639650301704437,0.00832938053335841,-0.005119556905122891,0.004742047890074819,-0.00017545858100187495,0.008866931319746918,-0.06480973811973612
2021-02-19,0.0012336246985094057,-0.0036123774170448986,-0.023535055745747435,0.025060451363028147,0.04312166959612296,0.049969914077282684,-0.0018217151370485407,-0.014242371972353118,0.008420997166491695,0.003551886102044488,0.04916611772795387,0.018457848186824055,-0.012047476021075254,0.00019643779871980627,-0.014412107852206368,0.022723474342715377,-0.016652597521460533,0.016690711389772295,-0.012999793107899227,-0.014807710324524104,-0.01577752681990896,-0.01458724482698004,-0.01156724030718681,-0.02115902397244218,-0.018605889055057112,-0.012052339512992227,-0.011662512405319347,-0.009301391357939504,-0.0220683726552241,0.004939644511095409
2021-02-22,-0.029799134447472064,-0.0009495252603255455,-0.021280609604111933,0.03219172847241736,-0.021106342539780387,0.03882623958191034,-0.02275311544310299,-0.005473033347611289,0.027035460921271515,0.04416013473514635,0.034608428410187964,0.003960405526710398,-0.013552723096233232,0.000294863041929716,0.01571535953208425,-0.036502041862338186,-0.000617475395407685,0.009390656752479298,0.010377239956253836,-0.000847882702870506,-0.002379207057950583,0.008343337940496909,-0.026808327068582494,-0.037670790340579186,-0.004247776499699207,0.013432858773335887,0.009427701472440875,0.0,0.017535301244851365,-0.00469852697557982
2021-02-23,-0.0011110726033681795,0.004277039607231137,0.004326059526709614,0.007282022389850429,-0.0035701322256328494,0.009721998863222003,-0.0220377879103838,0.0017609194474217382,0.012602867402696782,0.02779531133710078,-0.005761835272725668,0.007384591357312287,-0.031212777517583112,0.006973814934830624,-0.0012409375056852134,0.0067533799370183,-0.008834101209323708,0.008031557043538085,-0.0017775887723786576,-0.0034895045868155172,0.0002840777100197034,-0.005204518849801887,-0.005287536656048308,-0.003951277843998069,0.0074260538294712575,0.009873563846555244,0.005707227072616394,0.010274404475526744,0.018193247047443073,-0.01612313799560039
2021-02-24,-0.004052100729669106,-0.010625554212687516,-0.010946968676518232,0.02154247246937735,0.08118047151184293,0.010400653858294362,0.020497498938228498,0.005053756284499444,0.03693683782707535,0.00213086067911461,0.02527375840903523,0.03580725914390981,-0.027203940163869067,0.029213833478228812,0.020710904569738675,0.033867787742484445,0.013400577891546694,0.017595140239729856,0.0033637638360910493,0.009227608571003909,0.00828730271378375,0.0004023018960173097,0.005487174918026083,-0.003526046147222184,0.0010979289351651378,0.010915273010619009,0.008194143454733016,0.0015783831103013402,0.034510261894006744,-0.016682745818892952
2021-02-25,-0.03478261412446304,-0.01073959206477948,-0.03240038681954516,-0.020087215406201064,-0.05620475972563188,-0.00292173122013073,-0.03904867105310561,-0.004809540388495459,-0.009292431312984406,-0.03306154162940911,-0.026035903511965053,-0.008710462231467764,-0.018156310876827897,-0.02527368519688522,-0.006005998923608757,-0.044152426458918925,0.0010454473428866962,-0.013571764110002715,-0.010648967904979045,-0.010878292233472475,0.006361609959616432,0.0006705686405734657,-0.02370499773835799,-0.0008109467850523355,-0.008459954560771088,-0.01960745527423302,-0.010053814552522633,-0.010854487606669294,-0.025885223230487697,-0.009458996349638427
2021-02-26,0.0022317567918068715,-0.011427659524067768,0.011700387973209825,-0.013277048816258463,-0.020512832081341914,-0.02677857644492665,-0.06309500107035948,-0.01427974938911003,-0.022960624501205285,-0.010158241251033151,-0.033252025740847735,-0.025262667403154526,0.01210597985627282,-0.011914832644476459,-0.028905200332429493,0.006291261688265548,-0.02641902679381347,-0.026524433433444017,-0.02351964968557041,-0.01678915779585055,-0.020698020870527745,-0.026802636246231915,0.014804133065577707,-0.0035853390791441564,-0.024095511457380203,-0.016892054022746295,0.010186323923107476,-0.021239096458084306,-0.00636247520957578,-0.015384278343792523
2021-03-01,0.053851023912921514,0.009425647257047753,0.017203798394717307,0.025506447890334183,0.05839349655005677,0.017973066634198842,0.004803677271699058,0.023401099137026815,0.02049993235758296,0.03142197732380958,0.03759924108298818,0.03673481549816682,0.012696309379332194,0.019125259374438874,0.015218908637193218,0.034550915727964204,0.0054272304612312805,0.022626720916230303,0.018575043001765268,0.010235875994499377,0.007711380319859851,-0.003304733687914174,0.01962307908528138,0.021293645986811383,0.006152448493589313,0.03360824902447623,0.007314480818360725,0.0010850179640224944,0.01996312351243157,0.011160519834324534
2021-03-02,-0.02089361574437254,-0.00594611313497706,-0.016404262105025436,0.003893010461530677,-0.005570658244128834,-0.017928598966907794,-0.018709233954380844,-0.00871064583498149,0.0038219292249714876,-0.005333856447338747,0.019337128616381705,0.003091707299560653,-0.0050834462819706605,0.0017457591338818634,-0.0033955932296394487,-0.026081477678480014,-0.0018832377251374322,-0.003255785786587917,0.004007925929875089,0.002016947320679696,0.003968082876012691,0.0064934308285544695,-0.012956883309103606,-0.004576708379015693,-0.0031380194432971686,-0.008444962469949635,-2.9779571807386773e-05,-0.00686411414285093,-0.0039698149092121104,-0.009591295816064327
2021-03-03,-0.02445670903747199,-0.007753923131300078,-0.02893170479822993,0.023985627319361935,0.024289675467287664,-0.004216615521055345,-0.03499312836003521,-0.008567617180988751,0.01122603756242091,-0.008662446213542951,-0.007652019394957965,0.010545627345354802,-0.011256826939363251,0.002081496763013835,0.016870232159889254,-0.02188104109282063,-0.017607851055403745,0.01933193331230343,-0.0023951913506899958,-0.013658273824381895,0.005363681017553024,0.006177222256703807,-0.02698090524791752,-0.02014295985460679,-0.005972427010054071,0.010662966361236759,-0.005289147971183961,0.0072754905792074,-0.004263783182861913,-0.019368171011985846
2021-03-04,-0.01581162915809653,-0.009064962397157816,-0.009128157985388907,0.0006310660241033439,-0.01684455235321558,-0.009957685655325843,-0.0032524257869337436,-0.012630329927034722,0.008784628929276561,-0.02200152281991874,-0.016867433072605076,-0.015369420471788464,-0.024984366103596334,-0.01966058899597467,-0.018388089475381952,-0.0262104493375932,-0.02016370711734028,-0.015368411152364536,-0.0008002844509548135,-0.004761361993846691,-0.002414691079771547,-0.015416068480006206,-0.003647441377219174,-0.01653513975253529,-0.008200805427839297,-0.01121372629771844,0.0028236972141988392,-0.010473104169997582,-0.015592287591147613,-0.00047040576529311373
2021-03-05,0.010738295519112206,0.02622691657130294,0.007687481916645478,0.03259023347328238,-0.006630792793581919,0.034732242595940876,0.026445114204845854,0.03792659028751122,0.0430622627287105,0.01042393371595507,0.027941158382242426,-0.005830457954741686,0.010321497904009158,0.017936049152718514,0.02264569620725787,0.04131663889933512,0.01979487008499614,0.002324601567158302,0.01702035323643214,0.012351195304940665,0.017846015837315266,0.013301939582958555,0.02147954993682566,0.00992152861364004,0.031354880684951736,0.022412808354140834,0.0398131206898793,0.02189787853931313,0.01848700190566155,0.012467969740403095
2021-03-08,-0.04167359257533143,0.0003511798506377062,-0.016167463748385735,0.01995570289471571,0.003628696148034072,0.006449960144666145,-0.014423931252403044,0.0272427739691683,0.006880672273785304,0.06274007450895058,0.008424824656664054,0.020832400942443208,0.021734189823078287,0.005421603104161399,0.016119880934140296,-0.014652637132185675,0.008328138837099486,0.013252876479861397,0.016735596260996966,0.008390669946870322,0.016427184926453453,0.014221344241233336,-0.018177954525588236,0.009073578477201583,0.010557277994281966,0.0222501336237122,0.008844642993069085,0.014107104974184104,0.022561613962959193,-0.009603516631628839
2021-03-09,0.04064973504976521,0.005179854816202756,0.03756837366056898,-0.034404746494066885,0.029371074708334,-0.021572119303382764,0.01834201752898945,0.00799856942041477,-0.002277884050962742,-0.036649879238188854,-0.018600299532668174,-0.010772292578514864,0.022892907910709193,-0.0004331150112850679,-0.0050476249753016456,0.04711789013774914,0.0019059876372871098,-0.007062778935177927,-0.015104626831967671,-0.002678040901949119,-0.014093454570559993,-0.00040456146207146215,0.028101302952550755,0.010329977667376422,-0.008875899954932098,-0.006972131513165669,0.005168792508725595,-0.010389059684087765,0.0004085879052815322,0.007898016669386942
2021-03-10,-0.009166791398106278,0.004235719698016727,-0.0017010173123747085,0.011371380487780858,0.06387405441461103,0.019649298272421234,0.0020327947130691637,0.008352509080765458,0.01707763295044562,0.0028275781165125746,0.02939279584297605,0.03457450636508863,0.01112756970578399,0.025528405741879423,0.029714849546719435,-0.006701785599078303,0.009194600724036883,0.021734940160526683,0.01140382567359377,0.022824391023652746,0.01837906192883554,0.008362277336362078,-0.0058174525204390815,0.012063357041785627,0.009193067869836868,0.010141880076544041,-0.006761436456033221,0.015658225525869707,0.012751955520892366,0.025525548498941175
2021-03-11,0.01650279387328135,0.005261948318605825,0.018298429776605563,0.0068143151320014805,0.027146016799221684,-0.005880734169926405,0.01882433416978424,0.010561243103698326,-0.001616246476835781,0.008663951390210034,0.003588692643180069,0.00023390618830498866,0.009803127507949094,-0.001925887251134406,-0.005708947745016402,0.017028133285271085,-6.292950347086546e-05,-0.005221501667601158,-0.010886330259081478,-0.008157016897002323,0.0003252978781449478,-0.0017389098198046238,0.020265061997704725,0.026164764137758034,-0.0033765404356979056,-0.0018666364595372187,0.010011417592183713,-0.027505375951734745,0.013353068044972272,-0.0003782687301865373
2021-03-12,-0.007625502785956306,-0.0035038679978625087,-0.0077402727850476305,0.005346729945758133,0.06821429540240564,0.04204573208426754,-0.01731880185147161,0.00040962542041045324,0.0033275139843031987,0.002083819043126045,0.0003110648620285872,0.01961420608270048,0.01580809173490394,0.008847298592967734,0.00369670431606961,-0.0064761660461016834,0.002890326412702482,0.011858550282543678,-0.001981834951544248,0.003639389485061928,0.001896560851894824,0.008380769697784674,-0.00581943675013985,-0.005241471837165057,0.009691790451689108,0.014056463650495843,0.011851730581266207,0.00216201302789254,-0.007915069633989469,0.015061107676995977
2021-03-15,0.02445676772724137,0.024309784127836354,-0.0025279442445658162,-0.010434696062849191,-0.013224850575082714,0.007598191712492985,0.002780186522343353,0.012085142998178533,-0.011742410089366828,-0.0020287878588639563,-0.02238116148906011,-0.007912822731788505,0.019919543892655378,0.008489547857706059,0.007601404496961894,0.014149529260328642,0.005137895800866765,-0.004995424356405542,0.013303928353696648,0.03824058177914802,0.024659106395428454,0.021849943403768446,-0.003987242332026963,0.03196906261060706,0.0032774445793928297,0.0004447811983765426,-0.006011072115536531,0.00017974802307452187,-0.004858385173289181,-0.005144819631303421
2021-03-16,0.01274301755877727,0.01847772055544139,0.0033034103914528767,-0.025103720254178064,-0.03922748927984354,-0.01854885455234434,0.007894752503257552,0.005262423391657611,-0.02367356480342564,-0.012807402464307782,0.004451411221048973,-0.012541511650762671,0.012709088177758066,-0.02030520635351507,-0.0026444320633168816,0.015519801338968353,0.0059219325164237,-0.01197134460799909,0.0037237895034358814,-0.002721606595333048,-0.013880249369455422,0.007608605249488587,0.01235029032300572,-0.002001006144158435,0.0029560336864096204,-0.0055291934782625285,0.002034608860803644,0.0,0.00640470613374533,-0.00029981674091861255
2021-03-17,-0.00645069536334697,0.016436454887370777,0.014188848597238346,0.009630173117098684,0.032835662409659294,0.031661294453924516,-0.006340916332581492,-0.0050334724542383524,0.0036231010269933694,0.0051482559908941905,0.04479287519225039,0.009481946134130892,-0.00726753276340264,0.005759886743800013,0.006160467326002728,0.015436777434964188,-0.0037179782542788864,0.010292585888749262,0.0003901937653303378,0.019330251227311468,0.007760740040540837,0.006379230315049611,-0.0028184547515470726,0.0011753593935204254,-0.004032890352424601,0.009266987994597242,-0.006824578232096368,0.0019768729148204045,-0.007476467042751511,-0.008321445575802833
2021-03-18,-0.03390496898609896,0.0006139399719267136,-0.03435878370750434,-0.014515035530459408,-0.028567088599387946,-0.012626952896313881,-0.017079697719445952,-0.012545327426676134,-0.036193491298655234,-0.015160875718880473,-0.019542578770214702,0.00884191355609909,0.01117768624359683,0.009341235526489022,0.007982648935053849,-0.03116456578368898,-0.0018660353196433555,0.016506360249415986,-0.013075618119349097,-0.0053988618349075645,0.014338562510134212,-0.0003879839501909066,-0.02666218219665406,-0.01139371030606573,0.0021802665021790624,-0.0069021228155417,0.02802529082822458,0.010044874671631954,-0.010581969355016874,-0.013056887981351628
2021-03-19,-0.004480223788486559,0.006218829059558173,0.015511909856343209,-0.01311517904954862,-0.0009372421958259158,-0.023365749135619285,0.012984679596838022,0.0036882549984194046,-0.0071073672215390404,-0.005928763057984732,-0.012515519288299304,-0.01091976726845778,0.020977308702527564,-0.009812943615792546,-0.008918799357734986,0.00047062413012533,-0.0026797889150215193,-0.015921346291782323,0.004745988322503614,-0.0020637623241349656,-0.011989372657266406,0.0031060982025470363,-0.001603619283453095,-0.039673125880252846,-0.005361300689746273,-0.04801386552261844,0.009750115363334366,-0.0012431338271150505,-0.062358420235980816,0.013306560151887359
2021-03-22,0.02833581050361511,0.015247596381192663,0.01167821172408301,-0.005401454842220099,-0.01794234799963257,0.003240439111656057,0.013996203874045543,0.026949793208012718,-0.008125396117673267,0.00899851989803202,-0.0062587287871535,-0.014148471580976651,-0.0005533503825286834,-0.0036634863916151783,0.01280038666269201,0.02932896334377877,0.002874509738821418,-0.026878709071424756,0.003739392196450586,0.011823462361047143,0.004027271322442294,0.0,0.0244843490691542,0.005673323107293626,0.016951878881981353,-0.011453401007378683,0.00350130159474471,0.006223405661673231,0.005316480999473017,0.00478220234450033
2021-03-23,-0.006888817615514076,-0.018622988728222767,0.008560288075996736,-0.02765247583561825,-0.03972453885786176,-0.03437728943016383,-0.0007899023420873119,-0.005765338217953331,-0.005558456665806122,-0.021414550608808036,-0.04345758985297121,-0.022279408664078848,0.003599243090760984,-0.016687746764193823,-0.000689342173473384,-0.03275952883109756,-0.0009345871742666434,-0.01000218641450401,0.007646990302747181,-0.003110284702949273,-0.00601690591481896,-0.01599799180915573,0.006737541639023847,-0.008317044418121422,0.0185896485899657,-0.003997394792700337,0.004470575962560508,0.005654451929880011,0.0007211511075497778,0.011860684711243685
2021-03-24,-0.019993639249661355,0.0017547830027844213,-0.016073304438495972,0.017195746711530235,-0.008331583448024649,0.01365383469913839,-0.025442032334089815,-0.007198299934894292,0.02677238508911106,-0.02124712306385057,0.021234414722357986,-0.009404072057507817,0.009552534450504746,0.017402648543870747,0.0012263920641342185,-0.02268427517209981,0.009728602818243726,0.007761182886537155,0.0025297095839660333,-0.001426001320610104,0.012531088523266343,-0.00039340617153194035,-0.008923245702489702,-0.028879570754706818,-0.0003017600581300961,0.015510097114883381,0.005698627301484072,0.0017573255658869247,-0.00038410907149355467,-0.006196921228630803
2021-03-25,0.004163707322146548,0.0031775457669580565,-0.013219634289670767,0.027885980841284796,0.033230215539638674,0.01365104523649574,-0.019519837817231322,0.017321046927907258,0.003533864393485908,0.011855721748482484,0.019342453335577048,0.005781086778068545,0.015132367554047121,0.007821866558204604,0.018756654471159484,-0.00032240877552203173,0.00037081685393358654,0.012813750583392292,0.00970487136660525,0.0006695183413427674,0.01263849008714546,-0.0022297728531612826,-0.013250644521144106,-0.03394444968060606,0.006940486942114132,0.02344566993280406,0.001322065170664466,0.006490053080771219,-0.00048083332903092746,0.006761378256703754
2021-03-26,0.005141422874795687,0.0268426659885721,0.0018941122432061253,0.01019117467447117,-0.009385522477870722,0.02341117136657811,0.017766603929667557,0.04078408212487861,0.022937227138862593,-0.00529659228915369,0.011859599668618381,-0.009559844902491399,0.02230958573082842,0.02174136188029685,0.02487408679121983,0.045953029591103256,0.018274764189629034,0.016650463949721583,0.01960788457399687,0.004504624046741457,0.009217857608550206,0.017352512830307365,0.01781864398029742,0.0338152672468941,0.014758724877191653,0.0056290961981746435,0.014524938313664304,0.01394227478735477,0.02673467556926168,0.008357460237938819
2021-03-29,0.0014849005838430962,0.008304993765575475,0.007765307334585803,-0.009462188970166818,0.023073505402609662,0.0031372545588936873,0.00803498191259333,-0.0009510433255586204,-0.005210436212259029,-0.005755150801163844,-0.0014065460656993434,-0.005069947033650157,-0.0052992935553131115,0.001601516180393725,-0.0038126531476405656,-0.005703674776226353,0.006730205521000343,-0.015539728809158548,0.015271498042563003,0.009502367062084183,0.004413005893760369,0.011758318613553698,-0.005243488962742515,0.0037598558963727324,0.015651335875582095,0.0013668526012844406,0.006852964983909526,0.011172247076054465,0.004589575364216003,0.011396647641262136
2021-03-30,-0.012274508757265101,-0.020434600849609463,-0.006645597502498379,0.007866982379817644,0.005947589848970702,0.012422999416502378,-0.0036533485315601855,-0.014280405295084342,-0.00925924394995059,0.0036786446730370237,0.011111198085940632,0.019279330595292743,0.008669882369130688,-0.003609310800304577,-0.008391107633194506,-0.011317893052445793,-0.0062034040719299854,0.011789826569128303,-0.012999023121632258,-0.010424381566177865,-0.005619600258471635,-0.017113626645950508,-0.01441074008445542,-0.004045220970616659,-0.015410146496867783,0.001169988741802852,-0.014509540051523051,-0.004079739735062149,-0.012167291083515885,-0.0068046335983000805
2021-03-31,0.01876578574458465,-0.003763809757454273,0.01269600564306872,-0.011324202708413944,0.010753568401802749,-0.005191203974714065,0.008904824676105871,-0.0011590581158211766,-0.01076176063784795,-0.005443908940270803,-0.010369988820503773,-0.015089750049722794,0.001410477654194997,-0.004676912399759536,-0.010837410372776302,0.0036066879703535726,-0.003999812301914707,-0.01456524935822201,-0.008278423620557085,-0.0037336986458702537,-0.010069805376130891,0.0016893956324728343,0.01690737271432119,-0.0004513355818729359,-0.0001480568039705643,-0.023566872805771077,-0.00398864107652952,-0.007509528617509975,-0.0008024112147609896,0.0006629115160050603
2021-04-01,0.0069586855275216575,0.0014468837063479345,0.02162845443110406,0.022129781032073303,-0.0069095261400811125,0.0037519989182281943,0.03233103204958576,0.005221558123789327,0.009161101743749844,0.02411659456163906,0.010322118120821067,0.0019573056745743056,0.008189806816441214,-0.0012439153765881894,-0.000225107880244102,0.008593762236557945,-0.009248391884573826,0.0097220329923553,-0.003794558427189898,0.004773636421071092,0.00010391013851229758,0.0,0.0279086662662289,-0.0027091132139470675,-0.008491167873984407,0.0014629000383992175,-0.013438506878283518,0.002579197985965953,0.02422888046976701,-0.0015460382366075942
2021-04-05,0.023577188235315738,0.011437958488484057,0.02079404593469847,0.010306557308691122,0.0253003576369073,0.004167785705782467,0.00717817257087483,0.01550077714658915,-0.011725732021302337,-0.0024872299495082295,-0.0001548582878009297,-0.012513799334121445,0.024858041031913247,0.011393103396039939,0.02026579761422065,0.030828726079620505,0.0036846404614871986,0.005300853058130217,0.005713141078650841,0.016162840525830058,0.011779700869276155,-0.001167664654423417,0.027728525624910905,0.019542413325916108,0.01616014211478234,0.009361115273067266,0.008472535734395992,0.009777125128148212,0.01005260470968472,0.028093125027713217
2021-04-06,0.0024620395936543193,-0.011586338779132066,-0.0009018902147276409,0.0006159975913353488,-0.01615510263442399,-0.013136063065473214,0.003631617167537682,-0.007250424675248057,-0.008898797907769818,0.006525310891840608,0.00015488227260451737,0.010879617849018919,-0.005136274571243105,-0.000365002213700949,-0.012580038824236417,-0.014727931881408307,-0.00024459118727360174,-0.007030349351074383,0.007195719438717552,0.013371287136067611,-0.0006669248791443261,-0.015714159814803508,-0.00485817513598108,0.015098246553542083,0.0003665096684211111,-0.001841659853470623,-0.01569508964523003,0.004076968231770728,-0.0017805622863954484,0.004805308375031014
2021-04-07,0.013390614410550006,-0.003934050633073505,0.01723733655641202,0.006705562571464485,-0.010150081735611494,-0.0009972995003999507,-0.0013568587379005903,-0.004997109593398719,0.0058894434932221795,-0.011437458439886639,-0.009442599092438386,-0.0015593191245288907,-0.004174906326071537,-0.0031479499849068615,0.005289760524674891,0.010524577681408243,0.0013462759824043324,0.015668151870191105,0.0016920388443903978,0.0030182559956088983,0.0005648351316953626,0.004354262556455213,0.008230283824036011,-0.004520629709722002,0.001758259456929867,0.0035584284711429603,0.0034857654767426194,-0.0018610851933156258,0.0028357162390779678,-0.0021413732998305512
2021-04-08,0.019233702657707408,-0.004997648510058572,0.006071242952548017,-0.0006118473417814352,0.009383146329901226,0.0003038163148634254,0.01657674170820167,0.0027043558875865514,-0.011229390897055547,-0.0012794439693889492,-0.012502193132999717,0.014056104071673348,0.0062724984882243096,0.006224454661785561,0.0014082292792811923,0.01207568642314949,-0.0039115039066964785,0.0012261372706705576,-0.0030030887568837095,-0.010145829628962155,0.003949604559532194,-0.008276527889187868,0.013405368534308515,-0.02094624078044982,0.0038026541736180253,-0.012673054260614158,-0.002051368764190875,-0.013225670991390492,0.006521687601221515,-0.0006438342120359541
2021-04-09,0.02025154354190528,0.008384368233157247,0.02209562242522667,0.005032859940329759,-0.010158840434959626,0.0011714862653071645,0.0304299704637212,0.0034673982513242496,-0.0009708932524996605,0.0030429995335907734,-0.0007910985658340364,-0.0009967584159252807,0.015265706061919904,0.0323840572668439,0.004514520092184338,0.01804622125105637,-0.010554291193245802,0.007478073324229673,0.0011295400764461672,0.0053422346705618295,0.011649200149485894,0.01086265067060932,0.010266661429277235,0.013240809259648989,-0.0064839614554074165,0.008579205806645174,0.03126976415874383,-0.0019097467565452053,0.008246457160776766,0.0005013250802408109
2021-04-12,-0.013232961097462081,-3.99510218986876e-05,0.0021321218730274705,-0.0014212913956860307,-0.01125374992479744,0.0007799561493093687,-0.0108958717315073,-0.009982707788688594,-0.011076317846865247,-0.00745121362764134,0.010294541427825044,0.003113502415996283,0.00488718661951304,0.007137163332616936,-0.008399002801285138,-0.04175215940005317,0.0024187118153757847,-0.0021116635517479665,0.003196849157951709,-0.0022465079433039437,-0.0008585158041207741,-0.0011796605126827009,0.0002345276695210341,0.008785376514972132,0.004033400253076858,0.0012530149808589464,-5.330548355608755e-05,0.000869768194962095,-0.004718588223166509,0.0001428523058997211
2021-04-13,0.024306387468946422,0.004057149193402276,0.006098747605224553,-0.010706837220524235,0.015028855145037712,-0.006841630370254537,0.014163405525705608,0.0017451295910875242,0.004519148767342385,-0.005362286615890333,-0.007524711335868961,-0.01253584377565753,-0.0012161749019472534,0.001749823288226482,-0.025336304151949318,-0.002904727254446682,-0.013363053999584373,-0.01192690850086875,-0.004873626049819335,0.001558651972137115,-0.006874797933523413,0.0027551623950436976,0.010081705235107874,-0.02268731897293763,-0.013219726512743502,0.0024367024788594094,-0.0047303247564213224,0.0013903306852582897,-0.0020318700801513767,-0.00307537938360658
2021-04-14,-0.017853090715691966,-0.0013202018185916042,-0.01970591825597423,0.009795595922922562,-0.0033166643602059453,0.014083179568089799,-0.017155228848887538,-0.005613681693596662,0.019855408073319314,0.010620560487668795,0.01468940457319734,0.023406746332092387,-0.0011859020072022552,0.0016593154008692768,0.011053592720371208,-0.015792701309738977,0.0027590043560572486,-0.018690083274717995,-0.00018810076701381018,-0.004366193819115183,0.001425461405762496,-0.00039270418581827116,-0.01121913880602321,-0.009585198752986801,0.003627007929219106,0.02115464832130609,0.0030172497711073998,0.001388578269857721,0.004343481561217555,-0.0003591877944766342
2021-04-15,0.01870775193780072,0.02207352576766919,0.013828409714570444,0.007529225108570126,-0.0052291411628137,-0.0002579637124330292,0.021840093399333904,0.005256198564016934,-0.008151965864468314,-0.008161815294897234,0.005137112632173535,0.009542442334835588,0.008499564231953194,0.0020054035088648003,-0.00037698622517745584,0.012930209837803464,0.0029391834290035668,0.006348951025290983,0.00470969994727044,0.0042116605401161245,0.0037100604668403037,0.003403314261479551,0.015298107220273138,0.010661134764812008,0.012094355363244214,-0.006883696648841142,0.03828232159314271,0.0,0.019371111238263516,0.006029326349184849
2021-04-16,-0.002527636018551438,0.0022733299311559207,0.006022342354579324,0.009829708838794637,-0.01166822479171914,0.003612639713032273,-0.004678064566120077,0.022462996043241867,-0.00444802670489397,0.007153274346273886,0.0017037725900004297,0.011105965528189543,0.016545720281100795,0.009876717891386777,0.00761796440381346,-0.00415242118240533,0.011534079045618428,0.007425959728884601,0.006563133456949144,0.0077828450615151645,0.005570417323967014,0.010566172494882009,0.0047784045169239064,0.004787723053039761,7.277906087144181e-05,0.010300427784991184,0.00256405354440159,0.010051966832267167,0.0005744374363418903,0.003210641380704704
2021-04-19,0.00506854895724107,0.0010168822419580614,-0.00806900981526193,-0.009667327476057919,-0.016238209759968925,-0.0041567842844904,-0.006079846137504563,0.0009471246757317697,0.0029140168039889502,0.0009076794199391891,-0.002009978454617478,0.002278778389976699,-0.0037491323338153526,-0.00491163108876691,-0.003518002354712335,-0.01729735549030631,0.0027736920064214132,-0.004240699591829822,0.005960929078558497,-0.005448767530605636,5.0192259367198844e-05,0.0024525387937426313,-0.007670447613559062,-0.01295504226800781,-0.004663196522650126,-0.010067485246075147,-0.0029922812744398453,0.001887463880045237,-0.0027384544042492465,-0.006400819055000229
2021-04-20,-0.012829986314774167,0.012384467667153842,-0.011067567276491497,-0.023158869393590575,-0.04132703907487545,-0.020482694415904334,-0.011019577599832742,-0.020056664375640798,-0.01869099593974488,-0.024755851672876084,-0.03206814316429352,-0.03267377025741125,-0.008841892828482356,-0.01575976004380708,0.03786036029808648,-0.014615571917609982,0.023295977130969314,-0.02214182662875841,0.003148385852711044,0.00517662674811703,-0.0014604337730488304,0.011717559664805144,-0.0018552647029697056,-0.04118587522713957,0.008345087758879988,0.008744792902958265,0.01716086413391338,0.0,-0.011116343048411248,0.007730464168353102
2021-04-21,0.002930062067601602,-0.0013894803815427403,0.008195669633476843,0.014334864748393628,0.00794668302893542,0.021218608423968277,0.011405433215679439,0.0027031422242800307,0.013816547186358275,0.0017507270558418941,0.03745203850093559,0.010214676225986041,0.006142869348293667,0.013944650873380926,0.039012942478992896,0.015948740339161827,0.000660696495683899,0.008508087223848104,0.00812254381957378,-0.00321886635058255,0.01301080196715465,0.008400042894641135,0.008983329513232219,0.021949322275308658,-0.006533530889566652,0.01059531767098032,0.005749828065930274,-0.0042817209825045666,0.018675958326207942,0.0029120995083427026
2021-04-22,-0.011685538583251498,-0.014413840421767521,-0.015758395892332966,-0.0001359443282719086,-0.006739557266154272,-0.015357483600124566,0.0034265787807330472,-0.008280432978867824,-0.01732697479274725,-0.0019114312201626849,-0.06001241690483816,-0.013183679849801955,-0.013775272883347789,-0.005379575546905158,-0.015813486432502466,-0.017739317361185614,-0.008464089626684879,-0.021057535048500164,-0.0031129758188772616,0.003014074439441128,9.977684005124665e-05,-0.01602899760580989,-0.013086332152532187,-0.00554269121639539,-0.00992793123384017,-0.009594546863584075,-0.0056919736107376995,-0.014791702667151019,0.0005277948697004486,-0.010835708979077041
2021-04-23,0.018038528585045066,0.007763373844410504,0.00962218974677076,-0.01923072065451925,0.01728333128541415,0.009874398337328172,0.009336406015401977,0.00796129401648793,0.005943428076409463,0.0014226029883122049,0.01936653675662514,0.025691777716479125,0.007559438172589195,-0.020762567306714663,0.008139881428829598,-0.053220420285469805,0.0020587449147750903,0.019135451806031822,0.0005508740683302094,0.006953936473880207,0.0064706570532262475,-0.0010261229710344377,0.015476370341411139,0.007818650796489024,-0.005125149664527262,0.012638609024243852,0.00950726173357097,0.0003491826959303168,0.010677852042430658,0.0016467593006617154
2021-04-26,0.00297777638466612,-0.005874965693442147,0.020389780364207244,0.04164069244048951,0.012836636865151796,0.0019558880721299854,0.008350813949889124,-0.005201350360953261,-0.0002953927165538772,0.006829921672141248,0.0014489612721007017,0.012287871008222373,-0.01204111811802766,-0.013274026003762818,-0.006038328502860901,-0.008102620496062252,-0.00845840187525193,0.0024636056175713072,-0.014870335335543383,-0.009676829786179342,-0.012710340283453636,-0.00449410057603139,0.0015315836422977736,0.01083039315307488,-0.020009121643986605,-0.013367962430151259,-0.011116380175702156,-0.006282915665047573,0.0014781179135596734,-0.014224414833993948
2021-04-27,-0.002449618714552515,-0.0015262840997664062,0.0024729175512423485,0.00013308691112801085,0.004266065146130149,-0.0009545074924106611,-0.0053087837259480075,-0.005228715397652239,0.01162334365313722,0.002007971879748549,0.007234961069527035,0.00905361055234466,0.0018748022213723736,0.00636496283553023,0.0031081485586634816,-0.013444562512986535,-0.005727613891452599,0.004582852425195627,-0.0014911155865339198,0.01149316531329636,-0.02594765881633576,-0.002192492541769009,0.0016057338851704905,0.003875303632757676,-0.0006095401185900462,-0.003403163586731428,-0.003435500769116473,-0.01088858149205818,-0.0018665930527431707,0.0034080774761828803
2021-04-28,-0.006026989031578722,-0.0721983597280037,0.012017786731569835,0.014498523662778151,-0.028910770287229215,0.008509111807720515,0.011400054124885983,-0.00506131308501323,0.02453749509756542,-0.006769911732734557,0.010534496908328306,0.004269466627756291,-0.0027449134581325474,-0.00026877699979854786,0.006971665285584017,-0.006037667101403188,-0.00735390439988548,0.006479384232997321,0.0001867908962909226,-0.010936965209009886,0.007611187159189514,-0.0034903470137308545,-0.028285644517292097,-0.010596991388973631,0.0016773068525497425,-0.009085082906854614,0.00022830647359239897,0.0019532409000144746,0.015397270142240016,-0.0035412402344618954
2021-04-29,-0.0007488317884307705,-0.008449352083274464,0.0037039347600635875,0.01370149081679406,0.002038544609923365,-0.020792051167241032,-0.010638286081147585,0.006848153541431534,0.01596660985212739,0.01057849139440492,0.011846488310430114,0.013961037013450639,0.017609735525565107,0.004621452312972618,0.008671231644492128,0.01145447548247569,0.013705555328353825,0.01944439038101442,0.012502313936527898,0.012047635808369428,0.01592410384638976,-0.04423418581087413,-0.008053240187022248,0.01950863666795244,0.00844730151119144,0.012419505980038936,0.017638376698456915,0.015771687500982123,0.014606926869138004,0.012618759763310727
2021-04-30,-0.015132672219671184,0.02100479198584715,-0.001120636171800582,-0.008277907758813985,-0.006908556692150181,0.002813531368842881,-0.01723843087951804,-0.010688043945473402,-0.035827897762498284,0.0037230512992125764,-0.02435217971254444,-0.012805378458738192,-0.00513307338228064,-0.003840960847661168,-0.016361689301493065,-0.012868874461958724,-0.008952507735765836,-0.00889258338676946,-0.005160303710313063,0.0036988013388739027,-0.009595790132434057,0.011129248280250525,-0.0013067755918597657,-0.0048025771141110285,0.006867488724771498,-0.0066795070508063326,-0.006848486710789081,0.008199441465028823,-0.013932028545561748,0.0020054883832016923
2021-05-03,0.008215205744464882,0.023952766063569664,-0.023340170719312603,0.009455510840301828,0.0037557291280003735,0.00026314945947403245,-0.028482160662732126,0.005107130567512552,0.02386733648382111,-0.002741693667304701,0.032800014136126876,0.004907249921185963,0.020391318235207123,0.0007172652212794617,0.020228452303775013,-0.004693400856909946,0.015239980718021684,-0.002925610012590285,0.009262841309039871,-0.0022026629978899592,0.00745666368943243,0.019865944371465494,-0.001268849665222005,0.0030911946820106895,0.011842086773298233,0.01247896142963123,0.0178035194892896,0.0022495691252890637,-0.004067731631035354,0.015795928943254323
2021-05-04,-0.03538575340019856,0.008069023596269265,-0.022034541333801894,-0.0017439688006654075,-0.0066329246243466145,0.022965283556178884,-0.02940649067267942,-0.008989589722663505,0.005496187459685498,-0.006792044968346955,0.025871468721095026,-0.0009137770638144582,0.007569272723142895,0.009991093189800848,0.006908284655214203,-0.006287010746172994,0.015495333541540202,0.01382383714171298,-0.00624121074887829,-0.007216873984064898,0.0038769309459889545,0.00013149326712902365,-0.016159960248307015,-0.011124860682640625,-0.003407233165367063,0.012389232605634959,0.013402172044487681,0.011740320673770066,-0.0024933667330695464,-0.009850982180069634
2021-05-05,0.0019554316327945465,0.008044858439131497,-0.012479432999494278,0.01203635557748628,-0.023327535389835452,0.019150840061795904,-0.008195986872084782,0.008282397415059206,0.02685888634737066,-0.014871167212601732,0.027937300631748707,0.02223878077718111,-0.0021634025702449433,0.003371344223350503,-0.003636593456750159,-0.0008787225095152618,-0.004172379305315332,0.013120832330677512,-0.0025858306196068215,0.005045617804864344,0.010332174047251064,0.022503113156809196,-0.0053269263719352145,0.005016905540293548,-0.008027187924092183,0.004793694997715869,0.0028200092973684754,0.0015359273965309672,-0.012153690658520122,-0.000852688799880208
2021-05-06,0.012802428296798007,0.007820325409036544,0.010955401769447537,0.003132939955566627,0.007143504843251325,-0.0034050011948416614,0.012302794422941687,0.02562080526713717,0.0005505225951227821,0.001542624421634109,0.014249839048889434,0.023348751308642113,0.01665416491846794,0.01092021128806131,0.022035933319917822,0.012176521155843334,0.004010335876222237,0.020124212952174148,0.010000113189776672,-0.0007656533103583829,0.004815189773315298,0.0010296162318306212,0.013226613047750302,0.009681685088402947,0.012588046179518253,0.007596642599764669,0.005987985159643827,0.010223026898427356,0.009205773473612622,0.007140260046947011
2021-05-07,0.005327480957793229,0.011579815405575733,-0.0044640578502762596,0.013386216949885954,0.024629057579038882,0.01653531546068887,-0.007108504742792454,0.018878785822249666,0.009172632429523375,0.016777693478025713,0.0,0.013443591178561753,0.004946957024255738,0.0005681860759050306,-0.008993355665370295,0.008393000019169872,0.004530845636979697,0.0034228505774036577,-0.0005499447112468081,-8.526645586504067e-05,0.003260758309084899,0.008099410317353284,0.010931692550244732,0.032361951513330434,7.388561590238041e-05,0.0019313889116845395,0.006458302476062938,-0.009613556603555784,0.003458330595889514,-0.006026317362674893
2021-05-10,-0.02580457576695927,-0.006254667375973022,-0.03072052637375966,-0.0018870997321482896,-0.010786972997639532,0.006722117350163481,-0.012055383069703773,-0.00505329891222861,-0.004090281163488196,-0.0029215119128331857,-0.004490084048032195,-0.00595862750820475,0.005511790987748233,0.009397558460326305,0.004881208473475507,-0.02947792469812549,0.010504684158257005,-0.00012424666777488547,0.007337948494721358,0.00966618955364984,0.02097783015147403,-0.0030605248919255423,-0.020913997844568266,-0.01023160081058272,0.018645735355422355,0.00534790325256429,0.007757771239592426,0.013623912790896142,-0.02649501781531971,0.00442223754230775
2021-05-11,-0.007410262374862198,-0.0012666669801344455,0.010474816917876772,-0.026783558127869367,-0.017387146010887422,-0.013643214795332925,0.007807657670928059,-0.006207668948916445,-0.0261933150360526,-0.014270203905090595,-0.0023279082965391718,-0.0237602046354205,-0.030663535407722042,-0.007707894226947176,-0.013340654772015736,-0.016616093464818182,-0.008163927307890284,-0.016623021783051195,-0.010744756613708772,-0.013706681644342966,-0.01741160184952606,-0.009082843288480968,-0.0038435602121393853,0.005278679283578613,-0.004939013534153935,-0.030803543397591282,-0.021834739903087708,-0.016464911184556397,-0.0021683513405907906,-0.009018563702811289
2021-05-12,-0.02493862186352258,-0.0058263705595847926,-0.022323796765424953,-0.013792615542144393,-0.035389749784664915,-0.008274238671555967,-0.023288153327629346,-0.023282354037846065,0.006279326705494359,-0.021027170052814625,-0.014146366371879715,-0.015336663595865607,-0.04131130958572138,-0.03979740404065657,-0.020246647671015805,-0.025799321126701247,-0.004026451792854657,-0.006875518135700198,-0.005154522754934332,-0.025314228931523464,-0.02380724233185816,0.006971203863550102,-0.029362580490518986,-0.027202413932345126,-0.010584867911706874,-0.01876334316744699,-0.015375243299580288,-0.002220922802005365,-0.02150944525160514,-0.025868711548115875
2021-05-13,0.017919808788852798,0.004943441029634732,0.0030235440044839024,0.011687525587718905,0.008424678959306098,0.011587660686783074,0.006269662382311747,0.01724840742068867,-0.006426454531274328,0.002755235826232605,0.0071007591310414675,0.012443161704016381,0.026561263199071927,0.02085708009639209,0.020311236623611784,0.007273343840475066,0.01046377395629583,0.025722425410731997,0.008697197519057287,0.008028519329228878,0.022828906094489287,0.00884634614069979,0.016862069782720868,0.001649152327735104,0.016083960988290125,0.026081268460754314,0.007869397880214013,0.006848373785466322,0.015568809709567644,0.016919304590563122
2021-05-14,0.019844629028941796,0.004274807828820393,0.019430851184491837,0.019924576259363835,0.026185779047058988,0.008997473447681426,0.02737658118662467,0.007810719361265317,0.0261530974284907,-0.02601774181754013,0.025704971181084613,0.02775877897931589,-0.005500348324515958,0.01645204551850976,0.003537488568492231,0.024810146278092082,0.0015298394799780901,0.015541992786946901,0.004035899906455587,0.008486471689318709,0.00476876981615737,-0.005083431385245363,0.021067179997489305,0.017364113252108293,0.0021055400300833416,0.01743159954692186,0.00303493714601899,-0.002040590066269443,0.014302314210396627,0.009259299136033627
2021-05-17,-0.009258407323212703,0.003977949939361736,0.0147351540352203,-0.0018450040293900294,-0.002144725743187248,0.010568299022236882,-0.01194522600018777,0.0007560853200536677,0.012240701671717868,-0.020840440314218278,0.015466193937023975,0.0013013553348002471,-0.01118527527359059,-0.003914503032440231,0.00297217598094357,-0.00036119875812701263,0.000998791223369766,0.004024275468146543,-0.0016444278825936687,-0.00017255034992802454,0.003571448346300521,0.02018144254153409,-0.011968706779439064,0.003531347179866584,-0.0020287045965566852,-0.001619861830887137,-0.0028550805120789446,-0.01277906747227453,-0.002203149346207911,-0.004515722034814651
2021-05-18,-0.01124567650670838,-0.006022629836819338,-0.011653058569779051,-0.011921654431825912,-0.0018860982710743324,-0.02173265622011522,-0.0033945468220027974,-0.00018877516257986837,-0.030053772108363686,-0.0023519012502670744,-0.019461160022052892,-0.01270127455886605,-0.010187610852126827,-0.018324533369622475,-0.008269653249400655,-0.008855882057786757,0.0003517464586086927,-0.014088868148684708,-0.005490589061941775,0.001078992683835267,-0.010140510806985192,-0.00613488655397143,-0.008564982507204721,-0.006231550600944935,-0.01023757587670926,-0.018471320373516176,0.0042826109878795204,-0.01311700004503058,-0.003842062668862223,0.021743854373903915
2021-05-19,-0.001281662353993629,-0.00888941132712373,-0.000148514828115065,-0.0016777010084245703,-0.013755239906986794,-0.010857444991866583,0.03270668824947509,-0.008690755440881492,-0.028065477370482372,-0.0024162622151209234,-0.014094640305824968,-0.016951856543372834,-0.007260995476639942,-0.004498183450512672,-0.0050030066497747105,0.009481998098765931,-0.002170442603759981,-0.007637999543759322,-0.0031282818920400635,-0.0076743967690176,-0.0021183581572009613,-0.0002520734032133154,0.0024739011037424596,-0.019179674982447104,0.002054107457850396,-0.0018435437087443995,-0.00214423312071621,-0.004547045330428379,-0.004344804368413779,7.063540614726804e-05
2021-05-20,0.02101222744447706,0.013272905090196296,0.004913709794237331,0.005170245523730355,0.014392637705608946,-0.00793687793071196,0.011023747094359049,0.00724230032657891,0.0034883431977486,0.012347055051415978,-0.0042305978154975055,0.003906353354763414,0.004610913461108979,0.0036598746629046275,0.004818839774999084,0.010657503895964648,0.005820921321475048,-0.0017377566633874908,0.008860919995934635,0.008820135593029965,0.002635657349291609,0.003780415630337819,0.013820386926299832,0.0023317154564299614,0.010248791194289675,0.011528841072324658,-0.002100098660406613,-0.0022837726158553284,0.008237475636095448,0.0035227883690109874
2021-05-21,-0.014767158035917216,-0.0036521486832544747,-0.013732853548741542,0.008615946327872992,0.03149577693814787,0.009574934976346539,-0.005362331063244463,-0.007947192764400257,0.005407419018301773,0.006069066817063318,0.008350443510297234,0.01801114082356836,-0.0004114141064072152,0.004816964240349497,0.005977002892830541,0.0023235084276913565,-0.000643173613759096,0.011378433928374454,-0.0005491596007460853,-0.004048582995951455,0.0010412282014606866,-0.006025698076982278,-0.005314643584739764,-0.004577305255627939,0.0,0.001699853913356586,0.007316929226194979,0.002112992666444269,0.0014573100935599825,-0.004704108664398299
2021-05-24,0.013314131064206869,-0.012987287156359106,0.013084215261017773,0.011283265093677386,0.01115746118502603,0.007629493866876169,0.01981293786743943,0.018310135735710942,0.014214281180431998,0.011078903509793125,0.01046090763801888,0.005542516271170195,-0.002945088867958967,0.008064506496396895,-0.00013812033120019773,0.0156916643190097,0.0038258442882090904,0.005409915612305971,0.0032956409561157862,0.0028975406853264385,0.0037155839196703067,-0.0018945046693885637,0.022881983678147977,0.010553427036387175,-0.0002901030367462587,-0.0021998687904888348,-0.0016521015424102448,0.001229905058174774,0.011244866942581533,7.04579803005867e-05
2021-05-25,-0.0015734406077495544,-0.023209146229978495,0.004332851226203749,-0.003971372134439877,0.01389826068828559,-0.007864636587069485,0.003171981402473101,-0.001498292427096759,-0.01638247940787363,0.010670697697672926,-0.007333250021984927,-0.010263609748970004,0.006066428677900193,-0.00426663528021487,-0.006426163326455292,-0.0015798912079361127,-0.002755911526470922,-0.01033386486588117,-0.00018255215454876517,0.0009917912233294857,-0.004442131378586511,-0.019359733090471787,0.0037482239756814195,0.0019393296828136286,0.003407128369600443,-0.01373390712189626,0.005110216796857303,-0.00877507997831617,-0.00130823909971578,0.004091503211954839
2021-05-26,-0.00039407240244659913,-0.014255842034070043,0.0018747562447005706,0.003607531281551113,0.00261688796896431,0.0022769603467738264,0.008651349580963474,-0.0075031960596725344,0.002406842377310481,0.0017027717759217076,0.007676791993296739,0.007928309941679146,0.0018312546381582528,0.0010264667213046863,-0.0028515392876081735,0.0008791550963287431,-0.005938433561208489,-0.00012345912896183364,0.004380286000299938,0.0009044697987934391,-0.0006444292003433549,-0.0034840430313745063,-0.0009136383779180246,0.019133397876880398,-0.0022396215512365814,0.0037686069744415907,0.0003873839974626314,-0.002124499924808898,-0.008514624523352943,-0.001194357327436002
2021-05-27,-0.01237687927189135,-0.013582243969845198,-0.010734558114025683,0.007314687599590641,0.03865435646433557,0.015018265457989344,-0.01676247110770901,0.00018871669421294257,-0.010660710885323943,0.014563435460199337,-0.003049173963155183,0.010805683211876138,0.004537977086443323,0.031212564339013316,0.0030687392788204537,0.014230695826575657,-0.0015376040561678739,0.01557182153014125,0.008359346501796594,0.010802711323238956,0.008234765073741768,-0.01696245713467437,-0.008668273263852888,-0.0024106298983092023,-0.02273359844791778,0.014063787985563847,-0.0012345179260194739,-0.0012419983148985736,-0.000924869449810739,-0.003376350674872741
2021-05-28,-0.005347893712623564,0.011176667265941687,-0.0021794289420000723,0.0024415683383667286,-0.01467887004618107,-0.0008289175708849905,0.05433299989351892,-0.0003777757667970949,0.0075720625531712216,-0.0021783725257781272,-0.0034956324230689395,0.005133305176002079,0.0004387663090661409,-0.0015566201660814905,-0.0005560821392397441,-0.010566574960576447,0.0026064071105007525,-0.000669115478389215,-0.003604375206234911,0.0013699091202896696,-0.0009838680086218243,-0.00039460822011139207,0.0014840536925977421,0.0012840261542343967,-0.0009629896336210697,0.0021963516702392383,-0.001889639399277221,0.0035529663995756966,0.0019394831470722629,0.002399930438290232
2021-06-01,-0.0026483239465512343,-0.018323650897211774,-0.0013714148069622345,0.022668983864763792,0.03121201247561345,0.006968532067130662,-0.00797986404964346,-0.0052930109895930055,0.027555488248765858,0.00106367614588887,0.02908508765688378,0.02800952472223006,-0.008152447119784467,0.008834574066894474,0.0031306270583955076,-0.004026749050929479,-0.02197925241661547,0.011020213811425261,-0.0001806957166843315,-0.002778934110890363,0.0007878908465277501,-0.009355906734343278,-0.009131784378816121,-0.014289987118800584,-0.014608961783149854,0.007451587375966184,-0.01262395552902551,-0.0019472721176675423,-0.002947454595006782,-0.0026052273072374454
2021-06-02,0.006276085003834808,0.006764002458869767,0.004765962837133042,0.002198657672020543,0.003493893159721928,0.0028835930355488593,-0.006689255370483926,0.006461380502603475,0.013408401905586897,-0.010288627020699659,-0.020735755726330463,0.0026147049005331713,-0.0045443799388400485,-0.009487140497497104,0.010610660738475941,0.010371175839571478,0.004047523854796564,6.027194160607152e-05,0.003979603784859398,0.0023150920020562626,0.00044291278413632895,0.009177801744975955,-0.0004042371837041925,-0.002527507765117787,0.004364917200482932,-0.004288606321311672,-0.00213903153380246,0.0047890347242520726,0.013369715937127102,-0.002188329634798425
2021-06-03,-0.012154161444696054,0.0024664558707578887,-0.014526941142032901,0.0024370683332375354,-0.020733854527064666,0.0015610325555124316,-0.016111074394614455,0.006986589296151147,-0.004533563910902427,-0.004293572761847608,0.024075488897050024,0.013770189985076842,-0.005747040778793289,-0.006674064406242852,-0.0011661604430357464,-0.021572806690560165,-0.0009626779650423467,0.0006624327401520969,0.002522465647776473,-0.0056890634791094685,0.0018691656320493077,0.020926608198823526,-0.006429317575490701,0.0,0.017908015363959695,0.0049938346879423445,0.005198982021826559,0.005825135544021975,-0.006749046099741363,0.0017684970791946863
2021-06-04,0.01902217183370314,0.004708610698839433,0.006027657821926935,0.0029178044027784455,-0.0015979911456112106,0.000738043120843912,0.02876442832794468,0.01387557440391407,0.007993170777049752,0.005333503717146693,-0.003398956886696003,0.007022884737431845,-0.001348501236727917,0.0037085232836158166,0.012847611729844388,0.020092335085027058,-0.0004213878389646153,0.0016251304862537896,0.0107836599353619,0.004001013290381161,0.011685389921369804,0.0027059813304917135,0.020674723955421692,-0.0032048987794345285,0.0007359442249870174,-0.006211379494016622,-0.005686746169513035,0.005616159137283194,0.008899066574469927,0.001765632436976805
2021-06-07,7.949645542626449e-05,0.0014353752241496043,-0.0025606925929613222,0.005575518886063779,0.010963530382678055,-0.017457460378976775,0.002779212311335044,-0.0027739072503149,-0.006454436103684569,-0.0010724128107052477,-0.016058019883374963,-0.00840464963209997,-0.0033761340750243507,-0.008085047633476616,0.004070101285988947,-0.004880477067214617,-0.00680888954754133,-0.004686882101514911,-0.0035560740991985584,-0.007241523243736503,-0.01125915773766717,-0.017676387715085173,0.012041896283553122,0.0015700182822049324,0.0034571216395800075,-0.01400000755045272,-0.013287787381738081,-0.00174521459278143,0.0051273977099441925,-0.006697269442330178
2021-06-08,0.006671958976387948,-0.0015596452027977215,0.020669153552085318,0.0035560396470124545,0.0003957525658089267,0.0016682755470194266,-0.007222722241872814,0.003894499817659769,0.009095066632691884,-0.00372888367510138,0.0020220618431732174,-0.008913862517012983,0.003032905602063707,0.007099298583349345,0.007093642959775881,-0.0015765123248128177,-0.00879617745529837,-0.003983882293450924,-0.006959487797768116,0.004100241719505293,-0.0006872420058940953,-0.005494419193056821,-0.004885499839470064,-0.0044790481084659994,-0.011581795032601816,-0.0013943322679967896,0.003722500799133055,-0.0008740880391437944,0.003155849396213828,-0.007593970251028592
2021-06-09,0.0030771028816547474,0.011400972188139846,0.005220349302289318,-0.014533758762142357,-0.01859470268391339,-0.022943218652956565,-0.0013957386008801587,-0.0020319274464585257,-0.008737329354980061,-0.0016447168839855975,-0.0077834102118421455,-0.004990724037659322,-0.011450887462411519,-0.00870284742770333,0.010733167969420032,0.0,0.013464549936053727,-0.012484799588419637,-0.0030547212230073173,-0.005029321234940154,-0.0041752056220061284,0.022651814686236893,0.00403853033319268,-0.01132387657672096,-0.0003709516299739146,-0.012255731028283479,-0.0015928312411067624,-0.001749795166604562,0.0011205182160518579,-0.005363859163288409
2021-06-10,-0.008023280295042401,0.02137602673313488,0.02087684594544914,-0.011335209829324788,0.0011287542612778978,-0.03801403121938507,0.017366320355959974,0.018696690151179807,0.005845384750591043,0.0030105966187345956,-0.01234736711590978,-0.023094315648517938,0.0031565538268987225,-0.006847985015478453,-0.0008627973006161138,0.006666822682452445,0.008998128812159667,-0.01558858665200702,0.0077507564695513675,0.013479144674292787,0.0019238924964464221,0.02836297646997843,0.014393316659270905,-0.00652295542599679,0.0074189783074831706,-0.00465313977491022,0.0009723085760808825,0.0050832018843831595,0.0070594509637329494,0.005752013121599786
2021-06-11,0.00983262014587205,-0.007644006976050499,-0.0008418265339896758,0.014053963585936469,-0.004268332021522325,-0.022283308658135326,0.0004994170895293859,-0.004724847645797392,-0.004612181476966404,0.0045875203242611295,0.00014702658736798213,0.010991070325588215,0.007978573485970974,-0.004729169591253357,0.004915592886004294,0.008190779056811648,-0.01268832856955282,-0.0006855930734480653,0.004471151051824274,0.009974887296961832,-0.0015752963917182727,0.001707612063788,0.0025269091363102625,0.007329426614966383,-0.006848985379364736,0.0029867791339066585,-0.008966690781630482,-0.00017431926761590777,0.004317086769836775,0.006219784780471693
2021-06-14,0.024577865939749532,-0.006508027292162488,0.011067127216432215,-0.004255153182763816,-0.00865415480513021,-0.007657456241139671,0.024759738142242416,-0.010954776937806443,0.0005559717559193711,0.004510043656433593,-0.015293996609585192,-0.013569621231004247,-0.004665740024746512,-0.00892630643091552,-0.008262714963339857,0.0058773991753842125,0.0024852804364456915,-0.016969430844612443,-0.0034085342707559363,0.00021114213983253194,-0.007149443914978293,-0.0022482576148759037,0.00775514873917138,-0.004395949499983232,0.00037102426739776817,-0.007962231809720333,0.0031917776279388743,-0.002616586053046488,-0.003745175777468246,-0.0013500258066510007
2021-06-15,-0.00643740744812249,-0.005555852389331872,-0.0002186996793457352,0.015017602738219171,0.00571099738912495,0.0020546375245849013,-0.014943471550640686,-0.007015017206828955,0.021580098366026146,-0.013020509197495866,0.0038829571829912535,-0.004344303081330048,-0.009278495663491482,-0.0030021281533455513,-0.0044660859926983765,-0.003436848060168085,-0.0053214614597392185,-0.01516809718916623,-0.002520125016302721,-0.0026584453473817993,-0.003724594976045381,0.0033135331276434865,-0.005887142375804011,-0.00814550254969737,-0.001927361165642294,0.0089397058160674,0.0028061326118546948,0.0019238637272307457,-0.004699354970012837,-0.0039840658113386995
2021-06-16,0.0039337878368777,-0.001125804754422144,0.0094941835711142,-0.009562929171220591,-0.017319660622835187,-0.010480184300670214,-0.0007832872739024221,-0.005949008982717885,-0.00571183615352866,-0.006823626475855438,-0.024248895846389895,-0.0008077623842580595,-0.011975897419474246,-0.015775322257129964,-0.010243382138799051,-0.013278389134148694,-0.00036453281560944184,0.007024502894952933,-0.01335521552530805,-0.003257951333305864,-0.018443621056966286,0.012021069610960389,-0.0037930173778265575,0.0008442176663694401,-0.013888034611058364,-0.011835576136163484,-0.007569805145700381,-0.011345830316991323,-0.014507507289537758,-0.02035687759958915
2021-06-17,0.012600659803314818,0.004925380789662759,0.02166464377780497,-0.015484122334135098,-0.012589272291124165,-0.03550366020475981,0.008416218645700413,-0.006358501323145971,-0.02370726757016306,-5.7318319927612826e-05,-0.031254680948074154,-0.025606564432297585,0.0011231038407923943,-0.012329032062755374,-0.015084956883136824,-0.0006990803116225797,0.004804355030205931,-0.028860689448395038,0.005121860327879535,-0.0072161674646316065,-0.00898926477611428,0.008093070540651892,0.013676385346180764,-0.01134965520771447,0.009113183761628951,-0.025656372798258387,0.0002517239895869494,-0.0019421150175537027,0.01110598948845154,0.004155854234416001
2021-06-18,-0.010091454660004828,-0.008639324490509526,-0.0006706583139327593,-0.02442528406216493,-0.007817051699879562,-0.002817029986001973,-0.006750378964819337,-0.019951372479229068,-0.037732413494705686,-0.012768409982722995,-0.024551498689909246,-0.03504844560233411,-0.0016822599482843037,-0.01752314465195881,-0.017032995120394023,-0.026407795868049977,-0.019610411702157382,-0.025302980033414024,-0.02147410588297527,-0.018214594170878784,-0.01814072362292818,-0.008028098572596565,-0.0056347711624261665,-0.003956062540523275,-0.01462795319054977,-0.027607739796889907,-0.01649419208589975,-0.012559540870532793,-0.007495059115638636,-0.01851582770048077
2021-06-21,0.014104051227356917,0.0065361993625259185,-0.009446804682075038,0.04254910864453554,0.0334105433825973,0.020827398931217544,0.0070021109005560245,0.021317683966054046,0.029311804720839163,0.008989616328722416,0.01823181319425382,0.024969448488366464,0.016489694560254398,0.016470687028174558,0.02466465362349446,0.003592647842636687,0.011483134755736923,0.016968730479549166,0.010972640880993145,0.014284405819108725,0.018841434016419578,0.0018273306208829165,0.012334902718996732,0.013005364921137685,0.00787709111469237,0.02687186197092295,0.022343890310966952,0.010211171185466661,0.016969923855591595,0.009099710749755907
2021-06-22,0.012698167494684887,-0.0013738635287744438,0.01490466106187549,-0.00242534559655605,-0.006115459913018428,-0.00037512550729246197,-0.0056036982665023105,0.0015041262843784597,0.003300382666880486,-0.0027014143126210532,0.006179597439416096,-2.805387412552207e-05,0.01661248448343766,-0.002360895823867226,-0.001977607623861566,0.0,-0.0013427356991492223,-0.0014624073370685942,0.003679162276627901,0.004208006122003116,-0.0003587843739113472,-0.007296333820984602,0.010965917070033582,0.01845009098772965,0.0003754979387038393,-0.002354428606576975,0.0015574716193509364,-0.00035460296648426315,0.006870714134721512,0.00461901499554207
2021-06-23,-0.0020898631839345594,-0.005001819857581413,-0.0004621896804161141,0.009240017228749453,-0.0008613973916220541,0.0030966892089532294,-0.005223999166010018,-0.009387882849584583,-0.0012218017182455965,0.010547499394403914,-0.005511799594731248,0.00984527758942133,-0.0033259595056992497,-0.003851761772740825,-0.011956897286894086,-0.010918353863568209,-0.006050594023867983,0.006058079675783201,-0.008064646440082979,-0.0027364757118986116,-0.014246261358294765,-0.008006646905741044,-0.0009036856399713411,0.004680017708974082,-0.0014273256531373013,-0.002697398976079679,-0.007850440844751172,-0.005322022508589708,-0.00529816627550006,-0.007808791886758537
2021-06-24,-0.0021690341393819645,0.009383611723279062,-0.015622946391951387,0.013191095659975227,0.02873917062654696,0.02596005741097618,0.007980540220889454,0.00037917026097122886,0.008186821907582909,0.014829067366467052,-0.0006333357736194589,0.021326850309504763,0.0005455889895549237,0.014115278653364038,0.005739697571083058,0.01465818403268404,0.004550029334872141,0.009198080866375413,0.004989077270699083,0.00038590907100877203,0.004678946045559407,0.01032060312434413,0.00535266726950967,0.0037569075676411323,0.0006770612114446184,0.01399616006692983,0.008367531862303546,0.0053504979792675655,0.0066474296556038315,0.006987316966978296
2021-06-25,-0.0022485888199025306,0.007179988065623366,-0.013806561613952328,0.00737162044787576,-0.008740082122329018,-0.013814163207747088,-0.007794255575860332,0.0053048787517304685,0.0014932177628825816,0.0023606692524542616,0.002852127870723198,5.403198915798768e-05,0.005740312962343452,0.0048234416094381505,0.009626236136796695,-0.0028535993431435536,0.005141955329495573,0.010097236031716417,-0.0012870968143150474,-0.003900206646900495,0.007709759793530058,0.011000339408660187,-0.00626148647477609,0.155313880045455,0.014283663833317028,0.011668970777730436,0.015243340639315761,0.00017731891078898165,0.0045715843277784884,0.011832703728384741
2021-06-28,0.012545889826852674,0.0006593502893263992,0.012474089136242261,-0.027559630013931802,-0.033899661822286875,-0.00018495172120980286,0.011163018134069835,-0.0018846373265276606,-0.0308480592826057,-0.009980536674960683,-0.006161945101149868,-0.00016254978723273528,0.002072450136082704,-0.008914878056132891,-0.010555966715908083,0.02808091259778589,-0.0011572386973004445,0.001818180191720753,-0.0011046820634390553,-0.005722352848068546,0.008985915786685172,-0.00440392025745262,0.013961048540780618,-0.012892845829726163,0.0029647062273172597,-0.014961785587110144,-0.008618416801712048,-0.0035472041538000543,-0.013610330708761942,-0.0031041502397489706
2021-06-29,0.011500333181697409,-0.0015648254213773694,0.0012340341405479016,-0.0032162707677846347,-0.01750296753425007,-0.005409798909815189,0.0050701164347890515,-0.0009439326332968401,-0.002211725663990638,-0.014951544626160107,0.0012717057474302962,0.01060428107493494,0.012599926290349783,-0.003874658515025553,0.0017896901452651992,-0.012700069185683005,6.089425812683125e-05,-0.0012313505969461236,-0.007371726347181196,-0.003115630137603631,-0.0023917684904428693,0.0045537528068611,0.009973300465601298,0.0235626351274274,-0.006798668268676145,0.00046845435517406386,-0.0083695900391898,-0.00605206043867057,0.00794569781670873,-0.005792742957621888
2021-06-30,0.004620908009913993,0.005320394885787394,-0.0023143032508132766,0.0059666233947566205,0.016118099509234707,0.011761794432099126,-0.006265008463171018,0.0017007668053208302,0.009444810014177518,0.01057907298754901,0.004763306681878188,0.01854430781913896,0.0020426436666161063,0.01574434859143481,0.007145181750723539,-0.01074904624765105,0.004328841587462273,0.009082795759968842,0.0046415451677932484,0.002691425372977063,0.013263132953678314,0.007252976230111896,-0.0018424513386380292,-0.009361790475130083,0.003943514199901799,0.0012706844712024878,0.005877916499187119,0.003402413386479397,-0.009027378913175177,0.027094026102191915
2021-07-01,0.002263319720406498,0.01292313203655171,-0.0020900020900020966,0.012985370477150537,0.0007096266934287776,-0.004227093809293203,0.0029066837730631345,0.00830207298674912,0.0140346603209216,0.008476988169695776,0.0034766557384111607,-0.011962014961732659,0.008309936124926365,0.0057898968180361,0.001705662686416698,-0.0023156448294167076,0.00740537983188827,0.009900868385895878,-0.002772060456857628,0.0055412788680244685,0.002315763714227481,0.0028287689600239307,0.002583959398029023,0.022719839909002282,0.0022972697087824123,0.014160845025560365,0.011112852279871799,0.004640555684701342,0.005688095169184004,-0.01205519656446108
2021-07-02,0.019596297534899776,0.007290319618085128,0.022723749230608936,0.009344492186900366,-0.012722659267154213,0.0048449062042053015,0.013143886827359452,0.008856341858498151,-0.0013181471062901906,-0.0008462827218672642,0.00015749984134205697,-0.0022133849377371506,0.0036077805631749005,0.0031728950256320054,-0.04644534026300706,0.013390554285740208,0.018196967977924805,-0.0009604216994770765,0.00407711974557623,0.005855027225803777,0.004018265850968872,0.007821628555243487,0.022275325225133535,0.01101253334126584,0.004880159434270004,-0.003951862466702427,0.011039912436698662,0.002664747565183978,0.014799144973472345,0.005670416915179777
2021-07-06,0.014718824271351627,-0.02030561776818718,0.04692710742205475,0.006290900202668315,-0.0022815333059120757,-0.019470670125175227,0.008259591279099254,-0.010459567007166992,-0.01960956270242753,-0.019310090008580194,-0.02487804561743112,-0.011492678660364408,-0.01066003784678804,-0.012470588858848108,-0.008856029438596424,-0.011804125024960976,-0.005976988619513457,-0.01679159504785488,-0.005537118542733643,-0.003766391942260028,-0.015008271101034532,-0.006234345511124784,3.6144975329666096e-05,0.0023165373900884134,0.000588855400528665,-0.0025788303557923165,0.002198744077254622,-0.0005315694394707471,0.004064908438914161,-0.001213280193320121
2021-07-07,0.017955209673281125,-0.0017649720781518496,0.005669564076709488,0.008374534190896732,-0.018463625906753878,0.005479472357506898,-0.007232877767402113,0.0052848578418533965,-0.010193101275680072,-0.005008788286504862,0.0051672110051232956,-0.005920887686697296,0.013218004587988386,0.009974423949286715,0.007493949055972671,-0.0023177089507220305,0.008573114492888223,0.0011731372120620254,0.008166265704357079,0.008077278636985374,0.015084545675687844,0.00576129159145089,0.008175310248360601,0.00031220087756689274,0.0075011003313041336,0.00894980047951277,0.0034123463496691375,0.0021273177549931965,0.0016694572153939102,-0.0016436643948308793
2021-07-08,-0.009199799751072213,0.004358525511868994,0.009422227593882448,-0.02035329131533825,0.021529059968265818,-0.012017539300119284,-0.010626302077586303,0.0,-0.003206281110410547,-0.0001158571577040135,-0.013493837254889285,-0.02374416266716306,-0.01527139579268122,-0.006433002002382171,0.006580050290506678,-0.010185898855534337,-0.001948035968788786,-0.017253501376664926,-0.0034977983089502507,-0.007629008143915983,-0.00795541474184891,-0.005600981500215485,-0.008966037626596646,0.002934567101424035,-0.00014601612028009026,-0.024114671810650523,-0.004153729597066058,-0.003971310664905525,-0.014125096637164658,-0.0008587112183046086
2021-07-09,0.013054790128851579,0.00376616129516516,-0.003234704202571881,0.026507460928443916,0.011910258962468001,0.02503430505131332,-0.003010611187057921,0.0090126415316103,0.01432757014888586,0.024536996699586533,0.027193883102698768,0.03571644129396545,0.011144579892150785,0.022888843273207282,0.00554210267894284,0.01083227645856999,0.003962953804440783,0.03199945353225697,0.0060963923557524335,0.012197204599132538,0.013769119554974063,-0.0016639850456220406,0.0018741349970603505,0.002303396961897519,0.0003651563950524128,0.03238644987174455,0.0052686842121087984,0.0070043821541379,0.007861006151984595,0.005086191686773933
2021-07-12,-0.004203491725728314,-0.0033850699224758918,-0.00021234814297532711,0.00965458197010105,-0.005425948794307911,0.005335297714070819,-0.008773364958646779,-0.00949037784842377,0.0020177455621521734,0.041459578439399625,0.0022196018535256545,0.02350973057100103,-0.0010865587393972254,0.003031391775875303,-0.004239784240616773,0.0132166537282139,-0.0015907943902855326,0.014316040300504485,0.00036752119217275947,-0.0002969802701803248,-0.0050745479402585225,-0.005641804570621245,-0.0022306766100960163,0.005093088802360812,0.0008029127538293768,0.004956439633627463,0.00953639081598645,0.0014268418763039303,-0.002515953090050038,-0.0017819058442545277
2021-07-13,0.007889378928618518,0.0018824593261270728,-0.011076947823728367,-0.005645151855002695,-0.04234334895370451,-0.015509168578446086,0.004569676455360883,0.0016910064281274728,-0.0033563137297004664,-0.0039592515836244235,-0.008225179428040352,-0.011879244108258247,-0.014577101375626511,-0.004177554188541155,-0.004541429481035086,0.0024678414576644325,-0.0012390167808932206,-0.014873427360797553,0.00991157577263646,0.002376619704969274,-0.001900427207221056,0.0007736814578800377,0.01319765314678456,-0.001421170232635438,-0.0012397442347880094,-0.007138766431815435,0.006009153102564335,-0.0010685841057480605,0.018833750024868756,0.0037843733947471314
2021-07-14,0.024100404207118453,-0.0005310310530565188,0.0011747744165069296,-0.000579346196051489,-0.01643295376927867,-0.01649707208143325,-0.0065159631698999965,0.014441255278531573,-0.01885854630970185,-0.0012522565066950264,-0.006060653449019404,-0.004202234652383674,0.006844183948379712,0.01646717368247219,-0.003279338467349069,-0.006154378872599731,0.006793748610162131,-0.0034052720481929644,0.022537179623657755,0.004064913484217891,0.016182440308621704,0.00012897933522304506,0.0054452609813344655,-0.00030944243805086646,0.007373921137301398,0.010066438142750878,-0.009079265528541103,0.004100605868470719,0.015019824129199,0.006899948073642692
2021-07-15,-0.004491911092468492,0.007887249080418046,-0.013711143174944485,0.0019128385835014416,-0.007529527575783179,-0.0010868206819850679,-0.0200057118587067,-0.008135026932443612,-0.0065709175937794795,0.003979888365578832,-0.006578976351242938,-0.0028046247786931433,0.010933174602429041,0.022127638655226045,0.004505770706502599,-0.012561987957236509,-0.012028993853356096,0.0021921117541972013,0.00319969168271772,-0.001054249992068379,-0.0011833263249739767,0.0036071060147004896,-0.005238715145970518,0.0009285136427152896,0.008551892110180814,0.006794518820378848,0.012803055905520333,0.004083679565122678,0.01040679698858149,0.0007772488155861623
2021-07-16,-0.014075857188332819,0.005392617625963325,-0.01585423166667732,-0.016430457047451053,-0.022535415413281634,-0.01636637202081337,0.0035778145077589585,0.0009319855546290334,-0.026455978008626535,-0.026282891355522642,-0.03068971562884415,-0.02290089798824646,-0.003625744900715433,-0.010652264545232382,-0.0110359584784262,-0.015050986834980074,-0.0016034205203987462,-0.02283539465238804,-0.00070886924799618,-0.008991815033839168,-0.01589412645646393,0.001540298034639287,-0.0009963947295731357,-0.011379813918458437,0.00970106431006168,0.005206171133263826,-0.0008330280071137119,-0.0015912248146454644,-0.0017301203868030912,-0.0007059708875137849
2021-07-19,-0.026914709691549743,-0.004960418746642659,-0.006727030092302577,-0.042350556936765815,-0.04937080797647675,-0.018178344989763895,-0.003690851481639168,-0.011917854073883127,-0.026972384133575833,-0.0354692823519287,-0.03699368376610079,-0.027631371106207836,-0.008303660622328901,-0.041983354166539644,-0.007055346939901397,-0.006003253240917994,-0.007257876684089282,-0.032519617570127224,-0.011879254917085413,-0.023386656589830745,-0.00907848924022081,-0.012432410756064605,-0.013321479689301863,-0.012386654576215905,-0.0004983511627612014,-0.03280253526704635,-0.02535158693540751,-0.010981346210786946,-0.031073562886180794,-0.0023311523840667814
2021-07-20,0.025974017426942275,0.0006485272174507895,0.0066486136498793424,0.03722139989406004,0.04908443950766439,0.024030045326917326,0.010776603009701624,0.00980003154270448,0.005940286589732446,0.02197157167274133,0.014362174130661653,0.028304125244766,0.02032184908425627,0.040786680526016195,0.014863615164419919,0.010980961857035565,0.009408105213896789,0.018643391502598083,0.0017943198249785741,0.02185290009719343,0.016501207346739433,-0.011421267542610414,0.008338950462067451,0.011845069068497915,-0.005340441838155963,-0.0011239194863746915,0.009558637347544252,-0.004656449335741608,0.009525451805914686,0.004531677869324291
2021-07-21,-0.005131605435894637,-0.008262739072759984,0.003361110852517335,0.02155510296499008,0.024821549809565635,0.013319927608448356,0.008329608593943494,0.0055992998461456,0.03408261501633958,0.000792172540039271,0.018935356427705052,0.023960806101318344,0.0031042596794186306,0.009535675977705438,0.009502224601992904,0.01792180745283911,0.006174083286706766,0.02104060497330673,0.012896244681090518,0.007085846939413276,-0.00024914619556659634,0.0028884203695824784,0.007446570254884266,0.008388776986766766,-0.0035078285540174337,0.004963995544319477,0.004044001821814636,0.0066572894063132715,0.003955597575501679,-0.004934309832521189
2021-07-22,0.009628714052306586,-0.0004494520976887628,0.014735635895966048,-0.009332729945684792,-0.00750426089389733,-0.007450285765408626,0.025484215207155714,0.012249336469397631,-0.010018072365708175,-0.009949634220335235,0.012556586183158691,-0.0021152511829951592,0.0009192700469575765,0.0038389254994866118,-0.004175542114416175,-0.004801723819666703,0.00289079957710503,-0.012625790400406012,-0.001414672117900806,0.011613598635510147,-0.008467163526581278,0.0018325930979496974,0.016844553791903305,0.016140941405985654,-0.0038309477385106705,-0.02687037147329807,0.0027249656416341583,0.0,0.0019697472715520803,0.0007085935798822884
2021-07-23,0.011988987999729694,0.012176270199371286,0.005115384934792466,0.013340882907834972,0.0029429491087213933,0.001769069535957346,-0.00012080156253280183,0.012651315633208204,0.0004047110185667613,0.005767103307647847,-0.0061175924332477205,0.003595320197878449,0.01891859017263564,-0.01469452856132869,0.004477066513557615,-0.05289487910134594,0.010648174405242683,-0.001921501560475325,0.009562603333123088,0.01797463019336365,0.007133243665422118,0.013197428934182742,0.012336676286716308,0.016373395697159232,0.014440868928017991,0.0007442556472416761,0.004642060858394359,-0.0012510623702018941,0.019988538803400235,0.00821121623308052
2021-07-26,0.002894347025466537,-0.01065725937182016,0.01180863619816197,-0.0032911488313572823,0.01954677567507157,0.007158740429817012,-0.002618326268201021,0.004345505508092984,0.021141152510703698,0.014760962634697838,0.0316087210421403,0.004946297600931571,-0.004987345045791014,-0.0003052908319511882,0.010117470800377726,0.024716963561555838,0.00046572695518620755,0.006704833387641829,0.0008769402158734785,0.004198198501613515,0.005885475880378133,-0.003869132928636776,-0.002140674687939881,-0.007634025105241138,0.0035051759303996732,0.006424882416414812,-0.009959320674465255,-0.0017897298714352194,0.004939337408398581,0.001404137941624306
2021-07-27,-0.014900219320439057,-0.0016321259509032293,-0.019846876786293155,0.0019117476900221142,-0.015851236370628352,-0.005354699270859964,-0.016518605816570164,-0.0034252190036724306,-0.003368233962600886,0.0042519500373807695,-0.0009676267615567058,-0.0028198438444194673,-0.011836262970993383,0.004841798805939712,-0.00014009328146036282,-0.02080665788490821,0.004596483245626448,-0.0013188896209779255,0.0035051463910706904,0.009713914060714535,-0.005950235310992591,0.007897464605399751,-0.008683254891497905,-0.003149717293522647,0.004063492024809712,0.0037629385699129436,0.003772305011264576,0.007529797496973911,0.0027173024027200565,7.010845513932829e-05
2021-07-28,-0.012195947657922424,-0.001757254403496944,0.0010837371680696428,-0.0168845075264199,0.041841017109793155,0.0073369677602466155,0.001848089093382299,-0.009225757634617637,0.005665554928008687,-0.002228388843803719,-0.0012913658682931484,-0.001627754173440965,-0.005316977759118102,0.0005643098769505528,-0.006865129983243512,-0.0020682829676983427,-0.0027802814104345153,0.001650619604330883,-0.009081350285390477,-0.01855066917879511,-0.01092445568733047,0.006165939974796197,-0.0011171078364269338,0.0054081187527164065,-0.014838646024140645,-0.017137533422049267,-0.014285527627088679,-0.008541066496860372,-0.01590079639142561,-0.004066260878186956
2021-07-29,0.004552350086067802,-0.007328619803872893,-0.008373940689987869,0.01135168913380813,0.00025909036877025393,0.005296990724761974,0.00032779960998308155,0.005477403191799679,0.01373783332671663,-0.0041875060933358466,0.01179889088000996,0.00887152039746808,0.0058675653341100364,0.010369379805090562,0.0011287191905438032,0.011871049817077317,0.0,0.008569619578618237,0.005463440148916199,0.009264511368750394,-0.0005547945108465013,-0.017873175180229572,0.0009783274747978687,0.009246835430553046,0.005188821168444102,0.014030925197832556,0.007111838206845578,0.004666387201972544,0.003968489213155291,0.0012670157417340455
2021-07-30,0.0015106806549194385,-0.003794649631876701,-0.07564890713277761,-0.008258227502069726,-0.022233773892458175,-0.027333515607171455,-0.008646124960715595,0.005447564683614292,-0.007409453947413214,-0.01306422932290996,-0.007028764452397196,-0.007071801936411659,0.0023209503522065855,0.003907500035679634,-0.006834465999301043,0.00037252991281677694,0.0001164202488508348,-0.007973926593262903,-0.00035075967584141665,-0.005368505832734294,-0.0011603516855459572,-0.000780031023026484,-0.0055496346045790235,0.003114075327298016,0.019716043580588538,0.00026863295078438654,0.0003396557591275329,-0.0035729746963415465,-0.006171279033195809,0.00217949227183567
2021-08-02,-0.002331108205691601,-0.007244957644027661,0.0011690369463182027,-0.007388811460626421,-0.0050335544469891635,-0.007690502314578684,-0.004422784265326718,0.0014446823504583595,-0.0017682103318917841,-0.002670218202984187,-0.015122248348399814,0.008829472211993927,-0.0029554977668153626,-0.005860064847441282,0.0032633155383725576,-0.0007447047742583646,0.00040671733216024464,-0.004018728488930368,-0.0026299752744366467,-0.010753518808470641,-0.0021221428316505753,-0.008976216091381106,-0.00031590426289640483,0.007402646633225096,-0.002460419431028149,0.0002013365745869855,0.008126802163872515,-0.0003584968757610607,-0.026827426906957164,-0.0023151332595204854
2021-08-03,0.012644089882795306,0.01789059003464155,0.01043374884144277,-0.0013586581291600286,0.01664151975212147,0.01628009680040088,0.0011210918321304941,0.014427550498582686,0.009544537527225838,-0.01458272872968025,0.016497840891700477,0.0057379700056967575,0.014424725649345493,0.000989763067866356,0.0187387437181743,0.007078997147636157,0.012306163084011335,0.011377694149807382,0.0007032323443603161,-0.013119431191586872,0.01777032969400727,0.0030192112326516973,0.008075277220506827,0.014696113436774016,0.014589421846918027,0.00966769909769627,0.015232004318169512,-0.0005379836159534745,-0.011218683674712016,0.011250205891258025
2021-08-04,-0.0027820891901446654,-0.06461001831682156,-0.0034222398904129037,-0.005797339159216985,-0.010738100721996657,-0.019088799655284316,0.012607254405704982,-0.00995557242725309,-0.022417075758753957,-0.002370029380022176,-0.01992595332436009,-0.00657295717863704,-0.004910730647117001,-0.013152902906917618,-0.009092842713309013,-0.0029596220024015185,-0.005906212579428027,-0.010791640514194456,-0.014406247215692392,-0.008947061241031284,-0.017410302997152072,-0.01217115202334762,-0.002124513610096357,0.003971070447758018,-0.010558963803046106,-0.00578501806466003,-0.0008532942401158206,-0.0064597331536542235,-0.0017714979846840118,-0.006813865191324653
2021-08-05,0.0007487662688132612,0.024878683261914336,0.006340362999381677,0.009341686120919457,0.014605292711815876,0.013054950417174194,0.02617029706577534,0.0012570774027613751,0.009272175847749198,0.023930896545270697,0.00016398162827013785,0.017043490226249514,0.00847697707580597,0.0012630015031382946,6.985023599459517e-05,0.00631151989850709,0.0019035496120258788,0.012628529224112617,0.007130177335261223,0.006770749377809748,0.0013668792194110324,0.0014574124565742697,0.010505627450386745,0.011285496909023918,0.0004914407699263545,0.007089363700315321,-0.024552692601402137,-0.0012642588440444635,0.014957580563070394,0.018552021611673686
2021-08-06,-0.004767183823449761,-0.01641134431184854,-0.009197334693852421,0.010198766812361537,0.006045052513220961,0.005598987651730614,0.00011970230984781338,-0.0030488577366821756,0.007112275949187952,0.0023767901825095805,0.016393223911223886,0.03536302416639625,-0.009816735046872527,-0.0008697261688535018,0.009245888198449403,0.0005567265034940316,-0.003339433760363275,0.028403607336973336,0.002477905828918603,-0.0006766261284520958,0.0016683133183064136,-0.001984646947933877,-0.00020732234984133235,-0.0060399328522952045,-0.007649275729820881,0.014876049907577293,0.009557646096892247,-0.0014464343559874582,0.004954083868480286,-0.0017869876931014828
2021-08-09,-0.00034215944566118317,-0.009819517195915894,-0.0009177334401756498,-0.003384520215403697,0.0040634696492707345,0.002591522480495323,-0.005067941727853187,-0.002158642892087226,-0.016674812618318047,-0.002314723580016498,-0.002903032713580056,0.005001487241491631,-0.003274312100532195,-0.006313150952041213,-0.008423990199811104,0.002411087962925551,0.0034663173691749094,-0.0010796018217954506,0.0001766878797431204,-0.006687691914782468,-0.003532569080981429,-0.0015904088977156672,-0.0039037400461081617,-0.00596066142895324,0.005445144408287916,0.003598390059455614,-0.010238104382040758,-0.0018110291297641634,-0.005799498460256625,0.0024100340811463727
2021-08-10,-0.0033542034818656585,0.000307230579369433,-0.006340816609805455,-0.007553840070852025,0.015111699497446063,0.02479763831864945,-0.023784863706857284,0.002523890953490815,0.018254515767364143,0.001980634833631978,0.021028782802976487,0.020231022277288346,0.008273878082738051,0.01599268101452811,0.0009201871563462305,-0.00203510863146128,0.00034538435408881796,0.012267507651543497,0.0026476157898547292,-0.005241057147276296,0.009218137418232075,-0.0017259597792563808,-0.006554862482830215,0.0029109375111338043,0.0006331438830744496,0.005542395638667985,0.0022149043662937906,0.006530945109180397,-0.008041605544741759,0.021294134830053935
2021-08-11,0.001785828136812162,0.0007457919171818261,-0.008603643493863333,0.006962133064496889,0.015735035766710537,0.03545582702402861,-0.004560601132307274,0.004495607306446603,0.007543259474727115,0.005760279850795635,0.01774384918730143,0.014510721119760372,0.01665211158360158,0.009918837927877622,0.005304983820599851,0.003707659409468045,0.00017233266962590754,0.011929997004972215,-0.0012321787049460742,0.008995383033406412,0.011643623373291723,0.0002657935609231554,0.0017805254285225836,-0.00580507182851564,0.002459847264558279,0.012903927296332274,-0.009810972950155428,0.0016224619338616186,-0.012643637794879092,0.00894532769802403
2021-08-12,0.0207731688984667,8.782010060115475e-05,0.003459810192938395,-0.01259740945420107,-0.005470010385966617,-0.006406147653582939,0.02521887872946116,0.009488026793311732,-0.0020419478724168494,0.006738183163627509,-0.0035800812220767586,0.0026819425949211606,-0.008842601829009422,-0.005616468984950829,0.006613510542918366,-0.011082425843423671,0.008055264080796043,0.003909060022132538,0.0019388674373821413,0.004754881508723052,-0.0006943920473837517,0.011036031983038708,0.009966900930394873,-0.0036781902716908066,0.0023140061039663706,0.0017921933684679203,-0.004365701178625669,0.0012596173642025477,-0.012566837114240559,-0.0026761746828254385
2021-08-13,0.0014107368147504573,0.006705996019737537,-0.0028848279463596915,-0.014478860133403826,-0.015618381376717227,-0.00758269219008656,0.012762112516550017,0.0014185503773485042,-0.0066251029421299235,0.00998387488914032,-0.004999378466828186,-0.010168742443403489,-0.008083188353663173,-0.0007758421455466014,0.0007689494034337496,-0.0009336853644316134,0.005993320199253915,-0.011187257197456613,0.006861282885906705,0.00908444298781963,-0.004219976758864319,0.008942781225186991,0.01048999594837019,0.006153267625157222,0.004826999678646526,-0.0011501164830126642,0.009138836797289773,0.004133770357509503,0.003710281848075425,0.003153010079415708
2021-08-16,0.013547559236694928,0.013820643976136582,0.0015239472057770875,-0.0019872055564884583,-0.023031685578101868,-0.00393480441491223,-0.009381441729316875,-0.003364717761087821,-0.010199874888314087,-0.01098969814447226,-0.00580941685758507,-0.005915443640001072,0.011258065902970849,0.008543181506916575,0.002863370871147408,-0.00037397803533312235,0.009020981150581475,-0.0065633691054989285,0.004368303811446372,0.009002588055584404,0.008674867022279154,0.015771389427127636,0.005975436658209432,0.003902449039610234,0.0069619182926592416,0.009148547601620427,0.018404938495479195,0.0019689645389504573,0.011648328626065796,0.00815883113990723
2021-08-17,-0.006153823599888253,0.0005626514081935596,-0.01728702615047184,-0.00663636515705035,-0.029861156076110396,-0.0196131713177915,-0.008868322805834605,-0.004797246119496168,-0.001882898864568161,-0.018203065282788033,-0.015950691864569544,-0.008277213938129524,-0.04268027314805256,-0.009797197303881067,-0.008147911942165353,-0.014587656570878238,0.009165565237367668,-0.01208074810266746,-0.0034793071089314065,-0.0028634231422793865,-0.013690925994916725,0.011548858878193125,-0.005159878761762382,-0.009863156526327521,0.0016595495002029725,0.007353842603037952,0.010954056811208979,0.0035725219511253403,-0.0035265631771731476,-0.0003316492297867901
2021-08-18,-0.025501201570736654,-0.018858322407017458,-0.012566487390164305,-0.015305166396813563,-0.014490150315070394,-0.017007009438101628,0.017126170671427188,-0.01535437101292203,-0.02706513580018899,-0.006199195350821141,-0.006900890534950466,-0.01523590501238703,0.002494014100555386,-0.013091417962104668,-0.02071362229596241,-0.009489519561925452,-0.012703866831474175,-0.009107735564783503,-0.013617382924291488,-0.009156084539374665,-0.015234444481373344,-0.01319320957580472,-0.00611916938991619,-0.010840397350866726,-0.010905762143318398,-0.0011328827703115385,-0.010574285599388222,-0.01263796452881405,-0.01236502475174539,-0.010617099530829788
2021-08-19,0.0023232940098456556,-0.010800544124389244,-0.0042078187123096855,-0.01912055318284156,-0.031232859990368178,-0.02554696716819127,0.0073640530977086005,0.03844062274636495,-0.02492225716642804,-0.00852704566017859,-0.021493261424774368,-0.013114068864581219,0.004198383808753148,-0.0030207577213891,-0.010396347508195514,0.0047902959922656585,0.007788217270145781,-0.008355352196495858,0.0063718130216972035,-0.003570232285588504,-0.005852196340840887,0.008613035456395357,0.020775395664374807,-0.01907465080318771,0.01179334603361526,0.004788228960790564,0.025328077353206524,-0.0018027758800869265,-0.000259053068200954,0.0067739385558500675
2021-08-20,0.010156577692432611,-0.0038325198331304877,0.003827154714335368,0.004527266380120798,0.002403820220743258,0.0023965687643692224,0.012091528795747708,0.016588199716353058,0.00010590252177844484,0.010793680270587913,0.005615242380797358,0.005843926126671173,0.01963458253109973,-0.00013168453515943757,0.007897426495611981,-0.00820010120305592,0.004871967969619417,0.002851694037030894,-0.003869253035900244,0.005311288483466292,0.0014443199775295845,0.002804004844309649,0.025575657246798222,0.013285686057209256,0.0006895445174726067,0.008528023743253454,0.004253452550051051,0.0027091391724698433,-0.0009069546934905581,0.008926900928125425
2021-08-23,0.010257230369874915,0.00943942058910996,0.02060035500127988,0.004382142878765594,0.03164525220051373,0.020493910013562155,0.017139592768625533,0.005496443984723376,0.025768808402518495,0.014504380022747565,0.01921494335637597,0.014095357502729389,-0.004555833883099769,0.006192320660953765,0.003665959856408607,0.0234572075497661,-0.0043167083320224675,0.012797239482039702,-0.003530983602856197,0.004906097375626306,0.0026783138073895874,-0.0038128498905516395,0.0009524161512504126,0.011502596096013118,-0.005100338585293129,-0.005844540816088317,-0.010123114389700927,-0.0018012434779218767,0.012015938544545524,-0.006602805812796708
2021-08-24,-0.0006014089497488051,-0.005584072212708069,0.012220318769066596,0.004674266158497975,0.00925250153039947,0.016496021807223205,-0.0033009494631407454,0.013324104349303534,0.011475161138126966,0.004559286415369623,0.019335995066148692,0.01771081655735851,-0.008665412515579396,0.005805271212841356,0.0015758324160251025,0.010896237579574475,-0.012499061807171308,0.006190000014208774,-0.007618778516289559,-0.005132502467596778,0.0003592382035622066,-0.008420375386584689,-0.0066631623775426085,0.0015317518308184397,-0.00810524185588879,0.004627886168045325,-0.004584310486766774,-0.007397884985813952,0.0004270369923569106,-0.010302510368409235
2021-08-25,-0.008421038142846116,-0.012434325880663843,-0.0019965141547840792,0.030893162458973222,-0.0018064124541161686,0.01020750649862956,0.004583056312221112,0.0005056539068688526,0.006847846510646072,-0.0008965523035224798,0.009642933174636603,0.01116107701215796,-0.00313939536327712,0.0009545090585405536,0.00014295822071397346,0.0,-0.006614243928180774,0.02061263490930343,0.001071272337719087,0.0016777306411646098,-0.0021051152914465243,-0.008363422665224829,-0.0020158134751273593,-0.0008234615396800482,-0.0035618616493235944,0.012076828542749718,-0.008667794279297647,-0.0014545200558365723,-0.007044010623819874,0.00040284241707078117
2021-08-26,-0.005527132416354497,-0.0005416265209988724,0.005098257262930783,-0.004031579444629174,-0.02049495002630919,-0.016390339286109668,0.02660508807300377,-0.0025273579817818304,-0.013094886925036353,-0.009814342170874735,-0.003444386056780102,-0.0017186482543675163,-0.007410261449764088,0.0009538290850026332,-0.007722161444133402,-0.012637174743106772,-0.005337469182322141,0.005158017021679617,-0.009452493740603862,-0.007871652424072506,0.005042547459497282,-0.006487652330345872,-0.009668581264492437,-0.017192407955638478,-0.0017522530658138358,-0.01605349069981077,-0.00688513313074246,-0.0060077005759744395,-0.008899732323956466,-0.01080816412773622
2021-08-27,0.00718442096999472,0.005915211048668878,0.01014175672465778,0.018971421514521136,0.024249422632794504,0.007527037054988028,-0.004705174538537138,-0.003040587477305956,0.014605931743270961,0.020276406139897674,0.027179480109093435,0.01765261507906435,0.005910350671478604,0.001125976229441772,0.004539866173234097,0.014304497573445873,-0.0021351849362697406,0.008036951638097145,0.0019804098007103477,0.002236747472787126,-0.001382520246045793,-0.003525954271632714,0.0021062680199379624,0.00561052023873021,-0.0007724383066510798,0.013252085527351243,0.004582010062979203,0.0031136827972437775,0.009413528476454935,-0.005632984734295077
2021-08-30,0.030417276093942736,0.006059691181123705,0.021476998866989616,-0.026030221349164884,-0.0184441773974775,-0.006484022103541709,-0.005852833507092314,0.0018637097347400378,-0.0025346683733022957,-0.000888240758763037,-0.01082232092348867,-0.014510819036783418,0.01150329472452083,0.0031584548041652116,-0.0031564116573253864,0.0009280055949323351,0.004221392863932971,-0.016007197456310518,0.009524070197353796,-0.0037479028125217972,0.0057427366115754275,0.0026212260915488006,0.012912137206559926,0.0026853863010007917,0.004356732068394598,-0.016348661649036478,-0.001098478426053262,0.0,-0.0062744578201995305,0.008053710128235636
2021-08-31,-0.008424791940223941,0.006246507535927703,0.01438520002272603,0.010349654494670402,0.0084535344433192,-0.0027432890526752907,0.0011320412915878375,-0.001860242782158017,-0.016464898272668838,0.00733421903731335,-0.016880289706909912,0.004640515726874961,-0.0028126200986594574,0.00017246986930774533,0.009858408506460803,0.0022245342199118667,-0.0030518107821632112,-0.0030541307037705856,0.0023138849176109755,0.009179840451823296,-0.00728975770462903,-0.0027452240041210274,-0.005632510169679916,-0.01957978112129477,-0.003778031853670427,0.0016930977514628687,-0.00485295368036609,0.004199433819144227,-0.009211645683903535,0.0027082277406185185
2021-09-01,0.004478567581784221,-0.009666178862342778,0.0023654092095504176,-0.009159081207114061,-0.006287038190489702,-0.013799822555640273,0.011497760834278559,0.00033888979526297547,-0.010953632281935355,0.012024146843794936,-0.005723324066521762,0.00036266562270648173,-0.002742303210831798,-0.009098564075248006,-0.007410513956415121,-0.007214302010706941,0.003523337849461239,-0.0014379436153494352,0.006748293840464159,0.0029057666194349796,-0.006675786876849887,-0.0014420535912179622,-0.00016558760835283515,-0.0010926324450915015,0.010183064191430224,-0.0026921127333829897,0.002594267547610496,-0.0010908350593060723,0.004452191917884152,-0.00216086122531689
2021-09-02,0.0074749876397237625,0.011685708345607004,-0.004564478889317991,-0.014533825930520883,0.01242438462558737,0.0183689818229269,-0.01554123210222269,0.008299508603235362,0.020896394467465385,-0.008829161462894475,0.001279058883162154,0.0020305851762356664,0.012668307347276642,0.005091516019636755,0.005096967401611918,0.0011180944318680552,0.006849099955533955,0.0046331593392041626,0.0014111015638214042,0.007222364527094793,0.00749604848419283,0.012339299768186152,-0.002252971622565658,-0.005408446788574439,0.0007646940688972315,0.004332164604237354,0.015239266310522526,0.006370491597274874,-0.025812693130203845,0.00527819816794084
2021-09-03,0.0042304604320506645,0.0018143426543089092,0.004311086264728647,-0.01697011789426861,-0.012045481320714813,-0.0066578380495562195,0.011092336548266024,-0.0018478890469142417,-0.002251741528401463,-0.004728892516457139,-0.007984738748661013,-0.00769591806310721,0.007933226290761874,-0.011300136528434424,-0.0030712560210842677,-0.004094535603705651,0.0006288912709082606,-0.006045165399358621,-0.000704364383794176,-0.004377279336467144,-0.00256586271688386,0.00181524645198472,-3.315583072560635e-05,-0.0023217928891857698,0.0006947639779542047,-0.005001343920177037,-0.0020061242686110203,0.0025320844687022337,0.004148585660244342,0.00464439033576336
2021-09-07,0.015489484327603664,-0.02222011621262776,0.008982024369138308,0.0026364289229225957,-0.018013442309964045,-0.010172685061699882,-0.0070016962699525065,-0.009087770533245387,-0.004410568992239461,0.018452942851472587,-0.004024347835320241,-0.002407122394591954,-0.004207940556976597,-0.023778291916883076,-0.010889947268143518,0.0026162488075680557,-0.015539171845272537,-0.0017557663501311938,-0.018685121373470892,-0.011012572752350458,-0.045321191741823696,-0.016567198033089592,-0.003187787001560083,-0.003980798536392771,-0.0037488359421203876,-0.008607109342962715,-0.0038311838229749817,-0.011004703786375636,0.00515288316665119,-0.013266196258335472
2021-09-08,-0.01008374728709227,-0.0021234901388413885,0.004619174430729789,-0.004946327651969895,-0.013349517069737082,-0.007011536108706862,-0.009765925723013491,-0.003396586402978463,-0.0069029702563221385,0.004394154581484733,-0.019072325044796834,-0.012965499254300905,0.007995158234994415,0.006594095275501033,0.004418397115221628,-0.0014910651500903427,-0.0024372258033290572,-0.004459422258793033,0.013472061125316293,0.010288475694158805,0.012447726273406401,-0.008160059166703926,9.978889595907425e-05,-0.0118665091103759,0.007595324484568122,0.005957031425537496,-0.013887522205622616,0.0016418098966111128,0.01246321963687591,0.0012901294370959437
2021-09-09,-0.006704943653729645,-0.023950778640561055,-0.011726004336084506,0.0028944095813203674,0.012110878510070089,-0.006528876580059961,-0.007158477420092457,-0.0013634872558946354,-0.004046144222713544,0.004104660578058583,-0.006755427349587229,-0.0010369186289234111,0.0005727100442973754,-0.0065508980297526165,-0.006706615664381466,-0.0031733705917934563,-0.02228053541029451,0.004353295184144956,-0.009925369433949616,-4.2067141271417974e-05,-0.011389922707774724,-0.020435095353204757,-0.009859695865794382,0.016364749132882883,-0.0042182885415750215,0.0006333889081473476,-0.0020222494123962598,-0.008559678379713165,-0.006984238274013621,-0.007052705489576039
2021-09-10,-0.03310171744373669,-0.008488574431813167,-0.004308001431212238,-0.0042034254433303,-0.017014113060250913,-0.0019959632331136845,-0.013576775033039667,-0.01211610829052756,0.0007293412669036048,-0.009628279199430545,0.0021563858904889432,-0.002718726027993945,0.0005429506902054904,-0.0025118056293954583,-0.0052271605815934485,0.008239677368366172,-0.0065448827848202384,-0.01149542274614579,-0.004475516738887353,0.0023889785936186403,-0.00646020854342666,-0.005012424359745471,-0.005181068456647564,0.001530508071026171,0.000972232955563257,-0.010129173245848055,-0.02224644552694266,-0.003857475368079788,-0.011341101489957373,-0.00361969109974003
2021-09-13,0.003893334673876314,0.013894771255184901,-0.0034532897607970625,0.017200122888488822,0.019876331978713635,0.005804871812649992,-0.012013980231800891,0.0036274630174264466,0.019776988003150198,0.004670847503835507,0.005131722479775336,0.014325328685679706,0.01054395115707396,0.00553127374853335,0.008246864920316899,0.021359794038387392,-0.007007254732640078,0.01588670205413467,0.008271981567276043,0.008487227752117077,0.0036846654972670922,-0.003675788964089932,0.004328752228167865,-0.024879160200116046,0.010754027141765654,0.016244921339727325,0.026268195790947857,0.007191570928140711,-0.0012450816787169527,-0.005689273904799785
2021-09-14,-0.009562106275647353,-0.003137944110141677,-0.002073980962099431,-0.012201863816975855,-0.013567644821370517,-0.018768239903356854,0.0010231295096951865,-0.003958533341922865,-0.01806666553108538,-0.013947480781507426,-0.01762187200090104,-0.013609907876880878,-0.006946052467337371,-0.015250441342428367,-0.01397016045894417,-0.00854724672610363,-0.006031373515342442,-0.017452747409568703,0.0007186843771420648,-0.00033159914716907046,-0.01517011179049288,-0.005790996666788728,0.009428139745764952,-0.004764391504945342,-0.001715872856449585,-0.01604831284812125,-0.00477632325600752,-0.0038445776115231256,-0.0071228404905493425,-0.005239305456131382
2021-09-15,0.006143532148634279,0.009674334234516913,0.007475391332653958,0.011662840743589253,0.012525376020918744,0.016804127991041584,0.007036980684109961,-0.005356837684685645,0.021205632610932446,0.011019940681946894,0.009220434238545794,-0.004310333589542359,0.0007502106055210511,0.006812182865998606,0.007194304621811476,0.011005105633669077,0.0037622011422815405,0.006939905618592146,0.00341186306904806,-0.0006219982222844811,0.009702778083681363,0.009707577424618918,0.016778015945465574,-0.0053539913871867295,-0.0021317202607570307,0.00786732739779028,0.012071442012915323,0.0029404670705976965,0.00349740666395304,0.001732703003262337
2021-09-16,-0.0016103074753462954,-0.0035300435328786683,0.0035819053548502566,0.007995516771691857,-0.004014567292740967,-0.010353399515551365,0.016395642756693363,-0.003995820807057959,-0.009364585423038085,-0.005802359987184369,-0.01212624383971539,-0.013110978233316417,0.00905934252261753,-0.00920211056746656,-0.005612247010929217,-0.00526127152341771,-0.0012091083027211402,-0.0004427951255501217,-0.009484749169837325,0.009253795556322109,-0.008306787286811446,-0.011536976027908818,0.0013124426110859844,-0.001963032343294757,-0.006959822803611071,-0.005774964546803485,-0.0016287862651289675,-0.0025654930365056616,0.0023233375199582795,0.003320475969783576
2021-09-17,-0.018348128429663935,0.009293202985495297,-0.007373319866162298,0.00793199644955811,0.0,-0.018909541013675812,0.000653453802311077,-0.008372658445308212,-0.0057542856828664,0.0007090086435506127,-0.028922110608704865,-0.013159170708455958,-0.002140663751907579,-0.00528093512623784,-0.008795769623247796,-0.01039577863118235,-0.002844839010539446,-0.0025934869773130975,-0.016440822336941774,-0.0029605418255432836,-0.006405167891810004,-0.004029282860389061,-0.0175284399629424,-0.00748734483034541,0.0015961473271144389,-0.0024253925178107094,0.007964848642965316,-0.0027558325129566352,-0.011500927377480985,-0.002068460612398182
2021-09-20,-0.021360846704625014,-0.01946388433252,-0.03084174438431353,-0.02043650696092303,-0.018091491372841162,-0.04470578224254118,-0.008866727701223764,-0.01688647408971189,-0.020462866531611,-0.026489350825882774,-0.02718605421472231,-0.03405214497333309,-0.013286668787782396,-0.012632263466418658,-0.0068032679832391585,-0.023590134944270424,-0.0057053863626644885,-0.02993377172692613,-0.006980087923454836,-0.014021035852838759,-0.005289710840245099,0.0034876328809028134,-0.018574763425421636,-0.013872848385158787,-0.010045730990647872,-0.02322629261975595,-0.017755190518798147,-0.0003686838723497843,-0.00766645915594355,-0.01374976099118519
2021-09-21,0.00342779329680587,0.0011620960317373363,-0.0036057473697842513,0.016814921816310724,-0.004725563213193618,-0.005135850967599498,-0.0009680279825579063,-0.01127212129108035,0.0007384421177452083,-0.041655036799348566,-0.011569999928345287,-0.006056188978165289,0.00908771156156063,-0.0038474611237054868,-0.009976939357971282,-0.002076054238353442,0.004395170467152987,0.00013066983349729888,-0.0001849355121535945,0.005897302945782279,-0.011687836647829353,0.0005560116159988304,0.0016991693009731357,0.004992021658922541,0.0015396158143863303,0.0020309750321367837,-0.0008724395997096179,-0.004238625695776155,0.0005454428958371338,0.001961541106918485
2021-09-22,0.016872549023873473,-0.007986433478903265,0.01089234819407503,0.025846840645507463,0.04062155984770044,0.007954034050344783,0.004651695199526573,0.004705094568782098,0.02941491453128764,0.014488532626160788,0.013866349907854625,0.02562288426851067,0.005116516731162868,0.009865122726687048,0.01248405841505229,0.011915712179814575,-0.0036468419574477995,0.019152776740628985,0.0014800783284252272,0.010935575633443495,0.007958921015758458,0.0009729486037086676,0.012822262111179539,0.015610678514633491,0.003424157891678492,0.009217292663251442,-0.008827500696884982,0.0005553032397567215,0.011718303925477347,-0.002307359987432256
2021-09-23,0.006719124897442308,0.0065998291104725215,0.01063594079605279,0.03504684140522296,0.01898797334824387,0.02754116647130278,0.07211458242953728,0.021073223379158845,0.024785058500499835,0.014972713925593517,0.02007096793090324,0.016576896138176256,-5.944619160846987e-05,0.01234904260414793,0.015598326355123593,0.009906632868871723,0.005673252508875626,0.03380127773395292,-0.0016625072642164618,0.006786389654535263,0.009397181954120315,0.014019802669749337,0.0032820010713887626,0.013592560140680776,0.004108394480146105,0.01062308734933759,-0.0016392511075744576,0.006659096705472933,0.024960643174684938,0.0005607821698079274
2021-09-24,0.0006128865778369796,-0.0066960408823573125,0.0027868730462519142,0.013613426156233732,0.0013115932977272315,0.001017412370251547,0.027964066051730185,0.0007056369132303342,0.005396667624136597,-0.0014184358198332525,-0.01079558434242922,-0.002577459824447126,0.004703593660216665,-0.0023213452892539843,0.005558122443534819,0.003516670553040946,-0.003032777140894005,0.01154009018318769,-0.002775860450609624,0.006700048646945955,-0.002699428296613071,0.00766588886929398,-0.0007007065396077428,-0.06260193064581177,-0.004438566187353166,0.0028203740760404106,-0.0023284871151694198,-0.000918500306306469,0.014366375027599965,0.002801576228972147
2021-09-27,-0.010549889131016732,-0.0023408397449758978,-0.005756835077931344,0.005975174975800135,0.012511876236946495,0.01615666922185155,-0.020831238097709925,-0.008989721992569644,0.02355886466100876,0.012840848919585257,0.05069522336055665,0.02292446877338894,0.011615076030737859,-0.005885233385779176,0.007782676849057424,0.008115140754026084,-0.007239977307110457,0.024165794504659832,-0.0051958152787996426,0.006858111153271951,0.0041427634513095946,-0.003396130990310664,-0.01730469375079957,-0.01036172140326741,-0.01316614998633625,-0.0010865867305340782,-0.0044461589105715404,0.0018392488316836264,-0.008592607487009851,-0.006425936302583035
2021-09-28,-0.023801242012045365,-0.003941677308586078,-0.0263784679831095,-0.0205349755623504,-0.02565132006630111,0.002750164901381913,-0.026458991842766122,-0.012451104140949965,0.0037871457945877207,-0.02098055821172906,-0.0038534923732134185,-0.025787314966153718,-0.022289927753916472,-0.013446398259196357,-0.007866648349883376,-0.012074685168484756,-0.002206363160243474,-0.005389921854389912,-0.018093846862281215,-0.017492136420149573,-0.009571412262427748,-0.0005454701105770399,-0.03620328024724784,-0.018508311918427056,-0.007553278282772968,-0.017915378263438808,-0.016408959802708067,-0.005691501627698714,-0.017595915768768733,-0.012302267061682248
2021-09-29,0.006482955087659725,0.012389911189889524,-0.004475351789266391,-0.009241325876094164,0.031820872815853996,-0.013363437386828991,-0.00653717779512708,-0.0007204286585753561,-0.0002901793039592482,-0.010543218452296887,-0.010763407888010668,-0.011835510995995002,0.009376762262912175,-0.00023288583513081385,0.012439128730550308,-0.00944438001904535,0.007431826314680867,-0.0007826177796446121,0.006079141660582099,0.0020920288527541686,0.004609698060728418,0.02414078100870576,0.0016931169757490316,0.004955272809678446,0.010171373964360964,0.009055911595138522,0.004490641169519138,0.00406207538527581,0.004965416824449065,-0.0004268408264548329
2021-09-30,-0.009311816070660006,-0.01047006054348909,-0.0048710792439015105,-0.023376415420843233,-0.024050400045554254,-0.029817572235828593,0.00266165266374796,-0.01892596370483768,-0.018194090367893878,-0.020326625746118654,-0.02142140126544012,-0.017823263094121966,-0.02573223569885441,-0.01228347094892035,-0.0017963701089892536,-0.003926149945680302,-0.01536398100373626,-0.01361886458065209,-0.009252185736659424,-0.012976884019774482,-0.030185645763328828,0.0002662195570106718,-0.0073241053174056825,-0.0054105114395535114,-0.01563135162257623,-0.018530679952142082,-0.024150363094372795,-0.0068039151058417735,-0.01733715190352847,-0.007547809950758766
2021-10-01,0.008127064871418455,0.005972257297357952,-0.0005418778291703674,0.038261748931478046,0.027552957585367688,0.012293421424737883,0.014895708176501765,0.01304435124147596,0.02838847224983665,0.04043272832217748,0.017720905906521978,0.005211124082089791,0.00487404533161695,0.015875131157217393,0.0315987386625054,0.010885934848563705,-0.006377574477384851,0.021015870850177087,0.010482156063180481,0.0075484213846508386,0.007182785416707249,0.08374406630454212,0.025468487854346522,0.012600800684057,-0.0015737679181696551,0.002697424053901276,0.004325099105153107,0.005369450014288901,0.03461278965986936,-0.01671689386592401
2021-10-04,-0.02460560929933142,-0.011592915887639776,-0.028471678341373097,-0.007358596336836332,-0.009778790769323864,-0.00617470607486903,-0.0159850637001141,-0.009859235322703608,0.003737952646166942,-0.014487826940426163,-0.005804031675033849,-0.01539480784969638,-0.01027681325871721,-0.006677476325550047,0.005511949991895637,-0.007240937236341893,-0.0077896302685727115,-0.001077139524871873,-0.0005656892323619989,0.0006174587375118445,-0.003622480322664323,0.02088426006974342,-0.020719616822835407,0.0005439719926436659,-0.005660056766501498,-0.0068232846671227865,-0.013811297628772867,0.003683146870230747,-0.024863356228057687,-0.00963156850120861
2021-10-05,0.014158520032674371,0.001986197993674832,0.00978753803838428,0.012162702899215061,0.0028151610961755225,-0.003262312073505469,0.0033595643924491103,0.008482221485438535,0.010886206079754102,0.00662973456481164,0.01476642260269645,0.031164039634565377,0.00921975901802674,0.007049214671800863,-0.0066613022094050844,0.008977049219437427,0.002260991370101273,0.01633014086749518,0.0016984369834673885,0.00880357754282568,0.010452129517183328,-0.01805039469450087,0.019956974606088806,0.015767607746999035,0.003890913049861,0.014665311026653916,0.016588667521013623,0.00018350480600304309,-0.0020023066763580344,0.0065572510151470365
2021-10-06,0.006307095689957798,-0.00887378987589904,0.012732016728672857,-0.007782218171078159,0.0025399132379888556,-0.0033247983674553616,0.012878626176826113,-0.013713816322152739,-0.008785088413338804,0.004982486966186528,-0.03282575744519867,0.005805830717626526,0.002670850020786375,0.005284739357012791,-0.005518826081661321,0.0005558769575066957,0.002068044194164953,0.002134567702346324,0.011868737090217518,0.007666762524339843,0.0029235004818763954,-0.011519431294595539,0.015064283116211108,-0.004415867472305268,0.013349619526059842,0.00970005605389046,0.002084279351713736,0.0003668492853878824,0.00994290714542534,0.007319446779013639
2021-10-07,0.009084426728428463,-0.004095528838301998,0.012391203105561077,0.007631487256870129,0.006622472989895822,0.02027533155761163,-0.002506686104639666,0.020022371248247017,0.0071476659644473806,0.012708195324121041,0.02361808397118592,0.00662310757418294,0.021552499606161124,0.006962909787069371,-0.003863522701979316,0.003705296464765251,0.008942418354391135,0.006330534904514629,0.003165197569590328,0.004937147585369672,-0.0033634830000646154,0.01586882485622021,0.005936416695314861,0.020497098434249406,0.008003295360617724,0.013863119958386516,0.02650603610864155,0.00018563482089084538,0.017835816431988283,0.011771423223220667
2021-10-08,-0.0027217089854286725,-0.0008129338943810849,-0.004181805261295635,0.00493407942206292,-0.0003973699204714576,-0.0030140926222013142,-0.007647849518309768,0.0010906412589188896,0.022426139736973383,-0.005458389404249142,0.003418015863094981,0.005606308033080376,-0.009304450272904718,-0.003068174733957596,0.00994291991592422,-0.006829107130380652,-0.002541551047160362,0.0007642939024339324,0.0044543252579576365,-0.0024967344327866403,-0.004780176052092133,-0.015987363609913596,0.0,0.004149052595437963,-0.004145645936795561,0.0005724665637316662,0.009290708708527884,-0.012244698423567901,-0.0012144864025558366,0.003016488706642173
2021-10-11,-0.0006296328564631137,-0.010768202512070557,-0.01286860335091844,-0.009648857456701077,0.00026501859073069234,-0.011631282759379413,0.004661029341914924,-0.0027232798643958,-0.008514611970265706,-0.018218876421175034,-0.008175658271594166,-0.01927140465031696,0.00786616347017377,-0.011070298841227899,-0.005515865212379234,-0.006876141479277842,-0.004225216099985385,-0.021031534850478928,0.0020325956466515915,-0.0045215671489716724,-0.0037867011221371927,-0.008681474932486943,-0.002102799256400778,-0.014428130746553802,0.004162903862277467,-0.006991802645043621,-0.008495225630748449,-0.019910089718334523,-0.022408434873966154,-0.0009309331668864163
2021-10-12,-0.009103036541385778,-0.023270284343778536,0.0003172745113595443,0.008359131749349435,-0.01271799365350268,-0.015397320065497433,0.019177869506989964,-0.011833313890729169,0.00018667328813615214,-0.002247490564724952,-0.008414964794246083,0.003348575764666295,0.0024631761157338783,-0.004459039665208553,-0.013761060720089535,-0.023765021847811596,-0.015974773452213542,-0.007681233214606231,0.0,-0.008354376622228932,-0.0042545066014116895,-0.004253647415750961,-0.004588182091248338,0.020428262028424404,-0.001475582124414343,0.0016002056147919053,-0.004321090553477291,-0.016289814305909256,-0.004708716156496262,-0.001074867576297267
2021-10-13,-0.004240142514829293,0.008519369227643514,0.011378601203982708,-0.035389511234863225,-0.008006478893772262,-0.005160363544026492,0.019390814793295963,0.006263707503259663,0.005973107473443484,-0.0009820301827688782,-0.014374762388993712,-0.0005691016205210397,0.0014210186911431943,0.00583201558419888,0.002064237501584243,0.0017251644903972796,0.009575531666763393,-0.026366594509716013,0.00018443564450065786,-0.007647520634532334,0.009343085557272701,-0.008041301356512709,0.011711156243509935,0.01923713163227636,0.0023223703332706513,-0.0005753530054718459,0.0007687838658065882,0.0003896885273180217,-0.007096841148431898,-0.00724650897949064
2021-10-14,0.020225747930496363,0.015568916736201421,0.004743759227551214,0.016536158509394605,-0.019568925790325875,0.028527554671675226,0.019724855533515884,0.01885779802044496,0.009462632018870432,0.008383454576369687,0.03215607928902342,0.01265840584890432,0.017056591610286942,0.013962438362967733,0.01868437997836203,0.031381548461980824,0.005715664767627526,0.015341253052637782,0.006821582673945059,0.007830076298861233,0.017779623620020057,-0.007852953452125333,0.021734188024709056,0.005374358499670162,0.011302763545097072,0.0019186644974709122,0.04165532991726506,0.011100284684719242,0.012226789741846655,0.010840447206394765
2021-10-15,0.007512456821795466,0.0051261891618294975,0.03308023939004423,0.025071412418954386,-0.0018396300164742474,0.024134379609130896,0.0056548459670866524,-0.007187955197526019,0.007352394485566682,0.011753934798427679,0.0037453931894961823,0.038011015295743134,0.01848592191228393,0.009744265667296359,0.008508053869195065,0.010389659287285635,0.007432699065849091,0.01920836419908345,-0.00238074123593901,-0.009405006437240737,0.008984202086405713,0.0,0.004822264827963441,0.005536300106719683,0.0025686402569897737,-0.006701195227561296,0.01834146055615049,0.006741137446821588,0.025801816272576605,0.004861799956500601
2021-10-18,0.011806237459137892,-0.02266143272147081,0.011064772529006062,0.005744936104929099,-0.00027643549783307186,-0.004220769599337815,0.00013735933509195775,-0.0010861009943408106,-0.0004561655368715556,-0.030148573091510533,-0.00016970336706945144,0.018765098603869657,0.01312727124249724,-0.0004079211780148029,-0.015835505422900353,0.00018358247899152857,-0.007315556938201295,-0.00035978107408496385,-0.009911915289070872,4.129797523311218e-05,-0.001209624724093028,-0.015064486387973863,0.010124647965005673,0.008986536383851718,-0.014402662165023505,-0.017733058084192677,-0.008059454662238896,-0.0068872911441707485,-0.0014720801935548256,0.008039736334821024
2021-10-19,0.015079859946342422,0.017968581149739205,-0.0007514424560826072,0.0027711690745060302,-0.004654781669846564,0.014936083213995088,0.0021938472316525015,0.00996595525346411,0.019532679272172837,0.0002338064613629509,0.004071268424229668,-0.0036983684764376745,0.008394140890804147,0.005212545381295897,-0.00238887229071838,0.013585499250788002,0.02341997657031758,0.012128505550350388,0.00389324978907557,0.002105138081886171,0.003246876592025494,0.03033045533674672,0.003059103944753172,-0.010098064062525558,-0.011802700347072204,0.01641781811354104,-0.0005652988871295284,0.00847619963933166,0.012443260824710034,0.021245207167833957
2021-10-20,0.003361123853764303,0.013928027036877566,-0.008446195751808605,0.012915216994054957,0.0009260404089075358,0.015163682607456597,-0.007696629961406964,0.008252359457619374,0.013070674840229835,-0.0036803592734278023,0.011826275263691732,-0.010360065106476024,0.0006705327107734416,0.008386592148626137,-0.0005637474504801565,0.0028978677529583052,-0.0005491029895291488,0.013465851461561096,0.00886423127092173,-0.012563223711859695,0.0006036438781009679,0.019876622945423472,-0.0026601208428244094,0.003991585924758567,0.003910214357276676,0.02123706892869648,0.025236949284046295,0.024068681155427596,-0.008992732835138795,0.009053805611997312
2021-10-21,0.001474136909197954,-0.0031956980065384055,0.005841756945129006,-0.011859708684406334,-0.00846556805549159,-0.010040092379202559,-0.0009651220809155925,-0.009074843409547895,-0.012548825052927648,0.004632049161149565,-0.010519219964215232,-0.0007354916244600718,0.017837752555426523,0.003934919860936192,-0.09563051497933439,0.011378085365522539,-0.0023201303304694054,-0.007843369384252452,-0.0051251180261492335,0.007008197155380147,-0.0016448275023150938,0.001233771096620817,0.010897256218116214,0.023540580945084377,-0.0071965362209617245,0.009452289781413992,0.01652519305390654,-0.004103614490479912,-0.005098970260556279,0.005548095043205414
2021-10-22,-0.005285116245524857,0.0011961264528601578,-0.028954833317208384,0.054150068882785174,-0.006391691427612978,-0.001890171550504527,0.00948916141060141,-0.010414578844151423,0.009486562664412723,-0.011205781422634953,-0.014512422289079674,0.016511845124535407,0.003757280795066542,-0.0317121286787172,-0.0035067155225736446,-0.11678569917720538,0.001958192950378468,0.0134512289498121,0.0018396464614263142,-0.012261879015263322,-0.007248105125954529,-0.00024638576971947046,-0.0051489142378728925,0.008015888722683773,0.01076578978539322,0.01360892374994127,0.015555775108449188,-0.008615981299826436,0.004299804396976414,0.010421647619379915
2021-10-25,-0.000336081725674231,-0.007694439325876323,-0.004550989805058192,-0.02549724474907067,-0.00046957835818384197,0.0077747829674896796,0.004648353390995341,0.0005443124558779378,0.009308487115964104,0.015287454346115226,0.005308178478241388,0.0010377673906345475,0.014399437799584858,0.0006441078019858715,-0.0018766816784415719,-0.0010107058620688614,0.0021989517089153754,-0.004889799388296923,-0.0040402359320855785,-0.004613249998660196,0.008849714932905206,0.0062843855110072955,-0.0033314766078136326,0.0045263006200304545,0.00014191604758084786,-0.004865665370082373,0.0007347458198796453,-0.006612410457237483,0.011460497191779995,0.01159481719889044
2021-10-26,0.004574998134292629,0.005057074780558279,0.01677526160393561,-0.007459606148036313,-0.014374959500089157,-0.012709440763421953,0.004048739994407136,0.012150742409632986,0.0021958852305228316,0.00017442252162491734,0.0,0.006895586889879457,-0.005548774835812953,0.0035856396361366727,-0.00399568787708815,-0.022870091639795476,0.010177659138398187,0.002690907642281193,0.004425576822677968,-0.003876384721672732,-0.0013158890755464725,0.007225194912582111,0.006425781718670587,-0.0026182012709239366,0.014199722142118176,-0.007117303604872283,0.01145733586935127,0.00950946506793815,-0.008808141622151933,-0.008729809280764833
2021-10-27,-0.0031476979363489477,-0.010063175191504237,0.004863638245470758,-0.01613715031553442,-0.015251880203413726,-0.017581573262744787,0.00013575353521777522,0.006629787234042617,-0.017791376858428465,-0.014473273661154806,-0.046158937519651055,-0.015851845432108713,0.008450691291213897,-0.011909321083881874,-0.015417271130793275,-0.00807781466568791,-0.012126395798683132,-0.020828638115970688,0.019276359941492016,0.026689818576598467,-0.021519389300901914,-0.008632163570026719,0.04211429507670217,-0.008791661116940741,-0.0071405441512052414,-0.004051489798774233,-0.002551312829887964,-0.008477832220820991,-0.06919163182441179,-0.008201776344872846
2021-10-28,0.024991620092408517,0.0028558545271510916,0.01594115275917063,-0.01921016227691308,0.006001672181893181,0.040585221808621785,0.010943682383613096,0.0010680448154556377,0.009369201302962704,0.0007666743613519156,0.010178494996538223,0.009318844934106396,-0.0020144010414674396,0.01279447231921016,0.005352845104773074,0.003967457782845241,-0.0054355947458976095,0.015075010379716591,0.009366414526376543,0.011411790800714305,0.009145038304752662,0.061442356143130095,0.0036512825687335937,0.012996521910518588,0.005992949077120668,0.011202938933390527,0.004322126882840394,0.003230011052567594,-0.027527754878074795,0.006236110624478375
2021-10-29,-0.018155732906300792,-0.0009652908496297075,-0.021511245053778105,-0.004753475065804813,-0.003945187876541856,-0.00039209614258772785,0.004390189718432191,-0.004800920351710203,0.012110688636216338,-0.003594893035456237,-0.01060629923757661,-0.0035437506742186375,0.00045732818690091825,0.0006408427069442002,-0.005880401631280896,0.01913455034857603,0.00018439283754179137,-0.002758729305657792,0.005888404383015411,0.00020375630745639306,-0.00661614589193793,0.01733077398176852,0.02241377311584447,0.0172076520986566,0.002172993421965197,-0.004270707787710548,0.011044202847162898,0.0035986406568975227,0.009197428926996043,0.006533842423526837
2021-11-01,-0.0056073133054934665,0.013625127720537034,-0.01610709978002456,0.002474511641807897,0.036468159669007516,0.006715493452769339,0.010243903645671182,0.0023224710647755664,0.0003495044633510247,0.006624330442405624,0.026263992610064735,0.0081045301965601,-0.014149533591643948,0.005214474368983035,0.00943219974340792,0.0112245881187516,0.0008596698439502504,-0.0005300037327734541,-0.003548062366963034,0.02048446460669351,0.00503704953374684,-0.00238530135204007,-0.006784811139717184,-0.005738386416889396,-0.002447707473592353,-0.00478614178555703,-0.013812124826711791,-0.0007549616322372055,0.0032580849946730606,0.002476698215335249
2021-11-02,0.007115723540121355,0.02130694285599599,-0.0016154097805501921,-0.005969931313346111,-0.008435071037136144,0.008472139048651295,0.0006276432790648379,0.0270944939101736,-0.00611173630913342,-0.0021152698162009154,0.01793194978311008,0.017158580577644855,0.0022100660929011973,0.006507077931477756,-0.000791845736241803,0.0062564156658555525,0.015764553851368435,0.003946004596403041,-0.0012459968005251731,-0.005347482704708528,0.013309118186079827,0.013433832477363294,0.011415836351491127,0.009018069246703897,0.009954790362502353,-0.008056890799775784,-0.004558208916465967,-0.007176513606624746,-0.015626473677997743,-0.00046760785206201305
2021-11-03,0.009798799209789655,0.018062381975858743,0.021507811127532195,-0.003233963037477583,0.0028669483390639794,-0.0172362567540425,-0.0001981056491411337,0.0005207515248599748,-0.007203832100213359,0.0014721482300976696,0.009919474774826353,-0.014037943066895653,0.0045745120403564155,0.0072786381685914225,0.0075289086872525335,0.0106296926669176,-0.0032004363046331807,0.0003519339338913241,0.003386695870139844,0.0046541210684030165,0.0014288067325345377,-0.0038192994731768293,0.00261143808363018,0.027826001190368377,0.006872322601886083,0.009003778720295896,0.011702338264778067,0.007038282842326105,-0.004972613940357418,0.003072568106126994
2021-11-04,-0.0034983918458396657,-0.014670472005968271,0.02748232410840923,-0.00046317424713926414,-0.0016402947582078165,0.00019604200738276845,0.017002831442730404,-0.00919345748017486,0.004424334166960531,0.0011757669689371752,-0.03183745855564912,-0.0235224065979438,0.00869964817308766,-0.0013914326933764931,-0.0056704849555939685,0.0053556026458452255,-0.002786815566037215,-0.01313557558042433,0.00550703541223152,0.01222062884479902,-0.008890035082707692,0.020974365341231094,0.007305885444821136,0.017043538183028062,0.0018614451883796068,-0.02340074349180643,-0.0012462717494117204,-0.020589532212217265,0.0032675495853526915,0.007324620172562302
2021-11-05,0.003582087948010404,-0.005396824622707519,0.01207642928374364,0.024111599549994533,0.05365445242485323,0.011248274954019699,-0.002564605476319093,-0.0008753149100169111,0.010836132854088909,0.03141886559102658,0.01994055027055075,-0.002425818711735195,-0.010156414615289266,0.016045811940840204,0.022838110794916044,0.012124813744567753,-0.007108462805408999,-0.0014261737583016743,0.004240496326645582,0.004931741596960304,0.006588622811285916,-0.0986304026709659,-0.001129831225942901,0.011798924601368777,0.004954514162910595,0.019808336314339536,-0.0020798548963794072,0.007521799295856724,0.03779096198365606,-0.006940792924595485
2021-11-08,-0.0055524998967620975,-0.011227082096245011,-0.008527948857282919,0.019016307987053116,-0.007930205759794973,0.04065473897821459,0.008820151545554822,-0.0012266203861857061,0.0035733496269707565,0.0070603919799865356,0.004458977951814713,0.0030950270640763833,0.0005158382592589383,-0.0014595439751249328,0.007523683908301937,0.012372288677527488,-0.003426473975491673,0.00601037797941939,-0.008972623655453482,-0.00632100936526514,-0.0014300253432661947,0.013111103853314043,0.0027674095380618713,-0.031885741474740326,-0.007463820275534938,-0.005639391069688804,0.014940525639514757,0.0017229073608620027,0.017630551430869668,-0.006390349946277074
2021-11-09,0.00245964884556904,0.001608560696883199,0.025007238016599764,-0.001055252883816138,-0.008487513255850732,-0.020723275250118633,-0.0008065895998572437,0.007719427107468091,0.007381720842553063,-0.009950847106810379,0.0037560986193052592,-0.00732228218736064,0.0055886014459571864,0.008948401644281123,-0.01668014696848774,-0.00678957194005303,-0.002210215953800332,-0.0075714808494543595,0.0028406499936250995,-0.0017780773459992183,-0.0011567835582969588,0.0004837719887380576,-0.003085979001803185,0.01146358010692694,0.0030354032322239544,-0.008191415674066449,0.00373939479893326,-0.0017199440565867086,-0.03220121348364058,0.0034838367911915746
2021-11-10,-0.01916364122819114,0.007085048723531884,-0.026334994227121156,0.0085066380582004,-0.010371816458027094,-0.014965944727076796,-0.03241728699900637,0.005745013791400799,-0.015948450060879193,-0.0037690954331502935,-0.0005102523600100106,-0.015369476794514836,-0.005584527134137152,-0.005997105681790127,-0.005213055571820058,-0.00859374359849363,0.010830321073802773,-0.0009537064264532047,0.0040713883576160015,0.0018999054373114443,0.006011363205070452,0.01559473444735926,-0.015329992694763317,-0.03198703268177738,0.009835790898423236,0.005209579664223085,-0.009583129966641346,0.006891437657689847,0.011947853255539487,-0.009012725140330802
2021-11-11,-0.0003378654842498552,-0.007738806294844247,-0.0027425987825921982,-0.0004959820138039639,0.004027482301201424,0.008999859851774428,0.01104547662684996,-0.01748310681396814,8.779525923086062e-05,-0.07073654072641966,0.01565685546535156,0.008067762398782818,-0.0025777475161480323,-0.019520017591420524,0.00041580242436212167,-0.004531059012183869,-0.007366088557045569,-5.951755234578915e-05,0.00035260152644300824,-0.011732924225810959,-0.012115191753743426,0.00011892461869211779,0.004927639973946185,-0.007666686549035351,-0.0028605581183421824,-0.002464554657668483,-0.005457652269360125,-0.002851858860557388,-0.023844980488474277,0.00040425388938403195
2021-11-12,0.014336849213970826,-0.0008033929292503572,0.015162029225161966,0.0032539971420098013,0.007202123237706637,0.0035485398903589704,0.012113017311170093,0.0010569790361514286,0.0006130828398296373,-0.015298265599240302,0.00636727237117074,0.00638770363674479,0.013601004731490063,0.00624400393382607,-0.010892095646066302,-0.004353804931501282,0.011958871622340661,-0.004474950303440806,-0.0022912929341635246,0.002038725158246102,0.01914422010874195,-0.00023802829633945422,0.012905038515984346,0.012696727854787815,0.0010928294698675511,-0.0025981655357557587,0.0034979110145703096,-0.0020970898043823905,0.007936440912620135,-0.004983266967216959
2021-11-15,6.678593270148525e-05,-0.010637957627175343,0.0058238044631160335,0.00681751577674361,0.05489676527631171,-0.007454454013441358,-0.0037828561021885365,0.007919884513178266,0.02267326286949123,-0.007517402227492975,-0.0023310418608797345,-0.00024719175741261257,-0.004159928695255499,0.00035991924683420606,-0.000756371761790442,0.00019866156065573293,-0.009029782617158366,-0.001797842548130868,0.0001766816222419365,0.00905558577370913,-0.0019054847797024266,-0.00369031699312794,-0.001930189433327234,-0.0014192044014703642,0.0057313813849666495,0.00406571591615057,-0.017843297897849886,0.0011460273746832783,0.0009899993163724474,-0.005752616987670711
2021-11-16,0.006666722750640508,-0.009691398862626377,-0.001404486161877938,-0.012068017676567067,-0.0312754446808825,-0.010976772874463858,0.00523744432453821,-0.004714576606818288,0.003938048634947178,0.0025247476731036222,-0.01769016121979805,-0.004248673322253316,0.05726536482490907,-0.004944355793320199,-0.0034493540306099746,0.005763146984932854,-0.0051980225465178,-0.00720442464208626,-0.007064562856408885,-0.001897793430413408,0.0003271344646627039,0.005018303443745209,0.010235807075246406,0.017648657742308504,-0.0014248240233420972,0.005883714546205621,-0.002617732189124866,-0.006488282631346598,0.013565917025117447,-0.025457766902249657
2021-11-17,0.01649019371358107,0.00209355720843285,0.0023441312596286235,-0.007240684777444106,0.0036314971405988494,-0.011926439215308893,0.003028386445767861,-0.004210493302913454,-0.00448511605444657,-0.00944403390695503,-0.008834460046839632,-0.02862885126704806,0.006423131639199164,-0.00397552133729373,-0.003376444697557157,-0.007508454427038069,0.0037497886265647207,-0.0053822235281351105,-0.005514123054028763,0.0009112396502337639,-0.00016333836014836844,-0.0179525289543222,0.0006784699339632549,-0.0005235847826653428,-0.0006111144581024686,-0.016164261271886526,-0.0014900627031324554,-0.006338976318399636,-0.047030289973093664,-0.008591195609887747
2021-11-18,0.02853597108209316,-0.008745530393325374,0.04143700734081479,-0.01892997947887698,0.0027800057205309425,-0.007685293396193171,-0.016330265955718626,-0.0551443475508957,-0.008404270665211322,-0.011123086362875179,-0.006170756006980693,-0.000459745516722454,0.02785880744705871,0.000952439729447585,-0.01185834971287214,-0.010949521331013679,-0.0053898874940565555,-0.008633749889243258,-0.008942902541987152,0.0031261492828940085,-0.016991017027502275,0.005447811795771029,0.006339997330742753,-0.0022710362571759513,0.00013580926558720563,-0.0024933391619091916,0.0011581945327585608,-0.009472236223423303,-0.008436683272187384,0.008595197009369615
2021-11-19,0.016975917026846643,0.010097194026565726,-0.005273114275827329,-0.015152520320514506,-0.05773375189081409,-0.004865600694695549,-0.006006510221537198,-0.007085670633101726,-0.022192980868743994,-0.010155594978428995,-0.011038403619874959,-0.010169369485038215,0.006997604587723361,-0.01001354381758035,-0.005229045086977524,-0.003220631780642358,0.003017685480638299,-0.013063567676359744,-0.005053206459198489,-0.0060357374881711,0.0025727733085385562,-0.028296036174120798,0.005391755789136754,0.02060109171152713,-0.0020391717267800313,-0.022431274280563684,-0.02106934503471114,-0.007416108432368618,-0.012147648997933191,-0.005378687668871507
2021-11-22,0.0029276264654871653,-0.016255985898235514,-0.02828730052206352,-0.015212475230387712,-0.019754405687531285,0.009678828124479733,-0.01437734397331114,0.02535206402266854,0.017871396544053564,0.0010389095141658533,0.025287824356429844,0.022638329155251657,0.00024472907495898255,-0.0016019569739381678,0.0036192450435450496,0.006260078564525928,-0.013162030434618055,0.021315059936836356,0.006167183715366287,0.0060723888330938,0.002399578249471901,0.011648006894079632,-0.009559718503261871,-0.0036596794384653464,0.006674751313793692,0.02845297403574598,-0.0055908834206260805,0.013369976015537688,-0.02628711413977869,0.01678494685361942
2021-11-23,0.0024218760657750416,0.008878829726505444,0.0020909577736383245,-0.0002927096938939444,-0.003668361296149447,0.014576489282881466,-0.01825883384210425,0.012820629418771157,0.02098175657875423,-0.0203035626163115,0.006633858168653584,0.025696927977931106,-0.001027444751207085,-0.009810266276231938,0.0027474297693250715,-0.014649915746022257,0.006199088849524914,0.023912237304428485,0.007391493566334839,0.00856098163800123,-0.0011132873119337194,0.0142086407117199,-0.00632675076409106,-0.011994825350918115,0.011096377445330985,0.0216103130914016,0.021918053118095138,0.0040746203115187285,0.014878908508570543,0.0071142761703730795
2021-11-24,0.003283523574048708,-0.002737981119246724,0.00010331533981333685,0.004448683018346999,0.0070291263155990436,0.008474202948695275,-0.007720926515421556,0.004339851100473968,0.0076523154689620565,0.002052599875389971,-0.009293661255881824,-0.01759613759298584,0.009158461956902508,-0.017546312084535276,-0.0005136933904529295,0.013442155248231558,-0.0028005241481151577,-0.007844118777456166,-0.008053064053432424,0.005710834089581951,-0.010197309987771574,-0.006280237958730672,0.0006811814130969207,-0.0006971307570663443,-0.005219877343852097,-0.008049452583178907,0.006776651449365234,-0.0017391240375091988,0.023981049037200775,0.00500679128988013
2021-11-26,-0.03167831042341096,-0.014119729510156498,-0.021184701669844985,-0.08618379966708634,-0.05408356628465594,-0.040276289114880126,-0.017152516483252334,-0.015664253003952355,-0.022868677551784233,-0.02134267159709824,-0.017567821886401602,-0.024549629602034884,-0.022833777553124324,-0.018849036516846662,-0.0078816497305646,-0.019694685223022312,-0.006490170959295272,-0.030127050217970353,-0.030669341294594865,-0.027614590919364135,-0.011878481630376858,-0.037919465822640386,-0.024355469617756365,-0.023309843608189995,-0.008004542550472005,-0.03340264209696919,-0.02276974303915047,0.0027100063398652896,-0.027552430455080712,-0.011191686576931814
2021-11-29,0.02187351908241486,0.01183556747495973,0.016267432688752415,0.006631432460776798,-0.003564111690870009,-0.01413968116740083,0.04408687261016153,0.019937856360363604,0.002969216129917074,-0.0020255793052418314,-0.0007029245382552674,-0.007319131556990821,0.010230794864295234,-0.002641493716357024,0.023227806095349246,0.02501039640576108,0.003454754781376357,-0.004322717639045126,0.01581985518520357,0.0011600644078197941,0.004044874988239577,-0.053941270415202136,0.021080853803614463,0.011010526170847745,0.01051056084316726,-0.00819985368395193,0.02748298638940927,-0.0027026820543633034,-0.006880701097780606,-0.015666097366602183
2021-11-30,0.031577471638103205,-0.022558717435552267,-0.015302274022490625,-0.03522102472386046,-0.003274528445765146,-0.013117475174683091,-0.03969792800948568,-0.016499343357682883,-0.01723998084880274,-0.019687438847236338,-0.03394299963708369,-0.014358222576297264,-0.01526470144570502,-0.02610063581747435,-0.011814471332566079,-0.016000098054635536,-0.023912416892396315,-0.014885497513170698,-0.031572999197623464,-0.017355142003181334,-0.03512449577133969,0.00026716316912045457,-0.01794247748640787,-0.0037088207860467293,-0.02979460741146056,-0.03576121865186954,-0.017212496506974984,-0.026906706235390376,-0.012838171882394334,-0.014022227350506733
2021-12-01,-0.003205970378820422,0.009654038293146927,-0.0180634873037836,-0.014707636834635829,-0.04882488432704535,-0.009723312465425127,-0.11741994478984663,0.0034646261995723293,-0.0068220136859693525,-0.018978555203767455,-0.03950493514042219,-0.006622769737711032,0.0036597516771781358,-0.013943796524897523,-0.0015370007465650426,-0.012195051606410101,0.013788113144711955,-0.005918310909886038,-0.00286004677170959,-0.0017171298295900472,0.004057855806229416,-0.006274041315393997,-0.0015427979261957159,-0.015008053867531457,0.012588152078638393,-0.010003300446672525,0.00027017831621400923,-0.00994624239888886,-0.01863023917652984,-0.02481695048928123
2021-12-02,-0.006129911230549956,0.0018428059518171835,-0.0018468889124809706,0.04471542624609448,0.07540253072595804,0.02778493656947245,0.03856858729717749,0.02035260768644198,0.027118616413248642,0.035525822094015336,0.007960587726063562,0.02937745091311017,0.018355483464473465,0.02296674367149687,-0.00017101527904606062,0.01851853732524056,-0.006262618457773206,0.02102723600312917,0.014722763356257884,0.018920712357509917,-0.0027529111376652926,-0.007388414948510946,-0.0017872166804342449,0.019796007666009974,0.005874451554630511,0.03216947406551074,0.003780885004863288,0.01928872341721166,0.04275333572658324,-0.012177364241892419
2021-12-03,-0.011724592467074246,0.00631295516057917,-0.013839076006382012,-0.005294099727648494,-0.019221263443989556,0.005132535523116877,-0.011026097128563728,0.0014245898277134295,-0.006340062977797989,-0.006657544068948029,-0.0020684411769978928,-0.012411767038400967,9.812241719653336e-05,-0.0024510490078466507,0.01659514080679214,-0.005050551632112654,0.014577751063452382,-0.018113131273023053,0.008856285100068195,0.002130172742593306,0.013684890349941803,-0.007443645717168823,-0.019666726366362797,0.003211648611465945,0.017791409061324925,-0.006659786986265681,0.010684421966918434,0.013601237025486546,-0.009934944209173402,0.015058858306222334
2021-12-06,0.02150297913417254,0.0313674434908402,0.011086219388703134,0.030396111825239158,0.03723109066014385,0.017593272682232763,0.0016645907610011168,0.012982223987403785,0.015645543023284247,0.028381897417273816,0.015262933811357682,0.017166254492187116,0.01934742823608282,0.013513502978983682,0.009003831763278791,0.03532996941742783,0.02233647089012636,0.011813763666003174,0.025588419238220084,0.025909393009214243,0.026710900501965007,0.001090644001351171,0.009844474488437838,-0.007812592546454278,0.0151452212318266,0.017833446742552495,0.024014142285676776,-0.006806590137707125,0.032396036609249945,0.010835526561358888
2021-12-07,0.03544628561235075,0.012117237821069438,0.027986504263362688,0.03902149739955085,0.014328720022720676,0.015947987322941337,0.03184534921025728,0.0196631483446017,0.014802148699253559,0.002926178113085154,0.018188443705084767,0.027767690092902475,0.0011546821687784536,0.004363793054970477,0.013927132661342378,0.03098646741284683,0.002577602881962626,0.015047980678684514,0.005463438843857915,0.016106910205654135,-0.003668503919005639,-0.015526910198732202,0.026763911925800743,0.014090400711115558,-0.0026283783806415606,0.008365242663185724,0.010040995355770965,-0.005482727177847702,0.02314002289794659,-0.0032375072187249554
2021-12-08,0.022783135565208168,0.010458359099788206,-3.689871657430732e-05,0.01185961895770693,0.01053487012858434,-0.0014668599705467411,-0.002546824833427941,-0.018250710798962344,0.0044944317434267855,0.016775837839125396,0.0009114163721331003,-0.006972951966003227,-0.01184585637201363,-0.012068716112497158,0.011844242240172331,-0.015598297235240977,0.0059990838496042365,-0.011441683063316166,-0.003803618525440089,-0.00126972787575097,-0.0028886208718984507,0.012866434653799885,0.00014926226302502954,-0.006071620973164604,0.0044804997955878445,0.003853930422671903,0.008886786542117386,-0.005906488991008763,0.0078120189293298115,-0.010104483859798008
2021-12-09,-0.0029702912150707528,-0.0044958023248974355,-0.011279643604146683,-0.0053867587507463455,-0.016443165619937194,-0.0002938675127124313,-0.007472432898886439,0.009294806358453256,-0.002617104943751003,-0.0026083513893094823,-0.009470064165107539,-0.002089140337919293,0.00021880456515810387,0.006596650022518746,0.004470522086475137,-0.024541001706887777,0.009492587357692095,-0.0015551992447415675,-0.002545505671410986,0.010632481116678472,-0.0005679695839391208,-0.004780621235069615,-0.005582799568908281,-0.012628375299594152,0.005838989960499141,0.0045155556860771995,0.009512530429331534,-0.006536088431311038,0.011483965797091544,0.013909300258529322
2021-12-10,0.02801334164992486,-0.007903511229098492,-0.011247564604614624,-0.005892143193396482,-0.01204471010505892,-0.003282162325506266,0.006469239879798083,0.029539620605217642,0.0016928509869171826,-0.0015038085386015476,0.005331912406145944,-0.013695024494888797,0.009870154559612043,0.01849519067370964,0.004208196667381259,0.0021789771037521444,-0.0024714299083348212,-0.003988852517387564,0.02588396293576034,0.010025235824162149,0.006593109985512546,-0.003294144988884473,0.028339904249390147,0.005710743632143966,0.01395790899609528,0.004951521990032903,0.010373579224559615,0.000598117243962859,0.009508370773418928,0.018266822958538986
2021-12-13,-0.020674205763483333,0.002371006781628049,-0.015356076499860039,-0.02233123894535416,-0.03735493881453211,-0.010862227026197102,-0.0010146733446160239,-0.010801675918822418,-0.020787499316230584,-0.014930540214593502,-0.024872202041560376,-0.0164169606949518,-0.024458479815084866,-0.002764338852629722,-0.012168491075139065,-0.011662258648075574,0.01788627409718324,-0.011888571723487118,0.026297236360309117,-0.007095124779030737,-0.01422929158672892,0.011016254384749624,-0.009166714316454772,-0.013131400876119304,0.014215538647740944,-0.006936777971553454,-0.00018822568785670235,0.00179307952150487,-0.011152688383448961,0.018010433032310313
2021-12-14,-0.008023114967781964,0.011116684082201234,-0.0028071293797337082,-0.0027556135594896114,-0.0096250960244747,0.0019376343390589135,-0.03826771278323693,-0.014332023177600406,0.0029338802626510674,-0.008841169892471301,0.010502942748691346,0.010867059879991814,-0.007501528309745709,-0.012187489548339148,0.009626343443566832,-0.006000170443963726,0.010923239133461271,0.007662300770854946,0.0006925346903619012,-0.0021664377943291235,0.0008019778099372932,0.013612087537529849,-0.03258704123638334,-0.00863095516605683,0.0036785339304405973,0.023175081227646777,0.0027606851503081398,0.007359141005800485,-0.004928370469065246,0.009542514738334562
2021-12-15,0.028509001219822805,0.025779109087308738,0.024977573145925636,-0.003745884533111754,-0.00035809373001916,0.004513274965369796,0.017410921135605495,0.03738972853927236,-0.005678791517739645,0.008719019470909029,0.002969472869213785,0.002803476675899308,0.013948114762610375,0.014902021720946346,-0.0052521153240443486,0.01951728246681217,0.004991530677644462,-0.007478222485356789,0.004498285850270234,0.007618486002424429,0.006066947605631645,0.021296824624885025,0.01921785483503924,-0.009068924891107444,0.003854841959530786,0.010464309319059284,0.03111832210621701,-0.001974699594151086,0.01109610457926724,0.005726392440143835
2021-12-16,-0.039263648030222864,0.015188172043010706,-0.025641174633125208,0.004684673327115085,-0.023742514268760173,0.017872018242693022,-0.02661152198860084,0.006340662529093155,0.009345766838417369,-0.010970797224210793,0.010362650200666623,0.019132739459595705,-0.020303469069549607,-0.0007147785636009152,0.022906400723399667,0.0031576251574245706,0.010926465036655175,0.01563902457638,0.010161698175842782,0.003893627123474186,0.014392824639019475,0.008234784060683564,-0.029134814845532597,-0.007199627858313851,0.014163446227206888,0.023047394633740392,-0.0030745701644583345,0.04352122235601663,0.009703006480991094,-0.016669948988500383
2021-12-17,-0.00650196187524632,-0.0003594430827171813,0.00678920370502567,-0.018343928535703657,0.00964417244839555,-0.02328186950524047,-0.0007505489697355872,0.002487192807810734,-0.02606299838438486,6.719730841187044e-05,-0.009157389104270663,-0.039182793911326064,-0.02890892637292275,-0.021182451634474297,0.011672920413854149,-0.004131479408348349,-0.027628358415558107,-0.022754461530101744,-0.015686152649178275,-0.014497968203948663,-0.01996512242900461,-0.0028982021416710246,-0.0033855278996621774,-0.008357749498392075,-0.022655093107108892,-0.023639385405915703,-0.011646396362229305,0.007962215775734194,-0.01161557779397182,-0.03202184232314331
2021-12-20,-0.008122155766243533,-0.011280900503658153,-0.017283556389377508,-0.02574809873876327,-0.021543939417943303,-0.029348865537527802,-0.022615020202678915,-0.001653705203104372,0.00044008689664143397,-0.015393868930587806,-0.01090572399070644,-0.026689311059761467,0.003660109127071376,-0.02592985370523926,-0.0026685281565065333,-0.020150030547092412,-0.002853462145329999,-0.01798928054172444,-0.0032912121515814574,0.00011462864727085353,-0.012074309415108786,0.009512511704821591,-0.012013743963881884,-0.027144432765221826,0.0025402799874896242,-0.029458538527184608,-0.0069591045117051165,-0.0015046233485886962,-0.014819582464097758,0.0032432818539931407
2021-12-21,0.019087092983867127,0.004227464874028142,0.019978649621920752,0.03220219156525661,0.05857390065352597,0.014581063936695005,0.021601121382593735,0.011099787563052965,0.016014214801889137,0.031269196766503526,0.012894790823617885,0.02343867653373999,0.002747492390765771,0.009107009455837423,0.015032316576584659,0.023588559009874333,-0.0032185385859027082,0.013966604012879857,0.0039973372997437195,0.010163150129961496,0.0016219793913641034,-0.011385844003762635,0.02306894181477892,0.06147289622957386,-0.0006338374726650997,0.01296207228105728,0.007194093588822392,-0.005839224863752324,0.03180975650474327,0.0030172078899890487
2021-12-22,0.015318707850723978,0.0027612496554416666,0.0036381058820253998,0.00969461377036085,0.010876093236154905,0.01936351504276468,0.0009898834002113333,0.008192644958428641,0.005715597283410201,0.005494829320424888,0.0005532789801634408,0.005284961955253964,0.013240480426800039,0.0008428293299012068,0.006047892676246613,0.003939419765360386,0.0043057885503656745,0.003908241347018615,0.00709699112070683,0.002080143521681066,-0.0016193528344393693,0.008207530564067644,0.018057669209218474,-0.007141501876291256,0.009888751811324425,-0.005336880079636286,0.014203257918273149,-0.0001895388596423464,0.011978820232635634,0.0012892116499689799
2021-12-23,0.003643705879493808,0.010201652516147908,0.0001841364158221559,0.01058668366849047,0.012543996968971571,0.02003485222199819,0.0013448905704807057,0.012189106416412798,0.002411058209734751,0.011522326010563466,0.016780465377297382,0.007088043000859079,0.00361450759726778,0.016745979431428193,0.0067822664280221545,0.006670662151075257,0.0019053316493760075,0.003573288317215928,0.0006875353519950611,0.003812222932677578,0.013496230964346712,-0.0056461810387518074,0.004471543945870904,0.0013904052209401385,0.004895534457523221,-0.00025894396508052697,0.002529816878841462,-0.001705318754775531,-0.006147911931419503,-0.002217617888732537
2021-12-27,0.022974877590692167,0.006166520676028853,-0.008178022851368039,0.001218002342967539,-0.005141528966220443,0.000872928951094254,0.02038383876838923,0.01830458348811681,0.02044512502779461,-0.005402754535614673,0.013239142979112106,0.007791539564114824,0.017679384652276697,0.005896265309263571,0.00757844412945019,0.012278248283685622,0.00843986916948647,0.005723319278355898,0.007385668542689627,0.008610661715677592,0.009887365048056651,0.011092259345552913,0.02318585540218776,0.011528639548086028,0.01168056313040755,0.00898825894873534,0.008316645338724005,0.0,0.0046625241688857955,0.00910454958661222
2021-12-28,-0.005767115519584642,0.0026646608937603844,0.005843719029521299,0.00012187703546140405,0.014569113257587363,0.0011625974293050234,-0.011033537390365944,0.001734480366703428,-0.0019362091797282543,0.01570694916667903,0.013603070786443627,-0.0011081519581659371,0.005271244531767971,0.0030033458363873944,0.007673630249499741,-0.0034655091054840437,0.004007877639765622,0.003034714668684657,0.003921831317573288,-0.0013420688431633465,0.005319802565169951,0.003134207360953045,-0.0035042612398755724,-0.006921866582584091,0.005371311451424665,0.006921167748159762,0.006886959336401599,0.0007593092406461555,0.0019300293196815588,0.014350858748212847
2021-12-29,0.0005021493626291562,0.008105720598192923,-0.0085549217086347,-0.003527743940755057,-0.011982734983717491,0.00343653627253393,-0.0035622900154248516,0.006768291518358227,-0.005145109076070464,-0.0021263592774323214,0.0075931424572308615,-0.0036377286192933456,0.011373097837583668,0.0023182333037783387,0.005428857952619159,0.0013523891015507772,0.007044373308078944,-0.0005042733923723564,0.0011886999697332534,0.002276948952074198,0.004334387489572489,0.00182243487769429,0.0020510943575495766,0.014180823629194483,0.00829021727655066,0.002418457768811333,0.00524911142342277,-0.006828408108533912,0.0005502716813172714,-0.0004900341427890309
2021-12-30,-0.0065783377149836175,-0.004965131651460175,-0.0032890070546229833,0.002014311099812982,-0.004664622071883673,-0.006029360321845645,0.003103520709129226,-0.00531552777352462,-0.0044086852269593635,0.0068444640669669266,-0.004907093862014156,-0.0017607472130538593,-0.002190640364736929,-0.002023836905313159,0.004199385240766906,-0.0017364716581431683,0.004429961576466024,-0.000504635181511337,-0.0028837485975549138,-0.0047672611117709485,-0.004315681653006775,0.002469486042352198,-0.007691078828185205,-0.007642940416997868,-0.008648532098169737,-0.004380807072809523,-0.0022746545057280576,-0.0021009812328607325,-0.0013750667819559803,0.0032229859696022434
2021-12-31,-0.003535322009882047,-0.006623069269128368,-0.011429400216389607,-0.003411362274390428,-0.006857083240150441,0.0032028176416640797,-0.004699671530480232,-0.003929694314726895,-0.0006812040070859338,-0.00666962943286864,-0.0010567838196979817,-0.0077037813418107115,0.012367824120213866,0.006759747019706053,-0.0018669358206951925,-0.004638725459840232,-0.007196121925576615,-0.0008201776374779923,0.0073153777009720145,0.0032184499012613,-5.6207565981347685e-05,-0.0064820499787865415,-0.00884109407749123,-0.004895896296835733,0.004976082367579515,-0.0024233438905305604,-0.004539680406810076,-0.00555036821092092,-0.005324289391603343,0.010616893837883001
2022-01-03,0.025004029172171593,0.007645540536450834,0.022118320898886212,0.028178474549233945,0.03248556054143381,0.0012576395967200948,0.005233569547002714,-0.003313887056509368,0.016276073700253635,0.012073014857636899,0.002644585543067457,0.03340753168114663,-0.01534905767372341,-0.008201095012255188,0.017806162398479097,0.03320397917768125,0.002747525767706316,0.0211555903224101,0.0015200078345232182,0.0019022568341147128,0.0006190363278724131,0.0030013094842302745,-0.004668262985848326,-0.011999663550803619,-0.004156890527912016,-0.004347177719838835,0.00027881036662202874,0.009237971475666074,0.02178029712061802,-0.0002764063935624117
2022-01-04,-0.012691556246695046,0.005072797320206934,-0.016915587005979504,0.03210280253670139,0.027759089076869747,0.053526650302840206,-0.028301927857162346,-0.02452604852212492,0.01819561019598903,-0.006570651792716875,0.027079144143187905,0.03073373321661066,0.010277694232275536,0.010638358624991406,0.014554662834074916,-0.0013155359156610258,-0.00268179335730101,0.03790969119189014,0.016695000031531126,-0.0002604909232859498,0.014009288953654497,0.0018211245736088344,-0.017147026495119122,0.010444899567209731,0.003499426703867936,0.020867206720112774,-0.02265658349560773,0.01964133945509583,0.0046515780019236175,-0.018320299798393447
2022-01-05,-0.026599923969502837,-0.011850340210540877,-0.018893091563845,-0.010656384374131078,-0.002621343190536085,0.0076575236427685045,-0.0828263975828849,-0.01583705460079854,0.0065058351830475925,-0.003467418759764418,-0.0010271291870463939,-0.02171886519638011,-0.013564429136856071,0.009856395419004294,0.0014490993652600537,0.013737243142640132,0.00666364969215727,-0.01828199536851116,0.008292986783509093,-0.0049160544821966745,-0.004105723894758495,0.024282675471890558,-0.03838791538561237,-0.024881179585232505,0.004526937052484081,0.004842704198895209,-0.0024649210494985807,0.01028627287450612,-0.011058289330695525,0.013521136949623092
2022-01-06,-0.01669314952174561,0.00013312381338015378,-0.006710981961323137,0.009163659281210101,-0.008119448664098639,0.01019354685857099,0.006500641150485098,0.010617081073936774,0.008509243858005222,0.01101873369904105,-0.001885088431569093,-0.00426486345752175,-0.0036342591920855982,-0.0011370525376732665,-0.020836487164494266,0.0025989131581707348,-0.003425668667812354,0.010624056230136514,-0.005263847119619802,0.009356990848217839,-0.008301580611943749,-0.0006336876354229304,-0.007901950221053222,-0.007457679989038124,-0.008404159395779431,0.01602286960463495,-0.040923946826272206,-0.004813035609248839,-0.0011363216417128452,-0.00277927155187907
2022-01-07,0.0009882625816668433,0.009415140287282853,-0.004287778294336242,0.00856011650849653,0.019683939311981202,0.009910261545612808,-0.0036658291826450196,0.0034474725674902285,0.014359772705731855,0.00592742200393781,0.014766307487770636,0.001461291308771262,-0.029943692477346295,0.0233848977026212,-0.0037682243010396244,-0.010553452756160708,0.01351738203289199,0.009908226977430434,-0.0023151728624493106,-0.009752257032313638,0.010955216398200518,0.018647790291852928,0.0005098573595156974,-0.025273110775511975,-0.0005528334094578868,0.02408674786270182,-0.02352821112753234,0.021084300581947213,-0.012696168163973343,0.00954558720420029
2022-01-10,0.00011618333404372905,0.01355095205076462,-0.006570176170610398,-0.0036701895654474015,-0.02872390924086432,-0.011374239843953693,0.005781609801103427,0.011287259187382714,0.0006398684436790258,-0.007793229217123554,-0.011844241519667564,0.0041759443008047015,-0.015624520153838972,-0.010614282643561679,0.0014832517591250038,0.033121203923233145,-0.004944199375113478,0.0009573106858893343,0.00165729827535821,-0.009922747245474484,-0.014114785546164632,0.0257781287944725,0.0007322577149442289,-0.04160034464141349,-0.013641212346685028,-0.013113586978526937,0.013955640425436844,-0.006821591531301352,-0.02299971210223062,-0.0019322576433397076
2022-01-11,0.01678391767937537,0.008725227965400206,0.024002125643924677,0.009439424757127446,0.03205774588950927,-0.0076250698106153925,0.022688759014434456,0.008896748101219432,0.022860006147351397,0.008237413845996189,0.013356277188570909,0.009720243172337772,-0.002038911426784029,0.013351502192632925,-0.015996240724631794,0.012678800589487116,-0.010630520768456497,0.001015967530304751,0.00033111040060096464,-0.008660875843093274,0.008849332627440587,-0.00849814674929783,0.0022592955076630172,-0.0009305690416717693,-0.011587664799909803,-0.005485842586263945,0.008602102822062863,-0.005197620673752845,0.011369626211315875,-0.002835462389727539
2022-01-12,0.0025700524599290286,-0.0026681676616350236,-0.0009373300985386912,-0.005188918065267112,0.0066197233936613475,0.011138967351868256,0.01273204999618227,-0.004008371749276152,-0.005001133261379076,-0.0005698652749859257,0.0013516864547269414,-0.03160889056032823,0.007060347661040467,0.008968621193361725,0.005418984169425212,-0.003040523242777482,-0.008525229980455573,0.0056719232524200525,0.0014889703137432875,-0.004577863518668068,0.002458419266117229,-0.005755158385449488,0.010445213023747568,0.012707909391898475,0.0022061755355529122,-0.0011645151397584597,0.010064108244908221,-0.0026124347237685974,0.006203850636064434,-0.005270237310765036
2022-01-13,-0.0190280172270334,-0.003926433089023296,-0.024169655027437842,-0.006763301989505477,0.029661977644347415,0.020683634111550164,-0.03868300427012339,-0.009980787917879375,-0.004162493423268798,-0.01495559127863344,0.011474876892614061,0.0012553853374488444,-0.006214851026186574,0.005406705477785323,0.008757936277840939,-0.014352437966409948,-0.006066219486023816,-0.0012468216596934756,0.005946316301426835,0.0018779289167087931,0.008917621141145027,0.0014781202603320054,-0.04232269311850678,-0.01721321564665279,-0.004528168283549072,0.0004909684083593824,-0.013277940349205153,0.001309823920177866,-0.0032913722495503395,0.014152242305727869
2022-01-14,0.005110658555406378,0.019536420610566152,0.005731487003565627,-0.02821854470199303,0.009200593450374273,0.008546142543128354,0.01137200884999201,-0.002276174594387559,0.017034718829171958,-0.022516764564623704,0.013346599947788196,-0.025230230542093612,-0.03871006639546348,-0.008112032075080045,-0.004081127162013809,0.0138333023396211,-0.005451636837975449,-0.06146336075473258,0.008046103570697571,-0.014154176417552566,-0.01259530478616877,0.0007378632164576349,0.017716732814806457,-0.009425865743682205,0.009602687812462651,0.0009812525914962844,0.00269562601988782,-0.004484514372291026,-0.0015348970192716749,-0.002818533861775996
2022-01-18,-0.018893950727635556,-0.006500613566115754,-0.019862738846190164,-0.013242103813407735,-0.004204337842113159,0.004062166124934263,-0.022358571774360292,-0.026564742736825186,0.0032568137829604993,0.002171982129510752,-0.008890343075048435,-0.06966997680770504,-0.01419340936904434,-0.018653757707745244,-0.009462929017181487,-0.016876198603090864,-0.004409010997996621,-0.04192800842281541,-0.007981880533238228,-0.004772799235916114,-0.00257356248152818,0.0019659724125573597,-0.024339388363832204,-0.008300691592594611,-0.019272616450749513,0.0022057045680050624,-0.016428844402393672,0.002815389333367335,0.0048445740960587624,-0.017509989916160817
2022-01-19,-0.021024789318136894,-0.010819869867570775,-0.016477101806013472,-0.02876586489823363,-0.03524284640405306,-0.031036723942136413,0.0009288646535710043,-0.013895663474109199,-0.0036327217860121497,-0.014185444672386138,-0.005980086698881393,-0.019977305642036147,-0.019170254506194806,-0.013390084435089378,-0.010230095837086228,-0.020818048422597157,-0.0031117614109553715,-0.015469117310288438,0.0016420691553560296,-0.004912519342026189,0.0011220243867933188,-0.0030659236548713498,0.0022469329381027414,-0.012521056848205592,0.03362444998332981,-0.02139749596688989,0.00331893694296026,0.0013101288654684407,-0.004774851781447542,0.009963565737292734
2022-01-20,-0.010347401622179175,-0.010376014232359232,-0.02963230963415675,-0.0029123316034986857,-0.013313061384151004,-0.022692715211017678,-0.014716991949938585,-0.013921952581854136,-0.003568555591861533,-0.016587819985061314,-0.033923714437679164,0.002245878148469105,-0.028107391635145196,-0.008589051477095322,-0.005776102050829568,-0.029466540284185716,-0.007984322390767407,-0.008527415507340042,-0.004098407728925335,-0.008189143794160691,-0.027510381928176564,-0.00664290140551449,-0.005703571103265026,-0.01640152678788276,0.005399470193175437,0.03192353678937088,0.0010378267447712641,-0.0018690845168154446,-0.001537258183632706,-0.018896753717737802
2022-01-21,-0.012764912537219009,-0.005155136207096733,-0.05950180896147472,-0.013546951345380642,-0.040851579906927005,-0.011724861192496494,-0.019332529003400323,-0.02410471154811955,-0.011988833558626788,-0.06936713585578425,-0.01885483304327662,-0.012036879644010567,-0.0013729838314371356,-0.018284610145879343,-0.011236797618194738,0.0,-0.002299580851533256,-0.017472563416620512,-0.004938229501125879,0.005767794878868138,-0.005300377818630353,-0.009535445556107525,-0.01846795618907493,0.0015413311942098495,0.0038270522415106978,-0.015558813295039498,-0.003952444858179471,-0.00449449950307268,-0.03928156605377087,-0.007293398324050959
2022-01-24,-0.004864359375735927,-0.007201805917709692,0.01332698348311534,0.0011966465201360688,-0.006035852211974779,0.0011209846222843822,0.02012526724278918,0.003881448667216514,0.002127202619051971,0.0005821837449659917,-0.0017631414986728489,-0.0015117705785522295,0.04213693430058263,-0.0031690941856510335,-0.004097305903947079,-0.0019216796589883733,-0.011524093400596014,-0.0008959587837963356,-0.008105928789674754,-0.003849242322040314,0.0008689596633100205,-0.014378673315774138,0.0011485366918051465,0.021336319856850805,-0.008117001524236556,0.03825106286488822,0.002385096731322145,-0.0037621708391488706,-0.019812509368918763,7.112618990157138e-05
2022-01-25,-0.011384382560751138,-0.004600189782446029,-0.031533745543573244,0.08922178936884251,-0.000489671137222869,-9.332991021659964e-05,-0.03425537968861092,-0.013883881375922003,0.04253820096793404,-0.0069112415386204384,0.009890540889880395,-0.005358613950041002,-0.01327624585050613,-0.010516045342756297,0.0565132150490697,-0.018097808239506685,0.028594415710270216,0.01090019705185763,-0.002334865273542319,-0.011553184048662346,0.005497648541613387,0.007991738119853098,-0.026588557862622375,-0.0035617823593357967,-0.010911374881001912,-0.0013622717466833523,-0.011746314912409739,-0.00113305366046057,0.000743238805666735,-0.02175455228989831
2022-01-26,-0.0005635618277538557,-0.011109230981470763,-0.007954330670553511,0.012766642304602005,-0.0481626728911958,-9.349163563543428e-05,-0.02038167984909023,-0.013901483514982882,0.0007543828045080136,-0.021317009296394906,0.0006995662504907241,0.0033084525335747017,-0.004735434653851733,-0.008156336077292936,-0.013519770245765894,0.013529369495848043,0.00447389058699188,0.009486037095283395,-0.0036776300487114666,-0.0033110753931026027,-0.02561133779601321,-0.0040270619431298504,0.028493156016540455,-0.01024205859810634,-0.008712584477098773,-0.0043890720862647115,0.00348037434928794,-0.035538689818421565,0.019158361458509132,-0.010207922823616489
2022-01-27,-0.00294300279549653,0.006560821303097875,0.005508645722495764,-0.019507300794298632,-0.023266609219412482,-0.009893059134933324,0.008246537244865237,-0.012831995173687605,0.020197299837209748,0.013622722220429706,0.05173020560271557,-0.004815133886169609,-0.002379266360740262,0.0,-0.012960018952085428,-0.07041971211810649,0.013125011652990626,-0.017644581584867258,0.0008389790548766207,-0.004442617809582772,0.0050795098361566815,0.018195651003035218,0.010549126465572822,0.004514294324128754,0.006196729080897745,-0.013106047315708524,0.0069148131907201815,0.003332049474798371,0.0013599822844814202,0.0006631157201768545
2022-01-28,0.06977736743765894,0.02294638380295666,0.031084056738273746,0.0300172674119914,0.004321514225131828,-0.05189221253601861,0.04413825486507461,0.01812511336890088,-0.0351628049546201,0.02370421286874924,-0.0023264636232310787,0.01753555117228678,0.028364747778967025,0.006678521986088981,0.014941397723867267,-0.006659770243832908,0.007034463339333552,0.008946338043423818,0.019949565098962063,0.02954881807215015,-0.041490545626995945,0.003970874046312467,0.028081909786555892,0.008780674510340036,0.008609314628179154,0.007002145995620435,0.009662142935604301,0.033404871388629465,0.10599076934883112,0.012367442552374097
2022-01-31,0.026125931664378488,-0.008728362346344998,0.03886361030218932,0.01558818451160704,0.05074249775566009,0.0019882342632762118,0.04726972721572098,0.0010790785738872266,0.005512577971119592,0.0313062070179142,-0.005163319587410009,0.022102958844336884,0.0012004795285631698,0.01232701836163752,-0.006914532687977815,0.022836753375799823,0.002910469000434457,0.013573505300721989,0.0027943059207902188,0.013120568163134783,0.017903467586250166,0.007169709614068376,0.008823548370363143,0.014803414375447188,-0.0003114005116948704,-0.003836703733903102,0.013968202461385193,0.006238349469958715,-0.008026223221552442,0.016652181312042602
2022-02-01,-0.0009727218071785559,0.006779874063210123,0.010830762802234384,0.020687302204604796,0.040451411418898964,0.01880344272072687,-0.0021924463901580316,-0.005388883105667208,0.02634567557524492,0.010631729492376563,0.03482353767844737,0.02644612989387385,0.004686671646105811,0.004206060682336421,0.014673706778169704,0.00266277009980298,-0.008183813693026787,0.01716012180928228,-0.007375882187664828,-0.0017732041417944933,0.008492840970591997,0.00539994736872762,-0.007138744507146466,0.0010133421553193411,-0.00442488639765759,0.010892078027528784,-0.008802985003268593,-0.0005635137144452962,0.02736877192418885,0.007867655124691009
2022-02-02,0.007044177427761866,0.001093202274315308,-0.0038427158906232384,0.003378220427550316,-0.003935836036493945,-0.0019966113658176354,-0.030630751233465814,0.014448163003548231,0.004600089359709125,-0.012942104530412113,-0.0024268063033712206,-0.0027468189723006686,0.013642675870395582,0.010762411289681584,0.012690846563595093,0.011440190905118719,0.011060551832908994,-0.008005376850923618,0.010237844400749152,0.012703258495498693,-0.004599082292047085,0.0010985831437320126,0.015221865943712887,0.003305773516768973,0.017903872670785193,0.028156411962416694,0.024273587917365447,0.011278117487771855,0.013169322519745785,-0.0004257745935952739
2022-02-03,-0.016719745081852033,-0.021360155221098465,-0.0781276325178123,-0.0006519089915886234,-0.005445281705607874,-0.021225654669165595,-0.05439743777881523,-0.017268746733862028,-0.008935906290611362,-0.018160256924806606,-0.007298207760646491,-0.011512991581493548,-0.0238676870301181,-0.07617430769583544,0.0038617292115690205,-0.024843420712462372,-5.828630131909929e-05,-0.008269751620773591,0.007028405756046352,-0.006252701189227716,-0.013620458799640245,-0.03658086604870525,-0.038952017229187064,-0.022863598384930683,0.009470859708532675,-0.0037632406871278556,0.018737875798361614,-0.00018566379268070143,-0.016481209006306674,0.0009940113640185544
2022-02-04,-0.001679167465959197,-0.008614416754317955,0.13535901735711864,0.009835039177966465,0.00029069993105856895,-0.010867825576614476,0.030361323698228304,-0.0009059757382030575,0.012518456261499722,0.014211233383505162,-0.009965580678215513,0.024297461878201254,-0.014089322493204826,-0.0012517154090432303,-0.004572620536432814,0.0019827397537788283,-0.006540362389142795,0.025958107854350487,-0.010550412086445804,-0.0022254875908649385,-0.022264114232370624,-0.0056953333562671515,0.015568358851514308,0.0005507666748221229,-0.0159009533119171,-0.000988012024887741,-0.011457548367479253,-0.008923823312052881,-0.013604789335732725,-0.011773734473412789
2022-02-07,-0.004234763673200748,0.006393263926399273,0.0018777353189827206,0.010868792239045355,0.02649552580073178,0.007106381860471522,-0.010308782313527054,0.00036248539978545047,0.019649698974490093,0.0034502397979343513,-0.01138614378026681,0.0014962984849955507,-0.006450407033441796,0.005117331550361204,0.0006563159613826031,0.0035410217524400878,-0.00332159664535836,0.003343228019265787,0.010498759101024602,-0.0008072036463434573,0.002737426678670163,-0.012474842508943818,-0.016310313164074608,-0.0017198488680709723,-0.007490810650231494,-0.003315728910441962,0.0010971976422109453,-0.005815072541008104,-0.005385447304725344,-0.009832904317052416
2022-02-08,0.018466933283759923,0.078199634334148,0.022021627828944013,0.03262897140049503,0.006370357281899386,0.00840760131248608,0.002120061207300239,0.0030816045133892356,-0.015228963147517982,-0.0002106381008377678,0.019696281451080155,0.005297015415287376,0.011445568260360472,0.01080637356623515,-0.0016027693145582722,0.013075917810598359,0.0026307515723884567,0.018814650485639683,0.006493637442483768,0.0008849476087462449,0.007693721608066584,-0.008635906869764565,0.01199547509035992,-0.011092443114153583,-0.002245486262758778,0.006828768800466678,0.02007432138853682,-0.0033960352598172427,0.0034340164860482414,0.00021743944774565982
2022-02-09,0.008293565022623017,-0.0158499539228808,-0.0013877341505965646,0.012371160102477408,0.012144212903854035,0.010421817611926176,0.021202285623366457,0.017166503408866385,0.009894099327780737,0.03333814548776126,0.014732449669737857,0.011969738145380937,0.008106220314800572,0.010587835173787363,0.005619284921069223,0.02253636464219344,-0.00011662884231267157,0.004167978349821855,-0.01548404254544733,-0.0008458462014233614,0.0075734362871267,-0.004940977194048624,0.02183484845707584,0.019020390190962022,-0.0022505398190061365,0.0013334801057258705,0.009505404392265993,0.012873715353107551,0.012853860790936755,-0.0021740091573834164
2022-02-10,-0.023598788815342053,-0.03528816524533995,-0.013561706274733853,-0.004531564394225862,0.013388304370781423,-0.0026031833005851768,-0.019681183674122416,-0.025226529345234283,-0.01270036395234031,0.03348514055781826,-0.016777013245067418,-0.010573354608934604,-0.025468630416851656,-0.02476825287369311,-0.019316942186699992,-0.021037793029761942,-0.012070592488606646,-0.00415067841206318,0.0055702305292799625,-0.011506258582816398,-0.0238328888043281,0.0003920229806420039,-0.02837333694396693,-0.009845291454141147,-0.0152257797046631,-0.0017371468041866844,-0.022847040156875775,-0.00859804783272422,-0.021280213073908705,-0.01169294965014056
2022-02-11,-0.020218188405626836,-0.002709603807134142,-0.03591110674363196,-0.018924892261977577,-0.029485700334821452,-0.009011507639301364,-0.044884427565679674,-0.01767811859411217,0.020361708686045032,-0.017678779060219307,0.0022969941691988183,-0.020266250873918534,-0.013517739798913131,-0.024824147579983857,-0.006216182067349196,-0.0251740774897653,-0.010093158975379879,-0.013016888619191258,-0.017758059128403336,-0.006657211975300115,-0.0012519179500151134,0.0010445341437450573,-0.024274064957739983,-0.032039962752220985,-0.005598618868306704,-0.003885626416136323,-0.017648620233480905,0.005278861559181891,-0.00398936966122021,-0.005511440776067245
2022-02-14,0.001422955971216222,-0.008795140193471829,0.012221683270054351,0.0028152103643492854,-0.010645359082138262,-0.006708732718434085,-0.007215013325161834,-0.013357920348805563,-0.015416818563610768,0.009232529164209469,-0.004256025330201307,-0.007767236672713618,0.0036254658225238767,-0.0016042959196832518,-0.019142492551831092,-0.00104975076453806,-0.012581088708679244,-0.00929039762822692,0.006468471229070127,-0.0069366332403197895,-0.009590140273663672,-0.002217713040001845,-0.00013565711440322037,0.010058489084953326,0.00287917902316126,-0.005763577486720628,-0.007801288792793515,-0.0009374187138778689,0.0028927361500972193,-0.010197131414201421
2022-02-15,0.023152389579337962,-0.0014714851499253445,0.008658352201907249,0.029269675687056962,0.0366120866845121,0.017609893681638678,0.03803280857266156,0.020496192596744622,-0.007319869280316804,0.025654620469734324,0.016932488219853825,0.0102708790596302,0.004835861073032799,0.015212286452379598,-0.0016133279268589762,0.01807479001581558,0.010326188805606984,0.014623775054084964,0.003790487682260979,0.001657563091894243,-0.004239947159645929,0.01752296916476026,0.0185424279481734,0.028180063505015562,0.0005101066771908691,0.004859999327616604,0.008073432606999553,0.0016894572736980695,0.011005616131193774,0.0031351929663518963
2022-02-16,-0.0013888705044839966,-0.005715815428183779,0.010159039538768955,0.002020612827136281,0.005511399310106135,0.0011307522121932756,-0.011715093662432619,-0.0003683632230651046,0.0002981814500209179,0.010535168086130753,0.003556330274859798,-0.010688555168629765,-0.008973697506316491,-0.0024796112380274238,-0.005849025544001463,-0.004335244893809431,-0.0005976801520152231,0.0018095552479837629,-0.00016421523501020108,-0.0028368721435692024,-0.010868326704670306,-0.007582514473446267,-0.0011673594090837458,0.006250738709447479,0.007588439583878115,0.003904516858700635,0.0038055451820162567,0.0007495210208179337,0.0043895811125620465,-0.006251506346530711
2022-02-17,-0.02126915565306875,-0.004401245194973646,-0.021808901106176726,-0.013459165445392052,-0.02443699366787766,-0.043704517151426536,-0.05530366747281712,0.02801842352392314,-0.005137934538291478,-0.021746103335346212,-0.014658500331088509,-0.03052338192982096,-0.006141215847895731,-0.02364357816597873,-0.03259003094456536,-0.013684513518840924,-0.006100414296720036,-0.02303222950846162,0.020032749627684643,-0.008534498301986604,-0.03568193649194418,-0.0111369056771089,-0.029282094030082306,-0.025189358719937882,0.011455087138070752,-0.009752009067859113,-0.020226958336742484,0.003370596548222915,-0.01839881106761021,0.04006602711514495
2022-02-18,-0.009355703194213305,-0.004105097882540321,-0.013261957754408193,-0.004240945568508181,-0.02130350694236316,-0.014327039833387234,-0.015947668736983944,0.025820272192265792,-0.0014219905091281682,-0.010395575092649323,-0.009481781854712601,-0.0086517517528365,-0.003075267984519403,-0.013326575144002262,-0.004961269924603995,-0.053184699493314835,-0.010719057367086116,0.004688893267190908,0.00676110575157951,-0.0013149675466302968,-0.006862295183484024,0.00013096524663724907,-0.00963074737189229,0.0010502836688406347,0.0005002760927761418,0.0002345187636287882,-0.0053789994802734276,0.004666196936790934,-0.008548071376825894,-0.006408348120326424
2022-02-22,-0.01781228319156891,0.0028989050249528248,-0.015753494788264932,-0.012520562735200413,-0.04922735179746829,-0.003854886982596173,-0.008687159324008431,-0.01590644886109327,-0.007645047009201766,-0.02160411024151132,-0.004786312864292208,-0.005114861363110679,-0.08850568323903696,0.0023608603155389485,-0.0034579454048152547,-0.007770903357546155,-0.013589495114507799,-0.0017748364761153157,-0.004157423308911445,0.008379818373879022,-0.0058934412066316,-0.005499594106092798,-0.0007294557580108663,-0.033298379570559034,-0.012319954469319994,0.0026372098945841582,-0.011329364227729122,0.0013002094403848918,-0.006151941729741983,-0.011160309780358757
2022-02-23,-0.025864184742201868,-0.0018518666497746583,-0.03575624663287669,-0.01813560853376861,-0.011673579853546667,-0.02374353113906913,-0.02352292068211803,-0.033037040911502724,0.023791763315839543,-0.014990932227735843,-0.005472542734872965,-0.008946944618412833,-0.024417241793595057,-0.01971957700770144,-0.01492906696697538,-0.0008949386097505396,0.0004965439210233846,-0.020938877007874113,-0.011078774266092162,-0.019430322584103155,-0.01614989741164452,-0.0014483946495399413,-0.02589319636290166,-0.00984144566379952,-0.012473842985052053,-0.0054943936972187135,-0.006248695805881166,-0.00909093330147337,-0.02426394569289103,-0.010259938409619362
2022-02-24,0.01668017930580379,-0.007827868352341394,0.04509522427819257,-0.0031752165203956517,0.01023314594019653,-0.010607086416647427,0.07216336245282307,0.005326754779878096,-0.00516412779372033,0.02419958309550685,-0.020843958998036594,-0.0029306418071901597,0.015529102425936525,0.024497206739676924,-0.0008190893080712858,0.04636054559521696,-0.01910438709427764,-0.02784336314237945,-0.017535317063897105,-0.011138448997109696,-0.004709579458953783,-0.030722426192429264,0.05109355927932091,0.0024849641660964483,-0.026930140178132334,-0.021394257061539856,-0.008115253203770822,-0.01535274635582995,0.006251546746720793,-0.0038505782786495413
2022-02-25,0.012965434399703213,0.03538996710957942,0.01605793012842116,0.028457635741240717,0.015370675625338892,0.01283227577696544,0.01860106458980182,0.023935783883568762,0.041008336038144355,0.0008702871728138994,0.02809391640624237,0.029189332902329834,0.0108863796508758,0.0341120412184841,0.018119275118979594,0.02119015502180721,0.04970300237772718,0.02365968048215672,0.03867121761175696,0.018038827693893644,0.04739039483897334,0.038225912736821854,0.009233066852203375,0.011883013994746117,0.04269901432381862,0.04168152932382441,0.04356310575383926,0.02909280074573717,0.009065966777316525,0.013751564490622536
2022-02-28,0.0016377358811112686,-0.0024224339919460824,-0.0014662630028149382,0.004284566064829187,0.019158232540224196,0.0027798911709639995,0.011725603061020218,-0.0048179424137265725,0.025787219287499052,-0.007155843771963433,-0.011567361077106098,-0.025219668762204384,-0.002589759472370279,0.006310868030231509,-0.01344834268719175,-0.0002097007516372873,-0.008614504615155227,-0.04169750787766113,-0.00970574126585877,-0.013302768805922183,-0.01235809953932998,0.0034068815298609056,0.0049780175142117855,-0.016210260127882847,-0.014850620884726662,-0.009282631389959661,0.00025220720767715754,-0.008314799752729085,-0.014365813095283397,-0.008945540985757283
2022-03-01,-0.011627833565937107,-0.00560757020080993,-0.015765550251120253,-0.08471265203671197,-0.050793770633065116,-0.02532255110928916,-0.007789804106835052,-0.020620472256213662,0.03972236190294032,-0.018590892842151763,-0.031038106699980417,-0.03268598268532952,0.013994841029382199,-0.03241075337619326,-0.00946870860624116,-0.018448551310827566,-0.0034635421764642738,-0.03772913650489118,-0.0043379613991670896,-0.020999290940444504,-0.02623611540331383,-0.003134023415656273,-0.012851641180914086,-0.03171029083919774,-0.016550394339588936,-0.023336981106786614,0.0007984204763393787,-0.0011180644932211603,-0.033083486639214454,0.006140836109640002
2022-03-02,0.020588294459364276,0.015008176390367778,0.0060241839623909055,0.012636210911285639,0.014878630352455957,0.05349235305944888,0.007180744900900704,0.02801166744787076,0.029521494006274462,0.011256091819574987,0.03623312101361931,0.024923861035776262,0.022232732706928493,0.015468196888792418,0.020684136824455024,0.04378472630895236,0.012438874111226905,0.020740026273151413,0.007423026795394083,0.005466746997550009,0.017063862834286514,0.004322759404558951,0.01776553948473314,0.026168703202686494,0.003130879767516026,0.034918239710904686,0.019170593084203436,0.009886506181213006,-0.0023449115359565065,0.0012502132304672564
2022-03-03,-0.001981313624945469,0.017717423706336444,-0.027319556126581324,-0.0023291997983566626,-0.045295948464000535,0.011629737198091128,-0.026807290825539898,-0.001424730666960694,0.013494243938740214,-0.01201293927831204,0.007939321998550408,-0.008799804521986143,-0.009194911495753688,0.005792713599732213,0.016712452042245474,-0.019234792954347935,0.014695398860299358,-0.00710795914636686,0.000640661611693849,-0.017805360360036993,0.007336097058443292,0.006260689342074022,-0.014224060965683516,-0.012603308249299228,0.0037063706287130405,-0.0004605028124582411,0.002492886763544755,0.009604490848251102,-0.00599568367406722,0.022987561207288287
2022-03-04,-0.01840841594977971,0.0011605593810566361,-0.0152637929917393,-0.038579298458509714,-0.042414665113828076,0.004156993157929723,-0.008498187618023567,0.007847351932144475,0.015554968153640436,-0.033317447343953366,-0.014077583518339876,-0.011246926973521698,-0.00030791875858149353,-0.0004800394277368891,0.005479292451249673,0.0029208875267108247,0.005935380686403757,-0.028129300468977658,0.0016007317788262476,-0.0035495975003075886,-0.010586790763206455,0.00881388506484515,-0.020478803459348605,-0.01859121862156743,0.005053290790751008,-0.001152167560363071,0.024784949486890806,0.008232655839270464,-0.03348942782441755,0.025342834822539517
2022-03-07,-0.023717435940810105,0.006225594499139175,-0.05622045424233624,-0.07990736324397807,-0.06453217432685909,0.005315241111145896,-0.033397437501859084,-0.0162802521468971,0.021368082067072303,-0.05130762957428403,-0.014448301795451979,-0.023599324185523685,-0.004595213064608306,-0.028117258452494354,-0.00434380381342514,-0.008113345848891451,0.016108138161654573,-0.03861595906039983,-0.02381322528441876,-0.048683222153866335,-0.02351247793637179,-0.0012849166966000247,-0.03777687023447007,-0.05137963873381313,-0.014825639776793076,-0.020818881722930338,-0.02362392388319634,-0.0078023927936680115,-0.047880676955521895,-0.008052104834386453
2022-03-08,-0.011676130539422624,-0.013910183975623491,-0.010465446730283379,0.00578139264050237,0.027368947998619886,0.06761565865963193,-0.02114853511205561,-0.021406705866926945,0.05239409707278253,-0.013108580493602973,-0.0024146120731747267,-0.001615528264077959,-0.01868193438418675,0.005929011990442712,-0.0030936253908784295,-0.0037749349762442597,-0.020265925061549894,-0.007042939745629528,-0.03962019079974588,-0.006864776693501939,0.014795977844953123,-0.010035022673156924,-0.010971030669525428,-0.025956361730704924,-0.03958357976799953,-0.007892084508577701,-0.027543237846514357,-0.02615214738187943,0.0052963801894041485,-0.020682010251941052
2022-03-09,0.0349975056488554,0.001557624989073636,0.024001199930983708,0.05373304216055774,0.027387769984206445,-0.0010474068930226288,0.05768445583765014,0.027941088161251182,-0.02498074353974633,0.014421309596784448,0.03388663705502637,0.03802477968637841,0.007495985131260818,0.011787845002805941,0.0042967090804839625,0.002736787269380425,0.0037931794299652655,0.040062442375342844,0.005114100377556108,-0.001436439832577352,0.00825313775179648,0.010916399885625205,0.045857889423911224,0.0473557742669628,0.013488519857590253,0.022676810497162414,0.02557758444069469,-0.0031925096816376453,0.04199040828070966,0.005189730004205195
2022-03-10,-0.02718610018009171,-0.019485079228056645,0.05412515560997311,0.005633176194179024,-0.0009520506903542003,0.00958145301938984,-0.01481603282109667,-0.02163795096688459,0.027365328442107595,-7.467251893544802e-05,0.013879547509936696,-0.011061734468852946,0.0023328568089571178,-0.005609344008847161,-0.014815444807107059,-0.020365199112412524,0.0017714125021865978,-0.011840594923171133,-0.018317435879752098,-0.0021126494211367586,-0.018212817204375287,0.001285577583165276,-0.010086490073175636,-0.0072469441134173085,-0.025744500750897847,0.003034719570709221,0.012088862387397592,0.0028259037572004875,-0.008960680946046629,0.02273055999239193
2022-03-11,-0.02390884662659909,0.00837194974498967,-0.008806846762653975,-0.010023545704930359,-0.012108322604964972,0.014353725460140021,-0.011241577555549886,-0.0003657144829918302,0.00046799807357245093,-0.014142675598120102,0.0046182277068052,-0.008790477123905571,-0.003617076146288034,-0.011499244350313353,-0.003136274413823692,-0.017788348778520757,-0.0018271558399360899,-0.0225238744367523,0.0006910989118793509,0.02193690310810381,-0.02063496140178034,0.004750529882985299,-0.019328334933218172,-0.026977615012514167,-0.011866938645516467,0.010704478968553977,-0.014530784340534675,-0.003569385136795722,-0.006364584569177545,-0.003926255444820059
2022-03-14,-0.026562620510304558,0.0015732396735317344,-0.025229488143872714,0.02912432896140249,-0.004028777576411069,0.00283947935653317,-0.024153646478588864,-0.007131019522844673,-0.024458671530046994,-0.020645029209748866,-0.010343108867479356,-0.00617692635947209,0.004955897197711279,0.005267778668839096,-0.00016123468163697918,-0.03120209036423638,0.013817429875103926,0.009930931925327124,0.01844121519423969,-0.003041326505930475,0.01787739808140043,0.002706982984111317,-0.01296117088042481,-0.04126230999283098,0.012777711842471229,0.019858384083744074,0.010458168472189833,-0.010181074862293804,0.018402756438753887,0.013936685499780888
2022-03-15,0.029677604495290222,0.010252486794041227,0.038867730338306705,0.018808783540302354,0.024897419159151335,0.004734540746503368,0.015637959208056662,0.023940971759695007,-0.050623833096985704,0.04006818086497144,-0.02339083739235559,0.012861982500240288,0.03197646040317381,0.02505452793837981,0.013716132763697653,0.009234182158175841,0.02591870109838257,0.017745962452273556,0.01844883038048617,0.02825181833828405,0.005784788203908819,0.011056880102849886,0.03874272418261837,0.015565086806008432,0.0359876896266933,0.01698851361921916,0.020474679013348984,0.004952447901620749,0.029002141259153236,0.012009845853863554
2022-03-16,0.029015351089058727,0.00047505325062080495,0.038933563723705156,0.025960308176214753,0.050586503609934885,-0.0017557433007701073,0.04807800424632469,0.003777106697049115,-0.003601232228858997,0.029359048230095164,0.013079551651969723,0.035241461680805,0.007213643218767718,0.017253397241581148,0.011142959648666517,0.040615844739628315,-0.00919704056506887,0.044685813769765215,-0.0026835067579208394,0.023949801785177582,0.00831547425219914,-0.0066123007935631195,0.025213375140604066,0.04849262436572643,-0.0033940247398935863,-0.004994996169255139,0.0007029656822379327,-0.00511764705882356,0.027796448137270113,-0.0029496685510117526
2022-03-17,0.006454294301273977,0.018085863140188785,0.027007748989816838,0.03521369792405804,0.006349525971549808,0.026008987120595295,0.023544174975701493,0.006450345522908574,0.017310381097756622,0.009627974513081172,0.05365517798657882,0.007365772093128609,0.016469996394364195,0.004710997720804633,0.007241775356185531,0.010937012928521117,0.013064195889000096,0.012644761991577935,0.010595250069194373,-0.0028135311491807036,0.014981699536571691,0.010496613600076365,0.0028191544696289927,0.01773300323372662,0.00313819120593406,0.00970494048144821,0.01758120093289195,-0.0024766015704160704,0.007457535884547006,0.001519346113780351
2022-03-18,0.02091860808549706,0.0016537855214675545,0.025512151358369817,0.020057044560572557,0.013880852598767701,-0.0035632404928483963,0.039874570387207875,-0.0035604820349611765,0.008040221347482834,0.0059510578320804974,-0.007160998773101945,0.006146781138968382,0.013021614950859961,0.014536647777195988,0.0062519209548013155,0.006576384935734092,-0.011085665572346692,-0.0003565727478440639,0.00016639845800314745,0.006106157892768804,0.004265670706479874,0.0021533983195345385,0.017648118076743158,0.030060258697668152,-0.0005326614480990477,-0.003977057265907802,-0.001774954401424611,-0.029793760519287393,0.026516897866667666,0.0029652539917581766
2022-03-21,0.008537652346758406,0.0002962854170136531,0.0014945523217748669,-0.008546796500848441,-0.035938432135897314,0.012674846844332732,-0.02321759581307259,0.0005358771147185859,0.01799314055885426,-0.011974304787450984,0.015226946969702615,-0.018472536223937852,-0.03336858261066733,-0.00873029305638584,-0.005125617356850465,-0.00126458259440565,0.005661952711214946,-0.0032122321141797583,0.007986648887327918,-0.015067824699303012,0.0017529140323016001,-0.0006321123449691823,-0.004227318472030284,-0.008000584562758317,0.0037964477438441335,0.012367638948897142,0.003042630335111207,0.005905569352658624,-0.00944743794995584,-0.008319388820314466
2022-03-22,0.020800669703778585,0.0006346988832803824,0.02103830044237709,0.011846355089355498,0.027649271427682587,-0.0044701729867748785,0.021008777432004244,0.0030357004877725746,-0.003340645013731103,0.010748812613478487,0.0033152345855269605,0.011829091306346351,0.0010929639958747739,0.010413425526569986,0.007494035741856697,0.021101426575681703,-0.004720247535248467,0.021267259600435073,0.003631719580774906,0.011898628322339233,0.009153327809789724,0.0030358853022973697,0.016379040786944854,0.02227525607327685,0.007696350374128302,0.000876489431914651,-0.004609320033436948,-0.0019568692532948573,0.006588636298697104,-0.0029813730387845405
2022-03-23,0.008233527070429902,-0.00968413250284006,-0.008981816492546923,-0.0277530195283906,-0.026172530233034452,-0.0024245748361922947,-0.03253747273326946,-0.03008736856923322,0.010786802648035554,-0.01762894094038925,-0.003933744851797982,-0.021574039578378224,-0.03845565437181098,-0.013792885247027376,-0.005888634302389284,-0.002479866584223722,-0.0037715092670327355,-0.01991267236724026,-0.006579053993327588,-0.008399122572704809,-0.015072595938437128,0.005422579756270363,-0.015030041242658387,-0.0006764113136741301,-0.006978975631490303,-0.005911324739300006,-0.004135973428036066,-0.0005882506516519115,-0.017347880412961758,-0.012865121564711979
2022-03-24,0.022677962745828006,0.011486731468164812,0.0014779010051912955,0.01542832857100862,0.01617936935202713,0.00018014671071364674,0.013594777170899297,0.0003671009473238396,0.00265272961854901,0.009590327202201987,0.012480090749610984,0.001847816365270205,-0.004005566868852228,0.012217925018916276,0.0074044634579948365,0.06940136345278147,0.0051624373626710796,0.00651017902159956,0.009602636167883816,0.017533376072472295,0.008802837868512103,0.00852856668119073,0.015393071499360422,-0.006917107440900239,0.0017237048743004024,0.014315530831984447,0.020328651480969295,0.0005885968941583553,0.012250811552731333,0.0061994827192910495
2022-03-25,0.003734191895649719,0.008105892787823699,0.006868294014676479,0.007358686013461124,-0.0005289928690889178,0.0051751306842984235,-0.0137863089631578,0.008624060933880573,0.01810008394696494,0.0012952162417689816,0.00951790241695849,0.003747234386240361,-0.016150474174928875,0.015922944334209266,0.016247597820676196,0.0040682551473743,0.009586862619007652,0.008742435523778624,0.0090193229834572,0.005494009979457148,0.00993413297086776,0.011565696913009793,-0.001381336412445977,0.012265374655146433,0.011583281030448145,0.019161885437946946,-0.0008374502104181447,0.005490210008685548,0.0051538500385404085,0.004340649905928418
2022-03-28,0.005036657110859766,0.007035356402931736,0.025592678900108856,-0.003048076580226655,-0.004180964799640696,-0.006760508459297654,0.02013935849133941,0.003092581755220092,-0.017482834113264234,-0.003018561255735852,-0.009119027861728801,-0.006489329982747982,0.011587363592288069,-0.0034381262247527022,0.0009135847491499316,-0.006174015501902774,0.005143709681537434,-0.007398395258502055,0.006338357329279454,0.00562981237171023,-0.0065798697451213695,-0.0015983082599447807,0.02311637517526388,0.00830223998337809,0.006870254326108771,-0.005272964918664802,0.000331352136900831,-0.0021451739522369007,0.010712777065515766,0.01777627330146303
2022-03-29,0.019134361761012242,0.004449650736133126,0.00192027764251268,0.006536620811648852,0.029974485968742526,-0.0036509238206759997,0.027917047038124476,0.00961192624353413,-0.012203372400794832,0.0263841833607521,0.0012478588539384106,0.0130035511476716,0.010913844087026225,0.0021815000189433498,0.0035749241355156336,0.014366097512365172,-0.0005061120700826649,0.002200460682787897,0.003876087548984941,0.021527849649076503,0.017461845083927896,0.004433161883338199,0.015159533461799324,0.0321193310826815,0.010267895083703849,-0.015795894505048813,-0.004812909902136342,0.0015636827073524096,0.03329267437565431,0.008424859307350374
2022-03-30,-0.006649549616753014,0.004264452825508469,-0.01780118433038691,-0.0061799164810765195,0.005727557238763836,0.00922918365489478,-0.02869531468589548,0.0068258209283227345,0.00705942829311379,-0.009973309440682976,0.0010904695937015152,-0.011982554330887019,-0.02911464158842747,-0.005062107388948078,0.0014400910289014135,-0.015693771576152815,0.010408363056899628,-0.00453294300989282,0.0008042173131195263,0.003465367565360422,-0.004274110950989729,0.010175437676767984,-0.004914384216092027,-0.004312205195521002,-0.00688271174886701,0.009466469371918862,0.01975592350724864,0.007024089380467835,-0.01827983845375236,0.017931054623863574
2022-03-31,-0.017775766292570716,-0.0030918684751356507,-0.019864567358571672,-0.014544747607938557,-0.017495272679902363,-0.0011655521353057807,-0.01218936841507745,-0.0051739015587799475,-0.01601405398542266,-0.026958104516447534,-0.008403220195664085,-0.016359197593914354,-0.029598741592144484,-0.009972631877886329,-0.015969018994052675,-0.03636017732885399,-0.01314091241207771,-0.030027152202490526,-0.0033754236164866835,-0.007027262544092361,-0.016839271394999966,-0.0042475970001527585,-0.017682864702503354,-0.028728496392474767,-0.010298653622558995,-0.015197959276994188,-0.020832407492308747,-0.012982096771672058,-0.009734349488195293,-0.0063389219569219835
2022-04-01,-0.0017181704950508525,0.005375874349405674,0.003450973226124532,0.0009090188600400229,-0.00386425844994287,-0.013688296977029113,-0.00032973104770239736,-0.001793292513230904,0.008536538849261976,-0.0011665769387381175,0.00721908502931945,0.0003635261795300604,0.008552659831460696,0.00745195285490019,0.0009995860972118464,-0.029257495429442892,0.005416420247886133,-0.007409281949285251,0.014032134054150713,0.007966746370668298,0.005440423615805878,0.0179158197567153,0.003600255833979382,-0.007728662640435924,0.014986888090139594,0.013790736744767829,0.005137539600923446,0.02316450184607266,0.02069714670270395,0.014034302146882505
2022-04-04,0.02369339969579909,0.0071980390540145045,0.029264484561530857,0.002618146966893109,0.002201709902703186,0.004732203987692696,0.031095387590877932,0.0037728803172489833,0.0009134250684554868,0.011533017117580258,-0.002648706202652007,-0.006086901616086826,0.012222805638790968,0.00020424789112261088,0.000922076091558699,0.022656482331904426,-0.009652570040777353,0.004434616838536964,-0.005248950800135765,-0.009709180910201232,-0.0010688436029654413,-0.0003592208920740747,0.017936905896956734,0.006141315952352011,-0.006512263646501593,-0.018515298094624932,-0.005013923083308058,0.006523547679420982,0.006096451231025757,0.00019875828169446663
2022-04-05,-0.018941610803797526,-0.0012659013689847454,-0.025492089193307588,-0.012043206619148261,-0.04461763315245415,-0.021692908357540452,-0.039799003273024436,-0.010272113071998268,-0.0061445811358390445,-0.02135968285900247,-0.008123937415374094,-0.012949111566959104,-0.0023561069100533905,-0.012444685963256874,-0.01059315774051306,-0.02174800420738021,0.006459966665652406,-0.011637545409549754,-0.0011192950991858464,0.006806335701527777,-0.0042132508821478565,0.002754845769919134,-0.012985393343648122,-0.015185262778628528,0.0035046371550755406,-0.002365214628514911,0.015176033654507481,0.006099888181140045,-0.007245187368296824,0.0028468712327720525
2022-04-06,-0.018451156916868605,0.02195764692859492,-0.032300120131985244,-0.009115258539471927,-0.02151652234934398,0.0008796218954125745,-0.044351365786118646,-0.010014635000661465,0.008876222365273412,-0.022489203662117818,-0.028665921531111915,-0.023768195370772682,-0.020730788191819838,-5.1694872058805075e-05,0.00387915284112883,-0.012258358617501908,0.026012031406691394,-0.013874259175900905,0.010084807351896208,0.011870797131100286,0.009402425819637239,0.01493048702600186,-0.036606004939927494,-0.029780799466530894,0.01429283293009953,0.006560655824917383,0.02702017212356722,0.007957674359282185,-0.03131481313920814,0.023239125420325468
2022-04-07,0.0018041010973921523,0.006842048218598018,-0.0061194323502751224,-0.0043671831939056105,-0.00419650847626063,-0.0014338074925940303,-0.003286484989944549,0.004782141777518012,0.01389447888167128,-0.005280144294177225,-0.006810404776118828,-0.006671955111633876,0.014101933965382285,-0.004751647168875883,-0.0064919660461804085,0.00042072953298943894,-0.002579182434806926,-0.0030422289561863325,0.0053883472140996425,0.011532616439291932,-0.002328991203745412,0.02153733856004525,0.006243912568829835,0.00794635406705102,0.012944236977814993,-0.002683902222509027,0.009779106154471862,0.0020928753198417027,-0.013058884986024366,0.010000513001806155
2022-04-08,-0.011908907827985482,0.0015099407962588796,-0.021066740550443774,0.007182476882054756,-0.015564444869704874,0.0052339591670835794,-0.014938099797102145,-0.006406715954019759,0.01693606332901254,0.0,0.007020341220534965,0.023046603336976723,0.027613455085233385,-0.013181042034909107,-0.006378772083798556,-0.011354147596966735,0.001980770183017455,0.018308113046531904,0.006147594031924664,-0.011401131562013389,-0.0009335464785976688,0.010138146321238217,-0.01460001449620163,-0.009507028276711904,0.007805712851362889,0.015212304963516221,0.01677969146373548,0.01632810408762464,0.0038400086232588393,0.005557529530273886
2022-04-11,-0.02551588722723741,-0.004563001931405242,-0.021613947156313595,-0.03336957325210155,-0.0009703092003793268,-0.00451551684800755,-0.008723455669337521,-0.02579226360907738,-0.025716398745524227,-0.009251609186635368,0.004377511831024972,-0.0019603916270122257,-0.014110721714745922,-0.004680374168125279,-0.010647539394534222,-0.009570410605183821,-0.012519111262529692,-0.0036707161429462287,-0.0003133641070386384,-0.004016583467835511,0.0020693313162110094,-0.011975337073681369,-0.03943147353167864,-0.024736423693811793,-0.0038102026637751862,0.004219494314082972,-0.015605171592908973,0.006911866688189994,-0.010277429899414492,-0.01982073296173037
2022-04-12,0.011523559935184169,-0.003308511735288344,-0.002213363562407644,-0.011432120780812682,0.007141632912745388,0.003008543038869105,-0.0032742943124139945,-0.020045526203528508,0.020838413439756343,0.0014541053671717208,0.021146059574850495,-0.0030552786879343152,-0.001401822577254852,0.00908772971712346,-0.0030862112554846943,-0.0015032250532133196,0.0003334474207539184,-0.010977505479248362,0.011753533971956776,-0.005110858996794976,-0.010258503368908323,-0.011543440282051454,-0.011218032001678924,0.0004799212391666252,-0.0030097742976504804,-0.003770882738409642,-0.0069403605205409225,-0.004267138551172556,-0.015599586701424584,-0.006870227462631995
2022-04-13,0.01634266969495668,0.013877712082505989,0.03152445706895657,0.023071522841506376,0.03738368722217489,0.007245136043687372,0.004671229760970785,0.00636825865454016,0.015738585100191438,0.011541108297338898,0.014226984281641819,0.006848301059815043,0.0134836641571352,0.020210399555391723,0.001270036055597723,0.010967854185178094,0.004224501883520526,-0.03223342129539142,0.002633179850108469,0.00866865891257751,0.0005386270135872007,0.00583902383970103,0.019712284340746455,0.019593688140750576,0.002830035503753381,-0.006650711419449062,0.006164159845708506,0.008757275937746556,0.008845758058450226,0.026039242514715122
2022-04-14,-0.029988617419092423,0.0020118652074703203,-0.024652684274885983,0.00874220133335446,-0.005085540004445721,0.043707249766530065,-0.03224009094803637,-0.018791922166461084,-0.0004660944458887428,-0.014204880028982347,0.020729495307998835,-0.0010247839840455963,-0.01900625988073601,0.0017450014516187107,0.003329650906650272,-0.028504603269924544,-0.0042067305424206,-0.009269262556351854,0.0044802415646609806,-0.0032624087385022538,-0.008610275713014981,0.009056225394091788,-0.027084612095752858,0.04682740504602845,-0.005581263366269074,0.0028849195462634647,-0.0040595305672964654,-0.0057257783048011435,-0.0022507396396888035,-0.0008903672575862887
2022-04-18,-0.0013308367045101743,-0.008227811808060204,0.007109164667870926,0.018326369836043854,-0.011487283224389855,0.009262167512304575,-0.01267090345601296,-0.0011725656140572083,0.01340411123806251,-0.02069446366400929,0.005955006919593497,0.025618739829204262,-0.014153665470919674,-0.01598453753008755,-0.0030815781156475763,0.0212392030260129,-0.012451313054018809,0.018553669550151364,-0.008920385845001988,0.002195400392892566,-0.008142401197300142,-0.00966536458781797,0.0024658722515529252,-0.01371199830855363,-0.009522529845081396,0.005319263124036411,-0.0013837092025518194,-0.008174084182247299,0.001785824300240435,-0.007639667364226499
2022-04-19,0.014115035797992892,0.005715966127345595,0.03488883060861969,0.014581341622146304,0.034083900005514645,0.009742391945309903,0.023421219822371553,0.014087305658896598,-0.01184648764423124,0.032323847332062616,0.01775969536699673,0.018400545714033933,0.025282486633646517,0.026709126341475597,0.023618905787951228,0.027658791815228234,0.030507756442625933,0.020706576594312853,0.009776438126778197,0.01728681311541047,0.02681638874812098,-0.003253066256905024,0.01703979662695798,0.04117591260055087,0.014962407867350702,-0.048914844946647995,0.006778433914734094,0.006742863392258602,0.011868510869623705,0.011355134562963665
2022-04-20,-0.001015242674879624,0.007933129473003842,-0.026041044919075107,0.006892234324345603,-0.013065881985185102,0.012577694233464998,-0.026960713310171247,0.02295970366933764,0.0040737282224496685,-0.055572514329539136,0.007307902355607965,0.0152108146248493,0.02384670105624287,-0.004361364014773272,0.07100275989463523,0.003755414653696887,0.004424296752914891,0.0035085709907825002,0.013677822808267681,0.0017618629337048386,0.0032644273889428366,0.00780979120920966,0.0037153218607035576,-0.008610127823798663,0.026597986901493842,0.008798562626921136,0.015454572863481841,0.012279059137405346,0.009689451482321365,0.012559360659800456
2022-04-21,-0.004843655346475351,0.0003132375451082581,-0.037026427673936824,-0.014432617149541804,-0.013783703281026183,-0.010677286690709997,-0.04832729570058958,-0.0045267680320467685,-0.04607883512704802,-0.023360361745711877,0.029167992575843238,-0.019820720906525535,-0.015167906430177625,-0.002037022470460448,0.01106119994521415,-0.012679199818429798,-0.0028821884498705375,-0.007751974602325129,0.003790010988988346,-0.0023450839712428895,0.007835890595875306,-0.002660114836401717,-0.019381112378906495,-0.0030172800638399444,-0.0007803457763965183,-0.008159232098348124,-0.01569567162313079,0.011027309875478508,-0.0061526645711077466,0.0015035257577444838
2022-04-22,-0.027821467441023207,-0.02000313610142246,-0.026608937569704394,-0.027996456742036768,-0.022649464184878343,-0.0654972142202549,-0.0327258515195179,-0.02690413433164962,-0.0220562516362125,-0.02786460397699897,-0.01453033212790944,-0.04346397272634506,-0.03302617247551498,-0.027100237301200703,-0.011440643086881641,-0.02021047833665346,-0.009926010212989111,-0.028722525364047846,-0.014499441930202472,-0.019902054252187718,-0.017131226340112327,-0.019019095167978062,-0.024144381403415904,-0.047172670946286965,-0.008363494860244347,-0.017871218919568665,-0.030701261581426054,-0.05635321965630913,-0.03825379662332651,-0.01882787459723323
2022-04-25,0.006737355461520211,0.007269898168593469,0.011943186356370372,0.019718961434602944,-0.005708763945789008,0.0018490684836574012,0.018316537640780783,0.011292953525727567,-0.0214973514615584,0.014204875028911657,-0.0062773121927378606,0.005159906491263522,0.01609428452885142,0.00624252433250172,0.006148264592230834,0.011173047650497203,0.024622734191558582,-0.00031547692852240683,0.01057503756626188,0.01083259091142641,-0.0038210644420025863,0.010048745855570917,0.024413602389260047,-0.00875500432781251,0.008062039704068491,0.007682937500397058,0.006392314674803279,-0.03140063623318601,0.008550705400199421,0.0005100255510472884
2022-04-26,-0.037328079476524834,-0.009121050006890119,-0.0457507730510871,-0.02960339787062305,-0.05042356995804631,-0.029533880433586734,-0.02572049427767975,-0.02002300022409209,-0.006095598060559149,-0.034847818335495884,-0.010283681703819103,-0.025822634968209357,-0.016331338751982116,-0.021634878345390907,-0.02092026230468713,-0.032724009449689784,-0.007150062607951035,-0.02958117110215175,-0.013497227078371532,-0.017004051830978195,-0.029475207430988304,-0.011236150756010255,-0.03740416641345756,-0.057996002269958824,-0.0169796911866279,-0.010203947232252264,-0.020008695464275972,-0.017303141448281822,-0.042152728936927675,-0.010449696486306448
2022-04-27,-0.0014667984291305558,-0.004322266139512476,-0.008781047317448887,-0.0057096159601738306,-0.07531122532264845,0.017403978451271174,0.02704621887961345,-0.031237770719416802,-0.0018525465457845947,-0.004837206993228538,0.0011874053520655181,0.00035107062063266525,0.00546747376194423,-0.007033705272803559,-0.008297333150537045,-0.006590639133094545,-0.013969948113071728,-0.013005866776490072,0.007840165493474771,-0.005792978145466976,-6.929992254323114e-05,-0.0008285223894407556,0.048109057820604706,0.0059741967692241715,-0.0026907310210088076,0.005154475532185954,5.835500103312796e-05,-0.01922681411285354,0.06469413631708831,-0.00682546899529457
2022-04-28,0.04515535157735573,-0.04284724401881235,0.04653418536434306,0.024488973415938586,-0.0015538358327840118,-0.007104144288816783,0.06331586387188293,0.0267694978205244,0.03552221650544207,0.0006943497391647124,0.005337408031357738,0.01653719093929662,0.03368729945088411,0.01915741755050071,0.005034968947647656,0.035824896701395215,0.007468239412380839,0.015812753315168404,0.009609485495492454,0.028526408728612784,0.02031760405750327,0.049401791878570744,0.02263256767521593,0.04792148895549464,0.025414082353186762,0.005473859121744695,0.020649622425259695,-0.0012381059733542754,0.030591715494714178,0.012772161826607675
2022-04-29,-0.036604770500539785,-0.02074517800052611,-0.140494377749234,-0.039949280854761904,-0.03488526027900374,-0.008943698619877871,-0.0527619267133701,-0.03258925804565338,-0.031646182591342,-0.031746016694013224,-0.019318661148086447,-0.040576448579288105,-0.03643841503509315,0.018902719083650377,-0.026005604046609676,-0.06938523212608616,-0.01635231719459218,-0.03226854067885754,-0.023870716066702213,-0.019788396921675555,-0.01984509455842598,0.0012417424752975137,-0.04181200761666637,-0.01849671811512199,-0.0175019189234904,-0.019713482947932737,-0.030262100333491526,-0.043388437684837244,-0.03412479703375615,-0.020613159514230817
2022-05-02,0.001966570473216578,-0.009734385180345306,0.0017580913238786078,-0.017686691455626846,-0.0015452548588951176,0.00726689943583092,0.009264580574998904,0.017966305853810205,0.019659477212945697,0.01675181340517229,0.008420934084341303,0.01613813690373478,0.021870704156365495,0.017363674370296955,0.006277840481100361,0.03142931335547772,-0.010085333000842578,0.00913200398204439,-0.01810861086306703,-0.010113930042881192,0.011718332107866214,-0.011726234346674858,0.025043282003589518,0.011066553451159145,-0.013516073295525288,-0.005670584569286596,-0.014551166053974884,-0.0015119673562921099,-0.007507294256586916,-0.006601707327815065
2022-05-03,0.009622660354525081,0.005499750954673699,-0.0019799044812061073,0.0028553955877106407,0.03344324877391158,0.0073088855355749605,0.00444886819613699,0.0012033730358931294,0.017151641577301424,0.0004404723801387789,0.01625429872271056,0.013658876690675559,-0.0065478086904535715,0.0008633702355247408,-0.003908710621838951,0.002224182689125609,-0.0019592577816637258,0.021419799109714255,-0.00567469183862801,-0.003121976333389953,0.014872059192594378,-0.006274979926289559,-0.009456199644478303,-0.025539197040757133,-0.013701366625150868,0.009818356686573049,-0.003052928249203224,0.020333142856780118,-0.014040589759545474,0.0034870878963475516
2022-05-04,0.04100818557854469,0.01683956769084527,0.01348046853293483,0.033176279459682156,0.0220731823755127,0.041990404768557754,0.039919187315054616,0.03325313371654115,0.03138666577260274,0.02324975561863929,0.036096927186242356,0.030032361520265782,0.03393860567984297,0.04471177490884437,0.03682476953001079,0.03284517697038325,0.010712794240924195,0.03308122156215809,0.03091305602402228,0.03436779157298919,0.04153167673936364,0.016303046787317976,0.029100964968415077,0.026045631908538924,0.007362060985551366,0.02148364065948538,0.01601220610554166,0.025439830656164952,0.0285770508102956,0.01383530412389411
2022-05-05,-0.05571618296786285,-0.0074119876934681805,-0.07561036490424522,-0.03829704216352503,-0.04140918614672662,-0.029920416609424128,-0.07105875119570049,-0.03819309092075318,-0.007936181033448508,-0.030811618195685342,-0.03030772139474258,-0.03406240663597804,-0.05137791216952181,-0.03876588874301068,-0.0107714762765444,-0.03410950619898956,-0.01908980612601463,-0.02501965827933239,-0.007996138731980462,-0.02123311962576202,-0.03092789700051446,-0.005761143042315231,-0.04355496682531124,-0.05893997087346903,-0.018429044505572256,-0.019606832552550246,-0.025412608346565335,-0.010957138579120618,-0.04325946943111181,-0.008567979660748404
2022-05-06,0.004727365623103719,0.009174289063146546,-0.014041240035030156,-0.022571858128567213,-0.010434022140505816,-0.005927989620822638,-0.015090036106946592,-0.005643868721097234,0.026644924362847044,-0.02060216528970782,-0.007886257900725502,-0.0003512339680461496,-0.016047218638444827,-0.012331744607774309,0.012875200022135047,-0.006726412403586179,-0.0022064287696710316,-0.0016138328999052431,0.003565204775771491,0.007472145380394979,0.00046844440661319986,0.0043174462376929235,-0.009446565470244694,-0.034898536998977714,0.0099701528516003,-0.0021509088076300253,0.009904450218457983,0.008988308758679064,-0.011790995430260631,-0.020819803360079492
2022-05-09,-0.03318933081403008,0.011585623783063825,-0.05213354825727934,-0.03667368850133512,-0.10470112140319376,-0.03894693750021383,-0.03594573074711915,-0.007500658149585893,-0.06702191619123388,-0.030011752182593665,-0.019137555250856697,-0.013005050748879365,0.009241697513758584,-0.007521622208308765,-0.011615904502652263,-0.02776518716216747,0.005443026058832734,-0.0150339927953278,-0.0020080056665623403,-0.013118901562451879,0.019059746589380477,-0.008484951576695265,-0.036945383605698656,-0.028648746670037917,-0.0025000829339936192,0.0016310011457549844,-0.026419999988271825,0.007250797770113726,-0.04841737121837253,0.011700887506472135
2022-05-10,0.016111867408896474,0.006144519083090438,0.0006434445934944133,0.005030460489171551,-0.002700477210595742,-0.015997055503334967,0.021699081363578232,0.012050646782658214,0.00960730367691065,0.0065433197843887125,-0.012306679908380413,-0.012399326331277272,-0.019762260340305704,0.004176184046736475,-0.03949730583701683,0.02182500745431981,-0.0013533419153609616,-0.024372094664642407,-0.009286375693033477,-0.007313546327514353,-0.021393931653207465,0.0019397283833777479,0.018595526509822546,-0.015466355826495026,-0.005269681944612414,0.006224234929238293,0.003268786571653637,-0.010078043026257366,0.003005229194789294,-0.014076903267933316
2022-05-11,-0.05184101014988429,-0.00029093839299243474,-0.03203225709010704,-0.01507751643784927,-0.02677696607980873,0.01093655644496927,-0.0351778243808627,-0.018163268589854842,0.014803218471033164,-0.02293839456475355,0.014891197720303673,-0.011505879071768033,-0.028163490813990166,-0.01411929169711057,0.01254546271238599,-0.02681202704328023,-0.005420896237261941,-0.006308444689857251,0.004686577116668422,-0.005087984684672642,-0.018173196842316885,0.015715695475723157,-0.03320961757195939,-0.014338999254781104,-0.014083510231125751,-0.0035263699346201882,-0.0038113985745528156,-0.005194264179776309,0.016220636603092142,-0.010457052012354362
2022-05-12,-0.026894539858224764,0.0169548594462825,0.014790404884573283,-0.03839615170493249,-0.048303578556937676,-0.010623262969871372,-0.005270770285374149,-0.007399990798211298,0.009499753601330596,-0.008554267232190993,0.0037431306535467,-0.007096741580490007,0.02378447134634487,0.009840748456691584,0.016443739135997726,0.000233369271696926,0.00987908433572171,-0.0008464658415912041,0.003110119922159482,-0.0009816962295789988,0.021719677561176542,0.018387610005768718,-0.0199575598790821,-0.00018546288250220755,-0.004062654276268396,0.005742930322533146,-0.015118775021849551,0.0037595159907866105,-0.01209607747006014,-0.0009484827923333938
2022-05-13,0.03191652368447673,-0.005394012363404532,0.05727556035084924,0.03575362282695349,0.03297058290334087,0.006403095038236328,0.040456320780847044,0.02629965341986873,0.019185084262805185,0.02895214828938042,0.007756691625025569,0.025316495442014864,0.02188554977678603,0.003162129516767642,0.005267131615482423,0.01774024572928945,-0.0057343602671710014,0.008895278694800224,0.018756603424992857,0.0034807170332928905,-0.0019385389857896618,-0.00462397484063537,0.02259624812965466,0.04735865249719051,0.010724386656749685,-0.003402871577569133,0.013784452377302081,0.0024967192211970968,0.027117649981398984,0.0038646390436707367
2022-05-16,-0.010672064867972675,0.009980962430440554,-0.01985316173972196,-0.014614316741021982,-0.02476410355391845,0.013996976147792495,-0.01671564281260951,-0.011299553133036766,0.030618826947443,-0.020031666973218232,0.006216660923150874,-0.011563585337057036,-0.00013525607841724518,0.0022218695588189785,0.01070332628004289,-0.011926371665107127,0.00695490497331086,-0.006969424301869198,0.003652033068927363,-0.004080964833030665,0.00803754900464937,0.021125999792644068,0.0014553780885198098,-0.003627911297590325,0.00976435885424265,0.009954720100196823,0.007869741542920083,0.017849555745427903,-0.0071273651668579685,0.001080959440620255
2022-05-17,0.02542256271789456,0.006068838585999048,0.04113327357999652,0.03464838045880336,0.06449012336309368,0.028476315312155664,-0.0023762895760855995,0.03265298380324011,0.005895882421240284,0.032895989722151686,0.02927321493173518,0.031406179857895955,0.016757467559379347,0.02629391558403138,0.02473524892795398,0.030640646265202465,0.004155396832644209,0.03314727756991931,-0.002729074358820527,-0.009875374729269915,0.012225825650147737,0.007365589888720381,0.020344238222478994,0.029307298605135257,-0.002836510845778961,0.01656156025534017,0.006765789292621838,-0.0020389721195218646,0.03129251549788181,-0.11375760105742605
2022-05-18,-0.05641908428685849,-0.00566537747397966,-0.07156196640827217,-0.03552683745737384,-0.04945101293282006,-0.024168196181400092,-0.03908870895246941,-0.044268656208349855,-0.026360258256400204,-0.03994841303670593,-0.015149478239366077,-0.01993780044798521,-0.05240083556199304,-0.02607252673020788,-0.03924237377581907,-0.04617120496571481,-0.01856604454161548,-0.017105926998295162,-0.069626102254569,-0.04378580530502796,-0.022383987630380076,-0.009677463556049704,-0.04552982202664457,-0.05634170176067377,-0.06232222056869863,-0.01730627112365546,-0.042941501653807834,-0.0010216189722956903,-0.019656786103681045,-0.06791016994830323
2022-05-19,-0.024641393578270776,0.0033202047387410616,0.0019278532990965047,-0.013453068718746297,0.012906331978232322,-0.005674799625363103,-0.010995970944941202,-0.1373035153121296,-0.007140296526683909,-0.011121811031486462,-0.002176441152894837,0.004792214236353898,0.0090471654435329,-0.00629263897350163,-0.024672782237376123,-0.008028408169385659,-0.008888980835936588,-0.014822308895029002,-0.019607747468439185,-0.00887254756959821,-0.0032558465151438787,-0.00010846154174737332,-0.003699610351048599,-0.026789734621092576,-0.023028323267914708,-0.02879755418729346,0.015210531876910904,0.004295507811464594,-0.013100770972356068,-0.027444372731121325
2022-05-20,0.0017473873742213097,0.011153345199472975,0.0025345295167615856,-0.004934904562522657,-0.05065284310462714,-0.04323860474539232,0.026028120331260007,0.029242448799732035,0.005753507482460396,-0.006980835165340982,-0.00945317033779336,-0.004542650782386581,-0.00198101214149915,-0.015053338046931652,-0.009100882776682417,-0.008569426953856096,0.017477109074619968,-0.00819897797637048,0.01633335869076058,0.02144083516034101,-0.0212981813496822,0.01585409820140482,-0.002291187190985866,0.014656044967797044,0.0006354486932986791,-0.006261327038401654,0.015003793753157302,0.00875745055085142,0.008410626317509884,0.0010918836581077507
2022-05-23,0.04011901434890741,0.00622218072862446,-0.0003160506951839226,0.03784923534910978,0.027920487421612128,0.03199880423940682,0.004196969378907456,0.009548185596512715,0.023239172429474264,0.03329426768919985,-0.009102929122373982,0.031975511090312825,-0.004039189357379347,-0.0008959744112355672,0.020937269520994617,0.008403418542790364,0.020415304331678596,0.061871653210373356,0.030829905868414942,0.017485405131953735,0.0038238259368337246,0.002993142376213065,0.032031854865431475,0.005833359375563507,0.022991857818141836,0.02294372142350465,0.013073011977378313,0.0028266362357407537,0.04285779184015115,0.0285236634345456
2022-05-24,-0.019216138486210288,0.01144395554558697,-0.03214110432537598,-0.0214411695315031,-0.03764002724616855,0.0073473647930131225,-0.021145200964182598,0.009688512027091312,0.005357696887314578,-0.040064261138945456,-0.006223178675091479,-0.008401432876821824,0.006607682949495652,0.00200459483679305,0.020050334465929742,-0.007857234462522289,0.010922862633272246,0.014125234855462798,0.0184534763804447,0.027394966062233905,0.009488920794400002,0.008632698503528768,-0.003951457990895801,-0.012335387999011793,0.017786943344986872,0.010517002684749865,0.011136530646645326,0.020334211486511267,-0.023752077681114647,0.012479360172169995
2022-05-25,0.0011402018846924378,0.004446368111599819,0.025696475417555487,0.03135655317780128,0.022278023439876726,0.017797426179304132,0.017332266782769556,0.005254805516576644,0.016044832838755463,0.01643869543841281,0.003429288958091803,0.003025834615085987,0.019623566137621618,0.0025268511213509814,0.0044096103221022975,0.012719205573750614,-0.009812526084727824,0.006964212584531726,0.0007810520842204127,-0.0020856255798835655,0.0002745500737344475,-0.009404211376922378,0.011170060191602715,0.008481646641638418,-0.01639248360865453,-0.0018399675528544268,0.001065200322236004,0.011049789862550563,0.005971497635088419,-0.006122377755865327
2022-05-26,0.023199419414713596,0.00015820655593423716,0.04029499229486544,0.030278357492697916,0.046452612745776944,0.017581640544602983,0.017601248923670987,0.022500116034921414,0.006727016695226906,0.022757978292380576,0.008023637746817025,0.027723141976704557,0.0314746446471017,0.013967420555401677,0.018602426372399616,0.030331704887401223,-0.0008909784308539503,0.017290218410888736,0.003589955687483215,0.01672055752728685,0.008574009446993491,-0.015360086672513651,0.012875189951426114,0.04380781748308604,0.008745921520555644,0.007373720719252352,0.00831162957584386,-0.004879189850628518,0.023106294026265406,0.021317672863554904
2022-05-27,0.040756510051275674,0.008733519474409146,0.036632083603781895,0.02557912924726624,0.03523050381538417,0.019484421311844358,0.016250238017851082,0.014002820597526222,0.009570399010318198,0.035129247716841894,0.028596936940168183,0.015295192960104842,0.018658508822233966,0.01683096615977786,0.017386013620019902,0.024609049358188084,0.00908307919045992,0.014137851399843804,0.005909668318207162,0.015236326848981463,0.016798100030603447,0.008341525878575728,0.027604409194549318,0.027005371391651822,0.015292101915840073,0.016926592215062763,0.009716744413239775,0.008040879096217424,0.02076241175518545,0.01968274833042316
2022-05-31,-0.005346108954223716,0.0057976384071263265,0.04397010379074828,-0.0045989600637273975,-0.006276955742817281,-0.00594079763284916,-0.029436840114243967,-0.012494419463975115,-0.020305465071336237,0.010245287578453999,-0.015638549335507124,0.0008268780744162818,-0.01851129097243387,-0.013903993923009339,-0.0030871921669716196,-0.0029182162199949957,-0.0086146748387671,0.007313176668473531,-0.020098948180942156,0.0013499523981181927,-0.0014713525585697829,-0.011280684625422532,-0.005014012665067957,0.024657378446744982,-0.005647812831098609,0.006804307542888299,-0.02037038190149032,-0.0021401076961103938,-0.003335214079315918,0.0011673696840808212
2022-06-01,-0.0008733650891538103,-0.012931147487015404,0.012266042992872705,-0.018126029828845702,-0.005707762822202533,0.00796840217524597,0.09878930260688112,0.003995667416997861,0.009504338604205742,-0.011318472829216608,0.0019124579588685187,-0.015297572598100162,-0.012165249713708581,-0.008831644248117665,0.004249412267874009,-0.0069786851191891985,-0.010137567595104868,-0.017545241487811225,-0.004891058175667817,-0.0116171345944166,-0.019224489145993617,-0.009670920143003081,0.0020232657660128606,-0.0014303319526519642,-0.015147552204102466,-0.015359714040397598,-0.008514800346804186,0.0021446975799070955,-0.010557673028242953,-0.024721836772762296
2022-06-02,0.01681132917369199,-0.020282564130529757,0.03145034300738625,0.020391015714365857,0.07539231966072579,0.011168778570705307,0.07002899721290623,0.01238101118283974,-0.0018149722533447044,0.015386120565805461,-0.00014686309037503786,0.007456708352040042,0.029206715945483186,0.026731284166016556,0.00516370725467552,0.01654940624257173,-0.0031512263659213557,0.016088014267411577,0.010464679719171643,0.004412665950267458,0.01202022544669612,-0.01250799391359958,0.007928600064873725,0.03985502144025044,0.010779649573997574,0.01004026644706646,-0.0005886766684641831,-0.0021401076961103938,0.024389446477354415,0.016420919040697646
2022-06-03,-0.038555661749309134,0.0006846897846013444,-0.025185068024527135,-0.013657384598887323,-0.008896797153024938,0.013181808573093257,-0.018524498176659687,-0.01179291157150586,0.009090961820280352,-0.01984313132183957,-0.015712255767269756,-0.01717778606160769,-0.0025829109170510955,-0.01126683020933783,0.007349382346558464,-0.03233714643792018,-0.0041207114126209365,-0.01393944789050583,-0.011925382507154247,-0.002570190597508404,-0.014914331618176124,-0.0009998809303548573,-0.016607112122080214,-0.01750557504169492,-0.008966546685074794,-0.021734413857290247,-0.01350905060562213,-0.009358428983756162,-0.011160403622453074,-0.017175145527265623
2022-06-06,0.005227688388820928,-0.012115092937088567,0.01994280728922404,0.001138750704768654,-7.177383724188413e-05,0.0032750154230121176,-0.011032266583834383,0.001768243877642739,-0.004335658819159538,-0.007729728684841675,0.0005967777774438243,0.005742406916397602,-0.003900251001381805,0.0018991135112875757,0.012041274059627405,-0.0011524403089215873,-0.00011338043725683811,-0.0033035593118730944,-0.0015880836349617677,-0.0011676529503179545,0.0016442462523755808,-0.0007784846772926901,-0.004703640745395532,-0.005952698788302402,-0.00390704134675679,0.01601726552442506,0.009410712792966569,0.008462913373087355,0.001363781265018904,-0.003590893317313548
2022-06-07,0.017585792651811483,0.003952181142295341,-0.014344105316090427,0.009998844158360054,0.011347326692918491,0.015516779538194747,0.023404440040801555,0.005294427584634498,0.019058086294296395,-0.00037108070447688934,0.004472884426117929,0.003119847043782542,-0.0069767572028131,0.012449238001520646,-0.0006996457574063308,0.004383989444411318,0.010997613267994755,0.0026208407991363813,0.006044221703153996,0.0035069205449773655,0.00451404071892636,0.007123772210262835,0.01395385249038239,0.011977095093005818,0.011147826286027618,0.009379644326483527,0.014117387040183393,0.008001550682197989,0.007325924571331077,-0.012012429605723018
2022-06-08,-0.005043242042082063,-0.003774178851929322,-0.014796745486375773,-0.016183527083145077,-0.008450521087294272,0.011888984031163341,0.010900386678238672,-0.014263857506254696,0.005160950168051404,-0.00417475869532502,-0.0019295656384041848,-0.021243619529054625,-0.014050222405489365,-0.015686323654796386,-0.013657439733419485,-0.052837294637179344,-0.005943519893739757,-0.01591447190202966,-0.005691670911045055,-0.01337672955394098,-0.0098726042756202,-0.01105244457165211,-0.007669873913440317,0.005999752823407256,-0.012454150966287325,-0.014946430184046289,-0.007181840328166045,-0.0019360319808851,-0.004661971114846342,-0.008673114886179722
2022-06-09,-0.03595572489490784,-0.015194864730759594,-0.04150848957443054,-0.0300073253238885,-0.04225459391930231,-0.026675344023098013,-0.010994279470977641,-0.014692925320960448,-0.019930677762370674,-0.03763729516306635,-0.020523624590778944,-0.03324006687866543,0.00783097382183695,-0.01290365385951664,-0.020379016182094034,-0.02959007375024325,-0.020137601513933845,-0.02101577779520336,-0.017331880084891504,-0.014046650562744012,-0.008527066977755182,-0.016539910198862584,-0.020782948896158393,-0.03104578588249063,-0.018055287631528194,-0.02005251226702265,-0.008307426904029414,-0.011833481464110784,-0.034613710889588645,-0.010466171811328473
2022-06-10,-0.038628947230838984,-0.007197417560179109,-0.05596211721574329,-0.04075045650919673,-0.0503252519446028,-0.03795776616146629,-0.04628295756822587,-0.01739701117920356,-0.011942341246179544,-0.03775420460890355,-0.06058301607983663,-0.05653797925949844,-0.03541624841713986,-0.02984225145937225,-0.012830057843813858,-0.020744693826960314,-0.006677876086349288,-0.04596591261748462,-0.006310734094364445,-0.019738993716490127,-0.04529066964868744,-0.009318130507668942,-0.044563703805428734,-0.03263056836869127,-0.0037897842444309937,-0.013000508687419865,-0.009807309155716704,-0.0023556585533502927,-0.03202166075686286,0.005618959714719818
2022-06-13,-0.03828441811856009,-0.013499460588145329,-0.05453719355874542,-0.05264844536120061,-0.08771653062715301,-0.038572241620998704,-0.06959924213129631,-0.005748415526613759,-0.04600877506343881,-0.0371227423541306,-0.051559632110472875,-0.012891065594994311,-0.021020653628172847,-0.009984820443911913,-0.00792999064565958,-0.035987662105422036,-0.010084056709199762,-0.029778172654596147,-0.0011397522567032636,0.004591824863040106,-0.009299029831442818,-0.025005873826767444,-0.04241277574702762,-0.03739221597563136,-0.026770029583498056,-0.00939172388563192,-0.030807022516911253,-0.02420313850487321,-0.03633886807402742,-0.018816861986701627
2022-06-14,0.006672402237980268,-0.004519222077450258,-0.013118555361940287,-0.011552282708234718,0.0543759970530755,-0.0009184381345862525,-0.009516272208751286,-0.007631992110364139,0.0013145035805681715,-0.015567864717112578,-0.0020450926399659952,-0.002752921415942966,-0.015856955193699784,-0.006181668967399467,0.004514883551161919,0.004236280393982161,-0.015338574566602703,-0.01663940657951113,-0.027422124086985633,0.0012160094667741372,-0.008212880906842801,0.0022536312108303314,0.00920497959388955,0.0025352142401129374,-0.03119793776065327,-0.00834803711670673,-0.016925731582286163,-0.008670920671943083,0.006553585322290223,0.0004190138692488077
2022-06-15,0.02011144052335423,-0.0005090423518754328,0.052389802934770247,0.011203161298821707,0.0946299706290803,-0.003338359491381948,0.024931395696101255,0.020741099169259147,-0.01963588874551081,0.017618295650173144,-0.01963788788896903,0.02665086166473629,0.0038040831929118113,0.009220842606116442,0.009873100441323057,0.018982311250495654,0.010701948704480602,0.011835976183420804,0.007428614207936057,0.0005863833962487242,-0.0068021080537504774,0.0015383958980124124,0.02973531122633699,0.024566654825236567,-0.00993727227515917,-0.004629517838720676,0.005587473231170481,-0.00020352876704043954,0.013641852602305438,-0.0006700812862996397
2022-06-16,-0.03965146663283259,-0.020672466190141847,-0.037243378610853584,-0.059636231262156,-0.002692197181163536,-0.05441735484686616,-0.05161657728187774,-0.010958839838458245,-0.05345186284956016,-0.016687432735610463,-0.03466294007254067,-0.017547541128451694,-0.022414595529504422,-0.02751784158350301,-0.01014147549871014,-0.033894017799745324,0.0005296606475391208,-0.01715634509742503,-0.010055238478237971,-0.015529568875903621,-0.025236269373669518,0.0030722662168294335,-0.026970046059957786,-0.05571221993838715,0.006113072278309817,-0.02513000830530543,-0.014243255747138694,-0.006307193798730348,-0.03624592987400588,0.01038735998200413
2022-06-17,0.011533377607098716,0.017381241967199923,0.02469609751257895,0.048581905739552234,0.02579485922062319,-0.01103773138384434,0.021332397052686858,0.0016157389528019817,-0.04566502976089404,0.0006362878031944685,-0.011728658281936144,-0.018211674695115643,-0.009983129012622216,-0.0010006927574607305,-0.004790695955035562,-0.009908859404696213,-0.0036453148303846605,-0.0035263818128947744,0.006094524349060215,-0.0034438734343816835,-0.008400978598629205,-0.003180473986256982,0.010940122010263398,0.002053723341563396,-0.007201055166689008,0.003098422717720428,-0.00883588651386702,0.0038904813723492637,0.0050780351171288984,-0.01931691109990441
2022-06-21,0.03276058937057846,0.01572081897753974,0.023159471438541024,0.004022927302214763,-0.00036551937604045737,0.019362687505516618,0.021867062871353316,0.017285289620523336,0.04185225115881952,-0.011129859815153464,0.0032866361427494883,0.01794203344874612,-0.005651420274290109,0.004507676686465123,0.020959679090605032,0.0205572131106595,0.02094874479339759,0.02477217694023559,0.021369658636464228,0.02222870725817816,0.0013092947723203352,0.040297751256820336,0.024591160138680124,0.012483541796993292,0.030296352315906105,0.004632975690037844,0.06251380839844822,0.033040725605724575,0.023051525391579286,0.032800612508222304
2022-06-22,-0.003826941908878778,0.007256436152381918,0.0024843268523027096,-0.002556114926285935,0.0029981986260283477,-0.043489222592378085,0.0037162139331314847,-0.0129136394865762,-0.043470152482427804,0.0022509753375437036,-0.04749801956586219,-0.0009479129452686363,-0.0008172528373875387,-0.01540119066908252,-0.0055860167102155245,-0.009276391845199239,0.015779363605642027,-0.005611682288633513,0.00741351216447006,0.014483247401510857,0.0029998619038629215,0.012836473678849547,-0.0024040179542413886,-0.03459690927962278,0.015619391998194176,0.0031973710348678352,0.019487050931171757,0.0027641323010327845,-0.002932183955486667,-0.012114422984902395
2022-06-23,0.021573375072429624,0.0122844815657559,0.0320330939965241,-0.01897624092931649,-0.023257526656712213,-0.04876765130502936,0.03344291682200007,-0.014688855766415543,-0.03678905940340682,0.00855614356915746,-0.02445555435308111,0.005728527784544246,0.023942285123156992,-0.017779562433020257,0.009921367660589375,0.0008021834471330092,0.022305663905419548,-0.010939662275473383,0.011937821132769866,0.002139318244459565,-0.0019172492546363218,0.031852872714575264,0.02263644545562249,0.029355632413826438,0.027436614722157637,-0.020717023043595684,0.020687031052141647,0.025595545057610636,0.014549531988531816,0.024277380532503834
2022-06-24,0.024517179576579062,0.009379320729153262,0.03575237064906034,0.03176833290464143,0.05643052541396454,0.038171108299763334,0.07437154742543473,0.027253500327036884,0.016429091809161855,0.03690357662524768,0.04073661298015474,0.05793737893270823,0.02752144710183102,0.031219575452777315,0.026148325874335798,0.032077207703232524,0.014639000222011589,0.029845731569569045,0.018746023143091373,0.01773534813630362,0.03211687380968131,0.012282644576280255,0.03415009017735526,0.045463020053216674,0.014406333974171126,0.04349981996621666,-0.008343219766983045,-0.021693177723689838,0.0451077177642607,0.0008087132707776945
2022-06-27,0.0,-0.002119264829836265,-0.027820692849391482,-0.012726763948809672,-0.019854430741398366,0.011321235742558722,-0.02479559628003758,-0.007482968008404756,0.019341197378970332,-0.011965562818705644,-0.01731283682952156,-0.006506966450961937,-0.0010950672007338236,-0.009610069171494096,0.005209326256582214,0.0005180669421369632,-0.0009326535498672683,-0.008012435358095371,-0.002062143235615932,-0.0035094596240698994,-0.01139001438770526,0.013744236723433945,-0.010497017416905785,-0.021344480424949963,-0.007620533315113032,0.004618915483109554,0.020216279504298607,0.0,-0.009488578287824012,0.003233303128624909
2022-06-28,-0.029789625840641154,-0.005472893140750612,-0.05140434227234392,-0.014553968388919869,-0.00014420611508725312,-0.0007997624895038635,-0.05432672339274314,-0.01622105970433918,0.01606026435158503,-0.0071422076098136555,0.005936497856546374,-0.004288983657215972,-0.04435967207296998,-0.01312463023423971,-0.00658271021586887,-0.02200356116335811,-0.02844272855044927,-0.004811635338231923,-0.010014471226655886,-0.01700184244812497,-0.0185993449564813,-0.026692128731927278,-0.031749073499562463,-0.06986422698721806,-0.016265305849563316,-0.00011968858744948463,0.005497776749965544,-0.009811518619027071,-0.026724222543402676,-0.014099231462013528
2022-06-29,0.013023803874495199,0.007884716341531872,0.014152668728781626,-0.019129579122263207,-0.001802451373472569,-0.02112674646258872,-0.00495761406164863,-0.0041802260722182405,-0.019741328217541487,-0.0028149096751529656,-0.010470154916658703,0.012654948490344875,0.013770058856513945,-0.01562944967442692,-0.008106450679922439,-0.012969825190897288,0.00028237874321734857,-0.004489704572942843,0.0072253692586456975,0.020220018503428694,-0.004296788564339349,0.006747122668738781,0.014737894261734885,0.004572785543972335,0.009083533489579354,-0.009971701178245196,0.014298630732671347,0.009512264805201731,0.006965369307575964,-0.003677361883292818
2022-06-30,-0.018027521999064655,-0.008678558940965253,-0.024880638358707907,-0.0023748597205488498,-0.012495455151117163,-0.025724823866719815,-0.032647425869073876,-0.005597131049008941,-0.014968077927816514,-0.013068362404845213,-0.007118345158484196,-0.020641053784631547,0.00146049917823321,0.003521856809508783,0.00341103160150813,0.003217672905797553,0.002938110866388177,-0.02333031941335495,0.0028696716718881188,-0.003471606845914965,-0.0027741009460047206,-0.014484846256287875,-0.013179017384162606,-0.010169330506925478,0.011181149197824425,0.020084214597367644,-0.0040332761161594455,-0.003729712709112931,-0.01308267950569253,-0.0027887891696196654
2022-07-01,0.01616429405431208,0.00924781703919697,0.03154127203651247,0.012841022669993318,0.022820326867544205,-0.002629077998840823,0.019146804174571708,-0.0009379892234726572,0.011949158316880482,0.018432115759414724,0.0015503470624109728,0.007440885648192452,0.017537640895333828,0.007479568155783767,-0.000495570904539222,-0.02860170053456601,0.011323285894959456,0.012787429633633662,0.023366628284973823,0.024627387956484226,-0.007109153081926056,0.01371070198295432,0.01070715166253855,-0.009980255042075448,0.01613475237388662,0.012120939521938157,0.0073400471266076295,0.017536813548268526,0.011630907278895597,0.00863603622296405
2022-07-05,0.018930429926365955,0.004805447923111217,0.035962053023039786,-0.005341788431720285,-0.015303199697442982,-0.025408223877195546,0.023781109775940834,-0.006158149682739866,-0.026277972840550556,0.010817590323455528,-0.018572375369312,-0.00678425355478518,0.016661864523145997,-0.01724610163225293,-0.02480177069946299,0.00963132450604931,-0.007686929973611423,-0.0038037075119854435,-0.01708605898707083,-0.0026487420044484233,0.005603553063392441,0.0023804342149189583,0.012597435801744217,0.031033507190807663,-0.009650433268448166,-0.023250533378040616,-0.02350226248655851,-0.004260228592273152,0.006828071074248543,0.01321065338441696
2022-07-06,0.009607309536279196,-0.005998284014224309,0.007312791463036872,-0.010741295069036205,-0.01009440392486649,-0.008344931341668915,0.003077895841414602,0.017397514609120757,-0.013178315757824688,-0.011319283128407687,0.00887042977350938,-0.011574573643689412,-0.0005287277362483467,0.006507925906835466,0.003342609486622239,0.008176668854073199,0.0008978101343111167,-0.0064820253205730705,0.0020543223189219972,-0.003289699223941178,0.0048757165929211865,0.005289277085430921,0.012783165721685918,-0.0008626853221850306,0.00932969962703023,0.01614849791416706,0.01989147594296936,0.0017503940883185631,0.0028921933050642945,0.007082596485881831
2022-07-07,0.023999412119086738,0.00884813960473707,0.01749322109655349,0.020846861955572615,0.02685058856769551,0.04625390169250121,0.02263660255416977,0.012414987145936696,0.019463038623709794,0.014050786380272573,0.021492756197007967,0.016476133037319096,0.01096673110098001,0.003348667168642905,0.0199159463002323,0.031089249249275586,0.001121849689809995,0.02529283041785857,-0.007885061822576866,0.005885588974862355,0.0016174869425851224,-0.0012883542485949695,0.008226441107575866,0.037417120019281214,-0.00034225666442755376,-0.0015893213287575536,-0.0017658825720823224,-0.0031452040124634317,0.008353145065197687,0.001518433759056581
2022-07-08,0.004714904039484047,0.004284129436853634,-0.006791033294013538,0.005176241691269512,-0.006429905612883924,-0.006545293199030189,-0.006453962879746089,0.003933241172180413,-0.005225698124584954,-0.016114097117876258,-0.01721487895931062,-0.007133510837563084,-0.0007672206127458114,-0.0025893479072214287,-0.0025560323540309016,-0.003932799325508496,-0.0012326518087416583,-0.0031382128689806388,0.003655977419069867,0.001186130808221053,-0.01022687296787761,-0.002473047972570419,-0.002757016792004796,-0.001849671058983593,-0.0067123686838067576,-0.0037138705766484037,0.008262279103583126,-0.004338264642714584,0.0037967741058104743,0.0006382706875045496
2022-07-11,-0.014758149810921606,-0.0028173399241796515,-0.03280250030721621,-0.008323776142892148,-0.014956509106996085,-0.022780566431421234,-0.006495799092849808,-0.0032264092862469562,-0.008825498267298393,-0.02315876665036587,-0.007201471315985808,-0.011097104561388793,-0.0002792987796075286,-0.00288453344138051,0.00377283908547299,-0.020794893367338863,0.0003927389465931963,-0.01311646863869076,-0.003167699526132939,0.00015790245977154171,0.002252903162261566,0.01638297140884304,-0.011768691992003033,-0.0261277691032894,0.0070334790637383016,-0.002840195876243845,-0.0032392015565180232,0.0001977139220157298,0.007319346992778808,0.0003988078708010434
2022-07-12,0.006833819249486339,-0.003268949252851927,-0.022639810105564928,-0.009958864892748442,0.07416590989061111,-0.0030280834743355856,-0.04605408318373505,-0.009017386444903797,-0.01830250194620142,-0.0004272301111581944,-0.011566255499179112,-0.002216985475711697,-0.0044346264671504265,0.0044547032350508164,-0.012907957875264664,0.0002687972157442431,-0.014017479233557562,0.0009747140166354029,-0.004289775145452479,-0.007106774114797099,0.009224189249714465,-0.0074233533370455795,-0.040981353856469394,-0.012843943453755835,-0.00883301241458534,-0.019226193958918336,-0.00489416955235078,0.005544554493320364,-0.0011703348877173392,-0.0030292164131158206
2022-07-13,-0.0025367536902277665,0.0004859511944375061,0.010803884746268588,0.0015807376012217933,-0.02174649732227163,-0.003553406966985695,-0.01707431010217786,-0.003733118596364715,-0.0066945243038066815,-0.007051100055873172,-0.014875103214148533,-0.008136095012067246,0.007225149373210948,-0.015782250709162504,-0.014369856784607338,0.0,-0.002331399938917067,-0.009383016443972547,-0.0046272941084564145,0.004731888788875205,-0.014055319115882647,0.0018162456100601077,-0.0037451405489205003,0.013011056730678261,0.00656278663874299,-0.011858665925763456,-0.025621107780381513,-0.00531701663115558,-0.0032711373996293647,0.002398778163636317
2022-07-14,0.020482647291207856,-0.006070784346882463,0.002083294604712016,-0.02094695254652401,0.022229920222872623,-0.022603122010533716,-0.014985838185481604,-0.008665073590386707,-0.014856130324509609,-0.011835677312163617,-0.015502107904088569,-0.029502024025148565,0.008008913606582402,-0.007959278348147913,0.013704912591808949,0.013437119877681702,0.0013679722837423025,-0.03493882380353741,-0.003206157038147417,-0.000277116348483597,-0.00046750077706980697,0.0011731722784673604,0.005381496338041414,-0.017981305245002965,-0.0029511700199597035,-0.0467793791103317,0.002374193838977634,-0.00039565385049700197,0.008621095282465019,0.019541964738440054
2022-07-15,0.0114499519273632,0.012622742890765037,0.02639434033114041,0.043962430733328395,0.004009593076128359,0.020242586094749493,0.039369158979337016,0.0174816267631559,0.012578984009569583,0.036585337856308575,0.013292383574873723,0.04360960691268789,0.010121528389843926,0.019408975945302887,0.006184207414939635,0.0241314576175804,0.014515114725216938,0.04583338151391869,0.005146187805205038,0.009540970347598599,0.014184510117114302,0.01150418216427962,0.010390350325644615,0.014338329439411712,-0.0013766086409893186,0.0032117619548450715,0.0543757573879422,0.010496820555437436,0.02005708875072476,0.00977946718222622
2022-07-18,-0.020643212682416534,-0.019502250283366718,0.0018493974357440823,-0.0010528284111126496,-0.00013540186623228756,0.0006344414458827607,0.0030469468986782378,-0.010912433679716171,0.01402116674422782,0.005252168737435392,0.01856728235807492,0.025147089567840286,0.0021887730655221205,-0.010706095646638603,-0.012793213125196101,0.00233064544459749,-0.022442950887407442,-0.010270088663452581,-0.013599871848143263,-0.010156624253474966,-0.009375306714119791,-0.027590764111576238,-0.009621325919808577,-0.007258750099907729,-0.012131944202345535,-0.007619519273212139,-0.019594250826372228,-0.014504122303946598,-0.013473346395801111,-0.002324345012945317
2022-07-19,0.026721960597106076,0.014271874370830773,0.03911741266419111,0.03829140233317285,0.056932057897456145,0.04178996382092093,0.035261209064024523,0.033568147530235404,0.03603673070867974,0.04085689808227544,0.03923105979132924,0.05573263841771925,0.02313586995921879,0.036735683696680344,-0.05248652153709377,0.03900793140138159,-0.014578462277859416,0.024778562285119765,0.014274024111905925,0.016163616819894422,0.024978746886846537,0.00021671589703431415,0.020766868259807003,0.05050987959852482,0.005093422201003728,0.02167892918676384,0.027109880565132638,0.0033811311156752843,0.031127859112501044,0.006135032041288735
2022-07-20,0.01351014320496624,-0.0027899717557819947,0.03857539627705431,0.0077819845311331015,0.014411067249301635,0.0026742170714904034,0.04970938518964507,0.002271271396634633,0.013207826072827444,0.037546291091648865,0.0019064950085703192,0.010690092963716813,0.008237869281973342,0.005811703293150838,-0.012989162868855764,0.008453481684123076,-0.005707908502999071,-0.0001746371355730858,-0.01647206123629963,-0.007485374793227195,0.006659954185739503,-0.02934142010279972,0.010557588504568116,0.017584102619293107,-0.017286661497531886,-0.0009475192284754685,-0.026206803537478507,-0.02735373791882878,-0.0013574810303595974,0.008336050469456513
2022-07-21,0.015094019363842914,-0.0034464904070772295,0.01515028639903937,0.008393273440837623,0.01913119513753525,0.005667600026256547,0.015894859315673138,0.01019712898209102,-0.007644027648426643,0.008030980557587553,-0.02188364149386357,0.015834442687311157,0.008931593587116593,0.009929491015869596,-0.015714446990394926,0.001232650038821781,0.0035145901028927895,0.006810148051721754,-0.0022765064983868433,-0.004360061576125895,0.0070672416781247804,0.005465304570225982,0.00979912764141111,0.004589855671641052,0.0009456956780509174,-0.008659588668764262,0.005755880408919278,-0.02873449469025602,0.013216508679594785,0.014620121156781574
2022-07-22,-0.008110742370795787,0.0006915848920974188,-0.017732481209791984,0.01884367513151397,-0.02013505932880988,-0.013094807256922025,-0.015538177222610972,-0.002691766950364216,-0.008321717557182584,-0.014014186438556342,-0.010700606520229194,-0.00799294185554067,0.005213363426411988,0.007998484081695345,0.008651153027464442,-0.03472032948276582,0.004728435300785927,-0.004856168917053538,0.0037485380460047235,0.0020515218803121016,0.0012690436327151833,-0.0003326783600678951,-0.01691605071098079,-0.02239728201580249,0.015983605245116772,-0.002614563591780361,-0.002009923644880063,-0.0673520788082097,-0.011517610854648752,-0.0025650491535861297
2022-07-25,-0.0073983876157012185,0.011262514145174762,-0.010455798059483823,0.005097965010837369,-0.00961054778241055,0.017859278109676247,-0.028388374886720524,-0.002699317234877263,0.029752368355169034,-0.00029200358705994134,0.014356164979297814,0.000586496245877921,-0.0014354968476941732,-0.0011570376606676591,0.00226118049291113,-0.0010204355731878723,0.0019752268588342226,0.004008347659138378,0.009741638803173469,-0.014213142576388171,0.0,0.004660741546310243,-0.005876258986211247,0.0014661335245063079,0.0067821189429400075,0.02275930539012405,0.015458054576744651,0.006974038038429553,0.002667304326554598,-0.0014370294873454759
2022-07-26,-0.008826246004333904,0.009729908824539502,-0.052253606265046715,-0.02574939293856693,-0.0045965348793962635,-0.003190037741203744,-0.03852414560415107,-0.011501862387809259,-0.007812680587039211,-0.028337716187404438,-0.005428732826066596,-0.017184882558437642,-0.026032851677226465,0.0008826149109673054,-0.0035785941739309157,-0.0051074930478586245,0.007074230661579417,-0.015622323054706455,0.016401401388449477,0.026799124562063126,0.04943323786627474,0.008395075194071344,-0.026774326259083492,-0.037335300522830295,0.0019446194456380628,0.005500659954703613,0.004004243174453137,0.0035746508592218174,-0.008307310824054781,-0.07604926941961299
2022-07-27,0.034234738702849876,0.002309345810880048,0.0536538959419941,0.01201364175752695,0.0010902909885948109,0.02218158104702872,0.057725970185819486,0.01848050429473247,0.013168626833471198,0.03728204886995168,0.01832368854168065,0.01880409177774589,0.0024481926179968916,0.012346961984988969,0.008119946059521599,0.031314238336488165,-0.0027637668325161124,0.016046572298065165,-0.0031639910575025354,0.007001712009895744,-0.013427955879224296,-0.0006571609402196144,0.06685191106523636,0.025285416608006983,0.00949617518219803,-0.011811357238983744,0.00568097048793792,-0.00022266020783623386,-0.0095063128740418,0.03779329722666014
2022-07-28,0.003571579328914831,-0.007826103144637053,0.010829110898360028,0.0033634385216170237,0.019219681404219147,0.013981268207783337,0.005490866900313973,0.021953391531918554,0.00757091929289655,0.01352650210697548,0.001148333906872523,0.014081326648485604,0.002409075019406126,0.036916263658186566,0.0007745428974226254,-0.011697300461699256,0.005773731677107596,-0.0037314228078658696,0.01666396243451862,0.017652040536307423,0.010874204925081399,-0.014140018044755953,0.0285405305610702,0.0405152664481494,0.016616235936497414,-0.02025677401253756,0.012869251499213252,0.01425073853945169,0.004181222284763031,0.024962446245428094
2022-07-29,0.032793150984929076,-0.009129205816884478,0.10361464095050721,0.01235679648943444,0.0013828727498104154,0.05541940587205585,0.015058700093377286,-0.005480044588751176,0.08903513679132002,0.011439494544487783,0.017399824830010235,0.013004942192370361,0.004372018016124857,0.010607143893966553,0.012149751104216122,-0.08562071659041237,0.001836913968975784,0.004790577047637745,0.0017172601136372645,-0.0003415301189580999,0.020446139729066504,-0.006671285788447445,0.015665225349147827,0.023968731176570834,-0.061799276840902584,0.019005920744723515,0.001569736740819394,0.014050402391276418,0.0035958007915388723,0.017726432032828754
2022-08-01,-0.006153403444433714,-0.007394698196262373,0.0032604850044939404,-0.004479691582028433,0.06126426410894448,-0.01709935050423428,-0.005651622697198766,-0.0019837426238302758,-0.019966227895826805,0.0011310259775330067,-0.014095231856222523,-0.003929521459619445,0.016215811854513262,-0.002442193417731442,0.009557163421092474,0.017901301696873873,-0.0034953151558052564,-0.009968786198086721,0.005454066423993931,0.003265455232275949,0.0008376462141381769,-0.00906645189659705,-0.009724332216959342,-0.005395098023611933,0.028723411734442372,-0.015311826718188204,-0.012833317652992005,0.0015155580212489195,-0.0035358572837840274,0.003710661393107939
2022-08-02,-0.009287493867656815,-0.007042993644823081,-0.009084834427092181,-0.01128277511643494,-0.03424621928251659,-0.05824705470648195,0.004426805196769523,-0.007950556085397742,-0.008534987747711775,-0.014215771540755373,-0.017346487307071445,-0.012647449738308225,-0.016709218741292498,-0.014948930852712539,-0.0017416038543183188,-0.02570341923675834,-0.00569270033624647,-0.01558537801862414,-0.013639019398989927,-0.01203512947238261,-0.011230541370712221,-0.010391919808273031,-0.011474457706016628,-0.022134748713334318,-0.0066478638016187475,0.0028157299372975064,0.00014941032905224638,-0.019887397246516225,-0.02412945813608447,0.001056217916410196
2022-08-03,0.03824781656738674,0.013242742889288062,0.039952299225118226,0.025263783013934837,0.020578151858595017,-0.0034875722015045296,0.03188423455938394,0.017586664838014743,-0.023752649671753723,0.04116116148067439,-0.0011638862968702535,0.016133981695774402,0.01882217526792762,0.012584691263118009,0.004020717338164781,0.014162805969591963,0.009657666615832117,0.010495535326507266,0.004399843744488985,0.0039839057505508535,0.01227516138511131,0.00011406286703707913,0.02783655663926532,0.02245693699752538,0.020641205710316024,0.008997349370104324,0.009692713227302585,-0.00022059759472992102,0.010763089932921188,-0.016430499544333843
2022-08-04,-0.001926200801079525,-0.000647374238642362,0.021860686341448332,0.009264702233899413,-0.0008401307618891574,0.004210650937072735,0.008542064664277982,-0.00721906660373306,-0.02716280941419902,-0.008255243898193654,-0.009710566536611953,-0.0039019672301261465,0.0026113537498204664,0.004908509610327405,-0.005289354112088196,-0.013690998061759774,-0.01603750796695058,-0.011002607678111231,-0.003911206579832682,-0.005532229684734102,0.03226716593740098,-0.009130184911804062,0.004177159591508772,0.0017499178331781273,-0.0015876889636777802,-0.0026561081712364043,-0.012762496737633744,-0.01985464833821715,0.023935214071115762,-0.037777794895468064
2022-08-05,-0.00138899390984637,-0.0029558817299573104,-0.012414983387324718,0.004079655002359184,-0.008768809092295382,0.009529278962873367,-0.00575101567713765,-0.008153526074597628,0.016541095435765873,-0.013781058662363788,0.009805786276695594,0.00843693431070891,0.00820366669895023,-0.0008830877547612026,0.006380989428713679,-0.007571733753091947,-0.003958338509371884,0.030259824673251945,-0.004554750596557633,-0.005409966863833993,-0.004793423089590632,0.0067954388054847215,-0.0026086796719820837,-0.005328385472762043,0.00048402325111984723,0.007989959679093106,0.0024543847316436107,0.011703959702194844,0.011242789326364244,0.00804331676504244
2022-08-08,-0.002903079281368681,0.004223452927595517,-0.009872154542052702,-0.001460312874183023,0.005150303793589828,0.002265603283852835,-0.0022087371524824873,0.0002222100806208438,-0.0014970445741928629,0.02325801441384656,0.01281821352472945,3.001407271119305e-05,0.0073623802229347834,0.00884176698550565,0.0009815132105304158,-0.0002824398863578992,-0.0053180606494691585,-0.012180369321438733,-0.0064689071282934,-0.00937388759245339,0.007258503778101222,0.012355906312657261,-0.009155036352201829,0.001141719890425108,0.0038004089713461475,0.006416577509023469,0.0028781415771634844,-0.009121363906921198,-0.011812633766758673,0.00813730644577415
2022-08-09,0.0003031982902703678,0.004326900383510024,-0.011333489631663474,0.009664216352007982,-0.006269174091019458,0.0011840079733902442,-0.03957830973254972,-0.0022213255701913903,0.013037091801396672,-0.008981817359407507,0.010929704526847495,0.005796430925333107,-0.021668818342800322,0.0006184283557764125,-0.0113775594098805,-0.024307458474253196,-0.00011762345686383568,0.009007380337898052,0.0012705409500775033,0.01269457746134206,-0.004310208323458742,0.011639499908736806,0.007063500482867635,-0.03412287249845858,-0.0023407227729951297,0.018377098168708583,0.0012298024711387967,0.003143513179312718,-0.014344769731248097,0.009873770139441351
2022-08-10,0.026194619701670696,0.015018459605303569,0.0352608325167747,0.022922040658358123,0.025295711340931337,0.025211165956646076,0.034954086082705116,0.02448813266982608,0.002638122604409432,0.039767072837114226,0.025038133693833453,0.033539300145077,0.02087078947279286,0.01617810799345354,0.015679023737986242,0.024623472836534654,0.0028793270270985882,0.026087764065406693,0.009515991450734562,0.004999030882542943,0.010416657116624428,-0.003686133489601562,0.024300295041163933,0.027518028125286698,0.009453278664732112,0.012828645745710299,0.0008563749763175199,0.003580834407486355,0.008751260821601825,0.0020951476743880093
2022-08-11,-0.004431639607648363,-0.014836057107598832,-0.014366830308238487,0.0033858269261328733,-0.006744760151649043,0.01719795478545061,-0.00996776790863485,-0.00260763136172526,0.02438705360339899,0.046784636311505645,0.02257570447964663,0.010836348812392815,-0.0028563773642182877,0.011515777423300122,0.00790881352010886,0.006219796680243528,-0.0206832252215865,0.014781799730196665,-0.006755659331018626,-0.0079584866385084,0.0018744506155270457,-0.0029151904056851086,-0.007400859433625229,0.008485170247761742,-0.007108972291884452,0.023028700225632193,-0.009038113118266966,-0.001337913963580295,-0.0030463394832208612,0.009643828233493634
2022-08-12,0.021425711664307512,0.0001612437533484723,0.020691152408548463,0.017485767603083735,0.012568504580545037,0.014638972422672314,0.01692285259175419,0.01546842362541212,0.0014409593693123224,0.03296792399046855,0.012124562895115432,0.006085014463367511,0.013518445681465652,0.011888656649899687,0.011090960787021542,0.014610985812039345,-0.011008735507321621,0.016563822055214228,0.007592632067343175,0.011184755565956328,0.01723914039698604,0.02350160155593084,0.017037298801781953,0.01726547713882609,0.00970681428407083,0.016290787166271414,0.02034284972658451,0.008262457344178298,0.0011842275708928707,0.018486923242202247
2022-08-15,0.006333433098464569,0.01082985434558692,-0.0025775713556979163,-0.002653148640699654,0.0028236702866533125,-0.004521359885428122,0.006161489636518747,-0.00042889238880550185,-0.019018003251697335,0.022127197081670547,-0.010548887440810173,0.005737528806955883,-0.0008895832230048084,0.006870222412672877,0.006865181240797602,0.006369365223092727,0.004779241835846104,0.0027021236259392456,0.012558875546620163,0.012434272245536837,-0.005320678558927594,-0.0046145174254139665,0.005344146627058066,0.0021538381514392135,0.012886022975967304,0.0034971968567951706,0.0017291542882555966,0.009080959336778438,0.02408555198486928,0.002874086308560342
2022-08-16,-0.0009239472452460262,0.00824416570180575,0.0111747882760318,-0.00030231152711546194,0.00944448054685676,0.0080121615618034,-0.0076940437626777936,0.003863410946191914,-0.0025507042974400873,0.005633321480853493,0.013914052203030769,-0.002473060418598183,0.040590151637303507,0.007020952254778834,0.012080431086929133,-0.004127720125305601,0.008911061821058608,0.009554117826142905,0.008217084304760869,0.003202360180759145,-0.00772630548929365,-0.00011039218344688351,-0.0025894416692953115,0.014958537101757097,0.009221840747555055,0.007899657378081848,0.0027171550144617918,0.0052677171430728364,0.0033267550409081803,0.0510561176539408
2022-08-17,0.008784719628795346,-0.002507759042152502,-0.01851079360669594,-0.008769492727247696,-0.02835893090937791,-0.0080498000205107,-0.008597473976269643,-0.002351967357045681,0.008247718272689664,-0.01720549676504468,-0.011584511355429705,-0.00346528393752521,-0.004948455540713548,-0.00436980300398071,0.009007037733796075,-0.011329368647026716,5.9532617405544386e-05,-0.008412275509851574,-0.0023066938276353754,0.001990203308518179,-0.01883387093674138,0.004967447566117444,-0.0026363941037461647,-0.008639456024805536,-0.004602079665236847,0.0025358119702103554,-0.0020504897309796544,-0.010043568844954276,-0.01206575892643924,0.0010761042614824134
2022-08-18,-0.00229160418870622,-0.0035117937289513845,0.0014074379989574837,0.004576174938019317,0.008911516270094788,0.007247511358586367,-0.00015965129462158778,0.05807948926396045,0.017532502971861375,-0.0011399158114278052,0.01009736984829357,0.002205078737650412,-0.0016882660289546658,0.00463562420763397,0.00928946181821777,0.01173877954613256,-0.00483357884443858,-0.007749353558373029,0.005240459551506316,-0.0008994434383828853,-0.005087348839715733,0.003954445650808713,-0.003947565572882672,-0.008800421306107031,0.0035514118005666173,0.0008623075327052199,0.00040329838080710445,-0.025364036627082975,0.0034028146978319906,-0.0032255257289245387
2022-08-19,-0.015101936310607966,0.004645348915166547,-0.02860159688639219,-0.014637248422595173,-0.034204779115259765,-0.0088674408330911,-0.022135821256012878,-0.013570873473971012,-0.008363641309462544,-0.02062453015604815,-0.009460756689921967,-0.014808467570183614,-0.011961425620207633,-0.010602763804305804,-0.0050335638019448625,-0.022652032710865244,0.015230386431726917,-0.02474519944732323,-0.000766701305781825,-0.00014987676730204846,6.894868327211867e-05,0.007439757031730165,-0.013854174799617591,-0.024566942866560693,-0.00026706573450763216,-0.008443126797856304,0.005686023372357019,0.005204691490089619,-0.01128918222866182,-0.014740602006230508
2022-08-22,-0.02302933380128236,-0.015785570448219266,-0.036243902638259384,-0.02798302877896608,-0.02418366367350766,-0.019632038057143752,-0.03694847665450174,-0.020328564168803798,-0.005010336023350326,-0.03495917272035853,-0.019463100564897307,-0.019612403130401912,-0.028351950682836802,-0.01845610049797486,-0.020380039707536546,-0.04352740950870815,-0.003508039741244584,-0.01652186747064477,-0.014884066292988551,-0.013469153455245575,-0.02486231826166907,-0.009991275564117275,-0.029354972696193804,-0.024920485025609618,-0.0026713707766754524,-0.020273501881247435,-0.006839288955314382,-0.005628075993866721,-0.019781979926735693,-0.01788071977851735
2022-08-23,-0.0020288428438871575,-0.009841920546329264,0.003002506326521548,-0.002346113771007796,0.006856281456616431,0.028421136071356656,-0.005537236657723099,-0.006287892240457338,0.03244153076223055,-0.009315172717073494,0.022238517814468395,-0.006541942951014068,-0.01700786079305283,-0.001466016495558331,-0.005975571930577739,0.0032506835546761703,-0.008711729016348868,-0.009856854113021618,0.0010902508276162681,-0.009165112460971958,0.0011301344951160086,-0.010530964713865498,-0.00471659425048665,0.0030814532119265436,-0.019286505929760445,-0.0050250800378996985,-0.016104412422205727,-0.015847696097211927,-0.00867651030786909,-0.004235799415829966
2022-08-24,0.0017937020036971063,8.175794805542758e-05,0.001347163157822573,0.01144094442812138,0.022052843242188036,-0.015465804936258487,0.022784037695049886,-0.007171436037642587,0.007407583674760687,0.013494802207586476,-0.024811207354763387,0.005173959704681597,0.003942651589682988,0.0012150847607710347,-0.011206752051809543,-0.002651193556734044,-0.0033106094140157305,0.002423809039219904,0.001400422156244252,0.0012281433144039067,-0.0050089147441182424,-0.002106376479457439,-0.002351279822589092,0.006595573405039357,-0.004301528287313228,0.0011881892302660901,0.001231759861918924,0.0018402540803834633,-0.0006284222177358467,0.007238932706913559
2022-08-25,0.014922821566157651,0.0048671742530272954,0.026008936084948253,0.019480728853328078,0.035330064570044506,0.02430982866873177,-0.03388704250527885,0.0042489840751969155,0.00876290009603431,0.009019764552871345,0.028023544037182768,0.01330632308728008,0.005420206449107123,0.013347430115640435,0.005629384753522704,0.030419447681709233,0.009361175851149373,0.023747674061045387,0.004816645429566391,0.006517043050204396,0.012195022900470587,0.002888350326632372,0.011095455526202391,0.016246358157201213,-0.0008231291270939245,0.0029084759707991292,0.00952559701867961,0.004362741537422554,0.015241706789600462,0.006668171553178004
2022-08-26,-0.037699312492460724,-0.020473796161902258,-0.04756700784791723,-0.030327329681396287,-0.028633876276430326,-0.034995793500602,-0.049910901300878274,-0.029194142167256576,-0.007350057814026867,-0.028860886803901642,-0.023314036676950867,-0.029120687288864078,-0.037704066263276714,-0.036771032854508445,-0.026869670727129313,-0.043852000102965416,-0.017112644198372884,-0.03272879809354501,-0.024122401018004558,-0.021366677531559408,-0.09540486376971435,-0.011188397701688224,-0.03858695133058354,-0.043631926861551706,-0.023404145617952787,-0.01266457944329713,-0.022748595567532504,-0.011202587746979242,-0.03302849566682109,-0.03142704377072958
2022-08-29,-0.013690127383099382,-0.005277343351179131,-0.007342307563037775,-0.01760863408343083,0.005409344169766239,-0.0007296180427170951,-0.030381766752454187,-0.00392262012350808,0.007465856076824817,-0.004733974342298608,-0.01634236076663409,-0.007372076897208202,-0.005971307471540843,-0.003314924675757114,-0.0005369189060199231,-0.012590149409508311,-0.0077310053399917145,-0.002441703511849247,-0.006021396330725071,-0.005020340992393235,-0.020907453153024114,-0.018709399909372038,-0.010668183969368084,-0.003694142215319385,-0.004216693040796415,-0.008870819552534437,0.000982538023627022,0.0018499502421784886,-0.002760042808071961,0.00972637403311194
2022-08-30,-0.015305387683355987,-0.0010860183159454584,-0.008167020675137082,0.0007764104842018504,-0.019405099084813915,-0.025237309563817534,-0.0033706136473751203,-0.010281812969841542,-0.02435775405579388,-0.009689001493097149,-0.0281821489355375,-0.0008685653111943914,-0.010866428414497586,-0.008938704685081844,-0.005602106841663068,-0.020643472214048386,-0.003497109068888782,0.0001750422375828009,-0.009245804645337086,-0.008487872831782206,-0.012496060725352143,-0.008106026363834506,-0.008520885639041631,-0.00018522318117997205,-0.010657240482338737,-0.011489931809904874,-0.01308105547051086,-0.018463224744071582,-0.004695371781165858,-0.0030103647399597477
2022-08-31,-0.010635232855383148,0.004934684258632194,-0.015225659516225343,-0.017198728869788682,-0.012083143041382027,-0.01192887922627417,-0.02223345959580081,-0.011494402100552636,-0.01593830959507503,-0.0031130672700359074,-0.007395983353412738,0.004650878997825902,-0.009546936963703123,-0.007079359001052721,-0.008720451581471722,-0.01053933500629689,-0.006710519610568677,-0.005943772446784457,-0.007079662541060072,0.000674370596685181,-0.004084547834099395,-0.017495340564506412,-0.005704327073744464,-0.013072771305062125,-0.015979428157952946,-0.011134325168354664,-0.006713549195634827,-0.016929145660852463,-0.013258588934729199,0.0005285754051893576
2022-09-01,0.004706903066394652,0.02163960045334834,0.008282741023605045,-0.005855283482877893,-0.041123222077320554,-0.012289682811236102,-0.016589643568838408,0.012745842542286168,-0.015943196156400385,0.004014894629221333,-0.020392265306076185,0.002495031343209053,0.01716251779732203,0.0072882051541491855,0.009420142471641357,-0.005012497171438257,0.024792427536292294,0.006858431098015982,0.004699347517208796,0.016608443581674237,0.01029345992196773,0.020970038571299643,-0.004092031336726865,0.0003758789706207466,0.012324384286054535,0.010269753345948818,0.00899232977405684,0.0,0.00714621455694453,0.014560640434819083
2022-09-02,-0.01361109678750061,-0.01274949683914417,-0.002425266463259912,-0.008735426763664678,-0.011974465013919189,-0.00882478418579058,0.0010421531850504095,-0.015455836189650851,0.014851449619095014,-0.01181893633528519,-0.013010374832663985,-0.006057192049039095,-0.005010591116925145,-0.020133248703252726,-0.014422455072575668,-0.017002583920610936,-0.015725104885078944,-0.006986354106873205,-0.01370961566612583,-0.0076422442850385686,-0.03168017373340337,-0.010556569661902993,-0.016666663658287062,-0.004190798164539378,-0.01776009566797676,-0.0036741919256948474,-0.014599304682408887,-0.012197926606600351,-0.011842339645063538,-0.01100570322514105
2022-09-06,-0.00821508380277669,-0.0006187766515595161,-0.010979542799969155,-0.00794446353941114,0.0037543936104049713,-0.0009399732660096971,-0.012818102367756934,-0.00269116343376119,-0.004624590174259757,-0.009982185929124143,-0.014601413573622546,-0.01505350902155389,-0.008084879542991197,-0.006902491341127082,-0.008373192760506631,-0.027546378152710438,0.0027035744413383966,0.0002639504783508162,0.0004906940581763664,-0.00047149183674832784,-0.04151266508289675,0.0022035500185391133,-0.010974018063371616,-0.00557972691842179,-0.011154846498769633,-0.005039766081167185,0.002575979134349149,-0.004842714394449055,0.004449832620104122,-0.00496210157741217
2022-09-07,0.009253990163293091,0.0106100486510603,0.026722663554652915,0.024562547677375868,0.023361097006707965,0.0011069810489257037,0.010282213734863266,0.01236786989635208,-0.012792917786361935,0.023617148926613707,0.007820465409999589,0.01246579211343879,0.027388224070737932,0.018803988605853306,0.007812618423858275,0.009552013864544184,0.005454223780918754,0.01899063570757753,0.018470052611077703,0.01584186607466176,0.03387649861831443,0.005207237203750603,0.019111738462924244,0.03166902790973958,0.015114737375122367,0.013219641791977876,0.00772656615384304,-0.00048647528212042435,0.008961114691952154,0.025691156549067395
2022-09-08,-0.009617886884108251,0.002696212660863617,0.0026259778181887405,0.008341701758232567,0.011798630162854762,0.012661773296967604,0.02361697046883715,0.0077743109944024,0.005415622000379594,-0.0031945155699630856,0.008780977981599714,0.01458138949541965,0.008168417028483255,-0.0067161811415911155,0.005950942076804688,0.003262628656255817,0.008045283031250294,0.023295890857709667,-0.0030494203892273974,0.006423491013279881,-0.010617932746443626,0.006331095401667541,0.0016658969132645751,0.0023046303207074903,0.001307328307519784,0.008706734432158747,0.011175602053755895,0.005842308115535655,0.0014468626463897127,0.00508323044829484
2022-09-09,0.01883959724512496,0.009126117797521038,0.02657523304266962,0.032047851526415316,-0.001711065499459652,0.03461636946542357,0.03626499545287354,0.008816385527805837,0.02577745636035189,0.02537155956892989,0.022469600555098834,0.014073480942015104,-0.00043322553703784017,0.020604472390145512,0.005604499691343134,0.02308938370004765,0.001934666872418056,0.0048060365554456475,0.0032195766403979587,-0.0021531728786982063,0.03211197632023621,-0.0009152624378216956,0.022976985197193933,0.02060157718683442,0.015232976592237213,-0.0021882854993278134,-0.0028904950884458547,0.022265023841858023,0.022370511370508828,0.0030052207522850427
2022-09-12,0.0385080982067465,-0.040655716574806045,0.023861278411006825,0.02530937626719365,0.007618060663371784,0.015357093866638083,0.018697450554899353,0.013764657572084893,0.015815314236268696,0.01050528389718175,0.008315150150294492,0.0072920634181727895,-0.0074388799919352655,0.0017737814407581265,0.011378556323913713,0.003178689734698592,-0.00042234994698286954,0.011831903663022114,0.0028882790346254072,0.0032753877885618454,0.009341979442296422,0.009388868810600526,0.008280874838027197,0.012706004148917094,0.008145044106688593,0.007188487897936691,0.01317832708202027,0.012310654457998726,0.0069689069917455715,0.008988736455203483
2022-09-13,-0.058679629774136655,-0.04528239209514062,-0.0705752837581286,-0.043705723524797624,-0.07188762332633525,-0.042047782823296465,-0.045462861222197115,-0.04935360414794876,-0.01901523709179309,-0.03978005804698426,-0.06008242311464296,-0.041421077728246436,-0.06590705445095235,-0.036713073424881615,-0.02609831846406485,-0.07192634461396297,-0.026020436561220106,-0.03474880361714339,-0.0324799091878214,-0.02319776468033985,-0.0304224033439493,-0.02132504528517032,-0.0549782973910804,-0.05926318376875006,-0.02069450392914529,-0.018810861673266954,-0.032545841334960524,-0.023620054265247825,-0.033683446326122524,-0.020641860798267797
2022-09-14,0.009555486821042347,0.005554007226798552,0.01364140798846103,0.006115199489933332,0.013237370039779872,0.0018447142882138667,0.013788797171320422,-0.0034004886250599275,0.024214271497849715,0.006621422642661967,-0.016712009477798606,-0.0034410386395445913,-0.005720710441812216,-0.027083737130177643,0.003457797434073484,-0.0037556544083390264,0.020641218323574462,-0.002319638752101838,0.005291924665415726,0.0054653770533319435,-0.024404554418006708,0.015889814573111005,0.000912738471578356,0.012107406950257582,0.0023882167934963228,0.006287800951710443,-0.00815244198910603,-0.01125776725325911,-0.0013021949293836599,-0.0022187028215037152
2022-09-15,-0.018930187335941318,-0.00201624694755409,-0.0176585314552421,-0.0010876820139356091,0.003483882430647789,-0.01169777713185538,-0.03431504001487762,-0.015241085048526504,-0.016230757290406794,-0.01537781282407602,-0.003399052340160247,0.013322845464587063,-0.01737017231498239,-0.017280864479073732,-0.01722927644027583,-0.011651779301082854,0.002550565056982812,0.015070621018280494,-0.013587549270297594,-0.008798640790087076,-0.009444366049947361,-0.0023002248833482453,-0.027119020150640938,-0.014018516783861568,-0.007725073183936448,0.005636080060577031,0.025776484253184018,-0.00605594687361144,-0.02025975880100217,-0.010747001945714985
2022-09-16,-0.010960065443317624,0.015285877938034265,-0.021777003694830932,-0.019535195214172685,-0.03665379581991901,-0.016549203566525894,-0.021126647430779744,0.000230746075071675,-0.025961990480082298,-0.02274984169676808,-0.01044573578652186,-0.01631399903718045,0.01631454147986977,0.0027706873310207047,0.014184349942362617,0.013869634100633244,0.015265476489180863,-0.006702299059228589,0.00016809456406896572,0.00568111620644296,0.001631899960959915,0.011181622204388342,-0.0026083571889481405,-0.013080697024217325,0.006111761746478539,-0.011147877822454855,-0.0036144868136780417,0.005361769355637813,-0.01059520281857651,-0.0020976370271099665
2022-09-19,0.02508303238244891,-0.001644084193966333,0.009147615105472573,0.014894159408913588,0.004089068016724262,0.01471019788707828,0.008712188705509938,0.0,0.002876042533365597,0.00849885659459959,0.006893794210575566,0.007510671220803955,0.01612475140425418,0.007217034844221981,0.0036144083348781386,0.006839915173643352,-0.007876033653503534,0.009224440186986094,0.007557970343639919,0.008238159194683847,0.00025745356388218177,-0.01231200898621243,-0.0008989336030432726,0.02967720453819367,-0.0020972327923570733,0.012073908165062042,0.004855955161017889,-0.00024223606484063964,-0.0008794745940441384,0.008559194249856183
2022-09-20,0.015665430018218407,-0.013217128010883372,-0.019813903001303146,-0.012100896220991753,0.0073163826813171795,-0.0226237019719846,-0.019825919153016236,-0.016627938113424334,-0.003951124428514308,-0.014656100839547492,-0.013906877520469485,-0.016430391462488925,-0.022287942315257103,-0.009068885994672704,-0.011195509684488458,-0.01630437188145306,-0.007878255680433321,-0.01971898687477114,-0.0015002692018127872,-0.0062643156199347905,-0.0010286643979304788,-0.007386921187622408,-0.008465600871523704,-0.044678606032249046,-0.0035509641753299626,-0.020329662566706985,-0.0014327246615970513,-0.015761689697355252,-0.005488514568084413,-0.00580672177895869
2022-09-21,-0.020267574382717868,-0.014272584024837998,-0.02987152347123645,-0.03107894180579729,-0.01815820961314152,-0.03393439749808236,-0.014485884858118636,-0.02325037444183531,-0.008126678595408499,-0.02863247903578514,-0.0240832805125214,-0.00788853932768463,-0.009483324567136853,-0.015309838443753332,-0.010847185149690741,-0.01691989901626001,-0.010244381106927158,-0.02883550141911917,-0.008347196192802553,-0.016914749748847324,-0.01467582039550741,-0.01709297919991981,-0.014435878634164179,-0.025678625815078626,-0.012872770370974673,-0.02416909349309304,-0.020504796249691926,-0.027346353672765167,-0.026292587207195295,0.009135318284991811
2022-09-22,-0.006375128872677549,0.014657333111345094,-0.010376272544574294,-0.03819512344088283,-0.03196305943793254,-0.008142040216555624,0.01706947121840008,-0.010579713605152197,-0.0007739344111403756,-0.022298837242672342,-0.004668568059074785,-0.024289714282881625,-0.00894787914845041,-0.006023905055219547,0.0030417172947303506,-0.014049886536369849,0.01776096665555582,-0.011378673408071083,-0.0023569166564032518,-0.012505911111684642,-0.005835566799392233,0.03525393451179615,0.008495473792847541,-0.012425939082127857,0.003536356021420106,-0.00038187638449571626,0.010506362733594177,0.011397950691879766,-0.006576833240408586,-0.010239896367697288
2022-09-23,-0.015124018905277592,-0.003424872393284817,-0.03009120154088929,-0.01936677716324775,-0.053709262824846005,-0.036997907731132984,-0.02091245073211012,-0.011907392582814036,-0.06533702019553655,-0.026037597854067118,-0.019432682303205273,-0.03499307236599081,0.006688227189811213,-0.010793810552287564,-0.020748616711914192,-0.019593716241280368,0.0032493759357672403,-0.018613465245372107,-0.011137337292707938,-0.008026028023269793,-0.010075414612190303,-0.008342136250404475,-0.012698213727734609,-0.015525126494328134,-0.004625092088203164,-0.009681653967226311,-0.007440400867414598,-0.01026786073353625,-0.009849819074646216,-0.024964318694752907
2022-09-26,0.0022603191262025035,-0.0004405321461440348,0.012040804722097675,-0.020033841132085173,-0.029864378584452567,-0.00986356591074744,-0.0046930334632868664,-0.0019673454533286616,-0.026317306599278556,-0.013869287749126769,-0.011617389978115789,-0.024339954943843223,-0.016092127770865883,-0.0076439240484282855,-0.005704440689294987,-0.01998559397324573,-0.006117954304299289,-0.021531995260950176,-0.012457392846511262,-0.00890440300342965,8.850639835489282e-05,-0.006913999979635932,-0.001975379307465497,-0.009894932108909571,0.0009588675672449476,-0.031386528758787335,-0.010221782658698553,-0.014929108563009108,-0.018319368960871274,0.009611043561684518
2022-09-27,0.0065664446569275725,-0.003878808838973513,-0.006426381710496365,0.0002908661086149511,0.0013350542110017738,-0.0011069137365623538,0.017563956877041154,-0.0014788081235526107,0.00042578505279156076,-0.023134943730899638,0.009218492357051078,-0.010997218936414588,0.007914954972871868,0.0,-0.002213114418467277,-0.002966349949759306,-0.004586530001143285,-0.008802345421014546,-0.025747387256008114,-0.028962970195098303,-0.005221141384906702,-0.003945037997392098,-0.004379813164130275,0.0023945146686810137,-0.027485171933243846,0.004249654826022686,1.9591534319962634e-05,-0.0010275559415076074,-0.015061615384322269,-0.002741649488633424
2022-09-28,-0.012651885601935975,0.02208059441278909,0.0314657666190894,0.0223288691588579,0.04650615799410174,0.03275049553566478,0.008596838282910246,0.0202369722314395,0.03375418144019715,0.037037034019566706,0.02877389416605758,0.0322945491680664,0.050243518575498136,0.022108520063330195,0.00837864827946122,0.008925302424968917,0.008609240112465555,0.02021726015609815,0.010642083693215065,0.0010141450829910248,0.01663535669043492,0.010950373827332216,0.019711429397570868,0.025028413188479703,0.0,0.011107977175504047,0.010956605347213655,0.012856543582488777,0.007365077354946292,0.016494665818756582
2022-09-29,-0.04911903119783112,-0.01112650531185333,-0.027201076403397084,-0.019706874455498125,-0.060776382358900816,-0.011087109984919241,-0.02237458320901986,-0.018626284555488093,-0.0069287859949744846,-0.019617715761288124,-0.019755824512326936,-0.015559203042864733,-0.013678684368212624,-0.021630306008955213,-0.009204991620662906,-0.027644702282450084,-0.011000184157238913,-0.016945872692167407,-0.007195582887889129,-0.010720165941657589,-0.017325911193868282,-0.0016132246407554174,-0.014809030519631228,-0.03414395879448895,-0.02485222922774044,0.011509252610299114,-0.009942721102791041,-0.0190402410067384,0.004910819202025962,-0.006460672296619285
2022-09-30,-0.030039119914089918,-0.013178099793286213,-0.015679468675155683,-0.020901210990993957,-0.03391047584702833,-0.010970533376507885,-0.020230296274648785,-0.01404975092458749,-0.007597974234984206,-0.032016354396325775,-0.005208333878693128,-0.01033395219002109,-0.008586801134128685,-0.0182278327048343,-0.02318495394332387,-0.0231234641606064,-0.007111190369748388,-0.015636859339789644,-0.009722485554662152,-0.015614255586323234,-0.016028487246382617,-0.006001673137211894,-0.01936843769071228,-0.12808139442356536,-0.01903642434830799,-0.009567877202080965,-0.007448455608110804,-0.017339522194333434,-0.013384113922730978,-0.019281730687884413
2022-10-03,0.030752522651209757,0.022360381341977043,0.025486701357681163,0.03787689898576274,0.041047250954272974,0.043576405966734066,0.028225692153871496,0.03225033600372185,0.05610069306915677,0.029683044641707124,0.030730706602684288,0.02081567584093369,0.028122183695831637,0.036354040364461326,0.02272540585897942,0.04656572470907028,-0.000979508488798908,0.0309091879626886,0.011246128565911118,0.01993582750780809,0.02461547197664493,0.01660462086657999,0.033662625146047453,0.027430368493270407,0.017900818374883665,0.02526099778271207,0.0207310541633412,0.031340563085248796,0.022516187521660846,0.02181971015824158
2022-10-04,0.025623130369283098,0.011195872028056053,0.04496029692750958,0.03885176311212857,0.05918279472008381,0.04905680483766317,0.05294119919798823,0.022243706013319375,0.03888488907184717,0.044373528012365826,0.0295936027697965,0.052548808244353706,0.020655431044068306,0.029761978784524912,0.03283673864050107,0.027067097769948756,0.0148283674353209,0.046783359085029064,0.002294689898465929,0.013427452931756179,0.02119774704263122,0.009594601647653134,0.03381240014921816,0.03793903956370248,0.012372810305572246,0.028012954653236388,0.014858998992045791,0.01659863516029736,0.022020286567791425,0.012978160192750776
2022-10-05,0.0020531198841911014,0.0034332630512581286,-0.001156159830559278,-0.007493882444340572,-0.010486060625316651,-0.006958731428023945,0.0032108204729275336,0.004065144422396916,0.005709689509076243,-0.006309142922379718,-0.012011961973295127,-0.018642526663738113,0.0010018693933078193,-0.0021327476936786605,0.0019123773844060832,-0.002166041101587024,-0.0030792428879932165,-0.012346659742565436,-0.009510365108747143,0.0024737127931935277,-0.0038921022564981644,0.0,0.001285743693566932,0.02775283997358713,-0.006917869340383631,-0.005759585411181489,0.007454566626672543,-0.010298992319383249,0.010880896989406086,-0.009906794249744166
2022-10-06,-0.0066254269982202185,-0.012317125240896787,-0.00537407121029132,-0.013783745392090707,0.0006812227497905443,0.002410506954122704,-0.004928537394051635,-0.01119318534181668,0.01822977094289735,-0.007539695482233211,-0.011724018501833355,-0.01401292141612065,0.0018629495168802634,-0.015578354093801372,-0.02791456125306435,-0.016642604920636184,-0.01938100609436122,-0.020382241403694712,-0.021514929501652236,-0.01815220545230689,-0.03516543071989342,-0.010747756932941055,-0.009670933018069205,-0.01020876388429981,-0.021052713184805172,-0.00840894868981179,-0.01506434112465005,-0.023408126248553263,-0.011083428402059448,-0.00932921398826314
2022-10-07,-0.03671889326982092,-0.008270667277529675,-0.04771409266460691,-0.023739297149200533,-0.018229982736330363,-0.007046560880797914,-0.033256261422200284,-0.030106146665308753,-0.008610784935464744,-0.028788538508025874,-0.024384751112054737,-0.011783331505153982,-0.020903235671173692,-0.020738199600077722,-0.02789834222186327,-0.05371601652339808,-0.010561541015307374,-0.019974275577303913,-0.009449351074828582,-0.006645333889353178,-0.0323972960753639,0.0018296173971774632,-0.05085294967982246,-0.03338149752295261,-0.017473162719071178,-0.0145108711723001,-0.027507484050842912,-0.026163000678592674,-0.0094831736523312,-0.023693509876510976
2022-10-10,0.0023557200384383137,0.013622704344810499,-0.007768849586377025,-0.010719304331398227,0.016257036131436475,0.006308080081603329,-0.030940064857572613,-0.009436277886043398,-0.01805933338768473,-0.020584546399661452,0.010583239634344377,-0.0017933604739259756,-0.006541907400770985,0.0028003649586263446,-0.009005303996610148,-0.020217612174247224,0.0013109443956049738,-0.009341296608377347,-0.002201510482088498,0.007547525663660792,0.008742278158212713,0.03287700288999451,-0.02130288096231847,-0.005392296016311748,-0.00410380728911075,0.0038243857619697508,-0.011865084527294179,-0.006241575670807964,-0.008975767902841825,0.0059116317453067335
2022-10-11,-0.01025491498966613,0.057247295016817246,-0.012844190270001499,-0.001163536227739348,-0.00250179368866843,0.006044693692044856,-0.021079447207586477,-0.0077712493475855515,0.000190916461172419,-0.02164774320496332,-0.020722066041334086,-0.021062289127216083,0.0015223373115642591,0.010064468814765526,0.0004246496347903861,-0.006349321763433391,0.01446296897224908,-0.028859843881930525,0.0016547372167374785,0.008938096257810502,0.003503524505688471,0.006299509633045153,-0.016750261582947568,0.014996061384683568,0.00379759180329331,0.012573154086537919,0.001904547442463489,-0.01856906384676915,-0.01668665551824533,0.025904696794356807
2022-10-12,-0.004605062733542109,0.004074498701968299,0.006149206372302096,-0.004441345079159498,-0.008740663458652431,-0.001391069603605577,-0.0019639693412795145,-0.00783253776381354,0.00299015769353006,0.0033297973074590814,-0.003185214628230959,0.0037388078369176014,-0.008377756660160718,-0.004780485679033442,-0.001952559166498613,0.011581516393331048,-0.00024585100581286934,0.016182822998082047,0.012114590056383046,4.218497640340324e-05,0.0010107870703075506,-0.006919428301021879,0.001508238803990647,0.0059096907610960425,0.0016099886215017456,-0.0018815598583190596,0.0002998058637342371,-0.00723420371956407,-0.005024208989210854,-0.011306376848273514
2022-10-13,0.03361316359219746,0.02118162794640721,-0.00327726077574253,0.03912786755266007,0.015181688048900188,0.020278684531587432,0.022137970894941184,0.034123118665028374,0.048465230630327705,0.034578483323294495,0.04816235106594191,0.039822503145753085,0.008234618044625108,0.027547893124350686,0.03589354537025802,0.04303204588147436,0.0151208663115463,0.05559313362296181,0.013238934544199887,0.04087565656272707,0.048737995643985066,0.022893276700741483,0.03760803038280125,0.011863091537354986,0.015108842334059513,0.03989687188943103,0.01990181551968817,0.020179610218232114,0.03601903811915341,0.008462367042850527
2022-10-14,-0.03224034371645257,-0.001271761624016765,-0.05003107895219994,-0.0334865021713715,0.005664652829111105,-0.027028213201649054,-0.0221397460969025,-0.01009613456591818,-0.031098809912893377,-0.022661232429203704,-0.017421588402336652,-0.02305640593305225,-0.02262828042408005,-0.01909307059440568,-0.014368793855739082,-0.019303610124136505,-0.0041782255921946065,0.016640945095164783,-0.0159296994219984,-0.014548998445323313,-0.00551383702486552,-0.0033517129511433374,-0.024248656906497135,-0.022442970784995797,-0.00973789642167544,-0.01335245104192817,0.006314853861158376,-0.0005497106125267326,-0.011047319127192812,-0.013985413691731119
2022-10-17,0.029122823972707268,0.006326201784913277,0.06445275295885255,0.03457360095700324,0.022080379843591347,0.01464706909471869,0.0348756054502275,0.027363343663000972,0.00730592920969908,0.030492215618073804,0.003102721542629361,0.022400742650477312,0.017472522638234178,0.01653638078505537,0.012329047368206059,0.01968357416568023,0.012951552746995443,0.04199997090839136,0.01291367941060173,0.013653490329713414,0.0020242729288100225,0.021045904859977593,0.03924560336423788,0.027641082193957667,0.0180685304204089,0.009185482149097979,0.01705217665841774,0.02199020486057135,0.014401579768492656,0.007206949278300234
2022-10-18,0.009409581472937134,-0.0032022497713370957,0.022585461588422673,0.03143986824493128,0.00918509834401382,0.015210122310898244,0.04314434720560767,0.011864332212655482,0.008741113183575289,0.011815489495755838,0.024746119316999327,0.023279355615048125,0.013510912120578089,0.016041728706943648,0.011685335341494074,-0.020817623224792525,-0.0034817352808671487,0.02572067371422282,0.01346740567112148,0.010994750388377605,0.018355680465483415,0.005205867121772956,0.004083824163313432,-0.0032230374569460762,0.008088395791013614,0.011953914711307911,0.0006323739787588156,-0.0029585116642452114,0.010364058025349676,0.0210853855852422
2022-10-19,0.0007649950854893284,-0.015587827289207712,-0.01108629175628062,-0.01383654021798697,0.0076452823631547595,0.0046854871909916,0.0009117834429823723,0.0021535975809019448,0.032448609671468454,0.005178658073526243,-0.02695122218699586,-0.00665942009867293,-0.03357203692400401,-0.003335436814103643,-0.003497745543881159,0.005025057481756967,-0.007951267815713536,-0.019606233855256172,-0.008504616587533431,0.006260449510716581,-0.015092602490411111,-0.014268876724771506,-0.008469657134215769,-0.012377543976725303,0.009270172177896496,0.04437242520176454,-0.0036193936736929055,-0.013487974946639114,-0.004060342180607024,-0.0028330368300117925
2022-10-20,-0.0032671854548074197,-0.0029816108561103727,0.0015642678860967596,-0.010766153889239294,0.00534724688509125,-0.020985965594317202,0.02492356548795227,-0.0040591203050083235,0.0057142969864634185,-0.004040769950404255,-0.004431740045567345,-0.0030471768462154714,-0.021888025964742708,-0.00914780346819688,0.04726149043430583,0.003077017975037455,0.002550407476782146,-0.003261474192000735,-0.015725411514873056,-0.003908451443294103,-0.009544891580713366,-0.003431417666007963,-0.0013954986935129643,-0.019645355118216634,-0.012880192785739153,-0.018947169863018587,0.001076320033280842,0.011758318419034408,0.004345253929080695,0.002467399311775642
2022-10-21,0.027059323027863957,0.01814502971564158,0.03531453097461368,-0.01671124618841191,0.015740691184844335,0.06066691182865913,0.016952423369615888,0.026132829806578384,0.025035395941609417,0.0349934554844229,0.043178434864582504,0.04597683388631557,0.02252650326045691,0.029103828909754492,0.012470790310177504,0.03412578803349797,0.02180356817155915,0.05252729062314465,0.015976650925302982,0.019137707111368307,0.03271181484281227,0.029373959641703973,0.02528060106421859,0.019232965816993186,0.012520648454474204,0.031369024831167325,0.024669768760843036,-0.044594843949816165,0.01682514680802205,0.0202101728597619
2022-10-24,0.014802734848245347,0.03723112826207542,0.004190412347291339,0.011354051649452357,0.005165551158402559,0.005677670107327559,0.002996752834760974,0.01728958295632954,-0.0003465480500806084,-0.0031360991576406816,0.003626946225520511,0.011073403963767214,0.028055010957273918,0.022372754183351606,0.02147820413686774,0.007786380583285846,0.013455066179894892,0.0012274038137618515,0.02877057799766236,0.003024930346998689,0.013440554787001124,0.017769423836668574,0.021187941352082795,-0.005536698373723059,0.006143880443045147,0.0202007902438468,0.014745137193972191,0.01753900753766735,0.0017859392228489757,0.019079048678840582
2022-10-25,0.019337551693108912,-0.005089565823856335,0.006509754475742646,0.03805691748069284,0.032382898598393606,0.018504850802063322,0.028758299749153338,0.018833250768468535,0.01039682173477563,0.025953694837458796,0.0172194062487252,0.011256335587106037,0.024712064766169828,0.01471381843207853,0.001808622417985628,0.008462171298893484,-0.0015790773044339623,0.002614568234492909,0.02397080919090988,0.0016056908683692583,0.0010137191208192675,0.0034916639882061062,0.013791578255661019,0.042154333538878985,0.011517428970718724,-0.020579584009707275,-0.0025476112845507215,0.012788416232427435,0.01924407893107194,0.004734201884296185
2022-10-26,-0.019627181223671797,0.025654562328322417,-0.040961814879887926,-0.0009521941115555599,-0.08769179096883584,0.010880861506461503,-0.03243185709450436,0.0004507459959486315,0.012347748296061223,0.0025871072206811174,0.0029257974022760536,0.00989775712152352,-0.00037877624677951083,0.0032693888972361584,0.015647271523430373,-0.0072967945798040335,0.008786767202310752,0.011491491690755584,0.00746400870138908,0.003441176368440768,0.035443106544956526,0.007164177870455424,-0.07715628994300061,0.007304725103001175,0.00703050743930711,0.0017605562395353047,0.005460377857453347,0.0,0.04604374453080706,0.007639018378354789
2022-10-27,-0.03046528669281845,0.002137915933371204,-0.04063638620803933,0.0006126696054058467,0.04462218043419175,0.07707150353466763,-0.001000477397410493,0.0009013688354106986,0.004574235692807793,-0.001815870167895195,-0.007709927584415022,0.004438714764797069,0.003136194935151382,0.03269022975133962,-0.0017774797022153122,-0.0345459929157621,0.0005806951870979127,0.003948167322190166,0.002357172019399556,0.03312415671690627,0.0008148552622593286,0.013514719923901186,-0.01975618300173365,-0.02002370578966306,0.0007588723632157013,0.006802838772012487,-0.002522447286441798,-0.006862531325992682,0.004721207645665304,-0.0029049327209645925
2022-10-28,0.07555242119013883,0.02462280449807963,-0.06804249715805744,0.023610329706909683,0.029192916366744148,0.03393974639510278,0.020469565140049495,0.02746515371816982,0.01169167386889125,0.01445805563769964,-0.0029400258230553034,0.013761123632237249,0.026077043165060543,0.04295389467810473,0.027750894828319828,0.10658545619990378,0.014856934972643288,0.01187792297343715,0.02066178829873966,0.035494708063624536,0.030944583523406566,0.010326998123828979,0.040220476014378725,0.036337391321398904,0.025326149057693925,0.02454963320642589,0.017423540923551917,0.04118278598048408,0.024719849616575917,0.012648253202809379
2022-10-31,-0.015410479572402824,-0.012636361828556875,-0.009380148789788212,-0.013227724259951446,-0.009246397837291531,-0.0131301580889851,-0.002637884258422818,-0.004601198715003307,0.005111524839070514,0.005568720117161696,-0.015585389205251765,0.007869407409804685,-0.008437708587780812,-0.004440489213414334,-0.0015884743786601652,-0.02201581158504795,-0.005146662318052053,-0.0015862812102153123,-0.014976914439389644,-0.006775308701148508,-0.006397995683258384,0.004267069069615825,-0.01585635482057135,-0.012256087492001466,-0.0040676772645869,0.01373918378820016,0.007093154628870391,-0.007963635299973681,-0.01041367308311647,-0.001263006834166247
2022-11-01,-0.01754249995446977,0.00632482861134287,-0.05515425020719422,-0.0092289721375034,0.006104907792518599,0.009424329685552735,-0.017036670803417864,0.0006602866906753047,0.0072970953643904934,-0.005068487246762565,0.004065002043877941,0.01181414251422308,-0.00023643431540287807,-0.0045095448886253164,-0.0006507142534138977,-0.00457264294912374,-0.0050583040475329355,0.01803316247014486,-0.003508583116622721,0.00106352984778324,-0.0038954311384094,-0.014229208519297654,-0.01705912384303221,0.011760688231919225,0.0015594576221282797,-0.009107857461911895,-0.014122156390664609,0.0,-0.0011102867188595988,-0.0044966024544838
2022-11-02,-0.037304851270185346,-0.011210520541951152,-0.048248766657425834,-0.024340605507759627,0.028107118440891865,-0.018123676017005375,-0.061381511620827944,-0.019577544326515484,-0.020415010221049634,-0.03943399331691666,0.0,0.003471009422369997,-0.024758389359394672,-0.012949249451931877,-0.009913103280377866,-0.03109530032832819,-0.015367824115788076,-0.009207926676573996,-0.01391687842997702,-0.009452533511454475,-0.019473018965736166,-0.003608523836392763,-0.035368476217145006,-0.037005223205725746,-0.014383120691692453,-0.0025712177952817994,-0.007089139722484372,0.009098257366776608,-0.028898785536501603,-0.006634303009672049
2022-11-03,-0.04240525327447109,-0.01163526005529103,-0.030612240672440172,-0.029198507038205812,0.06336066824406039,0.02200062396727631,-0.024531763484964553,-0.016154344068986415,0.014734129317278466,-0.025240710383812814,-0.009375696474820061,-0.002629997634659209,-0.025040803946190904,0.019554129557470157,-0.01724759525723707,-0.0010941894126244023,0.0017015450328992099,0.001811400410346664,-0.0005101000160644409,0.009542736548469932,-8.16481982418571e-05,-0.006539404945728133,-0.026578755133626286,0.001107447522028071,-0.00684538094985454,-0.0026876268199977904,0.0003311987299485786,-0.014850212897531745,-0.030853401428007854,-0.0002129076016563758
2022-11-04,-0.0019472668387864323,0.011884994632217927,0.01881299269611514,0.0388342744160195,0.02079741312176031,0.0391773252130303,-0.04483014982328848,0.015279047992491135,0.012642594878924829,0.003325047727732011,0.054635345795361,0.025912290916865643,0.008987546469145347,0.016928493017789537,0.01851710215556923,0.043478324514579336,0.004451762325914155,0.027358532304732952,0.008166051730726043,0.006118184839273733,0.01619857791163648,0.004556831847595699,0.033325601282720774,0.05962388972697674,0.01825359439771379,0.00681966460273653,-0.010007205916346407,0.002422735320017688,0.011450696831311502,0.0017765270990872661
2022-11-07,0.0039021321701482314,0.029660950101987327,-0.00494619214148917,0.015616317610619657,0.03062314432530089,0.003335484362320784,0.03448516669655621,0.0006741594377195348,0.011940054384494303,0.008535779743993333,0.009585907723519416,0.012991940501241528,0.02196931207363706,0.009237214095971114,0.010075933330415232,0.0074467768720718475,0.008747410870771466,0.005279861384300588,0.00388130617357918,0.0065181252249284505,-0.0012815187096192338,0.008770239904256405,0.02926952027327756,-0.024532858006138025,0.015322749136003955,0.0058452661289256636,0.012728330122665055,-0.0013428314843414446,0.015839259681493134,0.010498768415655668
2022-11-08,0.0041754042166799454,0.05548329567870747,-0.006075283660437414,0.021907831372014464,0.028560980840971917,0.005249098029120214,0.017359570472345043,0.0013467526824162412,-0.0014546923931709754,-0.00527731813021981,0.003030510803889719,0.004026895422585497,0.0029971149843077693,0.007579751733389761,0.012288429345236107,0.002463841140034173,0.004971709651300449,0.0006089745703652394,0.0018488694792146987,0.007199533113901202,0.005373773195664677,0.014290067918839133,0.004388410909826668,0.0033177894001741315,0.002270939245681003,0.004181831613508047,0.014733615785186283,0.018284523244796125,0.008395812037624406,0.0023866374400538515
2022-11-09,-0.03319028322189965,-0.009370911207386312,-0.042676192754212194,-0.0288949721076599,-0.005188006422329305,-0.01858075356620914,-0.034262574254930955,-0.01569163969385523,-0.03998082052937413,-0.13163155702307905,-0.03967788609115208,-0.005548803245864264,-0.015078623127293134,-0.00808253114923263,-0.007225932707386806,-0.033707805080409714,-0.007995824596267465,-0.01300861901204653,-0.013926078846606016,-0.002190962665963081,-0.012126045734877078,0.0008866244158987069,-0.01905000980981819,-0.01760026718979857,-0.002412157706176532,-0.01487292941262297,-0.02240345359168927,-0.006601396619318356,-0.03675563347765942,-0.02325088095667438
2022-11-10,0.08897457770770778,0.004695275312809111,0.12177847617944293,0.06094906465982253,0.05238826626830195,0.030637655761085902,0.10023947950280276,0.039854290707886264,0.018940289935086563,0.0427664728669086,0.047818731741302356,0.04505496777801432,0.08700984300647341,0.02957384098370719,0.027949820679273873,0.0813953663881477,0.011713444119976213,0.04115915651497959,0.03590264373720298,-0.006875957683135092,0.04296199569937498,0.00295290714487062,0.08226798706308336,0.08023889784963201,0.034437702940204984,0.006313530862274375,0.006492183321328726,0.023923280974196937,0.06002174745317301,0.020721196677172538
2022-11-11,0.0192689053829167,-0.020583443156013237,0.0430508514990382,0.0009044254067529511,-0.0005067932028531841,0.017380270555359845,0.009149025331528726,-0.019053785872438334,0.028460824240308824,0.050298528734993075,0.06365099039224753,0.018133287900232498,0.01039468020633083,-0.009636850757730686,0.013736452831134782,0.022513393423284844,-0.029919176219793786,0.0016287914468871012,0.007227317256437216,-0.016274873108536703,0.029655727369126694,-0.0385709432887954,0.016997372455709092,0.06633837558370903,-0.0014876072453869904,-0.00856536055338164,-0.04059374981801711,-0.00571124904790421,-0.002772725702491541,0.0015455619372271023
2022-11-14,-0.009485633215008615,0.0009823599991647392,-0.022819754250081425,-0.004906560541644289,-0.022198446782728865,4.22021374837378e-05,0.005896266135469341,-0.0011163270139921133,0.00048278069707885507,-0.0076833904923908625,-0.022393540318883964,-0.007295443759368303,-0.025465426679174286,0.0012692470333024453,0.007194200119837957,-0.0026289364494719303,0.015716595128044464,-0.010273553409578584,-0.009621696006735903,0.003242427744592824,-0.014664042700348823,0.02439787475251931,-0.022500191637090494,-0.016024001201246696,7.078719476116824e-05,0.005337478006137486,-0.015955534001388605,0.00026115822058736526,0.00907318703565041,-0.029387048077990197
2022-11-15,0.011869213957970803,-0.005958847754187091,0.004569038353104293,-0.0015567982111033274,0.010371668223025043,-0.008076195330203872,0.021492298057007364,0.0035760889755191982,0.00804090389109624,0.013046219160810724,-0.006737440874383549,0.0013599036745726156,0.01632343410410919,0.011408580632889853,0.0009708162459598491,0.0118616575741326,0.0027920831670855684,-0.007243644464552279,-0.0016466229690335066,-0.016270711408611027,0.0014501774797646139,-0.007474075080378562,0.0017387157632362538,0.02222418062901199,-0.003475734468043057,-0.01751473547051774,-0.020905084051485612,-0.01592295885178896,0.015130745820371105,0.06539500551548527
2022-11-16,-0.008330854895399198,0.007491764675578549,-0.018394983322363,-0.008577700721930981,-0.01516968103519245,-0.009250289830657898,-0.042882756340221984,-0.011358585388136277,-0.016272226532663248,-0.01633337590393713,-0.02112393780138022,-0.0014364312352556086,0.009553452017629471,-0.00663800860543462,0.0012470491241582948,-0.03842409688281245,0.006206872119989271,0.0013538401644297426,-0.001814244950390842,0.017436063203656538,-0.01889972377834981,0.0033134519457374,0.001823628853066639,-0.013869367178974468,0.008897746939261042,0.009136167334803824,0.016918122297481242,0.004774718463825822,0.0007143415645260998,0.007189286467298217
2022-11-17,0.01297143995100658,0.012439134151419617,-0.02337318995330062,-0.01264977138083645,0.000521143879890662,-0.008518904399038685,-0.03500510309384586,0.04956090923143619,0.002832674217761788,-0.02660990945477537,-0.007523283399955449,-0.006669586688167195,-0.011018966920686935,0.0023831758052943464,0.010863603529655208,0.012191037622736323,0.008071049678734177,-0.004356978678773271,0.003139328291567045,0.003119014314705293,-0.0007859243545403904,0.023816601557401285,-0.0002069532143543773,0.001235450954552686,-0.006138127636005741,0.009881993528677357,0.007409348838682384,0.007391752342067237,0.004045021230382639,-0.0033670682050358502
2022-11-18,0.0037814002094589405,-3.437153288854411e-05,-0.007485493894513584,0.012347129560032588,0.006424358248603879,0.004296084764895847,-0.011022645870405245,0.02575638742736608,-0.005975410500377865,0.00382733714902872,-0.0011968040213352626,-0.0015269958369326098,0.005586987443215952,9.322620638574364e-05,0.010609926876271158,-0.0006690416874515215,0.007663138635777278,0.009808372460900161,0.007082867303583651,3.6641774727730336e-05,-0.003067066548605113,0.018766578958407498,-0.0019033034940959537,0.0005693984849588496,0.012067900399254983,0.008910468944729022,0.028507142881346814,0.01022004829114076,-0.0009005489620422802,0.0150675817544077
2022-11-21,-0.021679979581437858,0.003028306280993931,-0.017845764989037338,0.002032790919194394,-0.005463206346406735,0.0031976384273060265,-0.021548207685704757,-0.0035573206324421847,-0.009563231245828696,0.06296289743061467,0.0019971558122304778,0.002663162135127628,0.01149490107120621,0.009462543865764284,-0.006502576319538544,-0.031134908711019982,0.005140850873312619,-0.005902327403487617,0.01537483232613246,0.004206550238334383,0.006863424941429441,0.013240066982676879,0.0034408604657729658,-0.015082463359038178,0.0126955510518858,0.00536425283790809,-0.024170033292870374,0.0018158210329943802,-0.021252313836700898,0.006123842623803721
2022-11-22,0.014660905152900527,-0.0038522248816265092,0.008003437930963697,0.011583108243292228,-0.002544249075949523,0.021923502956978203,0.030376160019891296,0.015959811665536172,0.02565631535148305,-0.014039825895851399,0.027905004827177837,0.009626382686170443,0.02556992110679568,0.010158924481266318,0.016498637455121923,0.030407659522464936,0.004830336439311855,0.014956460948631234,0.0043490107175678805,0.0008744884937301745,0.007600143769006751,0.012214619758485368,0.012311379830482583,0.0206107588123694,0.008588440060252056,0.00851520963688901,0.011407926727172946,0.015018227063368972,0.01943588450987388,0.0035727486980972056
2022-11-23,0.005926617167490766,-0.012715551764894362,0.009978544373689724,-0.004205165668637267,0.013623223788496341,-0.0014330657151070403,0.020033464992658123,0.0039273176249281505,-0.008876326407022184,0.02775175703905286,-0.00038761583979618486,0.00620011234025819,-0.010372997710970333,0.0006856127345085117,-0.0023473360909603835,-0.00503018849376724,0.0010745085560319723,0.010663884461406425,0.004490738034032438,-0.005422945837705195,-0.004665725589339309,-0.0007483170934249328,0.010407176749400948,0.00641679677391882,0.005699675556404493,0.004702555330035496,0.01265556264535661,-0.007142785745203106,0.006656062736088542,0.0048123475104810964
2022-11-25,-0.01959381683257999,0.0011997658068523265,-0.0076489282090407285,0.0014292972735174825,0.020074317325204705,-0.005149304836712831,0.00729125137079345,-0.003499933585389914,-0.0029307859348204346,-0.00010100921553113373,0.00019383822285234942,0.006757363967768493,0.015147345821161728,0.005207638953862004,-0.002554748493697523,-0.011122308931440616,0.0012993396589457973,0.0019048977990225868,0.0009579749095161016,0.006330641834020989,0.008124875279008403,0.006365695014008965,-0.0003636758101820403,-0.006469862896776979,0.0018436988431296264,0.004786997352759226,0.01493267394837261,0.0025693689968990796,0.009729369364933182,0.004264442828511239
2022-11-28,-0.02626414189842019,-0.003947273563873699,0.00578089353348199,-0.02127807904760537,-0.03661134086651208,-0.014425094941839745,0.0022170740483999918,-0.006611590121375244,-0.02906922841226567,-0.032163508973904964,-0.026376977880986696,-0.0167157136225613,-0.02285666772353434,-0.019450018007096004,-0.014760302567958461,-0.02079071892480533,0.0005078758960685992,-0.017478572173419304,0.00015962145838210873,-0.007709170873881899,-0.03409797612782772,0.008837314490332204,-0.023152602197065164,-0.009437380847497567,-0.0008178509556733271,-0.013710260599865687,-0.00995125509572603,-0.019989838934699744,-0.01183399986275191,0.0028746107241217622
2022-11-29,-0.021148126779858778,-0.002228954709969644,-0.016285245651894598,0.023530289385765624,0.020310804027084073,0.012139430173070176,-0.013078268936664417,0.004159496022578146,0.014969919547708876,-0.010450465948603993,0.023232321464544015,0.0035306041128877474,-0.009281614874023458,0.004402785480140059,0.00212065575068765,0.005917085619149276,-0.006992686623174538,0.01644981410926949,-0.003508764635890449,-0.005386956015446254,0.01195454053284739,0.0035961590584758785,-0.005914755273890515,0.0122903355346482,-0.007639975861620241,0.004776751967219495,-0.008022055717161303,0.0026151209646370077,-0.010413779244842547,-0.003517512037454318
2022-11-30,0.048593631555265526,0.01563896767114481,0.04457912603558589,0.02052859690158515,0.020305711897503187,0.005486683603436404,0.05650059448104505,0.02982615558164503,0.012594357770552289,0.03358342291612293,0.006317731046784347,0.01295887304900023,0.03161830875769889,0.013058261954601136,0.016451582762172956,0.04048440789335905,0.010846683199502438,0.011862834883985762,0.025306300377831326,0.01074518361983512,-0.0012685317034661914,0.011760511642989302,0.06162358130882328,0.03237654020695002,0.025295908739296102,0.01388816995873099,0.03742419594466018,0.016692785177626845,0.03797962218365658,-0.003595669804692503
2022-12-01,0.0018915756140558404,-0.0016063470469578345,-0.010772746070691896,-0.0005712332725904545,-0.01733008731493768,-0.0030457101652364704,-0.08268349692605281,0.0050280181518249645,-0.004473010391796595,0.007356571628092334,0.0019620863094340635,-0.006059947068133953,0.009506463732526838,-0.009838321385427506,0.0017461167709873493,-0.007981231095621544,0.004157412971597996,-0.014039845011347585,0.0028296727223657836,0.0022363280764035043,0.00015871725363436617,-0.0029060479467343248,-0.0017637644414605358,0.012945574761977996,0.0006031040689575828,-0.0035299043452962087,-0.019808110333193518,-0.016675252569313126,0.0,0.006232851664681238
2022-12-02,-0.0033712124772459218,-0.0015037994959065104,-0.01434557849824114,-0.004761956594918848,0.040334488492018705,0.0018670901205477541,-0.01659851086498698,-0.005403256967882353,-0.008000488643172043,0.008520266216240246,0.009398839427468442,-0.008415572328191456,0.0028126762265368033,0.007774204493123715,-0.0032850400563280147,-0.014079924227002327,0.0007832432517864696,-0.007927073756024972,0.00877875297661812,0.0,0.007937113248811967,0.002185888256129198,0.0012957616637718772,0.012909555398061379,0.009112077756752157,0.0021149579724621947,0.0016814034894994112,-0.0039135016208625695,0.0030414665670273067,-0.0009780303266313517
2022-12-05,-0.007983099494808132,-0.0021016902813206784,-0.033145598727553405,-0.004274448582056611,0.012194515480240975,-0.0150766553612941,-0.07353371033559697,-0.007444610821822684,-0.02469211582456965,-0.035200701441114646,-0.005819588424894606,-0.023753194003741873,-0.024116591424808043,-0.015884714779215492,-0.008474988706313136,-0.00816034061815396,-0.0005591017142733135,-0.028040903077572343,-0.0136752253199115,-0.006620553542931118,-0.018584150768797048,-0.0002726305120115402,-0.01890045122348394,-0.02299451820036358,-0.010092100765162093,-0.012293004512761718,-0.0020888768958743364,-0.02907270920243732,-0.018285463764406984,-0.010246827174318796
2022-12-06,-0.025370011687248173,-0.005685866654343119,-0.03032636052572657,-0.008841278147045828,-0.036034647259839736,-0.018403162307027876,-0.004927542148065234,-0.015001152093776615,-0.025770154898552722,-0.03794448687388918,-0.003902554809561143,-0.023227788145836814,-0.008216567522486229,-0.011178084728621474,0.0006102500997546834,-0.019540704942272002,-0.01499049425480481,0.0016749156182347402,-0.00047267437596421047,0.0006626016101043408,-0.0004011412677782378,-0.009817298453323575,-0.020303823631802387,-0.015417088517712951,0.0012742625209829495,0.006890717962817483,0.0079993194017145,-0.0048558631628126125,-0.021527493117261765,-0.01160563865426445
2022-12-07,-0.01378488205296946,0.008718900154916831,0.0023795930251859776,0.00045241008157237417,-0.010816526116706027,0.0030223955398600566,-0.020934999532977727,-0.008437690470335601,0.002964884656779798,-0.0015168823924959218,-0.0068560044364009975,-0.008238777290881738,0.008505320429286423,0.0012195255312590358,-0.0015592053073690826,-0.00944049015854831,0.006076250623410884,-0.0006840840867204934,0.0015763702144340197,-0.005261616014387349,0.014207786295294955,0.01064892762137637,-0.003059836223614165,0.003706113869135441,0.006431050260152338,-0.002387448899121236,0.006656812868531148,0.0075901869399526145,-0.006074181303077242,-0.005203850259353882
2022-12-08,0.012132598190863764,-0.0006648061653954374,0.021365582288144003,-0.004199900881969976,0.014617574113624299,0.008472469640750546,-0.0026823737788790325,0.01681182536743986,0.005912240203293617,0.004340788000940954,-0.0027613155031160908,-0.005112380675842854,0.012306414094137352,-0.00046860765597467324,0.003463028812140667,0.00388277321793451,0.0001691701266501866,0.010494315341258664,0.004249185410177381,0.011282068531888845,-0.0027701671917648163,0.006903554634273057,0.012399280381667044,0.02797012042745406,0.0071884248188827105,0.003206535573442748,0.009227912151178908,-0.0018832365244003668,0.0062075872079181416,0.0015484733776929271
2022-12-09,-0.0034348309930466447,-0.02423234436438959,-0.01394579034322141,-0.0014273291404723887,0.00256863664493423,-0.015719707346956602,0.007530657235344851,-0.010818529266260257,-0.03192326408306401,0.008967976094397256,-0.007120212426824923,0.0029604748669320724,-0.011138709576775985,-0.008061774479150019,-0.004939705502358893,-0.007032358782165016,-0.008239068934930094,-0.005418426824286726,-0.010499798027962526,-0.004938019164130392,-0.0019046394640390707,-0.018673970739172985,-0.008003217175717059,-0.01742100342875963,-0.0026436253279746857,-0.011026964946593276,-0.015914613102091635,0.008086370000010223,-0.0019130683242312152,-0.023323074806925637
2022-12-12,0.016390040024471197,-0.006710895284467222,0.01638799835988136,0.02215728735449618,0.0374847456722498,0.02538620574579764,0.015254420370545141,0.017333863898054247,0.010416623739273989,0.013707674424439098,0.018127637876668823,0.011248959388337587,0.0234024283900367,0.013561403848063591,0.014688921619181672,0.015934866961490712,0.011949394916054512,0.015511417872090538,0.013145429207927162,0.01683571641870274,0.008667210991710306,0.001746556860842352,0.028889293771003244,0.024218558544793822,0.010270501159905798,0.007864309963416805,0.012351393411896616,0.014705923438221857,0.0282223735867162,0.01864971053765796
2022-12-13,0.006782286450274011,-0.016330421354578295,0.02142456926150338,0.001334913689237771,0.004616957054951465,0.010426422047446593,0.0188566218683488,0.0068965581663775755,0.02226793818026951,0.00042254398371865953,0.008804487215227974,0.015171566113631352,0.014970333483697695,0.0021445442294032446,0.009114636073467075,0.0013941883951018585,0.00770353718657768,-0.0009684971582675228,0.0003124791770285906,-0.008459140621979055,0.0034687623615119456,0.017803172145699486,0.017464772627924008,0.006960019353926317,-0.0015084591125498203,-0.0003206879001477203,-0.013996206888853946,-0.002371725517606449,-0.007223030316871437,-0.003580383769728912
2022-12-14,-0.015535730295062722,-0.0041507837857459595,-0.009838858835905628,-0.021648287407944555,0.00598511776820021,-0.004288992688259996,-0.006414883814999106,-0.0068493214227851595,-0.0069152517352712994,-0.005807896915766886,-0.003879002362861983,-0.02253938314122117,0.0016221265381386463,-0.0011164528532653373,-0.004715547535378506,-0.01635914721373588,0.0030687905308877106,-0.004996977589853513,0.0,0.0009113768863038274,-0.009427245755587732,0.01243428429912119,0.0011676355104222047,-0.012405839248081363,0.003941093521705019,-0.002191998329642897,0.00026006529663402667,-0.010829293700481024,0.0013142348876724608,-0.005559853800818915
2022-12-15,-0.04685426282389271,-0.01840433796451091,-0.034177820705733164,-0.0252415122061157,-0.024063738535441526,-0.016291266737569865,-0.03198522492809719,-0.023326369008661807,-0.00748577885816859,-0.03887411816276776,-0.03563084055109633,-0.02927464416105463,-0.017484667848998492,-0.026779053884884663,-0.05004678134571683,-0.03927821351643923,-0.012627704455456246,-0.024810872824050922,-0.013751965514849918,-0.0101991514826415,-0.029423573889294397,-0.01721211169215675,-0.03191827762489796,-0.026379479224859836,-0.011318863105256538,-0.016448799744395948,-0.01983784695573676,0.008544713839719886,-0.025360876214340577,-0.00893161364551276
2022-12-16,-0.014578936749791271,0.004771941072314156,-0.006670394101153776,-0.026095285214327246,0.005334180933091792,0.008930822104611602,-0.01663594957835146,-0.007061358951413466,-0.013564027412816482,-0.004530878502675972,0.005451209890221964,-0.009947493825085307,-0.013003881167350295,0.0036846100714658103,-0.015453397255800083,-0.008471481794972924,-0.010254247975195918,-0.0062258741746636925,-0.005704381010393389,-0.020645508367602927,-0.005638209526308557,-0.003922403544697417,-0.01734860152652229,-0.023592373794568466,-0.004433811711256674,-0.004194521921990657,-0.007542495033555752,-0.017209400583591217,-0.004906058299622984,-0.017955452798768645
2022-12-19,-0.01590940548124331,-0.006394775505528472,-0.033462353983410575,-0.008817317983318418,0.005305878417603216,-0.0018476864975702778,0.005768903942565906,-0.008575433384259368,0.006875423937115599,-0.047735406641655986,-0.009437747143232533,-0.005023957856518102,-0.01858696450466424,-0.0015732980008213993,-0.00920424446517032,-0.004829071714161692,-0.0010816379235368823,0.0059555884772801715,0.0014342270157086112,-0.0010898326839795525,0.0036159316594281954,0.002197748356741469,-0.017328165519207128,-0.027371327175371274,-0.00026609620341866425,0.0038840294096960104,-0.00019113112198221316,-0.0024246933467594323,-0.010005184928748134,0.0003503343768247458
2022-12-20,-0.000528897892634439,-0.0035753702084549976,0.0031795134041781026,0.004758217276049415,0.014056445030719678,0.012269195496194651,-0.004340558199519506,-0.0006332858766385785,0.016423246668417102,0.014455687483823976,0.006689571566474095,-0.0003481437331358528,-0.007846966966617908,0.00993264105135383,0.017354739283243603,-0.013064595047834304,0.0010828091309569299,0.004843969344452637,-0.0007958435692697607,0.005341841165744876,-0.010808293795022239,0.002467235925778466,0.00561462357006115,0.0015526787729496228,0.00039908522304576977,0.012424497776982957,-0.006474149853404221,-0.0010801396543681507,0.002636419547483504,0.008753297106277147
2022-12-21,0.02380925342265039,0.005703464623859844,0.018546709195681466,0.009609079195098236,0.04094751175730704,0.0280256479382206,0.014402410086610695,0.00612210754281306,0.011756672582793115,-0.0011491938233928467,0.020338326659691264,0.016459102267256664,0.014356410008290466,0.017069496617979185,0.006086996915832366,0.0147503696981226,0.01144193458940479,0.011247899171867415,0.01608559961606315,0.003405058237266667,0.02193527370477577,0.012761033345837669,0.01087656457389996,0.12179041414813119,0.00917177296008731,0.019538113848968974,0.014090112171109448,0.02135722178092392,0.007060885037725839,0.007844555592473101
2022-12-22,-0.02377231309465233,-0.003755684948593019,-0.034343619255829294,-0.012168805896398682,-0.039540816326530615,-0.017333286097078182,-0.008518779148237066,-0.007133783631958601,-0.014997214023251604,-0.002876110289256939,-0.009867884998282617,-0.013079824168942489,-0.010145200611902938,-0.01297066708971717,-0.008864455373651658,-0.032053673818973616,-0.0036582821117390196,-0.01134987734722348,-0.007210163185849772,-0.008912764036380527,-0.015146478811561948,0.0011698950322234225,-0.025528750245287446,0.008032515019316788,0.0023051003032492634,-0.011719984412691842,-0.0008526991282229446,0.014028628247511499,-0.008462104821787775,-0.011709382624211617
2022-12-23,-0.0027982786527498416,-0.005051465920379861,0.01742450254827599,0.011767915007609098,0.004302775875663967,0.009808812093715202,0.0019352155859213571,0.0033812890445632515,0.030915904037754904,0.01546089635266279,0.013753312822205599,-0.00020262490663824906,0.008256460919001452,0.0073475625404211264,0.005465804868331148,0.004620707735189855,0.002541825296652478,0.004745119177424151,0.007578246257707422,0.006772902384272861,-0.011925456062890527,0.00557352298522118,0.002267158570897765,-0.003941342815276583,0.0028255451852512437,0.012179332537477938,0.008006396358973156,0.0026103424630956606,0.0037550778339892066,0.002021071463230495
2022-12-27,-0.013878302319530578,-0.0020083952729595955,-0.025923742926365456,-0.0042851434288943,0.0017983515406809758,0.013632488406277954,0.009425022050978171,0.0010529928203912853,0.012570391911645107,-0.01863420832209428,0.006488242900450247,-0.01024548868213404,0.0025725461634857894,0.0047693296534170315,0.005435851875996045,-0.00574926188629743,-0.0002816147924056267,0.0035040510896142685,0.006110936631086528,-0.002728123862887011,0.0006659318745663168,0.002324401454667946,-0.007414097793604357,0.011268651525946582,0.008714286971069019,0.005277634356851468,0.0012796802419396958,0.021869207888452813,0.00223486655709082,0.0002782460623227401
2022-12-28,-0.030685121150132666,-0.007479274997270968,-0.01469172937442731,-0.016258047670162035,-0.005385369833904807,-0.01546432977929213,-0.01676089284574489,-0.00967801320361672,-0.014752692676918921,-0.025471807633622,-0.023441888768555796,-0.0032166596198897057,-0.01195434627509695,-0.012564567335066279,-0.01685161874432617,-0.015420298351223383,-0.004339691078587005,0.005465314320715731,-0.00996735588380493,-0.006483473302928755,-0.01605394981079855,-0.009275671759787385,-0.010255036810357554,-0.021946045483891674,-0.012926312203409118,-0.012337197395497546,-0.006654243537605575,-0.011210174126644157,-0.006301748051888101,-0.017523222543514794
2022-12-29,0.028324419035550052,0.006655907865845689,0.02884381103830358,0.02298474914314652,0.002813455598042802,0.0034254538950004854,0.03168041750635231,0.009135222424895062,0.007571636714003072,0.03576080688006433,0.013202686141101427,0.007510066821899919,0.014822926872420261,0.012064725985282632,0.007427722552941773,0.02623338336179648,0.005094486930568687,0.005737619796688298,0.005977615269070258,0.003093176744152437,0.01927463170233712,-0.002340948697964418,0.02762966853870652,0.020612106413107734,0.004145904148423973,0.006963309764001613,0.0027058319719583945,0.01159468726388857,0.014976328980836229,0.0060870432396660235
2022-12-30,0.002468844417927718,-0.001976033100149821,-0.002138278742257471,0.0029188634825492166,0.008363780638534823,-0.002664447254526303,0.00037730708776839705,0.0029474384493834993,0.006561382103759783,-0.0034411649208093698,-0.005133347766419827,-0.00014554233250607673,-0.014200483337599268,-0.0020954059890316845,-0.0012054428617609414,0.008393740168449959,-0.005124868117280079,0.006605756806244312,-0.0053164848175603074,-0.009025019422266856,-0.005391029874529107,0.0011731830806058774,-0.0049375045823576436,-0.0028972431627529716,-0.006750191844584585,-0.010293443585698281,0.000566158401703154,0.003566147385556162,-0.0014418606325913297,-0.0025328366476101705
2023-01-03,-0.037404893329788025,-0.0037694674289239227,0.021666663033621747,-0.004264078259034743,0.025723102289795463,-0.0028384795474183377,0.016517091749701063,0.006297089652414822,-0.030642553620708002,0.02405628133838067,0.012899451759049052,0.008270767692795333,0.00015808059294819543,0.0,0.00468476413082608,0.011350754617726944,0.008717799254141623,0.007605847474830618,-0.01037575105548294,0.0030355718979722113,0.021264361069671,0.0017125791952030678,-0.0010009221591488204,0.014870579110864757,6.605980599849737e-05,-0.001973552892277075,-0.021766158944673708,0.01827420578561223,-0.0017809451712736957,0.012765492541511936
2023-01-04,0.01031435078823928,0.010472171002262831,-0.007923564525679994,0.02324627130986423,0.04222324594795546,0.010381835336084722,0.03568778311860288,-0.0002103768260276473,-0.01063299797679873,0.03383157318583918,0.025274088862061728,0.004274819027307197,0.012092192292787463,-0.01987889348922356,0.0074175538531415786,0.035540569170359415,0.01088705368957088,0.009325266882007632,-0.0004767115023959212,0.00022732537649150508,0.02188274827634684,0.008457843244331187,-0.04374305201460682,0.020715706417309354,0.004354409758532407,0.0005879971584166199,-0.02726357275325919,0.025174378637191852,0.025169847989473526,0.0011141364975095769
2023-01-05,-0.010604672314663222,0.00934210903258137,-0.023725589118479662,-0.023930262144363112,0.006629375896493261,-0.004474803204432387,-0.02328245237627391,-0.0140902646222133,0.018008950581564598,-0.0006523682776841122,0.011083630531359745,-0.011331656286941327,-0.013323658383624148,-0.026518676989054968,-0.010448404629923802,-0.004335180807610195,-0.007383533080527749,-0.0002214511098270755,-0.011443148794442082,-0.008434799230213952,-0.017499036973846582,0.013918509682316671,-0.029637736822838212,-0.00486756066679106,-0.012415433950553445,0.0017091241799662704,-0.028820561848749593,0.013858535180522269,-0.007055166872641516,-0.003408462522394351
2023-01-06,0.036794148924341075,0.03125243075999817,0.035611152390083056,0.025541204670584294,0.03907504898868375,0.03570837585797948,0.03058535779165128,0.030716761346521126,0.007532440518432049,0.021758077244304896,0.039879166575106595,0.012566843076998513,0.006529929828180681,0.028365902943617183,0.01835428980385201,0.04245280378238636,0.008109714876358698,0.019135435244791,0.019292750827876848,0.027883714803323967,0.03057915804879885,0.010559696892030956,0.01178521066504179,0.032415904425163955,0.023812655663719928,0.03369743691585936,8.1651381760528e-05,0.011750525173953141,0.03145295010212834,0.024499190518879832
2023-01-09,0.004088772133972851,-0.018459425865958612,0.01486987397850048,0.0015318662306398334,-0.02079808767972413,-0.009001048148327362,0.04690059993919493,0.005380842909901373,-0.00781609803869665,0.009050098062268308,0.004725462347082043,0.014134621020330584,0.0008816742350621354,0.0019023679442253805,-0.0010438556813542332,0.02018793067101199,-0.025908437231725978,-0.00413209644392909,-0.012460680297606608,-0.008238220990001932,0.0005523835406127109,-0.03883653599489145,0.009736401108079829,0.002569525056826283,-0.012214177151446126,-0.0245008768225341,0.00012249996776314553,-0.00402066076580998,0.003903510607858207,-0.012467537803012907
2023-01-10,0.004456520393814278,0.013919741271670949,0.028731709234134817,0.010638295634474382,-0.009013783462595626,0.015773254264501047,0.002311168319576007,0.004734507391763287,0.0049092300777611175,0.008336095112203568,0.02152669511774885,0.012351344533914066,0.008873125773829704,0.0031801680148464406,0.008707531335051533,0.004435366260712836,-0.002392114229690323,0.00895380844247562,-0.007666471514703788,0.006211477371784735,0.010568821156951458,0.003895524361739122,0.0076171989336706325,0.00792962777545192,-0.0009864604810172484,0.011104273965606648,-0.008284706627462723,0.014020049503803422,0.011390686451324683,-0.000621079914165823
2023-01-11,0.02111208146829857,-0.0035416766949174505,0.058083825879343465,0.012631701205222612,0.006483121205973719,0.0008782208365234467,-0.01722733030587853,0.0081948004406458,-0.004771687176636341,0.008057815175274152,0.019656612620422065,0.01992401768703389,0.02610482237663625,0.004542551477238366,0.0031770281418948,0.013926610146089757,-0.001598312286057002,0.007431243562524115,-0.0019314754909777188,-0.00037191579023676535,0.007726367382085542,0.0023462003045029434,0.030238258533659357,0.016687844215076852,-0.008097661729239314,0.002144111961431605,0.015226265085063195,-0.01835524322622828,0.0045682685491315045,0.008767061324277847
2023-01-12,-0.0005991844639962052,-0.007291787241089254,0.0018929468094222024,0.006496673811538178,0.030236064903288673,0.01730946675524847,0.03243620612289044,-0.004267249914037152,0.010730571548307033,0.0361257290646928,0.01632518511286274,0.014980042950246908,0.0026444101733957837,0.01733414124474808,0.001996260161934549,0.014740363492171227,-0.005032305610743082,-0.0010023353016321845,-0.012901040540712505,-0.007886574770809451,0.0017813517875100437,0.006302654463882229,0.011621322724714611,-0.00039075398351806623,-0.005642242730422131,0.0018785740571012344,0.004600772547179721,0.015298686726085364,0.006843658588244539,-0.009032936641421574
2023-01-13,0.010119099518797636,0.002989862968539869,0.029915043601747016,0.005422193549467602,-0.0008865361838048536,0.013290401056557544,-0.0006017658405127468,-0.0024488906078844463,0.0027107065332983016,-0.004107718907845337,0.00273404861715143,0.010974729383167237,0.00406224008802436,0.0029169578147338893,0.002336163288374715,-0.0059425117495212065,-0.003275865348570939,0.025234560170099396,0.0035941698276618084,0.008249337964794545,0.0012369531411235979,0.004294352248029654,0.0030188007385827387,0.007506302537528153,0.007142559183204167,0.01005240688553144,-0.012306539653964776,0.0011959960637482059,-0.002504110760452427,0.0033146452134460436
2023-01-17,0.008756289240406279,-0.008501011274669623,-0.02109661268732821,-0.012904654202513188,-0.012702569274173903,-0.008511826690723256,-0.006955825236350077,-0.01636663909068603,0.016501691987587108,0.005130805328797283,-0.02181329571792423,-0.06438499480065141,-0.011110774112615296,-0.020174592944401493,-0.004798201427137605,-0.016937944698565688,-0.006169699854236987,-0.01545338553080422,0.004069601252339794,0.019413196735510674,-0.022469296715919795,-0.016035761766270085,0.004681662799458808,-0.0055101563478532345,-0.00291621517370122,-0.045998136779694,-0.009171466601030187,-0.024128160747168725,-0.0002691060578040583,-0.006056800736623624
2023-01-18,-0.005369872790677133,-0.018669688468051948,-0.006142675153973931,-0.021658645174871594,-0.009460290267042204,-0.013423791817591568,-0.020340826889673758,-0.02454241426416981,-0.01806216574142716,-0.00870783508974049,-0.009756085549100568,-0.002371907541966367,-0.011723927241601428,-0.03769298078739758,-0.032922280447678975,-0.026689201696221576,-0.015084499655127148,-0.030042532941067623,-0.030317652535020945,-0.02944085736389579,-0.030410776450927934,-0.01502923406507306,-0.018889001633995095,-0.013344949338717105,-0.026788229843212608,-0.007405378651712979,-0.018223635181189635,-0.021542101567101013,-0.01587432233823871,-0.024721225939227987
2023-01-19,0.00044367163075609284,-0.008926305685078573,-0.01864654092151996,-0.023733386308828264,-0.011078779827358054,-0.023328994554761784,0.00660027949253017,-0.009381882375424588,0.009987227013923183,0.00040377834343008345,-0.0042224077350004885,0.004755187987671494,-0.039574768536160265,-0.01752871403194245,0.0014954706964918074,-0.013536890286561909,-0.0013549293580599198,-0.013326573351243765,-0.0015047971954567085,-0.009246967401665751,-0.03519362531312986,0.010203161075745149,-0.016453918302057335,-0.015027905367250849,-0.0211481539180558,0.002232734808998771,0.017050105177198294,0.00225175505986841,0.004328891340410923,-0.014271601654345711
2023-01-20,0.0192207941509408,0.0046177238866713655,0.03810845093076898,0.032346011143017384,-0.0015935189380961168,0.01611414950350909,0.03305768821605781,0.006887783403541459,0.010614161265631195,0.04440872515393113,0.014841011658965009,-0.025402745269591853,0.013252574864827116,0.006827545858211881,0.004124623959030016,0.028149021488384385,-0.004659747611630349,0.0024488708173684426,0.006028120275785032,0.018969658660316302,0.018745294403965884,0.0003639836192919077,0.035743528677740555,0.01678308874833201,0.0038617809069703135,0.007009144227941411,0.004872463635390734,-0.0014979140907225297,0.01769412564460704,0.01231712716308997
2023-01-23,0.023500636939240316,-0.008623219564976026,0.002776315095798454,0.015831132912709878,0.015525279547059956,0.01197374819161623,0.030545387635336985,0.01539116639811966,-0.0013264936879605616,0.021356742205578483,0.010445675209941108,0.021355139997993877,0.001523745354160777,0.012028053633837743,0.004674237263960324,0.03593448340287719,-0.002548419222243248,0.01621275087740237,0.002496654993744185,0.0026434512256150455,0.016328080790180444,-0.0005458147951091785,0.009824299103349698,0.013188980893180657,-0.013429325947040827,0.005557741122613091,-0.0018696860173992302,-0.009249961481873514,-0.0005794660687756803,0.014942468737636716
2023-01-24,0.010062954798862656,-0.0048665406427220725,-0.012305137300550828,0.008636265164310819,0.009572769896415867,0.019430092793033982,-0.006479583935308564,0.006526333903324355,0.0009409115949319258,0.0029331454449428307,0.0027566600036843525,-0.0023199979944118487,0.007005162704375456,0.012080462879727305,-0.0026082052347358164,-0.011562749946416706,0.0,0.008596090101947285,0.005312965107122869,0.001002725518495895,-0.0621430033799486,-0.012377163595650331,-0.0022261293771210777,-0.011380343221398692,0.005459099092155029,0.03697154030620631,0.01191822603116588,0.019934312541193266,-0.001293693754658931,0.002663945493766029
2023-01-25,-0.004700814157930222,-0.012167874911599763,0.008928577793566816,0.009270625895059004,0.003302183990709695,0.00322210890354957,0.00845899810852102,0.0035557064440729924,-0.009677464742761765,0.01999996463821141,-0.005326517204656045,0.0037320024357301307,-0.0013534660238040397,-0.0012564184371623988,-0.005159362137540979,-0.007352807012301454,0.007129670680663169,0.00483926944626778,0.006275962387663592,0.012761477411766364,-0.018000016143910003,0.0006450136814080132,-0.005908105616489356,-7.90377440116341e-05,-0.0007052814452787048,-0.012988548901193275,0.0018308633727388557,-0.002226570656628346,0.004511137410742938,-0.004754491012000095
2023-01-26,0.014803413472950444,-0.006470715273798611,0.02099198301215366,-0.005677071014395629,0.0002351093355266176,0.014239175775901058,0.05711749521083731,0.007503113745459311,0.04863738484593538,0.014613389681074285,0.003973099959162507,0.015273343369808678,-0.010874481744244102,0.012967542372130714,-0.044828161536192845,0.01313130485682068,-0.00365759073344607,0.006181607415762125,-0.0019696520377326943,0.006300397005409408,0.005489998984705258,-0.015839263318437435,0.030713534945727705,0.005598611058774683,-0.004021848934653516,0.007182443063733279,-4.077877377772765e-05,-0.001487770185883197,-0.0008445727319040808,-0.0009132596020686723
2023-01-27,0.013684339523798661,-0.00482586946992003,0.03043737760442866,0.10540143526127332,-0.007333227988176039,0.009232421561517157,-0.003452747234448439,0.003516721827561131,-0.044411130640598984,-0.001458593249809792,0.014624996469779772,-0.0035776503734359366,0.009177562673951423,-0.005827624852280167,-0.00044634471221116634,-0.06414101397956218,-0.003907867251482511,0.0024290592969011815,-0.005262153372544098,-0.008226524412206171,0.014971449372202406,-0.013942310663327295,0.0006451669805038751,0.0,-0.004109162510433362,-0.0174377368414681,-0.01305622011957508,0.009187943181707237,0.029949471029067976,0.00766467033879259
2023-01-30,-0.020078365157945588,-0.008121359371790926,-0.01652968356145279,0.002031475382866299,-0.0071032817777454405,-0.011491700929440185,0.0013978811272530312,-0.005978110570472817,-0.029256326508802277,-0.017801796668950765,-0.01729693402546839,0.010630171385383136,-0.007736257135024349,-0.011290860573715755,0.006771697621668515,-0.007457285291350146,-0.037032757014072604,-0.008480581047877966,0.002479663453737402,-0.005762188584777395,-0.02316715329681751,0.006737448389649181,-0.021961512501124547,-0.009095911731962891,0.0031302711706384656,-0.004503010149977449,-0.0005349702476687979,0.010088612913811135,-0.010110542543233736,-0.008024859536379547
2023-01-31,0.009020982164374969,0.003219578067859219,0.025658817736008643,0.013146943792520682,0.015882109315284554,-0.03521989313050622,0.019545079317047076,0.00933221175098109,-0.0010332337822834825,0.008365183989845537,0.024158845665186224,0.023359331820948404,0.03159998817716403,0.013120639066362072,-0.004213131466411557,0.011091278353267509,0.008765401079423363,0.005965680381820437,0.011213638617745048,-0.01288344906549288,0.02220650045671757,0.012442276443777489,0.021012728694284277,0.007596781194544544,0.00971535805764323,0.017082599779508323,0.02758396348416614,0.012667663518953987,0.004844893510716153,0.012099679076043701
2023-02-01,0.007900790605056995,-0.023732195929264344,0.019586971068148662,-0.007545803796802697,0.008215962441314506,-0.010900102219614127,0.022920597745224258,-0.00205459350905135,-0.015285476529569575,0.008295788195251452,0.014658769210676992,-0.0002733662722150809,0.012092540103993521,-0.008442021509370234,0.002672060362420403,0.028662347714085712,0.009178893342660643,-0.002643727362952819,0.00016319589996349748,-0.00422586089124799,0.006777945585324963,-0.004003084911896382,0.019934493187201863,0.017042266620702406,0.005689015671403341,-0.03081821870351087,-0.004387254778502325,0.0028864445428302687,0.0029973821465965056,0.005560558303354002
2023-02-02,0.03706270074151807,0.0004869685976476301,0.07379935352944922,-0.0027647995089822297,-0.025192100871289314,-0.018594336425862168,0.016412617780806382,0.01544160422683083,-0.013713839096193392,0.03492083321881623,-0.00448376135638251,0.010281526382154738,0.03566076466605783,0.003192815425962614,0.009623347070230048,0.038527665703541825,0.0037594891854504375,-0.0046562148097769596,-0.01712045241386373,-0.011492046578242099,0.038235829893659146,-0.03290365141329454,0.04688424995875429,-0.003397696839783526,-0.007123271281720633,-0.01878754389249393,-0.05265585813715834,0.0033584059466318372,-0.005803266468308088,-0.00725790570589302
2023-02-03,0.024399824919623114,-0.005516654496674267,-0.08431497620839845,0.03309652148543729,-0.01590714574046237,0.011678248793879131,-0.020613973610286385,-0.01399024407661642,0.0026033665879336976,-0.02208286407796123,0.0008340912812401235,0.001298874564021224,-0.02439718984882422,-0.02261567025844624,0.004032421641105843,0.004306081033181641,-0.005617961076471389,0.015473917463086018,-0.0074651829568214145,0.0038752577845513336,-0.0232769394919653,-0.005026001057059304,-0.023620351178183396,-0.011235022800744177,0.003094926688554711,0.005557016943609661,0.0025275683376670965,-0.007650199311854289,0.002482895968161536,-0.013299093433353115
2023-02-06,-0.017928828654606543,-0.005383953096218308,-0.011703250716856073,-0.013306434673092338,0.0038833215527864784,0.014772405719550408,-0.011634700158451028,-0.02179723573543091,0.0011211342904582366,-0.00758736719268327,0.0015002194627600218,0.0022978331133103325,-0.006727139519093206,0.0066605032260933505,-0.00555015142512294,-0.04223000247185693,-0.007593864141525741,0.005882691038252119,0.005682656321894131,0.013964937678214495,-0.008426335118990824,0.010588824979644418,-0.0061160366988810555,-0.014732399457783818,-0.008484875227077526,0.017673471613414593,0.00682169375788888,-0.0055408470755270445,-0.00299828813610703,-0.007268194779042503
2023-02-07,0.019244809509848526,0.0006150839578238365,-0.0006850625818668465,0.012579390945864688,0.03844106688309301,-0.007000245903263758,0.013191465452935924,0.005675836375399479,0.026232261996940842,0.01601891915385223,0.006989297488836588,0.009708659460802682,-0.01236046834741833,0.007008305032744078,-0.0024964681966428426,0.012547857019084008,0.0002447648763221899,0.012190175135792014,-0.001661900867113708,-0.0021647163504913136,0.0034335179580002873,0.01586069913530408,0.04202220929837752,-0.003181363167854001,-0.009759511807723165,0.016237508064390838,0.003450855143651843,-0.017683989463257,0.008193849776110262,0.002132513708233086
2023-02-08,-0.017652837183662617,-0.015573718588468455,-0.02017429777965274,0.0016787467859575855,-0.005866988913504678,-0.0031642834219977045,-0.009633410659464436,-0.018394819998129974,-0.023493848032916542,0.0013437631383994564,-0.011568228283924453,0.0018698360336169007,-0.013561079498267348,-0.0158172065071156,0.0010307513437239901,-0.027882909700009062,0.0012854172608673942,-0.007030865098625938,-0.005826544327884986,-0.0169074202093491,-0.014114743625598947,0.009084120429699194,-0.0031021825991182084,-0.019309130839082922,-0.010355577615538292,-0.00857102131872678,0.013294787215805126,-0.0007397338434171896,-0.004841781170922932,-0.005390709166681051
2023-02-09,-0.006911420263269963,-0.000832644007945138,-0.01809100582487666,0.0020668135685908418,-0.007072573802510251,-0.010407044626054684,0.023757718451993926,-0.004897748358897003,-0.009176367816279174,-0.012703523418348794,-0.012205229285719876,-0.018954972411410642,-0.016334749423674855,-0.014835431402088761,-0.004317887190572689,-0.01805956394032837,-0.013507804414993996,-0.015563643714187614,-0.001674423481915821,-0.008218471563548269,-0.020130096118748386,0.0007500645174642884,-0.011659632633944428,-0.005939371906413471,-0.010969166315780488,-0.010832881464068467,0.005194238224870196,-0.017522340863432406,-0.0017410398046487918,0.009271093844311906
2023-02-10,0.002456041648914331,0.010416758509472102,-0.006412838631079665,-0.0006688495408671002,0.00424545437597712,0.00564397052523069,-0.03817806987875971,0.011341880806794435,0.02095711441263637,-0.020840912012971113,0.01252528143064402,0.008940370850753387,0.003137476018020058,0.006274522109795511,0.013831930044850393,0.0025243164542867458,0.004646833603441536,0.004415189259064034,0.0,0.006752014404297402,0.008412313755727263,0.017335061700775034,-0.001972597933525222,0.00040937310997457566,0.008828859386705856,0.007498872006110879,0.017540613448268294,0.0050236199404236626,-0.009374367722247423,0.01554541392548936
2023-02-13,0.018806801405883533,0.0047833092156042145,0.019772567289289666,0.011603975505346309,0.012964415964811904,0.0019381470907577913,0.024247085525913592,0.012695616317293101,-0.005582406035621101,-0.003701608257805189,0.008358351884625081,0.007379741202552026,0.022082389505852396,0.01446590275439319,0.012905391448368109,0.02697844760927337,0.0037002104789161105,0.010847975482869199,0.016437320566054625,0.0144043568257326,0.012293567265500682,0.009026572521964038,0.031242829528163263,0.02388932637532437,0.01309152690595905,0.004551389253103055,0.002225695024210994,0.007748332242745848,0.007394520966637508,0.015237826216593753
2023-02-14,-0.004224856579644443,-0.002070005942660158,0.0016073541414833858,-0.0017096206268341074,0.012984016373781326,-0.01527297626963342,-0.006546446713086462,-0.0033431076034935447,0.00766025840530804,0.0,-0.009283657424960623,-0.005988939030589502,-0.015763443791696474,-0.011653378850638219,-0.009755936291811151,0.003152381415221006,-0.004362503789998362,0.004418931633418888,-0.016666633368718764,0.0015401634104286188,-0.00928170473378176,-0.0073938161961593085,0.0031328994055173087,0.008389925840517787,-0.0056401816044628905,-0.018496732791450365,-0.00508741267388102,0.0002479458647663968,0.0022280779197056955,-0.002878490317982818
2023-02-15,0.013903289531264962,-0.003982837868330091,0.014643999584324163,-0.0019333786587294455,-0.004623458553195792,0.017760571993050478,0.006707261110843632,0.015723332870103857,-0.010537872015588756,0.014675828545030134,0.0,0.006885765314517123,0.007097277079178399,0.003532062163263072,0.0028675387637997485,0.007332601192236776,-0.016477440245075248,0.004190132675712999,0.0,-0.00018734744663650993,0.005078350105161,-0.009748038007177162,-0.007992800176895742,0.010142728905476961,-0.0022974201715975084,0.0059196636623317644,-0.003205956962650802,0.0012397698408392888,-0.0020488764182282626,0.007423258133372412
2023-02-16,-0.010429295818175865,-0.024367942345011162,-0.02975486385196624,-0.01511051167247579,-0.024052592295883524,-0.00876561337842141,-0.017475219346267723,0.05242532381027809,-0.014437133501154054,-0.03121573169995928,-0.01807233557794885,-0.011059337234408884,0.0017149563439982085,-0.011650311214625342,-0.01026405535729602,-0.02253041686544477,-0.007090344810876448,-0.013769421796615444,-0.00620906483531769,-0.0027387671860140683,-0.011386638281974948,-0.010865608318716413,-0.026622587912059292,-0.024317636908548823,-0.013097532620546137,-0.011661784444605638,-0.007938825020036067,-0.013372772801589106,-0.013498074435211671,-0.01569213298183325
2023-02-17,-0.007546651174798913,0.026940385993975857,-0.009679109147912035,-0.0035967532674198166,-0.002591786599862922,0.005151776326914437,-0.01748846876541399,-0.004314591021669201,-0.02233280727952447,-0.0057639337309218774,-0.009372875615301868,-0.0045922061557819305,-0.010241363284085203,0.010332961571362098,0.00014812150722409712,-0.020922158568420057,0.02087699675651189,0.0029616109925463263,0.015197399537436374,0.015649052405219077,0.008839196467737231,0.02826017596385122,-0.015601814861317176,0.0036983613937564552,0.020927725187934954,0.014694639229379636,0.024068976698396805,0.0095380412520929,-0.010051883828067543,0.015041259441669785
2023-02-21,-0.026679921638058213,-0.0095205170610132,-0.02695468312187932,-0.021545375543583933,-0.029008784292804957,-0.02857262746930711,-0.021493011592069622,-0.02127244964616004,-0.011360162124884443,-0.029747168806737112,-0.02219169325314574,-0.020027142431328193,-0.07060878742333998,-0.023135515256687333,-0.02451471389162141,-0.05613900285612705,-0.014901001978377182,-0.01834939204112962,-0.0053225479176530754,-0.005333317179475938,-0.03310031929353574,-0.004108699516874537,-0.020886628644312233,-0.029958368313182993,-0.0007143989989001343,-0.0026916759345649854,-0.015568797450869476,-0.025360508397175185,-0.013150845399545252,0.006077569750277734
2023-02-22,0.0028960080626596607,-0.008730750071256232,0.012793392483054111,0.007032574269785652,0.0011677220191999016,-0.011715336082368522,0.010766018087911888,-0.007647456693221422,-0.0040373559053855645,-0.004016132761856972,0.002990771875674536,-0.0006368443573895322,0.0027073481485873074,-0.006454692738562806,-0.005618733615192606,-0.022640025514028106,-0.001392440192613864,-0.007663060465352034,0.003009958190526074,0.00033514246112464896,-0.0028373374440169297,0.0008250228099953016,-0.004590995091848571,-0.00990905433985756,0.004216813565388611,0.004696531571414697,-0.004925514939005171,0.002040777011368844,-0.0027195290527209925,-0.020973395127706684
2023-02-23,0.003290715187639792,0.0061821866095364,0.000313172345862478,0.0025184580984096705,0.01151832445202472,0.0002522115484469012,0.004652164043805307,-0.002028095157234233,0.00985349700012561,0.0004917528296524143,0.0031574028376237795,0.007343102557708425,0.010158879852079306,0.0028796746015402608,-0.0013741136430891476,0.005496607011396426,-0.00031693363916607264,0.008011082809762371,0.0018341464175188893,-0.006923916430335297,-0.00027548456311488057,0.013100110616927507,0.012961700273484533,0.0005002267963207796,-0.0032027641530062434,-0.00349261197927897,0.00572724853371831,-0.019093773120082425,0.005044816499897298,-0.014905718994253636
2023-02-24,-0.01800546174023121,-0.016665309866719324,-0.024212061179431754,-0.005081617399668947,-0.0479508516417293,-0.007480748385899627,-0.011698605703716058,-0.014834135230946677,0.0029642993592713385,-0.014056696265313806,0.010491178025226588,0.0008525548132372052,-0.008853861762673332,-0.015280428045420624,-0.0016821689512528382,-0.018352195532514548,-0.011158064709262505,0.009021130511513764,-0.004160630273130739,-0.011620094045620588,-0.010192040046027251,-0.006329782300391162,-0.021784395763212117,-0.01600529016253094,-0.005640871346307197,-0.0007549463617098073,-0.014969025589301244,0.005450338281165923,-0.007144903515132195,0.002674591332218812
2023-02-27,0.008247532007295222,0.003381043117632876,0.0027807715104863906,-0.005451914052691076,0.011657900017850054,0.0161325838373374,0.005795283219901304,0.005156613611832173,0.002524535467726796,0.001495400244766909,-0.001751362675035728,0.004617364913181543,-0.0021911603068690555,0.0021350452816017995,-0.0006125235991606415,-0.009546565166638765,-0.002180009376796299,0.00872786342586851,-0.0003341852615648122,0.004171847180100219,0.0043599486163923284,-0.004822899174271478,0.0037718903681722704,0.004151159569098839,-0.0008616121278649524,0.0,-0.0020852476169145318,0.0036137212656683904,0.003643710190376792,-0.007229754072381578
2023-02-28,-0.0034477163270529854,-0.011900142302678995,0.005012811540044737,0.0039815027804248615,0.005437475313699203,-0.001791763309662353,0.0028808510452988934,-0.0063615169350234035,-0.01259089118726131,-0.008362265864174434,0.0036847251737679443,-0.03797219142733299,0.0017905138814895416,-0.005040336437793336,-0.009119635748142119,0.0012048519936014301,-0.015228673783448055,0.008370930437578528,-0.005182161494473592,0.0024691504439886547,-0.004895121801535729,-0.0285296883768279,-0.0029581163297328628,0.0021935184607617675,-0.011355289845566885,-0.0011328829225328851,-0.015269276837540424,-0.0018002043202137719,-0.0018606254401930533,0.0048784352482724724
2023-03-01,-0.014245852959246408,0.019554437782696388,-0.02186145722806776,0.011035044074896305,0.014884643783555696,0.038071368475401046,0.02285930534286229,-0.0016522641817912076,0.007961728382414046,-0.010741947870496094,0.014335712106149145,-0.008363345124699273,-0.019390331890331902,0.0073113172634953205,-0.008584768935264053,0.0160450212845078,-0.004501982104477609,-0.005580692212916127,-0.010922440096071906,-0.004509300065535626,0.022925626272223498,0.003859183702856983,-0.01262942939160172,-0.0017677295122581205,0.0007268233812596225,-0.005780076495905728,-0.0015128160615481834,-0.013141028691718848,-0.0071838436325579735,-0.01393101923058937
2023-03-02,0.004128959336216154,-0.0061390417540828635,-0.00043399062951077205,-0.0032402440614559547,0.026937151917038715,0.014115054376464542,0.11496861512291856,0.003930514456965906,0.003147275934058724,0.0038561899496087904,0.0072390129596862085,0.008289409231086786,0.0076686998435588904,0.008140059214194917,0.005772627573783717,0.03434654993440378,-0.0007865935137961744,-0.010382657285886054,0.014610850187450897,0.018460754764512588,-0.0028126221786997085,0.003375601247618043,0.01965332463072622,0.008433176718874336,0.016489761650748447,-0.00467283076291225,0.005218660596918001,0.0028722288519087424,0.0032056575143337707,0.0024973273473141155
2023-03-03,0.03509010691998893,0.00029813949325641076,0.030066258059702422,0.02138708736229611,0.02404076506927111,0.012411915683010921,-0.0008575045888082888,0.015454246532949023,0.014763740261516611,0.022442450987907314,-0.0020535787988413823,0.022887380953406034,0.018531274145508814,0.012188226846397532,0.005506983451917691,0.007633670345079668,0.010298540983779692,0.018359785176949472,-0.004688623434728312,0.005606031692396263,0.012374625445091603,-0.0012150311374676814,0.016646034941573573,0.014256904429754469,0.007289342761919171,0.002183609211716675,0.0018003228812075722,-0.0039055302729877894,0.021501011948688475,0.0012099417485833541
2023-03-06,0.01853950469639254,0.0012777042104117342,-0.012118034851298809,-0.00016756211258994735,-0.014829633361326588,-0.005209472331494602,-0.014107121673323841,0.002840960809102455,0.00733505461561057,-0.004745815947797771,-0.02074749653975405,-0.00011208038020593669,-0.0008041761983489382,0.001117704417018528,0.004242533291889838,-0.015530377193057165,0.009998630413168064,-0.005847014912607862,0.01547779689154516,0.00583483172197119,-0.011953806653018262,0.039483558079496994,0.006189083543989726,-0.00636687439620065,-0.004256757396383315,-0.0013073460619806854,0.004638894732555743,-0.0028749265487340026,0.013317267805955657,-0.00014210457208807536
2023-03-07,-0.014496712389529098,-0.027178770981366007,-0.0021333007812499583,-0.020886756204768542,-0.01887504735070422,-0.030868507589721594,-0.002611479215300916,-0.010319607809520126,-0.012878181924620757,-0.0158951565586537,-0.022938297495611937,-0.030723989564467202,-0.025183562031154794,-0.007206489013547923,-0.014901202173439154,-0.017699118371251932,-0.009449629572728324,-0.029407706080547436,-0.005798551133420093,-0.012969131978198156,-0.025834788024729494,0.0015302785901631921,-0.010589102676188511,-0.004826565355903423,-0.01987866325355714,-0.016253014201687677,-0.01435175388272869,-0.006290836029562041,-0.01578839513868624,-0.009953797634584705
2023-03-08,0.00837751999659675,-0.0012679812640683519,0.003955051898638651,-0.002795037921185517,-0.0034628762362631793,0.010481790851568862,-0.0020183087571785663,0.0040891079574432165,-0.0063404220602631955,0.002422811606098474,0.00824374145716611,0.009275379776913617,0.009978763092920229,-0.00025580550281278924,-0.001559501455217771,0.017626263778304674,-0.007333385104824841,-0.005915301001743645,0.0004999969737209398,-0.006738513052886197,0.0006537451871606592,-0.02687145090252696,-0.0017705649735840767,0.0022577847185467625,0.00014501740089056803,-0.014414740337309828,-0.006921586285235981,-0.010023808974637727,-0.004391066681603717,-0.008258427981577388
2023-03-09,-0.014914821586247129,-0.011557206917110596,-0.017781071140368643,-0.015500623513940326,-0.028764437948167076,-0.031199640519705696,-0.023121283835175754,-0.006108640585801628,-0.015215522445498175,-0.031822831652353445,-0.02061858063687627,-0.020613199036153773,-0.011973007615474485,-0.013754842597199946,-0.014759897041506265,0.017706007256701017,-0.011244747487143214,-0.05413662705610989,-0.009660201175500815,-0.013944698387237997,-0.015304309625797319,-0.006279988138117587,-0.005439367427128916,-0.01660265045649989,-0.007340875459609153,-0.016511953980880567,-0.012090868419662781,-0.02611254831766474,-0.00981154880097701,-0.006734356054869162
2023-03-10,-0.013878681794299741,0.009212162714931527,-0.0164769283801236,-0.03729961866876974,0.009093628409371446,-0.0578934382232873,-0.0309981256464964,-0.005121835368446903,-0.005233363034057192,-0.0267317838834239,-0.022141441872563616,-0.042152541659014275,-0.005867961443716929,0.002333352422428492,-0.005627762008467263,0.029500668262494534,0.0024464843885456666,0.02539514213716787,-0.004204573571717218,0.0015289198873078558,-0.0138361689592581,0.0008362162840827025,-0.01478292525531233,-0.003224052013344636,0.004539466125734304,0.01011938316817984,-0.0063247735946838635,0.0035569833439634824,-0.017590116761920904,-0.0014580835802342484
2023-03-13,0.013265957765887793,0.023302719398204275,0.01873687738723384,-0.048702371785190324,0.0014772629248482883,-0.01017570227060327,0.013454136523836091,-0.0030890419154659954,-0.0060125130673519545,-0.010366682070028221,-0.027468466091581045,-0.03711060013562417,0.0007335703874662425,-0.0011896838971944268,0.0010363511858415553,-0.009919159325330051,0.009563914989465738,-0.017957424754911466,0.010133499359949116,0.0040070784333985365,-0.005381375466140592,-0.01820027969617688,0.02144087650281068,-0.005361917297681651,0.006924797894397372,-0.01969478538113778,0.0072773516156603435,-0.0038169272113771635,-0.007726417590932844,0.0029205120494195658
2023-03-14,0.014089143743286403,-0.011150153293993159,0.0265065123894086,0.0398399049754421,0.01922605967441915,0.004316754095244457,0.04204909388255773,0.013220328367595346,0.0129166268045382,0.008207443116332147,-0.0020993745199732183,0.02104526522435446,-0.003315708822492547,-0.0006734359583309146,-0.0074057115674953655,0.039332197265155466,0.005618754830667427,0.02567609668809223,0.003678369877028631,0.010719108752067052,-0.006956512773304113,0.018761906614349178,0.027055984856347415,0.018312471501965355,0.012379069748861493,-0.002671134137189446,0.001940937635610096,0.009304868572130642,0.019536611045194885,0.005314096115862865
2023-03-15,0.002621583192596866,0.018735256814886414,0.01391230747297123,-0.025013776869721505,-0.04375719856640403,-0.03726684924644841,0.00010935655531740807,0.00020373212527924345,-0.04329431356390023,-0.0027848641038343835,-0.03461457026342052,-0.030917337814095225,0.008404159036758285,-0.025133329137471794,-0.010990753834894229,0.014280628214245361,0.0027934647567549042,-0.04724396704409073,0.006663314527974418,0.0016547493685832304,0.0,0.006169889786087568,0.0178303803875437,-0.0069747979377556835,0.014157679052324124,-0.030682213728539964,0.0018297987117703585,0.0048807113324551565,-0.010473032900225054,0.011151351658932773
2023-03-16,0.018694004492124883,-0.0014046386099435537,0.03991688242309577,0.005756955682161502,0.025124845158438935,0.006674085020529574,0.02400075924835754,0.021606191179146084,0.003185806511922795,0.012781949274315085,0.008518095510029244,0.009289325715701846,-0.004306102795287758,0.005422172538099623,0.011518468955185934,0.06230190210436115,-0.002073213991361178,0.01941374864048262,0.005502639054609126,0.015882136269132152,0.01391312524702304,-0.0026945038046406466,0.04053645131294048,0.020986705645390957,0.007473924887229089,0.03435644881998656,0.014158904076309708,-0.012951910029000757,0.004991477131809585,-0.00568063000800767
2023-03-17,-0.005454210590242314,-0.020377811516651856,-0.010895681300578386,-0.02619278273108716,-0.010532011240393269,-0.016917375986038707,-0.013080558794281494,0.0013968392451499945,-0.01263848536551948,-0.011560127787356378,-0.017481719353950487,-0.03665614939809558,0.005789489350069843,-0.02379181967058419,-0.008099398111749867,-0.012259761962375215,-0.010712039903576942,-0.03778202798088193,-0.004643288531118506,-0.012455263743554323,-0.011419263933657331,-0.03018453681253863,0.011694299476173287,-0.002155031546510089,0.0002799078287036849,-0.041693420610435905,-0.005338697187481256,0.00574081915374669,-0.00027608221146580014,0.008099455963942459
2023-03-20,0.015483934567290802,0.02145444076387948,-0.012531560404374087,0.014183457453872395,0.01850286577586102,0.02465001356132257,0.0021637735448647444,0.014943024304664876,0.014704004234544099,0.010944165876543677,0.024790109458072918,0.019733662611609804,0.003016866764972592,0.028379338547947164,0.018190628882087445,-0.02180472110361653,0.009909320584018388,0.010571564666314925,0.009663237328429553,0.013248321062007795,0.012521764351719256,0.01681094615962575,-0.025766783161049522,0.00672807744055981,0.015392120886345007,0.022299203576923166,0.015889000790916263,0.01739588707210271,0.0034961201671912523,0.010760396428873387
2023-03-21,0.011944103771684755,-0.007541075156772381,0.029679680207260972,0.03666369001084324,-0.00034188271112989277,0.020925239554905772,0.018515685501462542,-0.005300345145769492,0.03059918898209002,0.024623245064075094,0.015606522459287397,0.02503789334132711,0.0005877218030885256,0.006740993620523605,0.005002417045915752,-0.024005578437903408,0.0,0.026820839175535793,-0.00462043889588859,-0.0019576729650673252,-0.00019177617066712394,-0.0029286814305988784,0.00569386950127404,0.0363862857415187,-0.007234856159264225,0.01801887256953738,0.006583562053645187,0.008282163466448278,0.01741934244642107,-0.00340656570000053
2023-03-22,-0.009103287887449962,-0.013393381311210262,-0.018984232685839597,-0.010999011599146402,-0.041719557466784574,-0.02209680886633214,-0.011501122011771447,-0.02387983408726113,-0.02033770971163118,-0.016987824528253093,-0.013061627215417815,-0.011377725109894099,-0.02356352869282108,-0.020924743748296004,-0.019910003274673738,-0.01159526172732106,-0.0184546786856431,-0.02581376557643389,-0.004476148944510316,-0.008659627791570701,-0.026368537655479973,-0.010801636981142448,-0.005442362744110252,-0.04864264375350946,-0.0006249339737706139,-0.029810611712614787,-0.009539709996295276,-0.011393629075727607,-0.008605679602557426,-0.00640932276150219
2023-03-23,0.006969363218224167,0.014228038891952899,0.00010133876939955044,6.133214388492902e-05,0.008870260001484276,-0.002318909491948573,0.004986425161763952,0.005458947258811797,-0.009931448119990027,0.009799920954841834,0.005254837989124628,0.0037617138874685985,0.004599975354795394,-0.0012821387127415207,-0.005481556036598723,0.031994349018285684,0.0005294895112402109,-0.0026737237739921094,-0.002164827123613544,0.006532862822325347,-0.005318416398660375,-0.001628375417789596,0.019721765898596866,0.01230112445902809,-0.001388733491986871,-0.016623762373373485,-0.011797586319382658,0.0016080699519829267,0.01158880095178505,0.00809898552965782
2023-03-24,0.008305644769306397,0.021149645186051336,-0.005875816395847999,-0.01830909776910472,-0.001869606511362698,-0.011073640703594845,0.013977714525602591,0.01568467029311016,0.00996622851975748,-0.018261616355954358,0.002516971813089963,-0.007241517716684132,-0.003134958711353386,0.006633699435756091,0.015562866714292412,0.011367657755205762,0.01005761232272473,-0.01521578650200428,0.016355195921956334,0.006342214959333292,0.001386228581088833,0.005468738114447369,0.010480493856873885,-0.0021492647775631646,0.02037709365844731,0.0064078955470863175,0.012938586642183392,0.0077603602069404864,-0.006963395217816415,0.008176388152377756
2023-03-27,-0.01229335511063745,-0.005335418040508189,-0.0009171134251457769,0.020903631050124938,0.015390110685509217,0.004562154332610646,0.006313866445228911,0.0005939407843587041,0.010188567151734995,0.01636914952188162,0.004248763202194583,0.01906771888010539,-0.006183340589093755,-0.0009035641346115675,0.0320854950995193,-0.006130756457431996,0.004258274121476724,0.028660726230166134,0.007389061687878673,0.00925094761112577,0.00346052517762252,0.020324335389241943,-0.014934016772704228,-0.024024601804741086,-0.0052482437834779905,0.00873212853135108,0.01241625218197484,0.010355747008125915,0.003483490611079887,0.016713793492129536
2023-03-28,-0.003980467588179382,0.007264667869909536,-0.00815996577200262,-0.02397001987367464,0.021887616439840274,0.009908319529929432,0.00543760402075355,-0.0029680233207937112,0.011671424061305613,-0.008366525112111334,0.01750004049491638,-0.00028278582087071236,-0.0015998048751906246,-0.00037227942010309434,0.0002320239328004181,0.0037697625397845602,-0.00965422074705835,0.003035022094562967,0.00114088728939854,0.007340023752969049,0.0024632652866878324,-0.0130926980444106,-0.004160886404699804,0.0005094241076566419,0.002809241127922135,-0.0028254677480579193,-0.019340111193307696,-0.0013141810755713523,-0.006672210865712458,-0.003884278050643286
2023-03-29,0.019790973634990383,0.010692793981505133,0.0309543624265336,0.027510762871454375,0.014685765067514067,0.012899455864240794,0.02256883345222338,0.015479319090965227,0.008589731177590654,0.021620033695419982,0.013040864018641463,0.007160188335073592,0.009044805181421811,0.0061196679610495686,0.0028608129928227033,0.07613509635704996,0.009814033493976249,0.0020173104814977805,0.007163938319828755,0.005763986737253868,0.01425207010655316,-0.005780248141425304,0.01918381066081576,0.022227786591305865,0.003074530435454026,0.023993234455728984,-0.012675027369108527,0.012631460300026154,0.01347958665768223,0.004317199401697058
2023-03-30,0.009889873312271646,0.0019498403888049687,0.0174563591022443,-0.00721289364571831,0.014761706243256345,0.006905909152073564,-0.00020318407589769993,0.005081147797196595,0.009511355168131841,0.012697322492386087,0.007462681550180594,0.0013094334729051305,0.007058377682117145,0.00026439489367136026,-0.003777626294991454,0.01808368793429249,0.0007825803609027293,-0.0030198102699808826,-0.00016161148010795934,0.0012615623679768095,-0.003973057784219525,0.009531051623529407,0.012619778894691347,-0.003236707066525235,0.004359392481203761,0.0056518364684865485,0.00743685065763211,0.004677772046256523,-0.004209579508733796,0.009984070666764877
2023-03-31,0.01564425908519218,0.0010353038688200034,0.012647067799287592,0.015639222184311352,0.00658642643038676,0.01915034101147861,0.016174759676379047,0.01652731713104094,0.00474193220187491,0.020693139042381237,0.015185321023168274,0.01859010899337532,0.03420229331547553,0.010575452799637786,0.014471377151490161,0.01807414946047703,0.0102328716845983,0.012116464798751503,0.0029102136945566848,0.006551694828538457,0.022669656819698902,0.004437304459031566,0.014962182229334653,0.021148961729419602,0.0084094664087766,0.0034539697230926425,0.005382279105213605,0.0059494378217286314,0.013941405619519065,0.012219259936401272
2023-04-03,0.007701455470699781,0.011127285182467084,-0.008519675143944028,-0.007093005246316952,0.013934033874326124,0.004500914779949738,-0.01646802895263544,0.0005737527729332559,0.04161551005403563,-0.003695208076066381,0.009303135759672676,-0.0018036282512227109,0.008843875318842231,0.01130159170727052,0.007399512207200143,0.006733990219091268,0.011935688833904612,-0.0011510273473813726,0.0059648400049638894,0.009048301146332927,-0.005137492922992926,0.023310454592842866,-0.0037113241117466833,-0.007909256311032009,0.0055149480239968796,0.005133735073474144,0.04570547900093214,0.008485482015272439,0.015701237827424608,0.008409697297399488
2023-04-04,-0.0032496181586979533,0.012641094129040464,0.015037527888523972,-0.0074488904754922425,-0.006917709723693322,-0.054030606103838585,0.0036133377286662327,-0.0019259956211131746,-0.00535465368891852,-0.0019045157375388033,-0.019338550488722683,-0.011852331547892336,-0.00930396075934592,-0.012106737883085583,-0.003483338809380121,0.006384855261165834,0.010455640901487762,-0.013368209586782642,-0.0030449086849413387,0.0004961264901228724,-0.02218600553410588,-0.00036740687688374685,-0.00017416874574960328,0.016602262097442422,0.0048156945720529976,-0.021243261229294985,-0.0019019694981579072,0.01096379978880746,-0.005851473265508833,-0.009818964116260598
2023-04-05,-0.01129019953909205,0.02359292693055881,-0.027417013542964663,-0.0054335085629140245,-0.01823279106016129,-0.018027132020253078,-0.00958416835982323,0.0,0.004969280607798776,0.003414670605732084,0.007003333027017833,-0.0034713070112382116,-0.021324709262428687,-0.007908325964242735,0.004103308263133876,-0.00815696763568019,0.044924022731658964,0.001491166030857638,0.009484096504729367,-0.0009211348427348165,0.0003912796044276412,0.028301032542563886,-0.009889189845094126,-0.022556253945427818,0.006855912889061511,0.009962619216040247,0.03239731016967551,0.011601541258670967,0.002240154864902699,0.016572480634378106
2023-04-06,0.005495987464509744,-0.0001970449175683342,0.009495540049077267,-0.013968244090713844,0.00652378627232153,-0.02041852801666244,-0.014131222698773649,-0.010613616193385855,-0.013127045420001315,0.000600510703753443,0.0003660937655081131,0.002705753842245695,-0.00020797514447812304,0.005437635726650569,-0.012411010831427594,-0.0006091757317817637,-0.0027776711596919634,-0.0010971246366960896,0.0006369017467890981,0.0030851583506275038,-0.007136829536334877,0.0037530511623442564,0.025532856686684147,-0.005624474009857883,0.006347149271594965,0.005636808722284448,0.007030308673130037,0.0005830071768988532,-0.009554403422056268,0.007549984435586854
2023-04-10,-0.01597246250873019,-0.00955333750720666,0.0010778033801970288,0.014543787848658063,-0.0027912965488007258,0.03040579277005162,-0.005505044124812786,0.001170392636336004,0.0038174465792339962,0.008402494869273358,0.021039103310341645,0.007940612966637728,0.008870126947878143,0.00640532521296433,0.00406128082801982,-0.008838789635150834,-0.0050256331509892505,0.003294861403627891,-0.00238696025055829,0.003146028249988664,0.011815761902821853,0.0024927035926578522,-0.007578828236599944,0.014057606143060841,-0.00827764474271997,0.008057476396028607,0.004621454239065237,-0.0032930441084290107,0.0019471527483396756,-0.0019230353132940747
2023-04-11,-0.007591233825330668,0.0021123963101505883,-0.022022120390757682,0.00428199635707549,0.007306236615621131,0.02352334356923369,-0.01357788199719634,-0.013832250939010304,0.00552634320785228,-0.0038686658362614423,0.006808911356231961,0.007416273594983425,0.00892971151104427,0.002660734287023736,-0.004655611794687209,-0.005227653888858597,-0.00030442055204349394,0.004926188517016206,-0.0017547843515955952,0.0024666402464279535,0.017516474109091185,-0.0010657610548380214,-0.022668315723160526,0.011401667486384603,-0.0019870842795444155,0.005212727643286508,0.011238920622169246,0.0025415340101717643,0.00892096290758615,-0.002923335835818164
2023-04-12,-0.00435300295650265,-0.007676047413599618,-0.020916697119598093,-0.015695585004377177,9.414569038401766e-05,-0.0004532502275329531,0.007570669076163883,-0.010075105196382439,0.0035455945144113876,-0.02469629651979588,0.012457742122517601,0.008766966942810983,-0.011335554703418182,0.005411298844902435,-0.014414826826394389,-0.010200782004579745,-0.0021305824356473435,-0.00015563136374807662,0.0017578690326662816,0.002882422254453676,-0.0018170843479732302,0.011201175536327268,0.002333470758384637,0.002919734339634772,0.002721416894936546,0.0016711656025958366,0.00042217827589108303,-0.0063371444815306655,-0.0028014203136212945,-0.0048644538640227886
2023-04-13,0.034103510764903255,0.007775591943425697,0.046713683014299345,0.018896446271285505,0.0058867854457853586,0.005306035408202847,0.01944083153210663,0.013769775779005622,0.013367080893621264,0.02961001409841213,0.0005272241312994641,0.005722981082810552,0.005887679578730598,0.013817664121599904,-0.0049790153246516144,0.0034352831063142464,0.013360265473957522,0.0038132140526194735,0.0073377505187293135,0.013214216910595322,0.017054697710436217,0.01608778008501499,0.02239926044596441,0.02239999366826817,0.0046334798880933725,-0.0036815954609337176,0.00967025562963686,0.0030611114579230936,0.0214213087593651,0.0010044031297986589
2023-04-14,-0.002114111780204153,-0.005727045670443243,0.001074224694457282,0.005668587205582831,-0.05562053386259613,0.009067575739419631,0.0032470047135737534,-0.005118219086004627,0.002033994891783575,-0.009321700380742093,-0.007378831033822086,0.014421941410573957,0.00013699853666748751,0.0033181761781433394,0.001876523047762202,-0.007469674688742822,-0.001625397282145502,0.07550944386294467,-0.0015836262311433869,-0.0003113084744084116,-0.0035797330431913688,-0.0023360560504045447,-0.012765652676214545,-0.003796326924098259,-0.005073613800142707,-0.02788686954070263,-0.027440580417000038,-0.0025432388626551727,0.005715769947322258,-0.0067564692821689976
2023-04-17,0.00012122547629678238,-0.00772002058672161,0.0022436418178335416,0.0030020727724069385,0.016459233329654266,0.006974445203028479,0.012483966686571257,-0.005144386884908925,-0.008814824609395977,0.004004118244682164,0.007079641079217769,0.0081918679634998,0.010986135722332202,0.006664921587229866,-0.002497278783131218,0.00783945665389596,-0.0010252831112403937,0.007929354064746041,0.006502719295680581,0.0011419699211852041,0.009549061165561756,-0.002601583543166086,0.009296172318122853,0.0019053651244933523,0.0003312020835621876,0.01728334152427946,-0.012582972785848856,0.006119336204020165,-0.00230754095357677,0.007004426085800208
2023-04-18,0.0075044918188806875,-0.007981539054560338,-0.004282604839014548,0.0042145826987423085,0.01629028121629128,-0.00017760790391452286,0.007205276602453958,0.0005967187356645809,-0.0023402198204593994,0.0062811170274679196,-0.002108763730435448,-0.016986418002425174,0.012017431435784376,-0.004700401191079728,-0.0003128837859095457,-0.009645300083062414,-0.02812820166303398,0.011227706665584813,0.0015759557941101843,0.0055302186344592386,-0.004776180982355771,-0.0015652093441330672,-0.001488953028367046,0.0001584890633010705,0.0010593648936245703,0.004203688067433875,-0.0017217131573502575,-0.013177805073117499,0.0005139877180686536,0.002207216655994104
2023-04-19,0.006968198293485495,0.00048760111144363627,0.019550341547772243,0.0033454938267936107,0.0016317685110491809,-0.0024424179966623383,0.002115814754404033,-0.045120366070770856,0.0009384245776082878,-0.021599139262350464,-0.005988157432233465,0.008924506463833914,-0.0068239514164673,0.004468669851063423,-0.01142587255826888,-0.021363418412171375,0.009440450379112564,-0.0012728082654366313,0.0018878583953672035,0.001237581562158807,-0.0017880346246264,-0.00609597744728374,0.0002774602711370644,-0.004278526609453159,0.00019816198494915227,0.06145357649130423,-0.036235525952091785,-0.00873139398956524,-0.0044092614562079024,0.0010676485909570932
2023-04-20,-0.005846083757701681,-0.011169332234286289,-0.0046980391066805405,-0.010124171324074616,-0.007091231559190003,-0.010594177958855311,-0.007088317122318832,-0.03039139624541687,-0.004862828667137387,-0.006886129643080441,-0.013111079100060263,0.005402379098904619,0.005590877502899216,-0.00535855622584791,0.00031653256580899125,-0.009309750489050805,0.00646037960269874,-0.0029032656472528506,0.004397027876426707,-0.0009269830564870851,-0.012726004451045658,0.00035047391813547435,-0.00811240820795256,-0.009708091440177258,0.003666196211423056,-0.018130160134346762,0.002591596649093253,-0.03652866881134387,0.00872871253599894,0.006399611255434978
2023-04-21,-0.009780909519905179,0.0016429861183810957,0.03034391291745231,0.0030621668913775046,-0.010037165825112604,-0.003618723689381209,0.007695899224224867,0.009660975098170876,-0.004298204394608929,0.01529523542885669,-0.014901535713580993,0.00870948440782171,0.004923480968399563,-0.003405382780111821,-0.004985657060741611,-0.01814666269495091,-0.005440642422745778,-0.001917327170427252,0.0014071362009122623,0.0036425275824343295,-0.0023873476629947543,0.010510752027462544,-0.0012231913506819403,0.008678391921250972,0.03460375537801097,0.001338911503847351,-0.007467115965008153,0.0034956307861888636,-0.0023445299745269432,0.00503419782389658
2023-04-24,0.001878487077529023,0.002419408955888658,-0.007011967150520215,-0.019477356369135834,0.003022229560920353,0.014345745724789305,-0.020650266791101712,0.007654756861455114,0.013954699598149434,0.0011046564110737123,0.00947698023138388,0.006731704620879686,0.005332677978440836,0.0035698969760393773,-0.002624734759333336,-0.021122085136127455,0.006085039986982954,0.001351496552556064,-0.0015613739702826646,0.0039033543146189675,0.005551303473729785,0.0049405384579570555,-0.013962964162783309,0.012427205735552782,0.0017942655248650574,-0.0020613579129237225,0.010582299340282653,-0.005895033195574828,-0.0055116451089956,0.0067882422010285826
2023-04-25,-0.009435533953900177,0.0017180534538812076,-0.03427172037496595,-0.02783477381430821,-0.017398074338932257,-0.02148300868242181,-0.02180378495147106,-0.006330650552525907,-0.014520728611730371,-0.016753526299494448,-0.05217551749854299,-0.013024686978077127,-0.017603866868893592,-0.0041670584141555445,0.003907597945434826,-0.026297968888094103,0.009164169424836999,-0.021743414152745277,-0.001563686098437933,-0.005763882156490374,-0.006567656240686892,0.005089037206061464,-0.022535775892679966,-0.019120275314087998,0.00025578976949813814,-0.010104376883005473,0.006094943067022074,0.0053907202839937884,-0.013619239771967995,-0.007790015361018754
2023-04-26,-6.119289890405e-05,-0.024788691335705715,0.023496184744855597,-0.0025620633316938424,0.004154489973529074,-0.011160486362462585,0.0044581355323745075,-0.011679712408880327,-0.017811697859625664,-0.014284185641349034,0.0015240658962030196,-0.008601189376301166,-0.027874258791873774,-0.02582168740519819,-0.0003179477142999376,0.00588640574003052,-0.015497971232220631,-0.017723432650377346,-0.004698470014022904,-0.006003136116492613,-0.013892837048182782,-0.02660273951912573,0.07243459990389645,-0.006577997301770111,-0.011573856240621683,-0.004004047813345402,-0.018234723125993613,-0.010187623489241515,-0.006272016904314559,-0.0043544154754122655
2023-04-27,0.028395242678690424,0.006448948542816968,0.046103983455159314,0.017531435504699378,0.014825368294997254,-0.008603551109676588,0.023078542701698845,0.00042978110217406496,0.005844200613641659,0.034364882259867,0.017496916929628625,0.014974929338905651,0.020342286831829037,0.040387690150234024,0.008899621181117201,0.027882976970088347,0.0023365163188733273,0.013458220413202993,0.002045599721177238,0.017117445443389778,0.023416287047697493,0.015251795296493453,0.032027500866366854,0.015019375702053361,0.012227028175348709,0.020610371662096894,0.015570943692146288,0.0506502016565471,0.0037694971281907463,0.003114331085473765
2023-04-28,0.007540942237137305,-0.0024964723008079615,-0.039792412663683385,0.018238975881593733,0.0035915624018507675,0.020855877091239927,0.012401616618618716,0.014819661564396958,0.009763315190471245,0.025717938673269103,0.01682256555722139,0.005386328498418802,0.022488448728128052,0.006193167527158039,-0.00441042583739315,0.0401875190241221,0.004294467033802762,0.008683157272366682,0.0073807323348398235,0.003494918072856956,0.008449436904925944,0.002691698542739873,0.007971893258185592,0.00811464273515261,-0.0005754255821449616,0.004937584904853187,0.00330288469788087,0.0010314323616706922,0.01624387503889002,-0.0027082525051277395
2023-05-01,-0.0005301867867099075,-0.0035037528305070786,-0.032242712137328766,-0.012520012179479068,-0.014072945542548898,-0.006992824162224798,-0.002923861873822098,0.0019046043614130426,-0.00794866883738743,-0.002829166277800721,-0.005330826189878901,-0.008356464344756453,-0.00944958873817836,0.0032023821445748,-0.0025315884794729904,-0.02446884693512763,-0.0006108429541521465,0.021412021318188312,0.0023381516363316646,0.006187699905186861,-0.00348316305326013,0.007534527077822206,-0.005532661163356156,0.009469634381367609,0.0012148470323867233,0.0034227935984854074,0.007336085651964419,-0.003090516512744945,-0.0009453474201968071,0.0041066518864889545
2023-05-02,-0.0061915295097807466,-0.0122646521361508,0.015482549283793778,-0.03809946358220251,-0.003041129798581288,-0.009757466686038052,-0.019970626448112316,-0.02070112947867586,-0.04305209196026316,-0.01575198034325953,-0.006098838543600715,-0.02114107609156546,-0.011488191459459451,-0.011073333899434545,-0.007375558335334542,-0.01749160179445497,0.008740748315426927,-0.016147219392503853,-0.004509980508126343,0.001646674765067191,-0.027113930419473853,0.013322987921901008,-0.0004910599346096278,-0.005159406398281052,-0.0008941633466634791,-0.00676716387828602,-0.004659987034386859,-0.026866778158792348,-0.023783942761875454,-0.0027046565855864957
2023-05-03,-0.006467396954622284,-0.028223804356307225,0.00019303553981586674,-0.006786178106271024,-0.011414550180658067,0.002277488465914468,-0.006345390805513551,-0.008628283290677441,-0.02005723532681436,0.0025845202953347357,-0.014503375714969735,-0.014158469840924504,-0.004077874638273249,-0.0015130959087751306,-0.013662606836429614,0.029560015830494724,-0.013088377345929048,-0.021163522170799087,-0.005624212651976768,-0.009561679175456472,-0.0014566529887928281,0.0027992259434983513,-0.003306944859758687,-0.004086131586561792,-0.00127839981514688,-0.007644180907445786,-0.008005897519850147,0.008229557966911827,-0.004405614667520763,-0.0037039356916813704
2023-05-04,-0.009913356949934116,0.011251068361099126,0.0033767339022539034,-0.022337636195817523,-0.019310156599090522,-0.024392471535121252,-0.0011940960083018926,-0.005657034576178499,-0.003889484127548526,-0.03380922985347434,0.006792234304463074,-0.022485736159131076,-0.025010035879244552,-0.008789827986054877,-0.007128336277646197,0.023423377011889013,-0.004543680535104566,-0.013678361649639648,0.0010998564465047878,-0.00020325227882156405,-0.009627444762492887,-0.007189875437384918,0.0033179170284209913,-0.02422284452345691,-0.004608381848130838,-5.587454970767958e-05,-0.004413157723232808,-0.016587582729904238,-0.0016815776431167162,0.0027987576460954955
2023-05-05,0.04692699939813849,0.02000964565914476,0.015961573674128537,0.02580483493001484,0.006546527613064734,0.022387971524836736,0.027081675727154364,0.01203504874069794,0.025540925576442497,0.03150341639467169,0.019677806154426714,0.01792913629823034,0.01354311937922903,0.01121192301183549,0.008811353031432434,-0.008002638992547828,0.0033924257594646345,0.019534751700503117,0.0047079902347304525,0.0048787158103138495,0.014827257526769833,0.0026411571492395147,0.017157270471818586,0.023611299411572695,0.0033436496657719417,0.017639944194081103,0.014365369594066868,0.012851301460440556,0.027393500503873014,0.008639739593063966
2023-05-08,-0.0004033631595159459,-0.008075275395212467,0.0016089169321718,0.0025548447579479827,-0.0054452044519290865,-0.0013948332200852676,0.0015690401505916718,0.001945963329394118,-0.003932505517469487,0.024373175577648842,-0.004778508755590938,-0.0015594518929722412,-0.005835364676420873,-0.007408391166793704,-0.0020218800458168262,-0.007098920595046465,-0.0022744428385299553,0.002413401020779915,-0.0015619115934093486,0.00030329542652207664,-0.009772658065971607,0.005948343326840799,-0.006438012619166988,0.0022907980111603887,-0.004678603454757235,0.0014811349415728703,-0.0033584010587376367,0.0,0.0019416581818669787,0.0062594792536021515
2023-05-09,-0.00997128877819975,-0.0008096598931768284,0.00746481056277859,0.0022216695424892574,0.023420919115033634,-0.006052274703328586,0.016574054874701094,0.002805366875444859,-0.0028824863500923614,-0.007672098554508233,-0.008864258462432217,-0.005329269697229577,0.009203726917715649,0.0009139135000670873,-0.0046822124852639035,-0.021774515107063297,-0.007762738751738718,-0.004815062489793909,-0.008291697141394883,-0.00010084858604253455,-0.01504786992766316,-0.008024955994518246,-0.00534596593559955,-0.014029070419571466,-0.010238260633077756,0.006463088345741941,-0.0045470358226114005,-0.006872802301589598,0.004435138456126975,0.0017025054986139487
2023-05-10,0.010421144050651643,-0.0013649893649134714,0.03348339526223332,-0.030643029610645023,-0.0051516173953214395,-0.0014988828911347563,0.018242302990858272,0.005164520453291299,-0.012757837752279566,-0.010178147190350262,-0.004099225700879505,-0.006835527439590594,-0.005334000721102905,0.0010652298147926231,0.00701490306609065,-0.004319004908303947,0.003725466958649948,0.0005132333654358501,0.0017355375195773348,-0.0003035629342750257,0.0009919707498466934,0.004002378011495722,0.017296442594646022,-0.01270969629767904,0.0020817839590276943,-0.0032106613754323554,-0.0006321902966813786,0.0015972049922710063,-0.008531134333010892,-0.0028108225792097263
2023-05-11,0.001094676752246837,-0.007774121753639118,0.01805969525073481,-0.004640739906451641,0.004979087921897829,-0.014730193746460563,-0.00673656069222528,-0.007278981556842035,-0.005537989458740067,-0.08730468368471922,-0.020767067032051445,-0.00567345355316351,-0.004636164230565787,-0.011869061138704895,-0.0091786805723163,-0.037036933615446244,-0.004082998379552283,-0.0031507702114325076,0.00566912161792299,-0.0060018217113515515,-0.0011891453519163875,-0.0029685513262502905,-0.007044421753913732,-0.01044458634528922,0.0023373142354892185,-0.001910951787153059,-0.002673055799425339,-0.0007974206769035819,0.0008229376111181796,0.0037365305519796443
2023-05-12,-0.005417642505733955,0.00284105649490618,-0.01711533396079623,-0.0004054379592594026,-0.005648035128478779,-0.002332932271296606,-0.008158540979466666,0.0073323536236367115,0.0025602097368799814,-0.003466577197877463,-0.0005731426885193791,-0.0038038156121265043,0.009662868042076278,-0.0018559052178360735,0.016046158393878684,0.0031184794945964267,-0.0013043120130414865,-0.014332811632944864,0.003914853906309412,0.004579460574870131,-0.005060633904359069,-0.0034880174836637856,-0.003675952148798234,-0.01644583087872109,0.010169034687642409,-0.003938644924388113,0.005053517321533363,-0.0002659578535096907,0.001601786926872073,-0.0003266590387256407
2023-05-15,-0.002897284835836289,0.002489985353657964,0.008525256609829501,0.013993123190730428,0.010313937995487743,0.008351731817439756,0.007531767685626356,0.00834934733987458,0.003703437554223976,0.009457547362015761,-0.0009558717225487401,0.00804366937348866,-0.006644134547439506,0.0035637289041821063,0.004233126534906706,0.029360850030763164,-0.007650285972173765,0.008426583748945227,-0.0026518772460337736,-0.0008102637508446975,0.0021940316355426592,-0.006573369349323066,0.0015855440190479797,-0.0031610930159644557,0.00032056304894712007,0.003954219189729713,-0.00889609913608902,-0.0218143456843497,0.0061802757822084775,-0.007774209539575749
2023-05-16,0.0,-0.02419394275688691,0.01978421437062372,-0.010599977157576657,-0.009370267373079555,-0.019357366824352518,0.006049385247925088,-0.0038216906149592944,-0.023473406744618175,-0.02024561963847049,-0.022962009008150264,-0.003912138829649137,-0.0215223181587767,-0.013895166017407146,0.0008106830201146664,-0.019463109383454524,-0.0013160838827678267,-0.006729470813777394,-0.011260417592043104,-0.005914292330907123,-0.02467911203405382,-0.002491989854255361,0.00736785160715181,-0.027956136058582604,-0.0017306326384115556,-0.007111234704934688,-0.014665299586511082,-0.019581085832238054,-0.010051011662183917,-0.013826730464053472
2023-05-17,0.003603183618488437,-0.0032336883925380144,0.018518504813616277,0.024795956457259294,0.02987006594240027,0.023648728670309538,0.02356287938049295,0.015132257671693461,0.014331639088527748,0.01967466644968141,0.008225676007554084,0.02920722575147061,0.03563235963488909,0.023015526751575477,0.018224618457769015,-0.011978015771225037,-0.002196502615377627,0.030747517567853322,-0.0011072061260642974,-0.0023458483945306696,0.022140647062195207,-0.011371421546059857,0.009451631216508938,0.004292593935875999,-0.004237956228317796,0.0009364548258139482,0.010610269090566282,0.0036059803310046767,0.009458929558827656,-0.0016690091977928923
2023-05-18,0.01366601318710492,-0.0035107345571873116,0.022943736154795724,0.009139391497562821,0.0017886130647750687,0.01235280126297944,0.018817299080651217,0.011967066290134998,-0.0012325112808497796,0.010671571805117352,0.007575674057726189,-0.0018172362058760383,0.009473544475612883,0.01137610190404037,0.003500059887332707,0.028056798247358516,-0.003207953042857925,0.007583775037294238,-0.0055424293802620594,0.0020103572185343754,0.009728356705139607,-0.006622519909952884,0.014394985779141223,0.016156631932843224,-0.01644317724788691,0.009136904551339642,-0.011509635335846036,-0.0013818540529967338,0.004083257994024647,0.012973891464095777
2023-05-19,0.0006283476362853868,-0.0036123171372473006,-0.01608126535201726,-0.003453108953304529,-0.008444315545328984,0.00027932855174905846,-0.013875804752801812,0.019294839217655735,0.007921591184513188,-0.02570394208567428,0.0015422292054791953,-0.010407091211909747,-0.014500601731377794,-0.004539528436916629,0.008799070239272178,0.008423197649210845,0.0027132973878243316,-0.0022939906231516094,0.00047764332367439266,0.005101415575354817,-0.006121952161369237,0.013070075737852127,-0.0005651561141239991,-0.03457562974848938,0.0041962079794277685,0.002072868973174824,-0.0008554942059253445,-0.0022142296465005318,-0.0012413460338588367,-0.010299021352714433
2023-05-22,-0.005480614219565916,0.0025511128649504666,-0.010666648290490577,0.016737296737181273,0.0020438861147400456,-0.002421185353293831,-0.00047530739885637274,-0.006309753359277859,-0.017973164263075603,0.005145005358632604,-0.0034648458004026272,-0.003771139910833332,-0.0007563320324601719,-0.0021282342072475036,0.0018858827756649266,0.011693937021872491,-0.005389351451157154,-0.008262381806012242,-0.0210089103892821,-0.02097763354114912,0.02706271446683739,-0.00865866901340917,0.008921190000029222,-0.03990947237072284,-0.026180140175479094,-0.014260904456094292,0.003759266592822108,-0.002496663852544878,-0.008700888580261967,-0.00880541111454336
2023-05-23,-0.015154990228692822,0.002008985139282382,-0.00017393506729301844,-0.018969528879245967,-0.016074972073845117,-0.007234183381301884,-0.017216822013216393,0.0018434386806480685,0.02892917213402435,-0.02178160427339948,0.003670304750575948,-0.004154846670873846,0.01472510011434558,-0.009952912899841793,0.005333254908217233,-0.02542922862414998,-0.00038243427501560845,-0.010432716924907548,-0.0017884477537104537,-0.01029920418356911,-0.009930431404850393,-0.010655986629601433,-0.01843207438715655,-0.012706457545620498,-0.010793820889016037,-0.009883915341765359,-0.0024551977374887013,0.007786569730974913,-0.028969174596621183,-0.0018842513427856922
2023-05-24,0.001631991608597838,-0.013901041554916893,0.015305697616548875,-0.012061083843587839,-0.016436336282010133,-0.01415084410272005,0.011711019124960975,-0.010222874820270733,0.002677933006612898,-0.008350097052500893,-0.012317328146226103,-0.011620514854460362,-0.013019576539196054,-0.015950982298072458,-0.019503735439474812,-0.017282365829631274,-0.0009564514673625624,-0.009151352034507787,-0.008468916200321197,-0.0015713317138486005,-0.03684198397912575,0.002913399210306089,-0.004472408245094428,-0.004504407834238888,-0.008268379906788415,-0.018515604656584972,0.002899084781647465,-0.010210045243648103,-0.010374968104125859,-0.004585040676463259
2023-05-25,0.006692315615079547,-0.01744087313903009,-0.01498929336188437,0.0023886703221907,0.008029260854227172,0.0013353974471523866,0.00406582714284065,0.01280719674599995,-0.017231624715644767,-0.010441190536998213,-0.018511297173146035,0.012726429074783496,-0.014943342680738825,0.00213702752679934,0.00859329320881197,-0.05517241749579249,-0.01436250493929947,0.0024381858542463775,-0.007720254623312606,-0.001398975411747383,0.0006185847394633015,-0.011443689377576782,0.03845792528228875,-0.0074800743103192735,-0.0064239565181981595,-0.013182505189073046,-0.0065094627645608805,-0.029272040300974966,0.005084301984159989,-0.009957184465787083
2023-05-26,0.014104858404594856,-0.0024374286507983234,0.04443478791610045,0.040773097665071534,0.013740278950147955,0.008667596874447181,0.026344735540984487,0.016928433315696267,-0.003105541243700549,0.0017017092489717278,-0.0005955585816369569,0.025101733248059643,0.021203152557193627,0.007697353276563401,0.0168035065387655,0.05839416473168724,-0.0003885270791212925,0.009361197589178971,-0.0024831817536514755,0.0018214778563037104,-0.0011335071793215912,-0.01095295037398325,0.021385770931806825,0.00027915532971345414,6.879618830835099e-05,-0.007946127422803761,0.007996580242981777,0.005169384309373415,0.00729705919731094,0.0017788371082052556
2023-05-30,0.010659475952969899,0.007375766569988063,0.01290486257498391,0.004896985000427456,0.005205507701106171,-0.00897101396938893,0.015920903740147097,0.0062175382698987924,-0.006230541618139074,-0.005323323864103724,-0.0028202992469926746,-0.0035542153143204303,-0.001468309243413679,0.004129080625778547,0.004577395462110889,0.03413787628096898,0.00012945264263741763,0.0037969018932875187,-0.007965316260244326,-0.0039158051857358656,-0.009077836316194188,-0.017106154807281393,-0.005047059548968225,-0.009208510309336448,-0.0152683255202678,0.005804053035785461,-0.003468143849918559,-0.0028570814635874298,-0.01497702634542708,-0.0024588111528630607
2023-05-31,-0.0002817900804142903,0.009701222716301583,-0.00887721353399118,0.003480786749370912,0.004934263983533027,-0.01977107464404737,0.02060589168182303,-0.009966212871154956,-0.016327180977010025,0.0015941798563530174,-0.014545521108475956,-0.013492331545837954,-0.02362993090286125,-0.01516308305276648,-0.006873569995094142,0.0483494718452675,0.004470179860394996,-0.012730700112233317,-0.002007439272622924,0.0006668427563778501,-0.028627874690500543,0.011358542040202924,-0.00851415741242334,-0.011828608650483963,-0.004749319855641865,-0.02337096895476154,0.015400554941059408,0.020916869869434862,-0.002752320091221172,0.0055457801417237995
2023-06-01,0.01602247358224873,-0.02891447687301507,0.01816217265513176,0.02623596193590294,0.010986921726565013,0.016136084831136932,-0.0469156048990248,0.0014093601566305125,0.010224401011295292,0.007162391213792585,0.004510086278209036,-0.02315552735643156,0.017428058005103608,0.011795242320703947,0.009565166397548452,-0.00986007353317142,-0.0033537557974986365,0.013779176243856828,0.005698942316473055,0.009680343232805422,0.010395458706231153,0.00470951853308943,0.012759348439136176,-0.015485600991522297,0.010245996273765323,0.012171895736518445,0.013114789547803873,0.0025260295686113654,0.024747736844748403,0.003676635681889584
2023-06-02,0.004775217135039478,0.017734560688675183,0.01205508998453797,0.035889947078057816,0.02577418944656218,0.08399094461660384,0.0006105858185367907,0.005629340865200616,0.02694527634724997,0.02460766932945191,0.05326527935437442,0.022914087365088598,0.026179712074051453,0.025740212363693837,0.020027752775996444,0.0057823481613916705,0.01572413354982438,0.02100623001062152,0.01933326699778748,0.012432509195447361,0.08750520005280249,0.014333402985378552,0.00847908321052504,0.0434699035815338,0.017782783741786323,0.022358491486302645,0.012053636241001753,-0.03191493882506469,0.0101104823075997,0.009565301454321551
2023-06-05,-0.0075711086079016665,0.01747128018836852,0.008450728786783213,-0.006703789950345929,-0.021282619487358545,-0.0183559916313496,-0.014880445112744445,0.0037982853115798854,-0.004799706339694176,0.0025337943923753325,-0.0021314753773585826,-0.005684979691563452,-0.00959655249471203,-0.008398275846214887,0.0016614150206577527,-0.0463111594134793,0.008600442614901338,-0.009824265326677795,-0.006703670906587189,-0.005104985406356732,-0.04437705368498057,0.00524349499239074,0.0016099535596738601,-0.023937808081634593,-0.003958622335519024,-0.0043396284751042735,-0.0027824042588473485,-0.0034702855840783586,-0.008829090695597563,0.0065850420070441285
2023-06-06,-0.0020603197146289443,-0.002974497321919234,0.010454888481148839,0.02621991776941579,-0.00713672527002529,0.01892378015195173,0.014247419744287004,-0.007966439294170957,0.001800526566616556,0.012747480804721434,0.021165110405589216,0.015505972349526553,0.009894124756977929,-0.004259965167327184,0.0003768884214510049,0.03683854961197697,-0.0008844858927049559,0.0017974080394391745,-0.007242606588181766,-0.013486788680806217,0.0031636944153374813,-0.02740688654926804,-0.006727384024698746,0.009410773383259352,-0.009935383495393357,0.003326244323877958,-0.021317156684228844,0.0069646073248110785,0.0063941476070674685,-0.0001335752310795968
2023-06-07,-0.00775630501945479,0.00013560440014281916,-0.04249267220189956,-0.0015713861146374741,0.02238409735120994,0.03913033973138402,-0.03345079913971116,-0.0006023492614352088,0.025932568016212354,0.003906056039168604,0.024339266661604908,0.027386824610081684,0.019257109664387873,0.010441067700613482,0.012736667687203829,0.01033586793222474,0.002149388319907297,0.009688472408192705,-0.0014922968752307808,-0.00927809897942622,0.027571465368589232,-0.012726210153286899,-0.030867870559942112,0.008475391801257892,0.002145285266858199,0.00474414565428094,-0.011157365150982645,0.016138485691866045,-0.012926124422956708,0.0014688947905383554
2023-06-08,0.015465291487719135,-0.0022147703333925683,0.024911297199049942,-0.002389958243256718,0.029160610334303838,-0.004670081584197794,0.018470868414881103,-0.002008875390017706,-0.003691450209697078,0.00010829040261750578,-0.020233871117349866,-0.0008340142614893242,-0.0020219778989960524,-0.0012097093734387832,0.00022310619632692763,0.017263485470595086,0.010976609861907072,0.0002841067626768723,0.002490809789754911,0.013763623587720542,-0.0023761008244382875,0.015744512260888133,0.005813700189494231,-0.008310606093414052,0.011325944146174383,0.0007437683011379814,0.016800427366201243,0.004821072978346441,-0.009854916112162604,0.014466561445984016
2023-06-09,0.0021597836179403362,-0.009059529923708287,-0.006599595129369917,0.0033889891925318327,-0.0036678879900926553,0.0024739417136614428,0.027585561818175952,-0.00040253403097045837,-0.002386364157719423,-0.00648439896683739,-0.019704337322286047,0.0016395545259890731,-0.012421702569017312,-0.0013120770073812293,0.006621578901305769,-0.015084841260870618,-0.0015599746901121536,0.001989799548515192,0.0016564140475110456,0.0035342769165565002,-0.008535066939762026,0.0035351713274245355,0.004703900219255264,-0.003201576197656597,0.000819299379975158,0.003944970083223254,0.006915137384739589,0.001129118395081008,0.002286536277757323,0.006045899519977915
2023-06-12,0.015638511161915947,-0.006399769375506792,0.025439515368102628,0.011181043174266048,0.019557314655318958,0.012211247883186171,-0.007523975575358888,0.016512284597831828,-0.0096309635102525,0.013162172201830025,0.001159506532836918,0.01032667359254491,0.011804376752600376,0.003082431977086353,0.008277955459229824,0.05520121423631341,-0.000687473639380265,-7.089432791196337e-05,-0.004299650601574223,0.006206659587135732,0.013613488888835956,-0.007677674310270666,0.01548396147296871,0.009163036562789495,-0.007846392242317646,-0.0047266253216217136,-0.002086636442270917,0.003947197872072872,0.011674683565518373,0.006597467838315607
2023-06-13,-0.002611424167736187,0.02130112524612171,0.0007111003199982147,0.008638400017136671,-0.005325838097056224,0.03169396930650792,-0.022041338585807146,0.006339210349576518,0.007499891198715858,0.007622848305411045,0.025868798504050883,0.008866119673179185,-0.0025926388738714,0.013148600483977146,0.008649533329469827,0.02540039162272012,0.005253447742483486,0.0072341550895129725,0.003985999218172553,-6.961870920407787e-05,0.014615846561913948,0.001183198535454677,0.007352657947469421,-0.00046802592532801945,-0.0024069718875140422,0.007724224172525274,-0.002598604178699504,-0.0036507938148218066,-0.012247423357884535,0.007787056077044774
2023-06-14,0.003491268164679262,0.0013063947820282085,-0.001894879884926648,-0.0038255152535570103,-0.015790956117723187,-0.008637568296485432,0.0020097102245282272,0.0031494360756580964,-0.00895851309562734,-0.014917431125483493,-0.006209984001331992,-0.011912246538856586,-0.0012329356982272444,-0.0029338316323760383,-0.002906905939382254,0.04924818623897065,0.005101379411763141,-0.0037319364877196337,0.0067824750057297045,-0.00038096754320215975,-0.007689319931036165,-0.005491366827410249,0.009123901518280908,0.05693951483729598,0.009375193964666018,-0.014592198372476273,-0.0640124872817266,0.007046168450221435,0.0001791288949313241,0.010109488364699937
2023-06-15,0.011198776904757901,0.027712780267294956,0.005458016543269828,-0.0037826630023417573,0.01157219841519641,0.017877648728223505,0.01203437135883334,0.019034755147188775,0.007575596979927823,0.005300279783211348,0.01268689931827427,0.003900515115190739,0.007707453022146593,0.01600846494328212,0.008746504820391188,0.006745384332543569,0.013431485252996866,0.011308286957431912,0.01374178461029052,0.014457048381689708,0.01824425558513343,0.006810198790498934,0.03189653105967438,-0.003987390267947921,0.01386425319130491,0.013944269317710312,0.017271618267185707,0.01987115732790845,0.012217965135959519,0.005482392588679774
2023-06-16,-0.005859939816430404,0.005340599769777521,-0.012744888197649074,-0.009205389321193413,0.002643461197639363,-0.009690337308561059,-0.0007550103609867964,0.0026959696282085055,-0.00644456287976003,-0.017430743101029322,-0.0059835545682719316,-0.004209092506408552,-0.00543001542771937,-0.003730617789836299,-0.006647607111991971,0.015354319029099672,0.0030538267908559735,0.0011879114081867481,0.007186044206561659,0.0037251948502226018,0.007032022584397168,-0.000731300482329611,-0.01657564297257086,0.010497349770223208,0.007342667753243992,0.004432249051360637,-0.015883553476268908,0.0005489745164868332,0.012114825196235302,-0.013947988001872025
2023-06-20,0.0004865715522008873,-0.004659124594134423,0.002310948445805039,-0.016259331482008088,-0.034637984388856013,-0.016797779058641438,0.024603418521911724,-0.009986609835726079,-0.022764777150260596,-0.017192251993632723,-0.023325740981230636,-0.02243520533625154,0.0034289060508925218,-0.012661935556657511,-0.011055956637855191,-0.03766827872912337,-0.0006089259252795021,-0.005095479537635228,-0.006648387351855578,-0.0022472652691662987,-0.021427330102742226,0.008324263026916467,-0.012502516584016132,-0.03565461939495229,-0.009228429913468394,-0.0067324719818532275,0.023773636249459162,-0.01782771923040649,-0.01065915980732357,-0.008808602543973754
2023-06-21,-0.005675159496732696,-0.0067806514868071766,-0.00755284590127181,-0.008795202647184919,-0.0013655096896940666,0.0013684569290239867,-0.034013870797986234,-0.013579134943113358,0.007808587345511375,-0.012367640741710373,-0.0007703530175852125,-0.01708379213360045,-0.0023556791093271023,0.006986174406300449,-0.016696116259781513,-0.05999991992670628,-0.0015229914502722375,-0.0014734739337670666,0.002775216212412168,0.00505023742055255,-0.008113151780227756,0.008436971515597858,-0.013282187770053633,0.004016924384458775,0.008639287377569138,-0.0015379842805466337,0.015679857017053545,0.0005585682259263702,0.00344408334695423,0.0019461210051194833
2023-06-22,0.016525158138236185,0.011539832717896825,0.04261789623803569,0.0020246116412681037,-0.030507361207291916,-0.01714423079968619,0.017653488717910726,0.005309701224218699,-0.014462800851269275,-0.0016922864808696092,-0.009444848871716371,-0.016888568900411682,0.0015964021892713731,-0.005698815118639677,-0.018849685778586256,-0.005775143846193931,0.010617093493385354,-0.01925241283338852,0.006836945045403553,-0.0041423850392589,-0.010249362084152613,0.023029684866354483,0.018437575757575653,0.004364302812295495,0.0034127513157671263,-0.0015974068182393886,0.004824331783579439,0.000557935453954439,0.005016562359048571,0.00835151720512739
2023-06-23,-0.001711312252173136,-0.011103425930819588,-0.006300361919969633,-0.0011289851217126667,-0.000972700489511702,-0.012218884651223338,-0.015003069431718474,-0.015453615284073297,-0.008451284288888194,-0.004407191644400288,-0.000583917834567127,-0.015238969538193148,-0.0012285402942783241,-0.002790749408366766,-0.013265245846440288,0.008865888795117849,-0.0008450036029019614,-0.005229820738775648,-0.010509268954238538,-0.011557846256136206,0.0028875484384942585,0.007738283359322251,-0.013805872755588977,-0.008509922729591834,-0.009936397492581461,-0.007371037874301711,-0.004279147779251313,-0.009483847851699645,0.00507906159003757,-0.001861752987776688
2023-06-26,-0.007552824476727338,-0.01047935803266653,-0.01546431587167707,-0.005711977795755385,0.0008276041376493737,0.010706439741247298,-0.012994465410136602,-0.0023845032841798286,0.017575033952497154,0.006810193263199427,0.011487573037779253,-0.007467145333263425,0.02353643087136681,0.012444314704368464,0.014757074358956679,0.010302964821204297,-0.01117968635758726,0.002448606310323953,0.00032672519367693553,-0.002828452939908299,-0.0030778261725301626,-0.013263515333508558,-0.019163020234507333,0.02027037731847292,0.0010101619357618663,-0.007655958073490621,0.004318596705561006,0.016896674001641854,-0.01415802631647567,-0.002637497602274941
2023-06-27,0.015059056857500863,-0.009433578033963053,0.014529104045574393,0.006462702283647204,0.018727457974684114,0.015783992944303993,0.0070408992426120864,0.012945699901147245,-0.003116521613270473,0.0040587762783357295,0.011934474444691423,0.003489638523400229,0.01900028491464467,0.0037514582959006226,0.007613956218472717,0.022795359319748076,-0.002077899538625916,7.182131138017134e-05,-0.002123389516681895,0.007644507569250836,-0.021412291774462244,0.00212235890262491,0.0181678671437151,0.016735358824091717,0.00948787861296374,0.0011601727942955886,0.007305945037897388,0.012184880773702611,0.004595537341858247,-0.0036117195967519944
2023-06-28,0.006327807236134575,-0.0058399184193866915,-0.001083754432466999,0.009453668217242583,0.006159617008242746,0.004902493332160196,0.0160425189247142,0.00019663794504420906,0.009053551862739262,-0.00258253221610949,0.007418686444873757,0.0006698049745148538,-0.023044513237742925,-0.004130829808265513,-0.004382843834907502,-0.015542412030301822,-0.002020892271401009,-0.004382186651233799,-0.009330554724689133,0.0015107057093526333,0.0031549826037442497,-0.007765452944242912,0.003825990764561471,-0.0051053289941767055,-0.00019990975689465618,-0.02445091724610393,-0.01680613272328202,0.00738708959870471,0.0027272843528172164,0.0054372552152641695
2023-06-29,0.001796564876556772,-0.0006778208031371635,-0.008834406537251538,0.013546836899173131,0.005267656624531769,0.009798656948779128,-0.008200916970001249,0.006683808460430596,0.008520693991349582,0.0013510038684880765,0.005287080388681531,0.030064502203346333,0.004273895364873104,0.01960496067944484,0.017455932346173597,-0.01966053231621734,0.006995612516634386,0.034923151590557255,-0.008261605364445201,0.009357392167934186,0.006797277386725975,0.009782948956830628,-0.002382153370709017,0.003008046334708858,-0.004066990580861574,0.01556095517926459,0.004194208374270314,0.004617125909861297,0.027899551874355666,-0.006759814184153279
2023-06-30,0.023102477721490766,0.003888778692326289,0.019233769000189582,0.012320009202867466,-0.003162904985855919,0.0074108057456301335,0.003944238286274215,0.0103494538611133,0.007104293927465255,0.003709896912484023,0.0003755015481825552,-0.0017021774543831691,0.00916131881984339,0.004988650270239869,-0.0018648531007390279,0.016104532027570118,0.008653276882174321,0.014013752185717543,0.003332239736292708,0.013380003864919443,0.00856476656289562,0.01629377030928625,0.01638554637377898,-0.026461895150284187,0.01579861567730112,0.015614869957524924,0.008815547712291316,0.005406812948669959,0.013485856066694613,0.01879705647796448
2023-07-03,-0.007784666995924505,0.013467156619149545,-0.0010739443770555468,0.007118164093423918,-0.001136604892033044,0.0052020730837938345,0.0018460505542392536,0.0015461886203513853,-0.0008898436991323644,0.013664896595089626,0.009763628733757912,0.012618455093751146,-0.0019959766929118494,0.0038553016265183704,-0.0010460729641007527,0.005382734880489792,-0.013110242132844618,0.00804455812097693,0.0059780564027878125,-0.011963341127703586,0.010490748626670321,-0.009185996415597475,-0.007487970377268116,-0.011416211877195659,0.005008629112988494,-0.0032822977537800835,-0.005742476079062198,0.0024200092689101727,0.002063213980153522,0.006489333364803285
2023-07-05,-0.005871548619544087,0.003866582350178449,0.0012287180203460757,0.0007412281119407726,0.011331307654071088,-0.010107803470386645,0.01025285416483035,0.001555416320479397,-0.005724777519265256,-0.00784538920192246,-0.01747863206568967,-0.020085169497625066,0.0025160354586533096,-0.008977454266700713,0.004264202698235131,-0.03301608652497234,-0.003305773123042033,-0.006661645634024382,0.007428147548648845,0.006986636897979404,-0.024817060633475996,-0.0055107030092033105,0.0004732485295524391,-0.018421735910073234,-0.0017050915187798443,-0.0028886560923719884,-0.013936559376967472,0.0053648154721870345,0.006219428037881114,-0.0005689118061632525
2023-07-06,0.002508834923408365,-0.01283881889699967,-0.015493205988729275,-0.023032507742300368,-0.0032347402808287073,-0.017358984810782574,-0.017210784986100403,-0.007765400935041189,-0.021943561741811002,-0.011693938666287984,-0.0013247506972172696,-0.02202787284181007,-0.02824976789312139,-0.011723043035843705,-0.015494677130677204,-0.016610150679565727,-0.007431750249321856,-0.00988647673609655,-0.007701214413203372,-0.006668808135372739,-0.02352227304787513,-0.017150162677249114,0.009226786311955504,-0.018674215442174402,-0.0016418729760869777,-0.009734010061692167,-0.003947189227332282,-0.009338205938803967,-0.0023804836698196885,-0.006324832290752647
2023-07-07,-0.005891285618815245,-0.01941890898123244,0.011062622017709689,-0.00666917818288737,-0.0024456261199012896,0.01912033224922083,-0.0026172217468336534,-0.0023478122694784442,0.008764976103248667,-0.0011268317065186162,0.006253441471790966,0.0069332038276150865,0.0026156820961058536,-0.0036764117685048614,-0.0006052367478762699,-0.003753531224993001,-0.014542287205712712,0.007890216062190092,-0.013209973617667181,-0.00956188470781838,0.010175540768988967,-0.024608567653026547,-0.011867507793289378,-0.006089388841093557,-0.02098826040371049,0.0043299702420873665,-0.01657571873133512,-0.015818348498832346,-0.010172500958006037,-0.023040966157023113
2023-07-10,-0.01085576095376417,0.02780728366885321,-0.020419182854096718,0.011248385614957446,0.005704815748508674,0.014805471514961255,0.01536320403171465,0.008040776953613493,0.00667878306740155,-0.006092019894431422,0.0032015587638896115,0.004124571503820951,0.02466905734266578,0.022040827513428507,0.006208344361526841,0.02794358719186607,0.0016327581873230024,0.0056118491509358215,-0.007530142553369368,0.008182294418177527,-0.0010279654509832703,0.008807279948326752,-0.0159837774439735,0.012636431505178347,0.0004032075740094676,-0.015030736714115922,0.003184693731226762,-0.021169726183853488,0.007231928315869274,0.009055962138429852
2023-07-11,-0.0028101533011133384,-0.003871472911394447,0.012978852839820476,0.017063780275186513,0.02554965548084609,0.016237353463615323,0.039284018418071165,0.01400763324751475,0.0184864125890718,0.015777495808501518,0.0028158012718506598,0.0139350588634517,0.010893299985905935,0.0047656640543285445,0.011587587863516102,0.017104315794079117,-0.005516924451191341,0.015639259210897594,0.0035407333386807682,0.0008488402021793462,0.04866764701921,-0.011458668333869326,0.0019287916985570863,0.015220361545098982,-0.005239915735539058,0.019459459868076845,-0.0003455080055814186,-0.004268739285794854,0.010035292923431083,-0.0014850848209274625
2023-07-12,0.008985659764322751,0.008130042369663082,0.01568569880112225,-0.0017752870934856224,-0.007542484631177904,0.0029661412957613376,0.027625729901382012,-0.02647729833777812,0.009612961783579843,0.0073751088918680985,0.012916598764795673,0.01720256758721761,0.012306148633906,-0.0010061012026957306,-0.01190117559189019,0.020420410521589716,-0.0034671671554836747,0.004951535945314722,0.005376330715251898,0.002951682498538055,-0.0034339976371745573,-0.011315478209146357,0.014226816525760189,0.0034452420872459477,0.005199860087105046,-0.007194433316606075,-0.024174153648218066,-0.003715361083426516,0.006900750452491611,0.0025219259667446092
2023-07-13,0.0040573387292290874,0.008773530436757548,0.026758409161619312,-0.0005160813210095538,-0.0011975243245591072,0.008911692865380294,0.013595682477071547,0.015569577557643433,-0.013342649393994876,0.003549636703198411,0.001848059225890264,0.006985332758217444,-0.009196269877356777,0.0009110661137166076,0.008129994480708946,-0.003237218713644241,0.004617750982815583,0.004860012695160787,0.008522802817860553,-0.0013192701650800442,0.012700550749040751,-0.010700703670354028,0.016192160200154238,0.0007423936924511043,0.0006719702828565932,-0.016947123923982343,-0.008744893783472207,-0.006310877015320182,0.004541498865363369,-0.005869640354442152
2023-07-14,0.0007874388468425142,-0.0010102489634190581,0.002829408900884234,-0.004878350874555015,-0.017200880245986983,-0.0009380961773094443,-0.004514593538756606,-0.022317149209243325,-0.02495083108491547,-0.020448659839944816,-0.0237963481268042,-0.0075757433759228165,0.006039594560288686,-0.012313702146961814,-0.0038828327451877476,-0.021257706756202643,0.006674737770379746,0.006045661121982127,0.00911343236031903,-0.0009483240120922165,-0.005444493345988843,0.009593590290244203,0.007529503041181496,0.001020117475892146,0.007385060888422945,-0.013494129320575365,0.07240648810238293,-0.018187048201120937,-0.0006164141628421937,0.003438658585414034
2023-07-17,0.0173055695870985,0.0018027533593241163,-0.008315972513331604,0.011534823099648372,-0.005865240374619329,0.007198262851979331,-0.005799533866093665,0.008535256578664718,-0.0009114659966430461,-0.034529586006077584,-0.00925923672230744,0.0030964516354134997,-0.0014219266172209588,0.009847703465348356,0.006296846539551426,0.036802398360919586,-0.005004054988759221,0.024103723232532515,-0.0014778773794558164,-0.0008816574985475167,-0.005864765487415768,-0.016489647324549495,0.0014193891293674543,0.0070401409139257964,-0.007064501309136051,0.015908404771568296,0.00814298316791251,-0.07497803650325185,0.0034134999771426866,0.001228594216819534
2023-07-18,-0.0013404341232794437,0.020760261368572452,-0.005465676406731013,0.015109009829028075,-0.0014159050355517788,0.024663992969165882,-0.001622655811028162,0.008462861463059301,0.0020202534701134756,0.004558115770719073,0.010490018483990893,0.030776077657711065,0.002246662851520753,-0.014027017233875116,0.008343259163476446,0.003782371507750293,-6.285750204282348e-05,0.001825447323008822,-0.003946726595009942,-0.0029183606636205006,0.01288089535376824,0.0035994849776557203,0.039799821991226114,0.009290878552695947,0.0018795290651272278,0.014413646758573595,0.03288709821210545,0.02574696595579029,-0.013197392062436308,-0.0018081540491881043
2023-07-19,0.0070718164569105735,-0.0022358851374373323,0.019046892602732513,-0.005167428877276503,-0.01403791235943841,0.0009143564840246032,0.029609373303806086,0.023224127381490156,0.006113849815841954,0.01268184577722753,-0.0030197610750282156,0.009725220554692715,0.008586769739198141,-0.00038964824504683637,0.0008864540819359945,-0.0011594993652482843,-0.00201177362917504,0.0038396609045487917,0.01766551269380323,0.001055019335414853,0.004562625193250236,0.0,-0.012267521016360527,0.001458263599401155,0.006833274806482992,-0.002689801035620998,0.007400181210385881,0.05268064644599768,0.002699651284011617,0.00032336612863237413
2023-07-20,-0.010097423137741868,0.00508502980019343,-0.03989357175040831,-5.6488372396135134e-05,0.024017230873664364,-0.00631782765165545,-0.026496497035410682,-0.0011444683302374026,0.011054172960177633,-0.009535866780835955,0.004354328041630495,0.030274671270149378,-0.0012206655879311024,0.013598360773846574,0.021405340637816295,-0.03163074883618955,0.060728172315712925,0.01231766063039541,0.01216743800328679,0.010199650677307659,0.007827627365454282,0.023690528777951414,-0.023121527527175445,-0.021386994972787066,0.008108376004696938,0.0179996659824897,0.0010718953633999107,-0.00971442767306896,-0.0074559085209352505,0.018496976772846896
2023-07-21,-0.006161611557459867,0.006817437434345708,0.00030773533446226686,-0.03890228999239098,-0.008473374623950258,-0.013175596706276993,-0.00043829375591486475,0.00496468051841803,0.014642171975587814,0.011251626737122544,0.0,0.0031351827014434175,0.004324862306342991,0.003077633053415685,0.004046944702426725,0.019478588774551886,0.01074941564482157,-0.007684963933986877,0.0008015300379347057,-0.0051157294144316134,0.0003835871484041409,0.01779449214226081,-0.0089370901480047,0.014228676226563985,0.015741209953031188,-0.00466523920633799,0.004541525619653042,0.007134301638184626,-0.0015441017893906839,0.005651635748108674
2023-07-24,0.004220188446875106,0.0025550124807935948,-0.009230745755709147,-0.014275713165119552,0.019216203998047687,0.006675816954930802,-0.010523594877725695,0.009120177095526927,0.01972420903753669,-0.006652841216085448,-0.009425179033441311,0.01980337303791746,0.014478633836313648,0.0034514990329215234,0.004318424421721367,-0.01146385357516877,0.0052294699748767215,0.019683821506151444,0.00032023670780589875,-0.0010147053480400459,-0.0005751600985841598,-0.01449394461987541,0.003897936577039074,-0.0026591620556513096,0.0032041040103583107,0.0116885986198354,0.004244616798077194,0.002951573861505352,0.0062278718400003985,0.005872196365342086
2023-07-25,0.004513576987327683,-0.00046731859163029466,0.002562125956798944,-0.007688076530852017,-0.008106731086226171,0.010371090376959158,0.001639687248033539,0.009226105094229275,0.004572843902997281,-0.01120095440084834,0.01769748594510223,-0.01178504240206868,6.161406686100435e-05,0.0017198135815472693,0.005661403505851537,0.01397555660727745,0.00765723708414745,-0.007468179007826481,-0.003362231867867438,-0.009989641070089705,0.05332294513727609,-0.01158205273054258,0.017009167593471375,-0.004321108815047325,0.0023464413754945568,-0.015557303038964188,0.004423020055627891,0.007651521347538992,-0.008515400113375038,-0.0008159802904940117
2023-07-26,0.004544983572093875,-0.0004249253962623767,-0.007589335934878205,0.0075075583577668414,0.08724083859775345,-0.014271345181528727,-0.001990942298955467,-0.007089497182849014,-0.00750494652754341,0.0026858870098076526,0.004113641858272121,0.00806304391128787,0.013717621655820356,-0.006772171107772174,0.005273297283390654,0.007624639791245835,0.0019142147429220824,0.0059938641723649155,0.012851341638929537,-0.0020863839298310705,0.025585178799190533,-0.003626983140905593,-0.03763747430352693,0.009233834974502031,0.0010404097913403465,0.011852252139532338,-0.0057343925112279814,0.0029205411282706706,-0.006661292698911581,0.0035809774676702766
2023-07-27,-0.006581133580845111,0.0035712272417876,0.0007803832093540297,-0.02473918551893839,0.004080742851326313,-7.764711919366896e-05,-0.001906252732155278,-0.00413376005264543,-0.010412786750487069,-0.00582323631910997,0.023091346710558902,-0.008530046868827856,0.00036406834555768874,-0.05690010144438651,0.013468631626685656,0.005529637973654911,0.005616178883041556,-0.011029380914225229,-0.009674648997165969,0.011790787455568275,-0.01287297766381934,-0.01745366481392374,-0.02087231682615487,-0.014913300083581604,-0.011887656148930281,0.004076714367459822,-0.005452844338952212,-0.023005271839960484,-0.011218985551862848,-0.0036309421029590006
2023-07-28,0.013508036170098991,0.001355736059533097,0.030877245332297854,0.011185704449089506,0.021133700284091006,0.008246334694647306,0.0019987241310714943,-0.01716991023389769,-0.004948102810462429,0.009020490644358281,0.00946490523089305,-0.0036103437312842157,0.005034741300298684,-0.006211493019596337,0.0033571954275575244,0.06599142669127045,0.004548045775213838,0.005704345652221443,0.0006405392672894639,-0.003929467940944509,0.006205593426649836,0.010164264950423219,0.023131398005489245,0.008823266647214334,0.02826910222611989,-0.009206853216209065,-0.004592020265397623,0.014307084182287655,0.005587792878843256,0.0047122376846708836
2023-07-31,0.0031659315980856473,-0.0093920438930295,0.011118568090654923,0.020854899736460597,0.0006703408625112761,0.018200852677898727,-0.0026153799180937964,-0.0009597394824523153,0.03015066670844635,0.032044627980633456,0.018211335259794348,0.007473584830319124,0.007453878392639002,-0.0054305930910850675,0.005088860752378244,-0.02878089111672355,-0.03983255705932587,0.006691915983175312,-0.008802945160462983,-0.0028230380501694796,-0.003396507480178612,0.00291530447602506,-0.007240393699911696,0.016295586868007916,-0.0007034038380492325,-0.0037514669079309337,0.006879953385143134,0.0014694810783728585,0.008398620435785764,-0.00031256775738375264
2023-08-01,-0.004275896334474338,-0.008669641253552407,-0.014886223394710907,0.004559411721212214,-0.0035169000427641706,0.08854677762397722,-0.003288505078578585,0.011913963287935703,-0.008310142042095348,0.0015749022066289253,-0.012218959026491505,0.005198787708818653,-0.0053020335710528554,-0.0033482944534349857,-0.005895437034612816,0.0008385583629981763,0.008118011301088135,-0.004938074768150891,-0.0025833900171993163,-0.007264486493190225,-0.008430334011528706,-0.012845929880986318,0.0012500828635877426,-0.008968321751916086,-0.00031984053144529234,-0.0017380872210837062,-0.0032190108137459816,-0.019072902881352105,0.008623283539142435,-0.004691676762235475
2023-08-02,-0.015489884136351995,-0.007366842586670641,-0.026425663778747666,-0.017094050329097055,-0.027855929486326758,-0.003741383447253943,-0.016810314046454278,-0.001519241196749399,-0.015834776146480323,-0.030663750160514258,-0.019361788379327782,-0.018506189411482188,-0.010750731766788424,-0.002997595405435871,0.005860712999973483,-0.03938531003762302,0.006039553059614011,-0.011324494169307031,0.0030758129616557106,-0.004981831757618682,-0.014923968790478082,0.003989320555893183,-0.026282768157156577,-0.017276187747500726,0.0021758821594113353,-0.007022123053207707,0.00011896678519618398,-0.003290651581049686,-0.009258493214350128,0.0006914174012313534
2023-08-03,-0.007321670317290252,0.0012585827916860026,0.005459768439170398,-0.0020389143849997016,-8.64563576747912e-05,-0.021281858469487824,-0.022403599021237675,0.010840655199903182,-0.0003755880729566785,-0.009385895530673705,0.003656333107706855,0.005867303377873778,0.004109557225895788,-0.012389910964928141,0.0019420349465015807,0.01395736458281105,0.004296239764983056,0.006113149150699826,-0.005164609870048964,0.00483386149297349,-0.015793006132634346,0.00028400313339727035,-0.002564919753310302,0.010510723695988267,0.0026183963641648322,-0.009935957319445632,0.00011876251236575541,-0.007802879839597043,0.005051327061352806,0.00025104905812223244
2023-08-04,-0.04802023482943196,0.054529627659277935,0.08269337801006271,-0.006009464276208298,0.0,-0.017800715589104676,-0.004499850043210185,-0.00978364305067747,-0.00225458797160083,0.0094748252506478,-0.007103830928079646,0.0001697626857208867,-0.010368262747827317,-0.006823745050468344,-0.0014535594921052386,0.011368594909583418,-0.009376349350704416,-0.0021106592162526416,-0.015087575095505179,-0.01374438692959834,-0.01567321815221978,-0.006904308757917033,0.0034284968930735626,0.0015648354585930946,-0.010955302502563713,-0.004427321757506708,-0.004218926950338098,-0.013309303472335388,0.0009634363657637923,-0.005776598457227111
2023-08-07,-0.017253523337950383,0.03970746073950582,0.01898684357254843,0.009370799057536017,0.029780426052350872,0.018846719481669716,0.006850240828273124,0.007220159635360934,0.0036404694355207656,0.0061413794966240776,0.01852864197033921,0.006624853445037715,0.008393864463709377,0.0020611072556104837,0.013449612523478649,0.0025611997606678205,0.024017985546312737,0.004743170446092293,0.007906387162308848,0.015259965392650843,-0.00265378089290913,0.010380710348916189,0.007108349768079059,0.015347818006667069,0.010561418528699296,0.008716310310650455,0.01593293253621897,-0.002759149787879167,0.010544339980365969,0.01357829109775266
2023-08-08,0.005311668945345405,0.03107447332053148,-0.016031491771390738,-0.006528530535464205,-0.0008814552523281893,0.004402967017661741,-0.020734854835286698,0.0009431600941709473,-0.001501167876091336,0.014971670902758305,-0.009185868659910223,-0.0205311256234445,-0.004131668567412428,-0.01028460954346655,-0.0018471175930856454,-0.005960865806813542,0.0004621025035849158,-0.005613771298808912,-0.004412485590461035,-0.00624580071789127,-0.010548092967290867,0.003016390639029032,-0.012298862519385834,-0.007150546514016254,0.0010835551431807033,-0.013167244914680798,-0.009554737171442729,0.001229751128377421,-0.009192236025124645,0.0009969837316119445
2023-08-09,-0.008954348515678445,-0.005674776815045135,-0.01493494570121734,-0.012359088054087364,-0.000756144685170157,0.005797021192258445,-0.02703477036719326,-0.001319257042919575,0.0013155897922492166,-0.00726190576402419,0.00963469280681406,-0.01599358841266474,0.0012202499090829821,0.008472971792792938,-0.012200982237176472,-0.02113072965945073,-0.0006352876966774224,-0.013407846686979696,0.002298263292919822,-0.0046615924308974765,-0.003937854193769463,-0.0029133091727853166,-0.011715996424868313,0.0,-0.0012735493493123418,-0.0035142586364554917,-0.0074130485059215045,0.0042983915215109025,0.0019641859614758506,0.0016186132533335673
2023-08-10,-0.00123463681049929,0.010565957484966138,0.005150463718840648,-0.0017092222449134331,0.0016816358171107826,-0.0024953387242041547,0.011609848298712366,0.007171185789751622,0.006067760466995642,0.04880552320002862,0.007922210186521284,-0.006682610490109875,0.003625722629547967,0.002816156608143272,0.005333771079987892,0.011668645892638496,-0.005200126243638747,-0.0014954734791225999,-0.002292993390379694,-0.0021858675441713826,0.0018320853606434984,-0.004995234065560905,0.002172342519162651,-0.006017036826230671,-0.004971392588213108,-0.0020922695753119447,0.002728395703581077,0.009477382155612446,0.0035519733365323436,-0.0004990935950899278
2023-08-11,0.0003374824847979241,0.0017171987012296608,-0.0010825194798443905,0.010578403146427329,-0.010660594916029553,0.004932658766427567,0.0021608512227568877,0.007869641238499314,0.020642934781632594,-0.029860558531800918,-0.009467666513693573,0.0009695044277813203,0.005191163844741276,0.010225621567806709,-0.0009075663275717183,0.006055400568466096,0.009757911188943869,0.005795727721909394,0.004103882499762124,0.0035466692973287195,0.006255877054033965,0.017713384534549625,-0.005945462733497164,-0.008621608908389589,0.005829161731570887,-0.0004791619116522039,0.008997512855246415,0.01029677453082778,-0.0004997858706690117,0.005865575508520182
2023-08-14,0.009393144190605884,-0.0058664246886893645,0.015605834874352187,0.004901158559336372,0.004199921466304213,-0.0023841219236594435,0.0160996952973671,0.0016732223647717426,-0.0007310530921744718,-0.0023589475923444514,-0.0012623954658855796,-0.00877532813269477,-0.0035033681065251843,-0.006083770304601166,-0.008454245804165317,0.022642470055303843,-0.0023583426299471633,0.0020719221002445387,-0.004740880297091299,0.0006580686944808178,-0.010808109321189252,0.013682104818277585,0.009439054228565391,-0.004162984524424096,-0.007833366417423937,-0.0035359320629215762,0.005747704416403598,0.005995027690953947,0.011914685814944814,-0.00744413477267003
2023-08-15,-0.0112002436632892,0.019312549378103006,-0.020630355012962953,-0.02510834113486604,-0.018799425798717406,-0.025198481072022938,-0.015467346135126236,-0.009836826172813118,-0.029201886570830005,-0.019704935088322162,-0.03340553695481763,-0.016373673437235836,0.006637392579986301,-0.009023224087209458,-0.000281914671052208,-0.02550438961692869,-0.0028829536945685907,-0.025457025004422706,-0.0067345911630255495,-0.0017656813291885287,-0.02204609645323019,-0.0022954727981854273,-0.006727675003052158,-0.010126454583535782,-0.006418795553268963,-0.01677982642804643,-0.008298539546952699,-0.00893908692222345,-0.012638885339738892,-0.005125058347653089
2023-08-16,-0.004959060114871239,-0.003721714849351465,-0.018885675014943426,-0.007102634996483892,-0.009945740175782869,-0.010310926128905495,-0.008573528361993765,-0.007310072139798174,-0.0038306020741500912,-0.008155294312659933,-0.003923107068272147,-0.009331260630823457,0.0026797366263155986,-0.006975488142991426,-0.00867013561503116,-0.03566310942451656,-0.0031802751882433755,-0.004243405007935075,0.00016530072015630282,-0.01005905852203437,-0.0034603830169045446,0.0006441413270510399,-0.002428588642422569,-0.0001877623945694129,-0.010207362135083664,0.011561020705722402,-0.006177365524074996,0.000300808882421677,-0.002251645885204545,0.0005025095249000522
2023-08-17,-0.014555197910615991,0.0036518586706737466,-0.008069975106044458,-0.0011197772834209418,-0.023526869901751235,0.0024040122166795186,-0.015218256655217255,0.03342131852950936,0.016738579652043617,-0.004979803151949014,0.010127412336856878,-0.004831350517051414,-0.017265818006769074,-0.0027349550587008054,0.00014252181505147732,-0.028332591294233045,0.009397262671962059,-0.010386766200642161,0.0021495060052167947,-0.012403840115637887,0.010020781065410045,0.0017474748309846966,-0.010986106111815164,-0.013892598055220917,-0.007179785790333404,-0.011852319286329793,-0.019064170696631133,-0.00631203081508136,-0.008023702899006113,-0.022416172208173157
2023-08-18,0.0028160607113261182,-0.0076938558276411495,-0.005672447612115605,-0.002179562796311707,0.00939699239975833,-0.0049785805790181215,0.0048567666020657985,0.00566426918891727,0.007198722820834114,0.00046552628782947636,0.0029708346094934335,-0.007907795320405975,0.0002748793323379406,0.0032261548927197126,0.005331795281077856,0.005217877423510764,-0.008734884842802715,0.002287633062831196,0.005609685047628377,-0.0004255905729163567,-0.0028913558969690945,0.0025705664014024077,-0.001262259850607128,-0.0022847119840283536,0.0028268460538909412,-0.005752142266288951,0.009069563282902315,0.003629561513129431,0.003370305914996319,0.01438763131349896
2023-08-21,0.007736783539858294,-0.004277611293278749,0.01095925117625085,0.0040566291032528845,0.0025149231836250063,-0.003834967266514222,0.02050473531009578,0.007267365148432958,-0.003356088312146288,-0.0009306193478887392,0.0027766250759420075,-0.008832613531346012,-0.010110816043305326,0.001983229992281954,0.006152252562616978,0.011908351383646876,-0.029798993664780893,0.003423671799140049,-0.008531721884809773,-0.006033833699376823,-0.008199207776278139,0.004029482018035324,0.017062633104159897,-0.018605107133225385,-0.0050476805368835365,-0.005355024695416266,-0.0015247182005501125,-0.005424891497403217,0.0054162046745500625,-0.002659427432087913
2023-08-22,0.007904821122536765,-0.011814547059142422,-0.0031926989840012077,-0.01118854287586002,0.012542936749425415,-0.009349296541357854,-0.010859769828914012,0.0003608757280519903,-0.008231466685584277,-0.0010480583777427999,-0.007014913147464497,-0.010153404001457478,0.0012960841467879458,-0.005028080906392729,-0.005552501127205067,-0.007543878292393336,-0.007947400944660066,-0.020738921831812807,-0.006122625333405907,0.0009640329640356882,-0.006855618007411524,-0.02198102660564194,0.0018018843228446713,-0.013610596621204452,0.0003953072908577937,-0.010272220872224347,-0.010729886580991943,0.006060770800174531,0.004635513451821671,-0.003174430744904866
2023-08-23,0.021948997227429157,-0.001009223219436639,0.009459994580714559,0.0022631075554182534,-0.006476313494719554,0.010473743813266267,0.011462657232733875,0.00937599062091099,0.0013202329374679689,0.00046641379223077983,-0.00725042469474535,0.011104610584435015,0.004961808154891001,0.005752470529758469,0.013569873959331513,0.0331409413938657,-0.008974785490283854,0.006763362173169529,0.003496449637179655,0.005565462945694044,0.0115725470464203,0.03795586990716404,0.014079235206981178,-0.026710113943891778,0.009352480446289224,0.006189683374926203,-0.005890159815801321,-0.0003013524723458616,0.007191230576643282,0.006942365628914482
2023-08-24,-0.02617045089058423,-0.002875311263218605,-0.027154721211281152,-0.010348900554919105,-0.0493044193813188,-0.013661467486053458,-0.017309779413893334,-0.013218996291208596,-0.008225861299733017,-0.03914721005048005,0.0026217998234498996,-0.007352986296254693,-0.01073313147087962,-0.010263118519573067,0.0009763240279450081,-0.040906513925212606,0.003403707184468363,-0.0009500009421135047,-0.0026546796745424706,0.0017026456485094155,-0.011540362195923137,-0.016621915697161094,-0.02149855305501336,-0.011341900764947344,-0.004633017165782349,0.005654748993453307,-0.0027379109154066494,0.005724699882479367,-0.0116798226780368,-0.00765356321438071
2023-08-25,0.012643198732427141,-0.0009351914254612792,0.010770617478674804,0.003359155275872494,0.028070526768428472,0.012105412709199515,0.01926904976048016,0.008327452500050292,0.007471306008157486,0.010791694233215354,0.008218146438521146,0.0005939542129300701,0.0008369288936516117,0.0061568670142058135,0.012539285965261993,0.020251618044408337,0.014337835594175452,-0.0012226225747663522,0.0046579866703395645,0.007898144606866442,0.004568602490913509,0.006943992870119597,0.009407340825800858,0.012393733918142358,0.00655566056670609,-0.0012359005415949476,0.0020897444434715418,-0.0008989116332634994,0.012945303833034494,0.005927837731276586
2023-08-28,0.00884590097005189,0.0006630313838258406,-0.0009004586682715976,0.005495289355144983,0.016337647538848366,0.00818174192067378,0.01074147885833776,0.008976693782783096,0.006850294436171689,0.0095970163683059,0.011485742774293595,0.01817903758751216,0.009446793671045395,0.00848089572504973,0.0046094957236957335,0.011127849894522424,-0.011789586009964048,0.003468374358709836,0.0028150607554726648,-0.0031624434630387332,0.05224859483188826,-0.011614286180369637,0.002229117494132904,0.007992557958321544,0.0015631070707682326,-0.00501109684025447,0.004416174185630561,0.005997029432171397,0.005194302893039238,0.00570254315965113
2023-08-29,0.021810383735971994,0.012044560416299976,0.013294308852149106,0.006595781103618359,0.0008367939903515254,0.019068825957653468,0.0011335852946705582,0.006405516430429525,-0.0015605876052978696,0.002851755303917791,0.011721548252111136,0.020185777188728826,0.010647113852355172,0.00872899121465176,0.0029446921570022155,0.020523509618895375,0.0001218387012871247,0.008132223187678367,-0.0009906699409719666,-0.00031725902796941874,0.013926100510744943,0.009730990514458915,0.014550517559575926,0.021479670697751585,0.0005852106726684791,0.002797941481133881,0.0031548947916919534,0.03397923233197231,0.006193036893792803,0.008379617090863878
2023-08-30,0.019172262792921835,-0.006778678106733493,0.0011860029483812262,-0.0004368766641403843,0.0070407309285616115,0.008213421211323402,0.01453105985992531,0.004420174136270161,0.0013752363819037328,-0.0014217304363562944,0.00385030989583357,-0.003699378162036693,0.010205046172819365,-0.005065537850874269,0.0027998507672148953,0.006412126688873476,-0.003529906015480977,-0.004033420326545745,-0.0004958601522132566,0.0022919029467909358,-0.010608993507049469,0.0020003074166132784,0.00115708441565876,0.0032425706867837967,0.0011048219079947685,0.00024833557218362223,-0.0026376771874937477,-0.0014413278166564014,0.003627539089195775,0.007185335445560215
2023-08-31,0.0011725402032276566,-0.005971776841023457,0.021766395374215985,-0.013610679551384508,-0.021061862336322235,-0.004250050516946491,0.02985481214204433,0.009505358251049811,0.0057436443533736,-0.007119236439075305,-0.003470137744219781,-0.002647652838240977,-0.0009981455762636537,-0.0032879203493678677,-0.00020450489320678056,0.017665757228238377,-0.012520691777834325,-0.012351501185636882,-0.010583733892359337,-0.005553159744594027,0.021254204915601482,-0.011160592018873872,-0.003132712787873637,-0.0038196150530988016,0.0019477266208385302,-0.000558343974351394,-0.0304153310466464,0.009815097767116754,-0.0022338326003182862,0.008746911138712399
2023-09-01,0.008463253425638806,0.001443376064080626,0.0007970481467276525,0.010317225505611427,-0.0028121451870075642,0.018211946489131936,0.0003161225866623596,0.008544000034243604,0.019863330442221105,-0.02437859021599509,0.013379755451982778,-0.0009457315156735646,0.00841653338250592,0.0023944497382137886,0.007559738591297549,0.04183270867873112,-0.007421858879486987,0.0033485245794568907,-0.008691364371089638,-0.0007469059939949618,0.0026249892602416836,0.007891190891932132,0.0027458082110063398,0.00976623212448624,0.0011013518833495883,0.006636590276731802,-0.0007134194001209293,-0.0034304702416444455,0.00989101428404493,-0.006395838627294315
2023-09-05,0.001266840463089558,-0.010517692626813568,-0.006154002858205887,0.002380518947620036,-0.0037152488582887777,-0.016139692547531337,-0.012819868394294498,-0.010027539144178532,0.013146858361255509,-0.005511874289780838,-0.019895070942160475,-0.0111486468236488,-0.01591193992107076,-0.014278972598890105,0.0012845969989925266,0.0027314756939662566,0.0012460899190225305,-0.01103400212637684,-0.008261688014618018,-0.0063358077768355114,-0.0009350416899780445,-0.021212410164309636,0.014878718936095492,-0.01992964806671549,-0.013397200217311611,-0.011768316685298652,0.009595986737101159,-0.01606416253825238,-0.011164274222419168,-0.008045934015249556
2023-09-06,-0.03579341097555011,-0.01968424852443329,-0.013914209970579572,-0.01249975212733645,-0.02075756042568022,0.0045094630261866,0.013398003675135994,-0.0017465977106879693,0.0010210762264744044,-0.0025866373963921996,0.01291742058479528,-0.008092546752025642,-0.005430650624009603,-0.0064083139038693115,-0.0004727178463554971,0.0073549897448526025,-0.016616754826609292,-0.0016524356915436078,-0.0006798905827744006,-0.013325633520007707,-0.004492309251055371,-0.009487707227169961,-0.0020087675272852934,-0.0013957406000604244,-0.0019677428477365977,0.0013717811899434107,-0.00804897464265597,-0.0034984131388244855,0.003342221340667084,0.007487404445052359
2023-09-07,-0.029249409267013804,0.021605503182811958,0.018395430569861038,-0.007721671109796269,-0.00871756789671152,-0.005195984094928274,0.0041061382592684215,-0.006472945468626756,6.019214625796465e-05,-0.005063065073365958,-0.014392493632323977,0.002584506917436169,0.007423396528735582,-0.002113527905016288,-0.003647044121700471,0.03244996286164792,0.012783921108326934,-0.008554499799201087,-0.007655756696312577,0.010492261149860127,-0.003948405178661574,0.013616284866362127,-0.008922040944836063,-0.022459477091583135,0.009530488881969612,0.006641020626713345,0.016501168459377658,-0.010825193791249799,0.0039811426195772714,0.012386242195685515
2023-09-08,0.00349158456632237,0.019812141401912564,0.0027565441218631026,0.004145997125132084,-0.02212450225308149,0.0030200882859179323,0.010021058172107411,-0.0021132057854807984,0.0034204451123081014,0.01253588684622109,-0.007208801527424202,0.01105726480215563,0.0008830608401415585,0.0021725583249663227,0.0010845528715632824,-0.004452755867117686,0.00331171035579092,0.0007655306110023741,0.0,0.003197436778742846,0.002736983696230988,0.010283630342470262,0.01321577283226194,-0.002654943521111841,-0.004297171361610452,-0.004854527226083594,-0.004472722608054869,-0.010647745538863274,0.0006069153311671904,0.0018351009395254358
2023-09-11,0.006622760757517554,0.008827058067277571,0.035231212663680456,0.002540641281205458,-0.0012306989178155758,-0.0008147054101854678,0.0024469788047150054,0.0029999997834091463,-0.02063276399469005,0.011522338146719546,-0.0007448773454900026,-0.002672640156539341,-0.0010343011312932138,0.009158644309899655,0.004740028180709288,0.015259408931445506,0.013079364044658925,0.004380109992696335,0.009429106319338354,0.0019341051315151514,0.015531066363246415,-0.004126682583413532,0.010979068362668487,-0.009009958736177492,0.011900957752759567,0.007755307117231602,-0.002891279537681646,0.014648752083924244,-0.0002830679140228831,0.0034804627231119767
2023-09-12,-0.017060607368697855,-0.005387420139575383,-0.013067856717097759,0.004245299683286907,-0.0017060832174937701,-0.0008510112012143356,-0.016199844002111496,-0.007917046786357629,0.018624857813844153,0.014057163622186009,-0.0007451057647359649,0.01925148976405655,-0.006364801870526904,0.016110941294769532,-0.014018132659326277,0.00699647266739345,0.005655916845475062,0.013014072166791735,-0.009850671474170514,0.0033956044853449274,-0.006766288334716042,0.00386736341529037,-0.0182576890442937,-0.0050625144705610525,-0.01757673006235705,0.010178034061046226,0.0010848144195561016,0.002946422562091433,0.00032375919195537506,0.0010952889222644036
2023-09-13,-0.011854942644655142,-0.011831997240354886,0.025632022130484877,0.004037682793218256,-0.010681225089926527,-0.02090033529299762,-0.012902578502089423,-0.0019506527304131716,-0.003656863009178224,-0.0023900322469112556,-0.015103506202914785,0.012330112324718812,-0.0012259047041263127,0.012578779618455327,0.0017087874571570794,-0.003859934500682227,0.0025065347656731962,0.0004782333761224056,0.0024014766859987713,0.003776263359722254,-0.057017588648964446,-0.01109882270886653,0.012930550628847515,-0.0017652469053354158,0.006972282611196201,0.0022118917590279175,-0.0001249050014791031,-0.005287966712878123,0.0021430339130583675,0.00024324220025340182
2023-09-14,0.00878265463998762,0.019709845853940422,-0.0008975138235036706,0.016589239818004975,0.003119045941989418,0.02406473225984107,-9.14792770849715e-05,0.0015989757250114423,0.00619720004094737,0.011978884475269957,0.023097286317929733,0.02862860085810537,0.01150719814875889,0.01028233006890722,0.005458657635835973,-0.0010334980618028622,-0.0015244732454795518,0.019397511089214614,0.0082786491581619,0.010611482981040865,0.012568135982083506,0.010832877992009493,0.007855925144021336,0.011026707413228642,0.010973911099322997,0.017348051145952725,0.007835729604071417,0.005316077956153409,-0.025541695977779555,0.0041928751075335224
2023-09-15,-0.004153921156062945,-0.006023512529816588,-0.029919857618376344,0.012177075556237371,-0.004496543543094367,-0.012068518722404553,-0.01906013809128393,-0.005853962598626916,-0.004365179716737333,0.013021020132739203,-0.0037009942055059586,-0.005891447634578495,-0.024967295481398644,-0.0026867754085283524,-0.009229449502465736,-0.020429068101106118,-0.01398570318380965,-0.0029477995453042194,-0.008894951177171984,-0.022931630440223838,-0.012314355537458965,-0.006651695426708737,-0.025037096848385176,-0.00956882519602864,-0.008399532345588767,-0.006989508896669161,0.006410376796203376,-0.0073443834619514314,-0.001780635727821056,-0.003691317039165809
2023-09-18,0.016913242849361243,0.009320300724328101,-0.0029204620264398073,-0.02516039140432902,-0.014367428208134525,0.006412483297688842,0.0018173059513333367,0.0012490306287016306,0.004324382126803528,-0.0065438070258554415,-0.008543818029015826,0.0022770810329550972,-0.012881100475755525,0.0073562181715221,-0.006164966965686802,0.002903958945257301,0.006317708911544262,0.00208296944652675,0.006213256053994254,-0.0018327367233854641,-0.0001980042946048144,0.0027901176932345617,-0.0035126589178585688,-0.007791474084771655,0.0037792225123916,0.0124391929808505,-0.0013150147922794675,-0.007694545706454781,0.014892049825464992,-0.0074100579684834855
2023-09-19,0.006180886741719682,0.0044081131462954115,-0.016788047695762587,-0.0017538895021078638,-0.0031201219036827155,-0.004520313019767963,0.0032556342362961566,-0.004811898385096214,-0.00011965762421350945,-0.036226629988013626,-0.0089920617974939,-0.004165132922898773,-0.00835309527891337,0.004576680438805436,0.009856059988552213,-0.04343254113897976,-0.0016617380215503408,-0.0012742494432601559,-0.0020583199516179818,0.001475995520685558,-0.008016507235840575,-0.004266368212844651,-0.0012460018487721047,-0.009318356055020627,-0.0029211358785435904,0.002037910056011283,-0.011109735766958173,-0.003877071724917247,-0.00449608067575169,-0.00024480765758927436
2023-09-20,-0.019992260415903185,0.027051498505078486,-0.01700219075536713,-0.013304090238426602,-0.010318860790485607,-0.003790193415976195,-0.012378262459403544,-0.006088962018924393,-0.003050275804074132,0.00756651759497684,-0.008317701444124581,-0.015180462867784073,-0.011919413962232284,-0.0046582305440443506,0.022590841951762863,-0.045404577310934946,0.004377275472436271,-0.004229900358155625,0.004469125361076909,-0.0033436593685630678,-0.01237158887148715,-0.0004656363714879985,-0.02397695377931841,-0.0061298466258133955,-0.0008463301299669324,0.01046700256668287,0.023862957255888606,0.005987915390278653,-0.006979858793469518,0.003243974974803887
2023-09-21,-0.008889358397598857,-0.007551752118943433,-0.04405345369833069,-0.01602764824765468,-0.011958285454046425,-0.023617264928293857,-0.020748337319378307,-0.03891887938963079,-0.008998717742791151,0.0020589589828470256,-0.02783071121925551,-0.019186061725845915,-0.013189062953045894,-0.015480325111039472,-0.016351818297365428,-0.0011530399143219183,-0.007672898711412746,-0.00782188671719486,-0.015400553513017834,-0.02157285350734439,-0.015153161705679707,-0.005404905741231536,-0.003865572171053877,-0.026052700132217277,-0.008666040347252157,-0.001953399221008567,0.018308221352196785,-0.009226141882999084,-0.021706795488490194,-0.0121407855719039
2023-09-22,0.004944499412885106,-0.006347104977012741,-0.0016238050792075631,-0.01053565600004469,-0.011202752030823104,0.0037863615443691767,-0.010450165413694146,0.004311848493913528,0.006598373786617984,-0.01788938957633124,-0.014705816598284183,-0.0071159597933032614,-0.003357740196364034,-0.008619496442421215,-0.0031891925160431045,-0.01356422244783051,-0.007175539313623802,-0.009583102877092298,0.0010427532372105919,0.003687128660716077,-0.004615833765040489,-0.0036541387209693132,-0.00788663556290059,-0.008079548623513122,-0.0036810605765746907,-0.004566695467258852,0.009897517252360544,-0.00030040204734926856,-0.006466156251637489,0.002655645074025159
2023-09-25,0.007380345679116829,-0.003137755572837464,0.01665124873434287,0.0009797755206948366,0.005411926706260228,0.004431379981687744,-0.0004358010119860367,-0.0016800177556269835,0.014614164303081933,-0.0029538917432411216,0.016716352522895273,0.0028971271259303766,0.002485769712291974,0.010960177261400306,-0.002927076101522319,0.0032183139561603458,-0.0014952643678348698,0.004940829139813863,-0.010416741178532751,-0.008963447263128144,-0.023186091748170212,-0.004701874171466169,0.001671945627599758,-0.0027516695631609744,-0.00606947799741786,0.0,0.008259237160560318,-0.0036057720052233844,-0.0073167279876017455,0.004434784858973195
2023-09-26,-0.023398427847781678,0.008169094036627023,-0.040298626825268746,-0.013770058998577084,-0.01579635480899033,-0.017318717189785948,-0.018658619183140712,-0.014397860598132528,-0.005393893902630564,-0.011850379488029805,-0.011939787850979822,-0.015265699046976833,-0.012887888401521441,-0.020692161794442776,-0.022118859657865086,-0.013414920918338735,-0.007737526765005609,-0.010379074952391765,-0.0082454982947332,-0.007635827140159757,-0.009600377014096995,-0.004251685346649325,-0.01700567608445469,-0.004746222914146392,-0.008893864477407698,0.0007149307681588724,-0.00946537584786955,-0.005126651227455481,-0.01589828449341235,-0.003495403116702045
2023-09-27,-0.008897569736405764,-0.00022315675107853483,0.0,-0.008073214047589872,-0.0009200198136515292,0.011835735633586308,0.001185256959361336,0.009296274395685922,0.019308505037031853,-0.0018737846811859304,0.010301182180061597,-0.0057747283935267735,-0.0023798660284387596,-5.327842790825432e-05,-0.0004887412587972761,0.023056483333981026,-0.012011022830744067,0.0058649219941202535,-0.010260018071233223,-0.015239704324892411,-0.004473710174768719,-0.013758276277267778,0.0020822207756556743,-0.008317703906462581,-0.013260269698332494,-0.00023820301910981723,-0.0034029549438677753,-0.017884141109128615,-0.0006530701052006593,-0.004799945807063444
2023-09-28,0.001525667392382024,0.0068407033159676445,0.0,0.002201673825354744,-0.02573423649498463,0.012944091928007273,0.002318418426189073,0.012781934590967214,-0.002630937343745088,0.002878504194267606,-0.0013725222456603126,0.010094655057585333,0.005533169302069041,-0.004098315425460464,-0.011105740373717032,0.016469215530397152,-0.0014639287396462919,0.0124160527171715,-0.0025022591713168563,0.007396302013763512,-0.002140011087912841,0.003463476318660952,0.002717574378579002,0.002348548186011268,-0.006787135974801739,-0.0017865701096874131,0.012645661102127947,0.004629458516885565,0.009411775046966886,0.005070404914705007
2023-09-29,0.003046505838699476,-0.007606626418144247,0.009049050319664742,-0.0069229852394125935,0.006564092044724301,-0.011729080522328683,-0.0020668760651130214,-0.002227185867507142,-0.011548063133068442,0.011481456034920123,0.01236993618411053,-0.0050123608239257544,-0.004382257612587481,-0.012666272876131202,-0.009040676207452858,0.010517145540245743,-0.007203094018624734,-0.017412964438239698,0.0030460013301769617,-0.008095044043569866,0.003860176234410373,-0.012943462939430161,0.006727382582505159,0.06683040955015085,-0.0032800254166952536,-0.02571285007901747,-0.011586022306430466,-0.004300893893721902,-0.007122646052994508,-0.016057638316646083
2023-10-02,0.014835569369148427,-0.009115743648926977,0.01840783446134786,0.001943897337290279,-0.020085512269601646,-0.004688373748452435,0.004586187514566076,0.011718711650255287,-0.012335481995984776,0.007649508120653126,-0.005042873911651924,-0.01566876946434459,-0.007711113704282346,-0.011529844502069952,0.003563612130848659,-0.0025315522133189106,-0.0038523237736960425,-0.00861953707559815,-0.008931861761352189,-0.021598874948157154,-0.03631686751036811,-0.0038854553690199634,0.01916059685578153,-0.011085769130500633,-0.004593384277498669,-0.006368261392505237,0.020587644518525572,-0.02005567997358637,0.005478214952387761,0.0010630453317252986
2023-10-03,-0.007769822719046471,-0.019901639908200486,-0.03661366636292884,-0.029635991017250563,0.005803100288903851,-0.010120815122483418,-0.019046743930815846,-0.00648147368053642,0.0023417899824136335,-0.02608047034516492,-0.005457813120293475,-0.03887004531712146,-0.02631485794181454,-0.008049819888642173,-0.002911736544343957,0.006486148423761273,0.0012248116483171145,-0.0073729248735124875,-0.010814565980227453,-0.012647982961161652,-0.015850519078508207,-0.0076060876497664465,-0.026134113109684498,0.00560489411212628,0.0020662252011798277,-0.008319588510430354,-0.009911251993741432,0.006927005318204893,-0.010637001609664187,-0.00630853294997713
2023-10-04,0.007308746475323646,0.016972378909609454,0.018280939360016735,0.01089295837026305,-0.011592221377473177,-0.01464842621646556,0.010208636812179872,-0.0037278612807970513,-0.023303204985840487,-0.002766061076599935,0.0017639303827683417,0.00810155750457664,0.0015416018116887198,0.00750780659699557,0.004843503600409749,0.006724614119842265,0.00115867352831045,0.004484623002293464,0.002915428056362135,0.005186715958233057,-0.008671890672443783,0.003930587285357001,0.017773464849691,0.00841315491381689,0.0032993000881542667,0.009818677093091477,0.00225709504080851,-0.013758633368103679,0.01053278426422044,0.012005824913418284
2023-10-05,0.007197632897719686,-0.0013562987680835192,-0.008188983586829512,0.007258667489336457,-0.0023563565119353314,-0.015960549542867186,0.000693599907458875,-0.0071094850359889605,0.0052747149756777745,0.018784773194082893,-0.024457114890661047,0.006156755785146517,-0.002359981857156801,-0.013588947876749025,0.0031901056957968077,-0.0011133545878920792,0.01041651879287886,0.004216273500307732,-0.04832845567647048,-0.013994678409570804,-0.002158603521389857,0.013996182371033061,0.0012540284252280376,-0.001042766646825788,-0.014866176770346406,0.008492370281100614,0.01098683560574254,0.008877599054435414,0.009774164060323498,-0.011925425797945866
2023-10-06,0.014750654654374973,0.009016420809257353,0.015878056641289273,0.015160652895289228,0.005851154844401574,0.020091974372661525,0.02648378799942086,0.0071603917338727285,-0.010189129739935687,0.02635812062232068,0.008423421989236957,0.006376956583877602,0.0038394251689211067,0.025774841242125035,0.003603592952901691,0.008358818061894091,0.0031819598124980253,0.01539569553932929,0.014509333275182001,-0.015898200487509118,0.006489708266271155,0.0027026120980750967,0.024736916320211355,0.01378010255853912,0.002016623968298825,-0.005674938169834887,0.016620455352438057,-0.009789611439048107,0.006681444757917099,-0.016784083570520414
2023-10-09,0.008451164407368816,0.015216574518120085,0.0023444468936362206,-0.0033483898961865766,0.005923794329313559,0.019771453215161605,-0.0006750873837458871,0.008793360437568953,0.02767681417834944,0.02122004776577402,0.010541190622509466,0.0004160562946908808,0.008674273622126139,0.010072726556504596,0.0011969230623538607,-0.0035920320911205783,0.005709153225091246,-0.002274543622331704,-0.004892840152610267,0.006848713955646568,0.0073529761227779655,0.005968484647387751,0.007822402769766867,-0.0023683882699292447,-0.005066186824233654,0.00190253973026544,0.003239288691137876,0.01944887829243247,-0.0025526391036132523,-0.003644313611002259
2023-10-10,-0.0033521018407521863,-0.0010679779052017446,0.009511938819224852,0.014178112911334528,0.026738782637022007,0.007040216197640392,-0.0016407864863885457,-0.000927449157728355,-0.001079643709500755,0.0034239098566783976,0.009840624638044249,0.006909648923754119,0.01306870086936085,-0.0009652355733364981,-0.0006329279649076591,0.010260703703277363,-0.0011351837223422256,0.00607857614908025,0.02174733628823433,0.006402222578723915,0.01785513065092359,-0.008516623531722667,-0.004335573277587046,0.0076382935353365156,0.009905158355554722,-0.006309237535173984,-0.00431162263651208,0.009856826721927003,0.009213521328052865,0.011293653980370744
2023-10-11,0.007904046512842378,0.04552995244959401,0.01814956889912689,0.003842794687412443,0.013124624404191376,-0.001391003167016125,-0.00014497588749395884,-0.003898133365988654,-0.03266471145307592,-0.0016472628450989735,-0.008185549608452747,-0.005559806510601617,-0.003910151050985133,0.005688471196003686,0.007881002051537411,0.01235242570088979,-0.01376615241182877,0.0034330420365824565,-0.005922436915174467,-0.0023854486353905857,-0.002758077693364891,-0.0014477840358112504,0.012272042176237674,0.010551126258398602,-0.012294590151114004,0.0011096761035620517,-0.00020959404587572728,-0.009445777331861804,-0.003888514430606338,0.0039974569016614225
2023-10-12,0.005061171621514315,0.005077452171394992,0.0037927633547389927,-0.00151810101091443,-0.02432806698769241,-0.011802220545620412,-0.005656372707460333,0.0035406413729681674,0.0008068511734597994,-0.005892735970584595,-0.012576132518472671,-0.010127152366592673,-0.016876577606182996,-0.018463041720802376,-0.013893569933663752,-0.0010846754623463628,0.0009602983490220041,-0.0023265167645835083,-0.016756660358550945,-0.0188508130316406,-0.015156577576986296,0.001256544287070005,-0.003790597607538304,0.006081957911077351,0.002237908870284855,-0.01034416082840095,0.0026899082718296885,-0.017482557313692748,0.004667458787317891,0.004550406583237576
2023-10-13,-0.010292762250233123,-0.0032977725629684818,-0.019194502454286222,-0.0011897325645395807,-0.03340302816367213,-0.0061939518518457914,-0.005299365930772515,-0.0014855763167120895,0.017552608926595603,0.0,-0.010348330433052388,-0.0017750754049001838,-0.0037537625976353794,-0.002066024258783772,-0.019682938890260515,-0.023615571308417405,0.003326489058645077,0.01501941270054985,0.0015147362540524067,0.008611387185534447,-0.0038192508815492188,0.004054467370690373,-0.01035727422888133,0.006650296598747829,0.009558887544081962,0.021651216798719952,0.026373175795765258,-0.007764465590814562,0.003758680804159642,0.005536267443100096
2023-10-16,-0.0007269635972332322,0.009785435364866757,0.021265196921155027,0.011184653569126901,0.0001081013102373074,0.010636769334593676,0.019257863784979845,0.007253167117847514,0.008167684011378462,0.016123329673057185,0.009249933113358422,0.016456650451112997,0.018532538804872045,0.014545812782704726,0.0054169882038406225,0.01640258661440419,0.004335361214589328,-0.0010132020541677722,0.010209950608159657,0.006564248579171705,0.014208223925734176,0.0012496634264513862,0.014981734131109148,0.02131890504587508,0.009537863571178473,0.020948733309020584,-0.0025399106021417595,0.01891103680705286,0.010098024544527018,0.008634211911926037
2023-10-17,-0.008784622449105495,-0.008574983634003885,-0.008147882355257097,0.010471953539523682,0.0036230652369573235,0.006868793662623496,0.006282177244747222,-0.004062063469741695,0.013240733562095874,0.0057168966745659855,0.010759130402795858,-0.01599914982685602,-0.004675070705439932,0.0004830499479850925,0.007973419891343703,-0.013676161738042425,-0.00914135464295196,-0.002164383683399884,0.011978420259790568,0.004801314613175789,0.006782429929121925,0.00028811469088396713,-0.0017435984707685481,0.009506154500510178,0.001300691931578113,0.010199830771467244,-0.0025648576594027306,0.008319945428033382,0.004706923553601916,0.0013026227676824487
2023-10-18,-0.007394944521374125,-0.002953528203692324,-0.025405007278304192,-0.01852470643066295,0.0004848940459647455,-0.049257377577533124,-0.023875341328384092,-0.0031516763542941417,0.00793579785897136,-0.017633352197684915,-0.012812977740971676,-0.02392059965005655,-0.01926066666884685,-0.01529597677663419,-0.002494208391303987,-0.01164732598196938,-0.021525876480357753,-0.010980742151130873,-0.0003700669900471576,0.01947109132259195,-0.023743946749196998,-0.02092731583230778,-0.005872585466666469,0.0073777000557953,0.025775725395868143,-0.007380716861253411,-0.0010996251607158225,-0.01459862880236762,-0.015464388762817416,0.0007433771277580714
2023-10-19,-0.002160947571607008,-0.010508441019471126,0.002107149015711185,-0.012604542780407235,-0.015617475993025098,-0.024419373305531233,0.01703859614200698,-0.008368893702962787,0.0010658815200812466,-0.01688714263950719,-0.01257989019686967,-0.009173097515144613,-0.01195567978984946,-0.0065407659388094785,-0.014003054628108469,0.0008417560631193144,-0.0026843855385823012,-0.004249578814908839,0.005550418236165644,0.009178534312581421,-0.015158232230740643,-0.0152954612443289,0.0036656646807144977,-0.006938296887531226,-0.005627331190094176,-0.02480521848895123,-0.008263817247249783,0.017069328217553137,-0.015412518915886908,-0.0047665749849982175
2023-10-20,-0.01470415017782456,-0.006379253933951001,-0.02515573116103942,-0.053803036541075655,-0.015044587236760054,-0.0094995390049466,-0.02203361645944557,-0.007314228024366876,-0.013424127224234694,-0.007207131320099203,-0.009302309494873873,0.0028743097029744202,-0.0012552008490098743,-0.0052119184018437625,-0.006158818577456593,-0.021026093911638122,0.004464187457222213,-0.016105491565386876,0.004047814484914536,-0.0010449269391766824,-0.0058581319317571046,0.0223038321513922,-0.014034802758794318,-0.003687534520127156,-0.0013490951673670315,-0.014334585350287976,-0.00865264811793065,-0.0003166351934553724,-0.0018390683151160436,-0.012502438061557153
2023-10-23,0.0006939897047935073,-0.020623237992059673,0.011104892625885654,0.021332131462935333,0.005498808765176166,-0.007544143334925368,-0.008491461348704599,-0.013791981397240693,-0.03686393990261172,0.005444517490691858,-0.015309179196724587,-0.0027662956052423304,-0.004678508932384973,-0.004412028124125111,-0.005686997202812294,-0.030641360611070145,-0.010522884165330093,-0.01364108644384665,-0.00897912157812697,-0.013017684350809744,-0.010976105510055123,0.006623305389842571,0.008112141477662593,0.0013635609658144698,0.0006754588419428664,-0.014852250730154282,-0.01036006860154104,-0.005701589066122947,-0.007926952276049115,0.014172392759029817
2023-10-24,0.002543220801436874,0.011206193688276134,0.015802781594350668,-0.0011757577108252315,0.00734685875282004,0.009016739797576445,0.010989991478937533,0.01551723883012257,-0.02508091174142424,-0.006498061078334727,0.020729682873569244,-0.00013379791120504692,-0.00617423729327593,0.005207083410966762,0.01033885063838813,0.021861094767694045,-0.0010569006625721356,0.0012055757223623509,0.028846008782807964,0.009892018858806306,0.052803568756397024,-0.003096476781813573,0.0036741748491437853,0.023052310308256496,0.011812223488595341,-0.00797800299596485,0.0065763165234573595,0.09270468605105653,0.013475636143950531,0.01391224311505268
2023-10-25,-0.01349155379538991,-0.01434169211206937,-0.055771610960691276,-0.006231659285702018,-0.025389366458192897,-0.018473345615774184,-0.03506024345128833,-0.011507188074927455,-0.004979275043336395,-0.023861431530770028,-0.03452485343789724,-0.008088709244888692,-0.008400440028471401,-0.018571482092012537,-0.005152804451514448,-0.050881660387513405,0.0022482901272911082,-0.005454487868112423,0.00862681676524768,0.0029539404790530632,-0.0081002600847766,0.0058237388034225734,0.030678088055138053,-0.015592426749894583,0.00466985891961702,0.04312310278675824,0.009923701190309941,-0.0177843707925861,0.009375628655958756,-0.0030015674229076916
2023-10-26,-0.024605523429178877,-0.009001804099574962,-0.01499299533713827,-0.0012541690740238698,0.007652060108280567,-0.010247283100805915,-0.004110351728736528,-0.0196565106813662,-0.00718530756186897,-0.010051005507525024,0.010096959704313901,0.0007752007703896169,-0.010429718024639434,-0.011398846935959273,0.04873064989177145,-0.00944265995732585,-0.016956035882883302,0.002564136222019675,-0.006058351761086489,-0.00852588955800504,-0.008278446461608469,0.018527555707949395,-0.03751420837455288,-0.03399647500178371,-0.005311959831510671,-0.0016390118356585104,-0.0034890814445561746,0.023152318767920343,-0.02351696747496612,-0.006082567871980138
2023-10-27,0.007969246414425868,-0.030180759814142144,0.06832816082460003,-0.014162068346870393,0.0033503049627829906,-0.015963484298284647,0.0016306701022408276,0.003698794633869573,-0.0672050207912801,-0.005640476746308742,0.0018740387686120297,-0.023839260801337803,-0.0055395037040071315,0.005339087773587492,-0.008625409015489804,0.09286600211802742,-0.022818624733978665,-0.03601865766079726,-0.009680965409598286,-0.0002737562986588893,-0.012746718865038087,-0.025864620552846218,0.0058555525003987086,-0.02039583119699029,-0.017623641702727677,-0.02298431916258692,-0.00700289708083246,-0.02988094383141926,-0.008690737946507432,-0.003708988982575434
2023-10-30,0.012305267602185976,0.0061934263047751514,0.03890722509168976,0.013870036678143016,0.01480329248132084,0.015090612243710444,0.013735480858504179,0.0001937279416828197,0.012053717051428547,0.017017515019131402,0.004780748082067632,0.03766677558948661,0.018158136773435807,0.015536785143543286,0.0007719184204111329,0.004220513020305683,0.009821404803909362,0.012749461257931749,0.016473625597807073,0.01716468456154696,0.02285209548991074,-0.001361557211652542,0.022740354905706583,0.03898745733111064,0.014270203195284603,0.030059771740385877,0.010158995711195606,0.035287062347676645,0.016617909239373896,0.011478580975617936
2023-10-31,0.0028189046666078355,-0.02845855285963861,0.002863308000901066,0.019264405695982978,0.02451330447538136,-0.06652626683112517,0.007828583860185034,0.010859187538404313,-0.0024640946131235797,0.011279100807949582,0.0,0.009241118122701453,0.011404131874700907,0.019526980754027923,0.014092199264235772,0.022695572654467533,0.008909812851107812,0.011934256920930197,0.0060551870965266374,0.007764674654374248,0.015973916091945428,0.0001945682356148115,0.002371616127210485,0.009528487921960371,0.005158740301706821,0.011661125763005264,0.010509769929410773,0.014731353369405342,0.00866656413923228,0.0023923894472825946
2023-11-01,0.018738577342432894,0.020101800396419955,0.02937864429857373,0.0028759164386025216,0.013703016048762784,0.025569492629652135,0.015336447650873275,0.001150826984005704,-0.01200863125784668,-0.006373301524092767,-0.0026892577380116522,0.011692831202179121,0.006813984004423901,0.003983507668018138,0.005254373815701818,0.02164361174217877,0.0023594510445328343,-0.0008627177106057538,-0.0008851368004669791,-0.0007629304655035751,-0.004288026002959189,0.001460692698857402,0.02354273981822086,-0.018390510282979777,-0.00279925035818962,0.010988805722488948,-0.007394051128407186,0.007685671302112507,0.014802239787413685,0.008934554004110584
2023-11-02,0.020693327905327186,0.022044028726985188,0.007810272439553012,0.030044517873639487,0.013887366967018755,0.03144543293121149,0.02059724637388083,0.010730105947557078,0.03319893165922072,0.027383830203029813,0.016179147042899578,0.021486922733217284,0.027561844455301632,0.013261638250080088,0.011072817768311705,0.010995008084105917,0.01042437019338438,0.017849431309621133,0.011516683387156945,0.018628132026083488,0.019324244834474813,0.0,0.0065014192708754415,0.04163369821926155,0.012231596417827895,-0.0019495696681586239,0.00852143588949228,0.014124235705893495,0.019574164410649297,0.003942408070625847
2023-11-03,-0.005181102330744758,0.01226602261784171,0.0038386235328597973,0.012661463419287866,0.01583255367893699,0.00681668987339723,-0.003075182414094657,0.004928842274968037,-0.0077304336090542325,0.021370989593480605,0.01510517496697128,0.04417407424374864,0.0036669374965634383,0.013731687747915222,0.006054132603802609,0.01167109058947724,0.007321483463039291,0.011172311976188176,-0.006130625423688474,0.003822392765537863,0.016791120606219234,0.0051531510207585285,0.012861912529763986,0.01884268972092329,-0.009046191683959703,-0.003196146131123956,-0.009755309776541377,0.0033427058916108976,0.0014387822826535945,-0.0051957720275436214
2023-11-06,0.014605009317646633,0.011005603129153885,0.008225103459209127,0.0015056788072942418,-0.0107665012594661,-0.010259592953981378,-0.00024111300562357219,0.005282138712922713,-0.004132406655173226,-0.012342761948063274,-0.007842183151761994,-0.011324116708492649,-0.0035181107184517613,-0.007884007099734136,0.007234660269966886,-0.0017098340269173784,0.00237859617872882,0.00755243366531122,0.004053602951384683,0.0038824953103258064,-0.0036225151616505746,0.009286180349190598,0.010572638396079359,0.0017745960765496172,0.0057970461833321,0.006769232567658934,0.004822194302791516,-0.010549611610677578,-0.00045151357056905095,0.0013361245105258934
2023-11-07,0.014450879736059852,-0.006304058957485759,0.02125376487729147,-6.533475781511644e-05,-0.007981307647006108,-0.014101090952278295,0.02130935907890641,-0.003002527107926145,-0.017619034808197487,0.006784088249656595,-0.016416898146687342,0.00012340061926652268,0.0006789904900810217,-0.004746838885210769,-0.0009397744937604813,0.021607456292925376,-0.005273597730107493,-0.0004857362931324216,0.003686151661389081,-0.000892486142592519,-0.003956115597225529,-0.0032586479700080773,0.01121908913875913,0.019673748092474908,-0.0023187341617872947,0.0025950995747965333,0.008191787662976235,0.00841732387373928,0.005256888214314914,0.004670160235593412
2023-11-08,0.0058848498389905135,0.007930185978797466,-0.004414580990635519,0.00019591482817582495,0.0021942331169206852,-0.0004256526674233374,-0.0017465842383694863,-0.002446795033379967,-0.013918718135469743,-0.0010638566965458507,-0.004739282960142033,0.0018831410288098205,0.0039013273246237823,-0.010663748827849262,-0.005375254410376895,-0.02192430417089153,-0.003644623324440488,0.004930054257082261,-0.0015740487075435183,-0.004391921752758932,-0.008910443897422682,0.0038461489993066866,0.0074058808713031166,0.0002742910443682689,-0.003851710849876566,-0.008412196311727738,-0.00204534940161083,-0.004730162935357662,-0.0013919364177442661,-0.008149702601564113
2023-11-09,-0.0026244461496049976,-0.03366749891267229,-0.010416636461610618,-0.004182514325765885,0.007819423373206513,-0.0028532014965654273,-0.006904129477897758,-0.018867901390881126,-0.0032303963336449693,0.06911232314323157,0.0012421469230736726,-0.011646672968663618,-0.02720338085986873,0.0007626996160265964,0.00170787616462853,-0.0031645014725060205,-0.019487775326934464,-0.0029709614513626637,-0.00753194594194051,-0.002168506676429871,-0.006715742226836574,-0.019348583715777634,-0.006910856648516539,-0.021848459473829074,0.0022666187184794406,0.00017792214997025546,0.004229227553246506,-0.004193367277077642,-0.009306900635122961,-0.002312966296776797
2023-11-10,0.023220089625433316,0.012307839087267514,0.021052569890351647,0.013191470402116323,0.017172668670075053,0.023617297461022257,0.01723746772961743,0.011346124041665462,0.0071156770279121595,-0.022913383716799185,0.023159820799958153,0.014745458544324297,0.012922713285675735,0.01649606775448298,0.01636911741410918,0.028042294980602955,-0.001153253476039784,0.014830987803630569,0.0010590924635960342,0.0032972920384088944,0.012104751716525142,-0.009669870515007672,0.024896681859287728,-0.008317647329578404,0.007050378184212613,0.008126271554508735,0.004100384391082734,0.002526938347784613,0.014939680501690589,0.013848329395950154
2023-11-13,-0.008583641336071923,-0.002319632834245744,-0.006756765374750118,-0.00025918865843932437,0.04012204238257788,0.008302719633796585,0.007723538737701929,-0.006845492206383974,0.007345230297468142,0.013254704236745685,-0.004850539414122501,0.0043009531110460575,-0.01207180708917055,-0.0010711883720543325,-0.0061737800730296,-0.016212131627360016,0.0025806018835194955,-0.0044389294517863664,0.003702326531434208,0.005265262288310701,-0.0012931044465822605,0.010651996722238932,-0.0080882589989133,-0.018000296811766958,0.006934715172837835,0.006118998048048496,0.002512927640190288,0.0030801654566754433,-0.0023648387777240876,0.008965661442529083
2023-11-14,0.014285680946124257,0.012486671263596927,0.02251214528584833,0.01665176638067778,0.01432486570228586,0.025613480544252054,0.027406186498890817,0.017997439103263124,0.007291788157514301,0.01822460991574615,0.036758753248252285,0.03612606784241512,0.054014607858661634,0.019999171989472764,0.015597407824165632,0.03086582917042402,0.00020338223775184794,0.01824668990037326,0.0029860046661382977,0.008506329065506302,0.02459805516497382,-0.002927622167912869,0.009790539468255144,0.014875223371942248,-0.0022301942621882898,-0.013450300161855888,-0.003888863046145219,0.0016750547039194874,0.009277738124455981,-0.0001789586357094919
2023-11-15,0.0030408876745973146,0.011147271589046381,-0.017832688951265996,0.016060015557772367,0.005976794167195987,0.013031528941677806,-0.007957338348911769,0.002068772099454108,0.0035158385020745975,0.03140439982809262,0.009402387371762355,-0.0033065168352868213,0.015018090109815585,-0.0036271452105056667,0.014427389136002056,0.030449278831062854,0.007720419134731316,0.008757860698193287,0.0019264693821037238,-0.004051239929976469,0.01948000774492442,-0.008026096297602203,0.00040593270267774706,0.019574501564131985,-0.004601495602968075,0.00497909808372432,-0.0037931952675980263,0.0033443838619204858,0.0047378793949872655,0.012704977389565553
2023-11-16,0.00904216391263124,-0.0070137114802947265,-0.0025837648398919777,-0.002383317191741785,-0.010109724222491567,-0.011469955173234236,0.009251520012230285,-0.09834836861031226,-0.015827695779624062,0.00617483736108726,-0.0017463878255807863,-0.002754649852761526,-0.005678187870287066,0.006119751704984688,0.003145878850871364,0.06747106633360556,0.008736348048034914,0.011419512875902038,-0.001048696765911017,0.021191506974482577,0.00409142642163518,0.006314840384072706,0.01758325155973095,-0.0019476831506596293,0.009311940063313706,0.012681474112036017,0.002618801963503614,0.004999977263054234,0.0018540862574500938,-0.08092825405953896
2023-11-17,-0.00010554930333805945,-0.013419977939596928,0.016453061783939793,0.022068576052690192,0.00696992807394059,0.019580200122962133,-0.001038446511914648,-0.005828435646350494,0.018974396083396572,-0.0038091796097468045,0.005054297013500131,0.007484938429898502,0.0027084517210691494,0.002621669389690773,-0.0011106117838018958,0.010611249983168092,-0.002065180833247915,0.009046114241622272,0.0019247123674261957,-0.0013400440807960212,-0.0038657054548125735,-0.002353184951502718,-0.016800799983203274,-0.015333120492641017,-0.011516086578394202,0.0007572486748610441,-0.006539172519465786,0.0013820101074699664,0.003982820330168835,-0.004421887557480075
2023-11-20,0.009278357128687631,-0.0001508231512925562,0.0065436854591447435,0.007935474651890262,0.046481511919847396,-0.010352851916462846,0.017674804430880098,0.01067839607347465,-0.0005540565388989505,0.009346738544876887,-0.0003868760383350933,0.0007665866803716614,0.00299405283970966,0.0030857122861362996,0.00954929953981587,0.021228031922699175,0.008815625621627854,0.00307544847887109,0.0024449410921516535,0.011894890310613304,-0.003776180370400062,0.009140140284384701,0.020521547029801468,0.003397484644456883,-0.005295646864420189,0.0016296848241110773,-0.0022189096835661948,0.013800722609169647,0.0016428372432697458,-0.00032188704219948683
2023-11-21,-0.004230827281325622,-0.009534488688973553,-0.015260459261028925,-0.009520880005483678,0.0025722178187690403,-0.0041525665418398194,-0.003597926515367611,-0.009736918485149015,-0.002354719167960817,-0.0061031979603579645,0.0009675219955969094,-0.01319790760697348,-0.009247493039127419,-0.002919678064596032,-0.0028506796174042615,-0.024586456283990366,0.008071501761224065,-0.0020874689968983784,0.01097554284635649,0.005160585901210046,-0.01042302285284924,-0.004577339397841995,-0.01157771414142994,0.002163375879775664,-0.0043919959085781946,0.01719930165890604,0.008390840110712228,0.014157273215244182,0.009041072452781185,0.0036059027444548253
2023-11-22,0.003514451158477039,0.0067346465751079165,0.019527539517508297,0.009242757592482054,0.0075136269645244,-0.013632156553305519,-0.002139892705872004,0.0058577846049150395,0.002013531067518226,0.00656424187239546,-0.006379201615578367,0.010956122518725575,0.012641870543805611,0.005595023559319179,0.007926720226640871,0.0006873198653245538,-0.0019849172484145416,0.002353223424745643,0.0067208053156253555,0.005205566708420095,0.014682332761402517,-0.005185577992876889,0.012812606681783079,0.012857695050907836,0.009424380208153282,0.005826553780172494,0.0077281967147280195,0.0026846243432310235,0.0059073397614521905,-0.007635031044302298
2023-11-24,-0.007004286095571022,0.0032880215604109697,0.0002044767086364363,0.003846305549695339,0.00040924167337519357,0.005487686801158853,0.0024123262606583484,0.005823670795783498,0.003949044585987327,0.010413397318305373,0.005252925607997394,0.0015060366812040815,0.00485137214883169,0.005720020193681563,0.0003222241622120592,0.006640708854529276,0.01113889170662996,0.00136971740341707,0.002567544778758757,0.0021637553516080654,0.006081624649905137,0.0018686314095543999,-0.0011116031167839324,-0.002594529180275029,0.0023839802011145217,0.008291660884774954,0.006142504558587891,0.0016065566274487963,0.002286014834165462,0.008986982097130447
2023-11-27,-0.0009475895493205044,-0.004482718180698675,0.006746559883569869,-0.002311175584746028,-0.0031818043101917715,0.00012110163845613364,0.0018273810777507116,-0.008891853026556262,-0.0037266292624529296,-0.009265111644957025,-0.010644461015206885,-0.004245832769181779,0.00070790689851008,-0.002275030003803691,0.0025134168045242156,0.0027299703681609166,-0.008000164258691655,-0.002279461404571581,-0.0018781185020686486,-0.002477741496942576,0.011672671160145143,-0.0043189599309584326,0.0031262265675588985,0.002972942337801099,-0.000924904404652982,0.006026851844482595,-0.006415928043750685,-0.001603979743162176,-0.000629310334329114,0.004549459229554076
2023-11-28,0.0032140825885234037,0.00472997412425924,-0.00473835354015173,0.00987555031044729,0.01399905163113524,0.000444750736181998,0.0005782209003084571,-0.0016688955897832258,0.00796612906947236,-0.028055023983513117,0.011150250046152443,-0.00017777512009109486,0.007783231175505945,0.006736719891006215,0.0005140795879856608,0.003402821603080586,0.0023138776787052784,0.002284669219880575,0.0020528259712560004,0.0008873340373094507,0.014834631892550965,-0.012323822811008078,0.010802735889211101,0.007317574047521758,0.006942403172448541,-0.009909762803025135,-0.00562912781406566,0.0032128763345868894,-0.004721733347428314,0.011928229106678678
2023-11-29,-0.005409618636852187,0.004067602938523596,-0.0048288883967405605,0.010684611521163845,0.00926382877109,0.007878626763927477,0.024142084335073477,0.004179553212094511,-0.01099579135407791,0.0,0.006668008820205573,0.01600498658830607,-0.0007391092575210756,-5.1575178127927224e-05,0.004882861853042986,0.01605241038310279,0.0031654633768674056,0.0050802795432352,-0.005974829781279278,-0.006062104172054106,-0.00040601967623299373,0.009482805000915029,-0.010060143640955532,0.014896482930992772,-0.007617005466801108,0.003392637378067498,-0.010267752023666032,0.007739604493162577,0.0050999974900383105,-0.016137039557972965
2023-11-30,0.0030627653383297204,0.011402863300436383,-0.001571972217158657,0.019948848626970994,0.032081327995374664,0.005091335699070942,0.09355314697326822,0.006867889168973518,-0.002154219927627876,0.0020540788970260238,0.008182292661750745,0.0037619209202659487,0.007941796835397641,0.008545308391114226,0.013745774309857017,-0.005340446014080458,0.01676417334558611,0.011404499428575576,0.011597711632999275,0.011230225826765139,0.0060932573650263055,0.013349188119860855,0.00015835795634688843,-0.0009061051515207863,0.015814316875079726,0.017921639867001016,0.033627362985049425,0.015095513130272575,0.009637038562893885,-0.00249884058127936
2023-12-01,0.006791138573316813,0.010421071083556388,0.006434406632690459,0.017508762442008052,0.009670552981718705,0.02409065936900645,0.0321557308758007,0.0018602539234851,0.008426379902775949,-0.0011866505728148624,0.010627942111115063,0.02017303688064831,0.0195540279993367,0.009493651509176138,0.012550516552817692,-0.021476478027801837,0.024053007753637612,0.004869567145936227,0.003422311445646642,0.01461826928434995,0.007873212222427206,0.009562920913552153,-0.01161208623477461,0.032575219322161564,-0.005601801404883533,0.007529653581613394,-0.0071314597950901115,0.00652210499778727,-0.0008960306980250188,-0.008671066610163591
2023-12-04,-0.009464354793619068,0.00033040957203556154,-0.014894936132684111,-0.0029352211412982943,0.0042758798515343255,-0.007828374641870695,-0.03592311741608789,-0.008665177494674547,0.000414365546315576,-0.006156826670045135,-0.003823951496503275,0.002755306872074037,0.013766359388512894,0.0029325490649023678,0.0034257175610983293,-0.03177881690312134,0.003156857119180012,0.00733230540662877,-0.0011936581450034955,0.0005946236225979895,0.035953880214296685,0.015464813315964943,-0.014338726030999838,0.014716213213229024,-0.003930580014168683,0.006649200102492703,0.002047170238428375,-0.013996997129244515,-0.007837774976650835,-0.00025913395879817447
2023-12-05,0.021063003538444702,-0.006127412589794878,0.014084566393959497,-0.014834067034099396,-0.0030229125466787465,0.0017271720769409526,0.0014361627240326857,-0.0024974296138579044,-0.013874634088469895,-0.013259448404094654,-0.018426105973628037,-0.02186659276078362,-0.0016048972111202264,-0.007108187051564463,0.0018000859571247751,-0.010153464904585796,-0.0020770833709875536,-0.00012679479297406093,0.0015365769154280784,0.0014326876587753556,-0.016918098888769495,0.011136594063123617,0.009156186198328475,0.0022579234939508197,-0.034854509841943715,0.0025655856707840208,0.0036113445779726305,0.009989407517696502,0.0006680346659906355,0.009267581126416014
2023-12-06,-0.0056868546076606075,-0.005611554246822137,-0.016067541747663228,-0.018572687686544187,0.011658676481225205,0.0030565455675761743,-0.007529272094072392,-0.004798625695161318,-0.0023099437394928923,0.00782007110297167,-0.004888466990624507,0.0006437742605276409,0.008067894410114462,0.0042650411439422165,-0.006877780635186959,-0.015505660998874404,-0.01217286736402301,-0.010508360437889053,-0.001022766983475587,0.001116960349693663,0.010817324519168059,-0.0056482298111119045,-0.009985942938490422,0.0060652820959730125,-0.0007495796901245688,-0.0028856945294123415,-0.0013266555375199829,0.0020823419886837335,-0.0012567842172959143,-0.01085204441737575
2023-12-07,0.010139221072869908,0.007276739616656203,0.016329923474831087,0.00662642563634841,0.001857412480644749,0.005625672496095913,-0.0011239237175056926,0.011740131122060404,-0.0007717639778667129,0.009289712391787885,0.0035370036770081548,0.0077491406787308925,0.0001841448530186529,0.0,-0.00037420438561874825,0.021322994593799605,-0.00778961059301686,0.0030708611042304934,0.0023889456254841956,-0.0002439718709799088,0.004766970218391231,-0.016567290324266626,0.005829784110623848,-0.011196412047828286,-0.0010227505220679056,-0.0012080920580885834,-0.002292974341873699,0.003896191654521264,0.006016833176085923,-0.006581168763888479
2023-12-08,0.007412368949160086,-0.008071972732032195,0.0036764247561378305,-0.0011267580547291711,0.03105378612196663,0.008119304232275804,0.00787619427912789,0.0024864778146602706,0.01327067764567813,0.008365040295944537,-0.0029371850679017486,0.018019848182110332,0.0009197687904431984,-0.016077759057258056,0.010860038697783292,0.013048658562791138,-0.006306377881344805,0.011033806889265696,-0.0022130690824120336,-0.004393569125521024,0.0008712123822807172,-0.0012513063846826267,0.008841987525965989,0.009581236253914271,-0.009215061278888492,-0.0035731081449158486,0.0027359277147878114,-0.01034940622017555,-0.000312876360329728,-0.010494455637739653
2023-12-11,-0.012927457584005597,0.011221904075940703,-0.010378502226973785,-0.00023747491630565776,0.013812852165778322,0.005472188648720566,0.005143362287363118,0.020876472120288092,0.0002772008210314425,-0.006679620482436421,0.007069925135372523,0.0026509092767006415,0.01488632663876266,0.029700550473562792,0.009570309448817982,0.04309130037733522,0.004144712560244068,0.0036590945899304117,0.00733658935946635,0.012677969580132231,-0.0020313385785152294,0.005975883456258879,-0.007829346903903356,0.023294035757374765,0.0046159699239143315,0.006013441040759515,-0.011077332673400275,-0.015163324299282688,0.0030500006841960303,0.002518773383170858
2023-12-12,0.007920235366553063,0.006797750751604381,0.010898597193382598,0.01573717015008791,0.002217039050702585,0.0019545773868756555,0.017255219274689315,-0.0012147535395015119,-0.012816235174673452,-0.012255941715156426,-0.008970509272557603,0.002416314187397406,0.005644087832985756,0.005589043969602248,0.007338823812284234,-0.011225797279489358,6.445131994947673e-05,0.008925017164075566,0.006436358553697952,0.00785080440600816,-0.005816330726695407,-9.59050580735532e-05,0.008295199423290933,0.00868371924181277,0.0008228131429266483,0.007184043778627247,0.0037521858641067496,-0.009822078552667812,0.011851003980597241,0.0007934932318058863
2023-12-13,0.016691462703540827,0.027847810908296466,0.009221593773735215,0.020580091738798156,0.009170247896554296,0.025016246314032653,0.003392360894684643,0.007297715140922589,0.01480696461199038,0.01932581772805353,0.02971289427198176,0.028700285741938503,0.030612153632607386,0.007791200521537478,-0.006617538308047344,0.012034411469975081,0.0046430207642282895,0.0033640109433437093,0.008582871310057305,0.015475685581344711,0.015893304680558717,0.02635122544983548,-2.6639175919607183e-05,0.012788435028258771,0.01808977617323393,0.008493833401466588,0.006028869155801253,-0.008310976628866373,0.01086453326104464,0.017772237273387947
2023-12-14,0.0007577731072168081,-0.01881963184243618,-0.00954043404920335,0.024633369697510732,0.02124262283078715,0.06418617267764515,-0.0004275180455769467,-0.005031187311974272,0.03678858394533813,0.011957273280523095,0.0363079882286097,0.05717750646195241,0.02449046702822688,0.0016249840359525702,-0.004339312509999305,0.013686377901541258,0.006932396197861568,0.018192117581551148,-0.014850607233533264,-0.019970699768391165,0.027353803269837496,-0.004325926152516701,-0.022544540937272206,-0.0012379574292358253,-0.02638307780269944,-0.013227412643306957,-0.026903118300208306,0.023790136529314054,-0.013911141211910727,-0.01220390022664719
2023-12-15,-0.002725653211729462,-0.0031484423792398353,0.01729753821347546,0.009225110645880275,0.03133780473513159,0.0019987883583272303,0.017067685543109334,0.008697367562681357,-0.003868193075974413,-0.005109696317427526,0.00018434911878162374,-0.007718879865803774,0.006224916955716697,-4.934076911455865e-05,-0.0041741425968429,0.02169101735907719,-0.010900837869660895,0.007561437227171286,-0.007452474162331857,-0.009482147369168747,-0.00056040618844444,-0.007272359718052068,0.013117284995564749,0.00437937166832425,-0.0048389018159208375,0.00021874259465182178,-0.005839906036471887,-0.013202892565121527,-0.0027056352838589204,0.003745903974022191
2023-12-18,-0.008503436628924388,0.00010877982856638546,0.027338841569267247,0.012464613489353349,-0.014606219063954318,-0.00010489074635067208,0.007607089449363835,0.007419476939460212,0.0022093418596629277,-0.0064197576927282896,0.00018431514044792152,-0.010801426029975691,-0.009011214956147429,0.008358024318058543,0.0031437043284345823,-0.01018202697207049,0.0018047289544920186,0.006052054379451555,0.00716718219961332,0.010304012976636079,-0.010376025263709843,0.008847875253461757,0.005178862880814261,-0.0033730588004130535,0.015351338434537842,0.00328214879863431,-0.00860472213890684,0.008027653688135183,0.0013179007541097576,0.01459999122746658
2023-12-19,0.005360070993734478,0.010744934687351604,-0.0018174467759756174,0.016360272814434973,0.011904328020892807,0.02537529153024387,0.00284544761778438,-0.0011942820643429108,0.0130947583359462,0.011522733986093048,0.012350427040323853,0.016073370091365113,0.003591662993859268,-0.002437648630455813,-0.007250864462900797,0.02123010037678097,0.006562138510678883,0.01335506876953696,-0.0032192353736544277,0.0017226890524768557,0.0035894021912208363,0.004243682388959558,0.00163693871266557,0.012382312952198937,0.0,0.015102729639961288,-0.004766731086787712,-0.002654692011329174,0.006269664056688828,0.0036135639133414443
2023-12-20,-0.01071390303857922,-0.011708224648026344,-0.01085895208954335,-0.027456206864144295,-0.01237148360521323,-0.01109370837099799,-0.015472580756546561,-0.007572938436270937,-0.009166386336446952,-0.028319039472435747,-0.006190775771669044,-0.012890659400777604,-0.009685538998961962,-0.008309083778499149,-0.009346243798827425,-0.019288585871005015,-0.020388650021593957,-0.0112791729691053,-0.020737794802153542,-0.005984881457583469,-0.02428234226449899,-0.010611301442306709,-0.007072763934181325,-0.00986623017952637,-0.015461421706265188,-0.012568513955012794,-0.015476033556202973,-0.007186464390947056,-0.011077178610660599,-0.011701816319094283
2023-12-21,-0.0007697888587036017,0.015080968913646853,0.011306871390431628,0.022917208215881057,0.0068011105232348434,0.0012427475087062323,0.02689715743872778,-0.0020080298354505643,0.003061449566442498,0.008217439262535153,0.007145412670903628,0.008079036628931169,0.0008891151043781687,0.010596374696976163,0.004560949343851872,0.028846325242298132,0.010243277713379406,0.005703873896256484,0.006596122469409771,0.008304852837427656,0.018230995596765665,0.009775956126407248,0.007878697623546094,0.009058764330779345,0.002432004141034616,0.009410536602510122,0.007656117365565818,0.0034851430372402348,0.009451399307934372,0.007091108301060967
2023-12-22,-0.005547746508358986,0.017291555267232583,-0.0027300973670256745,0.004221082284989963,-0.0060300230460019755,0.0009996420604916345,-0.0034049450527858793,0.007847220632995366,0.0022560387380945457,-0.01086731262925944,0.002728640828692175,0.00021027378082072445,-0.0010889652167485053,0.002877275047981964,0.008458681411287916,0.019541107812255376,0.004004174332882027,-0.0005970226937510592,0.005690559521087657,0.0010637911338151618,0.007294383178239494,0.012313240798472957,0.0027841667163475137,-0.11825679179184756,0.0070707760047235,0.0012394725243307647,0.0008270164742316677,0.0016031229335944364,-0.004276797146447242,0.011950811223860436
2023-12-26,-0.002840783647664491,-0.0009150800043823404,-6.514474615582078e-05,0.0021017119684374475,0.009023214872854846,0.018149978453806836,-0.0004506728896482848,0.0037930701153141566,0.00900362142672706,-0.0007690482247881825,0.010703960811607072,0.002522084579153816,0.002065488933193249,0.011671138880521736,0.006599292326353368,0.05208334507834578,0.004373917791384407,0.005913959759608511,0.0041153351438809604,0.003976397112054331,0.016740437457305468,-0.0006499788424637609,0.00021357841076996564,-0.00018511090775208405,0.00454273795629212,0.0069428893851670725,-0.0005378062339866929,-0.0002666021502838456,0.002824657506832029,-0.0015319551285304378
2023-12-27,0.0005178977929383155,0.009263923127825091,-0.0004563413242133496,0.005915065284928689,-0.002625679892575894,0.008422687095973824,0.0018782249358841874,0.003182192197493272,-0.0032806399952445275,-0.0062670939611364496,0.0,0.007520724345807306,-0.0022329625489587723,0.0047104822707384475,0.001531756977126264,0.005148539226292881,0.001345155238354101,0.00599796391095464,0.002561352800102945,0.005770970939265485,0.005827093609602985,0.0032519323908757336,-0.001574752767370291,-0.008239181102427051,0.0008222474482968423,0.008177843494450387,0.005307182614729511,-0.004535924215217424,-0.0008875160359640422,0.009398472212846842
2023-12-28,0.0022263420652810506,0.006735748536284447,0.0002609139551152939,0.0039559514378049165,-0.006676840744936241,-0.004159501346639227,-0.004274134785043682,0.0007930043598729508,-0.014087087220421513,0.00022133319576811417,-0.008616087489174418,0.005019720597561728,-0.0033569857151578564,0.0007176605527021707,0.0017742952033503734,-0.00728924721798152,0.0014710835629836438,0.005312843706712922,0.0006813559396812163,0.004379354527361823,0.008736622097173186,0.007316120370789436,0.0032345396003610194,0.015775257627399064,-0.0022592950906347165,0.0037641861205284233,0.004036251052847328,0.004824480941088671,0.005677218496036085,-0.0019635470751413475
2023-12-29,-0.005424112630959987,-0.0015253566058440748,-0.009388462612883952,-0.002449244091058067,0.0011906954151192917,-0.004075601385525984,-0.009187424554175427,0.0007925369397934201,-0.004073034629300865,-0.0012168909946191908,-0.007061241497717585,-0.0016562711563341548,-0.002331845498376728,0.0025815797872457136,-0.0012214436052989663,-0.0027783186350572864,0.0010219358218501728,-0.0011743193789234274,0.003063807379480643,0.002265003825822731,-0.0033731963615957206,0.0022984531982681577,0.002025334341103635,-0.0022973736980929083,0.0055581402211009046,0.006126910427064924,0.0029908474574014132,0.005601477582523939,-0.00019195229878343767,0.0005076948191680142
2024-01-02,-0.035786742312814646,0.032532494341618756,-0.013228970207501023,0.005177708715684348,-0.034144130400651784,-0.010011211301828804,-0.02663984290291077,-0.00019803763438697164,0.002145165144108896,0.004651682041812544,0.008935073638827173,0.006558358343461412,-0.004241936967821824,-0.00338562640010287,-0.01253451287485674,-0.048756228244370314,0.0206070620549057,0.011640174552684623,0.015102679969207555,0.0017873902096454675,0.006220332388122918,0.03870847476440087,-0.013748554697621929,-0.01860551746801209,0.015012999167881125,0.004882057828239361,0.024445941950713035,0.03129977913949733,-0.005684794019074069,0.010402907506851689
2024-01-03,-0.0074874623318191835,0.011096540689953915,-0.00973782115920796,-0.01056764423695944,-0.031180453670185515,-0.028731500532983012,-0.016749342583404325,0.007781211842760483,0.01906628758105411,0.010362756545069463,-0.012651327828840042,-0.016765310621677076,-0.01976337108450743,-0.02138749076665336,-0.008668723872136463,-0.015690404485865672,0.006251367867036173,-0.004358308501709707,0.0023403598479172505,-0.00892143646229171,-0.0200908445542326,0.013511129074339046,-0.0007281527452168701,-0.023556957628217856,-0.006050820457692119,-0.0006269037561681401,0.00498750650230706,0.007201511335299227,-0.00343793817262239,6.268483861471275e-05
2024-01-04,-0.012700258484338756,0.008247857199228603,-0.026267891590348702,0.007645956098382811,0.004222864022927597,0.006331424639900662,-0.0023824303230045585,-0.00851306761464854,-0.010963111001539905,-0.011893127715853158,-0.008054344534695557,0.0030382656564789112,0.000975470382390542,0.001809002600823284,0.004747040937871594,-0.003825691371990403,-0.002112099297290615,0.006635952562816794,-0.0033355551468168265,-0.009001527653129338,0.003525376391757984,0.019517345925516905,-0.007177434768884328,-0.01672442916054473,0.005478922996780433,0.006481959061771736,0.006254125619450823,0.005362713010341302,0.006318337969678289,-0.009667319238055527
2024-01-05,-0.004012914687819835,-0.0005607713009305737,0.00463442024626004,0.0102595314777576,0.016575477742003297,0.009891651885574726,-0.0004776362648007959,0.00019976429101431492,-0.001725752579343487,0.0037544120637638123,0.011625840700900003,0.009113423063901394,0.01284753407790662,-0.006686286392305507,-0.010568093904645304,0.00042674593440783504,0.0031125371505655863,0.005017470129062174,-0.001505979219017295,-0.00942624303337869,0.003882574443874187,0.0017947186080273791,-0.0005164343119125059,-0.0021505488212393287,-0.008274522709017407,0.0027527461240175466,-0.014740879081795999,0.021081997633680905,0.00030830876923415573,-0.006655673189874589
2024-01-08,0.02417483838355161,0.02600644589929413,0.026576703830634596,0.0007934621555416577,-0.08032128514056225,0.011490739894500557,0.03882603019623998,0.007386583783457468,-0.005984137087033381,0.007150723408343662,0.0047428329192045204,0.006262242484322833,0.014550485050429884,-0.004274426322078195,0.012440328103463516,0.03326934600020914,0.0024826457954056913,-0.001451395852084869,0.007373858070069961,0.01006935597517078,0.00248654061343756,0.0013649086928533283,0.0188715937413384,0.015086285542264877,0.0086148560292314,-0.003936431533586582,-0.0016001686926250258,-0.0024875079794844934,0.010974591655546595,0.009827019917711288
2024-01-09,-0.002263285534230386,-0.011644223698579648,0.015224607114340927,-0.012895795397151244,-0.01414849560333653,0.0001368829190087073,0.001801772573841065,-0.010899743020942987,-0.02541787004193241,-0.020535264811826326,-0.02069737043517106,-0.013166605164492973,-0.005000967516229693,-0.00508239804481081,-0.006578244136125955,-0.008255948444685024,0.0006189988349203368,-0.007905947511397393,-0.0018300210715008758,-0.0035286719112039844,0.002204677875796923,0.008945307290340487,0.00293565489844938,-0.008492612616645467,0.004102607925714485,-0.0005720296312498041,0.0034480431689085655,-0.010016441214630745,0.0030089268683792803,0.006698235757152116
2024-01-10,0.005671215430644416,-0.008754967822204751,0.015590940651907248,-0.009637371975543152,0.009213332218573012,0.0036264691447358555,0.010675718304758552,0.006611930127649934,-0.008236230865931282,-0.004237673603214365,-0.010381701502242602,-0.004638674594109715,0.030647851602273457,0.0038187845889068317,0.007183811823522346,-0.012070748808967524,0.0014848588661371398,0.0021096227318102567,0.0033333989877173398,0.011070409763514144,-0.007332612930086246,0.003630928919572618,0.01857424203524527,0.010025228509189521,0.00428659148682442,0.004630612417921398,-0.0013559549997079756,0.0010245844542686733,0.004670967684270444,0.012428610441794108
2024-01-11,-0.003222537677689763,-0.004826452052521191,0.009432101662268044,0.0003243690145993128,-0.022735221028090447,-0.004397598388601209,0.02744858740042533,0.003980877283655149,0.005397963212804724,0.001791932069072244,0.0048706962327269565,-0.00578574312997282,-0.0007566571685609924,-0.0036065768374170526,0.0057682056696630735,0.0035811666223382055,-0.004448172441676945,-0.004210363185734645,-0.006478324082394238,0.00020393111761540794,0.005724852337730901,-0.0036177929704511724,0.004859388141422727,0.02052621934894061,0.003801563147564968,0.009218455588339669,0.003794457101298443,-0.03019458313213519,-0.002003355861039169,-0.0011160033061824448
2024-01-12,0.0017781506983753914,0.011250470585904226,-0.0036086969005325598,-0.016159681398986048,-0.02227614583800186,-0.005649662587645099,0.0020266724942321623,-0.001982586323414748,0.013697689512923938,0.010061370662809654,-0.0050335450039521445,-0.0052668507476174575,-0.00230000226494953,-0.0028265514363324806,0.022446909017950656,-0.01091516828873107,0.00769497557378318,-0.007339993198721917,0.009697212725477966,-0.002311618028228324,-0.0073450830758579055,0.0016888073424734529,0.009983653288668348,-0.007932066232752999,0.0005979340075046302,0.0035408787975013123,-0.033668233181154306,0.017414440069732695,0.0005302882440925138,0.0013035431888852589
2024-01-16,-0.012317094791747807,-0.009885500743078035,-0.009442449238027617,-0.005877886427671175,-0.07891590682872529,-0.010949840012010825,-0.010075950436842285,0.004966231881168515,-0.024309129109086336,0.029883874338170635,-0.005059009757240607,0.007147713875633066,0.007646782312053624,-0.01655888514283599,0.0069964293969768665,-0.0012732812753815104,-0.011515664910885293,-0.0062703347055314,-0.006623609696389865,-0.008110062912961014,-0.004439357020105894,-0.0011801172151509887,0.004633410514319314,-0.03179120832099158,-0.005378619635401982,0.005880534367077583,-0.004525117241563237,0.018931400247932162,0.0040502584210007075,0.0031613365166547336
2024-01-17,-0.0051734693800518095,0.0019770077908998207,-0.009467203666572499,0.00016594164127137212,0.01266703187718643,-0.029941218803656078,0.008358299107589007,-0.005732214149580139,-0.00396709816643992,-0.029124232777039682,-0.011864486728604517,-0.008595104315769375,-0.007616556950423403,0.0009103005786026408,-0.005270655754983533,-0.021249505070867314,-0.0005606346541954244,-0.005357313689849819,0.0,0.0002408661776307497,-0.014492916812108847,-0.0030382313523814597,-0.002049760743526363,-0.00884793367973391,0.001001526896825089,0.004016101651447501,0.011152645817774642,-0.010689850157377556,0.0052407450089448915,-0.004696210454385841
2024-01-18,0.032570608535671175,0.0013484641163461486,0.011798781932089941,-0.006685235952950008,0.04210579707749029,0.01173616024767199,0.01112579944884784,0.008946228631986353,-0.009083122239778918,0.02069959684871492,0.002477585195795662,-0.0007158092022198081,0.006184947534610963,0.011012771027981483,0.004576115332286079,0.014763428279833901,0.004861963734592578,0.001974820631818641,0.002833841238910395,0.010990278578365986,0.003393864366210586,0.0034708676157064744,0.01129731705817738,0.0011902032751860414,-0.005765200969646611,0.0043038394056220675,-0.01638264789313193,0.0018010049090229074,0.005663390482172792,0.013472467627815288
2024-01-19,0.015532971686947006,0.01090325541090098,0.011986946826648914,0.018799718423968548,0.016114567611520414,0.01667828907027369,0.023391364670525494,0.010246315841474729,0.0029615945074517036,0.009218119793266588,0.0039924501611947605,0.014035340693382636,0.012601141981849695,0.0032478088540086603,0.027811070280876482,0.03016678214125701,0.002915462164154503,0.017262105792914095,-0.0054852313294864175,0.02096075487230853,0.012401325263760032,0.002952429700224357,0.012186704959538774,0.00832191205767252,-0.003847572329447435,0.06715397357754571,-0.024751227440340307,0.010015492598136166,0.010293054059554274,-0.005268400491263758
2024-01-22,0.012163429560948291,0.00763479539651124,-0.003604979862209201,0.010045296961835648,-0.00041861963952727343,0.011883287255947117,-0.0020649067140974253,0.005851314442741895,0.0017575424987263943,0.021706437448319793,0.01420188577005832,0.009837712418715228,-0.015783094828812683,0.0012949515571312187,0.007872709475862383,0.0014539052075321912,0.004885985804230497,-0.0011743485320924174,-0.004345703805411438,-0.007054139493538392,0.002412855781297907,0.004542082649173107,-0.005417931521410346,-0.011986812750151232,0.0019651263017110843,0.010346234877442129,0.018726696638009077,0.00635651817200622,0.001107416547069029,6.16359979572767e-05
2024-01-23,0.0066530578263437334,-0.000806133902378825,0.008011406531487353,0.0024863481350914096,-0.015958650689368192,0.000554159037551738,-0.012593706485742873,0.0036843736334251087,-0.002807181091348032,-0.013777908797662386,0.006534789507700367,-0.013447087564815607,-0.016568848867974828,0.009450888510091016,0.006422524584533296,0.013894544198358005,-0.016372027424281788,-0.006583877799812399,0.004700227184667671,0.005495779980148718,-0.11035001219553142,0.0034328827335701195,0.006027668879556192,0.013325520298961502,0.04139064321513053,-0.013466821714011479,0.00493185676238217,0.06695292982759904,0.00022119262908959492,0.002524688159792232
2024-01-24,-0.0034836837272259613,-0.014230074093844691,0.005447960655367012,0.0018872481661982299,0.012435011266253015,0.006405287754660316,0.0003975300460508091,-0.008693959962758124,0.019916909441934028,-0.002879394317811479,-0.015210688855889054,-0.0035980729306054338,-0.01000644946759921,-0.015127664359125492,-5.7624908282649656e-05,0.004090823298747326,-0.0053188800190693275,0.008935365140907203,-0.01570579478220413,0.0012998085839175388,-0.029760834085309384,-0.008010614316746434,0.009175153911793688,-0.011187482204248367,-0.01207966574298558,0.0,-0.004442225836803093,-0.02249585907629892,0.0014376053914768594,-0.014127857342359773
2024-01-25,-0.0016967729162542522,0.015581316319497773,0.005609771850602074,0.012108365262445853,-0.057208236681749014,0.03471155307734297,0.007765154663304186,0.01987917957240648,0.02518644077535459,0.014545436382238597,0.03484644900333844,0.008697998718830258,0.010654507943681946,0.013458631056743275,0.09486566981020261,0.009370497281624868,0.0037745500632833107,0.014311049032263101,0.004243672980375424,-0.010750995043546596,0.02938670119871767,0.01051485140929076,0.005738423478479859,9.91638391572014e-05,0.023008184351025696,0.0025596002709804555,-0.038637599127986255,0.024467102037907917,0.003534132077583907,0.014579600171746643
2024-01-26,-0.009012639462532057,0.0048666337076535005,0.008684596622424712,0.07103737337761173,0.01778282272171805,-0.004455389411183175,0.00326119552594073,-0.0036307103081070213,0.0038362321324543203,0.0052710204484871515,-0.01601716896892802,-0.012829733792733111,0.012337290426983838,-0.003751871493959502,-0.015806334627972096,-0.11907162441308106,-0.00037600513758451193,-0.0038165896579446246,0.0035497039621599225,-0.01665496641509423,0.00010403021887439579,0.005743710137804836,-0.0023219303846224726,0.019648808804119122,0.003341389596488664,-0.00042549846585404616,0.01986225452017587,0.0026008930223140325,-0.017130730209090395,0.008781582056174297
2024-01-29,-0.0035860030770560325,0.005388783670526642,0.01344896590822775,-0.0028296986768782117,-0.001362723403092403,0.01275760251084912,0.028291759521754223,0.0028767625030903243,-0.0004021120205252027,0.02233641100517736,0.0001849287916124709,0.007331929410318461,0.0011258429617273524,0.006194196344469605,-0.0014938139383865456,0.00435279641198294,-0.0008778109530870326,0.002611954545778117,0.006063692252842534,0.00017117088326368268,0.004062969615513001,0.0038073395329056847,0.014334131041373155,0.01099769066506906,0.00012819383731277334,-0.001466204811777505,0.0026628835610740254,-0.00825459511917992,0.021348141492291806,0.004687310382084586
2024-01-30,-0.019245782862677308,0.0037324492858541447,-0.014014601164705653,0.016379429060433548,-0.023149276005084096,0.004979503623693038,-0.00045153295868682886,-0.0009562215489401504,0.0069760596272292474,-0.0056415615580514,0.007397624116400214,0.016580803318876125,0.003935793805052601,0.01403604334974462,0.003900716165525342,-0.020985474111351765,-0.0037022618350008862,0.02049467051703635,0.002846176508612519,0.008005246299446211,-0.006536684840647955,0.0031332233114442776,-0.0027577643338771995,0.0028878579831419504,0.008516905118475693,0.011462583914703117,-0.0018432434235745587,0.009988105579409323,0.012752889801366019,0.0033326508679472067
2024-01-31,-0.019357562444007437,-0.001144080112847945,-0.023899390262627773,-0.01670325581281673,0.05288360963687988,-0.014601629936927263,-0.023077337620540095,-0.03943341823212476,-0.017918891616232502,-0.00918096895667908,-0.015972075076821857,-0.007392501707395138,-0.011593286816250381,-0.017678345688261876,-0.02240904701399471,0.003727980797161079,0.0008186973637984707,-0.010835885757307095,-0.006844746976787941,-0.00655019345319352,-0.014621319479145911,-0.007233362987724146,-0.02694643142489217,-0.025436795381266086,-0.0022224275869890953,-0.010208752850399128,0.01614345415168339,-0.002825508194988058,-0.014035671129412952,-0.0020533051575806205
2024-02-01,0.013340541396607897,0.03277513105930763,0.026288672108771616,0.012354248006786861,-0.005828258939865494,0.024574384139816052,0.009641120561588501,0.0,0.0031200084947371476,0.010515240035595008,-0.001119337575554713,-0.00041669712091108035,0.02014386451376793,-0.024473661237700672,0.01764120599136554,0.006499511168202465,-0.0033982044640294973,-0.0036130410392389845,0.025046234135759127,0.018310978041730985,0.016534164836775833,0.0463652791886513,0.015594346470002574,0.0022654267512016713,0.012982132521003553,0.0031225347230523504,-0.008988927214526043,0.0033056125857804375,0.013869524762596619,0.018517344524182855
2024-02-02,-0.005405025335721403,-0.004220919316227034,0.07866649218561839,0.015697404809087212,-0.0020494384480470584,0.02405028796781372,0.006554038382777128,0.0,0.029413884434514648,0.0007213510942081225,-0.0022414261873010544,0.010446698240941465,-0.007887298473454485,-0.006081763196670864,-0.005938945268382012,-0.017527724049144378,-0.011050704092313457,0.005756061058767248,-0.007215582030778989,-0.00345540551358281,-0.010843488531072198,0.0002374437309835553,0.018425845582865863,-0.010318466753892364,-0.006847685150797811,0.013206339305010806,0.006092918462541785,-0.008472331210548467,0.00046914984838419826,0.007486263096931234
2024-02-05,0.009846578589923993,-0.0037747515926177533,-0.008730574595861018,-0.002277066681250828,-0.013134014403806793,0.020025984655180018,0.008576426332600251,-0.013351832675044695,0.0005912686952489477,-0.00494188033626386,-0.0048671307242820205,-0.012478714092726162,-0.00585050791084718,-0.015807365380516303,-0.012756350698641672,0.003990653869761829,-0.005172306091872025,-0.0013164703826523683,-0.008258897563090062,-0.03729995441927869,-0.022557114460912242,-0.0018194551361683242,-0.013545029336667458,-0.010227463707772277,0.0007591674988107755,-0.00809971356957262,-0.014248436417831578,-0.017802173015420863,-0.005772406902844085,-0.005366501063371221
2024-02-06,0.008631626893508049,-0.018324786283421712,-0.00681113075414308,-0.0014081681170569071,0.009437143213291366,0.004107167615723384,-0.007913839752892948,0.009493025001813482,0.0001310845965758478,0.027315089341750642,0.0165539732554858,0.005143361008134173,0.003125411677659784,0.003264057107605689,-5.4469741925688986e-05,0.0022277309159195458,0.014505771610581863,0.0034384523778772103,-0.0016656563302726024,-0.004616000831280553,0.011107460814084424,0.005547588117813307,-0.0003943631946824455,0.029394190436266676,0.004740613660091153,-0.00032864384136999103,0.015329306456053349,-0.006766621686942642,0.004281844292443937,0.006818461318332414
2024-02-07,0.0005810462722273257,-0.06391003313785859,0.008158468416245013,0.016678846956796445,0.01601302286206696,0.0026958379741435223,0.010530989909809607,-0.004201830443859134,-0.001443818537108399,-0.0015107218053340699,0.0009250663440514284,0.004337713519037223,0.01807716919284097,0.002375464999629706,0.0017993679927734707,0.0009358453103707198,-0.000506132195447706,0.0018845729538401468,0.0008341501644499871,0.009415052262271129,0.0008531783303784568,0.004650106576025381,0.02111007730811254,0.011499729971339079,0.0010064473671178575,0.005680550868071732,0.01707557901150958,-0.016545027826479264,0.009503050599534157,-0.002532179145477653
2024-02-08,-0.005754555567843989,-0.0034473152382656913,-0.004046223223746481,0.01018738901379379,-0.012740642561207105,-0.004913489396548232,0.010767299772828753,0.0036167775588262785,0.012686381551953785,0.11498888699849097,-0.0038822316681879077,-0.004189638145792873,0.0028400004665007916,-0.0032971738422873376,0.012521843735278093,-0.00654506256020948,-0.010001147101904029,-0.0035911855524555225,-0.002666934365322393,0.016009457928028104,-0.006820018330362498,-0.0067466012919406015,0.00014504494598033268,-0.0001926908488835144,-0.0030166092201833195,-0.0019139754036433532,0.0013477834734059169,-0.012617474401686923,-0.011080494226643811,-5.9088750682279034e-05
2024-02-09,0.004093969414726173,-0.012650410729050932,0.02714319777292107,0.005965555705662151,-9.561357587339891e-05,-0.015031126458699196,-0.0022265654384355793,0.003603662925096618,-0.01960296165358455,-0.019450010960123,0.002041574806639357,-0.002025726351912449,-0.0015672503614834188,0.007133112777121697,0.010739960002162041,0.019058768344871746,0.002301716687088007,0.0012014065887926417,-0.0045129217094161955,-0.008426765622644328,-0.00321884901506031,-0.009162100967389342,0.015551364978662718,0.007034877642221771,-0.0076903128123645415,0.0032271421717156024,-0.0035957448510502976,-0.004760603752619552,0.002356873221584621,-0.0005314850163542495
2024-02-12,-0.009001957425386897,0.011369877174058907,-0.012095159915523457,-0.0009883509180003136,0.0006214382634273097,0.014093821377069826,-0.013662778244573182,-0.0027928650920326925,0.006885644905678001,0.008303469147874054,0.014817412641253247,0.0218081239679615,0.006333551081506572,0.012882524608869517,-0.0009660324031418588,0.01662431861163638,0.006953459213227431,0.004457025646850354,0.0023505763063784713,-0.00010353770778126492,0.01862217426959689,-0.0008768867131340174,-0.012578679809758797,0.02564589973198217,-0.0019694189515065963,0.0008859177865350176,-0.001119111016106955,0.009566751016026442,-0.004919714002415199,0.006025571814256558
2024-02-13,-0.011274292343162462,-0.01341566908604297,-0.021469171561243172,-0.012201990249073869,-0.023264678137813966,-0.027329669094705578,-0.02147436400504754,-0.007001354747186661,-0.009731539986142845,0.010705373989059908,-0.02938482712968382,-0.035375988475526254,-0.021507765528843592,-0.01692430215303542,-0.013214374579002652,-0.019759267340713427,-0.008742625060999654,-0.008703795685594984,-0.005862660135938058,-0.008049923383003477,-0.02081793523921205,0.0007181119339783049,-0.0215287313910687,-0.02033957990953117,-0.005346400494558368,0.0058688735753376076,-0.0015260300303912011,0.0007482612907594444,0.0026900866855654737,-0.006811568839975024
2024-02-14,-0.004809846617968572,-0.001411709432380337,0.013875689909627953,0.005866367936966821,-0.0052822155707258345,0.012370449768650094,0.028454548550723935,0.012892878483593107,0.0027223612818254583,0.009958280498379102,0.007521591478138134,-0.0018745261579345973,0.001789920473369122,0.004432787561406082,-0.000707726467438774,0.023864698507698456,-0.004665452158792882,0.010157364242173283,-0.0010108763999707726,0.003691930415372635,-0.0025902314297192586,0.0031092395621883373,0.009665366130902076,0.012666653000410255,-0.004095397188455752,0.0031025951962528886,0.00017413978693503473,0.0004984317344773892,0.006345057055527681,-0.0031926246602932418
2024-02-15,-0.0015747482917184419,0.004343069716637782,-0.006901349311422389,0.00772879114431646,0.009587948182840256,0.020081604727719915,0.009649051871639003,-0.024264118850147676,0.03400737777533691,0.00797779874795257,0.029675091704242762,0.019521729193272774,0.007955628743527399,0.015805550714496963,0.017976848510191434,-0.0031681124997874344,0.013997687799611525,0.021814516125383765,0.0018553307550288611,0.012804907693267475,0.016169918146535123,0.005722591036270597,-0.007155264058498978,-0.0026333793493729107,0.008867236703557602,0.011079340199115828,0.007621804747229177,0.010958951614869594,0.012321656281496507,0.004092657896837437
2024-02-16,-0.008430339113672747,-0.018576602773820783,-0.0017079419299743659,0.00014115311826601307,-0.007013112689645218,-0.0035905890582049738,-0.007604333428944732,-0.012637712127244516,0.0011005917853978975,-0.007558939941788023,0.005619099512290449,-0.002542757122628747,0.0035172850425264635,-0.003940393902819972,0.0041203978054131785,-0.012258761939946239,-0.001148462304619402,-0.004670080949604638,-0.00016842840828545924,0.00054808098228043,-0.012232135248346432,0.009878150031609412,-0.006149093912590886,-0.023950976426417192,0.0031842220070441574,-0.006803091850463239,0.001286127209041199,-0.002463700799547719,-0.008612742123358608,0.006320401602736725
2024-02-20,-0.0041138477884756774,-0.0006697714511366692,-0.01433539469369316,-0.00032928634135809265,-0.002550415783106552,-0.025379609840726403,-0.011493797004365147,-0.0033029436005779234,-0.0040742862061941,-0.019354756813941276,-0.013878883435889944,0.000208074070386699,0.0006070200489065591,0.008976884533039131,-0.022383278983600152,0.02321304009571823,0.008367835045099525,0.0039098903196941315,0.022057616444216777,0.002157386469125333,0.006246661036745982,-0.003286515568661552,-0.0031431876089195177,-0.0020287269080672132,0.006348841777479963,0.011814457474514928,-0.0009395777234464386,0.0002470537842214071,-0.012241691172390823,0.032284551976191844
2024-02-21,0.004185999536705953,-0.00017644553258200357,0.00903755380828164,-0.007529778897496731,-0.008850803147885888,0.010837057574064168,-0.009916548871877207,0.004142570201829621,0.00935072126035874,-0.016173355612830065,0.019009397914359516,0.009752396916101302,0.004302684955662883,0.002965644035575865,-0.020388265385737236,-0.02358484766890878,0.005194478534615854,0.006509744056292677,0.008896145230429253,0.004305702941472589,-0.0011978623556812007,0.005888293409451739,-0.0015144174754151418,0.01907061671835608,0.011923457828106665,-0.0028169703181848416,0.001746344710721548,0.014814623819492168,0.005851468748427235,-0.012282376719478183
2024-02-22,0.011243905272791732,0.006067820223340181,0.035530017339574504,0.0146995946221804,-0.0003473102231233982,0.01560824074235434,0.03561972280532433,0.001856299766929581,-6.443850743453883e-05,-0.0002784693324442422,0.004484391923066378,0.005666332771510962,0.019800768195989082,0.006415228134871276,0.025097489598128186,-0.01127218425714116,0.011154551029016746,0.01199573713431823,-0.001469583902290128,0.006838650488020237,0.005669844678198643,0.00889790952888525,0.023546777967722532,-0.0018047515365663402,0.0009976124802812958,0.012848613366577943,0.00867902167583301,-0.009002145808020168,0.025256585052900737,0.009844534543982597
2024-02-23,-0.010034038920313071,0.014026319977563428,0.0023485144793740087,0.0026635383783055744,-0.0033250529476194224,0.005557341952759476,-0.0028945557254570486,0.005970862450163983,-0.004954029489300349,0.0009289235377192284,0.006964071044942122,0.0014853222730299986,0.0016693637959217522,-0.0008965197448481677,0.008197246958391302,0.00023263247047067281,0.008663291693590258,0.005025378330223429,0.000817578256826268,0.0061841910273292555,0.003795006259692979,0.0014699268037603463,-0.0031824144172722946,0.0052340207265588745,0.00292722215552077,-0.006027797162750259,0.0014053448828417192,-0.0017188654078176269,-0.0005287928467639924,0.0008551290478986395
2024-02-26,-0.00745142477630345,-0.009717287722965873,-0.0014858549486425066,0.011185921146911637,-0.0014440499042859267,0.0046313960091806106,0.025922180921682525,-0.009414643679528267,-0.0013579031282900944,-0.0005568657618296724,-0.00567466409887174,-0.0021224821369512092,-0.000967642556699122,-0.007177414682194794,-0.008561225653681892,0.0,-0.006487950551016142,-0.003424194455116325,-0.008006422596535723,-0.0021158687362131667,-0.008209193650954627,-0.004712328464201554,-0.006823558254068995,-0.010318944828977994,-0.005029999330610324,-0.003982660744376587,-0.0036414924372502044,-0.023856318680377964,0.0019396059357281725,0.018455179180250303
2024-02-27,0.008114510036356437,-0.027516964985709214,-0.006810521779339163,0.004701141030134526,0.004288424449703232,0.00691487457108364,-0.0029628733887306913,-0.0018596179180557781,-0.014826581802139582,0.01615890012814769,0.0035669156995983275,0.0015119388241009446,0.010656533601923313,-0.00507050406286691,0.004018832938456285,-0.006047934096221508,0.0011817501959736632,0.0004907893604162439,-0.006094713923632034,-0.011308632459217982,0.005227354254498051,0.001474718649005169,-0.00014724157586265552,0.005835134098982175,-0.005742038309799913,0.008178974325051769,-0.022653069972089268,0.006047048802293009,-0.0034490677508738354,-0.00016773090234911692
2024-02-28,-0.006625508181228201,-0.003698355744000459,-0.0021896371944472026,0.00022946866987294534,0.027805393610855322,0.005890768598747043,0.0009013835825459893,-0.005174914081691795,0.0011827307025911171,0.012612047113904401,-0.008457767284742679,0.013193782481523142,0.005458305791234297,-0.0030779619052978546,0.00232595907341393,-0.017318047920145574,0.0035407658676571696,0.005069667886439699,0.0009945593018392263,0.0048678326700757335,-0.009100453228650607,-0.006510115157919438,0.0005891289063362226,-0.007608395808803126,0.004707974200632181,-0.006580332244581544,-0.02948836024521906,0.004257071918657207,0.008687499140343391,0.0005034079284427229
2024-02-29,-0.0036930175064106008,-0.013082906080841172,0.02078996747858297,0.0063751624255452555,-0.01584540473090279,0.013351226064358901,0.030189867124440273,0.006450209330507217,-0.0021659583243621716,0.007039606780131491,0.014156016392254278,-0.010504007922811365,0.007944817627564715,0.011400068142820796,-0.001457181502191096,0.025244102329106344,-0.0010523024623060317,0.009111438835919694,-0.0062913664109165435,-0.004224335684340219,0.0072161877824812315,-0.008112874287243388,0.014519675935579679,-0.004024792073721639,-0.006935223570526006,0.0024499792617469485,-0.009392296533491051,-0.0019948932468984992,-0.010468044202857962,-0.016940563559340815
2024-03-01,-0.006030493837163253,0.023737258362657165,0.00825982552183624,0.0010939794816491322,-0.018260363235875876,0.00820461319074095,0.026099486934103133,0.0006203960901962624,0.0052627312361306355,0.0033161275398683188,-0.0019683286095026897,-0.0024418000745662916,0.010089219735855748,-0.0003018672646513121,0.01713236253449124,0.017886260972086898,0.004585400769594683,-0.0041383945994305504,-0.008164098143418563,-0.005303228565505802,-0.0028223053850083835,-0.0014943195518321017,0.004496652436435378,-0.016222536130918064,-0.0005663052709851124,-0.009684997996628697,-0.008245680035366965,0.004497780791108852,0.0018397789028041789,0.0025591927191943586
2024-03-04,-0.025381270043044246,-0.003353036439293855,-0.003591063770984282,-0.0034144264949614866,0.002699966430664169,0.005791494808173647,-0.007068999852517965,0.015082558957508096,-0.025718252450378953,0.015542636114352026,0.022413384864413688,0.010693071149068034,-0.010612581230343587,0.0028691124452542294,0.025823561457030797,0.04084895858439119,-0.014063671180120974,0.007501865344478498,0.0047036578612056346,0.0007223538034886179,-0.004572226249180966,-0.02292060785124317,-0.0013958442383664726,-0.022968143117834128,0.00446950018172898,0.0011423413126210313,-0.015647614321563807,0.0027363303624541313,-0.009288111583972247,0.009190000386023023
2024-03-05,-0.02844093754087962,-0.009807259366471643,-0.01948421375262155,-0.007811453308099292,0.002991952346679927,-0.015118901854365263,-0.05050225512418227,-0.003663809653200678,0.004768869133896514,-0.007212565918181868,-0.0007015070075777619,-0.003416113186624825,-0.005047665799974954,-0.00948608053427158,-0.005749371811552884,-0.05371640801902622,0.0008132337601307604,0.010017140037665628,-0.004848707863845614,0.005499284890724265,0.01367020175204492,-0.009834723492106678,-0.029571940078093273,-0.012356834761175883,-0.0015039441029746081,0.0002741056770723116,-0.01809613882691785,0.000992196169876669,-0.0040994002355863035,0.012478888135411426
2024-03-06,-0.005878229517707778,-0.0002167987097333457,-0.0035033346396604603,0.005755020531801103,-0.0006960295817503015,0.0062964112348471435,0.016803587042618195,0.004494374065713513,-0.008422895845378697,-0.0248960283437627,-0.0021059234194533705,-0.00342790403489035,0.0032960701093340816,0.01596131968048753,0.021932769872543112,0.03127896336753011,-0.003938155478531269,0.005197451544896037,0.0005039265266828519,0.0013332451968708359,-0.0018341348762375143,0.007490071831331546,-0.0013908674636520235,-0.0069170939720258895,0.001568926068089782,0.006799459922723905,-0.0011624160641362513,-0.010408595944848775,0.003758231746818108,0.00882744576215555
2024-03-07,-0.0007095839587635266,-0.013485661047544228,0.019076784751165476,0.022751245408188625,0.010099496414412323,0.013675646316297696,-0.004444175096390834,-0.005491080120093028,0.007011286830135965,0.0010903962385926391,0.0014068116159482447,-0.0029264763267429217,-0.0023580789416739467,0.010523796190004875,0.0019370247771368643,0.03684574466933532,-0.0029495809511375093,-0.008758392408922622,-0.001847230377764686,-0.006213164843328345,0.0010808011346365998,0.001939328351401981,0.017533423275530646,0.005736097987728783,0.0065804760050465205,-0.001001762262784589,0.01307650674734595,-0.010018017939482204,-0.007737879897186883,-0.0034670983096712904
2024-03-08,0.010236697458985144,0.0032616168761196995,-0.008313545751684748,-0.0002238813730208733,-0.02236119447091167,-0.003027456731432232,0.009456894984444464,0.01226989364394182,0.003414398929909357,0.001270625589181451,-0.005795433204936917,-0.0037071939685614508,-0.008498016810771891,-0.009180090912649708,-0.00300193622392253,-0.046587278400314625,0.004091298966138135,0.0018628726338727475,0.0013460441187085337,0.004946630558609,0.013819992848751017,-0.003951888400292924,-0.007136977882939877,0.009878797472843592,-0.001681145951652696,-0.004330015374276908,-0.0006919812493777489,-0.0005057770860414923,0.0063968345872311705,-0.003976082423370553
2024-03-11,0.011831678819292035,0.00588133477812347,-0.019332758891648982,-0.014236403682333032,-0.030228222247727476,-0.012441386469293159,0.0023584156352161045,0.01454553212438947,0.014144654332769013,0.018038458168074367,0.014484933601287775,-0.0021446340692544696,-0.004901688514848401,-0.002291530452887769,-0.02153598848793592,0.019545499700313496,0.010719619878994502,0.00037191560739824325,0.012096752533180988,0.007759366996032746,0.0015975772127889698,-0.005910953642546346,-0.004185020366870851,0.01936271448336635,0.007483573986387881,0.002609451472664226,0.0263969336854315,0.01569230989484538,0.0018568601666846263,0.008982044079986595
2024-03-12,0.002778426353313046,0.004285281130257612,0.019946455814511488,0.011172181910018786,-0.04285936809479174,0.0067767185382274775,0.0020262169641993566,-0.002986906969746572,-0.0007236732296180826,0.0013356545112541696,0.004353136774294386,0.005230979286037218,0.008128726891855731,-0.005791735620394811,0.03155491693429502,0.008470853200432726,0.009365685570940085,0.008231886196038651,0.0043159923705407,-0.0017299662496919055,0.04965425778884547,-0.0008959623799135175,0.026599553326698055,-0.008903967205965313,0.0023521276493132515,0.006574683910945511,0.0004089170430647826,0.0,0.01197615610319791,0.012363975040109443
2024-03-13,-0.012122434905295187,-0.0019887720689460986,0.0066708374081581034,0.000718645920381844,-0.01025835504395145,0.012691182528797862,-0.005029056952594146,0.0007988947495614074,0.013167440774336958,0.0003556163891675901,0.005027823268712428,0.010639304686091311,0.011881261209910399,0.00301320012367734,-0.0054606867851574314,-0.044429795570678166,-0.01007742642234044,0.00811215391748199,0.010247948125887696,-0.038904484774370474,0.05419375653204739,-0.00407622045615319,-0.00043349183367047406,0.011778926009125446,0.00228519989075493,0.013744010242824345,-0.002758787072332569,0.003239535210510125,0.004296726616155544,-0.0021169315940934297
2024-03-14,0.010927302426039232,-0.016123834823566385,0.012403729449981915,-0.010502246517556602,-0.006580818025034962,0.0011712842803865975,-0.00446359596589585,-0.006385895335666136,0.011761469137210101,-0.00391115075452364,-0.011212620912185,-0.009431341658785675,-0.009815585535738802,-0.01692274181363984,-0.01662439806255689,-0.011103388660063551,-0.011731893828164863,-0.017817845709500513,-0.0022263506363858765,-0.003994937429625645,-0.009128534578390024,-0.007249490201049036,0.024379688143761014,-0.01085247736158701,-0.004929172346432531,-0.009262240489387508,0.002049273711285604,-0.012170902534863526,0.004453965606734611,-0.0008515327334804867
2024-03-15,-0.002196605385262229,-0.009832654248436379,-0.024223786467438835,-0.00911687766300262,0.007618023347000902,0.014769589951487694,-0.029638744337264655,-0.01727258567684331,-0.0009633766621818252,-0.0009815401546542368,-0.0048849223727983615,-0.00360254679399008,-0.00543615918881768,0.006824446584554611,-0.012200723526544666,-0.0025731755532544254,-0.006469517468253416,0.012395625573761615,-0.010247924406741604,-0.009193182596884175,0.018231104106480878,0.00838103928669165,-0.020695126564410637,-0.006183897600800292,-0.0007431378860467408,-0.002212907969634803,0.0037219432665973606,-0.0070404436843825025,-0.011766186398522116,-0.005571856896708582
2024-03-18,0.006372442516838106,0.007550062698549853,0.00034398325434925603,0.01148954800074331,-0.014737316930894306,0.01420879442827716,0.020996879347885855,0.00694873433326193,-0.0008999126988304962,0.01697186001643236,-0.005259495035149886,-0.007334446181958332,-0.0035365201587281847,-0.004704322725515131,0.0032449236871774367,0.0016417736941245487,-0.008977152647222209,0.012401457709037222,0.0041749241172808205,-0.0020062566768878076,-0.001904680543367454,-0.0006583456651230168,0.0021612284918379743,-0.009032568605670366,-0.0010533708214689463,0.004481022353815867,-0.007681049535473661,0.011142219342782589,0.007101239238436863,0.002966364706673774
2024-03-19,0.013585036049097887,0.0030639335732352,0.00813845829732096,0.003258281695302845,0.007228664803325069,0.005683227255645962,0.003128024396783502,-0.0026385658139451706,0.007785844747406401,0.005797125823945315,0.00035244674918133434,0.011161026210947833,0.02016607842371454,0.011587770424082766,0.008607590224373407,-0.015453151042164937,-0.0035085131620087306,0.005865099245128125,0.0016630533461787778,0.015399587347138866,0.004961836403136299,0.0062582709250786905,0.009800600277136473,0.012355638743505093,0.0038459380685886835,0.007705451739376867,0.012873388942826525,0.0010015293727283492,0.008068794372079413,0.00016433899886969527
2024-03-20,0.014709240773755017,0.004857589114676042,0.012791359170393646,0.02805726771642525,0.03665672635542627,0.007205576555268989,0.015358955162481314,0.008343563878011606,-0.013216713029103433,0.017029031118733773,0.024841413445008786,0.02009466214528688,0.013178437625515294,0.010751603356669026,0.003206825177401562,0.003567212662743291,-0.0028807649055464513,0.013107115261788538,0.00863357272667753,0.005585563908421909,0.026490711181171633,0.013502456480001257,0.009064884971169862,0.003101268162944759,0.0009885984098643164,0.006081533953690821,0.0018446109862531035,0.003752603374033603,0.006716754924612767,0.006242771069806974
2024-03-21,-0.04085738508981518,0.01428313583465557,0.0,0.005309029914039032,-0.0004260402150109144,0.022752227203524322,0.007547137103938839,0.006659886198439047,0.002005899591816851,0.00206074743649709,-0.004125831015867498,0.043483779584217785,0.02806892985112608,0.0009941373294390932,-0.010620803802213086,0.005213241831543591,-6.4195057042582e-05,0.013905060173403871,-0.004608972904108999,-0.003234193515131767,-0.0022200236417420083,-0.0018570375367438219,0.009735852485982077,0.005485226039538826,-0.0008024739044748541,0.005066850188357286,-0.005139348189783788,0.01046880971664832,0.0037677799462636496,0.0032653446371126993
2024-03-22,0.00531012932640218,-0.0028163768797265787,0.0040415450203241665,-0.013791747095954099,0.006126846957757559,-0.017692684988321883,-0.0020104916877037304,-0.0020048445966650563,-0.0012915758214367967,-0.007112175912833307,-0.004315564291059837,-0.01665410321818983,-0.012449265894469819,-0.00322769578435278,-0.005523734671787017,0.0035360983521650624,-0.003338770793529733,-0.012257621856690437,0.00033072722141991306,-0.003174241006747125,-0.010104569318982293,0.0018604925412297746,-0.0014672530686815621,-0.06903385215553326,-0.0012356430926806494,-0.007429370826135595,-0.003294583418687491,-0.004193553892029467,-0.024485828370001683,-0.00943856513330521
2024-03-25,-0.008300336140531606,0.01683751644999454,0.004696213001679439,0.00030975879595263045,0.013555718696617536,-0.006031729300640221,-0.0055561023710835045,-0.0020087911027291128,0.011703020152100452,0.03011987977091346,-0.0050276751366832295,-0.004621160729452289,-0.017346517857857013,-0.011209158999146984,-0.010741889114483705,-0.017383047456481004,-6.431051606592408e-05,-0.009154461447135276,-0.0014878800106015166,-0.014188284742482127,-0.01816846174942921,0.011788381108393198,-0.013714652845078223,-0.001171881488699289,-0.009093262382276146,0.00481173753025721,-0.008549898398386713,0.0123855299881388,-0.007237372166040035,-0.004928530343735638
2024-03-26,-0.006672562457748943,0.003382858432788627,-0.007845994154095037,-0.006946064577367794,-0.02042737363409486,0.0012361106283280687,-0.0007514973756554966,-0.0026167091466771097,-0.007668981009640863,0.004775534053012009,-0.005575948882755699,0.0030619938991622853,-0.009334936929020099,0.012696511674373356,-0.001536064832271089,0.0038249094683580065,0.0035434261348812335,0.004670780718818435,0.0023179731329165953,0.0,-0.021079671377993603,0.0016759215956569928,-0.002861317873136482,-0.012480179454708473,0.0022473449289379666,-0.0008867206216731649,0.013233762772124402,-0.000489300595049591,-0.002169122524918854,-0.0009905625621987602
2024-03-27,0.021212512081765666,0.01607693479886918,0.008581036192426339,0.014657345653571907,0.02373331705729176,0.0231768113459474,-0.014550433328636259,0.004439788555466562,0.00695562551345974,0.008755146970203631,0.01874892906733394,0.02233006665593784,0.01568705736231424,0.020547378889747447,0.012201525109637457,0.04239111596769973,0.014059157368457198,0.019363391016384623,0.00809374603110391,0.012202926099581735,0.01909776163560961,0.04963348243831711,-0.0005218191067178912,0.01674225477945601,0.012830871416425804,0.015532743121833503,0.0016046070187485384,0.016891264680478635,-0.005630739056395995,0.0034704387176303086
2024-03-28,-0.010559073471481772,-0.006915575791130668,0.0030584610251771505,-0.00026344038908121536,0.005418122226916733,0.004881592278878744,-0.0006636768454674202,0.002812986222894942,0.008890069005193624,0.011406798115314087,-0.0036119832371529492,0.005875994430297959,-0.005934379830025982,0.0005848981269660491,0.0008385765073233298,0.009138581238212762,0.0014561262088854665,0.0039093434033792285,0.0024578585157692956,-0.00024810834304900276,0.014150665162232068,0.0015180063373652075,-0.0016848217637275287,-0.0015934519818306958,-0.0022138994356186714,0.005724697430830705,0.0032448742630468708,0.010110521803480266,0.00021503634734676425,-0.00905801377579063
2024-04-01,-0.008455770876580448,-0.0045023468487197515,0.003270852211551434,-0.000351300757823525,-0.01808386648959226,-0.007341065910189237,0.0035859687641441873,0.002604731561548501,0.008495177317674907,-0.006783315209972107,0.00569653896448874,-0.010007357057334798,-0.040589057045200105,-0.015785637830251775,-0.005917384372351675,0.007923998587705539,-0.0025919733207417917,-0.006789721100983637,-0.008172621066436792,-0.0061357755659571245,0.060129122684569936,-0.007275435331266955,0.009150956054571502,-0.015109657715805191,-0.010292771258141431,-0.008603392537433918,-0.010107146961093605,0.007626372555221028,-0.0028666456513181116,-0.0028252841858127375
2024-04-02,-0.006998782765317624,-0.02413067775548594,-0.0015472110151306673,-0.009138399623722648,-0.007704520917504953,0.0029964231477508374,0.005756586165291955,-0.013589272540119546,0.004400131188923906,0.01061465888805313,0.01767946620843097,-0.008125628555977316,-0.013667378649952933,-0.008811402692257997,-0.005004420894936801,-0.01302794677480934,-0.0003168659639624094,-0.0004020738749497266,-0.008734370216262777,-0.008850234509933053,-0.012550399680107849,-0.004885939630492442,-0.007372167236147198,-0.01739416688755313,-6.222461605809304e-05,-0.0013587359009535893,-0.06444762313210384,0.006149496941202814,0.0005750662514756311,-0.013999944845151435
2024-04-03,0.0047973840071102725,-0.006480501992255805,0.009519072430478781,0.00487737361298568,-0.01659218904799642,0.030041617326662884,0.0024341568586185858,-0.0044932995329418635,0.004130926820577141,-0.03126520401398325,0.011806245880268573,0.009386887221375373,-0.008539950125195928,-0.011287084092313826,0.010694316214042932,-0.08215728578703207,-0.021999509799467964,-0.0028161297918658512,-0.005319987584314845,-0.007920961243058411,0.0037699656280372196,-0.0034521826057980487,-0.0023489529916708163,-0.0068167321767476086,-0.02752680176985023,0.005310508606699349,0.00349220943700268,0.007052198007325483,-0.005315500723942823,0.0045638035986108605
2024-04-04,-0.004892358412541542,-0.023066811293728673,-0.013212014767422509,-0.02806178787730762,-0.008814649031757549,-0.01596645509314898,-0.03478370459375624,-0.01292569666426513,0.0015581910690340983,-0.01588513418433224,-0.002166970762309539,-0.018719823809103087,-0.006168387335745762,-0.009698449100351891,-0.015505330738854073,-0.01487738799309235,-0.011409340070919205,-0.007608477388863943,-0.00885859275444223,-0.019779517314075568,-0.02843673474065711,-0.017243878420050374,-0.006112495505517956,-0.013949055038435465,-0.0044829984321439476,-0.002444665310181393,-0.009483525123136216,-0.009103717560395075,-0.01068736608146359,0.0011778571483191946
2024-04-05,0.0045017137821985465,0.006937993009140664,0.028166707356770848,0.013069852336109244,-0.0008183419825337213,0.025717205344707006,0.026415934530843677,0.00914570350382804,0.005663093990259549,0.011017295504668567,-0.0028399727828507526,0.004479992790475729,0.0005311379157841856,0.005610829197774336,0.0063849039835675026,-0.025673242775647087,-0.0007212408763979106,0.009200155981214264,0.0035413213286492606,-0.012588261020756164,0.005412116738214179,0.0025847760721633417,0.018282621433348467,-0.0025822072847550004,0.004181485762094095,0.010459417238241064,0.0007905372826204626,-0.007773988135658327,0.011459860816504408,0.005882357165159391
2024-04-08,-0.006663390080325349,-0.0027782577215124116,0.0006483768975988902,0.00741696294620886,-0.008627289703616703,-0.015370298539653104,-0.0005959949913124651,-0.006385163245018033,-0.002042251869914913,-0.008700865431318094,-0.002848132771054779,0.006052878930081329,0.011680166228054789,0.0030940908413683577,0.0035953359714426814,-0.01885821705559898,-0.005249808069147099,0.0052165349199875255,-0.004032749662335133,0.003262155684616408,0.009886865831635117,-0.011172766729933059,-0.0021854832358374487,0.013057243018961495,-0.00038447419911580294,-0.0012993058523497192,0.0005705003098221972,-0.009259132043790919,0.0022371157547067533,-0.0011695265802350585
2024-04-09,0.007242416197748902,0.004308972657949273,0.002591909504893186,-0.019053112256639415,-0.018946918306143257,-0.004203857711083336,0.00212091365013678,0.03669142343488607,0.004526604065260731,0.00528336097479043,0.00588049224503262,0.0004141037823690574,-0.0017400280083185171,0.0032867789167250194,-0.0026866302002974685,0.009215353774166601,0.004617691982503835,-0.006701026404075328,0.007592259439636262,0.007026487993454511,0.007396922778229564,0.001185400387897051,0.003980290263750463,0.01111104760137649,0.003973467253743701,-0.02927268815843931,0.008157894152650114,-0.005479086401860123,-0.003744093756924305,0.00016730798144193315
2024-04-10,-0.011139107698168838,-0.014462478584210792,0.0015080453603608657,-0.009961820246172426,-0.01959347816105028,0.0004570766364597745,-0.009094862866991127,-0.015996780465857174,0.004135841495273018,-0.006611818573741046,-0.01703699025873595,-0.024226301947625872,-0.030048125651984336,-0.01391040797821963,-0.017273439195340967,-0.02948075521029736,-0.013723848699965568,-0.008521405400568782,-0.013395900874501931,-0.002857796135140589,0.00021579077623434806,0.0003156262077532723,-0.007084481746789439,-0.02197807167529353,0.0037023072228983267,0.00241235481825286,-0.02103448781270245,-0.007835416312385823,-0.008094860844130913,0.013881835880720672
2024-04-11,0.04327090053233529,0.01332339774961211,0.016671181255133227,0.0025270302031672465,-0.007272543302699885,-0.00024181161718717092,-0.0015684522216136143,0.006502718761861592,-0.004794910868393787,-0.0003412630838824926,-0.006626988508520726,-0.008184443843147426,-0.009099787536839377,0.006235538109649719,-0.0007525606370268889,0.011559113658297093,-0.009387530375205344,-0.0002047153884970898,0.002206450106690294,-0.00018609379766654222,0.005937748995179515,-0.004733728112452651,0.011033384722687778,0.03370785417785638,-0.008903639632158566,-0.017737741319550415,-0.018509172557902076,-0.008884364307122361,0.004371862369447976,-0.0087429769678955
2024-04-12,0.008626543807977782,-0.01007395228104635,-0.015445639364236818,0.0,-0.021977373933893762,-0.01707087959081488,-0.016145870606585677,-0.020997235922784685,-0.018098839783520115,-0.026803346955074137,-0.013171467974973483,-0.02010173091067402,-0.012954448564551302,-0.0036064420211439074,-0.019526585371673733,-0.05155468129330543,-0.00853544328920064,-0.06467762270853317,-0.013039840261990787,-0.004578972625503774,-0.02006872233679724,-0.0032502188731391435,-0.014091068027938247,0.0,-0.003272555293886703,0.0031761515350055003,-0.005704962194894692,-0.01095626524435589,0.001015660889913228,0.0008320950159039775
2024-04-15,-0.021863489509538314,-0.006622180151765744,-0.013485250630092094,0.0009166102645390417,-0.010203454416989666,-0.004704116888157528,-0.07277807002677195,-0.005155725909734454,-0.008618597249999915,-0.009297490333704195,-0.0064133756631185035,0.029243374252628795,-0.014407660202895078,-0.010807601865772343,-0.005596008600263325,0.017371875774218726,0.0004744655250097374,0.0005469875186527862,-0.00240215430555224,-0.004338174316304677,-0.00010951816857895924,0.003578942619372416,-0.01957812873710918,0.011956687150056045,0.0007724499404555552,-0.00018106801979766995,0.014640231343054033,0.009818758718913134,-0.016958933905534934,-0.0034918547286130197
2024-04-16,-0.019167212208764495,0.0004897017950820093,-0.001633742516860992,-0.00027472414066498363,0.01626740322007536,-0.011074260479799203,0.01652638833610154,-0.006633556347022229,-0.008312480523177346,0.00823376417354349,-0.008025144433967069,-0.010027954048675958,-0.009173502482441975,-0.017109818340029226,0.01379305941649478,-0.0013771490286922372,-0.021275038224527254,-0.011427728847012819,-0.0013759944797242518,-0.0030050283511893205,-0.0027382541030485097,-0.008954832385146383,0.0022724672117846456,0.0031149658112885614,0.0032165911037476125,0.00931890594347684,0.05219599066064817,-0.008476865984963333,0.0002578626456957167,-0.001501743814210199
2024-04-17,-0.008147370518539754,-0.0059102867436710005,-0.011128128209780819,-0.0030685721909319286,-0.0019935287704887505,-0.004334770345130634,-0.003929262816474655,-0.002712857439158056,0.0007677354208539544,-0.008254215962944511,-0.0007036312103907427,0.017764448327796778,-0.005973426154566863,-0.0018875362167652954,-0.003537407325867159,-0.015995491969832076,0.00221530553860938,-0.0039822014417448814,0.007750555979660678,0.01702915319755327,-0.0009884781815338028,0.0024787803581292067,-0.006609105232042389,0.015526040927359208,0.006476524619817292,-0.07413069526837202,0.021539976091505597,0.00025150177025601295,0.004938454154830074,-0.003175145111797395
2024-04-18,-0.005714332282662715,-0.0049988003269551,-0.011363622972558218,-0.0007810193098223284,0.00011743735904712338,-0.0010884105962586377,-0.0159234004871478,0.006696019616225346,0.007480915612415151,-0.004515700401521161,-0.005807672747493942,-0.0019806973550738904,0.0001805026683481259,0.0037822114947061447,-0.008902299594679697,-0.017937200353472127,0.006700294747125968,0.006497048430952113,0.006836534457709265,0.003815448868401905,0.005716858260741864,-0.0011166603938851383,-0.018380953446182957,0.009489806094020947,0.00857297576233762,0.01858855847804297,0.02962496747375787,0.008798518837600522,-0.0048407296450849735,-0.006538125041185561
2024-04-19,-0.012212490520147501,0.023520285091987114,-0.02561096030926935,0.062252734632223694,-0.0024084380756052015,-0.005523962218312861,-0.005700517980358755,0.004364930638946163,0.015421481926407132,0.0016009777699130812,0.0030092443265750113,0.002207831224965373,0.007419655642776357,0.01664230821556223,0.0006062453634849696,-0.023972631370521524,0.014889508072837732,0.025103416293522196,0.021388523913296265,0.0037272374839245614,0.008635597553289243,0.0043918764353372275,-0.01273897089046927,-0.012638395715338535,0.005404046713028743,0.01734629400151655,0.016119880514605667,0.00897070553986623,-0.0058592755516891915,0.004556102484777336
2024-04-22,0.005090647024574624,0.011081102656881114,0.014888568814227066,0.008483457577296294,0.0038863995692819397,0.008317808921099568,0.012723393884738643,-0.0037251565559470734,0.012000128498891982,-0.005505749019711348,0.005824223582627797,0.0330445900616394,0.002236507059634407,0.006795018261076313,0.0017623129334916054,0.006140358390816392,0.008180611815012062,0.01942947873595724,0.006315414668500274,0.01319895286794881,0.003793341310259324,0.009222509200697226,0.004609970114783257,-0.003596635928500014,0.015176446732805715,0.0009341901478954195,-0.01975526058072019,-0.0466781087014454,0.009452116840827696,0.010247016718590185
2024-04-23,0.006391790694850741,0.005994698309853774,0.01303389727631088,0.02557951685314097,-0.007625546013242945,0.01577147210935026,0.010481767906752593,0.0037390852338190506,0.005743591747142673,0.015358531263603092,-0.004386670811607596,0.015933952149350006,0.008598436062121628,0.0029655636847842892,0.0015942478075889888,-0.00377798144871877,0.002950571077924735,0.01441309318394679,0.0014863394036632727,0.004717348599412308,0.004102828330904362,-0.0004727406992437455,0.016485734268743002,-0.001804935242980199,0.0059798659486374195,0.00023334790198892286,-0.01028041963225279,0.028497424557305084,0.006536355005632322,-0.0174592736430651
2024-04-24,0.01270239036913745,-0.0019375739440463668,-0.016430862529557833,0.0006694135323399575,-0.028667638341970836,0.0007432788563652704,-0.00177107755100947,0.0006208870062598404,0.004421381780439271,0.0018467022216284157,0.004229812748453021,-0.0022642769932158524,-0.017669587683937005,-0.006984139221909547,0.010483691829091368,0.006417701323670588,-0.006886733220047292,0.00489241677460317,0.0150065989811754,-0.0004694740225331673,-0.0105377437733718,0.0009458011967919955,0.003655736498730633,0.006594315701380582,0.0068111708459710485,-0.004152711656979835,0.0023036117918324717,-0.005289662546600682,0.0033198606017159626,0.013200174691181177
2024-04-25,0.005147230412510195,-0.013296212696928378,-0.016535467634067658,-0.008447650458619504,0.01509155784035543,-0.0702024444826993,-0.0110428291194542,-0.005170654931157315,0.010454079731884391,-0.01009475309793395,-0.009477030267100894,-0.007067798883993115,-0.0030929042077807445,-0.009086759649241882,-0.08250962835824871,0.017681155113236535,-0.01151289115991383,0.0015019225313721574,0.003087007048719448,-0.004155423265221669,-0.006628805301874929,0.029291432635030867,-0.024495175748030174,-0.007396315606906678,-0.00030754436864954826,0.0026239888105987763,0.013461879150339362,-0.006837176466659378,0.0005090491380221884,0.005678882528992624
2024-04-26,-0.003472801354458599,0.002227393066449146,0.034260361668536854,-0.0061576707502116745,0.0024579082076021663,0.01591712869413686,0.004210241234772205,-0.0049896483291203,0.003690850112552546,-0.00035456983714354795,0.015060233668119594,0.017902672919047236,0.009367949354427862,0.0022278156054695852,-0.010538051712652208,-0.0919965286545188,-0.004631616857931675,0.0006206519966012181,0.0,-0.009107535600275218,0.004594644068060649,0.003671760725952211,0.018243692124137345,0.0019160600084080492,-0.007751559674647024,-0.0025235427084409068,0.0030172273535642447,0.011728588810508533,-0.002326122458562896,-0.0008304367285656422
2024-04-29,0.024807938671218777,0.02370542035040568,0.007460258507441919,0.013919459055861116,0.037495540166786245,0.01869635606944975,0.005286200826146725,-0.001671473053187933,0.002652220125829219,-0.005766064821121741,0.0089021176449533,0.007577702485996651,0.0051028798760404115,0.0016541613585197013,0.0017948578630093692,-0.016311149126697733,0.004653168551839171,-0.001085364996332383,0.004859056914528148,0.0016844230062158516,0.0035936340158757574,-0.00823156185946916,-0.010016621071897491,-0.0006376334222499835,0.002294095252948658,-0.002576834863567634,-0.01275871414824703,0.010332694304398427,-0.009762405494187831,0.0013299451228965253
2024-04-30,-0.01827079364865447,-0.008828433640073352,-0.03293549122868411,-0.020467019401087083,-0.032566770282891344,-0.0435390242024003,-0.024661011222731344,-0.016743384937112138,-0.03042148555363977,-0.008743738945667712,-0.015570943590992092,-0.009517042092143768,-0.007660194661423203,-0.005367254690548329,-0.007346270261687882,-0.02838014746614692,-0.015188606264203375,-0.007967609149486243,-0.004352056359087753,-0.0018642482210347033,0.04720040614979748,-0.006916569048872057,-0.03211952496394099,-0.019136579993150882,0.009526122713142682,-0.0034757134540852608,-0.010899151187120593,-0.01496623763836602,-0.011881936820176686,-0.014774319875005881
2024-05-01,-0.0060470944711750185,0.012521046257849333,0.02285714285714291,-0.010981475016724196,0.021568222443766327,-0.010461091171358294,-0.0009295488247126338,-0.0029800597765031744,-0.010169229736699648,-0.0055805094613571304,0.005799657043518147,0.0005625113463414433,-0.006731929520844782,0.013334780671582447,-0.01064992407209897,-0.003281881537023912,0.04557714224116527,0.000625845537720382,0.002590264544335419,0.005090770240072207,0.019998053896891133,-0.003250358461850955,0.014409464012470119,-0.020810824373712955,0.001225361471364872,0.0046662533143444485,0.0008476498367091523,-0.007343637998515229,-0.004802399738354279,-0.008424437846161648
2024-05-02,0.022031773475532868,0.0036772877746817922,0.031955314082140474,0.004493287904393739,0.04310042634012534,0.013199434301857549,0.012802947014180388,-0.0010673663058619054,0.006890830747078747,0.019369970286269966,-0.006989403511579728,0.013163183823853952,0.01072368514482025,-0.008499715761231208,0.0015812362184319806,0.004609775539176297,-0.008334578558741534,-0.0010425885711262683,0.0009689206936629446,-0.004190553233458405,-0.016558479968315498,-0.004192597214969562,0.00734286278340246,0.0229135083021641,0.002692906221943847,0.005723576813702946,0.0183015972910201,-0.006887976123430395,0.001084774158022217,0.014613291071736034
2024-05-03,0.05981629167796876,0.11817940624793533,0.008066292135759712,-0.007440984871666556,0.005255729105612339,0.003905389358961342,0.00562232397477147,0.007052742965029779,-0.0029862271738370083,0.009234618598979338,0.0036953190395343505,0.012968956635845075,0.021816206449564834,0.011206505670810607,0.006193555438879228,0.012782664881886285,-0.0043355441372097125,-0.006000232166839536,0.0029036245369291613,-0.01083121312030999,0.003512152339658847,-0.005847435174897275,0.0221696776773459,-0.0028135509493207866,0.0037842790458881836,-0.0024256569719820487,-0.001054766015781694,-0.0010271640286034778,0.0032883368232734522,0.0018422852637669518
2024-05-06,-0.009106726431367673,-0.03793869461254806,0.013371946429286963,0.015426574658782943,-0.008009273243174686,0.015887199536015917,0.00719889954219366,-0.00021220473336192036,0.012792522670420192,0.024722850566016197,0.005259420138107096,0.012529058934308557,-0.0016332564042530473,-0.004136751013055218,0.01750026478519806,0.006336330728621942,-0.004622583240261102,0.007821130234527462,0.00289521791116254,-0.0037733997612960923,-0.0057643416541846015,0.0004706274238008845,0.016918489591569053,0.013130678277383456,-0.00012180114289261912,0.009633021285478494,0.003919223563211505,0.0113138350608879,0.015568520879990277,0.0008357857593845885
2024-05-07,0.0037970096993020785,0.002737978000665109,0.0003179520909595279,0.0014082646895505757,-0.009195398561952173,0.00847703413651879,0.005623340809483457,0.003608585617917992,0.0022796941866225495,-0.09513181957066785,0.017788635336142056,0.0002930254099071661,-0.004674386615297954,0.009487075570091097,-0.0013639731128861632,-0.009363894765404002,0.0009422695963900996,-0.00130212070497282,0.0043303541300576676,-0.00668394046127152,-0.010870721719959064,0.0220270509443532,-0.010156246437314609,0.004498751863176942,0.008027236306015428,0.004909457355650293,0.013309466106778745,-0.0005085219061242707,0.013899627205939957,0.012527160465313658
2024-05-08,0.0018642087853115719,0.023343453295502137,-0.004026247769404412,0.006733273182609523,0.020598716831822683,-0.001449378411562563,0.006457974530693189,0.015228388622578581,-0.0007992530852313218,0.00047445158706782564,0.004797798287796251,0.007097915105184649,-0.005459567857140191,0.006096114468627789,0.009027079711888764,-0.022164245323738285,0.0015464874629387282,0.02033900600608729,0.003673131263132179,0.0037007017481698323,0.008478047188958726,-0.006366024136844617,0.002931504378715255,-0.0020260008648501637,-0.004162588317425109,0.00170525717479042,0.004491375953223908,0.004324580912241194,0.002640558059404441,-0.005278771293033668
2024-05-09,0.010014272912739042,0.018059935296587115,0.007978723404255428,0.01227562265720139,0.004990262633913112,0.021132094322271477,-0.013621497869374055,-0.00437501707494381,0.017903420391397917,0.003414298566535079,0.013813090923608717,0.01926378802251305,0.02541101968983628,0.013026980319913894,-0.011650621732905875,0.002999969352812659,0.0060425704046795925,0.009455835026394244,0.0004772729348938576,-0.0020109712602639496,0.010171439663564819,0.005248893435804813,0.0043358700585423016,-0.002136917469067745,0.005876291929448829,0.009570327500871167,0.007591379856723313,0.007852088346405495,0.0048704274922550805,0.005791110977989566
2024-05-10,-0.006890170831962972,-0.008662217877419942,-0.01065965315282813,0.013214005543286111,-0.015117271686422407,0.00855659341558579,0.005451018411312347,0.005649787465794143,0.002236490248699319,-9.461087342310659e-05,-0.0006728331420516875,-0.0018218973190156085,-0.0029070556334241937,0.01141391749827192,0.005292607616163458,-0.007976011810378991,0.0004002537125009642,0.006430239371451485,0.006043233032296591,0.026310679196782427,0.01643884498818715,-0.001305511219429012,0.005869070599274773,-0.026234102460344855,0.0048783638966465315,-0.0041929405986710355,0.011399605353402897,0.015330559093809093,0.007898030530735456,0.0006618822432395977
2024-05-13,0.017645345277726765,-0.005481054867566226,-0.004853789332504466,-0.015063993649999774,-0.000392090457585037,0.005326928531213415,0.0030723201073232786,0.012900527281475727,-0.007779698212564967,0.0003781114177139333,-0.000841625666418766,-0.0025730158721314345,-0.01578954917949882,0.004336961683905738,0.002452805254384627,0.022110497702256815,0.00873858068496447,-0.00020131667638989548,0.005058508922936911,-0.01338179140023521,0.007075703687804413,-0.005920225975515669,-0.0024594286334472804,0.01957311571328524,-0.0058734867147733905,-0.008787204370985346,-0.0020864583222809374,0.003465375181948893,-0.004808620811532993,-0.0011575117784791145
2024-05-14,0.00617350486228041,0.009596436701258648,0.002679959159411549,0.01206789744921788,0.01300152451069092,0.00420557443667624,-0.002594608678389121,0.005546411869927548,-0.005591600303711086,-0.004535548493050046,0.004885526267683238,0.010825550522494343,-0.001349330351720912,-0.0028950931913777067,-0.0011936739837767885,0.01769912339541113,0.0010581705234664618,0.013989027426334566,-0.007549573797983711,-0.002432399229509663,0.0045166794104167796,-0.004872742418935316,0.006864655799141417,0.0007550671054579183,-0.0006632975424022414,0.004663410980646487,0.0041818269148090614,-0.0012335183663692018,-0.005905723942976282,-0.009104423588447874
2024-05-15,0.012217812857079347,0.024501382949893236,-0.005773249525686364,0.0007038648661832347,-0.020856324011059302,0.005192999069215665,0.03880071391913864,0.014708850311181187,-0.0034228219748936306,-0.024489859549200355,-0.009890995222307852,0.016620430302134448,0.023994458053480106,0.009103782809800176,0.005377762267419817,0.007085390712776585,0.008521404664451948,0.002977589066776476,0.00047544566827451007,0.011859685670444486,0.011590690261960912,0.023861263604778582,0.017483955612296098,-0.012070252698633266,0.0045245483323503866,-0.014890241993431141,0.007141656740260682,0.0,0.013537827385549983,-0.0005011407256181322
2024-05-16,0.0006326515061891858,-0.006534228041014778,-0.012688857146349708,-0.0015721475596116585,0.033730725099806236,-0.025886040587719483,-0.009946504535270462,-0.026776697030112317,-0.002044398838226935,0.005838339238070311,-0.0060956295329412935,-0.0033684305225616384,-0.01703628701635529,0.012942380890999194,0.004219686244658849,0.024304373505552812,0.010545855852948316,0.0017810459014202529,0.003009618938269343,-0.0013143887006702437,0.03575683607257618,-0.006452368836667555,-0.004939982920202035,0.0010908373547258154,0.008107849291893121,0.022719643138151557,0.007187772205638598,-0.005927439310686178,-0.00405727312987747,0.06986460734084465
2024-05-17,0.00015804264707597326,-0.007149365633410287,0.005826891232250109,0.006215787003980955,0.010876640584557729,0.01582445617399575,0.003266853776435541,-0.0035167660275819967,0.009808189731105976,-0.0011608901769429858,0.008347606509528926,0.006888828740258202,0.004318272943624857,-0.00314585587731242,0.00035507624344033317,-0.006244109217857563,0.0023332954487222946,0.011458453174518102,-0.0045799220751254754,-0.0041313890563076106,0.0038146490975519143,0.0023684913105512795,-0.0018528756480520325,0.00446768913404183,-0.0013106779268582391,0.002235259262828304,0.006445683647062772,-0.00472048362670674,0.0009291416735421887,0.00999851060022694
2024-05-20,0.006162122896647526,0.006624668804944278,-0.006280474722663021,-0.0021415377603345442,0.00897541870505636,0.018188539182776964,0.005111896519117032,-0.021590222184374896,-0.009405622338561126,-0.0033898460969464805,0.000844753821818145,-0.010219718289259383,-0.01856437842592018,-0.006554463194617721,0.005265314453873904,0.008482537304108417,-0.013885238821318091,-0.04497288117009146,-0.007298029996281152,-0.016557798159995585,-0.00047516942849190613,-0.0015245476189831297,0.01220826303700262,-0.004447817667379117,-0.0019685018753372585,-0.01870647254495117,-0.014105086403030542,0.0014977660167332374,-0.0055692344026627705,-0.0072699973123312445
2024-05-21,0.00685720286948599,0.0009856354287789415,-0.0021248741632045043,0.0032190723767484553,-0.009806558196609139,-0.010144659142437229,-0.011530177323529678,-0.004031373849080255,-0.007260743977019701,0.0010690666366715007,-0.005570640533516857,0.016135884415660717,-0.004943305449035984,-0.005424391528629946,0.020892127211689537,-0.011214958635893058,-0.00019840077780708398,0.020145229737653425,0.0054339836313130885,-0.007466457695138984,-0.019674914422074363,-0.0017559375712156156,0.008698978262929424,0.01144178593727907,0.00621613556496925,0.0030148093313353552,0.012218870088452682,-0.012462503790042767,-0.009298556748080555,0.015113762426886668
2024-05-22,-0.007538330187903175,-0.017278111101246107,-0.00010914012742568868,-0.012300384762706229,0.008117761716145644,-0.008717054527012547,0.00021144455331323364,0.010438841894983675,-0.015002783334250869,9.70222628311479e-05,-0.0222373272420765,-0.017070158189251394,-0.01654040192263173,-0.003489043218254939,0.0012683253518284143,-0.010081880125445086,0.014943208520570073,-0.006064576324913751,0.0014305808336887438,-0.00037610732744164377,-0.015997685314626864,0.002600254086384979,0.0034495690681999314,-0.0034476016811854082,-0.003207806287713666,0.0013411130635141433,-0.004202055898672619,0.004290743911224304,-0.001341072659101994,0.0015349900008199135
2024-05-23,-0.02105819019212607,-0.00940502320011849,-0.011358061353112014,-0.019284463002175234,-0.07553141592028734,-0.014721585267602255,-0.01849765025529926,-0.017499392666103897,-0.003998249911734808,-0.022908028191148566,-0.011805535416643309,-0.009148413618571105,-0.011191932689417983,-0.01681451757808705,-0.017387260886794764,-0.04264803437705811,-0.02475582302196222,-0.007009246913396883,-0.014444509025499874,-0.029499093604104853,-0.012699596350322806,-7.631053481105265e-05,-0.008176129706745527,-0.011891798562234435,-0.013825001823834948,-0.019857762818890734,-0.00866972353761708,-0.009047682434621729,-0.0048985662468050695,-0.006283777819540259
2024-05-24,0.016588180303970246,-0.002153212652967973,-0.0016570176564539851,0.01155183041128427,0.013413840476946826,-0.005132635920100492,-0.022543778587513108,-0.0038627369811831125,0.00516128750662892,0.010927792131309122,0.014757528986971469,0.006613607936937882,-0.005475863383474389,0.0015047168585462511,0.0012889467431784762,0.02127658488315909,-0.018236460052581838,0.019246538247047695,-0.0014494741380252085,0.0006978086969602337,0.001607701047508625,-0.01220525426416108,0.007400415313059128,0.0038292518892335536,-0.0009668977608576768,0.005135579825810144,-0.016756107491557648,0.007862155299747098,0.000948149274947685,0.008328493407283366
2024-05-28,5.256119801355652e-05,-0.018473883150587067,0.007745471073219212,-0.0039045287286229025,0.003208787215702058,-0.006964734563098318,-0.009034638350497337,-0.003016010573693162,0.008177402932757039,0.0066823809169767046,0.004847711146177991,-0.0029706272007761214,0.011073461982697985,-0.0025540665297835163,-0.007197653435906615,0.011067755520287825,-0.017622536641528463,-0.006028776928468593,-0.002903285844525816,-0.017705499769171462,-0.00993263885845208,-0.026256938439979338,0.00037190111992879693,0.0027246722448825977,-0.013427737250518601,-0.013875198733411143,-0.008835507567645173,-0.009562126617476907,-0.012787384552713554,-0.005200700357508192
2024-05-29,0.0015790171200613656,-0.012725126694030586,-0.0007136405620595809,-0.005521666010292581,-0.019591089208921386,-0.024129045868513943,0.006633886887009721,-0.00432147249354764,-0.013455664329009354,-0.01522842832444049,-0.017918718726853022,-0.00574144290274925,-0.008487978472997315,-0.010593384803381234,-0.015383563363104091,-0.02994209211805776,0.00041551618870316887,-0.006967437771372431,-0.00194102974206245,-0.016447231628651804,-0.011349918190395436,-0.001506868936946626,-0.002672332416810752,-0.003586894312644251,-0.00895088696175661,-0.0014258939015091565,-0.037642996105039295,-0.006605746389075073,-0.007823505540786257,-0.001844853745394115
2024-05-30,0.00525514634025237,0.015622202525725104,-0.014833517662161122,0.0054251736410664275,0.00640842494977889,0.003371675648023098,-0.19737132607222685,0.0008680630870596673,0.008667954865970273,0.008128358733859642,0.006842149680662102,-0.009220596299679973,0.01705481969161471,0.019485488049438393,-0.008500405790606735,0.001991435426145438,0.005815584563504839,0.006158336839003908,0.004375973183222026,0.010827387522329479,0.00656014742251787,-0.010881593827558822,-0.033786173675635967,0.01941742292157067,0.005753074090687926,0.01151988720221131,-0.0063335864644715745,0.03145790150560779,0.009075376776005228,-0.0004619615394957366
2024-05-31,0.0050186282169923935,0.016112968230872937,-0.016060700229647673,0.01171905228790071,0.02813314390941568,-0.0021518423564956812,0.07536363867263396,0.008239316935781282,0.02552750369092327,0.021730668232896155,0.01658149706541545,0.013970517801819238,0.017285558686485514,0.006370853847001756,0.007365891314069062,0.021861553055349203,0.009567701506623116,0.016555330715757544,0.015491428141219066,0.027056083353999894,0.019755560581913523,0.008110487547477563,0.001109379522180154,0.017121545723259413,0.012055593745625037,0.015106560793066715,0.028485506224078305,0.020332322149512194,0.004275618941190995,0.013407192262135048
2024-06-03,0.009258767969442916,0.005133245079485427,0.01076849847083472,-0.012999946114212957,0.039187020381449944,-0.021150926434461703,0.009298700345159228,0.0032259420769717995,-0.029821406194463607,-0.010971106321324586,-0.027069264620520173,-0.003373259093453207,-0.020485606795944578,0.0013354829146396963,-0.009409945053650559,-0.01815237853829399,0.007295324234152023,-0.003997382957117823,0.0,0.009835737296383984,-0.0037947591274172243,0.022940807478264658,-0.003878339726860025,-0.0029573883125458833,0.0006685620899880007,-0.02484940593095497,0.004178571109274776,-0.00413141747107304,-0.0076340182871270645,0.0009124742803743313
2024-06-04,0.0016492260157763283,-0.00016261509205384161,0.00560726713319748,0.0015619438736995672,0.02194282728642083,-0.011437677983383465,-0.007438178036512366,0.016505929647776085,-0.008446440569928049,0.005449116622199046,-0.016408023981930753,0.0007033794872788324,0.0007620888293518036,0.02356022087898002,0.0032068530464044454,-0.008583652639339356,0.00040617436934864415,-0.013179943681315587,0.016049505909423,0.011434115105027232,-0.011527507801580295,0.0022583708669214886,0.006166578208796736,0.0036016826893165987,0.014333363417268874,-0.003327834394561746,0.016183043734460112,0.014153365267974616,0.007544965447009222,0.011850645894721623
2024-06-05,0.007820806534062141,3.256993091937943e-05,0.010817455564965828,-0.010790435288345224,0.0065211060235894625,0.0057393953814515175,0.007110649529690205,-0.0295235761826369,-0.007365766089501236,-0.01771025899672829,0.009791438480848402,0.014012691203620475,0.0060928388905527875,0.00984398651407492,0.009468679730903817,0.024975003392430972,-0.012381613445062167,-0.009540118214266369,-0.00031284158178279675,-0.010391384603615661,0.00456323654515689,0.0057492629226567615,0.019083325718584954,-0.004433106933529052,-0.005748109608312402,-0.005867241569467274,-0.004688619610459299,-0.005053029195497327,0.007635251250427633,0.007357206107548198
2024-06-06,-0.0070963482332228045,-0.005497999875967774,0.020520748266509736,-0.005709526096418727,0.008269644534926401,-0.003521087633711173,0.026339223765111663,0.004563338375619397,0.006129910234473845,-0.0028570376868853886,-0.00017959140001200247,-0.007754306499117125,0.0025434875645546917,-0.003918269006120689,0.004899059465393485,-0.01169591153826488,0.0030827541064544217,-0.0017744230215170909,0.0035983643478638694,0.0028078349552389525,-0.008479528058862207,0.008265744861540636,0.001202774314021715,0.014843212983740806,0.014573844152261373,0.006237711823852798,-0.002385124778921388,-0.0004834729198730514,0.009253093768939902,0.0008945006212579543
2024-06-07,0.012391918770626953,-0.0021918760487764644,-0.003783767287795614,-0.002914220830114278,-0.006164416921265459,0.0019799736162369186,-0.0037485701186372733,-0.008436001898785794,0.00096185707448182,0.0032604455770530727,0.0008978909226615706,-0.0069635562095082815,-0.012292398163673779,0.0015831757882440733,0.010760848533762024,0.010519357715581767,0.004507542697079314,0.015438560316875849,-0.0037411835055704,-0.01729822564742145,0.026878428247491426,0.001149187380695471,-0.0015781714248910284,0.008670841101236393,-0.008369374218314074,0.015449978024112854,-0.022374030778733123,-0.00943637437682221,0.005883897081974121,-0.018913101622773265
2024-06-10,-0.01914775167783922,-0.0009835773000006487,0.014975553234585881,-0.000988475997289462,-0.0006308366931837561,0.002036748800251953,-4.145389921439424e-05,0.0002180429303852982,0.004228689465727298,0.011818046136289562,0.0057420434496180395,-0.0029896498864842025,0.016909638532656146,0.009387884803238933,0.0021764919585123277,0.005530245981584692,0.0003400156378958741,-0.00170026166400572,-0.00500718610552664,-0.00936729069225617,-0.0019830003833416487,0.006275396608553585,0.009484359961694055,-0.005696439425288746,0.0017358117122003858,0.005191013777060327,0.00878343121139058,-0.012945830326905217,-0.013026387816129414,0.016393562058320432
2024-06-11,0.07264911405527563,-0.013192177333260391,0.0009087895389929823,-0.03403030460486001,-0.024300416767525146,-0.006977908715812053,-0.003514543491694444,-0.0017448351658316819,-0.0015948453831374776,-0.018201298423836,0.001784153357230478,-0.0204607232003714,0.009502220219142599,-0.005978899550616812,-0.006221442516830211,0.00032353040350585616,-0.0025149999495197584,-0.026301403421118086,-0.0006289375287168442,0.001851730807419516,0.0065566070025133705,0.0026618407078362605,0.011241702297197342,-0.0013540702873258148,0.0007769386005815893,-0.016854383891858893,0.0024647038080047867,0.00024751856283256046,-0.0013451733115191766,-0.003434997831087472
2024-06-12,0.02857834036551532,0.001263514789898501,-0.0018159287809064173,-0.0021822352674196743,-0.01525607456094169,0.0043385084302847154,-0.021536242905528025,-0.0032773060943969146,-0.014505874877240865,-0.0006938730974628271,0.0017809006670637118,0.009971400556456844,0.02508029374530918,-0.004678376572209375,-0.001889950693791831,-0.005174626013351613,-0.009198373072725419,-0.01456052454844925,-0.01054292873452256,0.0007865220761795744,-0.0010855591858903724,-0.012439350161409068,0.01936780143397887,-0.022843431432126193,-0.013733208029401256,-0.010267068205452201,-0.006347964136068085,-0.016081229557759036,-0.01583738312591787,-0.006294124505425547
2024-06-13,0.005491164315737818,-0.008569139137472814,-0.016373254687715777,-0.008257512158908797,-0.010784481526523781,-0.007209796345406971,-0.028710822416584625,-0.0021919087010563443,-0.008948135144210001,-0.0070438566348652865,-0.003377665917466355,-0.005237348325021651,0.010867780727255472,0.0006235622012915609,0.0007100264301218573,-0.009752930340758192,0.00027504858935434306,0.011120980074917686,0.0017493787748257272,-0.0030650129694640427,0.0032605272348849024,-0.006374825330034195,0.0011789481697301873,0.005337255326357537,0.007446573926642275,-0.0009165094941554486,0.00857890948527773,0.00025150177025601295,0.0032184255978346954,0.005881480085706325
2024-06-14,-0.008168316086218264,0.0004020244373426074,-0.0009247574783878276,0.011836830978988688,-0.018981697474868775,-0.01498325803242928,0.012705791365797081,0.003514968742951652,-0.0017665802708785039,-0.0011987777211029949,-0.018551672383816054,0.0002464218753790437,-0.002989545321037901,-0.0004793581552138271,0.0005323301900099775,-0.00032824704796630133,0.0006185793429860365,0.0006194772106222768,0.0007198956425407133,-0.00047294227139837997,-0.006302858478171025,0.0008502037340754054,0.002241906302433261,-0.008388065555953395,0.0022834591216505107,-0.0058918132475800356,-0.0003618857753890925,-0.0027652856814258664,-0.0019540776395151616,0.004797636558139029
2024-06-17,0.01967140793885047,0.015605068184948667,0.002177904217078641,0.015345614240444672,0.0063180182218876,0.0028929071507424187,-0.00629476913316751,0.00021880665998463833,0.004063537117017013,0.015504554983230445,0.003816732123497202,0.008332140542911093,0.007669201542413795,0.016400580667864206,0.0017135166451602846,0.017405516512421615,0.0028172791806131414,0.006192571316921525,0.001119067466283763,-0.00027614853052471133,-0.003667049674650813,-0.009400903654592896,0.01310519923150788,0.017239407210139834,0.004256982239415397,0.011076105055650265,-0.011696470212267607,-0.005293663685866479,0.0018842612827112415,0.005968411428808995
2024-06-18,-0.010984414798411724,0.008935675894292672,-0.006791263808433312,0.004556011699213158,-0.019059330164904242,0.008498793068509869,0.005770630841776647,0.006128308858016185,0.0009140105088318862,-0.00019696918931111362,0.003802296476127065,0.016104848747604983,0.012503575243026033,0.004340730977834717,0.006194781413759287,-0.011297606402356997,-0.002055560431594383,0.01036008785169984,0.00015976079272905785,-0.010729326984982523,0.0023872399387547816,0.00384309889430412,-0.0045274792407082876,-0.0023158352109852176,0.006328293695338605,0.0018255818934258539,-0.016720307999505968,0.015712138006392262,0.009034817225410885,0.0026697929650250085
2024-06-20,-0.021512916115879244,0.012745657051441261,0.017996874289478493,0.0039247335625896,0.007486127878571391,0.012271606501769838,0.04309562152504176,0.016314976665370517,0.021587434700214514,0.0033496727013944128,-0.02218608276536116,0.0013552490074777435,-0.001215231931939842,0.005965952546900022,0.01975968762078084,-0.0003264252419143965,0.014624069141892626,0.00847725272127442,-0.007185161044771737,0.012002078278680273,0.008832062859007062,0.013126020478771094,-0.0014337474148712337,0.008335132028374881,-0.005280028028843198,0.016593976738773053,0.007213488455301453,0.003992156489885046,0.0116951025764227,0.006065161839571065
2024-06-21,-0.010444515398546073,-0.005582687455580548,0.01601287280926522,0.0007384081201124992,0.0014747277500590794,-0.0039193243022919155,0.013482256326487585,0.012200426519880292,-0.008682238665251307,0.004222410071722527,-0.0040581778811673574,-0.017181557161689898,0.006677229272511909,0.004436375626146072,-0.00839449083344368,0.015349378088191035,0.006563825829589476,-0.011929412996872557,0.009488614265182882,0.02202535886713375,0.007180808494796187,0.008097583585606527,0.009154068138919946,0.016846334782804062,0.003518775720409373,-0.01023715030626815,-0.003983314664694926,0.0,-0.005779786940925069,-0.0014704395883589072
2024-06-24,0.003132827348361733,0.03241813627113066,-0.0185635417434159,0.004731474038426331,0.014386092999796984,0.00658829179518583,-0.02089281935647025,-0.00021152641417077067,0.025952914344868905,-0.0028356789574248698,0.011668715318113199,0.026456162678488937,-0.013827789316791073,0.0037194559853623854,0.01478581469811302,-0.016725622761827208,0.0024873949796391237,0.013143189682279788,0.01911754802332255,0.003816640450029496,0.0058599530611360695,0.01713599807680688,-0.004691193511286329,-0.00010286329889408474,0.0011292238464302162,0.006148610199837368,0.0153132392637092,0.02311115140348341,0.0039239101566839185,0.014578310368766889
2024-06-25,0.0044681965566588655,0.0036459748104329393,0.004149318226444709,-0.0038019514750223804,-0.022333890919512878,-0.007878761789934852,0.007585124860208792,0.0021149506232469584,-0.005335326526283213,0.0021572695610745374,-0.02673013641509603,-0.01019276665704516,-0.03579582259907632,-0.006670149276034598,-0.01377052292959291,0.005560999677705958,-0.0129427414233384,-0.00407283521148849,-0.002032375001339015,-0.011521741214683745,-0.009127103614673282,-0.0003009946538105046,0.007326805497775313,-0.02490489033871468,-0.009498318023949626,-0.011227424173504974,-0.011184112781548405,-0.0021860243373701405,-0.01002520399377771,-0.021480559643527353
2024-06-26,0.019993194300230055,-0.020324937363529694,0.03901472799901873,0.00039030153928454325,0.019417440194001934,-0.0020462339346839498,0.005749499831985361,-0.010975106446229566,-0.015840079820523267,-0.00019558247133222295,0.0007525542190309764,-0.0033233489247948,0.010345229973789172,-0.004756398830378927,-0.004229575049047862,-0.0065061423588606004,-0.0025135410881441667,-0.0032312511562453405,0.003289614103320959,0.0017482677391715828,-0.005879630638351174,-0.010683148718662161,0.0026833173634057683,-0.007282340999101411,0.003595953705468169,-0.014277491659429709,-0.000949496894727786,-0.0014605770827293973,0.000255833090340829,0.01290413329329776
2024-06-27,0.003985873917029981,0.002781047041717555,0.0218997235669518,-0.009883781340137787,0.022464955220369287,0.0022341073271709977,0.039893171631792956,0.012590912445486602,0.0023726461001780663,-9.781036565914558e-05,-0.004511374576719018,-0.02171709561623847,-0.0009655336060852004,0.004451212177031705,-0.005934722771879342,0.0016371873637719414,-0.0069473613440551585,0.008813304671632105,-0.002185781676494969,0.0013187633676461363,0.016954426754288265,-0.012775598830424006,0.0015259253404957818,0.001382165778594402,-0.00495662665715757,0.005881171478393732,0.004958163623434375,-0.00487550286321492,-0.025621310723532686,-0.0060038797020302015
2024-06-28,-0.01625417847579913,-0.003952918980200115,-0.023249966952787915,0.013791604809486158,-0.002739575996103971,0.017223588559433844,0.01680832870032667,0.0012643733364339216,0.0006396729748863184,-0.02818836797573454,0.0016994023605014785,0.014261413577958404,0.00805299420814709,-0.003918436941702685,0.012291477051658894,0.012422324002958396,0.0024692542786348692,0.015514378193717482,-0.004068254461433662,-0.01289847549284151,-0.009498959799474904,-0.04637192809458979,-0.013028562363253005,-0.19980898521112644,-0.010202887133123562,-0.017443844799971964,0.04691232124414135,0.01028894945702663,-0.015454569022947062,-0.0025043525942328726
2024-07-01,0.029104659034273617,-0.004608595423035489,0.02043982896891161,0.009760248166592822,0.025767829146492893,-0.012068438353771027,-0.0034616200280944698,0.00021046278587100176,0.0006393683224485969,-0.012589296115427917,-0.007917010479568387,0.02507066980787176,-0.023384653613152784,-0.012128755730327345,0.012431533398818972,-0.004197560980749415,0.0019155698047013114,0.01577192770519309,-0.005813114645532358,-0.01903146484681484,-0.015461477012453151,0.033117896612954834,0.021881600722047256,0.019371172726935226,-0.013339755788000174,-0.001819743268361318,-0.02868867415798726,0.012124149446385513,0.0029335710440845375,-0.003396835831987577
2024-07-02,0.016239944433025455,-0.0007719125836251894,0.014198798656638534,0.009238299202531053,-0.006855912159718591,-0.004011293004948846,-7.802019422697981e-05,-0.00505046468330328,0.0014694407997293268,-0.0005101796561217675,0.001520024683462573,0.0042056342218479426,-0.0036289974653380686,0.01080826274535629,0.012564183547107977,0.007457839828036272,-0.0027998552844569202,0.01645164005386679,-0.0020542842794994964,-0.008800401513855416,0.010038818326048249,-0.0014073085078761816,0.005583107395781273,-0.010282388332979453,0.007251734117796005,0.0033996870019341596,0.0072575968633752375,-0.015333040290635425,0.01895623497067156,0.00874325214976146
2024-07-03,0.005810967894156471,-0.004472750330292374,-0.012050018310546862,-0.0011017865396939497,-0.005986412583933842,0.008695557539728282,0.018579887955222585,-0.0040186683227056985,-0.00025512566395624603,0.006327280416441594,0.003225180167431674,0.0049613417352472045,-0.003970578208132514,-0.0036111092819736124,-0.00885514803878762,0.005149643740681054,-0.002328315574645079,-0.0006705513603442181,0.002850297370216248,0.008918834923028696,0.0,-0.014641426839565486,0.0032442121824827197,-0.010520778428537159,-0.0004270302243909452,0.00014737510650908447,-0.01675890942380842,0.0004867262906371739,0.00283330534268611,0.0024974760820604125
2024-07-05,0.02162042221536531,0.004848683967036305,0.012196992290986808,0.002638143459214426,0.0028213568409147793,-0.006835850067659077,0.008583910673328532,-0.0008565763909241797,-0.015315088789111475,-0.006287497655656504,-0.012292162264203044,-0.006774761726864864,0.002817431037650975,-0.0010354510395933492,0.0016503942598447008,0.02529621146552774,0.0054225383149513195,-0.013250359744110485,0.006789802921011168,0.004359987716421765,-0.0029522550221349197,0.004767505363611146,0.014736226646471673,0.0025252498793484346,0.008423347576028473,-0.008935190154981343,-0.0038375412369625606,0.0036477341168257293,0.005093248907348302,0.026377685713303567
2024-07-08,0.006538906630196184,0.0018654637655886042,-0.0035500335693359197,-0.0047533299947553065,0.005464451100093193,0.0021620973630873674,-0.022113183238587908,-0.01264747907389363,0.0001297912991844452,-0.0017428517935741406,0.010913393121391834,0.00015064241811435508,0.015003937481734342,-0.002874324991206767,0.009203436320853298,0.0615240645253452,-0.0068269683185882,0.001855402275021012,-0.012547036154422653,-0.01290368617957327,-0.002171351008223077,-0.005298520618433944,-0.0028232230706595196,-0.03155253175993955,0.007929343304219572,0.011690704476339908,0.0027253062249890103,0.006300029039707056,-0.014647219362152963,-0.005140067502623968
2024-07-09,0.0037747923253959037,0.014287581791969428,0.0002509059834530092,0.013816128251164628,-0.013990480499145641,-0.009116767614375076,-0.01766749722871308,-0.005644890676824943,-0.008747728286530143,-0.003286333721539747,-0.023106044530315395,0.01723241396152786,-0.007391073535615855,-0.004866932801590007,-0.006530147923873297,0.017652258138256327,0.010792002745649842,0.01199026796709557,-0.004288475316634899,-0.008190454115326928,-0.013946439511093645,0.0020671263303688736,-0.014370134974386328,-0.008076657886736616,-0.0051647016671168,-0.005337182319100742,0.005660718050394475,-0.005538263267778398,-0.0036035153297940825,0.0031574802729699147
2024-07-10,0.018803656053349105,0.018233187700153586,0.002257434315787954,0.00496321232347241,0.002674035252598239,0.007421991503905545,0.0006338656544013777,0.010262107587940772,0.01405425171872099,-0.0008243721646739033,0.0025203938281030958,0.012816484033738806,0.021032851090409865,0.018471200425235867,0.007706321847735342,0.008094754474355925,0.016185047947531173,0.0008188385038252477,0.002233263977585498,0.018997640793164017,0.019861526446740108,0.009996917848030806,0.014601538528795421,0.0011041880703517304,0.0068815842973120045,0.019937098608648673,0.017922771084345035,0.010951286984347997,-0.009192421767587833,0.007296161770810272
2024-07-11,-0.023220881715390385,0.010631896185713918,-0.023724863074531144,-0.000753388578369707,0.0009797416794004032,0.008067436003608597,-0.005819761105375965,0.010589913773022097,0.0008380275034087781,-0.0038157271302865503,0.013537031341007255,0.0007099371146905842,0.027921532540455374,0.0016784020508970876,0.002642733043424883,-0.03928874180642805,0.0018067389020184343,-0.0016843844316074552,0.004297285021132247,0.01720619784676991,0.015343882469877279,0.013118476328076056,-0.024772061399961354,0.011717523130422514,-0.007553862416931678,0.008494522110472635,0.0068472239681198754,0.005355360652328223,-0.0017109591249236944,-0.008663741223753685
2024-07-12,0.01305093976973315,0.017656526385912308,-0.0028710461411536325,-0.0005025511840136554,-0.008699940577758136,0.013468994665318146,0.011349271553825258,0.01325922084052289,0.0021254062148881037,0.005486687562069825,0.00954025464244368,0.001356397365505746,0.016902643132534534,0.0012100314430789627,0.025349313707106136,0.029552280436057288,0.0012025692795030185,-0.012099278992741214,0.009508815186524577,-0.0035321262512055807,0.007846479260331884,-0.009381889173783131,-0.002529251104269492,0.0004089442674597432,0.00646357949978138,0.012682440609679269,0.014216072155292858,0.003147790278561935,0.012150132384723067,-0.008022981364186332
2024-07-15,0.01674327110909135,-0.00205547789063365,-0.009100746683474936,0.02250342811963435,-0.017552503927897423,0.030334728033472702,-0.0043706186106807765,0.0004221764980552045,0.01574651526626547,-0.002676803480091805,0.006803872973846659,0.025735525644605017,-0.003641040165045739,0.0028357429338770057,0.0002734944768825187,-0.0008699568160381865,-0.004270275362479481,0.024934004235839247,-0.004552635069982047,-0.009334341282967729,-0.01268742468953743,0.00281763820262948,0.0009039857702868304,-0.028738844798276486,-0.012184075707540432,0.00850656441798514,0.007506930442966464,-0.01544785750689126,0.010197988337891095,0.005343911137855262
2024-07-16,0.0017919116172904204,0.009056782686138742,0.0015566783408964557,0.023073770746907085,0.038747152128618456,0.04283188915830327,0.012536626622797531,0.0004219983402735661,-0.0017084545746128832,0.016516879922550798,0.026844456204129452,0.021920677537982325,0.029738232740057713,0.012748043827439881,0.016021332653874065,-0.0034821887903777604,0.011860161887779608,0.01699592403711514,0.013562472990224617,0.022820252811834862,0.005743680494348702,-0.020917762495432424,-0.009780482134432611,0.02103489084898058,0.014400170998575712,0.020571858694672374,0.0650017893417576,0.016180409542087215,0.00297993991387413,0.0054588582695336285
2024-07-17,-0.025295989335669677,0.007594227465450132,-0.02637038381521739,0.0013219364403920242,-0.006503664036654588,-0.007709884330475147,-0.018786902070001554,0.02319694169391373,0.02193076355387391,-0.011780235198697864,0.012979837181329668,-0.0016698647949595635,0.007504359845898589,0.007964452809689382,0.00882618452156625,0.003494356800457954,0.0368850647049801,0.015213979203521966,0.014625895800163047,0.014498421531921046,0.012873890433289015,0.003587299788129217,-0.013347640088984702,0.0035709003454613697,0.014914796628577642,0.013820637431092297,0.04447332119545622,0.013992798041262411,0.012813475555547349,0.014859374495348465
2024-07-18,-0.020534825545064694,-0.014001840511958852,-0.022242286163404512,-0.0030404761095793598,-0.02494049286781208,-0.004946748147319657,-0.015404848526161752,-0.009892784526318033,0.004589689525287044,-0.0053437044864695915,-0.011550179615471778,-0.031801374772723046,-0.015622941207543595,-0.011534346512403704,-0.011896438734792292,0.01189790540629354,-0.007408515891479284,-0.03177012953562963,-0.00030664756193499176,-0.005670638185763854,-0.005925042368659428,-0.013027334750626007,-0.007102294470765491,-0.009442917089323655,-0.00590173935094529,-0.00090578362715521,-0.015594567616809552,0.0009518210744772215,-0.013018068953438044,-0.002956654838448758
2024-07-19,0.0005798085459982616,0.0009668574224981352,-0.0033741230867346816,-0.02736757591955319,-0.0031071274031450047,-0.023593630230444473,0.0011319532067068927,-0.014987650637305006,-0.017410720039697902,-0.010848169493973048,-0.01588459169179457,-0.0026325424591352453,-0.007430144937254579,-0.014058034151350984,-0.010635967936492352,-0.05420131801738126,-0.00469685632396355,-0.0009525449472068681,0.0015338303496970074,-0.008631208030012716,-0.0009613796976971622,0.01223339022465364,-0.007402921967778475,0.004421089044573723,0.0031474363815597872,-0.07760670508954348,0.001754249847198075,-0.010696502890349957,-0.013709767187419897,-0.0009882920027380893
2024-07-22,-0.0015602132672711821,0.014126619297635923,-0.003167158934036185,0.009778112937888661,-0.004285658598030873,0.004765818382977294,0.026046967378136943,-0.010566203445679268,-0.013572004063905019,-0.016816463848827068,0.009647323087065063,0.004351070483693542,-0.00030270754794348154,0.01099670644798123,0.004911270250131494,0.011825383531693712,-0.0029088737376157248,0.0023835202817674705,-0.007964471732615053,0.008784285991428442,0.010103973983293324,-0.0006359568346454569,0.013337591896755763,0.02971118585900623,0.0017265796153651536,0.009534204709798821,-0.012028231474195517,-0.06078814544771394,0.008475750394834503,-0.005229637824000544
2024-07-23,0.004688159793360347,-0.008125825972369771,0.021144894800451786,0.0087843957299103,0.04237005080861356,-0.010636106002020251,0.007792889942552117,-0.00982484243608539,-0.01847248995264228,-0.033889315032050726,-0.006431303518427689,0.010491929327394178,-0.009993157626190019,0.001889645416450314,-0.0002714476481969763,-0.012586103380080704,-0.01225380244713603,0.00023777777311795312,0.002933403293435388,-0.021152831380031878,-0.002286339767334611,-0.010422537155601375,0.004312173072153369,-0.01950314054502389,-0.009687938904577198,0.015139729621199471,-0.006857516055295498,-0.00511639601556102,-0.010907130342259097,0.0038363172762092557
2024-07-24,-0.028754249911960184,0.007112054692756331,-0.029934025650088625,-0.02393681310041873,-0.03437359797393913,-0.023622067919455092,-0.02452553499533683,0.010569354285125065,0.006360067973100847,-0.012535677927264177,-0.013871038815354009,-0.011073801012508988,-0.02588847905812286,-0.017158819233693334,-0.0004346416294185307,-0.03793633071686464,0.025795879683530032,-0.008272699440452835,0.013085040620198995,-0.0026767078713458847,-0.014131554464989482,0.01238148252415594,-0.035854896084095644,-0.03147142087206778,0.008282207128499142,-0.0038363966478163203,0.009104042631969955,0.0200564967773309,-0.04010736562691897,-0.0007078561513575998
2024-07-25,-0.004804431329762382,-0.0039034482890071276,-0.005419431054668911,-0.003361107729531687,0.02376852671300589,0.02458036525297702,0.026983657235374103,0.008324556948016149,0.015928154393841654,-0.006570226271172652,-0.008814711943707532,0.010293834481480246,0.008506832882359205,-0.05242225246536136,0.04325630714124551,-0.018927453581447984,0.02149984746118694,0.00038352679919939625,0.003950739799607916,-0.007538331936168041,0.0013558015247192579,-0.0005559029505981528,-0.024481165329026666,0.004501425436602258,-0.006547315041749879,0.007220917893230316,-0.00012504476737729142,0.007058376752819617,-0.0016917357808794442,-0.00821530297966333
2024-07-26,0.002160939067988421,0.0016453198605328456,0.014734466536293178,0.023773834876318123,0.013778102533430703,0.0179495095599449,0.024130715914066236,0.01354775249407747,0.0019042614293991456,0.008070860431470761,0.00018924212044124644,0.014886816214305654,0.017606006156693832,0.0014323511720832904,-0.0011981795032719456,0.008038599299099003,0.006264083632640194,0.017108321914326874,0.01483280314743074,0.0021474498899036742,0.22990631365119296,-0.004688165025860003,0.016419692715282652,0.016104118045788374,0.013241294213380161,0.022080958230939807,0.017938682579243137,0.003504399903152322,0.022542616470793142,-0.003427506756116583
2024-07-29,0.0012846190236952548,-0.006988072136466461,0.003835599716395466,0.008133627234456542,-0.007812117923031381,-0.016976644954241893,-0.015682616160275553,0.0022973087427136107,-0.007856035608158951,0.024574689870941135,0.0,-0.012644527882260781,0.00600802612948903,-0.00660933639258221,-0.0013037762036484102,-0.01658690905795812,-0.01294822123406869,-0.006549177934037642,-0.003281092238040295,0.03738099894208746,-0.01572827212430472,0.020118210229101985,0.0034331272726482176,0.013643987747138375,0.004848888671644014,0.00037417622354385394,-0.005212942641485974,-0.0014967159049734668,0.008247928266641225,-0.002292937269505302
2024-07-30,0.0025660121820993975,0.0023156742888781334,-0.008133134602594794,0.018516355826726505,0.0077118480885163265,-0.008156076255554812,-0.002552245822674659,0.003125746258393125,0.018965391007246257,0.017907567654338097,0.015701888766006755,0.02628267605080392,0.005585367154993692,0.0061569098641773845,-0.002402199658975035,-0.022705208951190103,0.017469783092634694,0.020583390886801833,0.012718781414067903,0.01920282420604713,0.012703757931923354,-0.09805912436732034,-0.008928307343028519,0.010469006608404996,-0.04843174129403405,0.030336929472230212,0.016903425638800096,0.0002498441105354132,0.005734151088046202,-0.006176292085330326
2024-07-31,0.014990862235767954,-0.002430283847249526,0.029002194810164417,0.0022180512233256344,0.020015013812200833,0.013110085615620104,0.0033728131793466787,0.006439521511321988,0.00564010869336351,-0.0010662413707104301,0.014527822769569765,0.006644516824666491,0.012290585692481981,0.01041250615981859,0.005758052660095103,0.020245623110334288,-0.021570573371828883,-0.011106443735230953,-0.013888923228312366,-0.003903398015187576,0.0063116224826438305,-0.01839497716719929,-0.010805803607261244,0.007265914567746057,-0.005813265513374133,-0.018056362411879356,-0.00029503748910963967,0.011987943561118986,0.009768131479842568,-0.007949266656179121
2024-08-01,-0.016750771009316434,0.009203685129705486,-0.015563100170141508,-0.0172306009819162,-0.06448063038490737,-0.04240327978225522,-0.02217925251351971,-0.021878256350374103,-0.04891861357149219,-0.006830996957385538,-0.021846870089104575,-0.01750383873200667,-0.02602124115263449,-0.0008301799177607982,-0.012907102111567537,-0.054977265092394534,0.018435059843518342,-0.022744392826814508,0.018279788074305525,0.012622524681153546,-0.00846728831609811,0.006099249545984176,-0.0029641888892929513,-0.013491959185341185,0.03066693787470598,-0.020282698080551387,-0.00588368374500059,0.008144216881349031,0.0009785827877437647,0.016754061097566275
2024-08-02,0.006869472356674011,-0.004589759010246275,-0.0878470841762542,-0.06594810923580274,-0.046884643176580254,-0.03212482885175438,-0.03592032689087621,-0.015404015267418192,-0.026667488803901462,-0.037399403645241414,-0.023836296838114168,-0.05894574909131767,-0.008784645960488446,-0.004350524876127415,-0.0028474042546264844,-0.2605851455985698,0.021025190665481475,-0.042412076679658184,0.020159045077623672,0.029544268841487975,-0.009725617680781506,0.012124336717103779,-0.020665999965819082,0.002166596727666059,0.026495393067280215,0.011695268911156242,0.029785019671708213,0.0029376370136695584,0.0024439492242398497,-0.01905722836805135
2024-08-05,-0.0481669935939123,-0.026258285946307303,-0.04097671157906757,-0.027380785818231335,-0.017181513512086632,-0.012684282700831773,-0.02033033672601514,-0.04114881022116157,-0.026186469586614303,-0.019984296495724196,-0.019227172605918108,-0.024689939355379886,-0.015249131870893828,-0.019539318795408156,-0.0307211113950695,-0.06378027431128852,-0.017607073228761316,-0.021291595718668566,-0.017741197872495174,-0.029780738796675865,-0.005030390623304237,-0.02508671703636922,-0.03265684715523076,-0.0349953765361527,-0.01187691641782973,-0.02759522167215811,-0.03368765256044126,-0.028557682044747512,-0.03803712565687967,-0.012708103520705949
2024-08-06,-0.009748279260932802,0.011469308030610303,0.005651399696776416,0.02301698681903619,-0.011914060394585313,0.030429544384587448,-0.0024685468395679866,0.009387521191497772,-0.009885377871049483,0.024948786123667688,0.028817909759256244,0.024399895346233436,0.011142661972419088,-0.004556717328850657,0.01903883401585804,-0.013923395790958693,-0.014139389648276879,0.027911783054710648,-0.0007341147353232547,0.005997362050608412,0.002247046629275662,-0.010328492761314756,0.011286870345508238,0.015121894305469175,0.0001784272740343873,-0.0015818345592089056,-0.0028248412712449378,0.011557975804589837,0.007097175592063909,0.0022193654380993078
2024-08-07,0.01249825233223767,-0.05000756942062967,0.0051874985158653075,-0.010037974074953993,-0.010906373401555314,-0.0019606845470583334,0.0067948390847287765,-0.0008855968456635832,-0.005725128689569758,-0.04457047193424446,-0.005906981703546532,0.005933441341081425,-0.03252259106683042,-0.0044266493929217,0.0,-0.0362852146844066,-0.0004404785743444828,0.00029949034760679005,0.006024889245690446,-0.0025550584916027574,-0.016494472955887685,0.012055669816689374,-0.0029527633543502407,0.0016552051700857717,0.01148196492858844,0.005233175484996799,-0.003993870522774667,0.0004966242422321798,-0.00673743276858918,-0.012252791377070249
2024-08-08,0.016633328452189122,0.0390079919267059,0.018615215947435537,0.020716676379894716,0.034489031086556876,0.031798726796012255,0.03782690977437153,0.015735759290711693,0.014605848019654255,0.0,0.009583981496303684,0.026976082317987204,0.017348133614960792,0.009599978784763818,0.031102652973821643,0.07898894250021771,0.008307343462438777,0.01826352006243881,0.003944002038287264,0.006756645786868409,0.01872493583920254,0.012712216920625075,0.010691898917124076,0.021619435791466524,0.004999399967488216,0.01103317220303679,0.00028268412808740706,0.005958310755258767,0.01290357850174595,0.011209139936475987
2024-08-09,0.01373587000469123,-0.0067758696845388044,0.00687575011257735,0.018455168880672,-0.005684795895279926,0.00624704746380389,0.013688269292492006,-0.00785514753658223,0.0034604540659348704,0.0029083654421973026,-0.00018980873705076728,0.009243111684294592,0.0008613698550519189,-0.007957192675788982,0.002671098447097675,-0.03806738386327191,0.002496443052148356,0.008526888716654968,-0.0007276174169998928,-0.01209492860825001,-0.007671928967974084,0.005530282896379468,0.00826934838773119,0.002021610028290821,-0.0019312587398302439,0.0037793074769463253,-0.01320985679085751,0.005676300727077255,0.0017353955256624864,0.004285967475434749
2024-08-12,0.007129915572734458,-0.007721148812842804,-0.000838620987187122,-0.0033634525886433453,-0.022512052271188576,-0.006592612894384731,-0.004831143541390803,-0.013415433650784792,0.00020686399249303378,-0.0030159573966135333,-0.008355493910542688,-0.009709127490344471,-0.008117401164956184,-0.007264298604935604,-0.010289888583753015,-0.017757406919253427,-0.0046071474527834555,0.0018949638756251552,-0.007425802307795104,0.00578558095130699,-0.006523314963216786,-0.009340896036256985,0.0019456651774651945,0.004035699011255778,-0.02187171273309796,-0.012942405324653294,0.011686296228729187,-0.005398832523918484,0.0005004890496387304,0.011037581163208632
2024-08-13,0.01719303599263089,0.010781236334923339,0.020563504874259175,0.008183865993754535,0.02820928219266916,0.008243313372587213,0.013091374589736082,0.011368570771637332,-0.005999277081713439,-0.004072023211938558,0.010340825147112875,0.013264697222405752,0.012319018166952134,-0.0003048514789756318,0.0079692138709766,0.05733464194259508,-0.00931938191673265,0.008487379637819537,0.004254171648082172,0.003154494964757948,0.016131627147959238,0.008019024859168278,0.017698790801984332,0.05171496901582273,0.0028774658744987747,0.005483289714306894,0.01583271042900658,0.006168319888239848,0.0009233444048564188,-0.008296807270738227
2024-08-14,0.0020337731022948002,-0.0022259817987843045,-0.0007636117446156998,0.019958908967793842,-0.0015406169429889038,-0.003571358601728636,0.0028280234049573583,0.0015429925247865128,0.003607442709614439,0.008177525788405804,0.0,0.013741518216321635,0.015968145940361334,0.004422246686883513,0.0069636215986756955,-0.026868551807997965,0.0005680432176717876,0.011061015147211029,0.0017527734010496232,0.0031075171473409213,0.006541698272934493,-0.007081007998349431,0.0068837958433358715,0.0002546816584716449,0.009026350296442942,0.015221897685594232,0.009455923191428184,0.0029425762707733227,0.003882802597231727,0.00777921669007986
2024-08-15,0.013530460908099284,0.008242247775840816,0.04403286281963403,0.023547767906841655,0.04694364191162825,0.023845346145769053,0.029257533061558316,0.06800168054441813,0.014723101124902715,0.028852896785911852,0.021038668687839435,0.000641589384309027,0.012399352268261943,0.004352274907447606,0.008475468195809466,0.03865464130595164,0.003849071953487382,0.006230887551670339,0.0010207299386773006,0.013719428697825498,0.007846632567551026,-0.0023772159005275295,0.01182384988798657,0.05068772141547262,-0.005213365827028915,0.010929901102765038,-0.00010346695822904817,-0.021026865601538103,0.021674027614905444,0.06583166189184442
2024-08-16,0.005918539574617077,-0.005260924537550893,-0.002984395462729106,0.008857794147005826,0.020293644105986886,-0.006249173356971727,0.0004565109181120519,0.019163481302601815,0.003201688368998701,0.005743814010131132,0.0007425573490225101,0.010500583141434205,0.0055268995428088274,0.005674288591437149,-0.0008765480924423086,0.008699869527769355,0.0018856818197563463,0.011439355596615686,0.007720387200969014,0.013169893313712766,-0.0008650877142468705,0.0031771031355807278,-0.006080366990600217,0.0088486120961484,-0.00017848156688859973,0.0006470026426441677,-0.0033298721213889104,0.014235768466459131,0.002173959962250116,0.006550330594931264
2024-08-19,-0.000707802766927057,0.020314872319348698,0.006551472258579993,0.009296411126853865,-0.0019445863260941776,0.003406296763432959,0.009394679148388096,0.010513614585487385,0.008170930266296894,0.017021195370665154,-0.004822845686394239,0.0008329729173617295,0.0027894565775816726,0.002720384475199067,0.004902424524757976,0.031145164944523795,0.001505746256803553,0.00691677168647753,-0.002890962043381129,0.03253244058719451,0.00023604734180815434,0.006598031777404367,0.007312427202747385,0.0006006146520423084,0.0031567297814170114,0.01098940542048954,0.0019042648072102875,0.0032012739117806,-0.003403350074839828,0.0036759273214013177
2024-08-20,0.00274470388649517,0.001768426916464838,0.003703308593809629,-0.0038181175653722033,-0.041972797326603084,-0.003917076462377822,-0.013339298843631053,0.005202074611688534,-0.014574873880578543,-0.011891593533763123,-0.017334565017872783,-0.01454396682707837,0.011568012521558035,0.005174853537704749,0.006675946871770977,-0.024628284171541504,0.0033202486539349874,-0.004316393318723355,0.005798803389618357,-0.006676949830235479,0.0048788504134522626,0.006292633909343204,0.0077574380358249595,0.003362218295416497,0.011815746811589145,-0.008814628422844195,0.0032309122608451535,0.0026999752545355804,0.00589172878009836,0.01112331141397549
2024-08-21,-0.00048565581114035083,0.001826307705827368,0.006876093995775934,-0.026790007424352336,0.007727986781509211,-0.0009611075502767852,-0.0028642809578485195,0.004179952576285562,0.004354241592688712,0.01092051668999372,0.004362661026313219,-0.001769385640746246,0.008685923623682923,0.006747592350529574,0.006019627347587875,0.020009532199798175,0.007929640978630914,0.0003727780960935956,0.0027386058434692995,0.014284029505340579,0.011981138007534975,0.007729762901100834,-0.0015536270356774073,0.00526578118695098,-0.0014671340739700334,-0.0004609603152518904,-0.004443305914212492,0.004896061689449116,0.0005970377644479719,0.009390870829570686
2024-08-22,-0.008259618169980665,-0.0140363835258569,-0.022097583221652117,0.005927741543496845,-0.0038632197269237167,-0.0017788690743093527,-0.009575186055392093,-0.004558960757154784,0.002821244384204169,-0.008818331005333135,-0.007365467857081365,0.00259841795729443,-0.013766806421128153,-0.006354889307146672,-0.006338479256166041,-0.06118633700507603,0.005699118031801564,0.009459443493685438,-0.0034499583659285404,-0.0017258910268282968,-0.00487483361144303,0.004481653632850469,-0.02025283672186695,-0.007023994220281882,-5.874175167908113e-05,0.004333410123379622,0.0011245030166389114,-0.004385037670191161,-0.0009694783106782845,0.004518938038788001
2024-08-23,0.010288024923237327,0.013157641038098689,0.005166572293719973,0.014288002785303178,0.012734500329844689,0.017671660071629347,0.0209211978022672,0.010354427887824702,0.012969281614401584,0.00711739418000823,0.018455118014015115,0.023445570057518683,0.02799986181288161,0.011691958209044895,0.0007144303991504231,0.02189057341825995,0.01096392349514641,0.007755218294118071,0.006635091462086518,0.001071983278328359,0.015163157584435094,0.0004288385739126266,0.0029840562958103334,0.007673092825198902,-0.005759547494097461,0.01817685799174895,0.010004760542947855,0.00831907753546024,-0.0018660226320033058,0.0015876122124394154
2024-08-26,0.0014988850697843503,-0.006143536728102084,-0.00869856159361615,0.010266670975384251,-0.008459138829072899,0.007892983073917392,0.004848454020070392,0.000985393627371156,0.00596135200461001,0.013471644267826433,0.009340566991486554,-0.003042680079720972,-0.003940556271515794,0.00676596852564737,0.00958691895821362,-0.019961136148285097,0.002924521517353007,0.003939345477135925,0.015045032568018035,-0.0029014388333733487,0.015402427739319435,-0.002830209867216271,-0.007917647244898518,0.002736285672989114,0.006975278717127997,0.004327797407918776,0.004482298123591466,0.006794607495260285,0.002878934384383136,0.004359421060725177
2024-08-27,0.0037416044394293912,0.00045897705464637006,-0.013561281383547064,0.004529576482584341,-0.0024786297346731656,-0.00011385535347341325,-0.0040711951189777995,-0.0015751713902296682,-0.010437910658340432,-0.009588109252004595,-0.004812056055415237,-0.001201125182434315,-0.0024858455709660943,0.011086656231207304,0.0037882328510128183,-0.00298059952527574,-0.00257085223145026,0.004608215131089555,0.009316765295757978,0.003325516508649873,-0.003413016618541209,0.0019782235810634763,0.00084644786165744,0.011983960647687919,-0.006457458293078755,0.0038603167025306195,0.00037480889360441694,-0.0009643105585660505,0.00935837932750272,0.0013152473454929314
2024-08-28,-0.006753589926503989,0.007830411457775632,-0.013401063602498708,0.008077666650907256,-0.013522082037702998,-0.008316292284263227,-0.020060539398697896,-0.01695914259037712,-0.0064646649572880355,-0.015511497650555706,-0.00483555935342439,-0.00774750729621787,-0.0013129877451933947,-0.0053855534404265715,-0.0013585345069987431,-0.022919735499113303,0.005952667006893231,0.0050413930512085425,0.0034964746610901543,-0.008942151604174775,0.0015981640382878304,0.007725442037464614,-0.007829161839548182,-0.02931178373100285,-0.0011224691245996787,0.0033982964108112412,0.0020259770850492576,0.0009652413509924074,-0.005651596538771009,-0.00065675987106939
2024-08-29,0.014570148505651526,0.00461323488937837,0.007728290643119529,0.010696499823284356,0.009079653986346248,0.009879540327651704,-0.007300131052243919,0.010832460468195082,0.009726122827472539,0.0035757102092066617,0.006540912028956347,0.013450446451075848,-0.00912439830340872,0.012243888739899234,0.00221693162449621,0.02651700837482629,0.0018911832718668808,0.004157504526599576,0.004181172518538778,0.0028217138543045195,0.009877700867030326,0.0005110583334531071,0.006137440464959454,0.005677078691229465,0.005737557223539191,0.008600756689829847,0.005148474110495016,-0.005784543351684324,0.019057335699843136,0.004468942705017298
2024-08-30,-0.003437875474024188,0.008519211190190834,0.037067191865004956,-0.004579800364220121,0.008591727815650207,0.012683256929292286,-0.0159915977630386,0.002976871562164085,0.0035950549531704734,0.006346831583581514,0.007900744144684113,0.0062117823049738785,0.00392298188426321,0.001927705824176007,0.016239383151389175,0.09488334994485936,0.009925028271731362,0.011655691279315317,0.0058294231812858754,0.0027791948008408784,0.013392547930862087,0.00842839458444078,0.009730788792573497,0.0007205536654830702,0.008880798102627985,0.007687851449104777,-0.002316000831958376,0.01284836528922284,0.007473014519586485,0.0105993978152088
2024-09-03,-0.02720521927659758,-0.009944956499259638,-0.012605042016806678,-0.016779345654772126,-0.07321285149380063,-0.04453817590438536,-0.01913803836522543,-0.009497542964010841,-0.022237099355777223,-0.013830492561437091,-0.030795226174014312,-0.04466435784378997,-0.010203446901502988,-0.01466977689647675,-0.004205219192308762,-0.08802179915931274,0.00783809839570826,-0.02001782718752576,0.007451314607041848,-0.005122066298185235,-0.028509989851056794,-0.015787345289041466,-0.018458984743654483,-0.019650422611251273,0.017371985841513338,-0.0008769793670510007,0.014368051053004427,0.027525169846741804,0.007851892573291996,-0.0007770465215373168
2024-09-04,-0.00861875979404525,0.0003933485745895027,-0.016567365497562103,-0.010105787478391193,0.013662879703565167,-0.01025740271275799,-0.0015319360490576583,-0.007191319831880816,-0.01790413243043909,0.0013463507227986504,-0.006739752774937546,0.006523560998640043,-0.00019189673369512938,0.0033192962017620786,0.014060106459357957,-0.03333333649643222,0.001196395602202971,-0.004403150315514082,-0.006163575401970989,0.008790822096080397,0.009935072528442168,-0.006690558861972451,-0.001318945484614864,-0.003688937501646783,0.00790738741025443,0.015579086206043202,0.009186921509441337,-0.03377594710420173,0.0070005051056127865,0.0009070925373433347
2024-09-05,0.006927784195030373,-0.018993581130995918,0.026308183871355473,0.0003972031040695434,-0.006555613994708276,-0.009472835580239147,-0.006298495944114024,-0.011468858005086124,-0.008024314190823834,-0.006722702498624722,-0.005234567965038406,-0.005625307595141127,-0.007732956777957933,-0.012455013452288055,-0.007447085369794659,-0.0015440394325426654,-0.014161047425163775,-0.007750792516003746,-0.019156573119124443,-0.0002081176348935898,-0.005675369033225186,0.02409315025655201,-0.001247161023065324,-0.0023451454694441987,-0.002444552221298135,0.0018581303017506379,-0.014383242463098966,-0.004098368980568146,-0.006666624949486555,-0.003624981923062376
2024-09-06,-0.007014950110865503,-0.011715442739092974,-0.03653943460735232,-0.0308925564511231,-0.027937088805496946,-0.012591482993771774,-0.00873552809965017,-0.012823011999859246,-0.0168168344134646,-0.008008923819871061,-0.012278290381153467,-0.01695093009684101,-0.00497450573414604,-0.023893941426599508,-0.009131763677768245,-0.026288672108771616,-0.003697210907334214,-0.023756017751689118,-0.0004215358819403825,0.005347816448294074,-0.021308893492643866,-0.006324295999135088,-0.01638140498052698,-0.0024744587194375223,0.000684021678559299,0.01125729067985004,0.002334187075418992,-0.00387303012444018,0.0026915758450463123,-0.004157851510576349
2024-09-09,0.0004075557004952213,0.016720818678138683,0.023396899008788496,0.02810777680961407,0.0335617859966868,0.014209408461855588,0.007336951616000231,0.004123618315691635,0.012557834121954325,0.004548329569930676,0.012233675078047623,0.018681855525705116,0.015192347175501997,0.015293043243613358,0.013898622193674326,0.009528867707344624,0.013566147699509257,0.020474481465111438,0.009980332350678855,0.006148235236411281,-0.0010886606708798707,-0.020621092286242315,0.010007426910876749,-0.014138642820334613,0.0026765683975178423,0.028320550282040058,-0.004657397118229545,0.03839592636239497,0.02233608172312529,0.009133451247567592
2024-09-10,-0.003621496171023364,0.00923543663300519,0.023660258265018275,-0.021919231498045644,-0.017432915561042206,0.0003592583660974036,0.0016276723983921215,0.0018479752042637188,-0.014754189575488685,0.0006793708846688506,-0.009356861606493294,-0.043883107341629146,0.014636643946267958,-0.0010440297415834632,0.008794803220919079,-0.004719462717784784,0.004621556869249588,-0.05188880533437579,-0.004175463975560678,-6.859614537124692e-05,0.01268864347641463,-0.0006932533985251066,0.020901127909402906,-0.01761221743542185,0.009826095466630047,-0.004999105090062184,0.008298152364181188,0.02153059148024261,-0.000945421197595997,0.019006970696484826
2024-09-11,0.011585218732412583,0.0031921288439262785,0.02768031821904482,0.035693787379353026,0.007871521516731317,0.002513812165000573,0.013852803236366285,0.0065588016809499106,-0.0025317746587535384,-0.0009050375779910969,-0.001771059225207261,0.00864858781134381,-0.0010245067717150613,0.015377001731609719,0.022257926331460398,0.03477343853161896,-0.015294512630831814,0.008124211584666474,-0.006568766070273568,-0.0035704801477118853,0.0010762518035147828,-0.0053758838582856905,0.02134230756444766,0.003969866443276349,-0.02176708951851436,-0.031609742091126214,-0.015491618220412229,0.003436376367420557,-0.004836365810381604,0.00038063614035355187
2024-09-12,0.0004939843212352635,0.0002424716825994988,0.013440254011034547,0.0038162260639886814,0.008925819283844172,0.01367157849146139,0.015226054614855267,0.010181319900519625,0.009646052119797854,0.011096007639169514,-0.009264617354118765,0.006133598159289599,0.010634514880088597,0.003087554389680225,0.0081947238915554,-0.014256557433726447,-0.0010921007883515355,-0.0030400190650931025,0.0021103481721358452,0.007304458146422554,0.0138217721444851,0.0047075963212344085,0.009360835395978429,0.0,-0.0025875081121901067,0.012148598764524898,-0.002255313639434431,0.0013698432499968938,0.004965707857360835,0.010400944433091919
2024-09-13,-0.001212102426340178,0.007241111149925317,-0.0027272433520638684,0.01508915723829718,-0.03686182860790854,0.016873689959046922,0.0047362337839471635,0.0038296747213582005,0.010056615458053475,0.013997846538540637,-0.0021884977075387058,0.01039953531336546,0.01484922320105575,-0.0025407422395067325,0.01502758018652095,0.015495827872037404,0.005344868307324502,-0.01103587404159001,0.009399994675111323,0.014297830141171808,0.008710077921684434,0.005292698752216829,0.008407464291975142,0.007780499827613863,0.003516612286567078,0.01589002971028397,0.010026882537828019,0.012996092998094788,0.006938379301809183,0.01180007979194797
2024-09-16,-0.027775155200086554,0.008452501221503983,-0.008579580976924128,0.008069515424575568,-0.007782108741815175,0.007674337153370514,0.009191947440985615,0.024698975047737992,0.01052543556117258,0.014356679801529326,0.010169416635791295,0.012881319300490413,0.0053158496091680885,0.0025962365238085816,0.011034153903625832,0.06358087536631096,0.008881153552983356,0.01732580986952481,0.009662334196517408,0.0005397075471647028,0.010737429283816935,0.024937152717544375,0.0017418462024489934,0.009998783143809975,0.018152507163016862,0.018626740869377656,-0.005200697680680322,0.012828982145964174,0.010892503530156583,-0.0004962117997844295
2024-09-17,0.0021725978156694747,-0.007337702479612851,0.010763186217390919,0.01650773525558713,0.00540016921511155,0.016467406937992868,-0.0066948424788432215,-0.008230406961235004,0.009289872982781278,0.010996182964634338,0.016778510798535873,0.00047403829215397764,0.0032198737796966803,-0.0021496974690879966,-0.013952845008337489,0.026781418939689328,0.0004791024200794247,0.006687181143853804,-0.004160754446006387,-0.009909420610218267,-0.007726186782789024,0.0027975215400026787,0.008832846995776578,0.010526199837876948,-0.007673246232796749,-0.002972126853513557,-0.01897675534747212,-0.020444305722690514,0.0037180715087956617,-0.0243297072372598
2024-09-18,0.017989831142146695,0.00036048245666364664,-0.0024080275860086653,-0.012132675783711244,-0.008184658765217678,0.004043129653191757,-0.009262670007823437,-0.0007903867788366936,0.0038353772670840502,0.0077536228921444295,0.0025237665940827103,-0.001668824800216795,0.002009295267375366,-0.012730131086261198,0.003782785045743031,-0.03260358071625158,-0.00550670730555991,-0.008219968407662037,-0.0006963931837238313,-0.0058552128410402915,-0.0015720830808756414,0.0029588339460862034,-0.009973522442496052,0.0032242592612778953,-0.01114390389622133,-0.007410656790604819,0.004654156665465425,-0.004537298312430882,-0.010563809802629942,0.005470720845034416
2024-09-19,0.03706554450161237,0.009101454175691304,0.01845197970580159,0.0250591970714813,-0.003352487076363486,0.05122220896192964,0.05371792871862158,0.01720370718180253,0.007154641150362462,-0.0013892160438349066,0.024206076377854435,0.03972518979062323,0.016483794968952026,0.010216090193651661,-0.004885223273060735,0.017814103212812515,-0.00800473834714266,0.014214864468734989,-0.015749034622551172,0.006232132604169438,0.0035992752929341343,-0.011884695564854497,0.01829112817110734,0.000988965957218868,-0.013684491499555973,-0.00905110338658377,-0.006165370091949174,0.001367441771155331,-0.011231437136358768,-0.012527001848555264
2024-09-20,-0.002927467278191598,0.004256486698526407,0.009111555436973395,0.0008929048205210677,-0.008409360777241859,-0.012027738108077557,0.003045241959734657,0.010303358867865153,0.00475883023927981,0.00321027926113171,-0.02231049053437062,-0.010717936658369509,-0.0012295639566988203,-0.0017180262750046138,0.017812974134783444,0.03311261982733171,-0.004004465735253593,0.002898132603015302,0.014443438346093851,0.010141191056438625,0.006948637096470867,-0.000511801451258953,-0.007796029877490174,0.0684117841466263,0.01562317041701311,0.003998598877948734,-0.0035872738861582043,0.00887570645681901,-0.0016477000695762634,0.013070310165402166
2024-09-23,-0.0075809505058561655,-0.005246465341432138,0.011899784481557152,-0.006282783566725292,0.019636048649349647,0.00637182213682852,-0.009707581888631966,0.004233177300168256,0.012767802388196081,-0.008320016502512018,0.00638179277236528,-0.002046399196333315,0.005386448612791472,0.0020653267182053625,0.012861644292366803,0.03296700129689234,-0.005726090881245205,0.0016581323011424232,0.0012562630879149328,0.007512705871743686,0.006455469910173761,-0.013143327050867515,-0.004043326215244836,-0.0036984531102619567,-0.0025830526465907555,0.0034378013739715385,-0.002765185153967953,-0.0015791698966141077,0.013554784886426807,0.01606378137189557
2024-09-24,0.003973879584469708,-0.013974420625376016,0.0004126358007008335,-0.004077671141301531,-0.0031350318848157865,0.03976608462082698,0.02357979705242652,0.006323151481363087,-0.0006100031330985578,0.007744449178052282,0.027094674205277558,0.001226280414236225,0.022196143507305033,0.00736129039311173,0.002131567330181827,0.011081560546019054,-0.002695781403663333,0.0007094198442716415,-0.005576361575777233,0.004046129341250371,0.011648306392781471,-0.0057943242618799795,-0.010011251990948655,0.014617099639288922,-0.0030497308271525414,-0.005723940511148773,0.003104254856761912,0.009037692747001724,-0.054914562695381974,0.0042324091665200125
2024-09-25,-0.004398102328411535,-0.05457508209485573,-0.007372694808574054,-0.00015031500949513887,-0.023040859984229,-0.019900037539013593,0.013496292527847897,0.002475206796832996,-0.023601075223416035,0.002454881778649387,-0.011412728299373787,-0.013814591497318895,-0.009309650348377163,0.007356171777908926,0.0011766081727717648,0.032003571533393727,-0.013392151548672016,-0.006616483535376472,0.0016820010575748778,0.0006659699006716924,-0.004518243484437301,-0.0020007263252938,0.006850329769018115,0.006174324612576942,-0.005657182316394116,-0.006975317217366883,0.0019472250814727143,-0.00246317547012298,-0.011547794086520735,0.009049323872437398
2024-09-26,0.005080272590998636,0.019945077330627115,-0.007115748848874004,0.007438858533475923,0.015503879854328773,0.03360224643306098,0.006093151801360719,0.0037985849495565382,-0.013752954099497505,0.013628619961677746,0.03557912422108944,0.011768533484082466,-0.0005793844646064805,0.0012090091198264652,0.009944346516918667,0.016142699489699153,0.0049188737226193435,-0.0019507623009960007,-0.0006996938714702861,0.010583494896513557,0.0207906314181594,-0.01429453334913533,-0.001851348083665827,0.015795410266035592,0.005515106975796602,-0.0011425045428690161,-0.0026028010557607173,0.0015712770257094721,0.0076402325280215955,-0.01818186128818733
2024-09-27,0.0011866621200995464,0.011187695376558837,-0.016687603998192135,0.010852112286141358,0.011256342816361009,0.0003067943836780884,0.0031910510060759734,0.0032167137705292337,0.024649697605264587,0.008508420442150832,0.006578948870748613,0.0031996851137525706,0.007133873391105716,0.0028981822763289866,-0.011591840020222732,-0.0004180697679740941,6.19781033619482e-05,0.0034321611061827184,0.005462142912642687,0.00013171136938128214,-0.015347209012955942,0.005305657792481044,-0.007628031732840546,0.0005593760906450473,0.0019628752857430154,0.00025418763071405337,0.01224752670753948,0.006051010560023107,0.012808650125839094,-0.0017516633074203813
2024-09-30,0.02287203166555729,-0.001425576107179083,-0.008724793206352333,0.0005165176442176733,-0.027379822399885678,0.00010239279613699637,-0.01059151522697055,0.0037721513801065587,0.012234497491517837,0.0018748084398014786,-0.008169879778643918,-0.006820403103488637,0.014191631450906073,-0.004430952130263899,0.0010867171262889386,-0.018820609193276883,0.004089220937361304,0.0017102108339837052,0.0009751746076260837,0.0027000895684885506,-0.004370016014323186,-0.001143560057643378,0.005326941128725338,-0.011627921261835206,-0.0020166242830306214,-0.008428205163888203,0.004863753090218692,0.00044558968041319424,-0.0007996695683877286,0.012158435867966277
2024-10-01,-0.02914168933022976,-0.0058657059617607255,-0.006440170323887107,-0.009587159213771623,0.0143383848384393,0.00324707298129967,-0.010375929712603593,-0.009019126847341186,0.016500168934551418,-0.022247544844911316,-0.0016474658014370425,-0.009977427974912412,0.009501459521584765,-0.0030962496204984813,-0.007825189364273344,-0.03282176387315694,-0.0004319552597644716,-0.018116329252638952,-0.0020873251467339315,-0.005024428302205619,0.0026335867258264756,0.01039102559643279,-0.022333250148294126,0.008257944182789245,-0.0009239209791986891,0.004271273171981171,-0.0023602459929933373,0.006680024025610631,0.009638320783465604,0.006439439348148168
2024-10-02,0.00251975114252323,-0.0018420946947930172,-0.0019986515757441925,0.008637581389509208,-0.008624055378856688,0.004230388945142716,0.03178657095031845,0.005349546604259681,0.008350020805019565,0.001063211315019963,0.0025668432372145666,0.003712876265102416,0.005402791870368739,-0.010627339947736236,0.0017323473688042323,-0.013221733686558435,-0.005062010311321252,0.0012075701780367432,-0.009761630196988502,0.0025744142810879556,-0.011892537141870552,-0.023182796647128523,-0.008462249964999335,-0.06765405568762073,-0.006472419210975744,-0.00025519304264154385,0.015446559817225536,-0.003539019980614122,-0.002161372256743288,-0.010335776429444943
2024-10-03,-0.004894621978448144,-0.007037058303790422,-0.015154729791167831,-0.008600452120664182,-0.0155013089583933,-0.007511733079383465,0.005116726773700231,-0.003610736363388267,0.0019875169277119298,-0.00552313962199058,-0.0032917666604077578,-0.01197178538502175,0.0007779357690356203,-0.004904824294894805,0.013607640106480856,-0.005806126141598034,-0.004157020801431099,-0.00993782695018397,-0.006900423264596167,-0.0010205227782297266,-0.00479954280396333,-0.01695219946508031,-0.0014144854415965025,-0.01203366627172442,-0.010470068728398618,-0.007487418779304145,0.0007428742524488996,-0.011764691580127495,-0.0005055793257630059,0.0
2024-10-04,0.005007363970533252,0.006866525893864939,0.02500542770436165,0.03016185954877626,0.02976345735035779,0.015341793550805338,0.024349368027574814,0.0061033801945455934,-0.0033717887947926073,0.01623411765562599,0.015412744557742997,0.018638186060995432,-0.007823426443205772,0.004435952660883258,0.014726978722825468,0.014824794263833319,-0.0013084609859759233,0.03549374557200058,-0.0049631213987910705,0.0010215653088969656,0.003635687252968811,-0.0037212464690996594,-0.0011523301814221343,0.0018270406606408773,-0.007288953982176882,0.012473115178972094,-0.002614810616073937,-0.007637032672241362,0.0038647222639611734,0.006341056469071571
2024-10-07,-0.022530811449934074,-0.006913597911751168,-0.03061493551686767,-0.007899601860872796,0.005870991368447598,0.0029212312867450407,-0.011051324445806698,-0.004549728903844641,0.002520785594019026,-0.029006888794087637,-0.013010483983501242,-0.0010905981415084698,-0.0007344893127916308,-0.0022081401540420265,0.004955744749826296,-0.009296192580912077,-0.0047413748770721575,-0.0013729848919790122,-0.016531216721641373,-0.009579799461637228,-0.003104997991855596,-0.010749721019889247,-0.015670801736397566,-0.017264353022363954,-0.010421792681371,-0.04335120297714301,-0.012922925319850287,-0.007695710436462777,-0.014895708656309514,-0.022733003775243343
2024-10-08,0.018404044252212648,0.0007244087838766955,0.010619458719785868,-0.017093330921480243,-0.008081647976583395,-0.02583804937105416,0.02459856814804806,0.004189709017392795,-0.015682875898331283,0.0012988445164534568,-0.025814618522896238,0.003942486466842032,0.014997631324340954,0.01804949160967917,0.006604458056075346,0.042001812748299505,0.0010028139802920055,-0.0008533589469639224,0.002463438901531667,0.003489888367223193,-0.0011865019495512774,-0.0006445980741419666,0.012623914764468447,-0.000742512393169803,0.006223309651617326,0.019338835947098953,-0.00339300460131875,0.0038776488025626943,0.004273354796080486,0.00771168110842102
2024-10-09,0.016698341047237886,0.014889222191216023,0.013408477078997505,0.008583922715516445,-0.034141603541420484,0.021213548300502483,-0.012518537651537764,0.01574051443385338,0.0060504103273348875,0.011782478176385114,0.003946620660071565,0.01733889116957199,0.004563270444281287,0.03236705497538095,0.02484476164398086,0.006003404437415538,0.006011749520264065,0.012669018403586696,0.0056375376727195725,0.006392822838541923,0.002375706776537312,0.016126007999583525,0.0066311073383991115,0.02079986815883239,0.006600807974145084,0.004905816025949639,0.016575569059599893,0.0022723056502855776,0.00716455839946617,0.008656364394745486
2024-10-10,-0.00217829532764513,-0.0043422435890678734,0.007992632403596822,-0.0035002733609731385,-0.01841065869917513,0.0011359407743982697,0.007814744614953462,-0.0003733489792728806,0.006481780366370371,-0.006517052318942396,0.0037438994095932987,-0.002890038414906315,-0.014685100124995687,-0.00046792813557361423,-0.005463159578800392,-0.010230169671106792,-0.0008714928874458128,-0.0027175901975190486,-0.00459964155239323,0.0006912560810630186,-0.011480508661665834,-0.00788963498633799,-0.00388059886517389,-0.004244934854328641,-0.0018904629989365818,0.007473903199727072,0.010960420650115932,-0.011097765547740557,0.0019502196401650629,-0.009825834307310766
2024-10-11,-0.006505336867126399,0.022865427251958392,0.011626110360002828,0.021037576399875135,0.030009611934284086,0.013563890320756444,-0.007133642289679609,0.013261080015650739,0.005311371099394835,0.012259407584725324,0.002983978998579717,0.02497403243120866,0.004732193395683648,0.01118914602090837,0.0010299820022272588,0.014642556530669149,0.005918718894134756,0.044399374710761164,0.00462089601772564,0.003289180681842474,0.009665826555469437,0.003016559457738488,0.0011543440091819068,0.0006090454190530448,0.012666399089611868,0.014494147242896105,0.0005855579458691196,0.0011640689119525316,0.00133327636519609,0.006155034215051369
2024-10-14,0.01647985243227601,-0.011359972527273166,-0.006779016992029097,0.0013034925630175387,-0.013441919758090282,-0.02007359867344416,0.012287398859651688,0.00036867289794439984,0.0023774892669461423,0.008923846621057052,-0.004462652037910408,0.01249295218541957,0.00854583021974542,0.00745411489139669,0.00857414902051179,-0.005093333387304666,0.0008669244466017467,-0.0036437280602126254,0.011067738179675324,0.015735504361429342,0.007495344479518273,-0.0003646188260684191,0.006773572375929682,-0.006695039640286726,0.008299789883197795,0.014963076276993448,0.012289940522184128,0.004418569451964949,0.01022165935803998,0.002371935755736576
2024-10-15,0.011024740336493366,0.0014479323129314992,0.0007998782160802964,0.002856929479433834,0.02255185238251256,-0.015129003273344321,-0.011281092439455853,-0.0035010292795565334,-0.02668331495822429,-0.007897246381931233,-0.018117257788266672,-0.0007077889894422373,0.0003851106299919138,-0.001516677995402782,-0.009776460074894633,-0.03327647904752351,0.015470467602264781,0.004108637410522364,0.0,0.011296075135331263,-0.00022104266284572738,0.016774437226277028,-0.0009543918856846911,0.00637255665761205,0.006144655025688728,0.003165093231918492,-0.08111981888710806,0.012734469804471793,-0.00495220692457643,0.01693864991332039
2024-10-16,-0.008851938335778908,-0.010643202872058555,-0.004262363692000948,0.01575853706337549,0.016737694065047437,0.01451084140600023,0.008704689404660737,0.042529495433442754,0.00676909471546594,0.026852129538937897,0.007038088314816449,0.014318810795966641,0.007291057281614721,0.007778469221068951,0.0030478063717540582,-0.015445736267721055,0.0010966992569145795,0.005620858414867591,0.0032699225853169978,-0.0013402515325360298,0.004567958355567336,-0.009952478800765885,-0.006256775255149782,0.022162667357087606,-0.006856043023671821,0.008593535599199731,0.02705420591544505,0.0038866165932345265,0.029467514179732035,-0.005266270371201975
2024-10-17,0.0015963668536167486,-0.0009328500999954414,0.0034244710350397334,0.014555596797797277,0.002646892693768388,0.0022101584636988747,0.0008595633185741747,0.0003548144836598155,0.016607247913114076,-0.0021706268895385072,0.0026445782919248817,-0.001622909303833464,-0.007190510560125762,0.0026944925722840463,-0.0033808502296514,0.00582703143107155,0.0011567715959888147,0.0034877053365258703,-0.00949395657146801,0.005688276884628252,-0.00491376805322874,-0.006067648685865512,0.0014418295044940077,-0.006433149170650854,-0.0005802205537608351,0.09001843578262214,-0.009293981953298669,-0.0013665695853718463,0.009982052546904097,-0.0040631386077719656
2024-10-18,0.012276591034842577,0.0010270339250360028,0.007785456851548744,-0.031457683121376534,-0.001995992295839133,-0.0015970281704804634,0.006286219469850307,0.00638293063908546,-0.0029762923873116742,0.007665205118012608,0.0005652174458918857,-0.0009451104730970883,-0.0014436907641922625,0.011250278178908113,-0.0029200703895215785,0.014705878603042288,0.003951977159628806,0.004233079816298169,0.0077253216940433855,0.005910476310275081,-0.0039800769221198795,-0.009567210698501083,0.0034556452468357257,-0.005755453230531504,4.088951266889573e-05,0.002379102007482814,0.006324725978634982,0.003192836663966192,0.0007920077731071729,0.0051923559404898345
2024-10-21,0.006297776590833637,-0.015295597340193257,0.0004233124965837831,-0.021857855140164473,0.031096821446572553,-0.005019574060159071,-0.005632521510500421,-0.002995004098619969,0.000862460592259362,-0.006784473516954215,-0.016945925137779705,-0.02024613172012002,-0.02072291931691872,-0.002342118179663677,-0.0019378749443546006,0.003074207001183993,-0.013868722876686945,-0.010516005661059591,-0.014054757558353281,-0.0052754100488745514,-0.0022199895748965526,-0.02171121897047079,0.0014826048083218524,-0.017366121378185273,-0.01015869455070062,-0.021661402294516185,0.003265264286702152,-0.006592414310495287,-0.012972227390491864,-0.006149387235378945
2024-10-22,-0.0026217913067096976,0.009218909258359664,0.003332044214411578,0.006131243903154671,0.0003754070569652601,-0.005173242307509707,-0.01016176263482238,0.00017671412527731079,0.00026500402209617135,0.0012419011199082952,-0.0026815543872967806,0.0009657345838143261,-0.01119581397795888,0.0038375151215208625,0.002157503692052254,-0.019264471590109133,0.0038076861482176927,0.00502242494911842,0.0,-0.0006353489265865653,-0.02306426549759466,0.002821218758699784,0.020846372859553153,-0.000736396460056965,0.0009436524233110699,-0.0018482570359901196,-0.002817419113585684,-0.050343312636615956,-0.007181470969730985,0.014973381567798372
2024-10-23,-0.021622927712221407,-0.014890895062418474,-0.026304640562205495,-0.004295053918276337,-0.017638273943547444,-0.0070275801225905266,-0.013526103136096479,-0.005653713882264877,-0.0029154475329521423,-0.005168556747764064,-0.011138778497979507,-0.002122336806941516,-0.005499437998500056,-0.009039873027418044,0.0021528588910464386,-0.018750003725290343,0.014744494866485436,-0.0031679204562207186,-0.0207341559246631,-0.0512249274220431,-0.028998746004662124,-0.0024381726366003997,-0.0068069640006723775,-0.016826311108232073,-0.0007071417975454963,-0.007213998343142514,-0.009159816752989491,0.03277110403905703,-0.0036168709606057003,0.015240202028111716
2024-10-24,-0.0008233560209521817,0.0025087567431916202,0.009041189476714617,-0.004608561760118812,-0.011842611990730889,0.0034479358229277945,0.008191845390270514,-0.005685860108492813,-0.0001993617423101668,-0.008728036807593376,-0.009710620389916436,0.01411424110790338,0.007606807621536316,-0.05101196632037741,-0.061697148955253134,0.016378554042268956,-0.013203865011143567,0.007027360360769341,-0.010439785946860014,0.010081362648102665,-0.011257840439929723,-0.0047001381612588045,0.0003061561027575266,-0.012617071435819693,0.00023578772073351573,-0.0036136640419762722,-0.006783246748077509,-0.023331623518025646,-0.0019029530823748697,-0.0027620324643107264
2024-10-25,0.0036431348982135514,0.004086449408216897,0.007779788122410869,-0.009741532711478929,-0.0012242425589068517,-0.002816129239024967,0.012902674390448121,-0.003931338175577004,0.0023928179440761976,-0.0038785225554652802,-0.025299075174793906,-0.022688064221303428,-0.009362350529371066,-0.005260760612375459,-0.017033803861017716,0.015219344237493493,-0.017046357596651518,-0.01186763334207841,-0.005646382368837077,-0.02974335842053255,-0.013600075978906556,-0.017944717644609032,0.008052197129134742,-0.002403892938240504,-0.008253600541058725,-0.023087218780181162,0.006686959488685362,-0.011466962151830629,-0.005260820332227412,-0.006382521829585652
2024-10-28,0.008599404329156846,0.0005993249602862516,0.002981406341556969,0.015410593982595033,-0.0278691195311227,0.012021657196610969,0.01139563526047871,-0.008252668142731845,-0.0017903295254428908,0.012311926934623019,0.008249472565087679,0.02142023406522897,0.009977210014918692,-0.009134591944960135,-0.008198555584976619,0.010582000347830522,0.004475189489561604,0.014349283380709954,-0.00373564482565647,0.014285234192783047,0.04440874320623189,0.002404234842227515,-0.0036435552269642457,0.0007609585748882264,0.006420175051528476,0.007465120776694922,0.0012044998834641607,0.005799989334090316,0.00873177496505706,0.0029088185356043184
2024-10-29,0.0011568983474439243,-0.003688933459996435,0.012951868195294036,-0.0038311318351431645,0.015196716763099527,-0.007936300370478877,0.01742881075709013,0.007235930489009279,-0.013418233300412474,-0.0007275985189657552,-0.012572488430236839,0.0013368875283521486,-0.01940984560484893,-0.0005822197446380128,-0.011648202326809853,-0.0008726203183724301,-0.00934398193807462,-0.011529931511185088,-0.01664926056307936,-0.006031299114264144,-0.007828695038553546,-0.004797013279502216,0.01256475467959528,-0.00646298098383713,-0.012581235567890814,-0.014661029033956496,-0.005502358121748041,-0.006967711482865457,-0.00812851326947095,-0.012688972364046758
2024-10-30,-0.015278010808311926,-0.0014555661811697096,0.009956473710913016,0.013496997739373517,0.008563195157404113,-0.021341478316730167,-0.0083309549320566,-0.001616420080999048,-0.0031647690034648512,-0.01092273054723103,-0.002829253896032502,0.0002289139647009275,-0.006454410320052673,-0.00864169422145622,-0.026279485165810468,-0.026200890456968273,0.003248042109486704,0.006774425682849472,0.005491254486590824,-0.011796486486054691,-0.013228057785722891,0.010604313559359202,0.0013427780165224945,-0.024872652515655957,-0.006041663816395038,0.005710369073604005,0.0014767315663182234,-0.0012098972505674155,0.02937427587076291,-0.003794360369938299
2024-10-31,-0.018209469011913004,0.014641504495821245,-0.03284388507953562,-0.014594207006577431,-0.03227685491115162,-0.008015971846214942,-0.01697027382641303,-0.01475087329849123,0.005201156146568797,0.011779523411470816,0.0008106638554423728,-0.012604872012371815,0.003133578830919914,0.007247931322824197,0.008882445553318297,-0.034977524931955495,-0.004669551113725134,-0.01109588595857014,-0.009253758938132961,0.002023714031468282,0.007133896035010467,-0.02394354629197515,-0.06052751282631441,0.008894595958050866,-0.005898025444893595,-0.016594040691094714,0.0027353351122842984,0.02059115915117582,-0.001068450332076032,0.006880484213697136
2024-11-01,-0.01327964545952176,-0.002936006778788691,0.06185621865256041,0.00966375290828303,0.035362660676655944,0.009117427895369179,0.011497354846369934,0.013328514165380057,0.028557943091118254,-0.004054062325731578,-0.008302932406614727,0.0030128186066706863,-0.002946031689245565,0.017065307653871375,0.0074012935092151455,0.07806692701856766,0.001689028050776642,0.004596249197717617,-0.004593511633765757,0.010612559566785862,-0.009729999287077074,-0.00430025632619091,0.009892832199599688,0.012057733358596057,-0.0004843280440165465,-0.0012197665499539267,0.0054208269452376,-0.01827683823862436,0.00307045896998015,0.002928601652526286
2024-11-04,-0.00403748280858518,-0.007236557150821499,-0.01086239567545566,-0.009167774952472452,0.00310505852706644,-0.008192179142717415,0.011163304451642375,0.005945883338966063,0.005879653606213786,-0.00020863908123758268,-0.020829011445507195,-0.015172741260650158,0.007590593923488154,-0.007887627141219156,-0.009267660573654912,-0.029310357017834243,-0.011802963332983918,-0.014174217555318558,0.0015383176089920347,-0.00799431273366591,-0.010768572741184923,-9.806084675545446e-05,-0.0046543769496607545,-0.011145215678207365,-0.00012114068283408663,-0.01152091407577649,-0.017249381410571973,-0.007253316580560942,0.0038180110692560554,0.0031634031421579056
2024-11-05,0.006486146430856987,0.007510206863442281,0.0190009257528736,0.021281233362773433,-0.026246257380443838,0.01819296937553383,-0.0017449543370937626,0.005910809239842552,-0.003637066441933956,0.008769118725204805,-0.0010429001484347777,0.030285334654618357,0.011426581953485115,0.005974767702659367,0.006058529437875437,0.03552394408521198,0.000695130171865177,0.007780536331496002,0.00399325159563535,0.015263945676316837,0.0053236743455999935,-0.0021595084758494476,0.007344720880998468,0.010234536071205946,0.004119282229021692,0.008360466571986747,0.016602093714612964,0.0048708070311200835,0.004934122370877203,0.014918228189588323
2024-11-06,-0.0032669132617464403,0.007829860010960754,0.038045094425516846,0.06965274960572199,-0.025430439323778975,0.08740898938233421,0.031631232447594915,0.030448857487483272,0.028094709157976627,0.023388175152246893,0.009394682943363541,0.1309775243398228,-0.02929353276996771,0.0364978103829976,0.029050406882484392,0.07418523005471123,-0.0029680930745296097,0.11544540008542259,-0.02554690487861777,-0.011166584527312673,0.05848879506870852,-0.00905072251133976,0.021192829005123315,-0.034111470869159555,-0.02841465701869439,0.03720783206286504,0.052307449418414365,-0.002423699169349147,0.04810931981583355,-0.0028681477665744026
2024-11-07,0.021372158348508474,0.0003728162929701462,0.01429333510169939,-0.028255837069209866,0.025958086235174926,-0.020797286158912853,0.012642530450000189,0.0036287785387321136,-0.006023424896018481,0.0004045167669965988,0.011375444277914148,-0.023171950057513713,0.028503816215418087,0.005083141596149643,0.0004214426411468519,0.047105802040505296,-0.007284032590488376,-0.04322842266034044,-0.0006279688596025901,0.0022449442803291753,-0.00634694072858577,0.004368055146815042,0.012494637227304928,0.007966118596790306,0.014653780071168576,-0.006576032993793279,0.01468098302479448,-0.014334245285367198,-0.005204918628069155,0.004913680314360125
2024-11-08,-0.0011882199008856897,0.01046880975714104,-0.008902691496347037,0.002719519762407696,0.004636355597104513,-0.03635384874243108,0.03594201338286673,-0.0003444290281127138,0.001020601856734027,0.0009096576429254988,-0.04928429729962236,0.012178560109264991,0.01617262046594936,0.009149501605771881,0.00014034787224570522,-0.001143682036614968,-0.008039205234889657,0.0025383160980252395,0.004084207042804877,0.014627157656891043,0.009543696104191701,0.01729756273697891,-0.006793107665376663,-0.0005270221347228876,0.02631432127956468,0.018273350644521402,0.01711127544564217,-0.002218510277199215,0.006769070895351392,0.01168768374639284
2024-11-11,-0.012028568491752822,-0.010667842608309441,-0.006436720074140534,0.018671774998355373,-0.01793239776671196,0.008058538028540063,0.06143798890621799,0.009817475093470085,-0.002739968190098807,0.018582168995602943,-0.004732295596994063,0.022197506751671314,0.005888286321369618,0.026197128628798305,-0.0007019361597588869,-0.043893186732483325,-0.0027660286250519306,0.009747714602292401,-0.008760933911097668,0.008562636564453774,-0.009974693004928814,-0.02127855383768973,-0.01072090031708961,0.009488814785087563,-0.010017360691478294,0.005722175945983787,0.015329416646022942,-0.0009879350190634684,0.009906854563174194,-0.007308989085610618
2024-11-12,0.0,-0.07137740912783663,0.010007771034946433,-0.015223377397663218,-0.025443128182734198,-0.00890190241821065,-0.0016972778402699618,0.0013643893964923048,-0.007731822765210339,0.0012888666899479873,-0.02658302233314147,-0.016186932059005676,-0.012760693447709137,0.0384920409689582,-0.004907918539485023,-0.035528918832528955,-0.015479781829744743,0.0011283317428760764,-0.0025252296573153865,-0.009551352140963698,-0.01992475013564221,-0.021344215499592978,0.012009311499793673,0.0007835154175894754,-0.0011443901984869997,-0.001432003463136211,-0.016921325090632933,-0.0009891171470427507,-0.0015467688100576638,0.009262562756949588
2024-11-13,0.003969109521966496,0.008700366712745877,0.024843245179395845,-0.0030154060988332176,-0.0358200524476866,-0.015114058212091774,0.0016707772805659715,0.008005519273231343,0.022087882481023557,0.017130495144546565,-0.0011100962252936775,0.002750553950074064,0.01763921726660822,-0.003591061230483028,0.00028461419743797123,0.03145696331464354,0.0039309230955206775,0.006678925159750104,-0.0031645595378039237,-0.004352969790206607,0.00843876240757302,-0.0008114761589114172,0.005129670078727999,-0.0018265665769746642,0.004462110061133284,-0.005116441230341051,-0.014316500104686325,0.018316733328507695,-0.0011940612365546333,0.00600083834440146
2024-11-14,0.013770509751523718,-0.018279063773568693,-0.012237320417028852,0.0022943236689145774,-0.013074243159926557,0.0007490979218107707,-0.029468491044146727,-0.021291049177381116,0.019405108765106815,0.062305292425489656,-0.008890917007337795,-0.009440851455658095,-0.010897434325024768,-0.010297234167924052,-0.009150481335355787,0.004414149679566215,-0.008940313463889682,0.0029440799401332374,-0.007142878677713904,0.004069397947814801,0.006618633763700199,-0.0014214188524241944,0.0039746301191665445,-0.010977402813327486,0.0030015152922560073,-0.0005845086402195276,-0.020994562725527688,-0.006563015169618436,-0.003974568008292767,-0.012046736222721455
2024-11-15,-0.014109272936257633,-0.041631510779892356,-0.041942478231440816,-0.004959995127398531,0.014840039531022642,-0.00849346829554598,-0.019267361260821403,-0.00794191847239789,-0.002348674665046402,0.05461878095194539,-0.012334665802557487,0.008375617083294262,0.006063335455272156,-0.002396124400131039,-0.019139639353203508,-0.027167410568174177,0.014025210892752327,0.014222516679888608,-0.012949641653133948,-0.019862128619623554,-0.013903891691140036,-0.020841834694118933,-0.027852687514071106,0.012949463316007215,0.01472363320468495,0.016762881067975632,-0.0015511691609451095,0.019084908095285735,0.004509397278029903,-0.0026044477303269753
2024-11-18,0.013422249114376728,-0.00924060274412608,-0.004491405455644082,-0.004636203858477739,0.02625003646261681,0.0010154383823743895,-0.009254204578609926,-0.0026104406809739356,0.006070510810593177,-0.013382043704007085,0.004087241650974738,-0.009350750583486,0.0055367121181624235,-0.0006113967297969314,0.015122565451982428,0.020123193570504183,0.005000087495097727,-0.0011414774891578272,0.0019436490469446621,-0.005228299812686021,0.0029279612059962545,0.002595870998360228,0.001831404629379474,-0.02308910790533425,0.007136888957610665,0.007169744495010288,-0.004356296643279189,0.014405827106570568,0.008138483553946418,-0.002017787166793017
2024-11-19,0.001140274923019824,0.004268716030174424,0.014427385751800914,3.486230148785907e-05,0.01202482133205729,-0.005540236231143636,0.0036618808915815926,-0.0052348204108572105,-0.007215650551683939,-0.009864339233803254,-0.012890089356240586,-0.01124167923175634,-0.008868489955801584,-0.00284032811963153,0.010380322468126923,-0.02576487060052457,-0.011436481432451129,-0.007917390087883724,0.011800853544027046,-0.0012710440790143496,-0.015210903378868434,-0.00020700968681375276,0.0048826222066993274,-0.0130859591764102,5.847373573186765e-05,-0.013019184887980706,-0.02145347323772262,-0.007573945720972031,-0.0009931355792027752,0.029971316336137033
2024-11-20,0.0031539897402841355,0.028290731754976317,-0.00845508881471324,0.0075644226376201384,0.0032966738146824603,-0.002170875428053498,0.0070185503774977676,0.0085949249822741,0.010839667852289292,0.016367180839560014,0.0064147479755494174,0.0009460849973612628,-0.016715797206322436,-0.006704570670785448,0.020689555563927042,-0.007851261490395833,0.0007190408864883313,-0.00950264425576608,0.0063907392223725434,0.000619094744945814,-0.0027303145382988614,0.009322489345265916,-0.005505227333756801,-0.007441449437232239,0.0007613149299936506,-0.008022437141048333,0.04072787362471586,0.006916395437412737,-0.014301690028603598,0.006697592758441839
2024-11-21,-0.002096026598888745,0.007051895461667401,-0.022180598835253806,0.01838665968948683,-0.01827764331515569,0.021205857755910662,0.03094871597078752,0.001043641582528343,0.0018594667133784437,0.004025936439963074,0.02003179677371203,0.024367056681545707,0.026124919318888384,-0.0025587811735595656,0.03634663326184673,0.017909217037762826,0.015609680240148638,0.01652966593342331,0.012224138650214877,-0.00838743685852128,-0.004067616500774807,0.02483571387332817,-0.004316774514979138,0.023718631780756283,0.010884373331679242,0.014075105780209318,-0.005012422331028388,0.006631812480245802,0.008165559651488907,0.013879228706436653
2024-11-22,0.005907561799837424,0.01597101124447975,-0.006351495788949668,0.02832760371087928,0.041001251473902656,0.02027765450613117,0.018583542692858,0.0171993994005899,0.004516511860412242,0.008106642900526317,0.014505695485802272,0.011189346155756175,0.023267153495814652,0.013357502896074402,0.0025629741000610107,0.0024549699112637047,-0.0021221362450819514,0.015484541645353067,0.0025094497679960526,0.006274410119301077,0.00863961544562275,-0.0068094148534676435,0.01000316086808084,0.03062597903443698,0.020433937670080393,0.006364911734317857,-0.011079603033951502,0.015294103982807172,6.446374544077926e-05,0.02319261430328101
2024-11-25,0.013050801787272137,-0.0017995244205735172,0.021966324768223133,0.012977157588272226,0.02552088544930431,0.020528798937852644,-0.008508325443515652,0.0032451044592116673,-0.012318393284859952,0.00302642342192061,0.009018891065337709,0.000414714666133964,0.02064301658842438,0.0065034192989841255,0.014172329312932774,0.015102075070750898,0.003931190427105324,0.007000522869774928,0.007196507958106224,0.020359629460869666,0.014795197272020832,0.019963759598147002,0.00429255077116264,0.024030929067549778,0.006296993692179509,-0.004762477727243808,0.025318530873065903,0.01923525043999419,0.010551142387565271,-0.010393399478191845
2024-11-26,0.009404478677360828,-0.0475849439459024,0.03181932866326265,0.0011795269372754102,-0.01528420315736323,0.005374222196366629,0.012002030233871475,0.01447044473128356,0.01353218990307914,-0.00474147765678512,-0.028995033755426003,0.004096022797567711,0.001982808859411822,-0.000867325834300714,0.011940071419889176,-0.0329715148573404,-0.00012943773246254509,-0.001278419634944683,0.002640540024578142,0.0004726536052619412,0.02018117383326712,0.004547162673352423,0.02196804811714448,-0.02081756616319652,0.010823518365036477,0.00976165946183949,0.0015845040867998872,0.008867621378155555,-0.004374286633092694,0.020223159600877505
2024-11-27,-0.0005531597399869304,0.0002142666958657724,-0.010199148999145757,-0.004319803015849333,0.010878213381561697,-0.010126814351406277,-0.0383762897244726,-0.005034331317981144,-0.0025841704676252686,0.018622863491928765,0.00224520974695408,-0.00011566876600133114,-0.00018725910430261727,-0.0032986992173936747,-0.008346805061151374,-0.01663200129810738,0.0056949797813867775,-0.0007200824225125357,-0.0018589765949176273,-0.004218264075184219,-0.0035352622294089198,0.014760892852627716,-0.011682570758886235,0.009405931933174738,0.00027893921816790623,0.010956569750128597,0.0026204192194838605,0.00022549381462622087,0.009235970698006968,0.006242548718341512
2024-11-29,0.010215924772482232,0.00999749550687623,0.010450052683389277,0.0014131921712730033,0.01994756342960713,0.005969665487829623,-6.066318559994066e-05,-0.0013492678090577526,-0.0011102725274374503,-0.0011054004391821692,0.006144749838627561,0.0051863645587946205,0.004541334646003481,0.014326832099953224,0.0021593632720340317,0.01691330338191066,-0.0025096629613718946,-0.0002802825809858911,0.002111173441481151,0.003151626887239134,0.007925761788716956,-0.01435233756419374,0.0011111968729209387,0.005488922671190277,-0.0005575469832267421,-0.0023249604700658066,0.0029916550037318856,-0.0009013980455626625,0.0012074969898030474,0.006747999679390881
2024-12-02,0.009522507995701979,-0.016862755495113846,0.01356490130596999,-0.007942604792451569,0.007076626527596774,-0.008864468449963914,0.0030911212597386495,0.003715549510252103,0.001729032181729817,-0.002638998743654253,0.0038452985348267354,-0.006374016851404707,-0.005056822377018433,-0.012793459089694648,-8.796703232405445e-05,-0.0049895607356131855,-0.0013546711196757988,-0.013895584176950027,-0.006710388912916643,-0.0061172420446719,-0.004792834069790808,-0.010133772644835393,0.017758399375882306,0.009187108535317456,0.0024543992867864795,-0.009509878294911234,-0.002753203746233668,-0.011051059321796064,0.004982867764621535,0.0015136039505088128
2024-12-03,0.012771867115465074,0.0007908892280321655,0.012956175029913197,-0.0004964622208512015,-0.0098376986852039,-0.008074423429867972,0.0012687775736386353,0.0008414133997549644,-0.001787664230947117,-0.006060144744333251,-0.011491706562074433,0.0006148273375419233,0.005597823638372912,-0.013002849546409956,0.007080316973513634,-0.06101132357718808,-0.015762239461533212,-0.0058070041903103276,-0.002042351664191755,0.007044018548401754,-0.013093699251693347,0.012324771969987047,0.0005105237294382725,-0.0029080171487511075,-0.02381742563039635,-0.011081021760895982,-0.005406786704229782,-0.00045586276024101036,-0.01149531050266872,0.009391127055238702
2024-12-04,0.0014836351011882076,-0.00021556777483677791,0.02211394849472459,0.0016221318877545077,0.0211612824470766,0.0006262910496530605,0.1099477887436684,0.002353659379467521,-0.022233279139974305,0.004637192699322501,-0.023250508767548972,-0.005597283760563676,-0.0033306580153141807,0.012469089315060078,0.019607037633665225,-0.022696940118673292,-0.01240481750827327,-0.005800261038598653,-0.020623467157192876,0.0020034529420791536,-0.005337385597392386,-0.004712772598556625,0.014424828466143236,-0.006213426804396516,-0.0017671263251199942,0.004566346481197803,0.009186705763092329,-0.029888291552092938,-0.009935709365011647,0.0100523407897819
2024-12-05,0.00012343733038799876,-0.014123526357540328,0.010955259211262725,-0.006840906125829105,-0.010171851293709677,-0.011338931216546277,-0.017642087417962582,0.00670912960133796,0.006379496703605714,-0.004188356432695439,-0.015402553049639667,-0.0031901329428375425,-0.003224837837122685,-0.015231345543270991,0.005396406538678011,-0.052823310372190124,-0.006313654135369773,0.008545628440653985,0.011412931356004297,0.01484298207069612,0.022077517953394743,0.021505437286592155,0.011887899273130609,0.0026794609632370125,0.005253836024505132,0.005653775409925732,-0.05209661574375091,0.000705524150690584,-0.002646187162848368,0.008999559143217706
2024-12-06,-0.0008228980592773771,-0.006379147117587136,0.029381072944344444,0.011513064670812367,-0.017489024862369473,0.00012648971313966584,0.0016879567401093531,-0.00216593393930975,-0.025670078247402528,0.001974297159588634,-0.004740346479378599,0.004825716114063905,0.01132363204219966,0.0003978400545543437,0.014014853149167728,0.0057692713286059405,-0.0014045163921072579,0.007658479458484191,-0.006198390953708444,-0.0016361875890634758,-0.0016500699626865734,-0.004442365874233634,0.0021463353106123684,0.003945051886375728,-0.012554614108092,-0.008015012006221456,-0.050693305922051346,-0.00423025791090792,0.006244415927799896,0.00419719833608978
2024-12-09,0.01610113369169741,0.01852680764780068,-0.004140432746599476,-0.023915254723364976,0.020203993752549998,0.010708055511035264,-0.02878538196474445,-0.01569537876355953,0.011852729336608192,-0.0181616486424363,0.017623142456069996,-0.00927159704772862,-0.005076897040438122,-0.005698425627138071,-0.03377581684445552,-0.00525815535135743,0.0019422731684350936,-0.014351690936070916,0.0011195124967426917,0.007993691032962769,-0.01217038515862634,0.00679019269041059,0.005523317586221488,-0.015844894243150387,-0.017432018431200902,-0.03534367070057942,0.023926088999586703,-0.00023603991786480538,-0.00871344683655062,-0.01954014755274458
2024-12-10,0.004133691965561459,-0.006771621388026894,-0.004644181824783544,0.01816518399295841,0.04495678247081436,-0.027225267783558826,-0.007821924901683652,-0.003901576486755265,-0.0005094364669097073,0.0010470987576578494,-0.012871522723849171,-0.015299944514219566,-0.01535483458140674,0.017726165187710086,0.007478273072425212,-0.031234965651684043,-0.00247335589477371,-0.0038962988242668972,0.004952090767753603,-0.0021900055169817856,-0.013080764297591974,-0.02688117770929299,-0.006031089127159439,-0.011592038064705545,0.008724215240838662,-0.012835352482306162,0.008151657985322913,-0.0014164759508039637,0.01323390549896275,0.007673416371649644
2024-12-11,-0.0051659955044141,-0.008485954237326343,0.02319588240507109,0.0007613336641996149,0.011334555400188462,0.0012358322600347638,0.01728678761702307,-0.00221395222697629,-0.005031774651668708,-0.0010460034887042058,-0.01612134882441063,0.012871018666346545,-0.002863234796577796,-8.730808379697752e-05,-0.00690498122202865,-0.001984077801659545,-0.017355576825944796,0.002758739898101048,-0.004291938195390865,-0.015330348621414136,0.0,-0.012376333252036353,0.012767100310741686,0.027495520015515584,-0.009577405935505046,-0.010135222928879362,-0.05601654172626547,-0.007328562359119828,0.00451363106546232,0.004336303206808667
2024-12-12,0.005963657773114139,0.00237729424107469,-0.0056023335225716675,-0.0067472991426685835,0.010785690610503273,-0.020803875682030792,0.008961498953864888,0.00443759508532815,-0.009602475758217821,0.002530370359553835,-0.005301265522657861,-0.0016032654736034546,-0.01651718401601432,-0.005980873165738254,0.00929958701605793,0.03280317196235538,-0.0027276835591085735,-0.008212573768649034,0.019157099652804987,0.0017900210020553864,-0.0001542467484335619,0.015037695633795645,0.0012695168270036028,-0.011287292222397438,0.0012893606026753712,-0.005139900175231027,-0.033306572922003674,0.0021433867130176143,0.0014021883972730187,-0.009161690037982062
2024-12-13,0.0006856588565309352,-0.012552059271741633,-0.006594726378065796,0.00612737906919425,0.011326342154899471,-0.0007090383759783547,-0.010390078667480762,-0.00390834004710916,-0.005429581082617929,-0.013577050048986017,-0.010174264863404114,-0.010361426656355532,0.006177340528330744,-0.0003074074292042095,-0.0061999537134821425,-0.021174230968162955,0.0025982525402106216,-0.006582975442947725,-0.01127809141865277,-0.00010127994904418625,0.0013103110956886876,0.0074074173317173475,-0.005093990348286392,-0.009107118013421456,0.0012291684611658305,0.009922900591042394,0.009151506612254057,0.004752839529587716,0.0016230325474069218,0.003919800023497233
2024-12-16,0.011727654278264943,-0.015224270618198643,0.024048121869595374,0.004732793372308919,0.020748625989392977,-0.0041786647449612024,0.00824122937284133,-0.0046059191617967565,-0.029310375241121234,-0.006469339374190697,-0.018355545414610486,0.0014518138844381578,-0.015036789159175501,0.03681571002863371,-0.006455301596993701,0.0240904507100419,-0.01889228377917318,-0.0015004320077810496,-0.009030481741212237,0.0037425784127824713,-0.0034637029479528403,-0.011167113353808489,0.009658653393103567,-0.0006473319542319445,0.0004675875864579293,-0.00012183218991568268,-0.04223014590838392,-0.03311249831619312,0.0036539619253241895,0.006578237128229469
2024-12-17,0.00971957462909434,-0.002063641214697598,-0.00764177579215608,-0.007345955564372453,-0.0008084506041967643,-0.008233915307035433,-0.01752364345509594,0.0029135945767699845,-0.008369074350937367,0.00811696856510058,0.011468566264650093,-0.01986934347336633,-0.005454056111526717,-0.012161026296492294,-0.0015697405245805873,-0.018722966446321987,0.01779630749768213,-0.005092253111471545,0.01358914139470313,-0.005475186845537161,-0.010967709823524907,0.0,0.006355288504773737,0.01036280645416765,-0.004732860477389189,-0.010679341612928606,-0.026038117722832377,-0.0024463297038347376,0.007628951076873891,0.0057974800970665985
2024-12-18,-0.021421793232994757,-0.0269600048720795,-0.045987410359975445,-0.044998988963129594,-0.0023695524764600906,-0.031692416555438085,-0.03805223355533227,-0.0169173835825287,-0.027209379564959058,-0.01477614813986694,-0.010352522160913535,-0.04251062559728003,-0.03586539473206629,-0.02689483898051792,-0.03843297068444396,-0.05577305612578498,-0.011338072827292711,-0.03352065801809345,-0.008675057711585388,-0.01756283981131157,-0.01967987766473933,-0.01718972287548981,-0.03756107816869125,-0.014102665111483503,-0.007338815080936256,-0.031234602720022542,0.02924698867537523,-0.01324170132975444,-0.026767163987430065,-0.01959758837161807
2024-12-19,0.007014701156082603,0.009312821636826119,0.012561168873593154,0.0184167768223491,0.025605366087194437,-0.009673233757215294,-0.002965383546529865,0.0017382675148573945,-0.020336102252424326,0.00017969931192629574,-0.02615199397121626,0.0067968384797265635,-0.02234538102851369,8.816245167753145e-05,0.017032214673488033,-0.01243522179303036,-0.008082826619843608,0.011242773810458129,-0.006364446181832184,-0.0022345203929913238,0.012745886125117067,0.01199925748245012,-0.000822987013406884,0.002600808359629392,0.000650776864882463,0.0071177557105348566,-0.020951728521513835,-0.006709801571671337,0.01646337670315967,-0.0016034707092625888
2024-12-20,0.018815782400819936,0.008384739629102578,0.00729994595290151,0.019005018125609396,0.0017510891840226694,0.01573379815919318,0.022068174810720764,0.015443394222309781,0.012044000713075098,0.00592610282758077,0.021483366787554914,0.0218595981580747,0.019687404240191553,0.00634691819551958,-0.0025008372824193437,0.0241343654097812,0.0061985648034463825,0.019917643791121487,0.001601334395020304,0.008441608050366423,0.01691182886378484,-0.014770837018870386,-0.0009839098694383042,-0.0020752088501733157,-0.0066789900724114615,0.012830737561422056,0.02223811651787022,-0.0010006442646333102,0.00898750832095363,-0.012419786354241902
2024-12-23,0.003065018209782222,0.0023541078832614026,0.0006224408269079884,0.0005024634060373234,0.0019170923382556548,-0.0017756464139314643,-0.002182399470274765,0.007860489751912114,0.000840052486515086,-0.005623415873124316,0.0007512986822351131,0.008267247792558496,-0.00038201737840470873,-0.005168178269509105,-0.00640228617336891,0.03483608039083452,0.005537527218483218,0.0033248166923967037,-0.0027178031646738487,-0.004749282485956519,-0.002320546805560708,0.013462490220790047,-0.0030920845929789387,-0.0023394394621450987,0.00029742379747021985,0.002492068086726862,0.01241674336552534,0.0002502558135910604,-0.0015420856066947763,-0.020489917248210476
2024-12-24,0.011477986769947268,0.0018558626658047306,0.017728630305015702,0.015595546896363555,0.009285800404153166,0.005966287856222996,0.004461864668685811,0.014750735659156966,0.006085156907485123,0.01041282651608788,0.003002220611364015,0.021041118203719567,0.009402414443623552,0.007748513755689412,0.01117478766690283,0.00990093307113904,0.00399257646213691,0.016443654453586642,0.007374126592845753,0.009269110726296326,0.01069941595553292,0.0008050050682257837,0.009373892176860688,0.0003907361057251535,0.00493732453906226,0.006297695160636607,-0.00047397114142566643,-0.0035053012605520406,0.01081253067668042,0.025788496663491145
2024-12-26,0.0031757399493077543,-0.004952884896849308,-0.00873171784917226,0.0017465373348841684,0.005799088692755472,-0.0012243974927812484,-0.007868044093865767,0.0021720861459422203,0.0009734638418676944,-8.874672964875874e-05,0.0032426619280523372,-0.002676687618575202,-0.002524287084319732,0.012931467802684615,0.0021389439580639102,0.0019608292291832807,-0.0018513075493022946,0.0034254242716331706,-0.004296594378679686,0.002755184387663867,0.006290187257788293,0.0042232552704524196,-0.0027770105650959387,0.001953425893112648,0.007221430017923414,0.0034996247278038517,0.009978317354012889,0.004020195088843881,0.000810987641280736,0.0011869445079757401
2024-12-27,-0.01324219892839118,-0.0020138240800534613,-0.014534256804240364,-0.00967137855687572,0.001884889281999369,-0.006156135011225805,-0.009569204234051054,-0.006168616727871834,0.0001388359690728258,-0.008884918652805163,-0.004724113754669412,-0.008688427238654484,-0.0057702086726565405,-0.010135447288132537,-0.009382356828713578,-0.006849378343400603,-0.0036405643252781505,-0.008102468702425036,-0.0019179283336142605,-0.004002722084072263,-0.007623041707534806,-0.0017022994120821089,-0.017301549899227164,-0.0067586062011232295,-0.0037023657932954146,-0.009518682457521854,-0.0022694967258415355,-0.0010008947014552572,-0.007011403335121402,-0.01217794714605247
2024-12-30,-0.01326338560502327,-0.012754521456651124,-0.010949707031249978,-0.012356801236553028,-0.023074358902049452,-0.005070304109313861,-0.008007243884274318,-0.007045843320697354,-0.006458413533607876,-0.006723460658810465,-0.01473890667008071,-0.00456453288337999,-0.00873090390942044,-0.012679200337852525,-0.011356567815322016,-0.02364529853577635,-0.011789145603250062,-0.007670802114229436,-0.006725365491495383,-0.013691176203124433,-0.008065732540488146,-0.013339975438292018,-0.01323957641581519,-0.023161415977996924,-0.0143926894110602,-0.006379192933745892,-0.004294132502890791,-0.008016115150255021,-0.010512807900302956,-0.011891864910633099
2024-12-31,-0.007057838809142902,0.005167829753941922,-0.008630834323407832,-0.001816025379022257,0.002548835686569051,-0.0006887465889851008,-0.0041996598223394965,0.0001689517243377292,0.012371497802828424,0.004963824302897768,0.01749508801754862,-0.001621547899024245,-0.001129759632514049,-0.0031332487053939984,-0.0019069345983689923,0.011604417042266224,0.008929979050819492,0.0016295645761073008,0.0037079308351808393,0.0010014756318019735,-0.00030984187710114686,0.011283886746852989,-0.007838329116038212,0.013663671218329787,0.0033515419556811032,0.0042523639490823495,-0.003820399945540731,0.00984864340098679,0.0023151877858833547,-0.0024290230236718724
2025-01-02,-0.026235867445677852,-0.005218091463189745,0.003783225458606987,0.005525590451322948,-0.028983078433968967,-0.008242408679463353,-0.010977035846599925,-0.0016892318447447874,0.012910923622016623,-0.004759745691528927,-0.01445320118433091,0.004103905420924869,-0.0013625358525035658,-0.0016379724879795887,0.0005004301506175146,0.008478807120337217,-0.004148837506691594,0.0012098683046368741,-0.006745888994250326,0.009037982126349764,0.004725363820256012,-0.0031161148472022004,-0.006927646782351582,-0.02643042883016311,-0.009961296800393149,0.0,-0.0026687487200681703,0.005501308785798464,-0.00518916580755957,-0.0038738882743716285
2025-01-03,-0.0020094283726911355,0.007482450104238314,0.018027432561515733,0.017969317811713514,-0.011462159054347443,0.01117390857048961,0.0067742141951478985,0.0027257163092997416,0.007770419320343835,0.0030681062083455224,-0.0037926029005025397,0.008974424660749714,0.0018534674511903049,0.004434241567099262,0.0123215191347259,0.016815042736590735,0.001180477687814152,0.013666619297366012,-0.001455378983430733,0.007760316848376414,0.001310816214588506,-0.0003025356076028496,0.011395760301242897,-0.004886772907834458,-0.005120992572432037,0.005811708548452366,0.016828282596643485,0.0012433911639690987,0.0016221548382668871,0.008666766969337658
2025-01-06,0.006738916097301262,-0.010068190249934772,0.015254909370185477,-0.00395929437919007,0.005179546288557546,0.0011270986611211509,-0.0071192135167987836,-0.0015290310777076321,-0.00399072462941763,-0.0009895497028401534,0.00888327025551372,0.005619473282809873,0.00048824812874381784,-0.021101867708423372,8.984767023512141e-05,-0.03356024536148294,-0.0036757680908037216,-0.004875450163176587,-0.015222695053142443,-0.008820252085296354,0.0032339342528937554,0.005850286110427261,0.01062948641141559,-0.017869180961965325,-0.02743299501617713,-0.0016921490696412134,0.0013059887991924146,-0.01614514516412202,-0.005938203218228133,0.0071600798988487036
2025-01-07,-0.011387742814264357,0.01341880283555752,-0.02416414035082548,0.0004637384903152242,0.010129966857388206,-0.0032950448912353325,-0.016942522869167198,0.002722536202471204,0.015822374455561672,0.0030616125562512586,-0.008553491450015382,-0.0056051523332311115,-0.013200767095266519,-0.0050059587464056365,0.005793318450515672,0.007045766670125575,0.017889355152806097,0.009632515163058741,0.0004934079981049333,-0.009720038521023544,0.019034511462494574,0.013036511759057401,-0.01280831976372132,0.001249921235982887,0.004358627891093425,-0.0008269283995281373,0.0011292119147867652,-0.017419827240621077,-0.0043764806187865934,-0.006781215960182996
2025-01-08,0.002023034290709713,0.008204194624466865,9.006470850470016e-05,0.0027482585188915998,-0.004347574192116066,-0.005316805239545808,0.006062913826837324,0.004581644090084325,0.004746508827539353,-0.014633240009581439,-0.01243336038831,-0.00017231028476605292,0.007729610802959863,-0.0020849193359060436,-0.0034827941331158074,-0.00649680492894722,-0.02708059168340826,-0.0001645088198243272,0.014299774273884402,-0.008432820758576098,0.013256002941458789,-0.011581873354967742,0.005184996642009443,-0.01109714294874864,0.0049596856248323995,0.004510162382914018,0.019970891288887405,0.0005138200651371161,0.0029839922522703066,0.01090197072977106
2025-01-10,-0.024103803631356224,-0.007493761708443625,-0.014360970473526025,-0.0315338321132016,0.0013973305824395155,-0.0278891461821279,-0.027684403735930507,-0.007770281218757891,0.018895493820531017,-0.010112936860874111,-0.010791413892959123,-0.03451610101034175,0.0069474125870283565,-0.008993140766257457,-0.015368776430021325,-0.03672030045539387,-0.0014760898100172337,-0.013408425915458988,-0.010371078993403837,-0.01599871991082913,-0.024678540366519286,-0.006009030114917935,-0.013213583356015968,-0.0012625886451800294,-0.021838436457742638,-0.04259178867767177,-0.00730197057702775,-0.011813177184981316,-0.01564314435194758,0.013071801100943192
2025-01-13,-0.01034414584481358,0.030354879780991606,-0.0021923619356289947,0.012683320267664833,-0.008313910905704991,0.03276339149819196,0.0038384174962025064,0.0003405157839608819,0.014431245672622772,-0.005246214768789614,0.030389538778648806,0.0052678412449749246,-0.0018210780396921145,0.004170750806415491,-0.010693928622282467,0.0026110258697236155,0.01696470291041563,0.01809317564795876,0.009497279417798321,0.004675724749504395,0.025836534694971602,0.017430829421619443,-0.00420102518222909,0.012359772492799737,0.0017660214996431112,0.003872204507801902,0.039274700949862185,0.008198920572835666,-0.0025672372859179005,-0.015806368016354932
2025-01-14,-0.004778101960480674,-0.011436256689032254,-0.003204303696411115,0.011245064909401803,-0.020812586617352857,0.0250206070953507,0.014009374561069876,0.009700498650237144,0.00997742335611207,0.00037005821511759684,0.010335324457298345,0.015241116042263858,0.00925035306568378,-0.0027384732730248995,0.0016099445613142471,0.0,0.001938112756036725,0.013349127107468828,0.006326015092080972,-0.00722769388305633,0.019390740415831553,-0.013170957634687008,-0.003643377309515916,-0.01262508765465975,0.005665972744385073,0.0154286747298642,0.004804723109267828,0.004197101461672181,0.0070702378385749665,-0.008084725479251431
2025-01-15,0.019675867749100462,0.006888754031181055,0.025670516796895804,0.03981881513923713,-0.004909635392423173,0.008935127690463895,-0.007356027416703381,0.010955557777181602,0.009114233400939309,0.0005549890008158531,0.007984188947033788,0.060171731177372845,0.033886490993738416,0.004759701186525911,0.010470750670852125,0.027083256757924667,0.0015198960256401772,0.019719579140298427,-0.004352061802809892,0.0025569768869475595,0.004154293525357344,0.004415365449521147,0.025597122210640144,-0.0014049371058866278,-0.0005633260428443698,0.01287310968602351,-0.000588646709495988,-0.002612144785628545,0.023261699111608802,0.0060578424053210345
2025-01-16,-0.040400196921681064,0.001821831894208481,-0.012043887924316987,-0.002689421844417672,0.01642596737465185,0.015097736768245662,-0.0036119697223876424,-0.002667483321633357,0.006631598913863002,-0.01589943378883174,0.01163344952643075,0.011668395546274635,0.007978466113413019,0.014348302646750799,0.011952951106006804,-0.0025354583570744715,0.019314390186674357,0.007608487794770191,0.007770817840049071,-0.009068470352877722,0.010160871437353558,0.006094513561611503,-0.004058042417299013,0.0005627654924769132,0.005324134565082961,0.009959120413938427,-0.06041354288978029,0.004190612387729997,0.0030670199540927534,-0.00043782552838211863
2025-01-17,0.007535239806619742,0.009946943785440698,0.023928209424767255,0.003467336613755645,0.012786383447342953,0.014373988224235523,0.014250007367234474,0.006853924533150257,0.013113310899128594,0.005260086100616013,0.004159747046611706,0.021125920561360978,0.00012226193442677058,-0.0004940105125437189,0.009566026454659982,0.09252667451779328,-0.005007759174630699,0.019231530028321453,0.007389526329028007,0.0043254952477715936,0.013292256274379355,-0.02760676200505574,0.010480959843044202,-0.003797024664737858,0.003925297679709061,-0.011758851033950912,-0.0016255853812938703,0.011476278251244532,0.007470501096990434,0.007009879770493166
2025-01-21,-0.03191585718285572,0.009922510962125264,0.021111818274402117,0.017244511439223675,0.02612660772915798,0.035750371043135054,0.007024946144319477,0.013282379270250333,-0.02000360318385397,0.015698047505202428,0.013157807982376202,0.014058794106798667,0.02210661052881213,0.011186952984562515,-0.002357739536455794,0.013029348051544432,0.007617362182313903,0.01493283983404492,-0.004624515505848192,0.005908629660551723,0.0415513760136943,-0.017156894844806758,-0.0012353545281189593,0.03289110943906026,0.0036614054988723943,-0.0015029816841345411,0.029876748391320262,0.006188716383938919,0.01254614909294216,0.012399359142341915
2025-01-22,0.005345040770410758,-0.004985265620162549,0.018638063663626525,0.013524261265601911,-0.004328973099821831,-0.0018827633993218074,0.017684343366230815,0.00983126671386092,-0.011564854964838944,0.0010120153134287602,-0.018278092881420682,-0.0031667292673134284,-0.019907690426245517,-0.008797277612733634,-0.004459085093596493,0.004134136458219251,-0.019439683397799,-0.0007222534212020237,-0.010253050518937878,-0.004458483788421619,0.015181516055968292,-0.0058187151891908595,0.04130699739738097,0.01189008170929462,0.018674364537024202,0.0316106435420791,-0.010038414704893639,-0.001793918330651123,-0.0002164309146157617,0.001611567337986175
2025-01-23,-0.0007594393379167785,0.016237511124878257,0.0017446222360446573,0.011233501025669224,0.021167030226805217,0.022107224508975065,0.006133203947547017,0.009735553886990767,-0.0025573792380167992,0.020494408563197952,0.015923663478110583,0.010699935054669929,0.010460842220021638,0.01151998860992931,0.012451829185142538,-0.013266281218218157,0.009430759617928608,0.011832308038838946,-0.004046624477723637,0.010947213397235922,0.0034201666076221215,0.009928943523574763,0.0011428263548833861,0.003376563384916098,0.008558890002197339,-0.021117142834514935,0.01933756155290345,0.005905015579802386,0.01437150206504012,0.006221092162712605
2025-01-24,-0.003934678875542885,-0.00885261323717823,-0.002421170970448472,-0.013901245467396683,-0.013669481464460786,0.00302660608886951,-0.002330607804745921,0.0,-0.002307573277834818,0.010086531206100258,-0.002411472169552842,-0.004065731088511937,0.00026538989670621405,-0.01839051456140861,-0.005485627166540885,-0.03430689761649508,0.0012273771705915149,-0.004173873330561961,0.006338352605314013,0.0036213047610902382,-0.0013368046337850492,-0.01117666768524217,-0.005932238324865113,-0.009691769238223902,-0.00619466766637522,0.0014492454901786633,0.005172151645304712,0.009188352965494806,0.006063149725187955,0.010126867884844515
2025-01-27,0.031780316097549166,0.027339982945975727,0.0024270472668348475,-0.015310790229504434,-0.005111859076249559,-0.03103296588535276,0.03959494444148004,-0.05061860415556474,0.010151038758176023,0.010520532200513522,0.013294563222312705,-0.005683792264061793,0.025018057722532516,0.018960828820423936,-0.002980413510353719,-0.025924100343569956,0.04134323499896686,0.0038137764206498392,0.03149221807059699,0.02672866304500876,0.013986674611252692,0.02501308806071445,-0.02139340605538309,0.02732093351051401,0.0337558905377322,0.03783173724917832,0.020675517765812,0.02781990958080982,0.013143533792778328,0.027859833456640448
2025-01-28,0.03654392712433174,-0.00936563518613609,0.011596277923593856,0.001959202579207453,0.014957724722600263,-0.011874173457331882,0.0370210553945034,0.0059240372447419976,-0.006487291063227207,-0.010587547100853745,-0.011927343685282588,0.007137288632825589,-0.014216085620436414,-0.022196667278665982,0.0068263528339693735,-0.02414990913538173,-0.01641707285061933,0.004852197177267703,-0.023641736017533943,-0.006619024324701295,-0.0007920163439175676,-0.005003041931614827,0.029086854277586616,-0.015745040214698802,-0.020452589606386407,-0.010278433101930773,-0.0019135885498114957,-0.005905372824172694,-0.00017933106572631807,-0.0011294251469569083
2025-01-29,0.004616803685774551,0.004923372670475823,-0.004534900692607424,-0.005645867998213094,-0.023174683009769992,0.0075329132448671565,-0.016530071665440627,0.002019176489477248,-0.003328859625641556,0.00936334920936277,-0.00893288159000083,-0.0006584497964986502,-0.012916808497322907,0.0015857931641791723,0.013161356627128917,-0.002525214090259187,0.005120267676546941,-0.002096351739422797,0.007536894109651193,-0.0035721529743432123,0.0009245974550773361,0.008517100691094903,-0.010890010086932689,0.029439621541714978,0.00024064852655358848,0.004387618288382633,-0.008073900467699624,-0.0029705293704482827,0.004185540236171459,0.0021585628919247313
2025-01-30,-0.007394690686881589,0.008307305417088129,-0.010250170242948609,0.011736817286187584,0.033801652616619604,-0.04641048257149283,-0.029463232458121213,0.015449224123524008,0.00404655315383784,0.0021203153029409894,-0.060901329732515386,0.013053380909493928,0.002612234262644675,0.01361693217106219,0.12964170473863335,0.013164568550979139,0.011379539343762346,0.006189647230295803,0.019417571610936823,0.0007240318952950187,0.018872823806725503,0.0068173056801670295,-0.06180907026770888,0.022851885448029963,0.007098508140045867,-0.0017234154925419576,0.013882190068400524,-0.02010919400311295,0.021346855170817136,0.01179481945282923
2025-01-31,-0.006692260096113789,0.004929116491260821,0.012955989149507907,-0.004702984323256665,-0.016765969627929644,-0.009440562613804437,-0.005442874714731594,0.002149804058961813,-0.04561165617935592,-0.0032619796674218104,0.01297012378170126,-0.008208002554119465,-0.006079559020303993,-0.0015174174075508473,-0.009950804473616515,-0.028985503102038956,-0.004709840340280436,-0.003467181654566165,-0.008899482259990155,-0.00558002627261478,-0.014248753052861884,-0.0013137158381680836,0.00016868148564763707,-0.018256098982148083,-0.008482030772763438,-0.015697082106971183,-0.005645487891087542,-0.0020267738194974516,-0.0036436827661241455,-0.004966950629611611
2025-02-03,-0.033855931264941796,0.01208747193581483,-0.0010938846972727845,-0.002898275870277023,-0.003682354064925897,-0.026626115210169443,-0.007199347225145036,0.007260769951884294,0.0010054419075036236,0.008314168876148331,-0.04276567558220623,-0.012539110260299413,-0.00781596039048904,-0.005855505148699147,0.019671652254484417,-0.0025733990542378127,-0.001840386805772365,-0.0018331805682859637,-0.002047821307685549,0.004675970506997862,-0.014191684422488193,0.009815802598652779,-0.009974379107584697,-0.004031237726048853,0.01668765787680404,-0.0023656129028463146,0.01048863621560625,0.014978421470667636,0.011761231833429697,0.014058569486823824
2025-02-04,0.021007914714474385,0.0005192371925673012,0.019543422733693472,-0.002211376188267611,0.0020469700366552157,0.0011064078556497492,0.014444071395121272,0.004914763796299626,0.025980951607117886,-0.006140295736444035,0.03130019598817069,0.0028621558895498556,0.0066786879989837455,0.005125582346039437,0.014305841591006008,-0.004643872504465962,0.010667022596505316,0.004235357725772326,-0.010733990345366151,-0.0009653601931581823,0.010930373334311572,-0.09069052579171877,0.0035285423343531797,0.0016974240018139408,-0.0037331215250198113,-0.00220765037300108,-0.004980083885544606,-0.0042521193056451745,-0.0019374484976419915,0.012356764440400125
2025-02-05,-0.0014175581931341608,0.0650128095626128,-0.024332807771026643,0.01488142990162733,0.03183340376983801,-0.00856471418443927,0.011013029874760383,0.02005212732643491,-0.0015010588691217741,-0.024360123123462363,-0.015564148538041445,0.01777110670009896,0.005662482046775885,-0.005367848234131389,-0.004386236453338466,0.018662451317622786,0.007818163059538197,0.009293018334044723,0.00718051997028657,-0.003243860520571795,0.0050764116441262,-0.011791881856624054,0.0022310954785407233,-0.02802400519244652,0.005234018368624804,0.009341941003263576,-0.010340108568560269,0.008038162510307423,0.01242935066008255,0.016771059981071534
2025-02-06,0.0032262426829974267,-0.032585015593720734,0.011263088803542765,-0.0011854665267841957,0.01627808388407015,0.01839205062143967,-0.04920542235983605,-0.004794522943218582,-0.007124598498416956,0.014021976914658563,0.02160738869046197,0.019784529474064394,0.0008216045566626917,-0.05635264951621932,-0.0374478568952078,-0.01374048157787533,-0.0076283029895217735,0.02392484510675552,0.003802245882881028,0.019146233075926666,-0.000852656195886814,-0.01806613390455092,0.006121537987417991,-0.037950914499548905,-0.0007689884490328369,0.005277278724609591,-0.01809891635194416,-0.004734611016095958,-0.005608857581491877,0.0038063319538232943
2025-02-07,-0.023968797587195723,-0.01423875612126202,-0.04053095448794508,-0.010557586824085363,-0.01791124190439919,-0.004296031781170662,-0.015053938963606406,0.0,0.004739809236710357,-0.01097324872341554,-0.004900795480405673,-0.0035245004300479277,-0.01639473641083178,-0.020493752404740717,-0.004340222609883648,-0.014447822054797221,-0.0025404594729153684,-0.0039724899447753925,0.007575687140521703,-0.00020380369195538428,-0.016084463463872822,-0.008745147328805714,-0.014597644858585945,-0.04265406403024008,-0.005388639881560797,-0.00989341101594221,-0.005678634522544135,-0.0015022690170817254,0.0015539640988211367,-0.016528942949721737
2025-02-10,0.0011874113389096497,0.004258388388551637,0.017412199866636335,-0.02055123627846145,-0.00517936201969893,-0.0018138407938524947,0.0042047421519790795,0.008671918845899462,0.02063954738262308,-0.01425217317669314,-0.00025919014503594795,-0.008187276435166257,0.016250620489335343,0.014597187618929253,-0.005585009508194072,0.035078537325264225,0.007314707747015259,-0.01725891500389176,0.011121592236459366,0.047978334891088714,-0.0012010522952567992,-0.010082563373715603,0.006028120324117703,0.03290625825359572,-0.002619455427676831,-0.011297378951413584,0.012029441374272531,0.0017552329940468958,0.009223655633469274,0.01749877838731284
2025-02-11,0.021831831975231752,0.006343447710435823,-0.0016299428832775575,-0.002223956561074436,-0.0006092528855844437,-0.002725534834786547,-0.008557615932709872,-0.006050067758668676,0.010721000808505465,-0.002379282657608006,0.0015556503484772666,-0.005057482356829235,0.005724769095086568,-0.007577254131753142,0.02178357071080117,0.06069796802253391,0.012253514793929776,0.014573502178045317,0.047250245110490585,0.005803590640095058,0.002538661541775511,0.0016204421628311927,-0.0018922026216985355,0.005638518616687849,0.011341200453603095,-0.0002886970837692182,0.0010312239848979665,0.01351693544849164,0.00022821266865569179,-0.004372315012937
2025-02-12,0.018270085918334233,-0.005393271173249725,-0.01645472556041927,-0.010240030638096753,0.032199054976628005,-0.028131309279307626,0.005302153434071366,0.001601820766939932,-0.016133162300401738,0.0019263197041172742,-0.00957815287941044,0.0027193231291038344,-0.02214422900527324,-0.009326344017985488,0.004358118327802751,0.07200764322010311,-0.0055722945871699014,0.0016728540332644481,0.01642005980099337,-0.008413643401050885,-0.007996378232305923,-0.01005315500168269,-0.005833147779253922,0.01289604334823613,0.000885336849018703,-0.006973475262559536,-0.012211544486995352,0.0009879085390369635,0.0021953458912065127,0.011125179143158581
2025-02-13,0.01967323848251623,0.006473272307820688,0.006290143220533118,0.003590152838682803,-0.004348980180369111,0.004715409644457047,0.011437613002859282,0.020949962244664055,0.006326775843860544,0.003295741862531676,0.002091078166503557,-7.705925751344544e-05,0.012992981370081313,0.0012681839470312095,0.013212986063002141,0.07339856103778764,0.012817101515126827,0.0031583144997886503,0.01149754694459193,0.007867450934526232,-0.0010075653032439735,-0.014590896952437094,0.003667117540542053,0.01314692209546342,0.008491641762399249,0.009764860177092105,0.00716723432123767,0.012583251776058013,0.011778565997060397,0.013898260959226416
2025-02-14,0.012710708047756869,-0.011643351879620734,-0.007336035409240549,0.011512265420215106,-0.005500454373555286,-0.0010744588432580748,-0.010034901779321204,0.016134054101960116,0.0075889340370534075,0.007208738865220665,0.008607029728359139,0.017874998716379764,-0.007104250582901206,-0.012276519474155867,0.008063525769728574,-0.02196430989349596,-0.006995088227396584,0.0009771739161061888,-0.009064530547457816,-0.004741725451356427,0.004256991755096973,-0.016702165547375136,-0.0051396335123424786,-0.0023220003291545277,-0.04753842974986899,-0.01938195629095152,-0.01443961523400572,-0.0012181873201855264,-0.005117781092733198,-0.009614354589357443
2025-02-18,-0.0005315020933959191,0.005632545063312788,-0.008877028355405714,0.005819130496864666,0.0029823395359431792,0.001924705580726771,0.007411015419359623,-0.0043164331412147705,0.005278708338860794,-0.007428922804096905,0.027153006600593166,0.017621625943498698,-0.015115994058398474,0.02609141222479594,0.006850849351539123,0.16059317571683374,0.000516340302399998,0.012148027376946535,0.0026135239485971518,-0.01205643739405493,0.0024896342443427866,0.0033731413796453946,0.0029626440393724085,0.06229468833251883,0.015593316976624028,0.0004196106549350098,-0.04351384682171677,0.005123104353445429,0.00825313677994366,-0.0024991413990468336
2025-02-19,0.0016361258388950528,0.0050205602982871245,-8.819331220011328e-05,-0.009365481920732721,0.0063793732388708335,-0.0028250120669308654,-0.013466616293690614,0.003870542480294059,0.00685193104425319,0.016338039394436787,-0.02014101985943839,-0.006010063841061397,-0.019538252607200768,0.01331458392243312,0.004751662816001145,-0.06097116150083204,0.018710922656869355,-0.0025004772455125,0.014772008316541907,-0.009480588919349109,0.008121343861082098,0.02773431626577416,0.012523124191825996,-0.010439535943244205,0.006407669112038272,0.016568904826711917,0.020589861305677193,0.019660151073645826,-0.004204905361675837,0.00211983628528567
2025-02-20,0.00392050052050541,0.012437500730286821,-0.016546793977871843,-0.01955351461497934,-0.028310444192667816,-0.01090647377096654,-0.0187964743962884,-0.0026216956721442086,0.009921820382018831,-0.007184439452796898,0.01721466637030833,-0.03874876946198236,-0.001997822699939089,0.0025615382852743895,0.0015888294372068401,0.014385725082087575,0.011336878147753637,-0.04458375392163394,-0.00042831439509638525,0.0036761812148515816,-0.007456769462471091,0.024299176741269246,0.005290676653677329,0.005860938854691966,0.004324621783923899,-0.004580174457180064,-0.016867546400422206,0.01142587313571708,-0.013343516274149203,-0.0652884809369465
2025-02-21,-0.0011390267898004902,0.017051056960520672,-0.028266344731418536,-0.027841740828957073,-0.020621466638862107,-0.026091960948672943,-0.027101749583784973,-0.01066956797098273,-0.011776465049692098,-0.01709637696388855,-0.0020206227374529595,-0.025939910978437175,-0.02366718379938948,0.0027916134343726196,-0.012313865062470897,-0.046761184600203176,0.016407910469372178,-0.009595134356394142,0.0187036373317353,0.005807708161582825,-0.027502068725907658,0.020757313109425857,-0.019032609065903983,-0.00945234113965987,0.018060991133818094,-0.005015810083830785,-0.0716531715021409,0.006354358586576181,-0.00559211516926128,-0.024997418923494164
2025-02-24,0.006312383382871323,0.022144451327483772,-0.017868663239768212,0.00043997834980769035,0.015580072597901395,-0.0032937273881502582,-0.00477716779319759,-0.011565989956839218,0.006181449653442472,0.02337557401594248,-0.01164262388064563,0.000863429074771993,-0.007474592676303571,-0.009578164999678784,0.0014914337114209086,-0.02412546687667183,0.008872475112189138,-0.010974888510322578,-0.010651718740023686,0.00905479081812377,0.003448810875193331,0.019776385939103802,-0.010313269594400487,0.049411714990108546,0.0018211098068245946,0.034204141777872676,-0.010505679956278713,0.013096489047432325,0.003815860121457737,-0.01171137317518467
2025-02-25,-0.0002428315584860341,0.019081732558218212,0.000423094048469963,-0.007410385226067628,-0.009115665367494197,0.010149892382405046,-0.007913921212668207,0.016287003595051974,-0.009310373107011438,-0.006025064618429554,0.004609480301674074,-0.017935336979491234,0.02842424729203108,0.009956559057449521,-0.015732985359519613,-0.05274003553782591,0.014351978140699995,-0.01507622453323143,0.012749660072858937,0.01024151728709155,0.007286094593321302,0.0017530685204161234,-0.015099014017730283,0.017937258114451904,0.012372416663816832,0.017201014867811004,0.01919753142461933,0.009002628040282845,0.006374120654445203,0.04291665224226704
2025-02-26,-0.02704011939380868,-0.029306321618357778,0.007283848822975836,0.009408837306717599,-0.029337582661044803,0.0006425882090350665,0.004740277881267296,-0.0029562242914880077,-0.00818300832010177,0.011761456182017405,-0.009686556747669606,0.004651079407753889,-0.007144910157162787,-0.0031603448974124593,-0.007410223590479603,0.023053531619053658,-0.01812256824506364,0.005400173974349665,-0.009651603132741604,-0.02075821726336391,0.0060734686052272835,-0.022421515345406928,0.004599247027225584,-0.006730299457476829,-0.007819152196466339,-0.014494426040393527,-0.014435196704051578,-0.012125359096527677,-0.004146596201633157,-0.015252359828151318
2025-02-27,-0.01273091938670523,-0.0018278784520003866,-0.02617215045770671,-0.006416581575071745,0.004565467958702163,-0.007531091013913138,-0.04044508543997316,-0.0042134863147976764,0.009861989151710215,-0.004649851573917951,-0.010810648236823095,-0.01581492216088276,-0.0005378080931867091,0.004448060312385094,-0.01020171005000814,-0.018282325544506706,0.003985675941959421,0.0010046158415450979,0.0009886889853145675,0.018667532376358764,0.020959187534648205,0.013425771259796049,-0.018012268326329628,-0.014167876552055647,0.003911237174032189,0.023869726664970337,0.01072069875998638,0.0020842729284653583,0.014573735965134338,0.00613319508470056
2025-02-28,0.019131868844441513,0.007324493993066561,0.016958863624485065,0.022977434251156614,0.004602215056842329,0.011617847001729409,0.010003535193507496,0.004701474610181666,0.01244653015477537,0.022369929510248854,0.010071377866140319,0.02857847320538931,0.016219543774438794,0.008288353106864044,-0.003119652441059717,0.02771760006145807,0.007878819755906763,0.021617597131615485,0.0047974762794407155,-0.005226628459905847,0.030560732851592887,0.018436796335713046,0.01136219035479269,-0.007373007470005355,0.010873899486945282,0.014521752409453192,0.013658820711644815,-0.003928719013227222,0.01959297594348186,0.01880357238351582
2025-03-03,-0.015754202507164528,0.00882958976977899,-0.034200087377916355,-0.018175110409237916,-0.026169656968660693,-0.03462722691204134,-0.016081952460675564,-0.00982684702188319,-0.034863227040643596,-0.008875240292716469,-0.053791559647136,-0.02736665905471969,-0.01742308888347166,-0.004086651986090262,-0.008913027637222903,-0.04171933376383308,0.013695253893322823,-0.015227811128212254,0.01558753235660193,-0.00740458566539226,-0.01095934539336385,0.009756124769861207,-0.021411134937069587,-0.00784509069617323,0.010066753964474762,0.009091304500417507,-0.016653957164798117,0.01786547322680332,-0.0024537870943166507,-0.010343789262458492
2025-03-04,-0.008822443665799096,0.00453688280435216,-0.005950644792114046,-0.04067808675433915,-0.06562391992428573,-0.015931725833697508,-0.019518264111509587,-0.003465740778470394,-0.007119922828478176,-0.0335135538084812,-0.01220189973773822,-0.03985065998473547,-0.02055487107454601,-0.018960472827872832,0.012070817067758366,-0.062005270958838565,-0.011119064350828323,-0.03978966598648914,-0.02945237429371239,0.004863588798531326,-0.04927639671195572,-0.006333992408931177,0.00030887307606852765,-0.013901399810726911,-0.013725228468840278,-0.01970552619650867,0.016186634328792415,-0.022794670788291338,-0.026504895732066824,-0.026847115466653304
2025-03-05,-0.000805297297409524,0.014029983391066203,0.022374865016246748,0.0025045319090899465,0.026809376521437667,0.035929427878542475,0.01611333684038474,0.011065443983737655,-0.007828902956260375,0.002751935288408003,0.060640098593186975,0.02052853723787984,0.012235445020111202,0.007788423846895931,-0.007345594639018405,-0.024378830737160295,-0.001813608229688235,0.005114911116122167,-0.0015670927531136192,0.005494419569870068,0.011997799374622753,0.006806526670962265,0.0319343726980823,0.006337321678987706,0.008257455541321734,0.00911214407724592,0.002886634344057226,-0.0006997498109201361,0.001277553063400827,0.01063505458485614
2025-03-06,-0.0017391268202556764,0.003948548504327576,-0.03676331176651382,-0.030051254846180098,-0.02899001520080602,0.0074448679446497135,-0.020276018890253877,-0.008599054469332845,0.014190006830092639,-0.03549533641907643,-0.008999548791993162,-0.042828018316067085,-0.011958014460368926,0.007823687956791003,-0.010582963414109803,-0.002883203627207065,0.004299910184693001,-0.019838597734162633,0.005422487435679413,0.009497426461120284,-0.0045389817601225735,0.00869195217582952,-0.010298646124613065,-0.0012851639005837523,0.0002863274983218034,-0.007789696699938453,0.02466495301156657,0.032446220203535825,-0.02415788733737334,-0.01396130363066761
2025-03-07,0.015892551933860855,0.022150855450519424,-0.007224698407026442,-0.008816091453717423,-0.026825728690762496,0.02724251894911056,-0.011046990542057933,0.008358263623110096,0.0221640666853673,0.0007588657313224445,0.0002672702717405606,-0.014092531927522689,-0.012914996416825586,0.015431270105760841,0.051670754161566634,-0.005301234233810237,0.005186062273012659,-0.01727915491849319,0.013766530259166743,0.03518396170542437,-0.004355530652169315,0.006914898410112391,-0.00902021530087016,0.011324015510996821,0.007385745259422816,0.00656212350743135,0.011809973332256307,0.041374742817196664,0.0033705862744648485,-0.030853723784780795
2025-03-10,-0.04847960193409895,0.007695574029799923,-0.02363867861413893,-0.04351952416931648,-0.039110124956206915,-0.014530288405788294,-0.035314284547803054,-0.02940254246376972,0.007867517283327352,-0.023031057075819983,-0.0013351344356342665,-0.05004749855522228,-0.005705904482609436,-0.003263073695760066,-0.01774101759987523,-0.03439918146648502,0.006059107440566036,-0.04152219267667667,0.0002798497718041748,-0.012574381730330764,0.00902252061243547,0.006127895095467517,-0.033434225800414774,-0.027866061243488782,0.0017619068154981488,-0.00015603913579476103,-0.022711493520248593,0.009335613073309323,-0.011120124749545712,-0.042520701101894987
2025-03-11,-0.029189374883390795,-0.02587354460953495,0.010537694677220655,-0.022692463349348935,0.039892027712392863,-0.015758573410822985,0.01520713026281495,-0.02239775716436021,-0.022148875454415684,-0.05025219789664348,-0.01951889413023289,-0.000432576369370552,-0.017322892889383712,-0.024459822530707442,-0.03094587715756869,-0.007526322941967978,-0.010971953936417922,-0.013263207417107181,-0.005738118506580903,-0.03306541008562491,-0.0005419203304801723,-0.005250404850845047,0.0007629942463907025,-0.029188552979835136,-0.017814623740153968,-0.007988789429428156,0.012119410436499445,-0.06582050135351791,-0.02735152431425314,-0.004327109327658785
2025-03-12,-0.01747872660231309,-0.020038250341436914,0.011699491808345508,0.020987498220216283,0.03076726968894894,-0.00482678392507041,0.0271792499155441,-0.0034612581312323254,-0.009151149228031952,0.008784477848364336,-0.025088500189349272,0.008053880522502332,-0.009316493938404058,-0.010738843983521873,0.0027315055922412235,0.04550048469603496,-0.018147793676735136,-0.005411618878179647,-0.015484196383398041,-0.0239927818304404,0.01830022621791616,-0.014567740251222983,0.007412191713445093,-0.007954494150925417,-0.0274375812481803,-0.010095739678063098,-0.010143242275753583,-0.019341667792069805,0.0021075304258886263,-0.025617605499375418
2025-03-13,-0.03364369478238116,0.0004480203382628556,-0.025139524437347016,-0.016567569025327744,0.003274586035690863,-0.01425486972913026,-0.04511921355986648,-0.01306653344768105,0.006157110791689568,-0.01913734820058921,0.013426649957946735,-0.02034697549242359,-0.041883991055125414,0.0016477302223132373,-0.0153427661105211,0.14603483622811297,0.0008597070883873403,-0.0118911087565714,-0.004575345065649605,-0.006345984164233376,-0.027555906759803017,0.014568803312547951,-0.011741172746800088,-0.012775411100546252,0.0013065695156995183,0.01567520218623586,0.0008521952505646802,0.02629724134914846,-0.012889150119388182,-0.008215918830916658
2025-03-14,0.01817060221144473,0.0034224863481977508,0.02093969555611075,0.035877323924875304,0.015628860908271536,0.018991317713757505,0.028188841818814314,0.013909814415318689,0.022199083256996266,0.018271926172053865,0.020424982557183613,0.03163042976389252,0.011691892767121459,0.013450103750163978,0.010374288682471144,0.014767867630974818,-0.0011044839521515692,0.032194947088564074,0.0007235107952368036,0.007831830490377945,0.029500273355596462,-0.0014783454199585044,0.025846893632518464,-0.013491023810155323,-0.0036775570910818622,0.019418642183733903,0.014807281927621707,-0.003202868743924947,0.009891961953259809,0.010059182870393313
2025-03-17,0.002388837889784501,0.01102926816436467,-0.01116439246854839,-0.004705827439679955,0.0002472563223876456,0.008832997852302071,0.004831905727321617,0.00644634361235763,0.010826613379701255,0.007299302609270031,0.014606493725095815,0.018341245469833067,0.008027084531578854,0.004535231647720517,0.018602796420728707,0.06819132428369734,0.0001843640503900179,0.006410282176485316,0.013880845357856275,0.013808049522779031,0.018615793570598616,0.01098551827150085,0.0003603001506342629,0.028467646946578107,0.010656558826118046,0.016174077388090957,0.021221776114610735,0.0018362384735786108,0.008288121502768142,0.02472166591101388
2025-03-18,-0.006121382059509739,0.00466614117634534,-0.014917738259935254,-0.006278943124485514,-0.0017299893032922675,-0.01730689826321552,-0.007195117521456407,-0.009689656593031115,0.013167847624899531,-0.00010069201108653392,0.0026659976276011133,0.0007979642077251548,-0.012876575002371937,-0.003231640469851249,-0.023797344454533298,0.008952881956207692,0.00865881865121354,0.00444584261561376,-0.010553456576712694,-0.001217304913276318,-0.014946798171321274,-0.0007383916723197048,-0.013326461969701775,-0.005291765526653336,-0.01207565333368299,-0.017463007424612154,0.009578790292128048,0.013287371292013406,0.000657584781892373,-0.021381139911194058
2025-03-19,0.011989186652903605,-0.009100888164283893,0.014106347155876442,0.03018433204068338,0.06839133064340963,0.005672501063300972,0.0023679261553517517,0.013598667368311057,0.0201480706092263,0.009461576577968644,-0.011167332107406946,0.010076500355815643,0.011013602648386023,-0.005196881478841897,0.021623772675225528,-0.06944441480564656,-0.007671223612596978,0.017619235197143812,-0.0014412781153184673,0.010935449104711559,0.015173594830790504,-0.00739036728365472,0.011211926620843915,-0.004365049463954551,0.0051279385903739705,0.0031475837951548957,-0.0011909326454970781,-0.00655656611760147,0.015234301498518787,0.008645990622643707
2025-03-20,-0.005296311389961117,-0.0022485258063701385,-0.003017266841301769,0.0006649363507198469,0.0012165839404909562,-0.006998897060435771,-0.0012886348584250085,-0.00818063722575757,0.004388942129801565,-0.014258742521109369,-0.01559559786642728,0.009581012506777231,0.005941849133632715,0.010735677292302404,-0.03555423523491352,-0.006633571691278095,0.00018406470577936318,-0.00041828783321629093,0.006206609917453365,0.00026070683622481106,-0.012662312910058038,0.0075517398861102425,-0.002526913475780157,-0.015481432935451789,-0.006050966432212146,-0.006811467331316101,0.016096884624442254,-0.004324076831951462,-0.001088569353730362,-0.0060235567615813945
2025-03-21,0.019476821228993524,0.0031742592105310496,0.006463245885351521,-0.0011813994835050412,0.03055024430572062,-0.0013977764203619847,0.005698401499523831,-0.005278771078166544,-0.0001214249132104328,0.006069268026020147,-0.012018587734579977,0.004372220621523537,-0.01229189132953945,-0.003651242265054533,0.002260395432123641,0.012520916355276412,0.003741864554838603,0.010961929064972953,-0.014919006124369139,-0.005081497440691973,-0.006015795169650451,-0.017101303674901258,0.011425892031657447,-0.05455059502250459,-0.005132835607222441,-0.01094232545972429,0.010854629179733122,0.005485678106784686,-0.011310665669154951,0.004732758387774316
2025-03-24,0.011270364087025753,-0.0052526248782955864,0.03593082692897376,0.027170920756146355,0.015664439259850615,0.01754116345337109,0.01902927138160515,0.011111160790395758,0.0016389082315864112,0.007239045475016859,0.0033176298999781917,0.026471025264103387,0.0359390095536003,0.008233438853896713,0.018780480246842535,-0.0016488423392396756,-0.002077907516430444,0.02661090176394887,0.004077531226972297,0.0007530750479745052,0.018555414161634642,-0.00859203551720844,0.004651579309156606,-0.008095322881491729,-0.00623903471027365,0.010673753823733367,-0.0006770595314788963,-0.009774911760896177,0.02445913810368916,0.017562174053848745
2025-03-25,0.013681927390928106,-0.02392016192562396,0.012053587883713357,0.005110419016619572,0.009342191809986078,0.0027805440152295358,0.009266924616531336,0.00032806128151419145,0.0055749787756558256,0.014274322819928464,-0.026729016847747977,0.010067351419631665,-0.0076421743649193186,0.0012745322604861276,0.0058361896455276785,-0.0008257040042115582,-0.013901593271270718,0.01237604060108155,-0.0020303731612146825,0.004089326235835911,0.0022853804142171086,-0.04809867490113817,0.005291621870590513,-0.012613028897767609,-0.016903149872639633,3.869446079862726e-05,-0.005943882873436945,-0.0016069487856420483,0.0021811693833950763,-0.031203547336227433
2025-03-26,-0.00992178029012214,-0.0037475242900468775,-0.022264360904062586,-0.011744559908100305,-0.022126038486011246,-0.004407296342347711,-0.026402345210088884,0.013280811198167486,0.012233306980123926,-0.008168502542674205,0.007361224457002491,-0.02051404958660208,0.003157969507745717,0.004714242627533061,0.001760652661048967,-0.0322314323163172,0.004347194626484585,-0.00039820506370258357,0.017584663636043274,0.021699367484950827,-0.0053421312286650036,0.0027311795975222264,-0.013133914466157526,-0.01202290762642555,0.022904404707283055,0.010830577203772673,0.009290544996589656,0.015865646263444333,-0.0012768284439733657,0.0053091436096883715
2025-03-27,0.010472734480756252,0.00019621492313159905,0.0011435177345771042,-0.014420245625695993,0.003136362638041623,-0.005306200077799472,-0.011317087461848563,-0.006472536720238287,-0.007858549124110992,-0.00327448656707352,-0.009555899773693866,-0.0261360407924337,0.0016568388417816937,0.004926763707671977,-0.0164974813984613,0.008539742198459432,0.008718882786785676,-0.011592309062240624,0.010282685606801234,-0.0028381576798934827,-0.027770310561334832,-0.00578819367400607,0.001564152436454025,0.0009127208204111614,0.012786816342015284,0.001601332134964606,-0.004785952218107625,0.01765504707342158,0.016502851152161435,0.004928995706532602
2025-03-28,-0.026580409994609533,0.0038592269012986957,-0.04290822091507418,-0.024042327994335366,-0.032382351806114595,-0.028322985580010895,-0.028220742630055806,-0.008794731828422053,-0.0033603114648562693,-0.023693366573062202,-0.02497176434467241,-0.0282688255000888,-0.012626466240637568,-0.017882962313367945,-0.00897612391961955,-0.03852674523403099,0.003555434587491746,-0.021239585522039972,-0.005230260761338923,-0.017909151229324016,-0.02425242819227269,0.018607368978986072,-0.030160297350906418,-0.03814593923868226,-0.0040305681619869915,-0.0033879243327896713,0.0006205236475778086,-0.0006672214153415901,-0.020036370926621916,-0.0056054956085545005
2025-03-31,0.019412605542204586,0.01498600475245726,-0.012764667384211892,0.01344734200941522,-0.015925189231526082,0.00033359451610026625,-0.005963705309330436,0.013966488696451673,0.007225026984633898,0.006423972258432276,0.01629811546340587,0.005836656682356223,0.023286280690764993,0.006703403122377161,0.01909835138917093,0.0,0.01301073686690235,0.010088527975936845,0.017763236474782174,0.01719368987698866,0.013946578916111951,0.005939743400974029,-0.009002027323099293,0.0030020242641632944,0.01422341789725734,0.010198796113279007,0.014940651784139058,0.009570406245370755,0.022196251331992656,0.031004063842625662
2025-04-01,0.004771951175297495,-0.01486105889672451,0.010038913682617334,0.005315015397094669,-0.013954880329672181,0.0023348519095083287,0.006856570027827802,0.001458414605243874,0.0072927018422475065,-0.010334262554667517,-0.008877412745113,0.003953986550728095,-0.0026465943765699995,0.008028395652032394,0.006756185932247805,-0.029062081638892123,-0.07591645717492779,-0.006685659061667848,0.003490663965350249,0.004033721835019488,0.005515509116949646,-0.029411785279470304,0.018114392684444258,0.020163940946990033,0.0008215939658886562,0.0003025116761914415,-0.001202758640369117,0.00044092170337561853,-0.011727470438592125,0.011846431856614714
2025-04-02,0.00313635061160511,-0.003975026688591954,0.01998228846583383,0.017635366242466644,0.0023190782773074847,0.012372561965990903,0.004959366165152135,0.00032365528783451225,-0.012106144767143556,0.0020473706575601103,0.008090251492927747,0.02671158693093756,0.014691365509674092,0.011899694120197424,-0.0014380473463672105,-0.0031745894442738454,0.013768268938483041,0.008864779913000387,-0.007513580652198981,-0.006536433665242036,0.0006093098267134778,-0.005968829406394427,-0.0001306914500899259,0.0030881026737004103,-0.006214850563420415,-0.00018892504568124302,0.00015284715320396103,-0.014103186251461453,-5.784843338385581e-05,0.01046945437049751
2025-04-03,-0.09245617749533397,0.013575469857579403,-0.08979129298487254,-0.09965491322575293,-0.10471045415356628,-0.08635641602518629,-0.060064906417475306,-0.06676442920819103,-0.06217336282654473,-0.0923579696645842,-0.09830910149774985,-0.09211507277122777,-0.04038927185290209,-0.043103743817100026,-0.02596200145342975,0.020473192552836084,0.02870759296151837,-0.06968513209436544,0.02593575677456217,0.021471198321432183,-0.054277114476095956,-0.002424942074906511,-0.02363022395558223,-0.14439648767045787,0.01705021739972934,-0.005255397731420031,0.03295114292321677,0.01966922368578805,-0.020038598565878307,-0.027852008095176628
2025-04-04,-0.07288733474248388,-0.049895097491187146,-0.041533565999713695,-0.05392716755862226,-0.09489104086354372,-0.057823039082463,-0.05669395170843061,-0.048333606162724974,-0.08224433958924404,-0.059770339097619196,-0.10362357066756711,-0.07906420945124815,-0.0056476374124387885,-0.07591452363101403,-0.06575226641667331,-0.1150245157647507,-0.041171310146471796,-0.07483836456733695,-0.04441117642189096,-0.05705847971986511,-0.09181342241176693,-0.056950914759367866,-0.03556586475610224,0.030046752066017035,-0.05011898880974086,-0.07920946273168872,-0.02847678616674898,-0.05677335775390324,-0.0773741305369604,-0.04664220014536957
2025-04-07,-0.03673428915114274,-0.015965364012338168,0.024912248577988017,0.00256763194640075,0.016619110720564656,-0.027839552046462046,0.014329641005280225,-0.0023836092967380873,-0.021845524492179358,-0.0027535191705587714,-0.024113539763210956,-0.01125713369182324,-0.03500975557318298,-0.01848257383048335,-0.0074732081703631215,-0.014105827771514479,-0.017097460277997745,0.01978318847756122,-0.022307772242100787,-0.0007328245601655459,0.012922631399976181,-0.0035596743260692953,-0.005502388142521575,-0.028646310432569932,-0.021496265540143833,-0.034797244939196004,-0.0006666633458032312,-0.010457692781298267,-0.0025867617063239923,0.0076932402734328775
2025-04-08,-0.04981818543870231,-0.032551939884256864,-0.026246667744515673,-0.012335608107310159,0.0038167850854622376,-0.021852323465688328,-0.0009009014108209978,-0.022422352241817878,-0.022975302392152286,-0.018967538365816217,-0.0621366715416396,-0.007067552488767004,-0.01835974473228197,-0.024538589701939895,-0.021038102204449793,-0.07358204172269156,-0.004116209267499116,0.01133177699090604,0.0007312275682371805,-0.00020034666703383497,-0.010812965666305185,-0.027469927228645052,-0.009221500865753463,-0.042078681413101005,-0.011483452927969817,0.011546775441145574,0.05408821184058099,-0.009629081176751542,-0.012967548463629908,-0.02433514308365181
2025-04-09,0.15328860338175065,0.038642698996231406,0.11977031526306248,0.13384331104943015,0.1537413589813228,0.09881722895253664,0.08680686694846718,0.09287468312096414,0.06645731946398503,0.1189426926056465,0.15691606617764609,0.11823374409873066,0.06010634761948164,0.08881105037007031,0.06460656273402354,0.18753456609289443,0.006466610655643024,0.0805551757496108,0.022361812137530857,0.013774599940929999,0.087763504303769,0.037492253481782756,0.10133685003898307,0.11357238465378172,0.0248124491425461,0.048915597826690194,0.04596064431169644,0.017073831507511628,0.0783729277951648,0.09548854491897218
2025-04-10,-0.04239385731920353,-0.03325444907842012,-0.05170070417193329,-0.058964841301365145,-0.03295611746287774,-0.03936751897813073,-0.03638859211793066,-0.026492412539075083,-0.07566937343622904,-0.06791339421283404,-0.0860683482554363,-0.052372957808354825,-0.004980561476119139,-0.02867901106516413,-0.02447826821026744,-0.076637318776416,-0.015102280687849023,-0.030852557789603163,0.01157972316205469,0.009277544462668263,-0.03867852862344667,-0.05322921291857641,-0.02340645096000371,-0.08293997891864824,0.007639028198012543,-0.011809803357526683,0.02748498875818628,0.016772384783281247,-0.02352377505701031,0.011272437134188351
2025-04-11,0.040594485559310556,0.016239683650460357,0.020141230945248445,0.017173607208931907,0.008487603068201732,0.014836000598721144,-0.00047027143990574505,0.013076621811539901,0.0048155619758369905,-0.0039892034381526775,0.041773595497580196,0.009473286246318269,0.0006787196685611452,0.026681748619336032,0.02583307733706519,-0.007042223116625057,0.020445177505992396,0.04002457297136708,0.009468620752158818,0.010170081305388212,0.02241119958469029,0.021018666267785813,0.018618049206384546,-0.00018394949272504402,0.02048181857829645,-0.00016303066702594293,0.008529520011255842,0.018872377235944926,0.027078684438771372,0.024169524664686914
2025-04-14,0.022054050996684893,0.027764318359112306,-0.014875318183769082,0.01692349772361168,0.01555727173156507,0.015914174157679373,-0.0017647685637753874,0.0013953789733518462,-0.0022854614728594624,-0.002709405800783604,0.015828244458811813,0.019294512219655058,0.009438801457282597,0.008562139387018108,0.015203036883116638,0.028875364814248572,0.01733331523688264,-0.0062658207403522015,0.014279670211878814,0.019909747261673383,0.00044130074247306084,-0.00012637946907534392,-0.0016475979191296064,0.01875351575300188,0.013300493582506956,0.023293685891502935,-0.020701556797874776,0.013034507311052934,0.0053389191681949555,0.02079736331766524
2025-04-15,-0.0018764476411760045,0.004694927551182504,-0.013891933050343641,0.00971103133605955,-0.02360619371956363,-0.01573191936037055,0.0014928287173474608,-0.0036579517620118907,-0.005764317292426768,0.004134237810608843,-0.04085871533752561,0.007758304205773836,-0.00865069501492588,-0.0071909671769091466,0.006860202383450309,-0.02264889692606953,-0.0047937982515486866,-0.00677399706113091,-0.008143480222330912,-0.011358189731349277,-0.005514394754227214,-0.009852103453133365,-0.005363371950434126,-0.010467306807472099,-0.0039022807643642743,-0.00470420197424648,-0.005910791525026271,0.0040632174774855034,0.0018795192634246671,-0.008022784672792604
2025-04-16,-0.0389333647218012,-0.042871433017256155,-0.029288905919567454,-0.01915772027164131,0.0061085193039081,-0.011212164887345333,-0.019966243223230817,-0.02517485782252149,0.0060948013438422155,-0.02634994813781122,-0.008303278291295069,-0.01740538137707659,-0.022930695846746785,-0.02781553347433574,-0.008849229943929005,-0.031234298605463895,0.001887717759587293,-0.015098872842229882,-0.002504875534182105,-0.010816663241827174,-0.0354871340181282,-0.024620527398509062,-0.03660599498751338,-0.02334500947498308,-0.012346416585519826,0.011295367519796207,0.0024845250709322197,-0.01955929009011903,-0.013340823174748606,-0.029583947763365703
2025-04-17,0.013949632775603904,-0.018928780649434485,-0.009866352335440198,-0.006365616385743622,0.034703090901892164,0.014165518444454461,-0.010326599817404802,0.0,0.018543215706623428,0.024646598998225855,0.024754272779450748,0.020919724520140237,0.026214585973288518,0.0171771769317417,0.0010060179229571808,-0.015600584721889077,0.02313043800864012,0.010234765688269087,0.018415178814228605,0.007117215724234072,-0.001916328996690253,0.02014124885022195,-0.010306485683395428,0.04126983228839576,0.02548232506488568,0.013387205382262346,-0.22379661760952274,0.009860131903203007,-0.0051911397337727205,0.022261198386777536
2025-04-21,-0.01939280333250215,-0.013018865287114156,-0.030647084568839134,-0.03501659762508036,-0.015812215287855813,-0.0276601668321923,-0.04448760823895126,-0.024928209171670268,-0.030028308560098083,-0.009550667671763935,-0.0010655646109005712,-0.01595711327385263,-0.022982003800191775,-0.012055067077031079,-0.010845414251654972,-0.0047543661456403985,-0.0034928107838737565,-0.012803940634807387,-0.003150821718282959,-0.00828767829006316,-0.03164116754568036,-0.001922961789800337,-0.023546708713903963,0.006456206899026151,-0.02254484653191935,-0.02450563858704269,-0.06337683943656836,-0.025204371648210655,-0.028852314653850297,-0.008689081668303733
2025-04-22,0.0340650774735225,0.017246371299472374,0.03502262189247651,0.04086438882717136,0.01995737421649557,0.022582094466554237,0.030178592858609132,0.012322969089169078,0.026695547738846637,0.02488094623704895,0.0312943407648143,0.03715892635934859,0.02170656000091742,0.021315135688098508,0.019812015096034807,0.035562636457936225,0.005289344608227831,0.028822119504714028,0.015528540939664826,0.03355779759434041,0.0812119232648345,0.014386638282668729,0.021441371323706937,0.016749949174931,0.012850762575461694,0.04695714569740139,0.004349664156118704,0.006056377997224915,0.03530149949370176,0.026403955955170533
2025-04-23,0.024331588268553084,-0.0017958983679836615,0.042845673527805994,0.03058403738716109,0.06060786725191858,0.015798347762870923,0.029130276371042374,0.010719597196005015,-0.004515671437432145,0.013938903793554447,0.0,0.017923310171495732,0.005614570786780959,-0.005343697551695614,0.01901202090248222,0.055356223015685435,-0.015023828721588028,0.022454323153376254,-0.00811906056372047,-0.0018803478687346997,-0.001980544972714604,-0.002912568868647991,0.02063681888653135,0.005783264031247182,-0.012806879733844867,-0.008534073881789284,0.0018259764021049119,-0.011345292862585565,0.008961959930279706,0.0011597715020956745
2025-04-24,0.018426216744764412,0.006981004590226547,0.03289029336584037,0.027600433535574398,0.022567729302328976,0.0374952713215253,0.05677098421437865,0.011863982110775328,0.017486200790057804,0.031160570117269693,0.026206906889880033,0.03034149046378176,0.009034401027609551,0.01738384506988333,-0.06578945868191532,0.04371052024577837,-0.0028961939623618482,0.015609398496119864,-0.01064129208517206,-0.007096152303112557,0.020726072592250233,0.013969955152212776,0.03448266536748945,0.018992944073860762,-0.03741019733530082,0.005095034200079507,-0.00866900184687558,0.0025762348697988546,0.004007553540568365,0.009267019471798532
2025-04-25,0.004367192781353779,0.0035734252259849164,0.013133978209558528,-0.009389516955971344,0.00958812262609432,-0.0013359798074904505,0.01190028191494541,0.007461399066627017,-0.002444895327209151,0.002999637064654337,0.008736574955859666,-0.0009351076856783935,-0.005728031419262147,-0.00787091050991151,0.01343044103117097,-0.06700793622124324,-0.0022589368124028564,-0.004455520581683636,-0.008411394211034096,0.001644412874789447,-0.011232644491524946,0.036322699932771485,0.011748048639614872,-0.014705929242549542,0.009340044054489738,-0.004761918883444793,-0.0132233390756763,-0.021023278895377584,-0.001608486123825359,-0.007825595339138292
2025-04-28,0.004109335285442661,0.008011605809404854,-0.006825802991833552,0.000528764007457827,0.024445103557831693,0.0019904245418511657,-0.008250814690663688,0.002292332329052016,0.009875487585125686,-0.0013291469817315882,-0.002331775263284208,0.0028264887377789094,-0.0018456785358903494,0.007531728249025038,0.016135267394122854,0.02294269373192903,0.004981154774081897,-0.0013549024758711115,-0.0016687920064526462,0.00022096026744233832,0.004442097097038911,0.005438777400555317,-0.0017608499685202172,-0.005380055359941127,0.005154540419469278,0.009453555279806292,0.0032485952181486866,0.011453180069117774,0.00698148849135527,0.001367194410440753
2025-04-29,0.005091876364272663,0.019322590782300253,-0.0016515586767922308,0.007812637777260045,-0.0016456557692576812,0.0011071934080981727,0.007980605944174712,0.008796608617394508,-0.005710228716853116,0.011202161224093565,0.023372318669000025,0.004611941664643071,0.005827589864324967,0.05397183482048029,0.013677138312105708,-0.008288643315301103,0.0036048485091939586,0.005756062573223364,0.007800424178339149,-0.007291450128847021,0.0032625805298149846,0.01827145110058903,0.007362745725530306,0.004013232340171147,0.0025332009118561594,0.00932688516890301,-0.025642842861572812,0.013210722675795372,0.01188108118820641,0.008611769439746064
2025-04-30,0.0061076408542186655,0.008178464031613597,-0.015849304820837684,-0.0022843963514588284,0.006813216995406934,0.00608332967748626,0.0035479205218156284,0.006801506773685295,-0.02325934391786777,-0.002413038394385225,-0.001957695162291939,-0.0024958963408762136,0.004150505969534146,-0.004681136161113542,0.010150886589270325,-0.011799398688186802,0.0025655429737203583,0.0,0.0027644415993930416,0.01637520860099051,0.003830076480788147,0.005784254738093075,0.0030960706928484516,-0.019812244715538663,0.0019105354357897841,0.00030298138360729254,0.005400325428610575,0.025843923284430748,0.011653803295947007,0.012598850919915972
2025-05-01,0.0038588679064202047,-0.024542870647373927,0.031341496782804956,0.007995289435916098,-0.001910096556555052,0.015164749876104278,0.0023073084703422175,0.006755626029660178,0.0014700036732682165,-0.001539276529005651,-0.0019613378730981568,0.011469421516039358,-0.006075180247792411,0.0011402789325356544,-0.008932281982893087,-0.005970190893330951,-0.011835334733639846,0.009279729602511999,-0.017367367507218234,-0.018801808473684622,-0.007270974493899018,-0.022769795435521045,0.07625359238228668,0.006382944578130267,-0.01593156387303163,-0.010146451221323405,-0.02615197521465451,-0.017249114956103817,-0.00882773780293733,0.0016452657064622844
2025-05-02,-0.03736178537402268,-0.009021073919537548,-0.0011566836184702112,0.03094507192211693,0.01405220259607165,0.030959389502943413,0.0213492690681103,0.020819087532810032,0.016439155954980134,0.01850013442395837,-0.0036030173160527257,0.022154592473821344,0.01735974455660827,0.0160861136789201,0.024576440482563466,0.03203209768069071,0.010746966816535641,0.02276311154071342,0.005049916222991113,-0.005356451630467607,0.03031186926465912,-0.0009609261993784868,0.023225235422526413,0.03224107155506295,0.0033754313513771894,0.022795871746063012,-0.0018967755902877803,0.010161681602804729,0.015038600442325523,0.013756289822597578
2025-05-05,-0.03145842645609831,-0.004124770386040422,-0.01910722026349243,0.004262223218090666,0.005391998079363969,-0.0017610974393696965,-0.008906476533397711,-0.00016872254333366588,-0.021660564617417943,-0.00410850585480016,-0.04832346357079775,-0.011552617845667967,-0.007653821223366553,0.0005604358135775644,0.014783149986448363,-0.01697382964232408,-0.007173938069298336,0.00019796671634009222,0.0006977534016294751,0.012052771259514206,-0.009009032551987262,-0.004087534242452229,0.0020446601193089275,-0.02116406957517314,-0.010528231489282391,0.00048618732454541735,0.012227395994105494,-0.004572507088082989,0.002992005019393895,0.005873435964706575
2025-05-06,-0.0019106952436467317,-0.03434985807822366,-0.007190832051464091,-0.009567378304832008,-0.0026815401801807415,-0.006870620279736062,0.002677640760345046,-0.0016856780378503577,0.0007380393744531588,0.000651370050293254,-0.0051814285565315865,-0.018228546271607415,-0.006496604209882739,-0.02016339000858658,-0.00024087349966539495,-0.01628021293801507,-0.0034193347213854475,-0.013105744040849299,0.00027892850132760216,0.0033891360786177938,-0.019744305009165908,-0.045871530080530576,-0.006557093604503628,-0.005405451905113212,0.0026442458371715993,0.0019062812955832342,-0.02544402400863177,0.014010033345289052,-0.0026960893459455626,-0.00785261808583726
2025-05-07,-0.011384769833375663,0.01996750948218029,0.019998985551532122,0.003159315879343927,-0.0021510493699267164,-0.0018698642419838762,0.017815421707563228,0.005910162927983187,0.0014010426710713286,0.10762720793775893,-0.012152690183130366,0.004659854955288312,0.009377282407757814,0.02229310671198781,0.01706013719740085,0.018555612937562582,0.018320736663308912,0.0005616808949640006,0.009481250686255382,0.004229927471975259,0.004492089859731374,0.0010121314775968226,9.233172295664005e-05,0.027699910395662775,0.0002511454905296251,0.0030218220424189646,-0.008745025262582029,-0.0058891128460726305,0.0061833978270082746,0.0028411174568354625
2025-05-08,0.0063184946335548275,-0.013740027915434161,0.01785806262143419,0.02686080616693065,0.03308902495382737,0.012363858125119753,0.005427054697127787,0.0023501231260443234,0.009205383705729986,0.029679764106303352,0.02776794080707612,0.02496747605422378,0.0058166141164150975,-0.0003261705393475811,0.0030390061120115774,0.03397343930090546,-0.010425984407142042,0.01635996553614949,-0.016988949547383836,-0.014585247755276698,0.017888004913443334,-0.018579371787713073,0.011122679830935178,0.004947193772688152,-0.004017807975051024,0.00729012764099668,-0.01408997052002936,-0.006379432123697737,0.004058781690184032,-0.014165730497327056
2025-05-09,0.005266076204561099,-0.022753083327396895,0.0051020185245573835,0.002996652120137888,0.01643197290255527,0.0042251290346961845,-0.015442737525866446,0.0010049177198021564,0.010581024123665683,0.007800577945607401,0.008207912397541373,0.002474775692641318,-0.0058926119119644405,-0.007038271121735384,-0.012912941520831778,0.020000003633044994,-0.009250948953407612,-0.001538658332674414,-0.009133068410150824,0.0006060660686300068,0.01048768669478961,-0.021635441471964056,0.0012779564795986076,-0.01035481781029457,-0.006240218049179069,-0.003951044955069594,-0.012735056871059691,0.0,0.0036155052697439682,-0.0048870222505483785
2025-05-12,0.0631462266329994,0.03347632763543018,0.08070031092964336,0.050648478279918585,0.018886284631811634,0.05199308381459056,0.04865288364276621,0.03178849947346585,0.022600759481662402,0.042948814985536155,0.05088193844382416,0.04274377123473738,0.038267440541214004,0.02962026497581771,0.018017668445098334,0.03548086956932117,-0.000518751690014696,0.027540581206595416,-0.014038489200639104,-0.005610659193310719,0.05420749883889431,0.058707300304297716,0.02400115527343516,0.07341337795369829,0.020550512569528,-0.006265148868424553,-0.0049652954469808774,-0.013987637535612718,0.009389060494291446,0.0003101723456990779
2025-05-13,0.010152256278603833,-0.015686309308872715,0.01308471882441209,0.011307223976349867,0.024631035207352214,0.029163628264408104,0.001211899959267182,0.0017837010134429399,0.005154651245121045,0.008055020837090199,-0.006778492102207601,0.021087685007846968,-0.007939611446892814,-0.005106338030335111,0.019314925698475705,0.017132513775391045,-0.036979330558136736,0.011382683209994804,-0.008197953909301336,-0.010355379024471922,0.0027274415943332464,-0.04724611755815711,-0.00026709275849456926,-0.0030362078588198615,-0.013486596582882981,-0.011713719434905845,-0.17787466196308688,-0.008139454937318713,0.0024771205424505283,-0.00899236729492403
2025-05-14,-0.0028178284904083473,-0.030209050405937243,-0.005298742220089303,-0.007277505869686229,0.006390733769833901,-0.008169184154937281,0.005429184046380264,-0.007931315710658526,-0.004777010358934186,0.014006121566314755,-0.01949949233937065,0.012901517390875972,-0.0021146181611740866,-0.004765774497172082,-0.0029776879190238636,-0.04609924790772901,-0.01401241016607846,0.009999569268153596,0.0029003384595032156,-0.003854986134120275,-0.01897314235255143,-0.04123709756398075,0.00846058410505357,-0.01057858342905893,-0.004472902908981946,-0.008795149002873703,-0.010822626832611038,-0.007034142982114355,0.0008983810991969321,0.009908256558118111
2025-05-15,-0.004144455183460405,0.03587767654803731,-0.024161720956264898,-0.001832739663079952,0.007424796128358002,0.00042891490516727693,6.888150777295543e-05,0.048458137225416476,0.00416459948876291,-0.006375094757307576,-0.008949321289546508,0.0070306847682681806,0.015611286933858048,0.023528915271129325,0.03436500358996031,0.0013939952908343933,0.022205510765654246,0.00696411871452951,0.035425044731552724,0.02269919910898799,0.005815583546051828,0.0181027329185115,0.0022560766944148547,0.010853793129314449,0.027781190354539742,0.03164620542672414,-0.10928219664633088,0.026682445874453675,0.016383295433823886,-0.0049571993347139465
2025-05-16,-0.0008985807760553133,0.011510923469444156,0.002047074000553817,0.0005675997907341745,-0.0020364534414213376,0.010777246819856146,0.0013411455545322415,-0.009959658935681404,-0.0011245503630062936,0.01069328308866413,0.009699001338002278,0.0050820456657614255,0.005678226809255449,0.007777193639848301,0.0003001521380945338,0.005104436855960071,0.011496620097968924,0.00026186368022496076,0.005446105020686209,0.013132713469784063,0.02937991905882753,0.016844917261156,0.0025158653272328024,0.011378157809203149,0.005356876472865313,0.010077601936205882,0.06400568268547979,0.01172953457448167,0.007783681594647707,0.01961598024070499
2025-05-19,-0.011739103087880398,0.012628025633903528,0.0027725440652370814,-0.001401425404712331,-0.002769445651223057,-0.002856438515864146,-0.01208985258836226,0.0047155401975229605,-0.013533799995399387,-0.006700750436441472,-0.002649899127173172,-0.010871861306305242,-0.003676554614001737,0.009242585306001638,0.006185262563000338,-0.01292708627045358,0.007665341068708642,-0.010016468914749832,-0.0009721279639642866,0.008223344881418404,0.006727184177607759,0.015382516717345363,0.010126049267301873,-0.016320691310964253,0.009125438640435357,0.0033257233372061545,0.0821487137161021,0.007274452576310431,0.007613912750793261,-0.0012214152254840238
2025-05-20,-0.009196227967492532,-0.0030451035891223555,-0.010137739138364021,-0.010457551649689312,0.011790490469892001,-0.008735858754957415,0.0014949925586240642,-0.007822266105335207,-0.00880926752968203,-0.0026628457057188415,-0.010627625315482336,-0.009439845101763322,-0.006141682250402347,0.0005334108886128064,-0.0054393908858234585,-0.0051449348606515954,0.007672610198560914,0.003020129522598669,-0.0033365476460435195,-0.004451776003056018,6.493742421032067e-05,0.009581811600285706,-0.0015254082315715456,0.007732000855773968,0.0052799604518309895,-0.0030232949313033775,0.018012569352374053,-0.00203124056498849,-0.002881173970986084,-0.0032612205738277167
2025-05-21,-0.023059151208633444,-0.0133450777498626,-0.014455883280997672,-0.03433846173007882,-0.021476339839179848,-0.01997190918931413,-0.02006523602518262,-0.0034689026182659344,-0.012457245663194394,-0.016910014931181938,-0.034911105206433035,-0.021532642693415927,-0.01646993323626078,-0.014173934688983314,-0.022775872783684314,-0.02726844904671133,-0.0031237518242276385,-0.01746459018398827,0.0022317391371022843,-0.010506551885445026,-0.030814169088280607,-0.01269717538680637,-0.012222577672636903,-0.041240476761008615,-0.0012677664134269628,-0.009353000085542296,-0.057839412165720416,-0.01062863574817563,-0.023279990661149497,-0.014008275198942988
2025-05-22,-0.003612269777481525,0.002063887563004796,0.00984492359983613,0.004125754413299765,0.0009841884830199543,0.007824463489567668,0.004038483748229238,0.002531676044222664,-0.001991781527564185,0.006065567599988997,-0.0027826245224473745,0.008037461019875236,-0.0127008398136772,0.007932570238351255,-0.009583356574074386,-0.006766616403253156,-0.0037210981150380684,-0.00141732057519528,-0.009881778286023324,-0.006731057750823055,0.002543633925474076,0.011171600369603407,0.005060016987625149,0.022340805375969275,-0.0024179167508804333,-0.00025825234135878894,-0.020826364509781703,-0.014171368129614725,-0.0009210068032933227,-0.0051851655838379695
2025-05-23,-0.03024421041472658,-0.0008827014447541082,-0.010388973643241206,-0.006824990168203482,-0.0051620030129000405,-0.005214343315182446,-0.036306529509483876,-0.003945670213816532,0.009239383438391036,-0.012687772811340259,-0.01220786468543189,0.0005181808227305851,-0.009340991302143609,-0.007154612650101311,0.0010063612457236193,-0.024330901146618178,0.0021623232953431604,0.00015341564739856928,0.008855905597506153,0.0008272522619530154,-0.009594164774592295,-0.0033400121476986344,-0.010288843859711516,-0.02120021805214567,0.005029387343167935,-0.00014744810516076345,-0.003707843081486417,0.0044053092882410105,-0.012375270714395037,0.004274011539974865
2025-05-27,0.0252982519087801,0.028675617513049145,0.025026113945093353,0.029941871305523504,-0.006572454175939768,0.02364653642816328,0.01486473042538572,0.010140960488601358,0.00944787387417434,0.024061236019672805,0.021186418996803402,0.028720015928758835,0.021201457030322057,0.019952252330902587,0.01778602008154717,0.024937656809272957,0.01061722251957331,0.01756743376179437,0.00013927390494816727,0.0012080692193359166,0.012667687796305005,0.00012878356086454268,0.02334613806360042,0.04681770537193941,0.011455446038421968,0.017857185593768365,-0.001928503678346627,0.004155043853394602,0.016292297360441355,0.012871105842437336
2025-05-28,0.0010488493588676207,-0.00375739937580688,-0.006310081665849121,-0.001361735168513789,0.0023379655949713474,-0.005746694017361165,-0.00418489064616534,-0.006431427102689291,-0.013132066587358326,-0.007476026112851586,-0.020055335093120186,-0.011839606352287868,-0.006317434158081059,-0.008169251997600213,-0.011359039224281386,-0.008759046448164054,-0.005350798693408709,-0.006785110326589239,-0.008776835957209128,-0.0066995087684152965,-0.005552206268999327,-0.01830129753213483,-0.00722823215831403,-0.016711837108184913,-0.002384241641292917,-0.00808319802368418,0.010542247675218164,-0.008505689994545373,0.0011968836522351367,-0.0034843840369020995
2025-05-29,-0.002345059699954133,0.018462644221844293,0.004787005283780621,0.006885862014295752,0.03315132841578783,0.006580981148604614,-0.03300362594794348,-0.004578405866889512,0.013894974154380124,0.00448349009881821,0.01587872532455492,-0.00588393471009141,0.0006249000371054692,0.0025821955550113795,-0.005955842645903653,-0.005891057157065616,0.007544528304107789,0.003339726938850651,0.004778658692409454,-0.0031327026043623807,0.006524975816258882,0.003019634839122043,0.0028861223130092206,-0.005503397998029236,0.007170005696494952,0.002777234712228127,0.00020136973195672425,0.0046371774621158934,0.0074221280286643765,-0.0014397306072542193
2025-05-30,0.004501165153201203,0.01636443210335914,-0.0033544115296213484,-0.004502705307272703,-0.004130970226816411,-0.010688144246886688,-0.005807068282487227,-0.00015864466605175487,-0.00877391644507508,0.009105580790303991,-0.012460021708567859,-0.0023426270312151276,0.0,0.0065722307438809136,0.0014301993226855103,-0.03456793891059029,0.010613437489928046,-0.0013993510439285206,0.008532582336665762,0.006381174067926487,-0.008554433205395284,0.0057591320231347165,0.0036626028129052024,-0.013834569257095808,0.007890403949232017,0.0047010415390933424,0.012543184484787417,0.014539435940245093,0.007698783601826742,0.016683838920471317
2025-06-02,0.0042319709002895944,0.0010063698047770853,0.007999607012299847,0.004352983140462063,0.02001733431349151,-0.009654337405419766,-0.01413123447182174,0.012848993600993897,0.00833949801638334,-0.0007962159950840597,-0.019466526921942395,-0.002881242388020566,-0.000896087142406965,-0.005073399400774892,0.01868290459612232,0.009718697773523965,0.0012240361960718094,0.0024998974106447136,-0.00138690540688724,0.0019224654412302034,-0.013144675593818933,-0.0076783499131557464,0.0034973629578618493,0.02292737151362645,-0.012419760502381028,0.0023213163933293313,0.009307403907853562,0.0031847735321328674,0.0003558992587850973,0.010636097217926022
2025-06-03,0.007783811173800226,0.003813271499517379,-0.004548692041520419,0.0069753477134955055,0.009268413693498623,0.013723263086007798,0.010893796561367797,0.00798749856838521,0.012405732381203682,0.005754765514732307,0.021691252193862143,0.00853491129525974,0.013914647212238895,0.005542672194916998,0.004926189685169113,0.027862267010453134,-0.006306302450285406,0.006083172952323634,-0.01166661847718864,-0.000927395552964505,0.011817048690669907,0.011672056767956684,0.002164635609618104,0.012993311584948097,-0.005542942294804121,-0.0009770565525831776,-0.011485867128353422,-0.006122375838760075,0.0014780957082902724,0.0021049090478983956
2025-06-04,-0.002213711137626917,-0.008840613857745927,0.007388989179248462,-0.004909617535243216,-0.00679378249543805,-0.00020038561453350479,-0.004915536930422348,0.00046612609950336115,-0.015621757950846082,-0.0009683632250943042,0.017632273317159664,-0.00765119848691731,-0.001822732495865509,0.002998702610092163,0.0012066097237273254,-0.0019714595230369003,-0.007770954139380115,-0.00769893726069415,0.0029511385725775607,-0.002624953374684491,-0.008911171494477954,0.014648676157610563,0.001943917770565129,0.00641335639288898,-0.0053941751014268124,-0.015249761203251389,-0.002788724864626113,-0.01346118874081903,0.005849318775356327,-0.006301309850218928
2025-06-05,-0.010797728543074925,0.0003135054453757835,0.0032814165352026414,0.00010148772486751056,-0.013963541441347371,-0.0010591541609149546,0.015085390144182309,0.003572048815970952,-0.0034213780364928947,-0.008458842665404087,-0.0035361775467064316,0.011131304794375962,-0.002215577178470096,-0.0034293770028691606,0.005046690761245642,-0.012839517475646267,0.0028716755270148386,-0.008591237188762868,-0.006445346362259796,-0.00831277526709795,-0.003746390169663494,-0.008304457882887695,0.008213486205267406,-0.00159315257930992,-0.018981535683373685,-0.0030899118326978003,-0.015114329501359713,0.0013876699798316405,-0.003342448800102038,-0.013990881766077434
2025-06-06,0.016398234140678536,0.01125028208265988,0.027223334916139486,0.02199629674907655,0.008515925475614416,0.01258021450650082,0.02758843804391753,0.022284028866308425,0.024178305473055772,0.01217456657946614,0.01312994650744459,0.01340200320136864,-0.005280560020918479,0.009308695523738253,0.007531966461205242,0.0035017356491096052,0.008915811976308863,0.014430245639831751,0.00620501236835147,-0.00524309494288655,-0.005196209375470717,0.017392494846761863,0.00577321866697611,0.0020743908785914034,0.00749391067121441,0.00985180465024782,0.024946003387667837,0.011547243338029034,0.009406445504786642,-0.005002020129327378
2025-06-09,-0.012112531599563048,-0.0012053175271034,0.015966607137600786,-0.0030085780502568937,0.031831078548089975,0.013357921740516199,-0.008232855832685293,-0.0024219522650953396,0.003922550408828496,0.015452189396527372,0.029422031064004983,-0.0007817733520139036,-0.0057985916913032565,-0.007212170969655762,0.01193885727719235,0.02093719279539452,0.0012900129510156066,0.003800797223915353,0.0058865601247510835,-0.00839409188046425,-0.00872858075333871,0.004558678135399452,0.00503848856281075,-0.014171940431751073,-0.008901409959855888,-0.021593782810770623,-9.87827034155675e-05,-0.003424545562199399,-0.009615906510939798,-0.00020526907072304645
2025-06-10,0.006056021902935083,0.011897293802412223,0.0029035159702168745,-0.006764880765192105,-0.008183526386144724,0.0013963372437770794,-0.014802607863422912,-0.011380891204131771,0.018400184959453725,0.026543273935225153,0.04457298666798515,0.00220040755584483,0.007420685471589472,-0.0038303554934041584,0.015289623671126629,0.07812502037268176,0.00785934942312183,0.006973229774030587,0.008081254264720172,-0.014272523240082657,0.00575469334720391,0.025463165639685093,-0.003870955788897623,0.031658778182917846,0.0017224138944007539,-0.013799414382240638,0.0019788273991960814,0.010996441735731555,0.01101847041174353,-0.0013339331471771132
2025-06-11,-0.01919373183369144,-0.005520899461848527,-0.020265629565462184,-0.0014021560484118734,-0.008019263717614855,0.012745116306946525,-0.008612300355818614,-0.014735224233330957,0.009975584788607161,0.006653734804482614,-0.0006513965016092804,0.015125126392067756,-0.02024955688745622,-0.0019447189560208855,0.019113839240031627,-0.06340578004382924,-0.007606350687846208,-0.0016754315973561695,-0.0038700242583737943,0.0042939101435945926,0.014614685792639692,-0.012661366407230035,0.003609936684012771,-0.011899104756119439,-0.004482861162480201,-0.006577923148083253,0.022285154620536485,-0.00883740023484958,0.007040693398192133,-0.015618588987753479
2025-06-12,0.0021128663073402,0.018779321785975522,0.00018765734284498237,-0.003711239083139972,-0.04789719626168221,-0.006003282919492148,0.0037607148714491334,0.014176643908563769,0.0013123646647510423,-0.0076137972945142796,-0.017601153718218798,0.0015060606988699377,0.007490415568999653,0.0010185861893197146,-0.0017405470986930904,0.004352038262076974,0.009017212686186493,0.00033555633150461617,0.002358774553709253,0.004772568033321045,-0.016374436122628233,0.01867535359875916,0.01322416034564955,-0.004912080052987711,0.006600266744041683,0.017912537563569364,0.025566639500146815,-0.013260252213320722,-0.005116437225383463,-0.010125297213539608
2025-06-13,-0.013805194198080128,-0.006962852903049099,-0.0053460859139069505,-0.03422932238914922,-0.01683431988113493,-0.010832190692685484,-0.031883482459505785,-0.015514726925828781,0.006484134194340463,-0.005648786451965315,-0.007962775231091124,-0.01850880347999917,-0.023405664184852126,-0.007785884941270749,-0.013557198357091016,-0.03033226067550443,0.0028086182171056517,-0.012264987424608798,-0.00989826189763332,-0.004123253147537476,-0.016923298769280337,-0.0013444555310013762,-0.008165077904118911,-0.0361465010032177,-0.01777167979277039,-0.009325069213067527,-0.015604299650728626,-0.003475605284630201,-0.04994613449205343,-0.004112604974656153
2025-06-16,0.010028022576847206,0.001151662259115671,0.018859028217320217,0.022342704781957545,0.006888925586898242,0.01509591230451246,0.021207517610126292,0.022156354124480915,0.0008224427211733776,0.013057552672277595,0.022408006987725493,0.023323640946831814,-0.003101637234557475,-0.0008917404990622657,0.016629252649812853,0.029791479625273176,-0.011966876197113452,0.020418834833633603,-0.0070402061252180514,-0.01861479210427819,0.01932259133682601,0.0007416178738264279,0.00880080681316353,0.022633402869330466,0.003743556967224171,0.006338512135621421,-0.011756387370992605,-0.01185761977234967,0.007453644450073682,-0.001588384347144145
2025-06-17,-0.014010737856372857,-0.018642637441896093,-0.005923177895162723,-0.004792212098979953,-0.007139328027732983,-0.013133169844415926,-0.0042443052752511035,-0.0027476609864846013,0.019311093991561723,-0.011299044378445755,-0.03696433044919356,-0.005112535095702531,-0.013519579565590467,-0.010263766901079552,0.004328878578085504,0.0028929347446733367,-0.018296578569703792,-0.0031069454163109578,-0.012762175769332584,-0.013432799426787212,-0.019714550140712883,-0.03310274569590588,-0.00229581711185578,-0.03069465472059174,-0.01466929490888147,-0.002753312014724507,0.003932856155763442,-0.015294090108436742,0.006638907180935849,-0.000424140080164781
2025-06-18,0.004804711390223648,-0.0014479053710410028,-0.010706651956707725,0.012328762377448621,-0.012883261269472479,0.005927066650770474,-0.010840812183783854,0.007806548460382201,-0.00443409061681399,-0.0022855951803600894,-0.03192935267454411,0.016969723654714608,-0.005017482455549893,0.0003607316408300587,0.0005653678159678321,0.03317310381570615,-0.01082827305032974,0.016473641186445676,-0.005889161791651221,-0.009168284565064466,0.0021093782730681188,0.012902410537218412,0.004602071906124383,-0.008166678029284724,-0.0031542175718185517,0.0018532128386266056,-0.0054067748241842795,-0.004301088049134649,-0.04879272889511921,0.008912428439183495
2025-06-20,0.022484522595249024,-0.0010359928344898517,-0.013316402099383007,0.007320650745712642,0.0054128255962335725,0.002001043993188345,0.004354539055922535,0.0072904890792993005,0.009177503068554804,-0.001951414772437543,-0.025964906091770712,0.008752499445214834,0.007463328237795386,-0.0003155171418928182,-0.00790936798905073,-0.019078634331264,-0.006236304303408158,0.0037963242280754095,-0.005346175280452448,-0.007492382254341012,0.010665992279840886,-0.0029006752463853758,-0.005913657689811558,0.004705116709045942,0.00670799751770379,0.0003020459695153299,-0.016894527230299272,0.0007200729083445268,-0.005317598471054286,0.010831958423433763
2025-06-23,0.002487626530422782,-0.05837615447889566,-0.005818118205440093,0.003482951697325154,0.012880490860849081,0.01583837235479124,0.010666445481939624,0.015982967420591798,-0.01798727011397727,0.0010201087193524305,-0.032060503239183524,0.009488186824396339,0.02099418704610878,0.013255238123075497,0.029220166272139414,0.00521824529173065,0.010214357765233384,0.011890779603335178,0.01307385432691377,0.007166145889497821,0.02478649809198563,0.01391348124227143,0.018014197945895427,0.016557953255922575,0.01225787090940722,0.009962881969585613,-0.0044038301724044215,0.015827222969727606,0.01529962954458397,0.018206328826826823
2025-06-24,-0.0059553368706062315,0.01853615507846107,0.02062648355436747,0.029202810587388495,-0.001837937120235722,0.018540127821204955,0.029459825128168804,0.007569153871872514,-0.02253853791795868,0.011940325102452354,0.024562726638925447,0.02354375253335439,0.009693031503520633,-0.0006229757567585148,0.015941602901180962,0.06418115472989605,0.005749429391315397,0.010745063360835472,0.006739253029488967,0.006735405288848417,0.015379411454250258,0.0019959688989463764,0.008456773658048533,0.010529781078761902,-0.0041605501551365,-0.00553019578164371,0.016429450632115206,0.006373956589897256,0.022923569596008164,0.0013282869131050479
2025-06-25,0.006290573788700682,0.0103066790862536,-0.0036659245365152637,0.0006809354424155423,-0.010152326665352485,-0.003860417473155797,-0.01257514997248177,0.004418894504539583,-0.0022292371318395343,0.006489663905623111,-0.025790084400826085,0.011720105925117519,0.003995234549158733,-0.01251116235026628,-0.009292284558338304,-0.015520997160207273,0.000591333478337841,0.009955127094046112,-0.008260824882774243,-0.020310957580582767,-0.014145633273024427,-0.008092676915384844,0.004407192300888596,-0.009605975258530242,-0.008668134220446544,-0.02002697541640075,-0.011779400297896592,-0.011963409959053983,-0.01811558000162905,-0.007550987934605069
2025-06-26,-0.0027784006959959973,-0.004423052480921341,0.024199205109171285,0.009170783351773792,0.018501800138241986,0.02771951775282755,0.011129277257386327,0.011145207020228254,0.00844802688032309,0.017082570452497947,0.012304186269973982,0.025810979025961744,0.004532228039001662,0.0206952340241906,0.0029890281301501176,0.013513478682458668,-0.0017731551862250061,0.01651052849796253,-0.002297887726720016,0.00028025920949392713,0.02037225344843807,-0.01054343266327129,0.010522737633804846,0.028111083437553308,-0.002138643826762099,0.008205285106146043,0.0019867200539673835,-0.00047485637404209857,0.0022301810920888343,-0.012749434015482342
2025-06-27,0.0003980202448676806,-0.007093892893340725,0.028463559660798277,0.018527974575450523,0.05908777328714665,0.007410767995215339,0.009898987934060521,-0.004350848828719389,-0.00450023664990995,0.007245170687236291,-0.005524853087424231,0.005311741047643315,0.014415362790624053,0.010910890967385622,-0.007638827304976781,0.008444468180338616,0.0026314873642814263,-0.0056796426018645985,0.012379356631853966,0.020726020365201325,0.008357665265927627,0.0034250619588642728,-0.00303546917348263,0.15190271216784668,0.007753766829506459,0.0013688769488304775,0.02144596906931384,0.004988265399120895,0.007455991141971596,0.01301814596721651
2025-06-30,0.020340156705265455,0.00750548292689901,-0.017510092291414314,0.005643423552258442,-0.02339782894922593,0.009097756221333908,-0.002670044258094584,0.010633585806928858,-0.004172626386106049,0.013650532309231522,-0.019259247838269267,0.024521913952768593,-0.005694994764397943,0.017609780702924738,0.01753550064975129,-0.012781000824220068,0.0022308936910802046,0.009752395811367442,0.005971823122194575,0.002126674258250638,0.0014471573384093883,0.0007585923700657027,0.002964064057870308,-0.013881053154172207,-0.0033779654782629676,0.016064799410812514,0.009252372829007482,0.02268951454593049,0.018473381781085374,0.005243194132185325
2025-07-01,0.01291615425542747,0.0405071078866015,0.00487719279454657,0.011129064946336475,0.0012408462193989056,0.006980777047457698,-0.0028603357124361573,-0.004035654020878909,0.01662119881080093,-0.0041932476449061395,0.050981865102465385,-0.0018225804456060146,0.017783033444666252,0.025292039555226964,-0.012144681882129582,0.020089320116201792,0.02075274458700327,0.0017247061865746094,0.013003664246231672,0.018208505869441893,0.01031265506777812,0.033476448944950166,-0.010775840042182017,0.033361464647759576,0.011925783951919344,-0.0020183757973354366,0.045421035747870375,0.009475466913044128,0.001182912364579014,0.004704339890496678
2025-07-02,0.022230762139012317,0.0217884964588293,-0.002449462616694653,0.009549475104828842,0.010677370536491315,0.019211062325687145,-0.0099297025661238,-0.00738074537462019,0.0165556494259409,-0.004129859085826859,0.03233922098525288,0.01334812472111202,-0.0035105067698668613,0.002052157998750248,-0.01219097539791314,-0.04245081857809285,-0.002308848605484415,0.005475045955789293,-0.01060415042517815,-0.009613710084022231,0.0010402569323519906,0.00708957811121258,-0.0019510223495283752,0.04059380166757687,-0.00012408664881780052,-0.036179805883677196,-0.05696941396217603,-0.0020604455525242704,-0.003516451888239125,-0.006412839438225459
2025-07-03,0.00522506774348952,0.004682496547962156,0.015869432167251007,0.010283707327094271,0.018346457633561464,-0.0014306955364138396,0.010920787975543078,0.01745388045662244,0.0026354433713349223,0.008293971103573439,-0.009397867741580912,0.01088160315131148,-0.00045721185663982755,0.004764694865954766,0.015018241176611546,0.02787937082947267,0.0028928142323436656,0.018582206281358093,0.006204986742358587,-0.0018667729401967703,-0.006689601261609335,-0.01772065224464925,0.015781247914797625,0.0,-0.002295307976050265,0.026385348228453065,0.00321892003634483,-0.0009176852356206355,0.013099167850534776,0.00768368490297533
2025-07-07,-0.016857955249283796,-0.017737382023501502,0.0002685535903059755,-0.016456913265098683,0.012550975995038405,-0.015960244682633462,-0.008634936936618653,-0.006342753876454887,-0.00653774761682302,-0.006774159159662285,-0.03443428938177473,-0.017618310861413966,-0.010869566120728424,-0.0043677525472768375,0.00171253295845597,-0.021787451138502223,-0.004743333034231023,-0.0136148649773713,-0.004765150125123685,-0.0018702642989810725,-0.007192361004158321,-0.00037062349818273166,-0.0022452408041021554,0.0018327610585762155,-0.0020518134233160623,-0.01946008736535576,-0.01568634877539543,-0.017221573916232136,-0.006186202888812442,0.01006502397352449
2025-07-08,0.00028578971805215403,0.013824970088963218,-0.018391733064396676,-0.017816824302420486,-0.0005031359277997138,0.007100690274765231,0.01426988057040024,-0.004932626691441344,0.03962010272294014,-0.010880147802769025,0.05749632136046201,-0.019200079939615033,-0.00038077989132645484,0.0018800862430654597,-0.0070092228896331266,0.07227273420854052,0.003349008930657371,-0.0314758135221449,-0.010843679947685203,-0.00633656542838823,0.012513232751746317,0.0058097082111632226,-0.0022101138412601307,-0.034104242986554234,-0.0162617765592159,-0.01003895641746344,0.013137642606607214,0.006074867569180409,-0.005860278690908438,-0.022747841727451035
2025-07-09,0.00538068961510163,-0.0016162054538066961,0.014496684294917905,0.0011673907559057728,0.036976028157953644,0.020010546538886897,-0.009976333091677447,0.009913931209769133,-0.001435586103656794,-0.009932669751388512,0.02684107122645729,-0.0010326911256837157,0.00963264361992322,-0.004503753218709883,-0.0009640729385056446,-0.006358610324714964,0.0031453072785894154,0.0013439151537135707,-0.010819928746703122,0.004628445121263702,0.014569926363787067,0.028757465377237557,0.013873855040504202,-0.004870215466183825,-0.0023432295458095664,-0.0041733693717149745,-0.015567109894855435,-0.01045056388608201,0.009053820702141557,-0.0028839098430115673
2025-07-10,0.006014977043711456,0.01298401251504333,-0.0012581953255335065,0.024862091981450174,-0.0022507049950917235,0.015291730724798835,-0.025653290035153375,-0.0073624018110632905,0.007515215579187107,0.007876589713873505,0.013069697154751925,0.01803150640072526,0.00609092937372413,-0.00816851822489617,-0.009340396891801439,0.01621156792272571,0.009022199919035412,0.017763694388914564,0.004173697205772209,0.018326383419252412,0.008591010006756994,0.0037031773359941234,-0.004031709186562593,0.01441009090374945,0.006157882622885857,0.0026241441259955423,-0.011224422828610026,0.0023370932998711957,-0.0052549134776705975,-0.020142540315989832
2025-07-11,-0.005884853456365136,-0.01697915831758423,0.012417933203629827,-0.017740699838200702,0.0033172630905753397,-0.005902081872403264,-0.022351011238144647,-0.011780060791842684,0.007394495895600928,-0.013902597839572595,-0.022494222544525377,-0.0058805057781087244,-0.00865253844313063,-0.0035478004397861973,-0.013359800927691401,-0.0163727705560458,-0.005009837318599164,-0.0046150294157887295,0.001433423058204486,0.005094029128604571,-0.009407664073145194,-0.007855235414751083,0.003669156659468653,-0.026668488427440518,-0.009085772190364771,-0.005898664792674646,0.015325031380062137,-0.009754959944562769,-0.022339079397702633,-0.004849230767242307
2025-07-14,-0.01202881464197092,0.005960703409803925,0.0029775049161142597,0.004538722391110417,0.01617879663284172,-0.00036954371212116754,0.006238510208784076,-0.0019131782516137452,-0.023565785478133816,0.0008342297827272915,-0.04399320594931311,0.01184475244295946,0.00010809180240944904,0.009028134561158474,0.0007052551092050496,-0.005548487683396108,-0.0005097961002915596,0.006414281946629075,-0.0057249311683038595,0.0065686722533564446,0.013282870976317307,0.0037188190945616206,-0.0005961072498981146,-0.00523194236032809,-0.020948884341253637,0.0038902791977193374,-0.011575267706532166,-0.0009610995137783185,0.007386485792158615,0.014618581175335876
2025-07-15,0.0023488288655426626,-0.01521720966082829,0.0029243814744550622,-0.03200176493985951,-0.0022124615807962433,-0.0027848188862332757,-0.008086820058643696,-0.009436769186290106,-0.006330298937755829,-0.008252048414527091,-0.009203534163791827,-0.015126822674759177,-0.03099070160439299,-0.011593685231793271,-0.0038407899909113086,-0.016308977390959822,-0.01052169538670955,-0.007447122707925136,-0.0015834851271753214,-0.0074864824700902055,-0.008359267353727717,-0.025696232168435085,0.005566397658714584,-0.003598673165529087,-0.007023954280155675,-0.018984614180481585,-0.029509617489216544,-0.007696003038070831,-0.009928646619202675,-0.004071814014544595
2025-07-16,0.00502133715468478,0.022255483154767663,-0.013960696164789232,0.004023730385486424,-0.0004348091457201386,0.02036378389610971,0.0014364968876494633,0.002828285844902023,-0.005109836217304875,0.007059974014441028,0.005359048083544593,0.008982053536638057,-0.003457638353335568,0.006714817705327336,-0.0027590882550897478,-0.01003488400832142,0.061932147261158255,-0.0025475472091199824,-0.0012975726406279087,-0.002402957867087663,0.006194539834675217,0.011163009449509653,-0.00039542050861096634,0.0015279484194117288,0.006877302290059895,0.00626446610269249,0.0026738701867765613,-0.0002423474000706749,0.008299247453688041,-0.0025159762887710935
2025-07-17,-0.0006662490332222104,-0.002574967297397257,0.0030915472640284936,0.01106134334049913,0.004784715670810069,0.012570210365060008,0.007482002774145791,0.013804315692741875,0.009738531906741343,0.01994659829525336,0.011371689802079699,-0.0042041027323883595,0.004588785797114303,0.006290050155499216,0.00028370734157667776,0.004847893363326472,-0.010923711532984437,0.014274701212458885,0.01905590343396546,0.004917895116099302,0.009393237541214017,-0.011039772366264522,0.012024908687507718,0.012205474067502164,0.012294266189217362,0.038145789878142544,-0.015111489568966796,-0.007272662893246129,-0.00025720583417765397,-0.0006305805980255652
2025-07-18,0.005523280640275852,-0.011701727801592399,0.010050026580880944,-0.023465966890130807,-0.007186163039434534,-0.01042888272028808,0.009619965018094812,-0.0036603264919039535,-0.008851986232236153,-0.006464282843344216,-0.0042164098032941855,0.0034284854608908066,0.0010027121837488107,-0.007677085493186131,0.013723312069534144,0.013157945370521729,0.004417666832980061,0.004725730398111416,-0.010483101832963526,-0.010986391540554585,-0.0365316627878679,-0.019136369749940152,-0.003224567954397073,-0.006988293867486561,0.0034743059347537297,0.015889415159967557,-0.018814933204202133,-0.0026861947999741176,-0.00217262618850389,-0.000420571735806452
2025-07-21,0.006155827878369324,0.0037658517920513557,0.014018476542235536,-0.016171513713107433,-8.715886452892452e-05,-0.005167362316545354,-0.0003812628283796915,0.004261500386960604,-0.002399308832690239,-0.004776816621254509,0.0017643109746545704,-0.0031909192579625545,0.012910384327463387,-0.005580466753730362,-0.004057725873103268,0.006926400206489047,0.004031795890663714,-0.0010299818962623553,0.003149630560981498,-0.0044770679274003244,-0.0026756415345650097,-0.008129015467655987,1.9574034191061074e-05,0.021388041598200846,-0.00045136709154769417,-0.010264334427666721,-0.0018043518613011233,0.0404015448195334,0.005414739031798899,0.00652277367791676
2025-07-22,0.0090362347501034,0.03319026342700693,-0.007980819043607368,0.0038617787439729767,-0.0036630541158672036,0.017362908861205062,0.004994731849689904,-0.002633829499567919,0.002405079360844109,0.0018205860212274771,0.04473407505440341,-0.007917890817133344,0.019146237903620023,0.005781746465917781,-0.009658947444262433,-0.0008598648996932523,0.021720674092481795,0.0015809197919025575,-0.00585123103125762,0.011598119228423354,-0.010600719528824687,0.029000122962002717,-0.009391029491788161,0.01850861487664801,0.02122183670780453,0.013447802340665671,0.010597593976229058,0.011061343216592467,0.0026214332037730603,0.001881459557670384
2025-07-23,-0.001166074880693091,0.011547680961357942,0.003604836070819184,0.014861621377586953,0.023634494293815145,0.024928637082245686,0.013771419756126724,0.006748798253817023,0.020527893693826238,0.015529531584380862,0.02393799878830638,0.024428632731548827,0.014393069546562831,0.011370453346250642,0.00017738781918708035,0.010757315080127006,0.006967265852696691,0.018289132939423025,-0.007177653794205208,-0.0035098035897027646,-0.0025132192706684986,0.029040622364886026,0.0011874921773831204,0.018039491735777125,-0.0002527620064884939,-0.0076467998541578375,0.025882951983923874,-0.002793271448498391,0.009748368184088418,-0.0017735171297419416
2025-07-24,-0.0018212004700020046,-0.0021668760060943315,0.01725876103762447,-0.0013283004082852434,-0.011159571386443745,0.004513679611683141,0.0017962731114324892,-0.004809059046001485,0.01769861913317028,-0.008052756708719855,-0.1745143718014619,0.002313509549898285,-0.008662112446429115,-0.061813026284711525,-0.07623847649244997,-0.03661135030784313,0.002720184764367417,-0.0007077218704949484,-0.0008677737573216104,-0.012209773970978999,-0.010078205823764064,0.0015479225877705893,0.009903726350291686,-0.01732895694811487,0.003348525700350269,-0.010387552041756565,-0.04762228387242973,0.005602283485477866,-0.003715323759863165,0.00961534303132705
2025-07-25,0.0005614633154649162,-0.006384700818824363,-0.00340177109187767,0.010900064817272126,0.007739841972865591,0.009848207658202934,0.005266948153153761,0.005857402636232356,-0.006353115612627969,-0.003935992427697488,0.017550870595931523,0.01362650919769437,0.006030719819948516,-0.001069153754593044,-0.003032527450113065,-0.08528495224927657,-0.007430954006740764,0.0069804329738203386,0.0010131699772739644,0.013549332535666148,0.013194879320195918,0.00713351490934544,0.005539563761002286,0.011270108052062522,-0.003211359425145499,-0.003587902977148172,0.00890219702205064,0.0,0.008673090607718592,0.009006251926607867
2025-07-28,0.0007948587409902785,-0.01725476522547653,0.005833005662313484,-0.0027918456301839756,0.014374007288288082,-0.0018674165377118301,0.00423624432380687,-0.011209814254952821,0.009299924322623943,-0.009055717736294433,0.007840075424095039,-0.007311481619742932,0.005035483423114773,0.003746043237267571,0.013437495762458784,-0.0009662056534548435,-0.0123588969711107,-0.0011386295389674839,-0.015613753211569326,0.0025127639845230476,0.0051562135049356694,-0.007673283198170955,-0.002355518098626219,0.03894066101624083,-0.007517443125026002,-0.023520356836937317,0.003771458793133231,-0.01671312663572433,-0.00439736269770119,0.001436254558805139
2025-07-29,-0.012987668901023652,0.00753413943891279,-0.007646371539299812,-0.007079872363364714,-0.04369528222595398,-0.006675374529261036,-0.010582702388149845,0.0005889652185591121,0.00479908366791193,-0.0038215549277051952,-0.020614568555154755,0.011511059887217456,0.0002915080909053902,-0.014928032868337215,-0.0030393310208830515,-0.013056114786231254,0.011370498458419753,-0.004157151779931034,0.018945436460786613,0.011529990450232175,-0.001709921116624713,-0.0170116851281078,0.0001366022502800046,-0.011484087410204125,-0.003182479980348263,0.019261703389257256,-0.07461361386350196,0.008262547377408724,-0.01175904889399415,0.007376340647027524
2025-07-30,-0.010507862911703691,-0.00721425413069865,-0.003549595623255297,-0.01662666103377819,-0.0010615954141022232,0.009464068262500902,-0.009648886746193241,0.004708607705952383,-0.022097773929171005,-0.0030856653099501363,-0.05003969423739496,-0.0016804468588482724,-0.013939603700549918,0.0019844657005527733,-0.008193243476156131,-0.0034296764011536585,-0.0050563232749133435,0.00871933909776157,-0.009080278909424755,0.0031055558479806677,-0.03406023637288813,-0.010649771879941539,0.0013071037867413704,-0.02106474374411027,-0.023817092162680686,-0.0034638336857826246,0.019037025300041366,-0.002575594188544139,-0.0010816927877381755,-0.007525646580611722
2025-07-31,-0.007079609380583052,-0.02080501494224052,0.017029402351838252,-0.013513046448570654,-0.01771165455571211,0.008983716854206625,-0.02447049698256909,-0.0029290737637693853,-0.012503124053894199,-0.003597110052149799,-0.02633778165984746,-0.00979805250752952,-0.01228238060461595,0.0008551909983058881,-0.027318962670446756,-0.026548717378384046,-0.01506627563205265,-0.01131398841788911,-0.012509226941373797,-0.011659609173520824,0.01773299672997175,-0.04440369190969662,0.03947471430071703,-0.02595194263634082,-0.015763977309201205,0.0050979716110857165,-0.06194555338126073,0.0037558663693306737,-0.01550254628011083,0.003996372359261979
2025-08-01,-0.025003594915492977,0.006031754831483216,-0.08269617085933034,-0.01683881213582017,0.00027045419935167736,-0.021300397317283615,-0.029380887426060487,-0.014248046468772868,-0.0015828332602187967,-0.021156934448016473,-0.06440530060629668,-0.019375657171355476,0.016734354933062523,-0.020867974070646556,-0.012245601531790884,-0.02474746414136264,0.015721712597952076,-0.023190552995176028,0.014287913551582987,0.009397908089061824,-0.03223430192921317,0.014976926896578036,-0.01760071162414345,-0.0009372379195509151,0.0011961515820546609,-0.007377727994537953,-0.047243126336557695,0.0028064287056879245,-0.01771506963294822,0.005205042902461043
2025-08-04,0.004792936108565904,0.01704402245943526,-0.01443541840985152,0.014680394779632566,0.0019828862258171043,0.01168674806565595,0.006301329195786076,0.02056328525034412,-0.002377756278075127,0.023672663224846735,-0.009178626808868162,0.02319719869765713,0.019161793469005817,0.014147198755686041,0.0077183854604137014,0.009839489348134167,0.02217165624378903,0.01689875702416055,0.0014521410141803415,0.004423965989691192,0.02395945937302102,0.007188868572989948,0.021999179610396657,0.002680305186991472,0.0007301253220877157,0.01811697754964281,0.013500342979472446,0.0016325249267765685,0.008251051939617282,0.011168598770715077
2025-08-05,-0.0021146353111312077,-0.006160177546106649,0.009922070229506863,-0.006530609059343329,0.011334012386288173,0.0012220525418225048,-0.019142394281018604,-0.01416264212187257,0.013241505509710816,-0.008630023647356322,0.03659103483220294,-0.007052066620404807,0.012052892402171889,0.0012229371490535268,-0.005198825274402186,0.03538464277218556,-0.0017538492120159344,-0.009821335010229193,0.0013052114490821332,-0.01794704109218137,0.015013276987474677,0.011645309488931055,-0.014730099123457463,-0.005880826257636529,-0.0016582117200207858,0.008251002075324365,0.0415802357566446,-0.006519364620450219,-0.013795023041243581,-0.0028115153636926182
2025-08-06,0.05090679602505532,-0.051352947329217025,0.04004677220394748,-0.0037081975001245215,0.0008004655131756966,-0.014992051906585147,0.006788155086318914,0.025029597004174065,-0.001698837542505327,-0.026622776517805202,-0.048257329841921326,0.0053126707042325805,0.0036065066351980146,-0.008278309874258594,0.006422806651274371,0.010896449110211037,-0.0008786011958688,-6.861370294941604e-05,0.0066617371127577485,0.029755417077143242,0.004863800158516174,-0.01670993932209952,-0.0053244197244816105,0.014788933639065194,0.015613696846519032,0.009088463418247317,-0.02079682645514136,-0.007499409988808492,0.006845795796640797,0.040781450014313325
2025-08-07,0.031793629657992595,0.00010536083091383652,0.0036885760119835798,-0.002740712950574209,0.010176006990944897,-0.024782620077595907,-0.033270457560266364,0.00996972812396768,0.0024871887874011733,-0.01988360365164643,0.014554009481231533,-0.006899039791025907,-0.0016287113176071122,-0.012087808197327576,-0.008403389643295456,-0.03135714818388824,0.005510277103401684,-0.015136439093547671,0.013235638243782821,0.0008126691283576459,0.006099982800128911,0.011706976382489298,-0.0078103149877235545,-0.01497086320378993,0.004121427423871893,-0.008296590910136015,-0.004516164415681145,0.01416780581382171,-0.022517200087962652,-0.0023219714397513247
2025-08-08,0.04235791290787305,0.01239905389846796,-0.001971955504762035,0.009160782326004036,0.007873986151036405,-0.001438456119366216,-0.0015360244024936742,0.027038672093631755,0.012078830713937672,-0.003986533456505348,-0.01804727912800952,0.0021258497572904655,0.004350502228683606,-0.0012466336846438386,-0.024991894148665206,0.00910471932260859,0.010493845697263637,0.006342927990633518,-0.001278079102181029,-0.007989436860867394,0.0102806882551989,0.0039815071657944845,0.0023038686436198663,-0.0021519063159851637,0.00013025712777192666,-0.0018464623865016572,0.02542199778376575,0.004656597103248172,0.014122704607374637,0.005915412829011091
2025-08-11,-0.008337431911761617,-0.010894211809010845,-0.006241858073597895,-0.00403443091008715,-0.013791849121260968,-0.019158679648581534,-0.03255579638236106,-0.01560107225327001,-0.010063785719756524,0.0010673350918435354,-0.016493785657778037,-0.0028144605424926805,-0.0008250927592217128,0.0006473300191065512,-0.02464195684134829,0.03508766059253432,0.002827020237852418,0.0027704214571648844,0.005828881884657466,-0.003568440923971794,0.013111495716770838,-0.008179509296853626,-0.0005171818656889426,-0.0022915782626303782,0.009575877747631356,-0.0023030564450912117,0.0058989698290623505,0.0006951056802155797,-0.0026129556687076727,0.0019280742608513979
2025-08-12,0.010872426196794072,-0.0003857177278758783,0.0007681796954406295,0.023562678768819012,0.0294299597224974,0.010207074466072052,-0.004383704093426699,0.010046563450508472,0.006451652258606888,0.010395404685711984,0.04024901828966221,0.03356319363523408,0.021856311480715096,0.0025871155669554557,-0.006474803327524259,0.056174327788906186,-0.005983296781843284,0.011362027320227286,-0.0005652958261120888,-0.008936769240804221,0.016354497724775152,0.003373802718519725,0.014316610997022305,0.011888772721428964,0.0007098261040872078,-0.0012487097616462606,0.03645448941964058,0.0016210913751759648,0.004264654626354503,-0.002982690383186548
2025-08-13,0.016024457949132653,0.015264072332856315,0.01395221168040428,0.012070881883382345,0.0032672477745658846,0.0023988622704596008,0.0231804962641895,-0.01372922829778389,0.009259158242913568,0.025677091983789424,0.05573482121367346,0.0017621844816275711,0.02823227347188295,0.012580067750026291,0.022575338920577837,0.01879870964932162,0.009491864774566539,-0.007922225758872803,-0.003535589985429355,0.011371159612009185,0.014887417828268967,0.030012460072801783,-0.016362976692187448,0.030707559656619976,0.002063311607646945,0.020346187646711922,0.03914812670209944,0.010635866492662238,0.017253692922840402,-0.025381311652480032
2025-08-14,-0.0023571835446725142,0.0033182081868554647,0.02858923333961183,0.002802494436878078,-0.0007712759975456729,0.009185336148555212,-0.015441087895269434,-0.015624996574691519,-0.004554977615961797,-0.002829278861176454,0.019633474884481084,0.0033705231138323466,-0.016847587082545523,-0.007008215017335395,-0.012329809559775695,0.07380744138958684,0.001720039475327173,0.012494535588941869,-0.012915003867655872,0.012718391783506755,-0.02215971260825389,0.0006045687358011698,0.0036496041193145867,-0.010492287743618323,-0.010745782325991549,-0.0026364171684674087,-0.0011773577866447393,-0.004804305125576502,0.008582646231565239,-0.0013862699784684684
2025-08-15,-0.005112168105708581,0.02128904532207554,0.00021648217457226338,-0.007344122116593854,0.008876847393789244,-0.023257471469598112,0.038865387307676524,-0.04473318661153369,0.008958488825995259,-0.007909840171368976,-0.00042785349798801775,-0.02205569590166434,-0.00234809580934614,-0.0013821089778035534,0.011007547350261326,0.02933775514184722,0.010988996395757233,-0.012476274501077356,0.005319706099317534,-6.485799147892823e-05,-0.027194449290068312,0.017520491745557365,-0.004421182521546441,0.007592722908048133,0.00403281409820111,-0.011169452167364868,0.11978348706221098,0.01701149421114967,-0.0029523032691733953,-0.006112386303118278
2025-08-18,-0.0030225322092916063,-0.012986201324998836,0.0019911124801876845,0.0051723452582619345,-0.012114217934506288,0.011893406193297595,0.006310746532019573,0.011329320190666126,-0.007856886886579595,0.01005288244047886,-0.0051370280437968985,0.0003284492402459982,-0.011718148175418719,-0.001706867613926355,-0.0011263337050656519,-0.03664493640475497,-0.0022079049002738937,0.0035802054784714876,-0.011298508564980603,-0.0007443661833883564,0.003084184736291018,0.00011875995779631054,-0.0059019735220721126,0.005976364676467005,0.008810570037445453,-0.002522672197859066,0.014736355249220123,0.0033905219754848392,-0.005022245787254853,0.006999942510001134
2025-08-19,-0.001429256279357305,0.010012966889007657,-0.01503309388634011,-0.003093948914191902,-0.031883324922977296,0.008360753480363803,0.008320708324197401,-0.0028377719070378227,-0.01048113184331334,-0.0024024998915892493,0.012478509838600882,-0.013105984755915512,0.03166970093652943,0.0015711546955932132,0.0076425622940528015,0.06973793868011158,0.008794378899458666,-0.0029842728409192887,0.014465478253234743,0.007223770250780692,0.00968205252987353,0.008430309884240872,-0.014175133788019156,-0.0071032952679452865,0.017210261404458915,0.014910144332473063,-0.013776818881438557,0.012390142808790472,-0.0008460390864170053,0.005859051013813454
2025-08-20,-0.019734624185850147,0.0030452003681455952,-0.01842023178556884,0.007513855389462476,0.002755533854166714,0.01081494188655241,0.0018292999798665832,0.005242527583490197,0.008026232085499796,0.006622571243277253,0.023374348678362855,-0.0009704086897738273,-0.013408739826358929,0.0011995865018414875,0.0052635729011270005,-0.06993277707479939,0.005849275495969142,0.005435842413030301,0.008127729827084984,0.006914678222939008,0.002656498451356848,-0.0031790608348324367,-0.007944754563585454,-0.008064452170704062,0.0070076247521526636,0.020530353154979197,-0.014462225187693023,0.002670379196481054,0.004321729934917862,0.012636993344918857
2025-08-21,-0.004911252928377019,-0.002327527388085504,-0.008310623433453235,-0.0007457917845978823,-0.005141336886909431,-0.006419538199366692,-0.0025157032662893597,-0.0013410513253675482,0.015206962537801516,-0.007091615848746513,-0.016196003535885684,-0.006563209881360277,-0.010056179403796772,0.001935546867230853,-0.012987049955233254,-0.0016992741704168202,0.0005032154150328427,-0.0026347647490063686,-0.0005656955887570758,0.00044722802939300976,-0.002390901026367409,0.016772990143917754,-0.0012874448271453787,-0.001049004978548318,-0.004889954439652788,0.0019315522632930016,0.011706317557218293,-0.000665904423222563,-0.0006977476744188804,-0.044944936558943716
2025-08-22,0.012716733406805902,0.0011588834197013842,0.031043025385826706,0.03566214068363971,0.025216021714440373,0.0425470907374208,0.010006855665814163,0.0044763273805172865,0.0169076519139455,0.02280357753772888,0.05994091127731216,0.036231528920184886,0.037943090684343206,0.024882633820516364,0.01123647857018839,0.05531911647066168,0.0020119357159178453,0.01636525220516294,-0.00750074997638861,0.0027138105365756005,0.028112474229209816,0.014986048017280318,0.005929759328559658,0.028878892473446216,-0.00037806623119829297,0.004983328853827684,0.01341678994403206,-0.013102363033063225,0.01847591022984374,-0.011535316165292908
2025-08-25,-0.002634317288807808,-0.017874197519017754,-0.003932852258726194,-0.01052765576422754,-0.014123066525987715,-0.007735228252429227,-0.0016915708800447904,-0.0026737358012948187,0.00012651208522052038,-0.009675260342502434,-0.007566683756443426,-0.004178538664345477,-0.009423683681987871,-0.009962689978918804,-0.010987657787157823,-0.01008064547140819,-0.004908228465136832,-0.004523312058515638,-0.017111010162284113,-0.002005936313168699,-0.013545161644826331,-0.02357802588430602,-0.005855322614779834,0.010079194727887542,-0.015882056459477933,-0.01429666691680953,-0.00832742580627055,-0.004725475265716428,-0.0034853219533177437,-0.007848801382422388
2025-08-26,0.00946469850209164,0.003847791781554033,0.0033781006590050122,0.015199579070056757,0.03508620304661947,-0.0024056821245279636,-0.016661851977237574,0.01861771973303128,-0.0053097144894678205,-0.0005096967340322278,-0.007223133569423834,0.01375219210566514,-0.0033258974604970515,0.008839146231095052,0.013365123503684018,-0.00814659314892785,-0.003500565726101912,0.012444968306277726,-0.002901444882037918,-0.0015952675666096594,0.004619823273864121,-0.003750952767507254,-0.004402486817823403,-0.006568151382460585,-0.001152641393055931,-0.005324106914527782,-0.01453118305195611,-0.006104444768724848,0.006765614105339823,-0.00020817300258757498
2025-08-27,0.005145899965004919,-0.005559684886799809,0.0017926124405795996,0.0058015561548916406,0.003364107141221151,0.003269490897523264,0.026339484836982452,0.0007311470682018761,0.011947143008420591,0.0037398344896528712,0.0,0.0009613636543279735,0.0017174990031154636,-0.005886016156285256,0.009108431751009505,0.02053388058180472,0.0016996600244920668,0.0023779242623693797,0.00145488755935963,-0.004825119747443374,-0.00025555271716837247,-0.010824728883485957,0.00936174929347322,-0.007501625540284884,0.006347488194636375,0.004872817863925238,0.011483583582790446,0.007051967694750028,-0.0023634017277047725,0.00031232452141471967
2025-08-28,0.008980857430412437,-0.008195317190314189,0.0108240705271474,0.014048189182851445,0.00229186213442234,0.005177070663419769,0.017468773587232533,0.014465233086931928,0.0005023890366988581,-0.0038105871816621617,-0.006871446727139463,0.002067546033848622,-0.0019350401849600463,0.0004519745398472441,0.003635076609327381,0.0032193127757740303,-0.007579512221391305,0.005981039644239905,-0.006828352442327157,0.0025365822127352278,0.00658018207327471,-0.010229624446689511,0.005722875500879798,-0.0017935511848758967,-0.008346181170575173,-0.007090144394169551,-0.005232358682872862,-0.007680194863242673,-0.0013986381410235893,0.0003122270052648979
2025-08-29,-0.0018060207961334562,0.007352632581443919,-0.011226278216735164,0.013119796939939254,-0.006266984092893613,-0.03649031154606508,0.00675763543752006,-0.004897104348933645,0.008034091454939496,0.006290348339604179,0.0169281211600516,-0.0026364180308107166,-0.0016689802935995202,-0.00835789865275316,-0.009115653886997976,-0.023265139053593953,0.009803297762500884,0.001162616522558002,0.009215764218499345,0.004227884079199162,-0.012883896704738329,0.010936193769764957,-0.005788398677616269,-0.007058428726272603,0.008930224271670228,0.004550905782194192,0.025075174385859045,0.006828985559339751,0.005487980692124861,0.009052154668305556
2025-09-02,-0.010424709383172748,-0.0027456717639248174,-0.015982548742835667,-0.0003019266940128551,0.011505080498112275,-0.007135387364607282,-0.013229301195789689,-0.018671134193332217,0.007658785121979594,-0.0009292093765472798,-0.008932123437994433,-0.019322396765350858,-0.0011308655677860768,-0.008655982496306391,-0.008172850411229171,-0.005749539827671235,0.005023420063362316,-0.005706383245305813,0.0010146731477669313,0.012797852831388568,-0.008101324990610115,0.016167341191146267,-0.0030985624661443723,-0.03481880395969439,0.006049515926391358,0.006776795494478405,-0.003453036055686809,-0.009721896826172416,-0.004861035052858287,0.008970869427024741
2025-09-03,0.038089871578786294,-0.010699916541807908,0.0028845707190781056,-0.022555699013534825,-0.021063273642059066,-0.002235234237285222,0.014197593504661654,-0.0019175245904773375,-0.023296070476853337,-0.007525146927730653,-0.019664118849228585,-0.00039672095485621117,0.0034456249921124282,-0.016544088479037544,0.010766028475315936,-0.008674064122841774,-0.00033693477832674734,-0.0006339698042073794,-0.0010136446297798196,0.0019952154110240983,-0.014714539074372035,-0.015208234738630977,0.00045536395189338386,0.006057319431512331,0.0011393151689353953,0.011706668530280462,-0.0029792259138690103,-0.0013697607866633987,0.002285294115334846,0.016249399186080815
2025-09-04,0.005493288226302795,-0.013211226846650881,0.042877945692648245,0.021439001813761127,-0.0070143938745267365,0.012285599299203032,-0.048508533051788705,0.0047287866555372204,-0.002340834938142633,0.012182633029172774,-0.0008357494327427828,0.025104007413994323,0.015490595763879345,0.005420526507374568,0.012617776240761991,0.025416692097981697,0.004269652821229153,0.014390205823263225,-0.010726111864965193,0.0018963428325460274,0.023157924239410432,-0.0015442450816361974,0.0051845390236209266,0.008161657253953125,0.006448804718472534,0.01041392055560486,0.008119972589996305,0.010059412445837967,0.0003419733009835113,0.0149839109391392
2025-09-05,-0.00037531045761318715,0.012638427918177264,-0.014214150326010255,-0.013397906653012326,-0.004940409055897876,0.0068058954301604135,0.027662777722180065,-0.016031644264426048,-0.025556474865335632,-0.007575053777121532,0.024675878232464088,-0.014274272327932214,0.01763463412388666,-0.004229384099063038,0.005461578082478935,-0.0048761006199619095,-0.0018460993452450447,-0.0310710278641676,-0.004249029085850786,-0.008233666683809204,-0.0014145861808252391,0.007852430698728208,-0.02553300317935414,-0.019110782950474303,0.005213863573421351,-0.01506626167336389,0.016141611890107654,0.004526954518689452,-0.022137379574899363,-0.004161280878884788
2025-09-08,-0.007551402650500583,-0.012163305067619423,0.015107797009308976,-0.0024829573962634743,0.005835966788592106,-0.0007090599282166821,0.006021746889668833,-0.00029908779951315356,0.002212664178808499,0.007887321851745233,-0.021224494504120117,0.004930799470352243,0.0023629879734021753,0.002333707562725218,0.03041890069050246,-0.0004083392803306829,-0.0016812665885873601,-0.004993581833118821,-0.007798862705726939,-0.00502580283208609,-0.008370867148303374,-0.007319197995180549,0.006464664083856375,0.003247221401534661,-0.006311778799080292,-0.0026887973075365723,0.015409378394168671,-0.023884627105464462,-0.0026804996258151803,0.017610150626971466
2025-09-09,-0.014839412310012845,-0.0007851916238328371,0.010176429751274751,-0.0032881947814419332,-0.006191784778857179,-0.011093244450384732,-0.0008324720036758659,0.00687796220697523,0.005519547952318904,-0.012369509527424327,0.006672215949322879,0.029750024618605986,-0.010953934508543428,-0.0025611772967039093,0.011792641892804268,-0.001633946443083012,-0.00656820635717692,0.01686521019701237,0.006376996428023141,-0.0008951101662726391,-0.005974010492008297,0.006183961583293707,0.0004214913712405899,-0.007417471529927444,0.002830114496967351,-0.003388326060680069,0.08640137255182112,0.005770939738518388,0.004937149783108552,9.776682045248286e-05
2025-09-10,-0.03225948363240483,-0.005214901865038479,-0.03320182790348514,-0.003052295158435525,-0.008713837411861602,0.01152864327308345,-0.037649706500003544,0.011731563564475689,0.018985943032804764,-0.013461766881853299,-0.012841745592150011,0.007409154235039406,-0.005080162908938979,-0.011671262432175533,-0.008606271063135162,0.013502451575080565,-0.006611719701404395,0.009031438561117211,-0.0005893704540126388,-0.021054622150051494,0.003200916017573885,-0.00685496262006513,0.003932486980097183,0.008831591972251251,-0.013232198281220353,-0.0004403729810709134,-0.0032766677335934746,-0.0018360792979680296,-0.017064457778471875,-0.018379038092447897
2025-09-11,0.014286344459361722,0.015152095356386397,-0.0016498279850283293,0.0184629629348656,-0.033095985574435494,0.020027913908637007,0.015294505253139024,-0.006458195248163712,0.0029153076434762504,0.011140887009553513,0.04993706388227137,0.019686051973128338,0.024659452544856686,0.017052402045719006,0.0005060750508165679,-0.0064594204463149785,0.015416118676213397,0.01670322542886815,-0.0029489325430396285,0.008138787985400908,0.03841895609782475,0.013328590021178366,0.001279093683331567,0.001077416161842093,0.008134804259991135,0.026071305700617442,0.019695484348599468,0.01494593731051741,0.0158819991258512,0.022308457019009964
2025-09-12,0.017562991653877313,-0.022424234584031755,-0.007827802024989672,-0.012176693054560594,-0.018409941136547037,0.00032456119703061503,-0.01429269987213877,-0.017136886245347704,-0.007203709015590309,-0.00956610339886188,0.0007994172215188833,-0.005951104271575969,-0.0017241346792339352,-0.017881157935289105,-0.013890533064526256,-0.021535988358430846,-0.002464993801814641,0.004418108630126261,-0.009021115177588634,-0.009823967873698991,-0.010033238483839302,-0.0274810400298231,0.01774413665651453,-0.017893191837803912,-0.0046019896008204775,-0.001789308707779047,-0.003110806344960748,-0.0038513626574331328,-0.011819841666199316,0.008183109322366544
2025-09-15,0.011235905200573493,-0.007200023930763577,0.014376501718361023,0.005994392816531358,-0.0008798853350842073,0.010242896182574457,-0.0009885679916252776,0.007364981524623948,0.0012729512011475652,-0.0029320462755262344,-0.03474443682316297,0.008589139211490071,4.7305208993764225e-05,0.0013241191319040002,0.01104794371937956,0.028654507319094025,-0.003706627516575911,0.006483942754296201,-0.0043608145717407565,-0.010903677480507246,-0.007664507000746057,-0.011951127254765215,0.010707919019930845,0.00041093626890686963,-0.006776477764320998,-0.009428970658162839,-0.006879776642086943,-0.0022742875950324537,-0.0011195937463824857,0.0019326225234073124
2025-09-16,0.006125886829152938,-0.00481055822771459,0.011320962964584513,-0.0006722669234179302,-0.0033835259677360563,0.010850126418736394,-0.013236056678177621,-0.0013428521590352904,0.014175822332753496,-0.0033730825699044287,0.012825725611047778,-0.0015633809756657735,-0.002980741151092703,-0.0037310442231848207,0.0049953110204730145,0.02018570814532561,-0.005298658715879867,0.0009387874484099168,0.00045301858443758114,0.004038849957826773,-0.001021330159035383,0.0008639571001660684,-0.012263220518934581,-0.003834004943928715,0.007779229339258897,-0.015743632654337536,-0.023311996634263976,-0.002963259309890165,0.00289050522694434,-0.0026039562321834575
2025-09-17,0.003527257682534257,0.005968994184974763,-0.010382430689534927,0.02739724999903892,-0.0018137818895875846,0.02266998345550375,0.013880622691155864,0.011803312633696272,0.0034474421501471397,0.007550030576074063,0.002451075356136645,0.011062546875115986,-0.010558745520750312,0.003460591236643218,0.006057808350285798,-0.014641900772887517,0.004193526688068605,0.008279763676140917,0.012077383777494122,0.005539164884927672,-0.00856234838436265,0.0006165930718204926,0.0019251535011401977,-0.006048128564051236,0.014425780729856008,0.01132552603923509,0.005385842030490862,0.010745232248241754,0.018145467877605626,0.008218872270546296
2025-09-18,-0.004644576907642972,0.0040769984340924825,-0.0016837898189709932,0.01687498100681717,0.004798950546822445,0.03616910190564693,0.008546309055323054,0.014176114542011842,-0.0078081863170343935,-0.010680447240130841,-0.01752243231654471,0.012704284397290877,0.0011510375284491392,-0.006991718391774704,0.02285010201371973,0.22771084992605384,-0.017155715598076937,0.004747464736641005,-0.008651605776401117,-0.012558529611531366,0.0015467564189008964,0.004806519227546824,-0.003078271631019369,-0.0029042150565355973,-0.018773734762121075,0.010435271605698793,-0.01987639845861866,-0.01221450155184789,-0.02316581309636867,-0.006425582851152467
2025-09-19,0.03203291306373979,0.03473161623945842,0.0010811746080494622,-0.0016097400355548075,-4.641456670229083e-05,-0.0008993624577861015,0.011503168769221084,-0.006843312546177871,-0.01655745092091021,-0.009576859429411555,-0.025715528533951315,0.0008578635483720287,-0.004287645873617185,-0.003948673061291208,0.005282943710010812,-0.03238468370955794,0.011655972686375415,0.0049483718915326325,-0.0004514301086194772,0.0041176911364633195,0.007722134128543168,-0.0002452873032534608,0.018644821499281594,-0.01678213994381461,-0.008136453353053352,-0.0032385758204346304,0.005585005618864658,-0.0043507596337732934,0.010142432223441578,-0.012258627960802682
2025-09-22,0.043095700465100695,0.002067179455535806,-0.016632067201427403,-0.000410432278853734,-0.016508220075826197,0.011917515046484084,0.010522481514108062,-0.006743850868718204,-0.0010242677374626696,-0.010548565940589394,-0.013622796470479703,0.0006956690297825752,-0.008876814753229656,-0.0017671175952701512,0.01865616283216509,-0.027721423155483316,-0.011237902801984778,-0.007433813576505521,-0.003311674177708057,0.002017202263920659,-0.01749686956528551,-0.013617965364185247,-0.00671896000808514,0.00550139449243181,-0.01903342725455559,-0.0032130401936960595,0.013692156428863012,-0.007359701101458449,0.008050128596718054,0.004788382610104058
2025-09-23,-0.00644325892472386,0.0028321558117709866,-0.030400202172415014,0.0014371028093691507,0.02003866317781977,-0.001779271095363577,-0.020545483825889832,-0.003099711976790487,0.008779173607584623,-0.0027540013131969188,-0.013379358661298912,0.0009434876698244388,-0.0026455868603786348,0.0014832442262064927,0.003205973386983363,0.020166895656822614,0.013604236934436686,0.0009601934308138826,0.0075517408956493615,0.000660137703813124,0.015793567217155635,-0.005472642910504644,-0.010146733574206479,-0.004910194308358373,-0.0037239294107322962,0.0005433913590675576,0.018722521783410828,0.004402170115292314,-0.016436178577603155,-0.0029177494591396957
2025-09-24,-0.00833236483994404,-0.026463428212403994,-0.0022654160880354324,-0.0028991751368119267,-0.005731673547957006,-0.003119306999462168,0.005438374968089299,-0.0032573055445144217,0.011180245126597432,0.010512211751561251,0.01181097261668107,-0.01722647722298709,-0.0027743700708886543,-0.003392076466059213,-0.0173009128654652,0.06407631734796637,0.0006229925469602993,0.0021744425774690157,-0.003897578519069911,0.0037599481878085594,-0.010813235049855874,-0.0036268371514609488,0.00180657457693445,0.0040885654504421165,-0.0005245124591242156,0.001447850006510043,0.011849678395789098,-0.003921549343461006,-5.913376527166836e-05,0.0020484460854881537
2025-09-25,0.018072960876120314,-0.02879461106305714,-0.00935476479077324,-0.0008813052251060993,-0.007298964573079547,-0.012920667406418396,-0.020090339305690597,0.007872768414658893,0.00967470814827509,-0.003879037467273805,-0.04020740688172808,0.002940369185965075,-0.005661620789238819,-0.0043145282590630885,0.05199422413843524,0.08872525387684504,0.005885978002518444,9.572892712927938e-05,-0.00707285305732408,-0.006670365587926774,-0.0101552101419079,-0.025982203996326114,-0.006115838274090013,-0.027801265000303443,-0.0017714250499278883,-0.008819503884495372,-0.017765338042509238,0.003936988437884814,-0.011072391502760848,0.003114982658778853
2025-09-26,-0.0054890828406448655,0.006637806049033079,0.007471945580644679,0.004409421536426317,0.03620098239933367,0.00439923108056095,0.01029263292245819,-0.009285090561534037,-0.003484339289302252,0.004248180713142702,0.034234132430572384,0.009751400639941954,0.006479276657296085,0.002359157083195562,0.010197503024807819,0.04442477925765487,0.01114052896496065,0.008326538442148035,-0.0046985192503049555,0.009725513518366258,-0.0014377034397432542,0.012371157532134358,0.008737152226625744,0.0010109946359730948,0.002300287553742786,0.012909383151323173,-0.00428292539461006,0.005997792261696944,0.007285117074413261,0.0010673991966909657
2025-09-29,-0.004031959845059219,0.003626573494915686,0.01087450815780766,0.0018439183718597096,-0.018891768867200787,0.012560020307219144,0.006860304353686786,0.007438156370377147,-0.025349618518283767,0.011544874837107644,-0.003048786142528015,0.0020061202450758486,-0.008022709101428882,0.005235647557300105,-0.01586293204075251,-0.0287324072609485,0.010628146957460949,-0.0011705351831102773,0.005634304077631436,-0.007371327889063917,0.008311013519449295,0.00025465846235461775,0.006139209617859853,0.0034628456129626173,0.006754226795169016,-0.004536291212136723,0.003197014013019972,-0.008255095074442997,0.008269853058337384,-0.0007754625967132389
2025-09-30,0.0007861004710238984,0.030039807616712544,-0.011702709034319914,-0.029651463027598912,-0.005758245759426628,0.011747052097658583,-0.03304772691729896,0.010336762056431636,-0.005189095732930249,-0.002439414644879623,0.0017475274790557105,-0.00966276141882616,-0.003957684629532832,0.005829473956668663,0.008434658022866692,-0.02697216698151561,0.020922841852650587,-0.0008236524972936587,0.00423983328255173,0.0029704676784318984,0.00713913247322151,0.06808342798177858,0.006510046099705846,0.0025880337743762194,0.0007814399298164965,0.009837167110395839,0.00034756470622365754,0.01618504200695825,0.0035865537226158484,-0.00019409026658445683
2025-10-01,0.003220330351537015,0.05776046836061921,0.004827606336181178,-0.010838164562933184,-0.0029189865980988605,0.0076914931638136785,-0.005527438508101001,0.0048231163117082865,-0.004572029030635694,-0.013537166649023824,0.005233268028280502,-0.013611995470396265,-0.02016336789811779,-0.0015201804966753496,0.015345855698908117,0.07123694318920748,0.003397758910173021,-0.014963652168257346,0.006936115518129116,-0.01108959375434726,0.005284226401500058,0.07387103265645334,0.0033980146961596347,0.06410428213045805,-0.0030588625587548712,-0.007091184568528974,0.008688145079068121,-0.0027302614501311107,0.01889383106361331,-0.010673402171977875
2025-10-02,0.006576638338942287,-0.0036851397639966477,0.008067800117406154,0.0058437328515272835,0.010362433825105377,0.02027785269095017,0.013534731988664062,-0.006400066266798565,-0.007827691961261873,-0.0071713268787424456,0.027765766647908974,-0.007803887911809748,-0.005062684372342807,0.003948971312422778,0.0008027867357138785,0.03784086428264,-0.0003762778715101778,-0.010170337085246284,-0.010182769366279376,-0.0021295986320551963,0.01794874867802876,-0.006878871419443877,-0.007638878920421699,0.004986627993309067,-0.007376847053014113,0.010099567865495596,0.015561348453202006,-0.009810709189587041,-0.005404846577556133,-0.002549990200131802
2025-10-03,0.0034612513299712155,0.0016476528104194532,-0.013039023009411066,-0.0007263039396421256,-0.0051970273747302675,0.014839855848689965,0.006195581052374166,0.00029460877242803996,0.001173714233631662,0.0029428134979274656,0.005487569217645483,0.013600501165950574,0.00012658907979457013,-0.009288678417378127,0.005754772482018167,-0.012600466906682373,0.014302620314087022,0.008063798852644632,0.008320751142276928,0.0036681551206800833,-0.0008816328736348522,-0.0035750547007954436,0.003121613820278757,-0.035402981970308,0.0014469070009353047,0.01614057997906393,0.018319527836009986,0.006221097410860965,0.011244351970358002,0.003638152719274368
2025-10-06,-0.0051546117135026215,-0.012655729410206096,0.00633228292302257,0.005299150076568893,0.015857571092870115,-0.004961290522145667,0.02254946445721351,0.014576128856086834,0.0030608207111280095,0.002489517229114613,-0.01679258361755054,0.008607921791312423,-0.014504199418805763,-0.00023909783222642034,0.0036411834899814366,-0.006516472075340229,-0.0025445445896863372,0.002106708988303785,-0.008252087575159828,-0.01641301539431661,-0.01720672154432712,-0.004372612043870072,0.02168755785021248,-0.010565850430178658,-0.012215137310919832,-0.006430964757766167,-0.003970076950200241,-0.051064792600834075,-0.001600661486710564,0.006172206562909954
2025-10-07,-0.0008180341665524615,0.004827957574666364,0.003983725247293846,-0.012108781473452623,0.00951172637927522,-0.017501752194004516,-0.024574790379989886,0.0011608288333453398,0.005778489210024107,-0.0019512160561333536,-0.03928272261910715,-0.00894854413910462,-0.006472602204774525,-9.569317588431492e-05,0.01537557550527402,0.015851271219970098,0.0038796407935264288,-0.004819191815434776,0.010438743617371182,0.0009457858344719128,-0.003847747069989582,-0.013400999622461884,-0.008683914333705078,-0.03175489364419881,0.014161186533847792,0.007922742880871914,0.013629956686527889,-0.0009651789682053602,0.008989911387810468,0.0052580411516998105
2025-10-08,0.00616028826380699,-0.0031129389604803714,0.015510877718191152,-0.012653517698862693,0.015778558671149412,0.03166163085629625,0.0028780563092041245,0.01942314476347673,-0.0075527512313186,-0.005687349752488191,0.0044445017980350165,-0.016640303052617544,-0.007807416787879662,0.00416305152658869,-0.015006688086643405,0.006994946167301563,0.004235349129944277,-0.011895056256725711,-0.01003135885255202,-0.006479556605205494,0.004313372144244543,-0.013811202660974908,0.0016604328468814433,0.0026119586748516443,-0.012127881741435975,-0.007755210081558106,0.01721390514653165,-0.0019323182297847907,-0.003007825413200771,-0.0032932363620745697
2025-10-09,-0.01557785637436715,0.002749292464566455,0.01118907849570383,0.001914653786658782,-0.041363425444984836,-0.0035052464449614185,0.020380223612263437,-0.0052609657802199505,-0.013659473596528415,-0.008043680936346442,-0.023008853953702224,0.004442959403076596,-0.015894164286088697,-0.02678102093532797,-0.00424922466464861,0.00988509027165585,0.007327720055837039,0.0049336949352971615,0.003780951829843948,-0.002003992969287327,-0.01999995284813938,0.0127315405441919,-0.004667905849160436,-0.014908011676851518,-0.0007300341213163364,-0.029530380963422753,-0.006028362079447347,-0.011858733495249574,-0.012295002072998051,-0.010981605174254283
2025-10-10,-0.03452205816262133,-0.017939901330542685,-0.049925397829666096,-0.022742729429964026,-0.024398167928059933,-0.018106929074981792,-0.014877987136461268,-0.028873620078522233,-0.018069082226762956,-0.016217605170522176,-0.06476457116937817,-0.020001060096292655,-0.005136454637024501,-0.016256159088968047,-0.03611705056525483,-0.03783069666768024,-0.0018840188845489214,-0.0151866474693102,0.010094954340259754,0.010891378995788736,-0.027014686941832067,-0.01725719152974592,-0.021899006825811917,-0.04172788221885215,-0.005910515814129047,-0.015633564024078783,-0.03587257986903236,-0.007224782029140231,-0.00976842062969896,0.0006877973290537742
2025-10-13,0.009744341420789837,0.00782401641246766,0.017100394188331425,0.021690990091330686,0.022920333739766097,0.02739675733107161,0.029253633748734797,-0.007065092100215442,0.02041639375416615,0.009890985033242705,0.03728820549931022,0.0293317913033877,0.009633992953584025,0.009954643143877284,-0.002159672628399889,0.02337097370858543,0.0009437070416438154,0.02353012493772466,-0.00357996690037643,0.010437268783393572,0.01579835354104886,-0.0033725072961823255,0.006047382281049618,0.03311861644404246,-0.014696982760135757,0.00096263628273352,0.01173479522260612,-0.002509279787228369,-0.0010184667617330057,0.0027495235607977175
2025-10-14,0.00044415864468594357,0.004959053489096421,-0.016721987604375044,0.030112656239824398,-0.005845214887300387,0.0449915990512757,-0.03610050965822953,0.017788406984198257,0.002961647953736435,0.008161782903624015,0.023342699680404255,-0.0203614808559498,0.02201021592041652,0.02809125665235168,-0.0038598054888271394,-0.04271897099518296,-0.00026182666206242544,-0.019125255257063656,0.010628738193310117,0.014827918076335767,0.009463878844501172,-0.0116685922628742,-0.0009336866012938927,0.0038587652931052485,0.011322815495781624,0.019454155916309945,0.00354100708578331,0.02012571321566492,0.014797609623073527,0.049843223202786335
2025-10-15,0.006336529564029414,0.011808670234680907,-0.003789417568938358,-0.006579553112687431,-0.0013999208935399077,0.012474766479066757,-0.01330442081344474,0.012525381209682829,-0.0018373503033344285,0.004857410679449448,0.012773745348994892,-0.003671780876992159,0.001495900592284105,-0.029289077281173914,0.01665769556265939,0.04266069077174128,0.0016766927081448557,0.011950447468203063,-0.006369443423675958,0.0022656591156793304,0.006162695358397308,-0.006965750839297735,-0.00027266410211590486,0.01212297950341612,-0.011665386627636498,-0.022456861950460705,0.0033895504197971604,-0.0041923091168558635,-0.0077214824452835895,0.016976046593317307
2025-10-16,-0.007580006053321764,-0.0050786750642419776,-0.00510277898660183,-0.02280287087721633,-0.009859815936222205,0.012938794590303004,0.039817381946120944,-0.006185273552248738,-0.0026296901296901654,-0.01638171760435414,-0.013513599528181541,-0.012813567867212106,-0.002343449415790899,0.003308701646460799,-0.017025804851608983,-0.008344585748538025,0.0049693669764174775,-0.023389697558200973,0.007602807701536429,0.0002619994753976229,-0.013422765179893714,-0.002258980345690831,-0.003544766386996634,-0.023663495869627016,0.014787773920269087,-0.02924482636797554,-0.012404798994957722,-0.0004953457775904724,-0.029766539701235994,-0.023479726271215196
2025-10-17,0.019559441912186948,0.01014166305693931,-0.006667636156250767,0.07272837934643173,0.004955415804343666,-0.025658075904597788,-0.01186987349243207,0.015052793407851484,0.00903042322970693,0.007189661639707801,-0.0004566092195817939,-0.009655905410640542,0.011641935228618339,-0.001033690784328023,0.019241223479576464,0.004614499680814177,0.005725606188114574,-0.003282597244170904,0.012575924722914245,0.009039379417946414,0.008123598038166868,0.010367084481556432,0.0038506870028647278,0.007929445077840658,0.012032008811412087,0.0016821375058684307,-0.00019630799699688062,0.004707636249856817,0.019350037347311666,0.011834336946474622
2025-10-20,0.03943876231500254,0.015126621761940573,0.016147214372026486,0.008251132171385622,0.018221117865724334,0.01067404475860867,0.046075343579829564,0.007414947556931395,0.009145442941571824,0.011656305590969307,-0.011877616687945292,0.016716182176115923,-0.00768046410233203,0.015126199042162503,0.008425732860608992,0.029451505053263105,0.002587703034274691,0.016131086052033172,0.0,-0.0010386364177635832,0.014019917444856533,0.01804451997983203,0.006250077392229603,0.0037108360629898307,0.003698876364988557,0.012365943524998979,0.022097644453201504,0.0061651942445808405,0.007370780808888089,-0.0063121014398443975
2025-10-21,0.0020210237725979407,-0.007219787525279631,0.025637486886977978,0.0164243647462039,0.0020292739034883933,-0.01229329488681763,0.035905274780874796,0.0009907773889530347,-0.004466559730248565,0.020900371839025267,0.005547886202915242,-0.005685705885014158,0.0051685227486872876,0.014803575750878206,-0.005640828860636327,0.0005249464190204556,-0.009498209945119296,-0.017429463601264517,0.04061944319712607,-0.0009421587355421535,0.07662484398919545,0.015060278553200579,0.0016835341532732695,0.010943510759733543,-0.0022374811493842683,0.015419413285393091,0.002441771693840966,-0.01225483505063929,0.008129843100393996,-0.00775342551451097
2025-10-22,-0.016440156296572916,-0.017134941723071728,-0.018375903497213075,-0.009064797298513172,-0.003083854303072009,-0.020470857474421345,-0.025701278640962277,-0.0008483662009256543,0.01157426265066519,-0.01067371966973929,-0.002298791243412035,-0.01894650666711928,-0.004937337241757489,-0.011813664120187028,0.01935835526927776,-0.03147955919630774,0.005524295938366119,-0.010030718178000386,-0.005756842784091831,0.008553323604986618,0.0035405845748737175,-0.00011416325099000701,0.005563524504231809,0.010532568982463797,0.0038253729154289484,-0.003155856996667983,-0.010619395357656547,-0.012406975609864146,-0.005328278945292753,0.008661274227381499
2025-10-23,0.004372103072468825,-0.010439888398614872,0.014406971477930908,0.008323826090885555,0.005448118355057652,0.012823313409712878,-0.006195548657055405,-0.0055194966964107195,0.006363692083945605,-0.0004421949333834885,0.12949303822930447,0.00829987120392417,-0.010129295470844513,0.06805096637354136,-0.008730164828995579,0.03358617930565888,-0.0024360233478766258,0.0014621457165582274,-0.012286261783656327,-0.010125461956010606,0.02613176911219184,-0.004908087211711432,3.8413668217440744e-05,0.008685547373212144,6.568057685041317e-05,0.0022719977250353907,-0.00287688610267689,-0.03517580295730971,0.001737412151030071,-0.0026133673400509094
2025-10-24,0.012481878875396424,-0.0038580392660564344,0.01411194729592502,0.007409927488031265,0.01643937071597601,0.004284337760635193,-0.0008625349202601162,0.005123121931284391,-0.006387312887861318,-0.011943661596639843,0.012239901887453497,0.04408738490698605,0.004285320207607413,-0.02052840963647884,0.0788070550733333,0.0031446261101832906,-0.010754952955657426,0.02003122974700533,-0.003288610414075799,-0.003843964350893625,-0.01806532354122603,0.0035558634102907938,0.005859092800333476,-0.008180242351676692,0.008845352326718903,0.002935743926163914,0.005687269312935284,0.010937414726731376,0.004104558181730056,-0.006457068073577155
2025-10-27,0.02279111912415832,-0.0020565304639245108,0.012309863182682124,0.011494662871466499,0.007454230182911026,0.008302614444028134,0.002511451318387481,0.010760244434909527,-0.001800007895119471,0.005909662664694171,0.0370818004619895,0.00779452843071704,-0.003646428456535178,-0.004950464088112172,0.018311300694987542,0.03291541735659398,-0.0005251897522188242,0.012348517082100052,0.005020775241643127,0.013767578812687198,-0.0005935118046187515,0.005829218155675164,0.015106740785724382,-0.007524340284250863,-0.004918307026109736,0.0016672895210165795,0.009600079463896627,0.010561556159514929,0.0012665875970010454,-0.016012048153731362
2025-10-28,0.0007068314349076843,0.003194075053057688,0.010045375014470892,-0.0017696503194308821,0.0014798288388102598,-0.004933050953889517,-0.00473638211621652,0.017229362578801366,-0.007405880149403354,-0.00614200838087986,-0.013602823435028277,0.0026583647958522416,0.0012459142852747629,-0.0030687490198124667,-0.0016607735097950993,0.05032872578887715,-0.017708888762650865,0.0039782765599170045,0.0014274818494208752,-0.011612889424863826,-0.00932301384206069,-0.011022694095712327,0.019848700368470196,-0.016912088350014898,-0.0024384451595425016,-0.008174899233248989,0.005082208442488412,0.002294201490068648,-0.00264504935675991,-0.012443766064486605
2025-10-29,0.0026023003490212027,-0.0010956052361343893,0.0045801659836763875,-0.007783287864317923,-0.043657367662476965,0.1163460306936146,-0.01101234466976786,-0.017763709488152757,0.006293409968489927,-0.012628784258165715,-0.02048850312157602,-0.011400243340655813,-0.01998697829059526,-0.0070892528494612694,-0.013948965122384083,-0.004574973086772682,-0.001765331211540433,0.0004913110032782608,-0.025798324812261964,-0.013218037347050071,-0.013187046965661975,-0.0051705822674014135,-0.0009593122552365996,-0.030846776466312176,-0.017176422073476916,-0.0008204342519645413,-0.034199618771821205,0.022634757241096093,-0.01620062428887803,-0.006881859898368203
2025-10-30,0.006303226049785504,0.0007883694646513284,-0.03230569840563213,0.0018424480250611719,-0.06320816501667947,-0.0039965409566035115,0.020639422602089175,0.022150622988959867,-0.010187055483958263,0.01451380063824037,-0.042638842862980364,0.00906694982738232,0.003994228148985979,-0.0026928756913499052,0.006002461557822469,-0.028543790537502334,0.013129674026114424,0.01286373928632134,0.009217330604853524,0.0002646140092912308,0.011055074778717033,-0.0034650596340592976,-0.029157040620222285,-0.00688597177113448,0.005444654534035864,0.01157098872486162,-0.0295839965601854,-0.031086816700395592,0.010988037225484915,-0.002244761111082516
2025-10-31,-0.0037950967413132863,0.02202053682466021,0.09584492754129248,0.0051549748016697094,0.004698132910854191,-0.010100368987585817,0.014650406593147425,0.0027430160868415765,0.02735799667958494,0.006974311526253496,0.002100867503505688,-0.0009997579590561578,0.00010536392188797983,0.006096655438555976,-0.008546727716371216,-0.004233022151175825,-0.0009521246667624217,0.005429059346765408,-0.0011597983356509411,-0.013226185227704246,0.0003004107516300092,-0.003477018838935364,-0.015121028709135675,-0.004776631688511834,0.005281409608717702,-0.008818871324203115,-0.009253098699065987,0.0200206077205638,-0.012433716813429863,-0.01027098542711491
2025-11-03,-0.004882213161503057,-0.007137397948711266,0.04004585509136338,0.0024671446586335133,0.017560435301316346,-0.011554565185113552,0.0035712759778780967,0.018328584427344197,-0.023332516807582526,-0.004439737836127056,-0.02599578548501824,-0.004877289169934573,-0.003266665711856187,-0.017682405488461783,-0.008718028472018746,-0.012253104723690122,-0.013819046348400144,-0.005689033402305643,-0.013497739486022953,-0.006902849745330064,-0.02588591795828421,-0.04059086459664729,-0.0015062677507543532,-0.030035541094078022,-0.015628032330138653,-0.0035737846873711288,-0.022748570045936667,-0.006794179107655118,-0.011269556152865401,0.004052169395339034
2025-11-04,0.0036796245826942187,0.0013500478559029805,-0.018425168014886806,-0.0031248469653013533,-0.03177707114653672,-0.04032669559786528,-0.026402405954111807,-0.02860976568894802,-0.004219693713619965,-0.005797343309060565,-0.02755053609187552,0.006759863294121926,0.01250160130188882,-0.006623855052438787,-0.012732614688742538,-0.06253167647349689,0.003221343673114996,-0.0003232499562493274,0.010151550397848874,0.009582615590183918,-0.009864976738991671,0.016608085760171143,-0.005222114924611443,-0.022665660731058357,-0.005742583508526078,0.03594111484007256,-0.0088678967246143,-0.003800353379473931,0.010091928308916254,0.0066935991949741425
2025-11-05,0.0003703577594871277,0.07805860185836844,0.0035295587926045258,0.014730001723179287,-0.002171208926757373,0.039391509560969595,-0.006917182420969392,-0.0030421032692401484,-0.0047590236316624734,-0.0009868797092033033,0.007968092668771964,0.0028577429593419357,-0.0241202402354439,0.003003153639483669,0.019677595184755647,0.036456989827748254,-0.004602427767087858,0.007857652656621639,-0.002184714940243193,0.021590229210276313,0.02322690895287205,0.006320016207663537,-0.013940545528193238,0.01437208465951878,-0.009376903009480242,-0.002272127330179119,-0.009340154753280427,0.009409953039558161,-0.000763956493118001,-0.007822409389402929
2025-11-06,-0.0013697259247742455,-0.01334954558234469,-0.028617121300727022,-0.00019130489166940823,-0.005667417998484137,0.0011069324952837079,-0.0530710490263383,-0.01470171620377081,0.0018341005655522213,-0.007812480062021954,-0.024154645224132132,-0.006947547182740266,-0.012759475840972367,-0.005785316205943136,0.018417706141139245,-0.029702953567541934,0.005215066488815978,0.005582718976228529,0.008027936402271951,-0.02375104053172372,-0.002860260113005886,0.016471137669756164,-0.019835933804179806,-0.0035421136082286475,0.0023322111820072156,-0.0014095946795110725,-0.01885633775354667,0.003275428769446753,-0.009057764448126115,0.0020695677331570295
2025-11-07,-0.004818903572332056,0.014607590286655148,0.005636975040415049,0.007683264259164657,-0.009618317504572205,-0.01172386061715891,0.002549386865177139,0.0004222723564923925,0.013600178362994875,0.002262663158987266,0.0031504080267978907,-0.0015744479619091978,0.0055273944198757086,-0.009392044765393237,-0.01933290463649673,0.023899015830685544,-0.0021392977866711016,0.0025205327567048297,0.021575540926565884,0.0041887980747270515,0.006042013514424793,0.005828899756935568,-0.0005632731050992934,-0.012926170991311436,0.005816646090232025,0.012850098560268197,0.00824104928224867,0.00527369082143303,-0.002789645940652674,0.00894957996777368
2025-11-10,0.004548679242277531,0.010805711532789086,0.01632498741700883,-0.0017908549629065407,0.0010276807338520655,0.013763031280505489,0.007628839482751726,0.01435195547970114,0.004063926395267092,0.013545191712189819,-0.00852404172809218,0.013810858793869452,-0.0018323367586501327,0.010305510277431207,0.014538866092237868,0.008392333749285052,0.009862212971124995,0.00852933798994493,-0.00042536819232563694,-0.001868720920976119,0.01716822384640393,0.005447400859748042,0.018477499302281375,-0.004747063446153499,-0.010069347588161803,0.0092206180329224,-0.008112094255513402,-0.0044967035775367314,-0.0034819564440127238,-0.0016570137937679252
2025-11-11,0.021601185771556786,0.045696140470095514,0.0028180846386129943,0.006197636127051487,0.0020533297073377366,-0.005115114456432979,0.011542771662590656,-0.005271161812282932,0.0037905390864463318,0.023253751389292532,0.009502192096016993,0.016445007279816792,0.010285361485548261,0.022134966197424166,0.014848110068224063,-0.01482443910309672,0.028767043461003894,-0.004007749470046229,0.015456718562388838,0.025844123144832087,0.005964041004963949,0.04841488518499326,0.005296431648967648,0.03865135390332375,0.020893378225763204,0.012854438816373603,0.01825376269793222,0.02133004683839612,0.01215477695710776,0.0099590321327363
2025-11-12,-0.006466843884820661,-0.006411673306519594,-0.01967085120518708,0.007050929401633654,0.0014855451880491088,0.008962383304544908,0.006216757002399653,0.03137645207128559,-0.018689149487717605,0.01567268030688207,-0.005826920025199467,0.035369176648466505,-0.008310126539164187,0.00588784877792925,0.004016351398451468,0.00026394723472211723,0.0028890810119135413,0.015176488573877878,-0.0013964766216767455,0.00035850678671467406,0.014288255603742472,0.005497559554286546,0.004836125024470617,0.01662695189003216,-0.0035680415456637027,0.00038466597796005253,0.0354557261051609,0.0024569698916061533,0.0018624517617054082,0.0
2025-11-13,-0.0019014480979659965,-0.0008326336834050263,-0.027108907452568887,-0.021568197579031945,-0.004705872986932591,-0.0339778859535288,-0.02272180028506854,0.04624117758819102,0.014740365778440845,-0.07749678882255417,0.041929717753238505,-0.03989413268551345,-0.008245111866734156,-0.008532185545700566,-0.03212910432975025,-0.052256520826898356,0.0044241457593536815,-0.034112453367990625,-0.006152939366434906,0.0020850555846452234,-0.0026888385521655067,0.01618374090330854,-0.015357870890138514,0.02850477908111526,-0.0003377425012962565,0.004508530550983103,-0.019288668287949506,0.0075981575324060024,-0.008262565717074843,-0.008700708702194193
2025-11-14,-0.0019784155368063328,0.0022024179122062115,-0.012164320933474637,-0.020700240889252486,-0.0003083439101096985,0.0008672449847169084,0.013434318450576743,0.008012396058510118,0.013112246830804475,-0.016820000244113675,-0.007788885692065484,-0.01811302272146298,-0.01551344475179528,0.0018119620677610193,0.002722617364448787,-0.010860467594141276,0.0034826895394974855,-0.01896745511343023,0.0012663352545292383,-0.0017880632950850739,-0.013596930458392387,-0.00010763998828877686,0.013689874696540372,-0.028169089422160898,-0.0019600460930720986,-0.0004524005155915889,-0.03205822283427939,-0.0012162800653831018,-0.018031414546282987,-0.0005851135133635443
2025-11-17,-0.018171183658773127,0.014759103856983424,-0.007754941860691922,-0.044599341744039234,-0.013931763594202562,-0.0035739683128608313,-0.027210080457797492,-0.0028204775203556354,-0.01776424130291332,-0.0010396956692221293,-0.054949863007962896,-0.0194079652746999,-0.011949387955490276,-0.014871340207608164,-0.027871336797496205,-0.02280409242263881,0.01862908575412625,-0.01067152853231168,-0.006745390237927307,-0.006937481770111775,-0.01306839967464668,-0.0006456610287052245,-0.005272633968357532,-0.01979112735779809,-0.012527846220078853,-0.009676623982704635,-0.004163313453804274,-0.0012177612040599195,-0.012938576922063239,0.004586147160441145
2025-11-18,-7.473646268785217e-05,0.006672329629022089,-0.04431653833391602,-0.0017289136838274377,-0.011365375650533083,-0.009365032469036416,-0.014892613072027272,-0.005271229734023497,0.0033309026504011463,0.0055823071995715345,0.008306467943622442,0.0009541214980086643,-0.06019044252859018,-0.023612835779151964,-0.024295860599874652,-0.010947774803830468,0.002104460876932057,-0.0031960561426512824,0.007640045119583494,-0.001016677764501095,0.0024184890136071946,0.038444924549222215,-0.026995548838964045,-0.006518269734066662,0.008023638101326336,0.00822466898870644,-0.021652302314223992,0.011460571294896083,-0.014029185953088996,-0.015152960948540795
2025-11-19,0.004187836924032684,-0.004622214470680008,0.0006290693674619874,0.01168315151591326,-0.020724610206064087,0.011391889199519278,-0.02406847233553877,0.013183319429387996,-0.01249836108561686,-0.015148683422957165,-0.02471402822217783,0.01248230505376191,-0.005884477690988765,-0.004596446268219756,-0.004897442207108638,0.02272061572077444,0.012549958712442466,0.012891970009245357,-0.0015444714352074174,-0.006073819178391449,0.004765115971495426,-0.014310861016776033,-0.013507811998847874,0.002400374653070747,0.0,-0.004810913538456751,-0.014318446081441727,-0.006991294119650382,0.00915375337334301,-0.007693053006046058
2025-11-20,-0.008601420835542606,-0.018487104393721365,-0.02492255148822009,-0.0024373161407764687,-0.03403334501503075,-0.01261950972021797,-0.0110146176358763,-0.037632315940652306,-0.0091628175188605,-0.018821017463282352,-0.016893404777714283,-0.015636327823635998,-0.0063378412241393844,-0.01275126117005454,0.006481111583194199,-0.04243809890528727,0.0027653249228349885,-0.01612414769907311,0.001406295766602339,0.004690594573983908,-0.011826156795826548,-0.0008416705699608729,-0.016001314074220674,-0.019316728537456918,0.008163739814143423,0.008337178281415003,0.007926450648811922,-0.010439467670061542,-0.0010798658175626974,0.06460591746694444
2025-11-21,0.019680714495305063,0.011537672916022368,0.016348913427910006,0.02643979877352476,0.0017838781175121277,0.007873498864332529,0.007720645927728587,0.008748666302948127,-0.002195474927913832,0.01538461538461533,0.05966589824494939,0.00042651807136451225,0.03291420538695555,0.009992584718355957,0.024242454176604866,0.02617492849711711,0.004087207986491093,-0.0012065657147324327,0.024434708519802006,0.01706333857662412,0.021140852406510646,0.029377714267796895,-0.013188967362399162,0.022301807178882305,0.018422301383591133,0.007712316481502723,0.027059186435516525,0.01153096021924882,0.013003126032408385,-0.016711820696414637
2025-11-24,0.0163174457722548,-0.009598923594036468,0.02532963104830621,0.008614502383412326,-0.0032276118024739953,0.016659749695293824,-0.0012768596278776023,0.0018396432229073056,-0.0015335093618543683,-0.022439566150857293,0.014864828691572907,0.0215495531077059,-0.0196319143545457,-0.00715714440465709,0.02245828611132139,0.03739133088485058,0.01054442819593393,-6.706668722555875e-05,-0.0049349073950519795,-0.01438502071441794,0.008745322462546667,0.027004939547858653,0.003982048848293118,-0.013853534568089576,-0.026106602162476067,0.002654538233715975,-0.002875343959156451,-0.024739278276523446,0.004024564797931118,-0.01196355802160498
2025-11-25,0.003805406428931457,0.02037091776028177,0.0149814363087164,0.018852114870319125,0.018535101690052347,0.012526722994265382,0.03218405380636424,0.001049323116165679,-0.008146919670805497,0.013439212880655305,0.029738131136591628,0.014683015432758406,0.04305076993638912,0.012509278938520163,0.0011837954587692323,0.0011176561750236846,0.00937728043440944,0.016778494838244784,0.0002756093941738147,0.018202730802315603,0.011677257348714276,0.05239043487304329,0.006307996275052741,0.028257724642005266,0.010273643190725101,0.009833669943152046,0.022661083382572,0.009450395365410813,0.01588220826056097,0.028252950331720594
2025-11-26,0.0020940411225383038,0.010143420366572453,-0.0022205534501759105,0.0036675623947373115,0.024555994669962278,0.01256598703386902,-0.02549978255139096,-0.0032757225981342453,0.006597964960568303,0.0011616317148654964,0.03060340763743974,0.01706297951165725,0.012533053553405615,-0.005392099027637598,-0.004171109713034693,0.027351367350111122,0.004306379240013758,0.015313555006774004,0.0037184318972087738,0.006281159931943225,-0.00431380589563557,-0.0097483174519577,0.01784106572434263,0.010207306966340868,-0.0016163993279405542,0.002791872347705615,0.010512385948997505,0.00714468469343621,-0.0022120295252301414,0.019626222110858516
2025-11-28,0.004683906927485104,0.002582883338484887,0.01771686809963624,0.003571640453796654,0.011127765094319786,0.0035383688506671618,0.010475590004302093,0.01143696691238194,0.010835465423701063,0.010055125366951634,0.01230903744062295,0.01229152658819399,0.004079169888193235,0.011579540421253087,0.017710482070255607,0.10187448682685907,-0.0030834428462920282,0.017682960854886964,0.0032930981772947288,-0.0018565870069767731,0.007318501040197267,0.0019115533185338762,0.013408876963182381,0.004663435808293093,-0.0006070145003491678,-0.0056363372889259855,0.00018198282447401404,0.005626233542092018,0.0019473138196013373,0.012923953803781307
2025-12-01,0.015241168753721723,-0.0230706924617623,0.0028299616613276513,-0.013578994320936011,-0.013439117916046572,-0.013373699280423756,0.00993322801868235,-0.01169753296878362,0.00932963910385376,0.022015843019397963,-0.0004192968017562304,-0.018376817655146538,0.0011486698776297377,-0.01025027938851153,-0.009430206984112899,-0.013560232572378372,-0.007635810192520132,-0.01328726496599364,-0.009089707430952498,-0.020615512669432623,-0.009125296694975638,-0.02861778640155288,-0.010711203891482723,0.01821859462326092,-0.004859584125061156,-0.008058379126196225,-0.019892609608863965,-0.009000227037686881,-0.012109758890694655,0.009229901196799783
2025-12-02,0.010914857899228636,0.0025778397652129748,0.0023088475921804186,0.0010824697287068474,0.10146947059794464,0.0253670020688459,0.008074618109817244,0.010915336465844305,-0.015012412396251174,-0.018169839548310085,0.0008389453706232342,0.010348804963299152,-0.009235203281488413,0.015403178724521904,-0.012726189935399645,0.08647845649390495,0.0003896066644661911,-0.0033665980797311645,-0.017790115824711572,-0.009388299353538465,0.00633506486462343,-0.007856232806060737,0.00669764110414528,-0.007034700852826092,-0.010716235862874401,-0.006815836365084094,0.0041149356956935446,-0.003191010225559787,-0.0023306380250909253,0.00789027304790646
2025-12-03,-0.00712816145749029,0.02086543439478028,-0.008702300580441968,0.02059878472546095,-0.013828082233711902,0.015485806401739577,0.01708485686194594,0.011447855526464767,0.00891844484452986,0.00868065197834289,-0.004191130717169478,0.026201818888186956,0.010959539939295437,0.0016567814358319222,0.0027834725339268562,0.006671200659915444,-0.00043810894115869914,0.01380411575507634,0.0019810300449385476,0.023244181318172297,0.008918155753495638,0.01227351263695553,-0.025040793905452774,0.01108888367964056,0.005827518597847137,-0.014730428152579855,0.04674311163635769,0.0014774298225612714,-3.0367592298019552e-05,0.017792029845827173
2025-12-04,-0.012141410394363561,-0.015227866253110012,-0.014071797072686909,0.008203622654627152,-0.0033079796146670004,0.012950398677085584,0.036611956995922235,0.00012864266402390356,0.004419804638374103,-0.0025533888244365643,-0.037457886408880814,0.0015061617731852994,-0.012485509706479991,-0.0064092907703531266,0.017745010917431303,-0.07449722227089395,-0.013880125057713744,0.012719078903172587,-0.005084036474562348,0.002697400516372017,-0.02206939826824328,-0.013493657764165001,0.006509922508618482,0.0006093056298190902,-0.00920184061951168,-0.004995120849246026,-0.01830975699797255,0.014506977284772349,-0.007614997601998352,0.003758325347156477
2025-12-05,-0.00684009028940924,-0.030191641883545284,0.0018331725713693903,-0.0021554384606496946,9.909482808145853e-05,0.006709409040226433,0.052978234623754616,0.00270065526326424,-0.014842996114350138,-0.0016117967324192906,0.00393520952937032,0.01996822759688266,0.009795745058784888,-0.004681859837108893,-0.00016230330385313962,0.02246913203486689,-0.002716332790217546,-0.0033533586391752968,-0.006387465830165917,0.008718488257300372,-0.010574871505530492,-0.011596741161216229,0.004824905045104577,0.0025878849539844317,-0.013139865694105968,-0.006929445137451529,-0.00773638028753687,0.010421756639754864,0.012656631163587395,0.00235113406370413
2025-12-08,-0.00319242461710445,-0.026251184569312636,-0.011501761877265149,-0.02179022903310257,0.02169500666726476,-0.011058223484925689,-0.003991273254175698,0.01141462874297039,-0.008599955240885415,0.022127154987538145,-0.004355334412391998,0.014194444997971845,-0.013253946260970428,0.003449556555652711,0.004026726714763118,-0.02680513437434684,-0.0015351734256311422,0.0005395609073770569,0.0035714285714285587,-0.004626811009782461,-0.02101736985590974,-0.007922231113866363,0.01626787253081341,-0.03522623251326806,-0.035622169414199045,-0.0036314607780857378,-0.015454782036054548,-0.00935479531818062,-0.01328340184218424,-0.013465426889344823
2025-12-09,-0.002555046727945598,-0.022974207360490384,0.004539639393836836,0.004499328739392627,-0.028603330746433397,-0.003587602893589392,0.0057410723939277375,0.008242519784906976,-0.0014793975574651785,-0.005667593840687046,0.010936132691387268,0.01141124810552574,-0.013260594438214812,-0.009479698276708248,0.004204729741067448,0.004962798181780803,-0.008233252869366825,-0.046635519653933644,-0.0022776322008452032,0.0032279930676168966,0.006891861293927715,-0.020620650299372434,0.002036576967077819,-0.0033049902651376417,0.009324916107857906,-0.0025368260149849498,-6.176693026838098e-05,-0.028087152008022587,-0.0010402531565908424,0.013208874278186622
2025-12-10,0.00577244442526248,0.004874936273833397,0.016935769749744978,0.03204088829779894,-0.008234735422932848,0.035315256004906814,0.012183055815106592,0.009306905821359734,0.019664610821768402,0.01691280196625944,0.06404151895925958,0.01444246149548456,0.01697227113738098,0.009938472986519065,0.007053602048161078,0.006913550106095734,0.032906513059290265,0.031945566278692716,0.0017121237387931476,-0.0008366091524059094,0.0034527066258582817,0.007534421616617992,-0.027356594763681685,0.03884413411253629,0.0013607330349421076,0.0010429711122355023,0.014740386043583742,-0.005480802447179078,-0.0023583124461619143,-0.01633923047156549
2025-12-11,-0.0026902934331158868,0.006341556119713987,-0.006471654188885845,0.0248156261706598,0.01001411775835237,0.016673493491980773,-0.007002258613959311,-0.012211850619094244,-0.004557178685142049,0.024166080986105953,-0.00040667868319566036,0.024504115089062584,0.01802747268601612,0.009320048774736467,-0.006172715996014322,-0.03114272917556893,0.016800626191054047,0.023443333086530904,-0.015667262333925347,-0.002640670232963771,0.017747207391126674,0.014238877133464944,0.010259954210878552,0.02963971608308591,0.006722870652249968,0.016274469840005024,0.025459134492958668,0.007515027478721015,0.06109352293399706,0.020674993790760654
2025-12-12,0.0008991835452922814,0.0011342408028993667,-0.017760970816273702,-0.006053740265211993,0.018285078203287064,-0.044308721592698164,-0.0004573083170342773,-0.01854409021967096,-0.004843389872788761,0.0012560725910308879,-0.02481694923697908,-0.025322993295867513,0.006126566591387217,-0.0009801518463961045,-0.004827186867286115,-0.04302700633919487,0.007475869555187531,0.0035919305003753177,0.02040219968546264,0.022634109195801555,0.0017792869638721953,0.013028988391726948,-0.01021780550795981,-0.00398577873606365,0.014776940836777053,0.008590188892240391,0.01517531905337055,0.016658360371009096,0.006365135139812406,0.012273938189890865
2025-12-15,-0.014984955605960026,0.023824534389375707,-0.01613691637948922,2.6223342932674143e-05,0.005479964235394208,-0.01359781945375016,-0.029172950490423788,0.005784015696935985,-0.00126676734747444,-0.003247637485855326,-0.02169372404300951,0.0018356737268321321,-0.007396089829699748,0.01957034604184682,-0.001875522541007868,-0.007934489311331672,0.012241215216354462,0.0047092531130914494,0.006381233679212839,0.006346330379761289,-0.01894610458188295,0.008144771456108035,-0.0077528921165697096,0.004594598384246362,0.01603198910057113,0.018506182133391613,-0.0021647268965084843,-0.0022010643998547907,-0.002702388983454762,0.0007712422419776654
2025-12-16,0.0018240853187405648,0.004395784594734664,8.989068511033871e-05,-0.0047573333094558246,0.005888110529767232,-0.0014073544878757671,0.0012962509818537082,-0.008945681514447412,-0.020360500598280984,0.010227214269709295,-0.026012818358437384,-0.011735745822499477,-0.012073160807013372,0.0041022920795794615,-0.01775419853985072,-0.0053318303703409065,-0.022738923092980867,-0.013967855779194904,-0.008454254809087791,-0.013271454963522666,-0.015087507821625934,-0.019848448541424313,0.003306531527738965,-0.00973732730305743,0.0005512386138943892,-0.0033724870046406563,-0.02022865368812221,-0.0012254264332747233,-0.0051313938761800015,-0.011730479800003857
2025-12-17,-0.010086993049891024,-0.0022341326148243024,-0.005796159688549518,-0.013499735957679948,-0.0018383477841907858,-0.045913751053601404,0.012671129801437253,-0.01998717772714631,0.01887566795544071,-0.008869427242460648,0.010070032429936981,-0.007757501148639712,0.011540227426397598,0.008221552143522715,0.0004618202118211734,-0.033771162955047784,0.00492115988666364,-0.0018063807383117414,0.00426311511516686,0.013322742262023013,-0.006311267148022881,0.009260239067827136,-0.0005668035075194755,-0.02130512882389002,0.017905067331316138,0.005731859210911683,-0.00769002761922899,0.0031902273786994506,-0.0020282858194904385,0.002079409954700795
2025-12-18,0.001287544541755281,-0.004877139628423399,0.024811271877659857,-0.00023956275481529232,0.009402425358357558,0.007012018160563072,0.0004889225704847178,0.012500036584931484,-0.012239177225543574,0.011208582879411955,-0.0013003372212270214,0.004550996326331935,-0.004933454143307592,-0.00905496805303152,-0.009461938045253193,0.006380015176252307,-0.0096039759182025,-0.006286084841366613,-0.004386551105501124,0.003012304897310525,-0.0025282337469242355,0.01522486521056865,0.016508476749030443,-0.0009134599750061367,-0.015492820980718136,0.008171129785364828,-0.01052374689560509,-0.011497110699099755,0.004645643525166943,-0.00717622172552812
2025-12-19,0.005437418615868328,0.009123948377301572,0.0026019210221046585,0.0026363918840277556,0.027896468235498073,0.01836236213118525,0.007989131316005205,0.01910328302353581,0.0004062398104269782,-0.00563158011392606,0.009548580929362283,0.019605149965881363,-0.028141611057200033,0.005199913013810287,0.001764016501126564,0.014884259473445516,-0.009313054890035088,0.013450400418086428,-0.004263829578672218,-0.01191927930969261,0.0012364751101843208,0.003972528421748223,0.00400843505386228,-0.10543956206831817,-0.0072841783123089865,-0.0024858862044020436,-0.002194189030784721,-0.014600315791000185,0.009363862729201644,-0.004093017619163808
2025-12-22,-0.009865941003960987,0.012248792552435939,0.00475032567966549,0.01152692570202718,0.012892350911945627,0.010742400982890477,0.018160136794270088,-0.003953068268968685,0.013874809148953116,0.010248106899862996,0.0068787551950855175,0.006178112159104021,0.00402902796648541,-0.015820370081002344,0.006013680286150125,-0.012221639507582926,0.004603441534665853,0.018536652872567005,0.002141043835370615,0.0012031563045167282,-0.01210179447158155,0.03590864590279841,-0.002057951869374297,-0.025378945443785605,-0.012252639117110498,-0.004369789432679627,-0.006902478996213879,0.0040180083808323275,0.00813170032323729,-0.015390015100010035
2025-12-23,0.005129660569795913,0.0003016855714363942,0.016241329216049705,0.003518381578203389,4.6161989457838004e-05,1.7227015616017027e-05,-0.004534679306538392,-0.0011522514614513701,0.004739595731735768,0.007474675100684891,-0.02220326456318089,0.0030144849528990214,-0.004099464094470484,-0.002347452021365104,0.003269560442672681,-0.0005499163692891385,-0.007428171380071014,0.008790098782937239,-0.004842562915882698,-0.017013487009183703,0.0009374618530273438,0.003055764811822348,0.003980022730220467,0.0020971501105342405,0.003433991301402539,0.002811605971248854,-0.0011071960422128768,-0.0015007110904976528,0.003663860258284357,-0.015097664043333903
2025-12-24,0.005323881205087977,0.007451209066544617,0.001033882544133169,0.0024071205119975403,0.006041030766530842,0.0023008173762972817,0.0069468820587033075,0.0,-6.640427347492928e-05,0.011128794582631274,0.006986893016480256,0.01005867418926587,0.00687014844421574,0.007314540541080605,0.0025676436316781626,-0.00522692254978363,0.009719117561785229,0.009940825508377271,0.00343491991319933,0.008010520729990978,0.0011864030511863355,0.013423419844110107,0.0024031691393415766,0.04638995187187933,0.009149440540174192,0.0047186108292849305,0.008559109863849113,0.010020004232805135,0.004980501843075746,0.006402155768293394
2025-12-26,-0.0014974020881820538,-0.0030841981244793537,0.000602458846315379,-0.0053770093730425295,-0.007884127208611091,-0.0013019284533565267,0.003091219092411057,0.001794469753505945,-0.003189340382319328,-0.008036388638733571,0.009974044011781258,-0.004106426523667439,0.007024824284942444,0.0022343089309440067,0.0017402113985600653,0.0011062200137206268,-0.0007218880419943563,-0.0038277834570876745,-0.003423161627160165,-0.008457517665240055,0.010851974135619225,0.003100064260360025,-0.0006352148796615609,0.015500005086263036,0.0017301709676502686,-0.005853529955551995,0.012973930564168956,0.003968278413212234,-0.00039425196447129274,0.00116474556676871
2025-12-29,0.0013168100847762432,-0.009911957064746568,-0.0019353042317807878,-0.015037359825405328,0.003742365318134988,-0.007530030717001424,0.0005638320115510798,-0.004733828848897836,0.006465812512186364,0.0055477711901801285,0.0025761899348994977,-0.01638294420481934,-0.006661291613005549,-0.001418649167674313,0.0021304988832360205,0.0132596555834259,-0.0003371734459008957,-0.012686430073560073,0.004150578275761374,-0.0069202843670981284,-0.0022211291108376052,-0.0014983708048690314,-0.0012507132563402967,0.004595417329631868,-0.001174458718604221,-0.0006504260050053112,-0.00870923137692381,0.0,-0.0010986328125,0.00706999221971083
2025-12-30,-0.0024840121606569676,-0.002851689553383996,0.001982123671998126,-0.005142273477808934,0.005753739930955071,-0.002108520168182526,-0.001164397497657288,-0.004884921072367487,0.008742247946268433,0.005254387085497747,0.006852241747245635,-0.008697807426001125,-0.0031659406097823695,-0.0037038700142221215,-0.012069086672559792,0.016902915123402584,-0.003131595221284811,-0.0010192214715990522,-0.0012828386913805723,-0.0016205879557198433,-0.0034009587410724906,-0.005252346403697983,0.0007801372984006516,-0.0003267514795428639,-0.003596929976312113,0.0015415072733928614,0.009789022912397805,0.0054347680195425685,-0.002791772017907257,-0.005420782164478166
2025-12-31,-0.004467559984957958,-0.0041984997187691775,-0.0073538531116630335,-0.00921288152053501,-0.006315811820652217,-0.00782835036188223,-0.0037981713095072145,-0.004908999750304233,0.0006565957922568533,-0.008885828594178191,-0.00552960726710372,-0.0061282908741183695,-0.006496318638226084,-0.006467734103245748,-0.01933453591758949,-0.01072379944673596,0.00019328831581355566,-0.0037104376223550117,-0.002283374245920844,-0.007791429101046687,-0.0066389035030457455,-0.007542857257952673,-0.007918305945161852,0.041183208274558014,-0.005137132802483846,-0.00793490418453413,-0.006171779527773147,0.000737081432146347,-0.008229183027800846,-0.00455677729788817
2026-01-02,-0.0031265196488491354,0.0010082707289889026,-0.018715913643268745,0.009752678069772536,0.049051259187461005,0.04458247672760973,-0.04261827937355733,-0.007569848737450702,0.022898695298979588,-0.01687613804691379,0.038066780536526235,0.040204808709293216,0.004998550392892653,0.00404945696730441,-0.015900852742816496,0.06720865690200695,0.0019328782854415305,0.010117312264035005,-0.011300255673645676,-0.007754458264319419,0.010743292661656856,0.011305289643368965,-0.02208343902983856,-0.006749337801836175,-0.010606438023061049,-0.016789613039294493,0.019054281372988813,-0.005155865085957778,-0.012061191787550829,0.012117390088375313
2026-01-05,-0.013837127282653072,-0.021120782317018416,0.028962461627345393,0.01896809110683595,0.00158054442463329,0.02956173324992384,0.010409331674411826,-0.00604943554621562,0.05099430736546373,0.019848021913176694,0.02595793773728894,0.037294632832833186,-0.005002634172944664,0.026597872805828482,0.01190394929915306,-0.00025399024782069013,-0.01466124164666871,0.026299664062020334,-0.01707176299604718,-0.011211581826071293,0.01069086422714638,0.009300192781080296,-0.00019029123657554603,0.019753476992938168,-0.010014806805971888,0.00901156177361706,0.01670628780961536,-0.00715693156364372,0.021126692953520765,-0.0004434467081456672
2026-01-06,-0.01833429707033085,0.029464991803015872,0.033768107781812384,0.009899973371443549,0.0074956885042654076,0.011345577531472806,0.025911121040431917,-0.004630834422357566,-0.044614052762162015,0.004383273440323299,0.024899632479191025,0.007412138083192188,0.01511236090085255,0.019145686874679102,0.025426314435237574,0.01701808488239398,0.0023493501702058772,0.00622474515381799,-0.0014719767430370068,0.009704541466903693,0.016264161494803364,0.013309756819445795,0.011969976925135795,0.012707263448566763,-0.0032769412179168844,-0.008931078805258452,0.020320485440262992,0.001739981528432466,0.010627501117454141,0.014461869103524094
2026-01-07,-0.007737455757884204,0.03473968184337739,0.0026148877348795008,-0.013922193064658361,-0.007483472189820817,-0.042642243004014646,0.012248007970555363,-0.0067792385148612855,-0.008560089404381799,-0.014488924126180636,-0.028213213471322107,-0.01512339645927474,-0.0006585100652787279,-0.026495598076919036,-0.01897705627404256,0.06468531701715063,0.013184297551388502,-0.022772766656026233,-0.004422102573076403,0.004590992168562513,-0.01985441861775994,-0.0024800612257669385,0.010365491533829152,-0.03259368482252467,-0.013365808116865274,-0.007012868553871954,-0.020832704783337652,-0.004218315853477539,-0.004698491686016881,-0.01416822782117455
2026-01-08,-0.004955164959399183,-0.033749059836389206,0.019581038977249277,0.012585293612876303,-0.003243863976039707,0.019462860175060603,-0.021005548025164522,-0.010171334633488849,0.02609538100125386,0.011159281427415069,0.045161325551965836,-0.006577971045174658,0.030080788613531917,0.028720420751311204,0.020186668057148305,-0.035655651411666156,-0.008385972563007993,0.008563009248509168,0.027095081525738918,0.015518152169496258,0.014302386462941463,0.022007361171537898,-0.011086553158639045,0.032268283393504404,0.02528250900525464,0.00349585163967725,0.015071681921287272,0.010964335639651601,-0.010256248865924023,0.0031050254642546182
2026-01-09,0.00127388264893602,-0.012147403671465162,0.004425724253495522,-0.019243891125766188,0.031445130367418805,0.015605192777514265,-0.0022646003940238746,-0.0010816905360330198,0.017959187506132235,0.014977657106924447,0.015817895301130314,0.004439270565813835,0.041940196885740466,0.010426814131612838,0.004955073975790647,0.10800288398903568,-0.006609966514466881,-0.0018193580398718767,0.016433607388095517,-0.0050504970666055415,0.0,-0.004144509355133663,0.0024471637564189574,0.010113331460472441,0.0024023012580240977,-0.007811954669292631,-0.008274456008892095,-0.002711451354917349,-0.006984135070625008,0.012912347116062595
2026-01-12,0.0033928553779511983,-0.0017172571239265633,-0.003678565947722645,-0.042650594069477465,0.022513106241328185,0.01967229645466584,-0.002077435330653299,0.0017596763352139,0.0014187633500284402,-0.02640660710322451,0.0064565163990328855,0.011256903814863106,0.0008007361233162147,0.0058829259908279585,0.026165246936881603,-0.032711259906174406,0.026077605787813374,-0.014277505915046174,-0.00014185414731859858,-0.0018547680288755197,0.016339850269212697,-0.012123372411921296,-0.004381585104457186,-0.004247554415570121,0.011207593897949453,-0.005213509949113959,-0.010087799028650646,0.001760209088015774,-0.018783706472838113,0.030035820117620515
2026-01-13,0.003073920434077726,-0.0038091193690621417,-0.0157016882298876,-0.00442169235541412,0.01976567091205572,0.010734047097225918,-0.07070160666699687,0.019727050970559823,0.0094246569780152,0.0014182207280817316,0.0018867636626620499,-0.012005648491874688,0.01280201568708006,0.008053655928214942,-0.028893552518721832,0.07330911124742578,0.018739236376627,-0.04188109570983911,0.010496423599567928,0.00876936411216378,0.008812645623578641,-0.00851726609013348,-0.013642607292779108,0.010054900491261343,0.005436980270928871,-0.03312053317689212,-0.01932400487836705,-0.02083337921374917,-0.04463871439193634,0.02025938259657334
2026-01-14,-0.004175431483854575,0.014400288632498093,-0.024526018373191683,0.0007262842615223253,-0.007932947933742884,0.003487700205409894,-0.006180993318946837,-0.014045283443071765,0.020565146008374446,0.004868077589143871,0.06440681886854205,-0.0058413274650063185,-0.009980455376860875,0.013125330620401776,0.01936269641865418,0.03023895702032542,0.022934749802274945,-0.009745895267871063,0.0028074759072731492,-0.004233446058228396,0.0033644630526459274,0.02540180995506991,-0.023987099714937177,-0.011010608195051064,0.014628388060432984,0.00567838480098648,0.0030844751950656057,0.021020342086732313,0.003934392234082429,-0.0026586880458747686
2026-01-15,-0.006731805114335909,0.003222170880811115,0.006465239039753046,-0.002484270150664436,0.021145067680254703,0.013197581959786486,-0.025211872773154398,0.011288755497244507,-0.006457795955399193,-0.001056946344382248,-0.01132341444559426,0.046307915160561874,0.008538346457907409,0.009294081152494194,-0.03585408088545716,-0.00821021173761649,0.004667143711818644,0.004514940301046266,-0.013437836669448977,0.0015902061682093738,0.006529799249851864,-0.00036033613870445347,-0.005921026583203148,-0.014945910652657046,-0.011752623174320243,-0.005133071594236371,0.011941724689637834,-0.011800180745577427,-0.004313920982495945,-0.006997700440507959
2026-01-16,-0.010379120733008063,0.0011514252771507305,0.0039466053837939885,0.020762832719913193,-0.00024224112396920017,-0.00044807246598477235,-0.027491106934885434,-0.0007973097487541381,0.0006017744494630772,-0.019486876311649026,-0.013242692632821629,-0.014202842169585783,0.0026638088297021856,0.020323667706982684,0.025910390684390494,-0.02814570817344686,-0.004144480720290944,0.010379587899226994,-0.0005675498527542011,-0.003855882509992248,-0.01928698383424554,-0.01928448559167173,0.007007361415038327,-0.003251263297401108,-0.000691483500925294,-0.007075930331204683,-0.023424600665469808,-0.011432946035603075,0.0016780710693173884,0.004194630979874159
2026-01-20,-0.03455563680678142,0.0017856491369854233,-0.033957825706746436,-0.03454043643841742,0.0053294870932376615,-0.0253804034195122,-0.030998165061921656,-0.024471391242725793,-0.005774037572451984,-0.007733818650659252,-0.03590858839595923,-0.019365909441593,-0.013309908455296227,-0.019690925190063657,-0.046847929777725006,0.034071599659536655,-0.002057975581750915,-0.031139024380953728,0.01859735254386785,-0.014930216463073909,-0.06960672063258322,0.005696913596950681,-0.01161222221543845,-0.01164952185925916,0.017089908593608483,0.0007051143729495113,0.02238536616531439,0.004369107795149096,-0.007554007191477363,-0.008270659056053287
2026-01-21,0.0038508186461043703,0.03806648369642174,0.001341980773133189,0.021068124758568896,0.004297218169553307,0.02604134321591811,0.006861427984647284,0.004635364340261239,0.008650893220694567,0.02582931120269527,0.06884875579227989,0.010218699660084152,0.02540596003580986,0.019063517483150605,0.02124593208076675,0.1171745977305223,-0.0009166041926460533,-0.0023121546939048887,0.0036237231530378278,0.009410930319573074,-0.0015372165121761983,0.015166776687023376,-0.022903291194518283,0.027974266291284078,-0.0063946064938760205,0.011275578465529845,0.027538952001654904,0.004094161717386857,-0.001657383011426039,0.005475541495172376
2026-01-22,0.002826619116832463,0.010098955643375929,0.01309929882528893,0.023386457564262608,0.005358484818826392,0.004694859212858615,0.029379882900260723,0.00868502331991805,-0.00041979288204418985,0.00017666439292418623,-0.0028159072205465874,0.0017208787228171207,-0.009385440234137343,0.01537616984688639,-0.009645745226743885,0.0012903169552851423,0.002201784314586064,0.005264191143254271,-0.0019441658866165001,0.0011122258993596645,0.030472157115795317,-0.017370176352928368,0.01582947812197899,0.0007643390852192233,0.0264959329611949,0.021382788264639352,0.0193242306849839,0.0061161532493316795,0.0033201751608415986,-0.012818354318642533
2026-01-23,-0.0012482899527435087,-0.006684551460107824,0.020568436457892858,-0.017200116192684467,0.0029433603420552235,-0.03360524811435428,-0.00017533993938767534,0.003497840716147005,0.0003599997436420921,-0.0196978689654006,-0.0028238589453405405,-0.03746924906140825,0.007191009220148148,-0.00485299993191346,-0.007567824633350484,-0.1702871879964567,0.007551804910984838,-0.019464491542561357,0.014053074554584821,0.01052184829443914,0.012762172263297344,-0.009159186638622807,0.03282794050120974,-0.006416104106621301,0.008577835995137617,-0.0027291357930258053,0.0050498167369807945,0.001013194427333941,-0.0005515157613068533,-0.0008486673391083777
