Date,AAPL,AMGN,AMZN,AXP,BA,CAT,CRM,CSCO,CVX,DIS,DOW,GS,HD,HON,IBM,INTC,JNJ,JPM,KO,MCD,MMM,MRK,MSFT,NKE,PG,TRV,UNH,VZ,V,WMT
2021-01-26,48.21,27.84,40.08,34.13,50.82,35.0,42.04,32.36,39.5,38.23,39.43,32.58,27.4,30.41,25.75,35.39,27.93,29.61,26.13,26.03,25.67,25.34,34.08,28.98,21.09,26.24,29.56,18.38,29.36,28.46
2021-01-27,49.12,33.28,46.18,39.85,54.21,42.33,46.51,35.0,43.58,45.72,47.14,38.39,33.15,36.64,33.26,39.32,30.27,36.89,28.34,31.75,31.38,28.98,35.27,36.33,26.7,33.5,33.56,21.04,33.67,33.76
2021-01-28,42.39,37.44,42.19,39.07,50.82,36.56,44.49,33.82,37.46,42.18,45.36,34.61,30.07,33.87,27.23,36.92,29.99,31.44,27.84,26.96,28.03,29.42,30.48,30.93,21.79,28.37,30.53,19.81,31.04,33.2
2021-01-29,44.55,35.46,43.02,38.45,52.25,35.95,45.27,36.22,40.38,43.85,41.99,37.01,32.61,33.12,30.05,38.35,28.1,33.38,28.19,28.12,30.35,29.09,33.59,32.76,23.65,33.76,31.94,21.41,33.12,33.62
2021-02-01,38.48,33.3,40.35,35.47,49.12,32.86,42.25,34.44,38.33,42.75,40.6,34.42,31.71,30.06,27.15,35.07,25.65,32.46,27.12,25.84,29.04,29.64,30.07,31.79,21.7,29.2,29.94,21.45,29.2,33.44
2021-02-02,34.62,32.24,36.71,33.74,43.66,29.61,41.51,32.19,35.44,39.64,37.61,32.84,31.47,27.16,24.67,33.6,22.28,35.82,25.41,22.29,25.26,36.98,27.45,26.67,19.68,25.71,28.45,18.66,25.98,30.86
2021-02-03,33.72,28.38,31.24,32.85,43.36,29.95,40.85,31.7,33.82,39.35,37.16,32.06,27.69,25.18,22.95,31.61,22.01,28.54,24.62,22.26,25.41,27.26,26.5,28.73,18.93,25.22,27.49,17.74,26.58,30.99
2021-02-04,32.54,27.22,29.43,32.56,41.49,29.01,41.0,32.77,33.28,40.14,34.5,30.86,26.63,24.43,23.47,30.78,21.5,27.86,24.66,21.88,23.55,23.99,24.67,27.21,18.61,24.12,27.35,17.6,24.9,29.47
2021-02-05,30.54,26.45,27.94,29.99,40.2,28.32,39.77,32.47,31.47,38.76,33.46,29.23,26.81,23.94,22.67,29.0,22.61,26.15,24.91,21.12,22.93,24.88,24.12,28.02,19.05,23.91,27.31,16.91,22.61,28.19
2021-02-08,30.34,27.13,28.81,31.85,40.41,29.98,39.95,32.0,33.19,40.76,34.35,30.84,27.29,21.81,22.54,30.18,22.44,27.25,25.33,21.41,24.24,28.09,24.4,28.6,18.98,25.21,26.98,17.48,24.99,28.28
2021-02-09,31.34,26.01,28.75,31.07,42.41,29.49,40.2,34.75,32.63,43.04,34.07,31.15,27.19,21.4,22.96,30.3,22.09,27.34,25.78,21.64,22.59,24.32,24.97,27.81,18.5,24.23,26.83,17.0,24.89,27.8
2021-02-10,31.18,25.12,28.68,30.76,42.37,29.21,40.46,24.02,31.83,43.08,33.62,30.52,29.13,21.28,23.01,30.95,21.92,27.16,23.21,21.94,23.23,25.01,24.67,29.97,19.14,25.99,28.44,17.46,24.74,30.87
2021-02-11,30.08,25.87,28.13,31.47,42.26,29.17,41.17,23.63,33.36,47.2,33.45,30.98,28.2,22.39,22.75,31.57,21.68,27.22,21.52,21.91,23.83,24.81,24.39,28.02,19.41,25.14,28.29,17.92,24.29,29.23
2021-02-12,28.41,25.84,27.12,30.86,41.45,28.19,41.29,23.71,32.06,34.81,33.76,30.12,27.93,21.9,22.53,32.82,21.31,26.56,21.4,21.1,23.01,22.65,22.6,26.5,18.9,24.9,28.05,17.63,24.11,28.6
2021-02-16,29.71,25.27,28.59,31.82,43.16,30.07,41.36,23.4,33.63,33.75,34.44,30.64,28.54,24.13,23.83,34.0,21.77,28.18,21.33,22.0,23.67,24.14,24.3,28.33,19.3,24.94,28.16,17.98,24.42,29.43
2021-02-17,30.5,24.39,29.19,31.71,43.69,30.69,40.55,23.23,33.9,33.48,34.67,31.3,27.96,23.94,23.15,34.19,21.21,27.65,21.66,22.15,23.47,24.07,24.21,28.42,20.09,24.75,27.83,20.03,25.34,27.69
2021-02-18,31.17,25.16,28.37,31.2,43.47,30.91,41.27,22.89,33.99,33.03,34.92,30.5,28.07,24.04,23.27,33.16,21.2,27.07,21.75,21.55,23.33,23.65,24.14,29.55,19.8,24.87,27.46,18.81,24.46,23.94
2021-02-19,29.36,24.83,28.3,31.63,42.63,30.67,39.55,23.42,32.84,31.56,33.95,29.29,27.59,23.85,22.53,32.6,20.32,26.3,22.0,22.39,23.26,23.19,24.04,35.06,19.58,25.17,26.82,18.4,24.91,22.15
2021-02-22,34.0,24.79,30.51,33.57,44.02,31.74,40.99,24.46,34.03,33.99,35.3,30.52,28.42,24.12,23.89,33.92,20.96,27.51,21.52,21.9,23.96,23.46,26.15,37.45,20.29,24.66,27.83,18.71,25.62,22.25
2021-02-23,34.47,27.49,29.98,33.31,43.94,30.82,41.06,23.14,32.93,35.03,36.02,30.82,25.05,23.22,23.16,34.6,21.2,27.68,21.53,22.28,25.39,24.36,26.6,36.82,20.65,24.32,27.86,19.14,26.95,23.05
2021-02-24,33.7,26.91,30.0,34.77,46.91,31.02,43.56,24.49,33.3,34.49,34.93,31.56,26.7,24.48,24.05,35.39,22.58,28.75,21.69,21.39,24.09,22.62,27.98,36.05,20.36,25.5,27.83,19.9,27.74,24.43
2021-02-25,39.48,32.13,35.48,35.45,48.34,34.16,45.61,25.83,36.6,37.89,37.26,33.83,30.55,27.22,26.23,38.63,23.89,31.43,22.92,25.12,28.21,19.77,34.21,40.58,23.05,28.52,30.75,20.92,29.21,25.34
2021-02-26,37.26,30.01,32.05,33.2,46.69,32.91,35.74,23.88,35.59,36.47,40.05,32.9,26.95,26.28,25.5,37.52,25.36,30.1,22.42,23.75,24.22,25.98,29.42,38.45,22.11,26.48,28.7,21.39,27.65,23.9
2021-03-01,31.87,25.62,27.74,32.0,44.65,30.35,32.0,23.61,33.99,33.22,35.93,31.58,24.22,24.51,23.5,33.69,20.62,31.12,20.81,21.07,23.28,29.41,24.52,35.79,18.21,23.94,26.97,19.28,24.88,23.06
2021-03-02,33.29,25.82,28.4,32.6,44.86,30.01,31.57,22.81,34.93,32.95,36.26,31.95,24.47,22.93,22.38,34.61,20.29,28.35,21.04,21.13,22.74,29.34,26.62,35.59,21.56,24.32,27.06,18.84,25.82,22.79
2021-03-03,36.17,28.63,31.87,33.81,48.28,32.13,35.02,24.51,35.33,34.51,38.48,34.91,25.39,26.14,23.8,36.64,24.79,31.54,22.3,22.48,25.77,27.4,30.53,38.15,21.89,25.95,28.16,21.52,27.3,24.21
2021-03-04,38.31,27.96,33.09,35.91,50.09,32.36,34.4,25.35,36.77,37.34,38.48,35.03,27.95,27.79,25.34,37.37,24.34,31.98,23.25,24.6,26.04,27.64,30.15,38.45,26.06,28.71,28.51,21.47,28.03,25.45
2021-03-05,35.17,29.56,30.99,33.25,48.89,30.99,33.69,25.3,36.25,34.48,37.39,31.69,25.45,24.64,23.51,35.38,21.88,29.11,20.74,21.69,23.86,26.04,28.34,36.59,20.23,25.99,27.94,20.45,25.63,23.64
2021-03-08,39.91,25.73,34.01,34.71,48.26,32.27,35.0,25.35,36.24,37.55,37.11,34.04,26.64,26.17,24.51,37.43,21.37,31.28,23.15,22.16,24.35,28.03,29.04,37.76,21.39,26.55,27.83,20.66,26.99,24.93
2021-03-09,35.3,25.57,30.02,33.75,47.07,30.3,33.78,25.08,36.3,35.71,35.82,31.32,24.76,24.64,22.2,36.54,20.51,29.02,21.36,21.58,24.39,25.45,26.84,38.87,20.48,26.07,27.34,20.34,24.96,23.3
2021-03-10,35.54,26.67,29.63,34.33,48.13,29.33,32.17,24.72,32.75,35.59,36.02,32.36,24.27,29.12,22.45,34.66,20.26,32.36,20.53,20.83,23.16,24.78,26.97,37.55,20.22,24.91,25.57,20.41,25.02,22.92
2021-03-11,33.43,25.62,27.73,31.72,45.67,29.39,30.68,23.36,31.65,33.75,34.96,31.38,23.55,23.65,21.82,34.76,19.27,28.48,20.48,21.23,23.36,24.72,25.39,37.19,19.07,25.61,26.12,21.29,25.1,21.91
2021-03-12,33.45,25.51,28.69,31.47,48.05,31.24,30.64,23.75,31.09,34.12,33.7,31.57,23.43,24.75,21.86,33.74,21.19,29.09,20.43,20.66,22.99,21.88,25.98,35.94,19.85,25.39,25.26,20.43,24.64,23.64
2021-03-15,33.7,24.46,28.57,30.84,48.26,31.86,30.5,23.12,31.49,33.86,34.64,31.95,23.67,24.44,21.28,34.25,19.03,29.2,20.59,20.02,22.64,22.58,25.33,35.18,20.26,24.91,26.45,20.07,24.21,22.2
2021-03-16,31.65,23.87,27.29,29.91,44.61,28.66,28.92,21.81,30.21,32.03,33.72,29.95,22.21,22.29,20.63,33.81,18.33,27.77,19.32,19.48,21.52,21.42,24.21,34.25,18.77,22.71,24.23,18.8,22.84,20.36
2021-03-17,32.41,23.81,27.22,29.49,45.91,29.38,29.58,21.61,29.77,32.72,33.09,29.92,22.64,22.59,20.5,35.19,18.18,27.59,19.28,19.87,21.66,21.14,24.46,34.12,18.93,22.16,26.2,18.69,23.18,21.06
2021-03-18,35.7,24.47,31.05,32.47,46.37,31.09,31.25,23.69,32.67,33.73,34.93,32.09,23.5,24.87,22.7,37.3,19.05,29.18,20.26,20.64,22.61,20.8,27.79,35.9,20.48,23.9,26.94,19.15,25.19,21.23
2021-03-19,32.92,22.56,27.13,29.91,44.1,29.09,28.34,21.35,29.87,32.2,33.77,30.26,21.26,21.42,22.62,37.01,18.82,29.87,19.53,19.72,21.51,22.12,24.92,25.84,19.3,24.63,26.38,18.29,29.89,20.35
2021-03-22,29.15,20.22,25.77,28.43,41.73,27.11,26.53,20.28,28.2,30.04,33.06,29.15,19.93,21.89,24.57,37.15,17.45,27.31,18.91,18.93,18.89,20.41,22.5,24.16,18.46,22.65,23.74,17.5,23.84,18.42
2021-03-23,29.33,22.45,25.9,29.83,43.0,27.78,26.54,20.13,28.75,29.4,35.76,29.65,20.95,23.06,26.23,38.69,17.66,27.94,19.02,18.76,19.41,22.32,23.63,24.69,20.25,22.74,25.31,17.75,23.67,17.38
2021-03-24,30.56,22.43,27.13,30.55,42.64,28.77,28.21,20.2,27.64,30.32,33.57,30.21,21.4,22.33,27.4,38.0,17.02,28.42,20.07,18.07,19.03,22.65,24.27,24.21,20.3,25.31,25.57,17.67,24.77,18.36
2021-03-25,30.38,23.0,28.32,31.02,43.61,31.91,27.33,21.18,29.02,30.44,35.0,30.93,21.55,23.44,27.97,37.65,18.59,28.29,20.24,18.87,19.79,23.06,25.72,28.54,21.21,24.24,25.0,18.4,26.64,19.28
2021-03-26,25.84,21.78,27.94,30.77,43.61,30.44,28.27,20.84,27.96,31.29,35.38,31.21,20.9,23.41,28.03,37.26,17.77,28.68,19.4,18.77,20.84,22.72,23.5,27.61,20.12,25.69,24.75,18.27,24.36,18.72
2021-03-29,32.09,25.0,29.49,32.99,46.64,33.28,29.17,26.6,26.1,30.76,37.15,30.96,23.5,24.92,28.54,39.54,18.8,28.62,21.47,21.4,23.54,19.14,26.05,26.36,19.79,24.49,24.58,18.33,25.84,20.89
2021-03-30,32.73,25.56,30.22,29.95,44.58,33.38,27.57,20.79,29.08,29.34,35.68,30.55,20.61,24.32,26.91,36.73,17.18,28.18,20.18,20.41,23.45,26.52,25.88,26.66,20.59,26.58,24.69,17.69,24.99,20.72
2021-03-31,32.15,26.43,29.36,29.67,42.54,32.99,26.01,19.94,29.56,29.48,34.73,30.57,20.46,23.67,27.77,35.88,18.16,28.22,20.35,20.03,24.95,23.56,25.81,26.01,20.66,24.19,24.51,17.3,24.35,18.82
2021-04-01,29.8,23.45,28.02,28.99,40.37,31.43,24.8,20.22,28.01,28.28,32.52,29.54,19.6,22.95,25.95,34.76,16.93,27.45,19.06,19.68,23.28,19.68,24.17,25.08,18.87,23.42,23.73,16.38,24.42,18.52
2021-04-05,31.48,25.14,29.16,28.86,40.61,30.65,24.93,19.91,27.27,27.96,33.8,29.87,19.92,24.05,27.62,34.72,17.6,26.84,18.67,19.45,22.76,27.01,26.05,24.27,19.49,23.26,23.34,16.77,24.74,18.97
2021-04-06,30.74,24.47,28.84,27.85,40.22,30.42,24.27,19.29,27.52,28.33,30.99,28.59,19.17,23.37,28.1,35.55,16.93,26.16,18.62,18.94,22.21,24.2,24.67,23.96,20.03,22.72,23.49,16.89,24.43,19.53
2021-04-07,30.35,24.02,29.31,28.04,39.1,29.53,24.13,18.57,27.68,28.33,32.97,28.44,19.03,20.94,27.67,35.12,16.35,25.96,18.49,18.47,22.21,23.09,24.67,22.97,18.77,22.26,23.72,15.73,23.42,19.09
2021-04-08,30.61,24.62,28.92,27.68,38.37,30.17,23.65,18.23,27.74,28.33,32.65,28.61,18.45,24.86,28.75,35.05,16.28,26.06,18.27,18.46,24.17,21.92,22.85,24.31,18.63,23.04,23.68,15.5,23.58,18.27
2021-04-09,30.63,23.14,28.76,26.49,37.2,30.03,24.37,17.7,27.07,27.72,31.82,27.19,18.79,23.48,28.46,34.4,16.34,25.11,18.13,17.92,23.18,23.22,24.21,21.82,18.31,21.89,21.97,16.0,22.33,17.8
2021-04-12,31.37,23.72,29.58,27.08,37.49,29.2,28.16,18.86,27.21,29.04,32.21,27.91,18.75,23.83,29.56,36.93,16.27,25.07,18.18,18.54,23.24,22.22,24.81,23.33,18.03,23.16,23.09,18.43,23.48,17.15
2021-04-13,32.15,22.14,31.04,27.13,37.97,28.92,25.0,18.06,28.03,29.16,32.18,27.58,17.91,22.4,26.64,35.49,18.22,24.37,18.92,18.44,22.49,23.35,24.17,23.07,19.01,23.48,22.77,15.78,23.0,16.31
2021-04-14,32.98,23.91,30.61,27.28,37.9,29.87,25.32,18.66,27.04,30.97,32.58,25.03,18.65,21.81,27.64,36.86,17.38,22.13,18.89,19.49,22.27,17.4,25.01,22.41,19.32,23.23,22.72,16.32,23.79,16.06
2021-04-15,31.74,22.15,28.89,26.66,36.78,29.48,24.58,19.12,27.34,30.62,31.72,25.56,18.88,21.97,27.19,34.69,16.13,21.96,18.46,19.29,22.64,23.57,23.96,21.87,18.58,23.08,18.36,16.03,22.09,16.73
2021-04-16,31.08,21.38,29.25,26.04,35.37,27.7,22.12,19.77,26.98,29.56,29.66,23.67,18.74,20.45,28.74,33.82,15.53,21.93,18.6,18.44,21.73,20.45,23.43,21.07,17.88,22.93,19.55,15.43,21.5,17.38
2021-04-19,31.71,23.3,31.66,26.68,36.28,28.73,24.49,24.26,27.91,30.95,31.53,25.56,21.57,21.73,31.67,35.56,16.25,22.08,15.67,18.95,23.09,20.74,25.08,22.47,17.4,23.9,20.5,16.58,22.89,20.68
2021-04-20,32.59,23.48,31.93,28.57,38.4,29.97,25.23,26.21,30.1,31.51,32.94,27.21,24.21,22.72,19.37,36.04,16.11,23.9,16.35,19.64,23.86,20.9,26.05,25.19,15.32,20.51,21.7,16.88,23.5,22.16
2021-04-21,31.28,23.13,31.01,27.24,36.96,28.9,24.09,26.34,29.17,29.84,30.9,25.02,22.58,21.57,19.42,34.89,15.06,22.6,15.5,19.07,23.87,19.88,24.66,23.15,15.69,19.42,20.96,13.95,23.42,22.21
2021-04-22,32.07,24.17,31.36,27.9,39.34,29.67,25.09,26.77,29.55,30.94,29.48,26.18,23.24,22.2,20.37,36.34,16.19,23.43,15.91,19.8,24.53,20.72,25.63,24.38,16.31,20.56,21.07,14.45,24.01,22.95
2021-04-23,29.92,23.71,29.32,23.04,35.99,28.13,24.05,25.64,28.4,29.64,27.96,24.81,21.51,18.77,17.74,26.77,15.58,21.81,15.59,18.95,22.52,20.59,23.15,22.68,15.67,19.26,19.87,13.97,22.55,22.3
2021-04-26,30.52,23.84,32.79,24.38,37.54,28.86,26.66,24.94,28.71,29.73,30.37,25.2,22.21,19.86,17.94,26.9,15.69,22.73,14.99,18.92,22.61,20.64,23.39,23.25,18.24,20.03,20.34,14.04,22.76,22.67
2021-04-27,29.35,23.77,31.76,24.76,37.2,28.85,26.05,25.72,27.78,29.56,29.06,25.58,21.78,18.91,18.37,27.24,15.63,22.62,15.66,20.13,18.86,20.07,25.06,23.35,15.8,18.97,19.94,14.17,22.62,22.41
2021-04-28,27.63,20.22,31.25,24.43,32.87,27.28,26.01,26.15,27.54,29.38,28.76,25.1,22.08,19.09,17.72,25.88,16.24,21.49,14.96,18.5,17.48,20.18,22.08,22.62,15.99,19.6,20.27,13.51,20.84,22.48
2021-04-29,24.91,23.29,29.59,23.77,32.05,25.95,29.24,26.58,26.82,29.75,28.43,24.58,22.16,18.2,17.92,25.88,15.89,21.15,14.92,16.08,18.29,17.23,20.62,23.87,15.37,19.32,19.72,13.56,20.08,22.46
2021-04-30,23.92,19.04,24.69,24.18,32.95,24.63,31.18,27.48,25.62,30.47,29.42,25.07,21.93,18.62,18.01,26.82,15.07,21.61,14.57,15.87,18.1,17.72,19.6,23.05,16.28,19.54,20.59,13.88,19.51,22.67
2021-05-03,22.79,20.55,24.72,23.68,32.03,24.43,31.07,27.08,25.27,30.08,29.47,24.12,22.7,18.71,17.83,25.13,15.15,21.54,15.18,15.63,17.18,23.72,20.15,22.61,16.18,19.57,21.9,14.1,19.19,22.52
2021-05-04,26.23,23.75,26.63,24.32,35.59,25.82,31.96,28.44,26.12,30.87,28.5,25.73,24.25,19.03,18.92,26.68,15.56,23.08,14.93,16.93,18.41,20.7,21.66,24.97,16.92,20.54,21.58,14.29,20.39,23.82
2021-05-05,25.1,22.6,25.95,23.31,34.06,26.32,33.24,27.42,25.28,29.42,28.5,25.1,25.09,18.94,17.9,27.07,15.3,22.21,14.9,17.01,17.2,19.24,20.83,21.67,16.01,20.2,19.98,14.62,20.13,23.5
2021-05-06,24.45,23.81,24.74,22.59,32.52,24.15,33.07,28.15,25.51,29.63,28.68,25.23,24.69,18.85,19.09,25.83,15.19,21.89,14.83,17.16,17.56,19.42,20.48,23.54,15.4,20.34,21.16,14.09,20.18,23.17
2021-05-07,22.94,19.79,23.71,23.41,31.35,24.03,31.01,27.3,23.9,28.15,27.55,24.11,23.49,17.66,17.79,23.85,14.17,21.68,14.4,15.88,16.35,17.41,19.33,20.65,14.49,19.35,18.98,14.01,18.75,22.87
2021-05-10,25.54,19.65,26.67,24.24,33.75,25.62,33.31,28.83,25.35,29.65,28.76,25.45,24.38,20.09,19.55,26.46,15.08,23.16,15.68,17.09,18.88,20.04,21.82,23.53,16.34,20.99,20.96,14.78,21.96,23.13
2021-05-11,27.09,23.22,26.9,26.52,36.45,27.1,34.32,28.88,27.8,32.15,29.89,28.1,27.09,20.34,20.4,28.31,16.43,24.75,16.47,17.89,19.41,20.06,23.72,23.53,17.23,23.34,22.02,15.04,22.49,25.11
2021-05-12,32.19,24.76,31.55,29.51,41.05,31.82,37.35,31.82,31.96,34.2,34.29,31.54,31.8,24.71,23.36,31.11,19.76,28.07,17.64,21.69,23.14,25.17,28.48,28.17,18.9,26.26,25.38,16.61,26.54,28.37
2021-05-13,28.85,22.18,27.94,26.5,38.28,27.89,36.64,29.61,29.24,32.57,31.08,28.26,28.89,23.66,20.96,28.71,17.45,25.99,19.84,19.44,21.53,21.82,25.02,24.52,18.08,23.37,23.43,17.02,23.92,29.42
2021-05-14,24.91,21.63,24.23,24.37,34.05,25.48,33.39,27.31,26.05,23.94,28.93,25.11,25.41,20.76,18.3,25.7,15.61,22.79,16.1,16.84,18.46,19.81,21.28,22.17,16.18,19.74,20.99,14.48,21.19,24.42
2021-05-17,25.84,21.92,26.0,25.39,35.53,26.4,35.56,27.76,26.57,25.61,29.32,26.66,26.68,21.74,19.4,26.88,16.32,23.98,17.22,17.6,18.96,19.95,23.05,24.14,17.17,21.52,21.47,15.82,21.68,25.07
2021-05-18,26.19,21.53,26.48,24.9,34.67,26.18,35.23,28.18,27.54,24.85,29.93,26.42,23.71,21.7,19.18,26.61,15.91,23.45,17.24,17.68,18.47,19.86,23.08,23.61,17.09,21.8,21.58,16.55,22.28,18.33
2021-05-19,27.28,22.52,26.33,26.38,36.77,28.59,36.08,28.64,29.41,25.83,30.64,27.95,23.96,22.94,20.63,27.91,16.76,24.52,18.67,18.69,19.85,21.24,24.09,25.53,18.01,22.44,23.25,17.06,22.66,19.2
2021-05-20,24.41,20.91,24.08,25.09,34.29,26.73,34.8,20.35,27.22,23.93,29.26,25.59,21.99,21.48,19.09,26.28,15.64,22.88,16.93,17.62,18.35,20.26,22.19,24.48,17.41,21.1,21.9,16.01,21.93,17.69
2021-05-21,24.45,20.36,24.47,25.18,33.39,25.36,33.85,20.19,26.53,23.18,28.15,25.6,21.2,20.99,18.49,25.15,15.42,22.5,16.8,16.6,17.97,19.33,21.77,24.68,16.66,20.09,20.89,15.21,22.01,16.9
2021-05-24,22.62,21.0,22.47,23.49,33.31,24.46,36.04,19.25,24.93,21.86,27.24,24.07,20.18,19.59,17.71,24.72,14.38,21.48,15.79,15.87,16.88,17.19,19.92,25.13,15.71,19.35,19.9,14.5,20.74,15.91
2021-05-25,22.71,21.85,22.99,23.49,33.03,24.04,35.7,18.91,25.89,22.53,27.45,24.96,19.85,19.79,17.85,24.33,16.38,22.29,15.34,16.37,17.09,16.83,20.09,27.08,15.62,19.55,20.28,14.52,20.73,15.95
2021-05-26,21.93,20.56,22.29,22.61,31.73,23.31,35.6,19.17,26.45,22.34,26.14,23.83,19.19,19.11,17.46,23.09,16.06,21.16,14.65,14.96,16.04,17.51,19.28,29.5,15.55,18.76,19.06,14.36,20.08,15.5
2021-05-27,22.31,18.53,21.93,22.27,32.51,23.75,31.83,19.19,25.34,22.2,27.14,23.71,18.74,20.24,16.86,23.83,15.2,21.48,17.1,14.89,16.9,19.93,22.12,29.96,21.2,18.25,19.84,14.22,19.01,15.63
2021-05-28,21.72,20.95,21.14,21.87,31.67,22.93,24.56,18.39,23.52,21.49,26.17,23.41,18.39,19.47,16.44,23.1,14.37,21.39,14.99,14.89,15.91,24.02,19.04,28.83,16.23,18.42,18.09,16.44,19.49,14.31
2021-06-01,22.99,23.64,22.2,23.02,33.88,24.57,24.88,19.82,25.19,22.99,27.74,24.95,19.83,19.77,17.65,24.14,15.92,23.05,16.04,15.92,16.83,19.9,19.76,30.71,16.36,19.35,20.19,15.06,21.19,15.55
2021-06-02,22.2,20.51,22.13,19.51,33.32,24.37,23.35,19.06,25.27,22.53,24.65,25.67,20.67,20.03,17.84,24.03,14.87,23.78,14.18,14.9,17.05,16.24,19.38,30.33,15.76,18.77,19.14,14.62,20.37,14.99
2021-06-03,23.19,19.37,22.84,24.36,34.54,25.09,24.51,20.54,24.87,22.14,27.26,24.49,19.93,19.73,17.92,24.64,15.51,23.9,14.91,16.32,16.63,17.25,19.97,31.75,15.62,20.07,19.68,14.26,20.42,15.21
2021-06-04,21.91,23.52,21.27,22.37,30.15,23.52,27.23,18.19,23.75,22.46,27.37,23.85,18.74,19.05,16.53,23.68,14.86,22.42,13.79,14.78,15.62,18.26,18.95,28.55,14.68,19.38,18.55,13.94,19.18,15.01
2021-06-07,22.12,20.76,21.0,20.88,32.0,23.61,24.46,18.2,24.19,20.47,27.19,23.31,18.81,19.0,16.66,23.7,15.16,21.15,14.04,15.16,16.1,18.47,18.37,31.35,15.45,20.14,20.18,14.66,19.88,14.04
2021-06-08,21.76,20.96,21.55,22.54,32.14,23.23,24.48,18.03,23.8,21.14,26.76,23.15,18.88,18.12,16.96,23.68,15.25,20.91,14.46,14.82,16.22,18.98,18.77,28.19,15.35,19.56,18.15,15.3,19.33,13.98
2021-06-09,21.36,19.79,21.9,23.62,32.39,24.68,25.16,17.81,24.14,20.72,25.55,26.74,19.48,18.95,17.95,23.51,14.61,22.04,14.75,15.07,17.4,15.39,18.64,28.59,15.26,20.37,18.38,16.24,19.87,18.89
2021-06-10,20.38,19.82,20.98,22.13,30.99,23.98,23.21,17.36,23.91,20.24,25.46,26.07,17.77,17.83,17.53,23.12,13.59,21.86,14.14,13.98,15.92,16.06,17.21,29.24,14.21,19.14,17.67,14.76,18.61,13.6
2021-06-11,18.83,19.26,20.16,21.45,30.08,23.18,23.22,16.56,22.93,19.76,25.39,22.99,17.05,17.89,15.15,22.23,13.52,20.43,13.14,13.62,15.5,16.55,16.27,28.12,14.38,18.17,17.54,13.99,19.09,13.18
2021-06-14,20.5,18.67,20.59,21.72,30.36,26.09,23.79,17.37,23.57,20.44,26.4,25.33,17.98,18.02,16.31,23.57,13.79,22.19,14.0,14.0,16.21,16.68,16.94,29.82,14.6,18.98,18.95,14.72,18.44,13.86
2021-06-15,21.09,18.59,20.66,22.21,30.85,24.71,23.56,17.72,23.27,20.39,25.58,25.62,18.41,16.53,16.18,24.36,14.14,22.92,13.92,14.58,16.1,16.87,17.84,28.87,14.72,18.85,19.93,14.19,18.29,13.87
2021-06-16,21.41,18.63,21.07,22.2,31.31,24.95,24.01,18.19,23.84,20.77,26.01,26.36,19.25,18.64,16.49,24.04,14.51,23.42,14.73,14.86,16.95,17.11,18.82,29.28,15.39,18.72,21.21,14.9,18.69,14.99
2021-06-17,20.12,17.5,20.5,23.0,30.85,27.72,23.1,17.52,25.54,20.65,27.81,27.26,18.77,18.4,17.95,25.03,13.86,24.05,14.16,14.87,17.36,16.01,18.0,29.4,15.22,19.35,20.73,14.56,18.39,14.4
2021-06-18,21.66,19.8,22.24,24.6,32.44,28.32,24.4,19.24,27.24,22.38,29.14,29.16,20.27,21.62,19.67,27.79,15.85,25.32,17.08,15.95,19.2,17.67,19.79,30.85,16.25,21.84,22.75,16.38,19.8,16.67
2021-06-21,20.17,18.54,22.02,25.54,31.11,25.69,22.93,17.44,24.72,20.78,29.44,27.66,18.75,19.91,22.84,30.03,14.99,24.05,15.98,14.87,16.98,16.52,20.42,28.9,13.29,19.61,21.46,15.03,18.81,14.72
2021-06-22,20.5,18.87,21.69,25.01,30.24,26.0,23.17,16.79,25.08,20.42,30.18,27.31,19.26,21.47,23.82,31.24,14.8,23.9,16.55,14.84,16.87,16.68,20.62,28.02,14.51,19.89,20.03,15.38,18.66,14.5
2021-06-23,20.09,18.5,21.04,25.07,30.07,26.12,23.01,16.64,26.52,19.84,31.32,26.83,18.69,20.3,24.95,32.79,15.27,23.37,17.62,14.32,17.79,15.87,20.87,27.64,15.49,19.75,22.49,15.73,17.95,14.33
2021-06-24,20.09,18.98,21.82,24.76,29.93,27.91,23.25,16.65,25.02,20.5,29.65,26.77,18.69,19.69,25.25,32.61,14.75,23.9,16.87,14.78,17.69,16.9,20.53,27.74,16.6,19.21,20.99,15.2,18.38,13.9
2021-06-25,20.14,18.62,23.04,24.93,30.1,26.12,23.2,16.61,23.73,19.91,30.33,25.91,17.86,19.66,24.96,32.79,14.5,22.74,16.36,13.69,17.78,19.41,20.61,23.51,15.31,18.49,19.94,15.21,18.15,13.76
2021-06-28,22.43,20.19,25.63,25.43,33.25,28.42,23.18,17.1,26.13,20.97,30.49,26.66,18.63,20.94,25.15,33.18,15.31,23.61,16.99,16.27,20.87,18.34,20.95,21.63,15.47,20.43,21.85,15.27,21.22,14.28
2021-06-29,22.8,21.59,26.76,24.43,34.26,28.44,24.05,16.77,25.45,21.15,30.99,26.86,18.79,20.54,24.73,33.75,15.25,23.07,16.84,15.71,21.2,18.92,20.83,21.92,16.85,19.6,21.95,15.64,20.75,14.41
2021-06-30,24.11,19.52,27.54,25.03,33.2,28.66,24.35,16.17,26.02,21.63,30.19,26.34,18.68,20.68,25.7,33.6,15.29,22.81,16.93,16.68,22.11,19.14,20.96,21.6,16.57,20.31,22.08,14.02,21.97,17.08
2021-07-01,24.45,18.76,26.97,25.74,32.68,28.77,23.39,16.09,25.82,20.72,29.96,26.31,18.2,20.5,24.54,32.6,15.44,21.69,17.09,16.58,21.69,18.24,20.03,21.38,16.52,19.62,21.61,15.2,19.92,16.37
2021-07-02,24.29,17.96,27.44,24.74,32.0,27.26,25.31,15.83,24.52,19.99,29.82,24.94,17.4,19.63,26.5,31.7,16.58,21.41,15.88,16.48,20.85,18.11,20.32,20.09,15.94,18.63,20.11,14.05,19.45,16.64
2021-07-06,27.12,23.63,31.67,26.17,32.76,28.87,23.69,17.41,27.07,22.55,32.02,25.96,18.87,20.89,26.67,34.51,16.38,22.46,18.25,17.1,22.59,18.62,21.68,22.35,16.57,20.99,21.61,14.66,21.53,16.42
2021-07-07,28.06,24.31,31.82,29.38,33.56,28.43,23.93,17.49,27.09,22.02,31.28,26.87,18.12,21.27,26.47,34.01,16.58,23.6,17.72,17.89,21.54,18.44,22.22,21.01,16.19,21.11,20.93,14.57,19.58,16.33
2021-07-08,29.18,27.67,32.34,28.49,36.65,29.95,24.01,18.3,28.0,23.6,32.75,28.68,20.04,21.88,27.4,35.2,17.44,26.11,18.47,18.74,22.8,19.11,23.92,21.84,17.68,23.6,21.91,16.29,23.4,17.45
2021-07-09,29.21,26.32,31.42,28.16,33.41,28.32,20.08,16.65,26.61,22.63,31.1,26.87,18.21,20.51,26.71,35.27,15.87,22.73,16.68,16.73,21.31,18.5,21.54,20.45,15.91,21.36,20.8,14.28,21.83,15.85
2021-07-12,27.6,26.93,30.8,25.6,32.96,29.0,23.87,16.98,26.05,27.15,30.95,27.33,18.43,21.73,27.06,36.04,16.18,22.88,16.5,17.27,21.84,18.96,22.16,19.73,16.11,22.1,20.63,14.36,21.27,16.02
2021-07-13,27.65,24.54,30.96,25.74,34.61,28.83,23.76,16.72,26.01,27.76,31.38,24.84,18.67,21.36,27.66,35.48,16.12,20.68,16.96,17.11,21.75,18.4,22.43,20.35,16.05,22.89,21.2,14.58,20.84,16.54
2021-07-14,28.1,24.13,30.11,26.17,34.55,30.23,23.17,16.54,26.03,27.43,30.67,24.48,18.55,21.26,27.49,34.33,14.98,20.91,16.54,17.75,20.95,18.54,21.24,20.06,15.28,22.1,21.01,14.86,20.86,15.96
2021-07-15,27.79,24.88,30.25,25.69,33.6,28.58,23.45,17.83,26.69,26.73,31.09,24.49,18.57,20.33,27.48,35.18,16.32,21.46,16.9,16.84,22.28,18.87,21.58,20.33,16.06,21.3,17.98,14.37,19.99,16.74
2021-07-16,28.09,24.17,30.47,25.99,34.12,28.47,23.44,18.94,27.69,26.58,32.21,24.84,19.24,21.44,27.64,35.52,16.02,22.1,16.48,16.58,22.82,18.53,21.91,20.64,16.31,21.62,19.6,14.44,21.54,16.81
2021-07-19,30.37,26.32,32.08,31.29,41.15,32.67,26.17,25.12,33.37,30.13,35.43,29.33,23.19,25.72,28.96,37.07,18.31,26.69,18.71,20.3,25.22,21.38,24.01,24.06,17.59,25.54,21.71,16.95,25.0,21.18
2021-07-20,28.74,22.23,29.96,28.6,34.84,29.42,24.11,23.55,31.27,27.47,31.9,26.25,21.8,23.51,19.72,35.43,16.98,23.34,17.47,18.08,23.34,19.17,21.69,21.55,17.07,21.9,19.17,16.08,21.58,20.35
2021-07-21,28.11,23.11,29.06,27.31,33.8,28.84,23.45,24.57,29.68,26.74,30.79,25.36,21.56,21.95,18.08,35.59,14.93,21.98,14.39,17.32,22.62,18.82,20.62,19.77,16.42,20.92,18.62,13.59,21.2,20.61
2021-07-22,27.93,23.17,28.9,26.86,34.28,29.01,24.75,25.15,29.81,26.84,27.31,24.96,21.43,21.88,17.32,35.7,14.82,22.33,13.68,17.82,23.17,18.95,21.24,19.81,17.53,21.5,18.29,13.09,21.27,20.54
2021-07-23,26.05,22.46,28.5,24.86,33.31,28.48,24.64,24.4,28.95,26.29,27.01,24.69,21.02,19.67,16.84,24.18,14.79,21.56,13.34,17.99,22.85,18.75,20.72,19.15,18.14,21.03,17.52,12.27,22.06,20.3
2021-07-26,26.75,22.67,29.48,24.48,33.9,29.17,28.11,24.92,29.62,27.04,25.52,25.19,21.95,20.5,17.17,24.14,15.46,22.27,13.92,18.72,22.74,19.43,21.3,19.87,16.86,21.56,18.65,13.04,22.41,21.27
2021-07-27,27.57,22.17,29.57,26.82,35.08,29.5,27.51,25.84,30.02,28.33,29.58,26.34,23.28,21.59,18.05,25.34,15.48,23.3,14.44,18.64,20.07,19.28,22.47,21.33,17.17,21.74,18.47,13.13,22.88,20.97
2021-07-28,23.84,23.73,27.71,25.52,32.09,28.53,27.16,25.48,28.88,27.14,29.84,25.28,22.79,20.15,17.75,24.04,15.47,22.29,14.03,16.64,17.8,22.7,18.83,21.0,16.65,22.09,18.52,13.15,20.25,20.93
2021-07-29,21.38,22.29,26.76,24.45,30.5,28.13,26.51,24.58,27.9,26.69,28.85,24.26,21.2,18.77,16.95,23.23,14.58,21.51,13.87,15.22,17.91,16.42,17.27,20.0,16.25,20.75,18.58,12.57,19.12,20.08
2021-07-30,21.36,24.73,25.89,24.39,31.29,25.27,29.29,23.93,26.58,27.58,31.36,24.75,22.1,19.67,17.05,23.67,15.01,21.69,13.58,15.42,18.38,16.36,17.23,19.41,14.18,20.92,17.9,12.7,20.31,20.51
2021-08-02,21.33,23.34,22.55,25.4,31.94,25.23,31.62,25.2,27.04,27.83,29.58,26.24,22.96,19.73,17.17,23.79,14.75,22.93,14.24,15.74,18.09,16.85,17.14,21.16,14.46,21.45,18.84,13.54,21.76,20.62
2021-08-03,21.29,22.82,22.66,25.26,31.21,25.12,32.39,25.14,26.04,28.88,28.63,26.11,23.03,19.21,17.6,23.08,15.08,22.14,13.43,16.34,17.99,16.71,16.92,22.61,14.29,20.38,18.33,12.45,21.81,20.73
2021-08-04,21.73,21.56,22.61,25.88,32.28,25.76,35.75,27.06,28.1,27.73,29.69,25.56,22.86,18.75,17.21,25.92,12.48,22.46,14.67,16.65,18.4,17.22,17.44,21.13,17.52,21.1,17.95,13.28,20.53,21.05
2021-08-05,20.93,18.75,21.21,23.28,31.2,24.97,32.8,24.81,24.85,27.09,28.67,25.19,23.61,19.46,17.03,22.99,14.27,21.94,13.48,16.47,17.77,16.82,16.7,21.05,13.2,20.62,19.64,12.72,19.54,20.89
2021-08-06,19.76,20.88,20.68,23.13,29.88,23.57,32.52,25.34,25.21,26.47,28.01,25.64,23.47,17.78,16.2,21.71,14.26,21.82,13.29,15.67,16.78,16.21,16.0,20.14,13.37,20.09,18.88,11.52,18.99,20.72
2021-08-09,19.69,19.33,20.21,22.73,29.94,22.58,32.53,24.33,25.15,26.5,30.13,25.6,24.14,18.87,17.14,21.57,14.0,22.12,13.47,15.5,16.64,16.23,16.51,19.24,13.3,20.31,19.28,11.58,19.03,21.14
2021-08-10,20.24,19.21,20.64,23.43,29.7,23.87,32.55,24.05,24.16,26.13,27.28,25.7,22.67,17.97,16.59,21.96,14.54,21.75,12.96,15.12,16.58,16.46,17.01,20.19,13.5,19.47,18.62,11.61,19.93,20.72
2021-08-11,19.65,19.34,21.0,22.93,29.48,27.07,32.59,24.1,23.42,26.65,26.42,24.72,23.0,17.98,16.15,21.29,13.8,21.5,12.94,15.01,16.23,16.32,16.14,19.15,12.39,20.13,19.29,11.68,18.71,20.99
2021-08-12,20.98,19.21,20.71,23.2,29.1,25.7,31.85,24.39,23.04,27.82,26.12,24.18,23.01,18.3,16.31,21.62,13.25,20.88,13.08,14.9,15.76,16.41,15.92,19.91,12.82,20.19,18.66,12.18,19.33,20.61
2021-08-13,20.02,18.96,19.79,22.39,28.52,23.53,32.37,24.0,22.67,21.9,25.4,23.92,22.59,17.73,15.91,20.61,13.39,20.46,13.15,14.47,15.96,16.22,15.83,20.05,12.88,19.86,17.7,11.32,18.72,20.3
2021-08-16,22.68,19.51,20.51,23.8,30.3,22.82,32.83,24.63,23.53,22.02,26.69,24.75,22.22,18.64,16.49,21.48,14.46,21.22,13.51,15.13,16.98,17.37,16.45,20.99,13.06,20.4,17.93,11.54,18.75,19.95
2021-08-17,24.29,19.71,22.41,25.06,32.83,23.96,34.83,25.47,24.56,22.87,28.09,26.2,20.39,19.88,17.86,22.64,15.22,22.84,14.72,15.64,17.19,18.56,18.04,22.48,13.59,19.72,20.03,12.12,20.06,16.07
2021-08-18,25.39,21.01,23.75,25.36,33.27,24.72,36.0,25.07,26.76,23.12,27.63,26.19,20.3,20.89,18.76,23.54,14.98,22.64,15.69,16.5,17.81,18.87,19.14,22.57,14.39,19.04,19.97,13.33,20.64,15.82
2021-08-19,25.81,22.6,23.7,26.73,36.07,27.09,36.26,19.95,29.08,24.37,29.32,27.45,21.54,21.87,19.39,24.29,15.9,23.88,16.32,17.46,18.83,20.11,20.07,25.25,14.45,23.23,20.69,14.19,22.29,16.31
2021-08-20,23.22,21.11,21.19,24.06,32.61,24.62,37.8,18.03,27.27,21.99,26.34,25.0,19.28,19.58,17.85,23.21,14.38,21.88,14.91,15.25,16.92,19.66,19.01,23.89,13.49,20.2,19.68,12.4,19.88,15.52
2021-08-23,21.79,19.59,20.52,23.38,30.97,22.51,36.62,17.15,24.91,20.38,25.42,24.58,19.32,18.85,17.04,21.53,13.83,21.03,13.67,14.65,16.74,17.66,17.51,27.46,13.22,19.68,18.79,12.04,18.82,14.16
2021-08-24,21.23,19.59,20.03,22.63,30.48,23.32,36.12,16.82,24.72,20.84,25.78,24.34,18.3,18.41,16.53,21.91,13.96,20.95,14.14,16.08,16.38,17.47,17.5,29.13,13.47,19.08,18.54,11.76,20.18,14.0
2021-08-25,20.65,19.54,19.32,23.43,30.41,22.88,35.44,17.05,24.48,20.63,25.37,23.91,17.64,18.63,16.59,21.64,14.19,21.48,14.36,14.22,16.6,17.15,17.25,30.65,13.94,18.82,19.01,11.9,18.58,13.83
2021-08-26,21.61,19.68,19.67,25.32,32.35,24.1,28.25,17.4,25.52,21.6,26.36,24.92,18.68,18.95,17.25,22.24,14.51,22.01,14.55,15.01,17.65,17.19,18.34,31.87,13.87,19.44,18.55,12.77,19.93,14.5
2021-08-27,18.95,18.93,18.03,23.51,29.26,22.31,25.36,16.19,23.71,21.22,25.42,23.28,17.31,17.61,16.48,20.79,13.95,19.88,13.85,14.9,16.62,16.22,16.82,31.22,13.56,18.51,17.35,11.77,18.43,13.81
2021-08-30,22.5,18.33,18.77,23.13,30.65,22.36,23.56,16.6,23.73,21.65,26.55,23.53,18.14,17.8,16.24,21.53,13.85,20.61,12.92,14.65,16.64,16.33,16.42,31.56,13.4,19.15,17.53,11.58,19.38,14.16
2021-08-31,23.24,17.99,19.22,22.71,30.06,22.3,24.12,21.75,24.79,21.8,26.83,23.19,17.97,19.54,16.99,21.81,13.9,20.71,13.2,14.44,16.46,16.27,17.52,32.14,14.75,18.24,17.8,12.48,19.0,13.9
2021-09-01,22.28,18.66,19.5,22.52,30.01,22.06,24.87,16.36,23.94,21.07,25.51,23.18,18.06,18.11,16.57,20.74,13.57,20.17,13.35,13.9,16.45,16.23,16.74,31.5,13.25,18.3,18.09,11.48,18.22,13.9
2021-09-02,22.85,17.98,19.83,26.6,29.79,22.86,22.73,16.53,22.38,20.83,26.21,23.09,17.45,17.84,16.08,21.0,13.08,20.53,12.95,13.18,16.37,15.81,16.74,31.26,12.97,18.28,18.62,11.54,20.51,13.87
2021-09-03,21.78,18.91,19.29,24.0,30.27,22.6,26.49,16.72,23.45,20.29,25.8,23.2,17.16,17.81,16.16,21.08,13.12,20.48,12.66,13.82,16.33,15.75,16.37,31.81,12.76,17.69,18.19,11.77,17.29,13.85
2021-09-07,24.08,21.07,20.57,24.42,31.93,24.01,25.7,17.08,24.58,22.2,26.51,23.88,18.58,19.48,17.22,21.56,14.42,22.12,14.01,15.21,19.79,16.66,18.28,32.74,13.72,19.63,18.33,13.91,19.21,14.87
2021-09-08,24.67,20.73,21.02,25.26,32.17,24.35,25.4,17.19,25.17,22.84,26.89,24.54,18.5,19.4,17.0,22.04,15.13,22.66,14.1,15.1,19.93,16.52,18.32,30.87,14.35,19.46,19.48,13.95,20.08,14.96
2021-09-09,24.14,21.57,20.97,25.32,31.6,24.42,25.68,18.62,25.29,22.4,27.12,24.62,18.19,19.04,17.41,22.05,15.48,23.77,14.2,15.18,19.04,17.63,19.05,31.69,14.64,20.01,19.67,14.11,19.95,15.0
2021-09-10,26.64,23.12,21.1,26.0,33.02,25.01,26.95,19.57,25.72,22.67,27.73,25.43,19.21,19.68,18.8,22.6,16.01,23.86,14.99,16.14,20.05,19.82,20.35,32.59,14.58,21.03,22.21,14.51,20.78,15.8
2021-09-13,24.39,23.04,21.19,25.65,32.53,25.23,26.54,20.46,25.63,22.7,27.51,25.96,19.53,20.2,18.13,23.0,16.25,23.66,14.48,15.97,21.02,20.5,19.02,32.48,14.9,21.35,23.12,14.46,21.0,15.94
2021-09-14,24.2,22.98,20.87,27.04,33.14,27.36,26.49,20.45,26.79,22.55,28.75,27.63,19.31,21.26,18.78,23.7,16.82,25.57,15.07,16.19,21.47,21.58,19.25,32.64,15.23,22.17,24.37,15.01,21.7,15.93
2021-09-15,22.44,21.82,19.53,25.66,31.01,26.95,25.26,18.61,25.35,21.44,27.46,27.2,18.44,19.73,17.58,22.1,15.42,23.48,14.01,15.23,20.02,20.58,18.11,31.76,14.91,20.47,25.12,14.04,19.71,14.84
2021-09-16,21.96,22.24,18.96,25.47,31.04,26.17,24.94,18.36,25.09,21.05,27.83,26.53,18.1,19.43,18.58,23.28,15.63,23.43,14.63,15.37,20.31,20.38,17.94,31.05,14.59,20.27,24.45,14.28,19.94,14.61
2021-09-17,23.42,22.64,20.4,26.75,31.56,27.01,25.62,18.13,25.99,22.26,29.34,27.37,18.67,20.68,19.99,25.1,16.44,23.83,15.94,15.97,21.53,20.89,20.35,32.41,15.94,20.77,24.59,14.69,20.81,15.76
2021-09-20,27.92,28.65,26.19,32.89,37.32,32.59,30.02,20.42,29.39,26.47,35.47,33.39,22.07,25.27,25.98,32.2,19.85,29.11,18.75,19.39,23.36,24.43,25.01,34.86,19.27,25.53,28.52,16.83,25.3,18.9
2021-09-21,26.07,23.72,25.5,30.26,34.45,30.19,28.88,20.44,28.06,27.92,34.95,31.33,21.24,23.99,26.07,32.38,19.32,27.37,18.79,18.79,22.58,23.59,24.26,34.69,18.4,23.78,27.05,16.43,25.53,17.76
2021-09-22,23.71,23.02,22.34,28.5,31.74,28.57,26.75,18.82,25.76,23.79,32.44,28.77,19.94,21.31,25.76,31.9,18.26,24.38,17.37,16.69,20.59,21.63,21.85,34.54,17.59,21.62,25.24,15.09,20.26,16.53
2021-09-23,22.26,21.52,21.03,27.62,30.15,26.85,24.5,17.23,24.9,21.73,30.67,27.34,18.36,19.4,24.76,30.9,17.39,23.08,16.33,15.8,19.51,21.82,21.1,36.14,16.45,21.19,24.19,14.18,20.06,15.23
2021-09-24,21.95,22.1,21.14,26.59,30.0,26.79,25.22,16.58,24.61,21.14,30.59,25.84,18.13,18.23,23.32,30.8,17.38,22.81,15.91,15.62,20.08,22.22,19.43,25.99,16.63,20.4,23.88,14.27,19.16,14.17
2021-09-27,24.47,23.21,24.8,27.01,31.55,28.4,24.99,17.19,24.09,21.26,30.96,27.08,18.8,20.42,24.7,31.39,17.94,23.38,16.31,15.99,21.81,22.36,21.87,21.62,16.93,20.37,24.34,14.15,20.91,15.2
2021-09-28,29.51,23.95,30.12,31.42,35.59,31.19,28.09,19.75,28.2,24.7,34.55,29.64,21.65,22.85,27.88,33.52,19.37,25.7,18.45,19.23,25.39,24.34,27.84,23.78,18.41,24.26,27.33,15.48,24.85,18.27
2021-09-29,29.46,25.53,30.79,30.36,35.08,31.4,28.37,21.1,28.32,24.72,33.78,29.7,21.0,21.09,27.85,33.7,18.93,25.67,17.95,18.14,25.91,23.72,28.51,23.17,18.03,23.6,26.09,15.3,23.49,17.79
2021-09-30,30.23,25.62,31.23,32.74,36.28,33.28,27.93,22.78,29.51,26.29,35.5,30.61,22.92,23.84,27.56,34.26,20.24,26.15,19.05,20.1,27.57,26.98,30.15,24.02,19.49,24.72,31.43,15.46,27.39,18.3
2021-10-01,27.63,25.59,30.32,30.26,35.08,32.21,27.3,20.3,27.65,24.92,33.83,29.15,21.75,24.28,27.27,32.89,20.41,25.55,17.53,19.58,28.32,28.66,25.29,22.63,18.22,24.07,27.75,14.77,24.32,18.6
2021-10-04,31.77,27.76,34.13,32.44,38.31,33.96,29.67,22.12,28.84,26.66,34.75,30.61,23.37,24.42,26.99,35.37,21.49,26.95,19.99,21.1,27.47,28.29,29.45,23.5,19.06,26.35,28.69,15.69,28.67,19.96
2021-10-05,28.72,26.15,31.95,29.88,35.32,31.72,27.42,20.63,27.8,24.23,32.06,29.05,21.6,22.78,26.7,33.71,20.46,25.38,18.5,19.27,25.12,25.75,26.7,22.35,18.58,23.73,26.61,14.85,27.11,18.2
2021-10-06,28.73,26.2,31.26,30.98,36.55,32.23,27.11,21.35,28.35,24.98,33.83,30.48,21.5,23.27,26.41,34.64,20.6,26.32,18.81,19.57,25.63,25.68,26.03,23.07,18.41,23.94,26.91,14.58,25.87,18.22
2021-10-07,27.37,24.89,29.75,27.94,33.81,30.03,26.18,20.14,26.83,23.95,31.71,28.24,19.99,22.02,26.12,32.61,19.67,23.89,17.42,18.39,24.26,24.28,24.79,21.81,17.74,23.12,23.49,14.62,24.49,16.55
2021-10-08,26.47,24.59,29.65,29.92,33.59,29.21,25.72,19.5,26.49,23.99,30.7,26.98,20.27,21.74,25.83,31.1,19.34,23.51,17.03,17.84,22.72,24.3,23.75,21.16,16.78,22.91,22.79,14.84,24.32,16.14
2021-10-11,26.77,25.63,30.33,30.48,35.48,29.75,25.82,20.01,26.6,26.22,31.15,28.59,20.34,22.62,25.54,32.8,18.99,24.67,17.13,18.36,23.89,23.95,24.01,22.05,16.62,24.49,24.61,15.91,26.3,16.34
2021-10-12,25.08,29.58,29.71,30.29,35.32,30.57,25.67,20.07,26.49,27.24,31.27,27.64,20.44,22.44,25.26,33.37,20.08,24.47,17.4,18.74,23.95,23.58,24.73,21.49,17.21,24.82,24.22,17.66,25.22,16.33
2021-10-13,26.49,25.07,27.74,28.87,33.61,30.1,24.76,19.54,24.81,27.23,32.77,27.96,19.55,21.46,24.97,32.24,19.62,23.11,16.62,19.71,22.52,23.87,23.18,21.22,16.17,23.71,23.79,17.0,24.74,16.07
2021-10-14,24.17,23.22,26.22,24.47,32.49,28.71,23.28,18.03,23.92,25.01,28.92,24.52,18.1,20.15,24.68,30.68,18.42,19.6,15.82,17.58,21.66,22.23,21.19,20.46,15.43,22.6,18.14,15.29,22.05,15.32
2021-10-15,22.7,25.16,25.89,23.73,31.11,27.75,21.97,18.7,24.01,25.19,28.08,22.05,17.22,19.29,24.39,30.13,17.74,18.94,15.03,17.07,20.57,21.33,19.6,19.72,14.79,21.6,17.46,13.95,20.77,15.78
2021-10-18,22.9,24.91,25.59,25.49,32.26,28.42,21.41,21.52,23.98,27.52,29.29,22.58,19.28,19.57,24.1,31.02,17.74,19.04,15.5,17.12,22.12,21.78,20.5,19.97,16.07,21.59,17.83,14.4,21.32,18.2
2021-10-19,23.17,24.06,25.14,25.29,32.07,28.24,22.42,22.36,23.55,27.43,27.01,22.09,19.4,19.39,23.82,30.9,15.32,18.39,15.26,17.28,21.54,20.56,20.2,19.84,13.83,19.38,17.28,14.01,21.48,18.58
2021-10-20,22.76,24.49,26.03,25.22,32.11,27.12,22.75,22.99,24.42,27.17,27.83,22.28,20.46,19.17,23.53,32.91,15.05,18.52,15.24,17.94,21.06,20.33,20.29,19.9,13.29,19.3,17.58,12.17,21.88,19.69
2021-10-21,22.49,24.84,24.76,25.8,32.5,27.47,22.12,23.63,24.22,26.69,25.0,22.18,20.41,19.31,23.24,32.35,14.89,18.65,15.65,16.81,21.41,20.47,19.9,19.55,13.63,18.73,16.75,11.79,21.66,19.68
2021-10-22,23.12,24.53,27.17,23.26,32.54,27.67,23.02,24.27,23.29,27.05,24.78,21.95,20.47,18.04,22.95,23.34,14.6,18.86,15.71,17.38,22.02,20.54,20.9,19.65,13.25,18.48,17.12,12.17,21.65,19.47
2021-10-25,23.03,24.66,26.4,23.41,33.05,27.89,23.89,24.71,23.37,26.43,24.94,21.58,20.6,17.8,22.66,20.61,15.64,18.67,15.47,18.15,22.7,20.96,21.2,19.89,14.04,19.55,18.04,12.44,22.17,19.71
2021-10-26,22.44,27.12,26.14,23.4,33.62,26.89,23.75,24.48,23.21,26.26,26.22,22.6,21.62,17.26,22.38,21.96,16.45,18.77,16.0,17.03,20.08,20.39,20.78,19.52,13.36,19.77,20.1,12.14,22.48,19.54
2021-10-27,24.04,25.18,26.84,23.77,30.65,27.4,23.22,24.92,23.45,27.14,25.73,23.15,21.53,18.5,22.09,21.59,16.42,19.83,13.01,15.07,18.76,20.44,17.7,19.62,13.53,19.98,18.48,12.41,23.84,19.84
2021-10-28,23.26,24.46,28.08,24.7,30.26,25.72,24.12,24.9,24.62,27.19,25.17,23.14,21.5,18.07,21.8,21.15,17.12,19.23,12.74,15.22,17.37,22.99,17.97,20.16,13.36,19.71,18.3,12.2,24.89,19.61
2021-10-29,20.02,24.55,21.46,23.79,30.4,24.55,25.0,24.32,21.87,27.62,26.03,23.1,21.69,17.34,21.51,19.51,16.6,19.24,13.19,14.76,17.49,22.59,18.85,20.03,13.24,20.93,17.7,12.38,22.3,20.12
2021-11-01,19.66,25.14,21.84,24.46,30.92,24.74,28.3,25.17,22.22,27.04,26.43,23.64,22.44,18.2,21.22,21.9,17.2,19.68,14.05,15.25,17.64,23.13,18.98,20.63,13.81,20.0,19.16,11.75,22.78,20.52
2021-11-02,19.67,25.8,21.75,24.68,30.59,25.83,28.85,25.59,22.55,27.32,26.68,25.74,22.29,17.99,20.93,21.8,17.21,20.85,13.95,15.03,17.57,24.36,18.0,20.75,13.74,20.29,18.84,12.69,23.68,20.46
2021-11-03,19.64,22.97,21.26,24.26,30.88,25.96,29.5,25.23,22.43,27.77,27.33,25.64,22.35,17.89,20.65,21.81,16.56,20.08,13.95,14.81,17.15,24.11,18.08,21.36,13.41,20.45,19.49,12.21,23.17,20.36
2021-11-04,20.14,21.09,22.95,23.66,30.87,25.4,30.64,25.67,22.35,27.83,28.59,26.21,22.45,18.65,20.36,22.46,16.23,21.24,13.97,15.65,17.6,24.57,18.27,21.38,14.21,23.75,18.34,14.86,24.16,21.01
2021-11-05,20.23,22.15,23.55,23.96,34.05,25.7,30.79,26.1,21.98,30.63,27.8,24.44,22.58,17.89,20.07,23.16,17.29,20.63,13.49,15.28,17.36,26.28,18.94,23.55,13.75,21.02,19.68,13.65,23.02,20.48
2021-11-08,20.81,23.98,23.93,24.75,34.28,27.62,31.4,27.5,22.01,32.07,28.5,25.87,23.51,18.28,18.13,24.87,17.37,21.33,14.24,15.67,17.33,25.54,18.59,24.85,14.53,21.81,20.59,13.92,22.85,21.58
2021-11-09,21.75,23.43,26.28,25.42,35.06,27.25,32.0,26.76,21.8,31.69,28.5,27.42,23.51,18.25,19.68,24.32,17.73,22.91,14.07,16.34,17.61,25.42,19.51,25.67,14.48,25.11,20.36,14.16,25.56,21.84
2021-11-10,22.04,22.85,25.86,26.31,34.13,27.36,33.14,27.5,23.15,32.6,26.8,26.65,23.14,17.51,19.39,24.09,16.73,22.44,14.28,15.78,18.34,24.97,20.46,24.73,14.81,22.2,20.21,13.83,23.79,21.54
2021-11-11,21.31,22.22,24.74,24.27,33.74,26.16,32.98,27.94,21.67,25.02,28.31,25.1,23.09,18.52,16.15,22.93,16.82,21.1,13.79,15.79,17.34,25.12,18.89,24.2,14.21,20.76,19.71,13.73,24.34,21.8
2021-11-12,21.13,22.49,24.83,23.66,34.12,25.77,35.68,27.87,20.93,24.64,27.19,24.01,23.54,18.3,19.44,22.24,16.95,20.58,13.93,15.2,18.52,24.46,18.37,24.24,14.0,20.42,18.44,13.46,23.86,22.65
2021-11-15,21.39,22.39,25.78,23.76,35.04,26.27,32.99,27.77,21.02,24.93,26.93,24.34,24.61,19.31,19.78,22.62,17.16,20.44,14.0,14.78,18.22,25.57,19.11,25.86,15.15,22.01,19.63,13.55,24.03,23.8
2021-11-16,21.14,21.95,24.84,23.63,34.16,25.65,33.0,29.2,21.29,24.12,26.46,23.57,20.9,18.67,19.21,23.1,16.58,19.33,14.04,14.8,17.44,26.37,18.54,25.69,14.39,19.83,19.7,13.45,23.43,19.83
2021-11-17,21.73,21.32,25.26,24.69,34.19,26.06,32.94,29.05,21.39,24.2,26.61,25.49,20.0,18.17,19.62,23.02,16.57,20.39,14.54,14.43,17.03,26.23,18.92,24.81,14.17,21.13,20.07,13.72,26.59,18.25
2021-11-18,24.01,22.05,26.71,25.37,34.9,25.77,33.69,22.26,21.41,24.34,26.94,25.27,20.84,18.65,19.2,23.92,16.37,20.92,14.47,14.51,18.83,25.77,19.97,26.13,14.14,21.4,20.86,14.98,26.5,18.85
2021-11-19,23.32,22.13,26.51,25.75,38.26,25.92,33.33,19.56,23.58,24.96,27.51,26.44,20.57,18.87,19.14,23.05,16.26,21.32,14.37,15.78,18.47,26.93,18.92,28.04,13.97,21.31,21.97,15.42,28.02,19.15
2021-11-22,26.2,22.53,27.75,26.6,37.07,26.02,34.54,21.98,23.28,25.76,22.08,27.45,21.25,19.62,20.23,24.21,17.51,22.0,14.23,16.33,19.11,26.64,21.08,33.22,13.95,20.66,21.6,14.42,27.44,18.08
2021-11-23,27.43,23.09,29.01,27.53,37.43,26.48,38.35,22.37,24.2,27.04,27.7,27.16,21.72,20.56,20.38,24.89,17.52,22.64,14.33,16.13,19.89,27.35,21.98,35.28,14.41,22.18,22.63,15.01,27.55,18.9
2021-11-24,27.48,23.33,28.21,26.36,37.28,27.62,38.44,20.67,24.53,25.82,27.24,27.5,21.22,20.31,20.22,23.7,16.99,22.57,14.06,16.07,19.49,26.44,21.37,35.61,14.58,20.86,23.31,14.93,27.41,18.73
2021-11-26,30.62,27.05,31.62,35.38,45.58,32.41,43.76,24.33,30.57,30.18,33.36,32.04,25.01,26.5,23.49,27.41,20.58,27.69,18.71,20.64,25.01,30.43,27.34,40.03,17.14,26.76,27.63,17.58,33.33,20.97
2021-11-29,26.61,24.26,27.58,31.05,40.89,28.89,39.25,21.28,26.65,27.55,30.5,28.67,22.73,22.33,21.17,25.59,18.34,24.83,16.22,18.42,20.02,31.21,22.67,37.09,16.01,21.94,24.48,15.65,29.37,19.87
2021-11-30,28.48,26.63,29.94,35.23,42.21,32.34,44.08,23.51,27.34,30.08,33.39,31.99,24.08,25.46,23.93,28.56,20.88,27.65,20.18,21.17,24.15,34.28,26.29,38.85,18.66,28.55,25.82,18.85,30.94,20.62
2021-12-01,30.52,28.33,30.97,39.28,45.71,32.82,34.67,24.73,32.08,33.29,35.85,34.33,26.77,27.7,25.05,29.74,21.69,30.3,20.54,21.43,25.07,30.21,28.96,41.13,19.84,29.05,26.4,21.69,33.35,23.29
2021-12-02,27.39,27.54,29.95,34.75,44.08,31.03,33.44,24.06,30.68,31.01,34.66,32.06,25.87,24.55,23.57,28.77,21.68,28.49,19.68,21.14,24.44,29.08,25.87,40.62,18.73,28.71,26.5,19.41,31.19,22.97
2021-12-03,31.37,29.32,32.81,38.07,47.9,35.6,37.74,26.77,31.41,34.17,37.6,35.88,28.63,29.05,26.52,32.3,22.74,31.61,21.19,23.06,26.03,30.07,31.7,42.55,21.42,31.8,27.48,20.99,33.02,24.88
2021-12-06,28.21,27.65,30.87,35.8,42.38,30.95,32.56,24.17,28.23,31.15,34.36,31.67,26.49,25.64,23.84,29.49,21.26,28.25,19.33,21.0,24.18,28.54,27.04,41.73,18.98,25.54,25.62,20.82,31.83,21.15
2021-12-07,28.15,23.58,26.78,31.09,39.54,28.1,30.12,22.39,25.12,27.53,30.23,26.41,23.48,21.94,21.29,27.9,18.81,24.55,16.39,18.4,21.0,26.34,22.98,39.44,16.09,22.92,24.06,19.32,27.52,19.53
2021-12-08,28.88,20.39,26.16,31.86,36.75,26.46,28.53,22.33,23.83,27.07,29.07,26.28,22.25,21.92,20.51,26.91,18.42,24.32,15.58,18.53,20.02,24.78,21.64,37.64,16.73,21.27,23.0,18.73,25.97,20.58
2021-12-09,30.16,22.93,27.53,30.68,37.18,26.84,29.26,23.24,24.48,27.22,29.69,28.56,22.42,21.91,21.24,26.94,17.41,25.31,16.23,17.86,20.23,24.83,23.38,37.07,16.33,22.89,21.92,19.2,26.46,20.12
2021-12-10,30.09,23.15,25.6,28.38,34.69,25.61,27.79,20.86,22.62,25.71,28.39,26.58,20.99,20.05,19.4,25.16,16.73,23.98,14.93,16.28,18.8,24.11,21.89,34.85,15.8,21.17,21.53,18.72,23.57,18.89
2021-12-13,32.03,22.75,27.24,29.36,37.02,26.91,28.52,22.27,23.83,25.88,30.07,27.78,22.44,20.95,21.36,26.68,17.8,24.96,16.05,17.08,20.06,24.8,24.1,36.25,15.27,22.44,22.17,18.7,25.37,19.55
2021-12-14,33.09,21.92,27.86,30.6,37.94,27.36,31.13,23.05,24.53,26.8,30.79,29.05,22.7,22.21,20.76,28.06,16.61,26.39,16.85,17.46,21.2,24.36,26.94,37.15,15.84,23.52,22.62,19.45,26.88,19.61
2021-12-15,30.89,23.29,27.65,30.73,37.91,27.15,29.93,23.01,24.0,26.94,29.38,27.71,21.76,21.44,20.62,26.86,16.23,25.27,16.12,17.19,20.86,23.34,26.07,35.34,15.47,24.61,23.37,18.54,25.43,19.3
2021-12-16,34.07,24.59,29.94,29.16,38.16,26.79,32.39,22.78,24.33,27.1,29.79,29.18,22.74,21.74,19.69,27.95,17.39,25.06,16.23,17.17,19.89,23.31,27.33,38.01,16.5,23.41,22.66,21.6,25.64,20.17
2021-12-17,33.32,23.27,29.07,30.6,36.88,27.0,31.72,22.81,26.02,27.03,29.56,30.0,23.55,22.47,22.22,28.32,18.24,26.28,16.74,17.74,21.36,23.44,27.84,37.29,17.28,23.69,22.72,19.71,25.36,20.33
2021-12-20,32.24,24.67,30.79,32.52,38.71,29.39,32.41,23.09,26.51,28.67,31.29,31.91,23.96,24.98,23.43,29.65,18.23,27.58,17.1,18.47,22.62,24.2,28.09,42.67,17.53,26.56,22.68,20.41,27.92,20.8
2021-12-21,28.75,22.8,27.05,28.46,35.7,26.03,28.43,21.24,23.92,24.87,29.06,29.15,22.17,21.56,20.78,26.84,16.73,24.64,15.26,16.98,19.94,23.35,24.29,25.85,16.98,24.16,24.62,17.94,25.44,18.69
2021-12-22,27.82,21.68,25.7,26.8,34.42,24.96,26.65,19.94,22.13,24.27,26.6,27.18,20.39,20.24,19.44,24.39,15.51,23.0,14.43,16.14,18.53,21.81,22.44,23.79,16.25,22.89,24.1,16.79,23.32,17.86
2021-12-23,26.63,20.91,24.93,26.47,32.74,24.58,25.71,19.19,21.12,22.68,26.03,26.15,19.82,19.83,19.92,26.84,14.84,22.42,13.85,15.51,17.85,21.76,21.56,22.09,16.12,22.52,23.5,15.88,23.09,17.49
2021-12-27,29.11,20.31,27.38,28.41,34.86,25.93,26.56,19.7,22.27,23.74,26.71,27.04,19.73,20.91,24.49,32.55,15.74,22.49,14.36,16.95,20.24,21.4,22.93,21.39,16.76,22.34,22.68,17.12,24.3,17.62
2021-12-28,30.08,19.4,26.77,28.1,35.09,26.36,26.94,19.72,22.36,24.61,27.36,26.66,19.89,20.5,25.0,32.56,15.82,22.17,14.21,17.1,21.21,21.76,24.02,21.52,17.08,22.89,23.2,16.88,25.89,17.25
2021-12-29,29.7,19.14,26.56,28.49,35.61,26.21,25.61,19.57,21.27,24.0,27.44,25.78,19.67,20.59,26.87,34.62,16.11,21.57,13.97,17.2,21.19,20.95,23.16,21.27,16.48,22.35,21.49,16.72,23.38,16.52
2021-12-30,29.83,18.93,26.69,27.83,34.89,26.2,25.77,18.96,21.84,24.0,27.16,25.54,19.66,21.35,26.0,35.29,16.11,21.34,14.01,16.99,21.18,20.98,24.58,21.37,17.42,21.98,21.67,16.87,25.77,16.7
2021-12-31,30.13,19.37,27.28,27.35,34.31,26.4,25.61,18.84,21.94,23.19,27.69,25.63,19.06,19.02,26.77,33.81,15.73,21.38,13.94,16.15,20.78,21.52,24.07,21.19,16.7,21.7,22.65,17.3,24.66,15.82
2022-01-03,28.16,21.12,28.68,27.32,35.02,26.17,26.22,18.89,22.16,23.02,27.55,26.45,20.14,20.73,26.7,34.97,17.17,21.41,13.25,16.45,20.86,22.01,24.36,21.32,16.87,22.39,22.67,16.69,24.39,15.89
2022-01-04,29.82,21.45,29.71,27.89,34.82,27.62,27.39,20.45,22.76,23.64,27.51,26.46,19.91,20.86,27.13,36.13,16.85,21.88,14.06,16.49,20.37,22.41,27.12,21.15,17.31,22.26,23.22,16.47,25.59,16.75
2022-01-05,31.26,23.34,32.4,30.68,35.36,29.59,33.2,21.07,24.2,24.36,30.72,28.34,21.17,22.37,29.78,33.54,17.52,23.57,15.07,17.5,22.48,23.63,31.66,23.12,18.49,23.12,22.88,17.54,26.58,17.78
2022-01-06,31.72,24.37,31.61,30.29,35.74,29.27,33.26,21.54,24.15,24.98,30.21,29.41,21.66,21.51,30.19,37.43,17.67,24.27,15.44,17.69,23.43,24.07,30.54,23.44,18.15,22.48,28.07,17.34,27.46,18.0
2022-01-07,30.25,23.2,31.51,30.14,36.53,28.84,31.51,21.1,24.25,25.6,30.58,28.4,22.26,21.64,30.19,36.77,17.09,23.58,15.26,17.75,22.5,23.96,30.4,23.43,18.07,23.79,28.48,17.1,27.02,17.52
2022-01-10,30.94,23.42,33.0,31.3,37.43,29.35,32.51,21.9,25.45,28.11,31.11,30.18,22.95,22.09,31.41,36.41,18.05,24.78,17.16,19.21,24.29,24.85,30.72,25.17,18.39,24.19,28.91,18.18,29.24,18.13
2022-01-11,28.38,22.36,31.57,30.07,37.13,28.01,30.75,20.29,23.98,27.18,28.83,28.13,21.86,20.65,31.57,34.6,17.44,23.38,16.69,18.62,21.47,23.58,29.26,23.99,16.93,23.78,25.92,17.03,27.72,17.53
2022-01-12,27.62,20.73,30.25,29.21,35.98,26.86,29.14,20.43,23.66,27.18,27.66,28.92,21.1,20.2,31.38,34.45,17.36,23.04,17.36,18.56,22.71,21.98,27.23,23.32,17.47,23.06,25.16,16.65,26.47,17.23
2022-01-13,30.56,22.42,32.75,30.42,36.66,28.64,33.18,21.89,25.21,28.14,30.12,31.14,22.62,21.4,32.92,35.88,18.2,24.11,16.93,18.66,23.17,22.33,33.3,25.5,18.06,23.78,26.36,17.09,30.99,17.97
2022-01-14,29.26,20.65,32.01,31.86,36.05,28.92,30.98,22.51,25.14,29.28,29.34,31.11,23.48,21.88,32.38,35.77,18.46,23.35,16.86,19.68,23.1,22.58,29.42,25.51,17.54,24.9,25.56,16.97,28.38,19.11
2022-01-18,33.32,24.63,34.32,33.18,38.6,30.04,34.28,29.32,27.71,29.95,31.87,29.37,26.3,25.06,33.9,38.8,20.55,25.79,18.59,20.98,25.35,23.62,33.83,27.55,21.12,24.94,29.2,18.77,29.76,23.55
2022-01-19,32.92,24.94,34.18,33.52,38.59,30.19,33.98,29.85,27.88,30.01,31.17,28.88,26.04,24.89,33.97,38.81,20.08,24.53,18.21,21.17,25.25,23.68,33.39,26.96,17.11,24.44,24.85,18.74,29.69,23.69
2022-01-20,34.1,25.41,34.97,32.74,38.74,30.64,35.43,30.39,28.42,30.52,32.34,29.86,27.52,25.25,33.89,39.28,20.53,25.35,17.9,21.2,26.38,23.76,34.5,28.49,17.77,23.53,24.76,18.97,30.13,24.51
2022-01-21,35.99,27.69,42.25,35.81,42.95,33.04,39.93,33.25,29.68,37.04,35.36,31.76,30.48,28.38,39.43,44.47,21.71,27.9,19.26,23.67,28.67,26.64,40.06,30.76,18.82,27.8,26.46,20.68,34.28,25.89
2022-01-24,38.17,29.26,44.06,37.66,45.43,33.63,42.0,34.0,30.0,38.48,37.17,35.52,33.41,28.02,44.62,45.31,25.14,29.3,21.19,25.37,29.07,28.47,41.43,33.06,21.16,28.58,28.73,22.77,35.91,27.36
2022-01-25,39.07,28.54,45.61,34.19,47.39,35.07,46.77,34.41,31.31,39.46,36.81,36.4,33.29,30.84,27.95,47.64,18.62,29.85,21.0,25.41,26.57,27.17,49.18,32.82,21.29,28.09,29.58,21.25,36.09,28.29
2022-01-26,41.13,28.2,43.95,33.35,45.23,34.48,47.73,34.97,31.26,39.39,36.34,35.34,33.01,32.77,27.25,46.97,19.89,28.85,20.84,24.92,26.83,29.54,37.32,31.78,20.68,27.84,29.77,21.71,35.87,27.38
2022-01-27,41.3,28.13,42.86,34.13,44.41,35.05,46.77,36.81,31.75,39.36,34.11,35.7,33.58,31.2,27.7,38.11,20.54,30.55,21.39,22.87,25.63,25.85,35.79,31.19,20.18,29.26,29.4,21.59,37.1,27.59
2022-01-28,31.19,26.29,38.83,30.33,41.54,31.74,43.39,34.24,29.6,37.12,35.0,31.24,30.24,28.08,24.38,36.35,18.47,26.96,20.12,20.1,26.15,24.56,30.94,30.24,18.83,25.97,27.36,19.43,30.06,25.91
2022-01-31,25.2,26.18,36.0,28.61,39.93,28.4,39.88,32.46,26.97,34.41,30.92,30.61,29.13,25.23,22.44,33.37,17.37,25.48,19.45,18.3,23.48,24.01,29.55,28.09,18.0,26.01,25.26,18.02,27.45,24.61
2022-02-01,25.75,25.36,34.17,27.82,37.5,26.9,38.46,31.05,26.13,33.2,28.72,28.54,27.9,25.59,21.37,32.87,17.45,24.11,18.66,17.71,21.97,23.95,26.3,26.43,17.45,23.43,26.67,17.27,26.47,23.74
2022-02-02,24.44,24.27,38.1,27.11,37.23,26.95,40.29,31.13,25.18,34.84,27.97,28.66,27.22,25.03,20.34,31.4,15.51,23.79,18.3,17.07,21.99,23.47,24.94,26.05,16.74,22.63,24.23,16.68,25.57,23.85
2022-02-03,28.58,25.99,53.78,29.54,39.88,29.71,49.43,33.69,27.11,39.73,30.9,32.1,30.32,26.6,22.76,34.66,16.56,25.9,19.55,18.52,24.53,23.2,32.29,28.33,18.36,24.66,24.54,18.53,28.96,25.61
2022-02-04,26.32,26.45,32.03,28.41,37.0,27.01,45.31,32.9,27.13,38.84,30.02,28.58,28.89,23.78,21.6,32.79,16.74,24.09,19.39,17.65,23.48,22.07,28.62,26.83,17.98,23.51,24.14,17.01,26.89,25.35
2022-02-07,26.6,28.55,31.57,28.77,37.59,27.28,44.16,33.27,27.83,41.47,37.01,28.46,29.7,24.28,21.48,33.26,16.77,24.02,19.33,18.1,23.31,22.95,28.81,28.24,18.35,23.72,24.59,17.31,26.5,25.47
2022-02-08,24.47,21.05,29.39,28.32,36.33,26.14,42.69,31.87,26.79,41.34,27.86,27.31,29.17,21.51,19.62,30.6,16.48,23.49,19.12,17.6,21.7,22.06,26.23,26.65,17.35,22.87,22.96,17.05,25.47,24.93
2022-02-09,22.78,19.94,28.09,27.25,33.95,24.53,40.13,29.41,25.29,45.33,26.94,25.32,27.97,20.85,19.15,30.23,14.49,22.21,19.48,16.35,20.62,20.95,23.88,24.89,16.56,20.99,22.64,16.29,25.34,23.84
2022-02-10,25.09,21.83,30.24,28.93,36.31,26.79,43.58,31.89,26.27,29.16,28.13,28.57,31.58,23.86,22.22,31.55,16.18,24.1,17.59,18.09,23.51,21.47,28.18,27.82,18.36,23.3,24.17,17.4,27.84,25.59
2022-02-11,29.52,23.61,33.76,32.13,40.35,31.04,49.63,34.99,29.8,31.07,32.04,31.49,34.11,27.8,24.76,33.87,18.68,26.13,20.41,20.1,25.17,23.84,32.75,31.65,20.58,25.21,26.16,18.8,30.58,27.3
2022-02-14,29.43,24.79,33.83,33.05,41.83,31.0,48.88,36.49,30.66,30.9,30.76,32.05,34.9,27.95,26.16,35.76,19.79,27.94,20.89,20.67,25.72,25.51,32.01,33.38,20.92,26.51,27.53,20.05,31.1,27.95
2022-02-15,26.61,22.18,30.92,29.87,37.79,28.25,45.33,34.24,28.05,28.41,28.83,29.02,32.28,24.51,23.56,33.11,17.41,25.01,19.36,19.04,23.06,22.62,28.47,31.64,18.79,23.99,24.69,18.43,27.79,27.06
2022-02-16,25.98,22.39,29.88,28.41,37.0,27.15,44.57,34.13,27.34,27.61,27.54,27.85,31.98,24.23,23.0,32.05,17.25,24.54,18.85,18.46,22.5,23.01,27.08,31.52,18.08,23.27,24.45,17.8,26.69,27.3
2022-02-17,29.5,23.56,34.27,31.06,39.6,31.72,51.15,27.17,29.3,30.06,30.01,31.77,34.53,26.79,26.25,33.43,18.43,28.03,19.94,20.05,25.55,24.17,31.9,34.91,19.91,24.75,26.46,18.89,29.39,23.06
2022-02-18,29.06,23.89,34.24,30.94,40.31,30.58,52.26,26.35,29.57,30.84,29.6,31.6,35.59,26.74,26.04,32.1,19.53,27.99,19.55,20.15,26.17,24.39,32.02,35.61,19.86,24.48,27.04,19.19,29.32,22.71
2022-02-22,30.28,24.32,35.75,33.73,43.1,30.64,50.66,27.84,30.76,32.64,30.97,33.17,34.97,26.49,26.9,32.42,20.99,29.16,20.91,20.65,27.58,24.99,33.18,42.85,21.31,26.15,27.77,19.15,30.73,23.31
2022-02-23,32.37,25.72,36.97,35.11,44.34,33.76,52.72,29.65,32.36,33.33,31.67,34.61,33.92,30.47,27.64,33.54,21.49,30.98,21.25,22.28,28.23,25.58,35.0,44.48,21.95,27.14,29.57,20.37,32.95,23.8
2022-02-24,30.95,25.73,34.46,34.59,43.87,32.57,54.71,28.11,32.4,32.16,31.32,33.83,31.41,28.69,26.64,32.0,21.8,31.71,22.29,22.52,28.26,27.39,32.86,43.99,22.24,26.59,28.83,21.58,32.46,23.39
2022-02-25,27.22,21.92,31.98,33.07,40.0,29.56,48.89,25.48,29.04,29.82,29.45,30.06,27.91,26.13,24.18,29.18,18.63,28.88,19.94,19.69,26.46,24.24,30.04,40.46,20.0,26.46,26.65,18.77,29.7,20.81
2022-02-28,29.82,23.85,33.29,34.84,44.3,31.24,53.11,26.61,32.66,32.23,32.33,34.97,30.25,28.28,25.51,31.51,20.59,33.84,22.28,23.05,27.46,24.24,30.62,43.66,23.77,28.32,27.94,19.86,33.11,22.21
2022-03-01,32.54,26.86,36.85,42.57,49.51,36.55,57.52,30.89,36.28,36.38,37.73,40.21,33.98,33.24,28.93,35.02,22.98,40.86,24.9,26.61,31.53,26.99,35.58,46.65,26.32,30.25,28.7,22.44,37.92,24.62
2022-03-02,29.25,24.35,33.52,38.87,44.03,32.74,41.38,27.02,35.05,32.04,30.63,34.67,30.19,29.46,25.88,31.99,21.92,34.86,21.77,22.99,27.94,22.79,31.75,43.38,22.96,27.78,27.25,20.23,33.53,22.05
2022-03-03,29.36,23.81,35.17,38.84,46.02,33.21,41.12,27.64,35.87,32.94,30.33,35.17,30.77,30.23,26.65,33.21,20.59,35.5,21.88,24.26,28.39,25.01,32.88,45.83,22.99,27.76,27.33,21.8,33.54,22.11
2022-03-04,32.77,23.96,36.9,43.51,51.03,35.03,42.31,29.02,37.84,36.01,35.75,37.62,31.77,30.49,28.24,34.77,21.46,40.42,23.71,25.27,30.69,24.34,34.85,47.45,24.21,30.87,28.42,22.4,36.96,23.2
2022-03-07,37.1,27.34,43.36,49.65,56.43,39.29,46.84,32.65,42.57,41.26,41.39,42.28,34.98,34.77,30.56,37.34,22.85,44.47,26.1,30.65,33.21,27.25,39.9,51.79,26.73,32.84,32.08,23.56,42.19,26.62
2022-03-08,38.06,26.02,41.42,47.42,54.28,40.08,46.16,32.56,44.24,39.72,38.76,41.87,35.38,32.86,30.15,35.78,23.04,42.87,27.65,29.34,33.25,26.88,40.06,51.83,27.97,33.99,33.49,25.7,40.57,25.83
2022-03-09,31.96,25.48,38.31,44.01,49.62,35.69,42.34,30.08,42.59,36.05,36.32,37.94,32.13,29.92,27.73,35.16,21.51,38.46,22.57,27.16,30.12,25.1,34.2,48.75,25.78,30.73,30.02,24.18,37.11,22.08
2022-03-10,32.75,26.77,37.19,42.9,49.12,36.18,42.4,30.12,41.71,35.26,35.5,39.07,31.55,28.68,27.71,33.72,20.71,38.27,24.28,27.08,29.64,24.64,34.53,48.93,26.84,30.61,29.06,22.59,36.93,22.43
2022-03-11,35.29,24.82,37.78,43.41,49.77,36.23,42.4,29.96,41.12,36.55,35.82,39.5,31.68,29.25,27.7,35.16,20.38,39.87,24.67,27.04,29.9,24.85,35.94,49.67,25.89,29.57,30.58,22.84,36.79,22.52
2022-03-14,38.58,24.91,40.22,44.74,51.41,36.74,45.47,31.6,39.4,37.95,36.55,41.77,32.14,29.79,27.98,37.59,21.03,39.69,25.71,27.56,30.49,26.05,37.16,51.31,26.27,29.55,31.29,23.42,37.23,23.39
2022-03-15,34.51,24.48,38.05,42.62,47.56,34.28,42.15,29.16,38.79,34.79,35.95,39.68,29.69,27.71,26.66,34.89,20.85,37.2,23.83,26.25,29.32,24.67,34.01,49.26,24.18,27.59,31.93,21.95,35.51,21.68
2022-03-16,29.2,22.78,33.79,36.8,44.18,30.81,37.7,26.06,35.08,31.29,31.61,35.18,26.66,24.87,23.99,30.68,19.69,33.26,21.95,22.75,26.37,23.19,29.31,45.99,22.89,25.08,30.52,20.47,32.12,20.13
2022-03-17,27.14,20.86,31.44,35.28,42.67,30.01,35.82,24.62,35.09,29.57,32.57,32.92,25.27,24.43,23.16,29.46,18.73,30.45,20.26,21.55,24.81,21.61,27.62,44.69,21.38,23.3,29.04,19.01,30.04,19.33
2022-03-18,24.94,20.37,28.62,33.5,38.87,27.71,33.8,23.07,32.46,27.63,31.39,31.93,23.84,23.42,23.35,27.83,17.83,29.16,18.49,19.95,23.16,20.27,25.23,43.22,20.34,22.61,29.0,18.88,27.97,17.94
2022-03-21,25.68,19.36,30.06,33.58,42.76,28.47,34.81,22.64,33.1,28.16,33.31,32.34,25.04,24.45,25.46,27.87,18.2,28.77,19.09,19.82,23.09,21.16,26.84,42.72,20.99,22.77,26.68,18.74,27.65,17.86
2022-03-22,23.53,18.66,29.14,31.6,38.48,26.68,32.96,21.31,31.05,26.45,32.25,29.31,24.78,23.0,25.36,27.0,17.06,26.66,17.91,18.52,21.52,20.11,24.82,28.66,20.69,21.24,27.15,17.89,25.6,16.9
2022-03-23,25.14,20.33,30.56,33.57,38.86,27.16,34.65,22.25,31.32,28.03,32.77,32.08,25.86,24.4,26.92,28.17,18.21,28.76,19.28,19.27,24.52,20.15,26.76,29.18,21.75,22.45,26.99,18.52,28.17,17.7
2022-03-24,24.68,19.96,29.45,32.25,37.83,26.84,33.34,21.62,30.74,26.94,31.77,30.33,24.62,23.8,26.86,31.4,18.1,27.77,16.98,17.96,22.25,19.82,25.64,28.2,19.71,21.1,26.27,18.05,26.85,17.32
2022-03-25,24.74,18.47,29.65,31.4,37.79,26.26,32.88,20.98,29.83,26.22,31.03,30.25,24.97,22.59,27.16,31.1,17.35,27.21,16.84,18.5,22.16,19.37,25.84,27.04,21.58,20.46,25.52,17.29,27.57,16.8
2022-03-28,26.03,19.76,32.13,32.55,39.12,28.38,31.29,20.88,30.67,25.75,31.0,29.8,23.6,23.21,26.58,34.27,17.97,27.23,17.42,19.1,23.62,21.19,26.08,25.72,21.88,20.83,25.9,17.56,28.34,16.22
2022-03-29,25.61,19.55,31.42,30.29,37.03,27.31,29.4,19.5,29.13,24.7,29.93,28.17,22.95,22.19,24.64,34.59,16.98,25.77,17.28,18.15,23.04,20.6,25.14,24.14,19.5,20.79,24.66,16.37,27.42,15.49
2022-03-30,27.63,18.88,33.56,31.61,38.77,28.42,30.84,20.06,29.76,25.45,31.05,29.14,24.79,22.21,25.2,35.68,15.84,26.56,17.55,19.22,24.29,21.4,25.61,24.5,20.02,21.1,23.32,16.87,28.07,15.98
2022-03-31,27.55,21.29,34.94,32.65,39.67,29.89,32.65,21.23,29.77,27.6,31.23,30.55,26.34,24.78,26.46,36.8,17.07,29.16,18.57,20.31,25.29,21.53,27.65,26.45,20.93,22.33,25.0,17.47,28.1,17.15
2022-04-01,26.94,20.73,35.02,31.89,39.16,29.73,31.68,20.28,29.08,27.3,30.28,29.55,25.26,22.88,25.24,37.56,17.08,26.99,17.84,20.4,24.92,20.32,27.93,26.07,19.98,20.86,24.34,16.88,28.64,16.41
2022-04-04,26.54,20.9,34.2,30.5,39.3,29.01,29.94,20.17,28.65,26.91,30.95,29.54,24.68,23.09,25.55,36.34,17.61,26.0,18.16,20.02,24.75,21.33,25.99,24.74,20.37,22.3,25.25,17.0,28.12,16.81
2022-04-05,28.42,21.69,35.65,32.75,42.28,31.04,33.57,22.54,29.16,28.78,32.97,31.69,25.99,25.03,24.5,38.22,17.48,30.36,19.19,21.13,25.86,21.68,27.16,26.77,21.96,22.46,25.19,16.84,29.99,18.18
2022-04-06,30.44,21.88,37.95,33.57,43.68,31.06,36.75,23.51,30.27,30.33,33.15,32.67,28.02,26.12,27.71,40.18,17.87,31.47,17.49,21.66,27.26,22.24,32.05,29.35,22.69,23.11,24.63,17.44,32.06,19.18
2022-04-07,29.26,23.32,38.76,35.55,42.84,31.81,36.64,23.86,30.43,31.09,33.09,33.02,27.84,26.59,26.37,40.39,19.63,32.16,19.66,21.28,27.93,23.54,30.35,28.17,21.97,24.43,26.81,18.24,32.64,20.17
2022-04-08,29.92,22.44,39.16,35.24,42.32,31.59,35.66,23.55,29.95,30.61,33.06,33.19,27.07,26.74,28.83,40.01,18.84,31.97,19.08,21.62,27.56,23.39,30.76,28.19,21.29,22.72,26.28,17.76,31.64,20.3
2022-04-11,33.59,23.42,41.27,38.4,43.92,33.6,38.35,26.06,32.04,32.86,34.2,35.67,28.72,29.29,31.12,41.67,21.94,33.51,20.51,22.52,28.07,24.1,35.91,29.81,22.81,24.64,27.47,18.87,33.52,21.12
2022-04-12,31.53,23.35,41.18,37.89,43.84,32.23,38.53,26.35,31.16,34.87,33.59,35.68,27.79,27.75,31.81,41.45,18.79,33.03,20.63,21.74,28.41,24.06,34.4,30.55,22.31,24.32,27.24,18.53,33.86,20.41
2022-04-13,29.31,23.56,37.79,36.02,41.34,30.34,33.63,23.48,30.04,34.27,31.6,32.58,25.91,25.75,29.75,41.08,18.08,27.43,19.46,20.37,26.89,23.41,32.34,27.93,21.16,23.52,26.39,17.29,31.33,19.98
2022-04-14,31.57,23.26,38.23,34.8,40.69,30.94,36.25,25.17,30.38,34.56,30.77,28.5,26.76,28.26,30.41,39.52,17.66,27.1,18.58,20.13,26.63,22.12,33.68,27.84,21.03,22.02,23.0,17.77,33.05,19.76
2022-04-18,31.14,23.89,38.81,35.46,42.34,32.65,37.59,29.0,31.69,36.39,30.75,29.48,29.46,27.06,30.88,39.84,18.75,27.43,18.87,20.19,27.67,23.07,33.92,29.02,21.53,23.72,23.13,17.98,32.0,22.42
2022-04-19,29.34,22.49,38.36,33.99,40.06,31.39,35.11,28.21,31.87,35.48,29.4,27.39,28.87,25.34,29.55,38.67,16.57,25.53,18.33,20.01,26.77,22.39,32.48,28.7,20.41,20.4,22.27,17.56,30.72,22.16
2022-04-20,31.15,22.93,40.2,34.22,41.33,31.06,37.07,29.52,31.96,40.14,27.93,26.82,29.75,25.39,22.4,39.08,15.39,25.35,18.38,20.47,27.09,21.67,33.72,28.82,17.27,19.83,22.12,18.17,31.38,23.2
2022-04-21,32.75,23.89,42.95,36.6,42.64,32.13,41.68,30.73,34.5,42.05,28.36,29.79,31.5,26.76,22.57,41.11,16.2,27.05,19.77,21.12,29.03,22.5,37.23,30.36,18.18,21.42,23.08,18.98,34.2,24.02
2022-04-22,38.11,26.13,45.38,34.64,46.57,37.31,44.74,33.19,36.5,44.31,31.61,32.74,34.05,30.33,25.4,44.09,17.94,30.32,21.65,24.29,31.31,25.01,41.71,33.54,19.83,23.25,26.46,19.06,37.37,25.18
2022-04-25,38.24,26.87,45.4,35.34,47.4,38.24,44.69,33.29,38.41,44.57,33.61,32.24,34.61,30.98,24.71,44.07,19.46,30.92,19.97,23.07,32.85,25.32,40.03,34.54,20.78,23.9,26.71,20.8,37.12,25.77
2022-04-26,43.49,30.77,50.56,38.62,50.9,40.67,51.38,36.06,39.79,46.39,35.35,36.8,37.19,32.93,27.51,46.93,21.12,35.58,21.68,26.15,30.78,26.39,45.24,39.36,23.64,25.87,29.69,23.72,43.22,27.13
2022-04-27,42.14,26.72,49.28,36.99,48.4,38.98,49.76,36.52,39.65,44.42,35.22,35.11,36.77,33.14,26.23,45.85,21.27,34.08,20.94,25.72,30.0,26.39,35.68,37.93,22.35,25.25,28.37,23.32,34.28,26.75
2022-04-28,37.79,26.16,46.7,34.73,44.06,34.81,47.04,34.09,37.79,43.41,33.48,32.57,34.98,32.03,24.65,42.11,19.91,30.75,19.5,22.47,27.83,22.28,32.06,35.3,21.04,24.32,26.81,21.13,31.36,25.43
2022-04-29,37.2,24.35,43.99,38.49,47.96,36.17,52.4,37.27,37.87,46.51,36.09,36.79,38.2,29.67,27.09,36.51,21.54,34.81,22.3,23.74,28.97,26.46,36.66,37.98,23.8,27.33,29.11,25.29,35.24,27.35
2022-05-02,35.01,26.35,43.0,38.72,49.24,36.37,52.49,36.42,36.13,45.75,35.2,36.63,38.84,30.27,26.04,34.56,22.7,34.19,23.85,25.2,29.15,24.1,34.29,37.94,24.11,28.02,31.68,26.41,35.42,27.5
2022-05-03,32.57,23.54,41.48,37.26,46.41,34.82,52.04,35.7,34.45,44.36,33.51,35.17,37.91,28.37,24.96,33.56,21.46,32.65,22.28,24.03,27.07,22.21,33.99,37.52,23.74,26.25,29.25,24.07,34.81,26.26
2022-05-04,29.11,21.59,38.47,33.35,42.49,30.24,47.45,31.83,31.29,40.69,29.26,30.98,35.05,24.26,21.79,30.0,18.57,29.21,19.48,21.65,24.42,21.59,28.27,33.15,21.16,22.95,24.73,21.24,30.65,24.65
2022-05-05,36.34,22.0,46.58,37.63,48.1,35.1,53.9,36.6,34.75,45.56,34.35,36.06,38.96,28.41,25.38,36.36,22.3,33.59,22.6,24.19,27.96,23.07,36.33,40.04,23.81,26.21,29.16,23.97,35.49,26.45
2022-05-06,35.28,22.7,46.18,37.7,45.56,34.74,53.5,36.03,34.1,46.48,33.86,35.27,40.77,27.79,24.87,35.12,21.6,32.8,22.36,22.68,27.59,22.49,35.75,41.86,22.33,26.23,28.82,22.47,34.72,27.43
2022-05-09,39.56,26.82,53.65,42.34,55.68,38.62,59.52,39.67,40.87,51.96,36.92,38.84,41.96,30.34,28.52,38.85,22.73,35.96,23.8,25.47,29.77,23.92,41.97,45.46,24.41,27.62,33.09,25.16,40.77,28.54
2022-05-10,37.66,26.14,51.61,40.67,54.31,39.06,57.84,38.49,38.94,53.28,36.85,38.78,43.17,29.98,30.71,38.18,22.26,36.74,23.59,25.34,30.77,24.93,38.99,44.35,24.01,27.28,31.72,24.79,38.36,29.2
2022-05-11,41.14,27.61,53.21,40.93,56.32,38.93,60.07,38.94,38.22,58.09,36.75,38.99,44.4,30.58,29.67,39.13,22.51,36.51,23.97,25.09,30.66,26.74,41.43,44.26,24.14,28.08,34.0,24.48,37.94,29.69
2022-05-12,42.66,26.09,53.82,44.29,59.26,39.04,60.58,38.98,38.55,41.14,36.37,38.61,45.14,30.33,29.15,38.3,21.69,36.17,24.84,25.27,30.24,27.48,41.84,45.3,24.95,27.83,32.33,24.7,39.1,30.0
2022-05-13,36.98,24.22,48.43,40.31,55.0,36.55,55.57,36.58,34.98,37.22,34.22,35.1,41.89,28.01,26.34,34.78,20.11,33.76,22.61,23.01,28.12,24.17,35.92,39.41,23.23,26.09,29.62,22.77,34.64,28.69
2022-05-16,37.14,22.63,49.27,39.65,57.19,35.09,55.03,36.23,33.87,36.66,31.94,34.69,41.06,27.1,25.47,34.56,19.12,33.18,21.79,22.38,27.05,23.59,35.4,39.18,21.83,25.3,28.52,21.83,34.01,28.66
2022-05-17,33.26,21.55,45.55,36.51,51.97,32.09,52.99,33.86,32.69,33.37,30.01,32.01,33.2,24.88,23.33,31.51,17.97,31.12,20.95,21.56,25.3,23.11,31.46,36.24,21.03,23.44,26.66,21.11,31.66,27.21
2022-05-18,39.58,23.43,53.01,40.1,57.89,35.77,57.81,41.94,36.06,38.55,33.05,35.74,37.87,28.7,28.96,37.17,20.89,34.58,28.33,26.83,28.72,24.35,37.4,43.51,28.94,25.91,30.72,23.55,35.77,33.75
2022-05-19,38.14,22.86,50.13,38.81,55.04,35.79,56.94,34.06,34.81,36.8,32.51,34.57,36.49,28.68,28.12,35.23,20.8,34.17,26.32,26.1,28.15,24.34,35.41,42.13,27.84,26.39,29.79,22.38,35.11,31.63
2022-05-20,38.16,21.67,49.75,39.42,58.29,37.28,55.58,30.76,34.3,36.33,32.83,34.7,35.88,28.61,27.79,34.91,19.08,34.01,25.16,24.22,29.38,23.53,34.62,43.86,25.94,25.77,29.35,21.72,34.45,29.83
2022-05-23,36.6,22.04,50.08,37.87,54.14,35.0,54.49,29.25,33.66,34.29,30.34,33.41,34.26,27.86,26.1,33.62,18.58,33.0,23.43,23.2,27.75,23.3,33.58,41.7,23.82,24.9,28.27,21.17,32.73,26.47
2022-05-24,38.72,21.73,52.24,38.9,57.09,33.74,56.93,29.87,33.54,37.51,31.43,33.73,34.41,28.3,25.98,34.31,18.77,33.13,23.13,23.45,27.29,23.4,35.39,43.33,24.16,24.68,28.95,20.9,34.66,26.05
2022-05-25,37.45,20.41,49.23,37.82,54.47,32.32,56.39,29.13,32.89,35.74,30.52,33.15,33.3,27.45,24.73,32.86,19.0,31.54,22.88,23.28,26.89,23.34,33.53,38.8,24.02,24.93,27.88,19.59,33.33,25.24
2022-05-26,35.13,22.41,46.26,35.41,50.5,30.24,52.95,27.61,31.49,33.71,29.44,30.94,29.94,25.43,23.17,30.8,18.8,30.19,21.61,22.01,25.52,23.85,31.95,36.53,22.8,22.61,27.5,19.7,30.57,23.56
2022-05-27,32.37,19.49,42.89,33.98,45.4,28.75,50.94,25.08,29.66,32.22,27.44,28.08,27.78,23.27,22.17,28.72,17.32,26.49,19.74,19.53,23.3,20.99,28.78,34.2,20.78,19.87,25.91,18.43,28.71,20.91
2022-05-31,34.77,21.95,46.0,35.45,48.13,30.63,53.15,26.86,31.89,33.32,30.24,30.49,29.58,25.49,23.47,30.55,19.15,27.91,21.47,20.64,24.36,22.61,30.9,42.32,22.27,22.18,28.08,19.4,30.19,22.75
2022-06-01,33.65,21.58,47.26,36.45,48.57,30.95,40.76,25.83,31.74,33.99,29.76,31.17,30.39,25.84,22.92,30.7,19.78,28.82,22.12,21.07,25.14,22.47,31.18,44.28,21.95,22.72,26.99,18.9,30.69,24.16
2022-06-02,31.57,23.45,44.51,33.4,45.69,29.1,38.96,24.52,30.65,32.15,28.54,29.12,28.06,23.73,22.66,28.7,19.19,26.33,20.54,20.0,23.72,22.43,29.34,42.99,22.09,21.99,25.95,18.61,29.21,22.19
2022-06-03,34.12,22.13,45.05,34.15,45.82,29.24,39.17,25.6,30.07,32.57,29.99,30.26,28.36,24.68,22.59,30.69,19.25,27.38,20.83,19.93,24.15,21.86,30.4,43.36,22.01,23.1,25.62,19.34,29.51,22.68
2022-06-06,33.69,22.94,43.08,33.85,45.99,30.47,39.11,25.83,29.88,32.45,28.89,29.9,28.04,24.36,22.48,30.39,19.04,27.77,20.69,20.18,23.62,22.06,30.52,43.48,22.17,22.29,25.24,19.29,29.25,22.63
2022-06-07,31.68,20.77,40.0,32.54,44.61,28.14,37.69,23.98,29.33,31.46,28.96,29.0,27.79,23.74,22.14,29.51,17.74,27.01,19.81,19.41,22.92,20.43,28.65,42.39,21.09,22.03,24.35,18.7,27.81,22.64
2022-06-08,31.42,20.16,38.99,33.07,45.12,28.59,37.41,24.92,29.33,31.78,27.9,30.23,28.31,24.0,22.46,30.63,17.86,27.94,20.2,20.05,23.32,21.35,28.21,42.09,21.6,22.53,23.8,19.19,27.93,22.59
2022-06-09,34.12,20.37,40.75,36.03,48.31,30.87,38.67,26.04,30.18,34.94,28.86,32.88,29.29,25.61,23.51,32.78,19.11,30.86,22.27,21.63,25.31,22.22,30.54,43.97,22.78,24.84,26.65,20.41,31.5,22.81
2022-06-10,36.38,21.27,43.19,37.45,51.61,33.36,41.82,28.07,31.76,36.86,32.1,36.55,32.45,28.82,24.62,33.57,20.24,34.52,22.99,22.86,28.72,23.42,33.25,45.85,23.83,25.24,28.06,21.32,33.1,23.88
2022-06-13,42.1,26.3,52.62,43.97,62.22,38.61,49.72,31.53,39.0,41.99,37.23,40.91,37.21,32.3,29.22,38.82,22.76,40.04,26.45,25.75,30.5,27.36,39.59,51.54,28.09,30.83,34.23,25.02,38.14,28.15
2022-06-14,39.51,25.52,50.01,42.97,60.25,37.03,48.21,29.67,37.44,40.65,36.8,39.57,36.22,31.15,27.88,36.7,22.89,38.16,27.63,25.93,29.89,25.77,36.33,49.13,28.9,29.13,33.45,24.72,35.57,27.07
2022-06-15,36.11,23.4,45.37,38.7,56.22,34.18,43.97,27.78,35.65,37.03,34.27,36.65,33.28,28.15,25.1,33.82,20.78,35.64,24.72,23.79,28.86,24.01,33.49,46.89,27.11,25.68,30.77,22.85,32.64,25.54
2022-06-16,39.83,26.0,50.06,43.7,58.82,38.72,47.95,30.05,41.2,39.8,37.6,39.32,35.52,31.95,29.57,37.65,22.44,37.97,27.0,25.8,30.44,25.2,37.32,51.68,28.02,29.43,32.62,25.3,37.02,26.94
2022-06-17,36.66,24.21,46.37,41.31,55.99,36.33,45.09,27.93,42.54,37.9,36.78,37.95,33.97,29.06,28.75,35.12,21.53,35.91,25.24,24.07,28.67,24.99,34.13,48.63,26.05,26.33,31.22,23.13,34.47,25.83
2022-06-21,35.19,22.71,44.9,38.57,53.35,34.49,43.15,26.13,38.98,36.85,36.43,36.35,33.33,27.98,30.42,33.86,20.78,33.85,26.66,22.68,26.64,23.39,33.4,47.54,26.21,25.41,30.28,22.0,32.78,24.56
2022-06-22,36.46,22.29,45.51,40.6,53.68,36.8,42.62,26.56,41.6,35.87,39.16,36.86,32.86,29.99,31.88,35.12,21.67,34.15,24.54,22.66,26.79,23.43,33.13,48.29,24.5,26.56,30.32,22.2,33.57,25.07
2022-06-23,35.09,21.6,46.15,40.84,53.97,40.17,41.34,27.1,43.48,35.88,40.12,37.57,32.49,29.47,31.12,35.1,20.25,35.67,24.08,22.79,27.3,22.83,32.78,48.28,25.24,26.18,30.51,22.31,32.92,24.2
2022-06-24,32.34,21.19,43.67,39.0,51.36,36.2,39.97,25.36,40.67,33.97,38.58,35.07,30.76,27.33,29.22,33.46,19.74,32.78,23.01,21.73,25.77,23.76,30.18,46.32,24.78,24.64,29.58,22.81,31.1,23.67
2022-06-27,35.67,22.35,47.91,39.75,54.11,37.43,41.92,26.14,40.05,35.75,39.72,35.58,30.81,29.06,29.33,36.59,20.09,33.37,23.2,22.95,27.93,24.81,32.37,51.67,25.94,24.93,29.46,22.54,33.93,23.1
2022-06-28,38.16,21.95,52.28,40.85,55.9,37.89,44.16,27.13,39.53,36.82,40.05,35.36,32.58,30.12,29.61,39.11,21.23,32.94,24.1,23.61,28.56,25.92,35.75,39.13,26.74,24.99,29.42,23.03,35.75,23.63
2022-06-29,38.51,22.11,53.43,42.16,56.13,40.14,43.65,27.32,41.52,37.4,39.96,35.55,32.47,31.47,30.44,40.84,20.83,32.95,24.48,24.54,29.53,26.39,34.83,39.25,26.02,25.96,30.1,21.94,35.95,24.17
2022-06-30,40.74,22.19,55.43,42.63,57.46,40.9,46.02,27.49,42.18,38.6,39.91,36.82,33.06,31.82,30.73,42.4,21.32,34.76,24.28,24.71,30.24,27.55,36.9,40.04,26.51,25.47,30.0,22.92,37.84,24.66
2022-07-01,37.95,21.02,52.36,40.65,55.95,41.08,44.48,26.68,39.95,37.01,39.55,35.77,31.7,30.43,30.46,43.18,20.71,33.49,23.5,23.54,30.13,26.65,33.63,38.24,25.74,23.93,28.23,21.53,36.01,23.92
2022-07-05,38.33,25.07,53.8,43.45,58.46,42.83,45.08,28.74,43.35,38.8,41.89,37.76,32.61,32.58,32.3,44.04,21.6,35.76,25.53,25.45,30.46,27.38,35.66,37.74,26.73,27.13,31.36,21.66,36.07,24.69
2022-07-06,37.37,26.15,52.95,41.71,57.55,42.68,44.09,28.19,43.53,38.89,40.47,37.25,31.62,31.18,32.29,43.05,21.02,35.72,27.06,24.97,29.86,26.52,34.94,36.97,26.01,26.4,29.76,21.13,34.51,24.19
2022-07-07,35.53,26.22,49.93,39.33,54.22,40.28,40.76,27.12,40.66,36.76,38.49,35.34,29.67,30.73,31.77,42.07,20.9,32.97,24.21,24.36,29.95,25.95,33.55,34.91,25.12,25.59,29.4,21.63,34.27,23.56
2022-07-08,33.99,24.84,48.48,38.3,53.65,38.24,39.83,26.34,39.39,36.9,36.89,34.9,29.05,30.44,30.79,41.86,20.34,32.42,22.84,23.39,29.5,25.16,32.1,33.84,24.04,22.84,28.05,21.2,33.26,22.62
2022-07-11,36.7,24.81,51.6,39.76,55.35,40.9,41.47,27.36,39.99,40.93,38.2,36.03,30.07,31.31,32.56,43.71,20.75,34.54,24.07,24.17,29.63,25.81,34.17,35.94,24.09,26.77,28.2,21.47,34.56,23.81
2022-07-12,37.54,26.65,52.84,41.74,56.31,41.04,44.11,28.09,41.31,42.27,40.56,37.26,31.58,32.68,34.49,45.37,22.19,35.56,24.7,25.01,31.25,26.19,37.15,36.6,26.26,28.63,28.98,22.48,35.61,24.34
2022-07-13,37.66,26.77,52.21,40.94,55.78,40.3,44.63,28.4,40.84,43.36,39.53,37.12,30.97,33.03,35.41,47.85,21.69,35.32,24.24,24.93,32.25,26.22,35.66,36.5,25.04,28.14,29.75,22.88,35.32,23.9
2022-07-14,37.37,26.1,51.03,41.28,55.96,40.32,44.74,29.65,40.93,42.97,39.32,37.8,31.41,31.74,33.65,47.3,20.73,32.56,24.31,24.67,31.7,25.6,35.39,35.86,24.99,30.68,29.7,22.3,36.26,24.8
2022-07-15,34.04,25.11,49.09,39.14,52.52,37.17,40.7,28.64,38.65,40.96,37.08,34.5,29.81,30.75,33.44,43.92,19.95,30.56,22.42,23.54,29.56,23.99,33.54,33.85,23.11,27.15,24.52,21.33,35.11,23.91
2022-07-18,36.56,27.63,49.57,39.39,53.29,37.29,41.74,32.74,39.46,42.57,35.81,31.55,31.61,30.42,33.75,44.51,21.79,30.68,23.54,24.26,31.35,25.65,34.97,34.58,24.4,27.61,25.38,22.12,34.8,27.76
2022-07-19,34.01,25.66,47.58,38.6,51.44,36.21,40.52,33.35,37.99,43.19,35.38,30.42,31.27,29.35,25.86,43.6,19.54,28.43,22.17,22.76,30.3,24.79,33.49,33.13,23.48,26.66,24.48,21.04,32.34,27.98
2022-07-20,32.51,26.82,46.0,36.02,49.71,35.02,39.53,34.85,38.19,40.2,34.33,29.27,30.93,29.14,24.06,43.25,19.35,28.46,22.86,22.12,29.83,26.02,33.24,32.55,23.85,26.13,25.31,22.78,33.47,28.55
2022-07-21,31.75,26.75,44.29,36.43,48.89,34.7,37.83,34.89,38.72,38.38,31.84,27.45,29.9,28.34,23.82,42.19,18.86,27.12,21.92,22.03,29.54,25.43,32.37,31.43,23.02,24.79,24.99,24.47,32.14,27.57
2022-07-22,32.5,27.68,45.46,32.6,48.19,35.43,39.2,34.57,38.13,38.43,31.71,27.61,30.47,27.5,22.85,44.05,18.87,27.02,21.51,21.63,27.7,25.35,33.13,32.17,22.65,23.1,24.42,22.7,33.21,27.51
2022-07-25,33.95,25.08,46.54,33.16,48.34,35.02,43.95,35.64,37.79,38.92,32.82,28.94,31.08,28.04,22.65,44.45,19.71,27.88,21.67,23.03,28.65,25.85,33.87,32.85,23.1,24.04,25.0,21.69,33.77,27.97
2022-07-26,35.41,25.31,50.76,33.68,48.67,36.17,47.55,36.57,38.71,40.91,33.53,29.79,33.12,28.92,22.98,44.74,19.8,29.28,19.52,20.33,25.04,25.87,36.78,34.95,23.67,23.08,25.09,21.39,34.4,30.13
2022-07-27,31.83,24.56,45.07,32.07,43.07,34.38,44.29,33.4,36.42,37.18,30.54,27.76,31.74,26.47,20.58,41.02,18.33,27.12,18.14,18.05,24.04,24.32,27.08,32.0,21.74,23.44,22.79,18.92,27.05,26.65
2022-07-28,30.6,23.49,45.69,30.74,42.43,33.08,43.79,33.09,34.78,36.89,30.53,26.41,30.75,21.79,19.86,42.51,17.66,26.02,17.91,17.18,23.17,21.05,25.9,31.28,21.72,24.36,22.6,18.45,25.71,26.3
2022-07-29,25.27,23.99,34.83,29.36,41.31,34.61,42.64,32.56,32.0,35.76,28.58,24.79,29.73,20.55,18.86,32.12,17.34,25.12,17.61,17.09,22.33,21.34,24.47,29.58,21.22,21.16,21.87,17.77,25.16,25.94
2022-08-01,27.01,25.45,36.1,30.72,42.48,37.45,44.05,33.41,33.08,37.48,30.63,26.8,31.32,21.76,19.75,32.8,18.18,26.94,18.17,17.86,22.7,22.23,25.79,31.82,21.06,23.85,23.45,18.52,26.63,27.0
2022-08-02,28.42,26.85,37.6,31.06,43.38,32.83,45.36,33.98,33.36,38.55,32.17,28.49,31.08,22.95,20.83,32.89,18.64,27.72,18.86,18.83,23.42,22.88,27.05,33.17,19.32,23.79,23.42,19.78,28.22,26.58
2022-08-03,26.37,24.21,35.62,28.54,40.6,30.34,45.38,32.78,32.97,37.23,31.28,26.76,29.88,21.12,19.61,30.51,17.2,26.48,18.01,18.18,21.6,21.89,25.15,31.14,18.61,23.14,20.97,19.4,26.56,26.97
2022-08-04,25.89,24.79,35.68,29.48,40.91,30.23,44.31,33.85,33.79,37.75,32.25,26.54,31.39,21.12,19.66,30.88,18.06,26.9,18.3,18.06,23.29,22.17,24.53,31.21,18.58,22.99,23.61,19.88,26.76,28.53
2022-08-05,25.04,24.34,34.38,28.52,39.15,28.74,43.54,33.02,31.94,38.04,30.4,25.33,30.32,20.35,17.96,30.27,16.89,25.42,17.31,17.24,21.97,21.61,23.56,29.72,17.73,21.45,22.29,18.31,25.34,27.14
2022-08-08,25.68,20.33,35.06,29.64,41.2,29.17,43.35,33.15,31.65,39.5,30.3,25.83,30.19,20.59,19.01,30.12,17.48,26.26,17.89,17.89,21.55,20.85,24.9,30.05,18.1,21.78,22.49,19.07,26.48,27.24
2022-08-09,26.56,19.67,35.95,29.04,41.87,29.55,45.81,33.64,31.57,41.36,29.56,25.9,31.49,21.11,20.8,29.85,16.29,26.07,17.45,17.47,23.34,23.43,25.56,31.42,18.5,22.05,23.25,19.27,27.34,27.24
2022-08-10,23.31,18.8,33.25,27.35,38.58,26.53,43.28,30.99,29.59,40.84,28.49,23.28,28.26,19.03,18.55,27.53,16.71,23.77,16.6,16.34,21.72,21.62,22.87,28.7,17.6,20.47,21.18,17.4,23.97,25.44
2022-08-11,23.81,20.02,33.57,27.46,38.53,27.81,44.5,31.27,29.22,29.03,28.27,24.48,29.96,19.94,18.49,28.26,18.74,24.3,17.41,16.77,21.45,23.84,23.17,30.18,17.66,21.21,23.41,17.41,24.46,25.83
2022-08-12,22.49,18.72,31.87,26.74,36.48,27.04,43.16,30.5,28.42,27.88,26.97,23.05,28.69,19.16,17.59,26.76,17.39,23.21,16.25,15.76,19.05,21.53,22.38,29.0,16.19,19.97,21.76,16.49,23.63,25.19
2022-08-15,22.79,17.81,32.94,27.38,36.4,26.43,43.79,30.22,29.91,29.25,27.82,23.13,30.36,19.12,18.19,28.02,17.52,23.94,16.85,16.0,21.11,22.9,21.94,29.67,17.39,21.03,22.3,17.37,24.13,27.1
2022-08-16,22.86,18.19,32.91,26.97,36.15,26.48,43.31,30.3,29.25,27.88,26.44,22.61,22.87,18.81,17.62,27.97,16.98,23.72,16.51,15.88,20.73,21.69,21.94,29.1,16.71,20.33,21.8,17.92,24.43,19.68
2022-08-17,24.82,19.45,33.75,27.57,37.56,27.14,43.75,31.62,29.52,28.83,27.26,23.54,23.35,19.54,18.01,29.19,16.75,24.66,16.92,16.17,21.81,21.84,23.12,29.73,17.48,20.92,22.21,18.15,24.87,19.64
2022-08-18,24.8,18.41,32.58,26.35,36.44,26.82,43.03,20.83,29.25,27.88,26.22,21.84,22.96,18.76,17.41,28.1,16.44,23.88,16.34,15.41,21.84,21.78,22.48,29.41,16.5,18.99,21.32,19.07,23.81,18.98
2022-08-19,25.43,18.91,33.99,27.64,37.61,27.2,45.03,20.46,30.14,28.23,26.98,23.29,23.01,19.14,18.09,28.95,15.83,25.19,16.54,15.32,22.05,21.74,23.79,30.24,17.26,20.21,21.28,18.4,24.51,19.39
2022-08-22,28.13,19.96,36.79,30.99,40.93,29.62,49.13,22.19,32.55,31.0,28.21,27.2,25.73,21.98,20.49,33.18,17.66,27.75,17.85,17.31,26.3,22.49,27.24,35.23,18.76,22.05,23.4,19.76,27.58,20.93
2022-08-23,28.01,20.56,37.89,30.57,40.28,29.71,49.3,22.33,32.12,31.03,27.73,26.79,26.52,21.71,20.27,32.21,17.87,27.55,17.56,17.5,26.69,22.06,27.29,38.03,18.91,22.08,22.92,19.84,27.31,20.61
2022-08-24,27.22,20.45,37.39,30.27,39.35,29.28,48.47,22.1,31.87,29.96,29.19,26.41,25.39,21.47,20.24,31.34,15.82,26.88,17.02,16.95,26.12,21.96,26.18,35.51,18.72,20.7,22.44,19.28,26.31,20.01
2022-08-25,25.56,19.94,35.11,29.14,38.04,27.77,35.92,22.3,30.43,28.87,28.31,25.09,24.52,20.24,19.15,28.93,17.06,25.81,16.62,16.2,25.47,21.58,25.34,35.45,18.27,20.94,22.69,18.64,24.77,19.15
2022-08-26,30.07,21.04,39.51,31.35,40.74,31.33,39.95,24.4,32.06,31.51,29.83,28.08,27.17,23.58,21.5,33.11,18.29,29.27,18.95,17.48,43.53,22.86,28.99,36.47,20.13,22.64,24.64,19.83,28.21,21.25
2022-08-29,31.38,21.34,39.19,32.54,42.14,31.87,40.71,25.22,32.83,32.65,31.13,29.05,27.79,24.21,21.95,33.61,19.09,29.27,19.31,18.46,40.51,24.46,30.44,40.82,20.92,23.6,24.05,20.03,28.41,21.88
2022-08-30,31.19,21.35,40.19,32.28,44.52,32.81,41.25,25.59,34.71,33.32,33.32,28.81,28.61,25.1,22.39,35.58,19.37,29.72,19.62,19.62,38.63,23.91,30.69,41.87,21.75,24.5,25.56,21.51,28.75,22.28
2022-08-31,31.1,22.62,40.6,32.47,43.51,32.41,41.37,25.7,36.21,33.27,31.92,29.45,28.85,24.91,22.56,35.17,19.55,29.75,19.87,19.42,33.68,23.93,30.44,42.49,21.95,24.68,24.64,22.71,28.73,22.63
2022-09-01,30.83,21.18,40.07,33.18,45.73,32.88,41.73,25.49,36.74,33.04,33.18,29.61,28.2,24.25,22.32,35.44,19.27,29.94,19.19,18.89,28.97,23.54,30.78,42.85,21.64,24.39,25.47,21.58,27.83,22.37
2022-09-02,31.34,23.18,40.09,34.13,43.64,32.94,41.16,25.89,35.65,32.76,33.67,29.95,28.17,25.11,22.6,36.2,19.77,29.9,19.66,19.45,31.04,23.54,30.83,42.28,21.95,23.77,25.97,22.0,28.07,22.45
2022-09-06,33.07,23.8,42.07,35.39,44.77,33.42,42.33,27.47,36.12,34.56,34.82,31.42,29.2,26.11,23.27,38.14,20.62,31.46,20.21,19.93,33.58,23.54,32.18,43.83,23.42,26.61,25.53,24.35,28.84,23.95
2022-09-07,30.56,21.1,39.24,33.25,41.85,32.43,39.95,26.01,35.03,31.96,33.39,29.27,27.06,24.3,21.39,35.34,19.42,29.8,18.96,18.91,32.17,22.53,28.87,42.0,21.49,23.21,24.51,23.91,27.24,22.49
2022-09-08,29.95,21.23,38.32,31.49,41.5,31.24,38.36,25.04,33.58,31.55,33.16,28.28,25.85,24.72,20.54,33.55,18.07,29.48,18.84,18.04,32.72,21.52,29.13,42.03,21.34,22.19,24.84,23.47,26.32,21.73
2022-09-09,27.24,21.74,35.35,29.94,39.02,29.78,36.71,23.76,31.23,30.26,30.68,26.23,25.21,22.81,19.5,31.57,17.77,28.14,17.96,17.77,29.92,21.01,26.83,41.38,19.83,21.28,24.3,21.61,24.96,20.76
2022-09-12,28.03,23.46,36.33,30.78,39.7,29.88,37.62,23.68,31.99,30.62,29.24,26.98,26.44,23.06,20.18,33.45,17.92,29.31,18.22,18.16,29.94,21.25,27.5,41.68,20.49,21.94,27.02,21.45,25.21,21.01
2022-09-13,33.64,26.72,41.57,34.28,44.8,32.64,40.71,26.98,33.77,33.4,34.08,30.81,30.38,26.33,22.82,38.73,20.33,33.25,21.07,20.01,31.96,22.44,31.57,44.26,22.81,24.35,29.26,24.11,27.99,23.07
2022-09-14,32.3,24.35,40.58,34.04,43.02,32.9,40.07,25.05,32.85,33.23,36.03,30.67,29.72,27.49,22.31,36.99,19.28,33.12,20.19,19.67,32.95,21.28,31.7,43.99,21.51,25.76,29.31,24.05,27.65,22.89
2022-09-15,33.46,24.3,40.98,34.36,44.45,33.16,41.85,26.61,34.06,34.07,35.32,30.27,30.18,27.87,23.28,38.27,19.5,32.87,21.52,19.92,31.83,23.02,31.82,44.84,22.79,25.6,28.06,23.7,29.23,23.2
2022-09-16,35.08,23.74,42.53,35.5,46.03,35.3,42.48,26.63,34.67,35.54,36.53,31.89,29.52,28.2,24.11,37.54,18.87,33.92,20.93,20.83,31.34,22.91,31.5,45.84,23.36,27.0,27.54,24.28,29.56,23.35
2022-09-19,33.31,24.07,41.0,35.92,45.27,34.13,42.14,26.12,34.18,34.29,36.07,32.37,29.11,27.04,27.67,38.14,19.28,32.52,20.77,19.94,30.13,23.09,31.67,44.8,24.21,25.57,27.84,25.14,28.67,22.66
2022-09-20,34.2,25.35,42.93,36.82,45.27,36.91,44.1,26.86,34.51,35.58,37.84,34.11,31.41,28.79,30.18,38.76,20.24,34.48,21.6,20.86,32.03,23.52,33.19,47.92,25.59,27.02,28.97,27.02,29.76,23.47
2022-09-21,36.39,25.68,43.73,39.39,46.75,37.95,43.83,28.1,34.66,36.73,39.62,34.88,31.23,29.41,31.75,40.09,21.21,35.51,22.67,21.94,32.49,23.82,34.47,47.31,27.17,27.56,28.92,29.01,30.76,23.97
2022-09-22,35.99,24.94,43.67,40.54,47.34,38.37,42.26,27.71,34.35,37.02,38.64,36.61,31.86,29.88,31.92,40.42,21.27,35.31,22.73,22.54,33.07,23.72,32.88,47.84,26.81,27.61,29.36,28.27,30.97,24.72
2022-09-23,37.53,26.68,46.24,41.81,51.29,40.39,43.7,29.38,40.59,39.13,39.57,39.83,33.25,31.56,33.77,43.26,22.31,37.72,24.69,23.96,34.73,26.04,35.37,49.16,28.14,29.26,31.09,29.11,33.12,26.69
2022-09-26,40.58,27.49,50.88,45.03,55.3,43.79,46.23,30.57,43.09,40.28,42.47,42.33,36.12,33.28,36.08,47.6,23.66,40.67,26.75,26.26,37.53,27.57,38.12,52.02,29.22,32.05,33.03,30.74,37.07,27.98
2022-09-27,40.73,28.43,52.45,44.69,55.0,44.55,45.79,30.96,40.88,41.94,42.07,42.6,36.06,34.1,37.08,49.26,24.3,40.89,27.54,28.63,38.3,28.6,39.43,51.54,31.45,31.69,33.46,31.29,37.85,28.68
2022-09-28,40.3,26.28,51.02,42.13,52.44,43.18,44.28,29.39,38.82,38.32,39.52,39.66,33.44,31.92,35.25,48.46,22.88,38.72,25.82,27.19,37.12,28.04,37.97,50.06,30.0,31.2,31.04,28.93,37.45,26.84
2022-09-29,44.21,27.83,53.49,43.16,56.33,43.14,46.34,30.79,39.27,40.43,42.14,40.96,34.88,34.18,36.18,51.72,24.15,40.21,27.29,27.84,37.82,28.29,39.61,52.36,31.73,30.58,29.71,30.29,36.93,27.83
2022-09-30,44.79,27.74,53.09,42.83,55.89,43.23,45.38,30.7,39.41,41.0,41.51,40.62,34.58,33.87,36.85,51.14,24.45,39.8,27.38,27.96,37.81,28.21,40.61,41.37,30.95,30.21,31.26,29.8,37.09,27.76
2022-10-03,41.3,27.93,51.28,41.46,53.15,42.59,43.58,29.21,38.15,38.93,40.05,38.91,32.62,31.9,35.63,50.8,23.56,37.59,26.02,26.56,36.46,28.0,37.1,38.43,29.06,29.09,31.18,28.19,35.99,26.17
2022-10-04,38.54,26.88,48.86,39.44,50.8,39.07,42.32,28.34,36.68,37.39,37.76,37.1,31.59,30.72,33.79,48.85,22.28,35.38,25.5,26.36,34.25,26.3,35.09,36.89,27.33,28.89,30.16,27.52,34.73,25.46
2022-10-05,36.87,27.18,49.81,40.62,50.86,39.52,42.65,28.83,36.57,37.93,38.13,38.39,31.54,30.74,33.73,50.52,23.64,37.39,25.76,26.05,34.61,26.1,37.06,36.94,26.96,28.5,31.21,29.08,35.67,25.63
2022-10-06,40.82,27.92,51.14,42.0,53.38,39.98,43.22,29.31,37.27,39.56,39.8,39.99,31.98,32.43,36.38,52.93,23.81,38.79,27.32,27.97,38.48,26.83,37.77,38.61,29.67,28.74,30.84,31.37,36.35,26.43
2022-10-07,42.8,28.66,53.39,42.58,54.41,40.59,44.6,30.85,38.02,41.28,40.78,40.71,33.13,33.41,37.58,55.16,24.53,39.9,27.59,27.27,39.94,27.41,39.6,39.09,31.15,29.51,32.49,32.12,37.23,27.47
2022-10-10,44.06,29.61,55.16,44.38,57.5,42.61,46.97,32.87,39.84,45.92,41.43,42.44,34.58,34.66,38.81,58.09,24.59,41.39,28.19,27.09,40.32,27.46,42.29,40.6,32.09,30.2,32.86,32.66,39.14,27.74
2022-10-11,44.27,28.94,56.08,45.52,60.05,43.25,48.16,33.84,40.72,48.12,43.54,43.6,35.03,34.93,40.08,58.5,24.23,43.6,28.65,28.1,40.52,28.68,43.21,41.32,31.89,31.49,32.46,34.15,39.86,28.24
2022-10-12,45.03,28.4,56.2,46.95,59.92,42.52,49.53,33.36,40.32,49.2,44.14,44.1,36.19,35.54,40.36,58.98,24.82,44.33,28.73,29.37,41.42,28.71,42.97,41.01,32.71,32.61,34.17,35.79,40.34,29.29
2022-10-13,42.47,28.15,56.1,45.06,58.25,42.02,47.04,32.91,39.41,47.96,41.55,42.78,35.62,33.86,38.26,56.83,23.54,41.13,27.7,28.63,38.65,26.85,40.76,39.79,30.86,31.36,33.24,33.92,38.36,29.29
2022-10-14,43.9,28.0,57.57,45.14,57.99,42.84,47.17,34.43,40.45,47.9,41.04,41.57,36.08,34.26,38.73,57.7,24.53,37.41,27.84,28.58,39.72,26.99,41.3,39.82,30.95,32.59,28.12,33.36,38.87,29.59
2022-10-17,42.03,28.35,54.55,42.49,57.05,40.65,44.95,36.81,40.56,46.81,40.54,39.15,35.74,32.48,38.2,54.88,22.56,35.47,26.96,27.69,40.42,27.02,40.37,38.93,30.53,32.13,28.22,31.78,38.05,30.66
2022-10-18,41.31,27.65,53.45,41.75,55.0,39.53,44.65,38.02,38.79,46.33,39.15,35.74,35.57,31.72,37.08,55.13,21.11,34.74,26.1,26.48,39.11,26.04,40.21,38.14,28.73,30.05,27.67,32.28,37.0,30.85
2022-10-19,41.28,27.44,54.81,41.99,54.29,39.45,44.94,39.09,38.74,44.76,41.15,35.28,37.95,31.86,37.55,54.76,20.75,34.88,26.26,26.16,40.13,26.29,39.94,38.2,24.27,25.96,27.81,32.28,36.66,31.42
2022-10-20,40.1,27.54,53.28,42.23,52.81,39.81,44.82,39.64,38.38,44.31,37.77,34.96,37.25,31.75,26.59,53.89,20.2,34.06,26.6,25.41,40.14,25.85,39.77,39.09,24.35,26.85,26.75,32.18,36.26,31.04
2022-10-21,39.0,27.22,51.38,38.09,51.82,38.86,43.53,38.68,37.41,43.24,36.0,33.64,35.29,30.72,25.28,54.74,19.67,33.63,25.86,24.38,37.45,25.4,38.8,36.8,23.6,26.03,26.27,27.36,35.52,30.08
2022-10-24,39.02,27.16,51.94,37.14,51.1,38.86,43.96,38.37,36.86,44.42,36.22,33.07,35.64,30.85,24.68,52.67,19.6,32.97,26.0,24.85,36.96,26.61,39.61,38.05,23.39,25.71,25.25,26.55,35.9,30.4
2022-10-25,37.36,28.19,50.32,36.25,48.58,37.37,42.08,36.82,35.03,42.84,32.88,30.76,34.43,29.5,23.55,51.96,19.5,31.14,21.67,24.39,32.63,26.07,37.62,36.47,22.27,26.09,25.15,25.44,35.26,29.38
2022-10-26,38.28,27.51,52.28,35.28,47.87,36.77,42.46,35.69,34.43,42.64,32.89,29.63,33.89,28.92,23.06,53.21,18.99,30.01,21.16,23.78,29.55,25.98,32.47,35.92,22.18,24.68,24.45,24.75,28.7,28.71
2022-10-27,42.27,27.15,60.86,34.67,45.48,32.88,42.5,35.72,34.13,42.18,33.13,29.14,33.86,26.0,23.47,59.05,19.07,29.36,21.09,20.5,29.21,22.92,34.72,36.58,22.12,24.26,24.74,25.03,28.59,29.02
2022-10-28,31.32,27.16,42.21,33.06,44.16,31.51,41.28,34.0,30.95,41.37,32.47,28.08,32.66,24.99,22.34,38.36,18.39,28.18,19.91,20.18,26.84,22.86,31.48,34.74,20.94,23.04,24.31,23.6,26.96,27.91
2022-10-31,32.28,26.88,41.46,34.02,45.43,32.2,44.65,34.3,31.66,41.34,32.91,28.98,33.87,25.79,22.63,39.11,18.22,28.72,20.99,20.31,28.0,22.66,33.13,35.68,21.43,24.02,24.39,24.47,27.57,28.0
2022-11-01,32.62,26.9,43.62,33.85,44.71,31.29,45.49,34.06,31.29,41.32,33.47,29.13,33.95,25.02,21.91,38.27,18.65,28.35,21.09,20.62,27.08,22.63,32.99,36.01,21.36,24.34,25.23,24.39,27.59,27.22
2022-11-02,33.69,27.25,44.29,33.69,42.13,31.67,49.42,34.36,31.59,42.28,34.13,29.52,34.21,25.17,22.25,38.48,19.54,28.79,21.54,20.74,27.41,22.5,35.69,36.09,21.89,24.01,25.14,23.69,27.79,27.09
2022-11-03,34.93,27.57,44.57,34.02,42.68,32.01,48.3,35.61,30.2,42.94,34.4,29.18,35.81,25.01,22.79,38.08,19.15,28.88,21.22,20.82,27.06,22.33,33.43,36.26,22.55,23.42,24.26,24.37,29.04,27.56
2022-11-04,35.7,24.24,43.23,33.52,41.95,32.06,49.93,35.6,29.41,44.16,33.04,27.98,35.21,24.24,21.81,36.58,18.74,27.65,20.81,20.05,26.05,21.59,31.95,36.76,21.06,22.98,24.75,23.23,28.49,27.66
2022-11-07,35.73,24.62,43.78,34.06,42.84,33.34,50.04,34.92,29.85,46.02,33.26,28.1,34.89,24.44,22.06,37.13,18.09,28.26,20.75,20.11,27.19,22.39,32.36,37.44,21.6,23.46,24.7,23.57,28.01,27.64
2022-11-08,35.84,26.07,44.43,33.8,43.24,33.73,49.71,34.53,30.44,48.31,33.62,28.33,35.39,24.92,22.31,37.97,17.75,28.51,20.84,19.61,26.02,22.11,32.73,37.5,21.83,22.9,24.77,23.14,28.16,27.84
2022-11-09,37.68,25.19,46.43,34.98,44.34,34.31,51.87,36.01,32.7,37.06,35.27,29.02,36.94,25.65,23.23,39.34,18.48,29.54,21.21,20.25,26.21,22.35,34.15,37.85,21.86,24.16,23.33,24.04,30.55,29.44
2022-11-10,32.16,23.81,42.96,32.7,42.78,31.72,47.54,32.85,30.65,34.64,31.44,26.85,34.04,24.22,21.85,35.27,16.64,26.52,19.39,19.38,23.79,21.83,30.64,35.22,19.98,22.69,24.33,22.02,27.96,27.65
2022-11-11,31.13,23.72,41.69,32.67,41.39,31.28,48.52,34.46,28.63,32.88,31.68,25.93,32.62,23.64,21.23,35.64,18.22,25.92,18.05,18.35,23.7,22.34,29.72,35.2,18.94,22.16,26.76,21.72,26.75,27.64
2022-11-14,32.35,23.84,44.43,33.27,42.23,31.91,49.61,33.2,29.25,34.65,32.37,27.25,38.47,24.26,22.39,37.38,17.78,27.12,19.26,18.63,24.49,22.83,31.81,36.24,20.64,23.09,25.1,22.8,27.43,31.97
2022-11-15,32.55,24.02,44.47,33.46,41.95,31.96,51.62,34.02,29.39,34.58,33.16,27.57,29.52,24.44,22.7,37.7,17.86,26.97,19.07,19.17,24.53,23.14,31.3,36.11,20.85,23.82,26.03,24.16,27.73,21.23
2022-11-16,32.64,23.71,45.41,33.62,42.31,31.71,53.02,35.44,30.02,35.2,33.04,27.73,30.43,24.87,22.05,38.41,17.31,27.0,18.61,18.73,26.21,22.63,31.44,35.93,20.61,22.61,24.36,23.54,27.92,21.29
2022-11-17,31.82,23.79,45.11,33.27,41.22,31.15,53.7,25.19,30.08,35.22,32.54,27.92,30.47,23.72,21.65,37.2,17.12,26.65,18.7,18.75,26.29,22.75,30.82,37.06,20.4,21.73,24.0,22.64,27.59,20.64
2022-11-18,31.13,22.67,43.85,31.76,40.31,30.31,52.27,23.67,29.4,33.55,31.58,26.72,29.24,23.65,21.2,36.47,16.1,25.96,17.26,18.01,25.0,22.57,30.04,37.7,19.02,20.88,23.56,21.91,26.75,19.31
2022-11-21,31.74,23.85,43.83,31.65,40.03,30.35,51.61,23.16,30.39,34.22,32.15,26.07,28.87,22.71,20.54,36.86,16.07,25.79,16.84,17.43,24.66,22.14,29.55,43.57,18.49,20.7,24.64,22.05,26.95,19.16
2022-11-22,29.64,24.16,42.15,29.78,38.42,28.44,49.13,22.32,28.42,33.19,30.1,24.73,27.09,21.18,19.95,33.3,15.38,24.06,15.71,16.55,22.75,20.9,28.1,44.1,17.46,19.71,22.35,20.62,25.09,18.07
2022-11-23,29.16,24.56,40.9,28.41,36.85,28.56,48.69,21.47,27.65,31.91,29.13,23.7,26.98,21.12,19.72,32.57,14.4,22.69,15.44,16.01,22.5,20.73,27.91,45.59,16.95,19.34,22.22,20.82,23.97,17.47
2022-11-25,30.45,23.66,41.81,28.19,37.66,28.17,48.85,21.97,27.36,32.43,28.43,23.13,26.67,20.96,20.07,32.67,14.75,22.77,15.12,15.78,22.73,20.99,27.15,45.91,16.34,19.19,22.03,20.29,23.9,17.66
2022-11-28,32.56,23.44,42.76,30.33,38.86,29.95,50.49,23.14,29.81,33.87,30.71,25.06,29.21,23.21,21.56,34.73,15.54,25.2,16.12,17.11,25.68,21.79,29.96,46.65,17.6,21.16,23.84,21.98,26.03,18.83
2022-11-29,33.44,25.02,42.95,29.62,38.59,29.39,51.64,22.51,28.88,33.3,30.21,24.84,28.46,21.83,20.49,33.95,15.8,24.35,16.5,17.06,24.22,21.25,30.56,45.96,18.18,20.53,22.65,20.9,25.21,18.55
2022-11-30,29.48,26.0,39.23,27.82,37.22,27.83,49.69,21.27,26.75,30.57,28.44,23.35,26.41,20.62,19.5,32.51,14.69,22.99,15.21,16.58,24.14,19.65,27.0,44.63,16.47,19.99,20.24,20.21,23.06,17.83
2022-12-01,29.26,23.24,39.09,28.58,37.65,27.69,38.39,21.31,26.91,30.95,28.59,24.4,26.04,20.74,19.18,33.36,14.84,23.47,15.59,15.91,24.47,20.1,26.91,44.67,16.19,20.26,21.43,20.53,23.99,17.18
2022-12-02,28.18,22.79,37.76,25.79,37.13,27.33,36.89,20.83,26.36,30.24,27.34,22.53,25.29,19.61,18.65,31.6,13.84,22.75,14.91,15.79,24.04,19.78,25.61,44.17,15.89,19.01,20.86,20.74,22.21,16.92
2022-12-05,30.34,21.85,40.45,29.45,39.36,28.29,40.45,22.12,28.3,32.62,28.99,24.62,27.7,21.14,20.01,34.88,14.6,25.71,15.99,17.09,24.77,21.11,28.31,45.64,17.47,21.26,21.7,22.16,24.6,18.26
2022-12-06,32.68,21.79,42.55,30.83,41.76,31.1,41.75,24.27,30.37,34.27,30.22,26.37,29.2,23.03,21.11,35.11,16.79,27.41,16.89,17.94,25.7,21.83,30.29,46.44,17.97,22.12,22.14,22.75,26.37,18.98
2022-12-07,33.72,20.73,43.35,31.31,40.73,29.36,42.28,24.84,30.76,34.72,30.76,26.73,28.92,23.3,21.57,36.09,16.54,28.46,17.21,18.41,26.14,22.47,30.9,46.78,18.13,22.8,21.41,22.55,27.32,19.16
2022-12-08,32.58,21.23,41.68,30.13,40.76,29.28,41.51,23.84,30.57,33.31,30.01,25.93,28.18,22.82,20.67,35.63,16.14,27.37,16.69,17.73,27.04,22.62,29.58,46.11,17.6,21.99,21.71,22.75,26.21,19.01
2022-12-09,32.98,22.79,42.27,30.01,41.36,29.27,41.2,23.91,31.57,33.57,30.54,25.91,27.86,23.09,20.55,35.54,16.38,28.44,17.32,17.42,26.98,22.83,29.42,46.36,17.7,22.54,22.41,22.17,26.06,19.55
2022-12-12,34.31,23.77,44.22,31.6,41.79,29.64,41.97,24.64,31.4,34.91,31.08,27.22,28.97,23.69,21.32,36.79,16.35,29.94,17.33,18.05,26.86,23.72,31.75,46.93,18.53,23.76,22.52,23.71,27.23,19.3
2022-12-13,32.06,23.23,41.3,29.23,40.24,28.2,39.26,23.16,29.08,32.9,28.86,25.74,27.72,22.13,20.26,35.31,15.46,28.52,16.61,16.91,25.25,20.99,29.12,43.9,17.28,22.46,25.18,22.12,25.63,18.74
2022-12-14,31.82,21.57,39.6,29.37,38.7,27.3,38.15,22.84,29.17,32.14,28.66,25.1,27.03,21.18,19.69,34.87,15.12,28.23,16.09,16.27,24.52,20.07,27.44,42.53,17.19,22.58,24.08,22.55,24.7,18.0
2022-12-15,34.98,22.92,42.35,30.22,38.55,29.15,39.37,24.21,29.87,33.79,29.86,27.4,28.17,22.68,22.9,36.05,15.76,29.67,16.88,17.07,26.52,20.77,30.17,43.53,18.08,23.24,24.64,23.48,26.3,18.81
2022-12-16,34.77,22.02,40.49,30.93,38.37,28.96,38.65,23.63,30.04,33.4,29.5,27.54,28.73,22.73,21.91,35.2,16.01,29.14,17.05,17.59,26.03,21.02,30.2,44.12,18.09,21.79,24.05,24.06,25.27,18.88
2022-12-19,34.37,21.56,42.56,31.52,37.04,29.76,37.88,23.67,28.85,35.76,29.06,28.98,28.61,22.3,21.75,35.29,15.56,28.59,16.86,17.12,25.9,20.61,29.63,46.23,19.5,21.39,25.1,23.92,25.51,18.54
2022-12-20,34.02,21.59,41.85,30.57,36.36,28.88,37.97,22.41,28.51,34.8,28.61,29.01,28.07,21.81,21.3,35.62,16.11,27.81,16.42,17.08,25.28,19.95,29.71,45.47,19.68,20.55,24.65,23.8,24.62,18.23
2022-12-21,31.99,20.61,39.63,28.83,35.22,26.99,35.99,21.67,27.24,33.15,27.2,27.91,26.36,20.4,20.72,34.05,14.92,26.78,15.61,16.16,24.47,19.31,28.07,28.62,18.55,19.01,23.55,22.54,23.32,17.26
2022-12-22,34.87,21.34,42.31,31.53,38.99,29.77,38.35,23.01,29.83,35.43,28.95,30.18,28.14,22.75,23.05,38.04,17.49,28.62,17.16,18.24,26.43,20.33,30.57,31.01,19.68,21.0,24.56,23.36,26.07,19.15
2022-12-23,34.4,21.14,41.35,30.54,37.29,28.34,37.18,22.13,27.66,34.51,27.6,29.38,27.01,21.61,23.02,37.76,15.79,27.57,16.05,17.8,26.98,19.47,30.94,29.89,19.06,19.76,23.15,23.19,25.62,18.17
2022-12-27,37.38,22.19,44.18,34.05,41.48,31.03,40.0,23.45,29.6,36.27,31.0,30.88,28.14,23.68,28.02,43.55,17.81,28.24,17.03,20.96,29.4,20.52,34.39,31.28,19.6,21.07,24.88,25.79,29.38,19.32
2022-12-28,41.28,22.72,44.9,34.89,42.14,31.9,39.91,24.16,30.75,37.53,33.15,31.35,28.95,23.97,30.32,45.63,18.13,29.63,17.64,20.94,30.43,20.6,35.84,32.37,20.77,22.49,24.83,27.54,30.8,20.43
2022-12-29,37.47,22.12,44.02,34.32,41.58,31.42,38.24,23.45,30.26,36.23,32.27,29.98,27.62,22.88,29.62,44.29,17.79,28.83,17.21,21.1,29.78,20.94,34.02,30.95,20.42,21.99,25.24,27.31,29.97,19.99
2022-12-30,37.55,22.29,45.8,33.62,40.58,32.02,38.42,23.29,30.31,36.25,32.27,30.92,28.87,25.03,30.21,45.44,18.85,29.02,17.37,21.55,30.13,21.22,34.56,30.83,20.73,22.51,22.94,26.5,30.46,19.92
2023-01-03,42.94,24.05,52.39,36.01,43.85,35.05,39.78,23.67,33.02,36.52,33.12,31.86,29.46,26.69,30.73,46.51,18.63,30.35,18.78,22.09,31.63,23.45,36.6,32.61,21.43,23.67,27.1,26.77,31.47,20.04
2023-01-04,40.54,24.16,53.53,35.1,42.26,34.3,39.42,24.45,32.73,36.54,32.01,31.11,28.3,27.38,30.33,46.47,17.61,29.81,18.06,21.58,30.66,23.03,37.84,31.61,20.71,22.36,27.77,26.21,31.09,19.37
2023-01-05,41.25,24.01,54.64,35.94,41.49,34.72,40.8,25.01,31.81,37.1,32.58,31.84,29.23,27.77,30.68,47.75,18.42,30.42,19.16,21.75,31.31,23.23,38.7,32.34,21.26,22.02,27.86,26.47,31.7,19.81
2023-01-06,37.78,23.4,52.74,33.94,40.28,32.65,38.15,22.76,30.13,36.43,31.17,29.74,27.92,25.71,29.51,46.28,16.94,28.14,17.54,20.29,30.0,22.47,35.96,30.25,19.74,20.38,26.7,26.04,29.12,18.34
2023-01-09,38.07,24.85,53.96,34.79,40.89,33.76,38.23,23.16,30.46,39.97,30.71,30.01,28.05,25.95,31.42,47.83,18.73,28.81,19.05,21.14,30.77,24.8,35.94,30.43,20.37,23.15,26.36,26.89,29.49,19.34
2023-01-10,37.63,24.17,53.03,33.91,40.38,33.24,37.5,22.87,29.91,40.98,30.37,29.03,27.26,25.68,30.22,47.52,18.67,28.27,19.46,20.51,30.33,23.5,35.0,29.58,20.21,21.97,27.48,25.9,29.04,18.82
2023-01-11,36.93,24.47,55.07,34.45,39.93,33.4,38.47,22.7,29.86,41.99,29.98,29.15,27.07,25.59,31.19,47.49,18.86,27.51,19.59,20.45,30.64,23.19,34.72,29.78,21.25,22.45,25.75,27.13,29.53,18.48
2023-01-12,35.18,24.58,51.5,32.85,38.62,31.96,35.62,21.42,28.57,41.41,28.86,27.31,25.49,24.0,29.96,45.85,18.15,25.54,18.21,20.39,29.1,22.25,32.97,27.46,20.81,21.75,24.13,25.18,27.86,18.17
2023-01-13,33.47,22.83,50.56,30.98,36.94,30.64,34.33,21.99,27.07,38.7,28.09,23.7,24.23,23.56,28.71,43.65,17.8,20.05,17.14,19.0,28.11,21.24,31.77,25.08,19.55,20.9,22.01,24.63,26.8,16.82
2023-01-17,34.17,24.17,51.37,30.77,37.04,31.29,35.47,28.26,28.62,40.11,29.0,25.27,25.32,24.58,28.56,44.82,18.54,21.46,19.26,19.31,29.76,21.87,32.46,26.1,20.12,23.89,22.68,26.75,26.67,17.93
2023-01-18,34.39,25.54,50.83,32.63,36.42,32.38,35.05,29.78,29.38,39.96,28.36,24.24,25.51,25.87,29.66,45.52,19.33,22.97,21.2,21.25,31.69,22.35,33.1,26.75,22.4,24.5,23.42,27.95,27.64,19.01
2023-01-19,35.24,25.47,51.29,33.01,37.78,34.07,35.75,29.99,29.38,40.97,29.45,24.62,28.49,26.1,30.37,45.73,19.11,23.55,20.93,21.75,32.93,22.59,34.41,27.58,19.05,23.42,23.47,28.0,27.77,20.04
2023-01-20,32.7,24.58,48.82,31.6,35.78,32.38,35.1,28.92,27.93,38.18,28.03,25.45,26.82,25.16,28.95,46.13,19.01,22.24,19.65,20.09,31.12,21.9,31.18,25.53,18.21,22.3,22.91,27.33,26.15,19.31
2023-01-23,31.32,24.6,48.85,31.32,35.51,31.86,36.97,30.58,27.16,37.52,28.44,24.03,28.63,24.74,28.4,44.28,18.66,22.03,19.08,20.38,30.83,21.51,31.7,25.54,17.94,23.24,23.37,27.86,26.16,21.86
2023-01-24,32.14,24.04,49.63,29.79,34.5,31.38,36.74,28.62,26.61,36.51,27.09,23.92,28.58,24.23,28.89,45.31,15.93,21.61,18.32,20.55,26.46,21.88,31.58,25.55,17.12,18.06,23.08,21.64,25.76,23.21
2023-01-25,32.44,24.75,48.62,29.95,30.68,31.84,36.96,28.76,26.85,36.73,27.46,23.67,29.25,24.6,28.05,44.59,15.43,21.17,18.57,19.95,26.16,21.33,26.2,25.76,17.55,19.38,23.14,21.82,26.53,25.18
2023-01-26,30.73,24.52,47.38,29.33,30.0,31.16,36.39,27.69,25.51,35.66,24.23,22.43,29.71,24.13,20.36,43.54,15.77,20.32,18.36,19.91,24.76,21.53,25.14,25.5,17.2,18.82,22.7,20.4,23.84,24.66
2023-01-27,31.89,25.25,47.83,24.55,30.09,30.53,37.49,27.97,24.94,35.23,24.29,22.24,29.17,24.29,19.1,30.94,15.42,19.72,18.16,20.02,24.18,21.62,24.54,25.26,16.93,19.11,24.29,20.17,19.15,24.58
2023-01-30,34.73,25.98,50.12,26.47,31.84,32.79,41.67,29.39,26.63,36.72,26.98,24.58,30.64,25.66,19.04,33.18,19.01,22.27,19.0,21.72,27.67,22.53,26.44,27.58,17.81,20.13,24.11,21.3,22.03,25.58
2023-01-31,32.26,25.07,49.02,25.5,30.38,27.01,41.58,28.55,25.8,35.99,25.89,23.55,29.58,24.61,18.71,32.62,16.5,21.01,18.48,18.54,25.71,22.2,25.43,26.71,17.22,19.01,21.84,20.4,20.72,25.03
2023-02-01,30.75,20.21,43.05,24.26,29.6,26.01,41.19,28.73,25.68,35.25,24.75,22.62,28.88,24.95,17.13,31.0,15.31,20.21,27.42,16.88,24.23,22.31,24.08,25.2,16.09,20.53,22.61,19.65,19.4,24.36
2023-02-02,32.37,20.29,55.03,24.39,31.46,26.21,41.43,28.31,27.06,36.62,25.27,22.47,28.72,21.52,17.62,32.86,16.31,20.64,19.06,17.5,25.45,22.43,26.08,25.68,16.94,21.94,25.88,20.48,19.79,24.74
2023-02-03,27.82,20.38,37.03,24.22,31.57,25.56,41.8,28.34,26.6,36.83,24.68,22.35,29.8,21.75,17.13,33.21,15.7,20.48,19.33,16.92,24.89,21.13,27.28,26.06,16.54,21.13,23.88,20.37,19.31,25.25
2023-02-06,28.55,20.65,38.09,25.17,32.01,25.1,42.75,30.5,26.87,37.74,25.4,23.17,30.89,21.87,17.59,34.76,15.72,20.94,19.58,17.09,25.76,20.76,26.29,27.57,17.61,20.94,24.68,21.56,20.39,25.89
2023-02-07,27.37,20.01,37.93,24.75,31.26,25.75,42.73,30.5,25.6,37.25,27.66,22.42,30.8,21.76,17.52,33.06,15.27,20.65,19.44,17.28,25.18,20.09,26.43,27.43,17.4,20.62,24.46,21.12,19.97,25.53
2023-02-08,29.02,20.3,39.4,25.09,31.88,25.76,44.91,32.53,27.19,38.54,25.31,23.44,32.03,22.54,17.98,34.7,15.32,21.7,19.9,18.19,25.38,20.16,28.72,28.13,17.94,21.57,24.14,21.16,20.7,26.36
2023-02-09,30.11,20.73,41.15,26.44,33.01,27.03,47.63,34.11,27.64,29.49,26.61,24.79,33.25,23.51,19.23,36.67,16.17,23.12,19.98,18.25,26.55,20.55,30.68,29.32,18.46,21.69,23.97,22.39,21.67,26.69
2023-02-10,29.32,20.18,40.02,25.97,32.54,26.84,46.3,32.99,26.55,30.52,25.33,24.39,32.64,22.62,18.81,35.04,16.08,22.6,20.58,17.61,26.19,20.47,28.88,29.08,17.73,21.95,23.04,20.63,22.2,26.33
2023-02-13,30.03,20.18,40.05,25.97,33.35,26.42,46.27,31.38,26.77,30.38,25.36,24.2,32.13,21.97,18.87,35.54,16.16,22.03,20.28,17.14,24.58,20.96,30.05,29.28,17.49,21.75,23.34,21.35,21.79,26.37
2023-02-14,27.74,20.15,37.59,24.51,32.26,25.91,44.53,31.22,25.35,28.76,24.46,22.78,30.82,20.96,18.18,34.18,15.32,20.74,17.38,16.14,24.57,20.68,27.77,27.53,17.12,21.33,22.4,20.16,20.33,25.8
2023-02-15,26.44,19.47,36.23,24.41,31.47,24.26,43.54,29.21,25.24,27.69,22.84,22.2,30.22,19.98,17.32,32.95,15.62,20.09,15.65,16.23,23.33,20.47,26.86,26.59,16.23,19.73,21.32,20.25,20.04,25.75
2023-02-16,28.27,20.39,38.02,25.15,31.61,25.21,44.38,22.07,25.64,29.49,24.67,22.96,31.01,20.57,17.91,33.32,15.77,21.55,16.35,16.55,25.41,21.06,28.3,28.41,17.64,20.11,21.89,20.85,20.67,26.72
2023-02-17,27.17,19.93,37.38,24.85,30.46,24.61,44.71,20.56,26.06,28.9,23.37,22.51,30.19,20.02,17.74,33.54,15.97,21.2,16.19,15.76,24.42,19.81,27.82,29.3,16.64,19.36,21.17,19.66,20.96,26.06
2023-02-21,30.73,21.65,40.34,27.55,33.83,28.11,46.63,23.41,27.56,30.76,26.19,25.67,28.15,23.38,20.5,37.5,18.65,24.14,17.21,17.34,28.2,21.17,31.24,36.7,18.26,21.04,23.02,22.44,22.9,19.01
2023-02-22,30.0,21.99,39.66,26.92,33.43,28.06,45.86,23.69,27.2,30.52,25.38,25.35,26.63,23.18,20.56,37.04,17.04,24.09,16.74,17.31,27.25,21.36,30.43,40.21,18.06,21.48,24.51,22.01,22.85,19.13
2023-02-23,28.38,21.52,38.58,26.38,31.74,26.85,45.18,23.01,26.11,29.84,24.83,24.54,25.32,22.68,19.59,35.67,16.48,22.45,16.0,17.23,26.16,20.44,28.51,39.33,17.7,20.3,21.88,21.98,21.4,18.59
2023-02-24,28.99,21.97,39.23,26.93,33.75,27.04,47.02,23.45,26.26,30.67,24.49,24.75,25.63,22.98,19.62,35.58,16.9,22.82,16.29,17.92,27.2,21.0,29.39,39.45,17.79,20.87,23.1,21.75,21.93,18.9
2023-02-27,28.4,21.41,38.77,26.48,32.54,26.21,47.17,23.12,26.14,30.33,25.8,25.4,25.34,22.88,19.46,35.32,16.97,22.13,15.61,17.29,27.5,21.27,28.47,39.7,17.78,20.7,23.04,21.49,21.62,19.1
2023-02-28,27.38,22.61,37.49,25.73,32.02,26.0,48.57,22.26,25.43,29.91,25.09,24.76,24.71,22.75,19.59,34.57,17.66,21.71,15.99,17.2,27.27,22.93,29.29,39.47,18.16,19.86,23.13,21.37,21.46,18.52
2023-03-01,29.61,21.03,38.54,25.7,31.87,26.23,46.87,22.8,25.28,30.21,25.21,24.92,25.66,22.5,19.69,35.76,17.79,21.99,16.47,17.3,27.34,21.86,28.58,39.91,18.08,21.33,22.89,22.04,22.17,19.44
2023-03-02,27.84,21.56,37.64,26.19,30.87,25.88,33.72,21.92,24.68,29.2,24.53,24.02,24.72,21.68,19.0,35.02,17.13,22.27,15.31,16.68,27.15,21.76,27.76,39.05,17.5,20.98,22.7,21.47,21.48,18.13
2023-03-03,25.67,20.2,35.0,24.42,29.89,24.54,32.31,20.39,23.48,27.47,23.54,22.28,22.96,20.52,17.77,33.3,15.88,20.52,14.76,15.69,26.49,20.83,26.4,38.31,16.48,19.93,20.67,21.24,19.62,17.25
2023-03-06,26.06,20.62,36.02,24.7,30.77,24.65,31.64,20.79,24.3,27.55,25.01,22.82,23.26,20.81,17.74,33.75,16.27,21.34,14.04,15.69,25.35,20.71,27.48,38.16,16.53,19.93,20.44,22.59,19.57,17.55
2023-03-07,26.61,20.75,35.97,25.69,31.55,26.03,31.62,21.33,24.98,28.6,26.18,25.42,24.81,21.46,18.92,34.11,16.83,24.31,15.0,17.14,26.2,19.94,27.09,38.85,18.06,20.95,21.63,23.75,21.13,18.74
2023-03-08,26.06,21.91,35.14,25.77,31.13,25.26,31.31,21.5,24.7,28.16,25.34,24.26,24.18,21.19,18.88,32.93,17.05,24.21,15.01,17.18,26.34,21.37,27.62,39.05,17.69,21.42,22.0,23.96,21.34,19.27
2023-03-09,28.92,22.62,38.43,28.8,33.46,28.53,34.02,23.17,26.77,31.05,27.64,29.05,26.08,22.81,20.73,36.09,18.44,31.68,16.72,19.07,28.1,21.77,29.19,40.71,18.99,24.84,23.62,26.48,23.93,20.37
2023-03-10,30.79,21.21,39.72,33.64,36.32,33.18,36.53,25.23,28.49,34.06,30.78,34.54,28.73,24.34,22.39,37.78,19.37,33.03,18.28,20.0,29.57,23.29,31.81,42.86,20.72,26.68,25.24,26.93,26.38,21.39
2023-03-13,30.74,23.9,41.6,38.44,37.86,34.39,37.2,25.76,30.88,35.67,33.42,40.12,29.42,26.02,23.76,41.24,19.88,38.12,19.17,21.16,31.14,25.13,32.74,43.86,20.43,31.47,25.26,26.84,27.53,21.48
2023-03-14,28.25,24.17,37.35,33.3,35.99,31.87,34.07,23.6,29.72,32.62,32.4,33.75,27.55,24.74,22.57,36.81,18.46,31.7,17.45,19.9,31.33,23.21,29.07,41.64,20.08,28.41,25.15,25.09,24.15,19.91
2023-03-15,29.15,23.4,40.08,38.04,40.59,36.24,35.98,24.86,35.64,34.76,34.99,40.72,28.59,27.33,24.16,38.7,19.1,40.57,18.78,20.99,32.65,23.78,31.98,44.14,20.64,37.33,25.28,26.42,27.18,20.72
2023-03-16,27.17,23.15,36.56,32.75,35.99,32.22,32.77,21.89,32.18,31.56,32.53,34.95,26.31,24.68,22.29,36.94,18.2,33.36,17.3,18.32,29.52,22.99,28.45,41.51,19.01,31.19,24.59,24.46,24.39,20.24
2023-03-17,28.31,24.6,38.67,37.94,37.51,34.13,34.05,23.4,33.93,33.88,33.83,42.57,27.4,26.03,26.28,39.83,19.68,41.83,18.49,20.39,31.42,25.98,29.73,47.13,20.46,35.13,26.3,25.08,26.41,20.9
2023-03-20,27.92,21.54,38.45,33.77,35.37,32.56,32.73,21.95,31.16,32.22,31.56,37.77,26.57,24.01,25.85,38.35,18.87,35.06,16.88,18.85,29.52,24.11,29.45,46.65,20.07,32.88,24.67,23.54,24.81,20.11
2023-03-21,25.62,21.63,35.7,30.35,33.51,29.29,31.83,21.37,28.23,30.11,30.27,34.52,25.2,22.26,25.43,37.08,18.6,31.48,16.5,17.56,28.15,23.15,27.67,42.96,20.47,27.79,24.23,22.31,23.09,18.93
2023-03-22,27.16,22.22,36.89,32.3,35.72,31.16,32.98,22.23,29.26,31.54,30.39,36.62,25.95,22.91,27.05,37.44,20.41,33.37,17.05,18.01,29.15,23.6,28.87,28.58,20.27,29.24,25.75,23.07,24.29,19.44
2023-03-23,26.92,21.79,39.01,36.32,35.67,32.38,33.49,22.81,30.48,31.73,31.62,39.28,26.2,23.54,28.42,40.08,20.31,35.97,17.91,18.53,31.6,24.07,28.96,29.9,21.51,32.71,27.16,23.91,25.25,19.82
2023-03-24,26.46,21.36,39.33,36.84,35.79,33.82,32.29,21.88,30.4,32.44,31.66,38.64,25.94,23.49,27.94,40.38,19.83,35.35,16.65,18.73,31.74,24.05,29.24,29.25,20.58,32.1,26.27,23.11,25.7,19.64
2023-03-27,26.85,23.42,42.67,33.29,35.37,33.39,31.6,21.43,29.63,30.32,31.4,34.54,25.46,23.99,27.35,42.93,19.11,31.82,16.75,19.48,31.66,23.75,29.9,28.89,19.59,28.18,24.64,23.26,25.78,18.79
2023-03-28,26.11,23.14,43.3,34.38,35.4,33.02,31.1,21.25,28.93,29.94,30.4,34.18,25.01,24.14,26.92,42.4,19.43,31.14,16.74,19.55,32.89,24.85,30.54,28.21,19.59,28.13,26.54,24.06,26.62,18.52
2023-03-29,24.8,22.05,44.08,32.49,34.68,32.4,30.36,19.53,28.04,28.46,28.78,31.89,23.44,23.65,25.83,45.01,18.78,29.03,16.55,19.87,31.84,24.97,28.76,26.48,19.82,25.68,26.8,23.3,25.61,18.5
2023-03-30,25.49,22.69,43.9,32.6,35.48,32.01,29.42,19.27,26.95,28.1,28.79,32.18,22.75,23.54,26.41,44.38,18.81,29.56,16.4,19.21,32.35,24.41,29.64,25.99,19.14,27.07,25.88,23.84,25.76,18.11
2023-03-31,23.85,21.15,42.66,31.17,34.22,31.06,28.58,18.18,26.21,27.47,27.33,29.59,21.53,23.14,25.37,43.96,17.95,27.74,15.88,18.29,30.0,24.3,27.35,25.04,18.0,25.38,26.08,23.56,24.38,17.52
2023-04-03,26.44,23.09,43.37,31.39,34.61,30.61,28.93,18.53,25.6,27.85,27.49,29.54,21.77,23.42,25.0,43.9,17.82,26.99,15.61,18.26,30.2,23.65,29.46,25.37,17.94,24.77,24.24,22.84,24.33,17.67
2023-04-04,27.4,22.48,44.48,32.47,35.11,34.5,28.85,19.33,26.06,27.95,28.91,31.14,22.57,24.51,25.63,44.17,17.6,29.25,15.9,18.33,31.95,23.97,29.2,25.4,18.1,27.21,24.12,22.51,25.23,18.68
2023-04-05,28.91,21.08,46.16,33.88,35.55,34.86,29.73,19.34,25.98,27.66,28.59,31.46,23.38,24.72,25.5,44.22,17.61,29.96,15.79,18.45,32.21,23.76,31.25,26.66,18.63,27.12,23.96,22.43,25.22,16.81
2023-04-06,28.07,21.91,44.13,33.54,35.2,35.25,29.19,19.83,26.22,28.22,28.65,30.89,22.64,24.34,26.18,43.72,17.12,29.77,15.68,18.25,31.78,23.68,29.37,26.24,17.42,25.7,22.95,23.15,24.69,16.54
2023-04-10,29.98,21.82,45.2,33.26,36.12,34.22,30.17,20.6,26.47,33.01,28.53,30.82,23.45,25.43,27.17,43.94,17.39,29.68,16.52,18.75,32.1,24.42,30.27,26.55,18.29,26.67,23.3,23.52,25.54,16.95
2023-04-11,29.86,22.1,45.88,32.5,35.77,33.54,30.87,20.76,25.99,33.58,28.0,30.42,23.36,25.32,27.33,43.55,15.55,29.18,16.31,18.93,31.22,23.92,30.57,25.77,18.16,25.6,22.64,23.27,25.16,16.62
2023-04-12,30.87,21.44,44.48,33.47,35.37,33.8,29.59,21.07,25.94,35.45,27.83,30.08,23.4,25.36,27.8,42.98,17.22,28.49,15.95,18.93,31.15,23.75,30.84,26.07,18.36,26.71,22.65,23.45,25.41,16.78
2023-04-13,27.66,21.51,43.38,32.21,33.02,32.61,28.05,20.41,24.74,34.28,27.23,30.15,23.23,24.72,27.96,42.09,16.58,27.76,15.14,18.38,30.67,22.93,28.77,24.4,16.99,25.94,22.07,22.65,24.15,16.97
2023-04-14,27.05,21.88,42.73,29.77,34.78,31.46,26.81,21.08,23.74,33.89,26.75,27.47,22.78,23.76,27.21,40.98,16.64,21.09,15.02,17.85,30.33,22.94,28.34,23.69,16.82,26.72,19.8,21.58,23.0,17.04
2023-04-17,26.24,22.5,42.53,28.73,33.29,30.86,26.41,24.05,24.29,33.73,25.67,25.98,24.42,22.38,26.06,40.04,17.01,19.24,14.5,17.32,31.32,21.8,28.01,23.18,16.41,24.52,18.48,21.26,23.05,18.52
2023-04-18,25.25,22.9,41.7,28.27,32.68,30.43,26.32,24.71,24.03,33.97,24.91,21.72,24.6,22.31,25.1,40.49,14.88,18.87,14.35,16.76,31.23,21.4,28.02,23.02,16.08,23.08,18.75,21.9,21.74,19.33
2023-04-19,25.24,22.27,41.65,27.67,32.42,30.25,25.84,27.92,24.27,33.01,25.02,20.99,26.08,21.43,25.48,40.03,13.81,18.39,14.21,16.57,31.93,21.18,27.96,22.55,16.01,19.44,20.77,22.54,21.83,20.03
2023-04-20,26.13,23.11,41.92,23.46,32.87,30.71,27.05,29.49,24.83,33.08,26.06,21.08,26.53,21.83,17.68,40.53,14.29,18.35,14.35,16.94,32.64,21.15,28.73,23.13,16.97,19.78,19.73,25.1,21.94,20.27
2023-04-21,26.1,23.16,41.41,23.53,32.18,30.6,25.85,26.74,24.12,32.21,26.17,21.2,26.03,21.81,16.43,40.49,14.31,18.23,14.06,16.66,31.69,19.81,27.54,22.66,13.58,20.43,19.16,23.89,21.56,19.18
2023-04-24,26.38,22.86,39.09,23.83,31.74,30.4,27.26,26.04,23.23,32.12,26.27,20.66,26.12,21.98,16.57,40.8,14.21,18.19,12.47,16.06,30.97,20.07,28.67,22.65,13.14,18.93,19.24,24.19,21.86,19.49
2023-04-25,28.63,22.83,44.58,26.72,34.53,33.67,29.67,27.13,25.28,34.47,27.91,23.87,28.74,23.31,17.45,42.43,14.79,22.36,13.97,14.47,27.17,21.37,30.14,25.42,14.26,21.62,20.24,18.93,23.59,21.1
2023-04-26,28.15,24.76,45.76,26.23,30.62,34.4,30.09,27.67,26.73,34.57,27.48,24.55,30.47,24.61,17.67,43.05,16.13,23.48,13.95,15.04,26.3,23.25,22.99,26.03,14.57,22.09,21.9,19.37,20.28,21.21
2023-04-27,25.85,23.24,47.09,24.0,28.28,26.55,29.28,26.69,25.5,32.79,25.31,21.99,28.01,19.5,16.28,44.81,15.52,20.6,13.0,13.4,24.49,19.39,21.69,23.8,13.66,20.07,19.32,17.88,18.1,20.21
2023-04-28,25.29,19.62,31.54,22.6,26.94,25.65,28.63,25.95,21.71,32.19,24.14,20.74,26.92,17.89,15.52,29.46,14.81,19.06,11.78,12.04,23.16,18.17,20.82,22.48,13.3,19.34,18.97,16.77,16.52,20.09
2023-05-01,26.58,18.86,31.35,23.58,28.43,25.9,32.01,25.32,22.03,32.5,25.16,21.51,28.1,17.8,15.18,30.73,14.63,19.53,11.38,13.12,23.15,17.81,21.43,22.67,13.07,19.62,18.96,16.49,16.89,20.14
2023-05-02,26.92,19.57,31.56,28.92,29.14,27.64,35.49,27.75,25.09,34.06,27.16,24.93,29.39,19.29,16.74,32.86,14.81,23.19,13.31,14.44,24.4,18.58,22.6,24.39,13.81,22.78,20.14,19.4,19.81,20.88
2023-05-03,28.44,20.89,32.73,28.6,30.12,28.52,36.85,28.47,26.68,34.12,28.14,26.49,29.78,19.86,17.6,32.69,15.93,25.91,13.8,14.9,24.99,19.29,22.41,25.67,13.92,23.37,20.83,18.62,19.83,21.44
2023-05-04,30.41,20.36,33.26,32.65,32.91,30.91,38.67,29.86,28.26,37.14,29.35,30.51,32.47,21.63,18.52,34.0,16.75,29.41,14.29,15.5,27.07,20.44,23.68,28.32,15.11,25.09,21.77,21.01,21.02,22.76
2023-05-05,21.1,17.91,29.04,27.4,29.54,27.87,35.92,27.41,24.65,35.76,26.63,25.57,30.38,19.68,16.24,31.68,14.81,24.59,12.79,14.28,25.34,18.75,21.05,25.58,13.79,22.14,19.54,18.23,19.12,21.94
2023-05-08,21.08,20.83,30.21,27.01,30.5,28.72,36.7,27.84,25.4,35.27,26.87,24.95,30.87,19.99,16.85,31.75,14.16,23.9,12.94,13.92,26.72,19.37,20.75,25.13,13.66,22.71,20.35,18.42,18.79,21.89
2023-05-09,21.21,19.02,30.16,26.8,30.22,28.94,37.25,27.97,25.7,35.58,27.03,25.23,29.96,19.98,18.22,32.58,15.48,24.64,13.54,14.32,27.33,19.61,21.7,25.86,14.47,21.66,21.24,19.01,18.86,21.98
2023-05-10,20.18,16.97,29.21,27.99,29.6,28.55,36.32,27.22,25.76,35.17,26.77,24.51,29.74,19.8,16.74,31.52,14.78,23.93,12.95,14.29,25.52,19.17,19.94,26.07,14.17,21.52,21.1,18.11,18.88,21.97
2023-05-11,20.44,19.51,30.02,28.38,29.67,28.68,36.78,27.95,25.44,26.36,27.23,24.82,30.27,19.71,17.3,32.15,15.02,24.22,12.91,14.5,25.97,19.28,22.05,26.32,13.98,21.32,20.56,17.6,19.04,21.98
2023-05-12,20.64,18.56,28.98,27.12,29.76,28.06,36.37,28.03,24.85,24.7,26.13,24.09,29.91,20.77,16.21,31.19,14.69,23.99,12.34,14.04,25.09,19.68,20.28,25.79,13.13,20.73,19.96,17.59,18.87,22.71
2023-05-15,20.55,19.39,29.55,25.46,29.12,27.46,36.46,28.57,24.57,24.75,25.59,23.47,29.9,19.85,16.42,31.5,14.79,22.76,13.17,14.37,25.11,20.36,21.11,25.72,13.46,20.5,21.05,18.83,18.67,22.54
2023-05-16,21.02,20.45,30.12,27.39,29.56,29.23,36.94,28.74,26.47,25.76,27.18,23.88,23.45,20.38,17.05,32.55,15.63,23.83,14.17,14.55,27.02,21.22,20.94,26.8,13.7,20.44,21.89,20.03,20.17,23.67
2023-05-17,20.25,20.53,29.0,25.3,27.98,27.26,35.97,28.82,24.11,24.02,25.72,21.94,22.13,18.85,16.31,32.94,15.25,22.07,14.17,13.77,25.82,20.96,19.6,25.21,13.86,20.39,20.63,18.77,18.71,21.9
2023-05-18,19.41,19.59,28.81,24.37,27.43,27.03,35.68,19.06,24.16,23.46,25.07,21.65,21.99,18.4,16.07,31.96,14.61,21.11,13.99,13.32,26.92,19.77,18.79,24.38,14.6,19.91,21.25,18.75,17.85,15.4
2023-05-19,19.04,19.12,28.7,25.6,27.92,27.34,36.36,17.09,24.08,24.95,25.15,22.96,22.52,19.21,16.22,32.11,14.74,22.53,13.91,13.29,27.49,20.04,19.17,26.29,14.3,20.17,20.96,18.96,18.54,15.29
2023-05-22,20.06,19.38,29.11,24.71,28.18,26.79,36.45,18.02,25.1,24.9,24.47,23.05,22.48,19.48,16.52,31.99,15.37,21.82,14.78,14.67,26.79,20.69,19.34,28.4,15.49,20.49,20.84,18.84,19.16,15.73
2023-05-23,21.31,19.83,30.29,26.48,30.23,27.62,37.5,19.17,25.48,26.51,24.29,23.44,22.97,20.31,16.93,33.63,15.92,22.75,14.81,14.89,27.43,21.11,21.09,27.81,16.59,21.41,20.94,19.12,21.36,15.84
2023-05-24,23.04,19.17,31.61,28.26,31.64,29.15,38.97,19.77,26.74,27.25,26.25,25.38,24.6,21.88,19.11,34.12,16.38,24.79,15.92,15.53,30.81,21.9,23.56,28.9,17.43,23.1,22.19,20.52,22.53,17.53
2023-05-25,22.62,19.54,31.95,27.31,30.82,28.81,42.87,18.85,26.94,27.38,27.07,24.38,24.85,21.28,18.81,37.26,16.67,23.38,16.16,15.27,29.66,22.56,22.8,29.78,18.06,23.19,22.05,21.84,21.17,18.02
2023-05-26,21.63,20.96,30.79,25.46,29.26,27.2,43.96,19.02,25.95,26.14,26.47,23.09,23.0,20.33,19.6,37.15,15.8,21.64,15.36,14.53,29.1,22.56,22.78,30.55,17.31,23.03,21.96,20.78,19.94,16.78
2023-05-30,22.28,19.55,31.84,26.45,29.75,27.69,48.52,20.33,26.54,26.59,28.0,23.24,23.41,20.68,19.56,40.41,16.53,21.43,15.43,13.53,30.01,23.55,22.83,37.83,18.03,22.48,22.42,21.02,22.16,17.08
2023-05-31,22.96,20.32,31.27,25.67,29.54,27.9,52.57,20.49,26.92,26.23,27.85,24.47,25.3,21.35,18.88,39.99,15.76,22.24,16.23,14.08,29.82,22.73,22.74,39.75,17.28,23.08,20.64,20.32,21.8,16.79
2023-06-01,21.45,20.47,29.54,23.83,28.71,26.01,29.81,19.49,25.29,24.58,26.76,23.37,23.37,18.94,17.13,36.36,15.69,19.98,14.37,12.59,28.25,21.63,21.57,40.49,16.25,21.42,20.07,19.79,18.68,15.92
2023-06-02,20.72,21.08,27.97,23.04,27.17,26.85,28.36,18.25,23.78,22.6,22.71,21.45,21.12,17.49,16.7,33.6,14.4,18.35,12.96,11.86,27.27,20.42,20.17,38.54,14.25,19.58,18.16,23.52,17.74,14.48
2023-06-05,20.89,20.6,27.71,22.72,27.99,25.89,28.46,17.93,22.92,23.75,21.81,21.76,21.78,18.11,16.52,34.28,14.48,19.35,13.11,12.46,27.5,20.16,18.72,39.36,14.64,19.86,18.63,24.62,18.24,14.24
2023-06-06,19.23,20.36,26.34,22.16,27.01,24.25,27.06,17.97,21.62,22.68,20.47,20.57,20.08,17.31,14.97,34.8,13.7,18.6,12.32,12.52,26.28,20.56,18.87,37.9,14.18,18.19,19.39,23.34,16.64,13.69
2023-06-07,19.3,18.97,29.28,22.06,26.26,25.34,27.53,17.71,20.92,22.34,19.86,20.57,19.75,16.89,16.46,34.04,13.51,18.57,12.32,12.94,24.79,20.21,20.53,38.3,14.04,21.28,18.95,23.21,17.7,13.55
2023-06-08,18.74,19.59,28.08,21.82,26.71,24.47,27.0,17.03,21.18,22.27,21.23,20.2,19.46,16.94,15.86,34.54,12.91,17.94,11.75,12.03,24.89,19.34,19.42,38.01,13.3,18.96,17.95,22.35,17.72,12.86
2023-06-09,18.19,19.88,28.3,21.25,26.64,24.59,28.67,17.17,21.21,21.59,21.49,20.19,20.09,16.94,15.65,34.6,12.66,18.36,11.48,11.88,24.69,18.99,19.31,37.79,13.32,18.08,17.94,22.01,17.09,12.98
2023-06-12,17.9,19.85,28.93,21.93,28.73,24.96,28.17,16.86,22.44,22.17,22.41,20.54,20.84,17.25,15.79,39.07,12.92,20.25,12.12,12.14,24.49,20.08,20.26,38.71,14.59,20.09,19.54,21.85,16.95,13.56
2023-06-13,18.37,19.01,28.46,20.89,27.92,24.19,28.43,16.08,21.27,22.07,20.76,20.24,19.13,16.3,15.49,35.06,12.51,20.3,11.49,12.01,23.46,19.48,20.58,39.19,13.49,20.03,19.34,21.28,18.05,12.98
2023-06-14,17.51,18.8,28.22,21.13,27.75,24.66,27.64,16.03,21.45,22.9,21.04,20.73,19.19,16.56,15.68,39.61,12.07,20.61,11.22,11.88,23.44,19.74,21.02,39.52,13.43,19.97,24.67,20.47,17.09,12.88
2023-06-15,17.91,17.5,28.41,22.07,27.81,24.48,27.86,15.97,21.69,22.92,20.8,21.61,18.94,16.49,16.21,39.25,12.28,20.94,11.48,11.92,23.25,19.35,22.45,39.74,13.35,21.95,21.81,20.11,16.87,12.74
2023-06-16,17.07,18.38,27.36,22.8,26.98,23.51,26.06,15.4,20.98,23.28,20.58,20.82,18.75,16.05,16.42,39.32,11.98,19.53,11.04,11.33,22.55,18.8,22.11,38.94,12.95,17.86,21.59,19.47,15.89,12.68
2023-06-20,18.37,18.83,28.32,23.93,28.24,23.95,26.63,15.29,21.84,23.57,21.69,24.55,18.98,16.59,20.57,39.04,13.76,20.02,11.8,12.26,23.41,18.5,22.49,39.87,13.9,18.41,21.13,19.91,17.04,13.2
2023-06-21,18.06,18.77,28.33,24.17,26.57,23.41,26.62,14.99,20.78,23.22,21.15,24.18,18.43,16.13,21.49,34.12,13.76,19.87,11.47,11.29,23.7,18.16,22.22,38.73,13.67,19.21,20.65,18.42,16.7,12.74
2023-06-22,17.32,18.03,31.23,25.06,28.17,23.46,25.96,14.4,20.77,22.81,21.63,24.46,18.06,16.25,21.51,34.33,13.02,20.91,10.93,11.88,25.84,17.87,21.69,37.89,13.39,19.15,19.32,18.65,16.44,12.05
2023-06-23,18.21,18.97,31.84,24.84,28.16,23.66,25.83,15.51,21.08,22.68,22.05,24.78,18.26,17.22,22.05,35.29,13.13,20.82,11.54,13.01,25.47,17.61,22.97,38.6,14.15,19.22,19.24,19.65,16.79,12.25
2023-06-26,19.01,18.85,37.04,25.51,29.14,24.17,26.43,15.4,22.31,23.05,23.39,25.37,18.3,18.93,21.73,40.48,14.78,21.28,12.54,14.41,26.26,18.52,25.17,38.98,15.08,20.78,20.14,20.87,19.44,12.55
2023-06-27,18.16,21.22,37.46,24.8,29.74,24.18,25.87,15.37,22.46,22.89,23.33,24.92,18.04,18.43,21.76,41.06,14.54,21.02,13.04,14.74,26.72,18.48,26.33,36.15,15.66,20.2,20.08,21.15,19.38,12.48
2023-06-28,18.11,20.46,39.37,24.62,29.58,22.86,25.72,15.87,22.11,22.8,23.57,25.41,18.78,19.94,21.68,42.54,15.8,21.65,13.84,15.1,29.17,18.81,27.55,36.8,16.45,20.83,22.57,21.79,19.85,12.35
2023-06-29,18.83,19.57,38.46,24.08,28.85,24.13,25.68,15.1,21.69,22.72,23.17,24.25,18.17,19.96,21.63,42.29,15.26,20.16,14.03,15.16,28.86,18.96,27.03,35.65,16.61,19.71,22.46,21.86,19.97,12.7
2023-06-30,19.06,18.59,36.93,23.49,28.69,22.73,24.5,15.51,21.2,21.88,22.2,23.06,16.93,19.19,20.97,40.71,13.9,19.47,13.59,14.57,28.11,17.9,27.32,21.21,14.89,19.51,20.84,21.55,19.12,11.86
2023-07-03,20.85,20.23,38.11,23.87,28.73,25.43,25.05,14.14,21.41,22.3,22.31,23.5,17.21,19.8,21.04,41.1,14.24,19.18,13.05,15.29,28.88,19.23,27.69,21.67,15.6,20.21,21.44,21.29,19.59,12.21
2023-07-05,22.74,21.64,38.48,24.5,29.23,27.96,26.32,14.87,21.99,23.4,23.61,25.0,17.39,20.36,22.06,42.79,14.41,20.06,13.3,15.22,31.77,20.25,27.69,22.48,15.79,20.71,23.14,21.03,19.61,12.42
2023-07-06,22.95,22.38,39.01,26.24,30.22,28.8,27.0,16.01,23.64,25.01,24.53,26.09,19.53,21.4,22.89,43.69,15.53,21.42,14.3,16.28,33.34,21.24,28.93,23.6,16.65,21.98,23.56,21.95,20.17,13.28
2023-07-07,22.72,22.61,38.27,26.01,30.08,28.33,27.05,15.75,23.22,25.45,24.0,25.43,18.87,21.51,22.92,43.02,15.96,21.0,15.16,16.53,30.79,21.7,29.12,23.55,17.35,21.24,24.85,22.5,20.51,14.47
2023-07-10,24.11,22.58,40.31,26.08,30.38,28.81,28.04,16.32,23.06,29.97,25.02,25.71,18.86,21.74,23.46,43.45,16.1,21.94,15.25,16.73,31.35,21.6,30.7,23.27,17.53,22.79,24.69,23.83,20.44,14.44
2023-07-11,24.01,23.14,39.74,26.22,30.47,28.79,26.6,15.5,22.73,31.13,24.81,25.81,18.68,21.63,23.7,42.85,16.94,21.5,15.27,16.81,30.27,21.83,31.34,22.74,18.08,21.56,24.43,23.71,20.12,14.57
2023-07-12,22.63,22.69,38.81,25.12,29.59,27.21,26.23,16.53,21.88,32.53,23.74,24.92,18.05,20.96,23.89,43.44,16.42,21.19,15.3,15.78,29.31,21.69,29.98,21.57,17.65,22.46,25.5,23.62,19.55,13.62
2023-07-13,22.84,22.93,39.16,25.04,30.74,27.89,26.41,16.94,22.99,32.42,23.71,25.16,19.15,20.64,23.44,43.46,15.72,21.86,14.86,15.71,29.29,22.02,30.57,21.39,17.5,23.45,25.69,24.06,20.11,14.68
2023-07-14,22.77,22.9,39.81,24.41,31.3,27.88,26.14,19.46,23.95,33.34,24.62,24.27,19.37,21.33,23.58,44.02,15.59,17.23,14.26,15.73,29.94,21.36,29.64,21.89,17.7,22.58,19.05,24.94,19.54,14.81
2023-07-17,22.41,24.52,40.54,24.97,31.62,28.18,26.51,23.02,25.01,34.96,25.52,24.61,22.48,21.08,24.16,44.4,16.89,17.51,14.95,16.29,31.79,22.58,31.18,22.74,18.92,22.81,19.29,33.5,20.35,17.42
2023-07-18,22.76,24.71,41.66,25.15,31.68,28.18,26.58,24.13,24.88,34.0,25.36,24.82,23.4,21.9,24.23,44.77,16.83,17.54,15.08,16.96,31.65,22.22,32.4,22.16,18.5,21.65,19.03,31.96,20.69,18.82
2023-07-19,23.84,23.95,41.76,26.42,32.3,27.84,26.97,24.94,24.76,33.99,25.78,19.98,23.93,21.63,25.51,44.39,16.75,17.53,14.26,16.86,32.13,22.43,32.27,22.6,18.32,22.97,19.09,28.76,20.44,19.28
2023-07-20,24.09,25.0,42.83,26.23,30.63,28.0,27.64,25.33,24.08,33.96,26.11,20.29,23.94,21.01,16.79,44.98,17.07,17.51,13.78,16.71,31.5,22.44,33.02,23.35,18.46,18.69,18.72,26.98,20.91,18.95
2023-07-21,23.29,23.78,41.47,20.59,30.06,27.45,26.79,24.25,23.04,33.92,25.01,19.87,23.15,20.5,15.31,43.35,16.56,16.3,13.18,16.45,29.22,21.68,32.91,22.63,17.44,18.58,17.03,25.83,20.46,18.39
2023-07-24,23.19,23.55,41.4,20.93,29.01,27.77,27.52,24.7,22.85,33.78,25.24,20.2,23.28,20.16,15.43,44.03,18.54,16.7,13.54,16.91,28.4,22.39,32.21,22.94,17.17,17.71,16.77,27.81,20.27,18.97
2023-07-25,23.13,23.19,41.64,20.86,30.91,27.34,28.32,24.6,22.52,34.13,21.87,21.01,23.28,20.27,13.46,44.44,18.34,17.22,13.9,16.86,21.44,22.52,34.36,23.23,16.89,18.74,16.57,21.35,21.08,19.06
2023-07-26,22.72,22.68,41.01,20.09,24.66,27.59,28.05,23.89,22.08,33.25,20.18,19.87,22.74,21.43,14.34,45.61,18.55,16.45,11.01,17.07,22.5,22.22,24.45,22.66,16.47,17.93,17.65,19.98,15.74,18.75
2023-07-27,23.56,22.98,40.82,21.18,24.25,27.89,29.76,24.23,23.0,33.61,20.2,20.45,23.36,17.64,14.59,45.85,18.2,17.25,11.81,13.57,22.24,22.87,24.94,23.36,17.98,17.9,17.27,20.79,16.73,18.82
2023-07-28,22.52,21.96,39.14,19.46,23.83,27.38,29.05,23.99,20.77,33.51,19.49,19.29,22.41,16.39,13.47,31.02,16.78,15.95,11.06,12.87,21.19,21.75,23.61,22.0,12.83,17.04,17.71,18.97,15.08,18.36
2023-07-31,23.3,22.57,40.09,19.91,24.0,28.57,33.73,24.52,20.58,34.49,20.98,19.73,22.75,17.06,13.69,33.3,19.52,16.52,12.1,13.81,20.56,23.14,24.52,23.21,13.62,18.14,18.09,19.67,15.37,18.73
2023-08-01,23.42,22.79,41.2,20.44,24.39,23.11,34.47,24.17,20.75,35.37,21.63,19.7,23.51,16.77,13.43,33.16,18.19,16.77,11.92,13.77,21.86,20.32,23.95,23.28,12.78,18.14,18.3,21.02,15.29,18.91
2023-08-02,25.24,23.73,43.49,21.98,25.9,24.08,36.82,25.06,22.29,36.66,23.91,22.18,25.05,17.53,14.99,34.53,18.49,18.58,12.97,14.84,22.04,20.03,25.35,24.87,14.01,19.86,19.03,21.61,17.43,19.43
2023-08-03,25.59,24.72,42.73,21.84,25.94,24.29,37.8,25.51,22.15,35.85,23.41,22.17,25.41,18.56,15.31,34.32,18.53,18.87,13.35,14.76,22.51,19.86,25.76,24.86,14.06,20.0,18.81,21.56,17.21,19.83
2023-08-04,21.98,20.17,30.3,21.63,25.65,24.02,37.22,25.49,22.26,36.11,23.84,22.0,25.53,18.64,15.2,33.83,20.53,18.74,13.8,15.11,22.63,19.66,25.19,24.39,14.12,19.63,18.45,21.75,17.44,19.42
2023-08-07,21.58,19.28,29.46,20.9,25.54,23.63,36.56,24.92,21.99,35.67,22.16,21.23,24.95,17.69,14.99,32.5,19.66,17.95,12.91,14.02,22.7,18.65,24.08,23.96,13.47,19.62,18.48,21.13,16.71,20.16
2023-08-08,21.44,19.71,29.99,21.59,26.11,24.34,37.07,25.15,21.51,35.85,22.67,22.54,25.1,18.25,15.46,34.11,19.65,18.89,13.72,14.57,23.06,19.04,25.51,24.48,13.72,20.31,19.21,20.97,17.7,20.3
2023-08-09,22.04,19.71,30.2,22.16,26.13,24.18,38.51,26.35,21.76,37.05,22.97,23.43,25.84,18.09,17.97,34.09,19.67,20.13,13.91,14.61,24.16,19.41,25.14,24.83,14.18,20.22,19.54,20.56,18.06,20.5
2023-08-10,20.64,18.92,29.07,22.0,25.23,23.88,37.3,26.48,21.66,25.93,22.48,22.93,25.2,18.11,15.74,33.01,19.18,19.58,13.77,14.05,23.04,19.16,24.6,24.38,13.97,19.97,18.96,19.63,17.56,20.44
2023-08-11,19.87,18.13,27.93,21.13,24.92,23.38,37.21,25.66,20.73,25.07,22.13,21.89,24.68,17.43,15.19,32.47,18.26,18.54,13.22,13.56,22.14,18.56,24.44,23.95,13.49,18.91,18.62,19.05,17.27,20.86
2023-08-14,19.71,18.25,27.73,21.68,24.26,22.77,37.27,24.24,20.82,25.51,22.09,21.98,24.67,17.57,15.65,32.29,20.41,18.53,14.41,13.36,22.42,19.47,24.95,24.11,13.89,19.68,18.46,19.28,16.96,21.32
2023-08-15,20.95,19.14,29.39,23.67,25.68,24.08,38.74,25.02,22.4,25.65,24.5,23.57,20.02,18.47,15.92,33.71,18.58,21.24,15.24,14.18,23.51,20.36,25.4,24.63,14.83,20.45,19.28,20.61,18.2,22.05
2023-08-16,21.15,18.76,30.04,23.6,25.79,24.94,38.87,24.7,22.53,25.1,24.07,24.48,19.53,18.45,16.25,34.79,19.12,21.16,15.47,14.81,23.23,20.81,25.59,24.97,15.31,21.11,19.56,20.98,18.59,21.84
2023-08-17,22.14,19.08,30.54,22.98,27.01,24.93,39.97,17.9,22.99,25.41,23.55,25.0,20.32,18.89,17.02,35.08,19.67,21.81,15.26,15.24,23.72,21.09,25.78,25.48,15.62,20.71,21.12,21.48,19.29,16.91
2023-08-18,21.8,19.28,30.21,22.32,25.92,24.54,39.19,17.68,22.12,25.02,22.93,24.25,19.43,18.07,16.39,34.81,21.0,21.04,14.71,14.41,22.98,19.55,24.93,25.0,14.95,20.34,19.43,20.25,18.77,15.66
2023-08-21,21.33,18.92,29.16,22.44,25.66,24.17,39.34,17.38,22.23,24.92,22.45,24.17,19.22,17.94,15.73,34.15,16.26,20.64,14.58,14.52,22.96,19.21,25.29,26.28,14.95,19.98,18.38,20.39,18.25,15.06
2023-08-22,21.39,19.34,29.62,23.33,25.59,24.49,39.95,17.6,22.25,25.56,22.57,24.56,19.12,17.98,16.02,35.16,14.83,22.26,15.09,14.27,23.3,20.07,25.1,27.66,15.12,20.47,19.43,20.01,18.41,15.45
2023-08-23,19.88,18.82,28.71,22.42,25.72,23.49,40.57,17.06,21.66,24.98,22.07,23.38,18.06,17.26,15.65,34.74,14.42,20.67,13.94,14.02,22.48,18.95,25.38,28.0,14.22,19.8,18.74,19.37,17.91,14.81
2023-08-24,22.19,19.02,30.27,23.35,28.04,24.12,40.75,16.84,22.07,27.34,21.94,24.02,19.1,18.26,15.72,34.76,14.39,21.04,14.07,14.22,23.36,20.43,26.16,28.57,14.86,20.39,19.14,19.55,18.84,15.43
2023-08-25,20.18,17.83,27.78,21.73,26.62,22.65,40.07,15.89,20.51,25.33,20.58,21.97,18.05,16.82,14.55,32.79,14.64,19.95,13.32,13.3,21.77,19.05,24.42,27.92,13.76,19.08,18.0,18.55,17.42,14.25
2023-08-28,20.13,17.92,27.86,21.23,25.7,22.36,39.61,15.74,20.41,25.23,20.53,21.57,17.99,16.59,14.54,32.12,16.08,19.2,12.81,13.3,21.55,19.11,24.05,30.92,13.43,18.78,17.68,17.96,17.23,13.64
2023-08-29,19.48,16.64,26.62,20.32,24.94,21.81,38.86,15.11,19.9,24.15,19.0,20.27,16.75,15.75,13.75,31.04,15.49,18.22,12.48,12.77,20.48,18.13,22.01,31.13,13.47,18.3,17.64,17.38,16.21,12.93
2023-08-30,19.29,16.51,25.97,20.09,24.68,21.1,35.69,14.95,18.91,23.91,18.87,20.18,16.73,15.69,14.97,27.74,16.84,18.32,12.02,12.19,22.22,18.14,22.03,31.91,12.81,17.65,16.96,16.73,14.59,12.45
2023-08-31,19.28,16.88,25.37,20.46,25.87,21.37,24.3,14.33,18.39,23.69,19.32,20.34,16.27,15.67,13.41,31.79,15.16,18.68,12.63,12.47,20.4,17.64,21.29,32.23,12.77,17.2,19.28,17.27,15.64,12.29
2023-09-01,18.41,16.3,24.58,19.43,23.9,20.31,23.57,14.33,17.33,25.42,18.14,19.66,15.4,14.89,12.44,31.1,15.39,17.94,12.35,12.01,18.91,17.16,20.32,29.69,12.02,16.74,18.26,16.88,14.71,12.41
2023-09-05,19.4,17.34,25.9,20.36,25.06,22.12,24.3,15.7,18.53,26.12,19.14,20.79,17.24,16.22,13.75,32.96,15.46,19.46,13.19,12.96,20.44,18.56,21.83,32.15,13.94,17.99,17.87,19.76,16.08,13.15
2023-09-06,21.63,17.59,26.47,21.26,26.23,22.52,24.28,15.86,18.75,26.32,19.2,21.0,17.4,16.39,13.99,33.46,15.45,19.48,13.14,14.1,20.92,19.13,21.25,33.28,14.18,19.25,18.33,21.81,16.0,13.4
2023-09-07,23.48,17.55,26.18,21.41,25.9,23.42,24.52,15.75,18.77,26.25,20.13,21.05,17.2,16.68,14.13,35.09,15.53,20.19,13.51,13.58,21.09,18.92,23.13,33.94,13.77,20.3,18.88,22.01,15.97,13.48
2023-09-08,21.8,17.74,25.29,20.24,25.25,21.82,23.43,15.13,18.08,25.11,20.04,20.44,16.43,16.05,13.84,34.64,15.05,19.59,13.03,13.29,19.99,18.16,20.95,33.07,13.92,18.36,18.32,22.07,15.64,12.97
2023-09-11,21.85,17.94,24.97,19.93,25.08,21.88,23.85,15.02,18.68,24.28,20.16,20.28,16.58,15.81,13.3,34.75,15.08,20.26,12.02,12.96,19.24,18.31,20.37,32.51,12.9,19.44,20.25,20.85,15.48,12.74
2023-09-12,21.67,18.14,25.64,19.04,25.39,21.98,23.52,15.02,18.47,23.56,19.7,19.75,16.83,15.89,13.85,33.24,14.68,21.0,12.87,13.03,19.9,18.31,21.27,32.78,14.0,19.07,21.44,19.78,15.57,12.71
2023-09-13,20.98,18.0,26.45,19.03,24.92,23.11,22.73,14.76,18.25,22.94,20.37,19.63,16.63,16.45,13.28,32.64,14.7,21.46,11.88,12.68,22.1,18.02,20.59,32.62,13.32,20.77,21.73,20.56,15.24,12.67
2023-09-14,19.7,17.19,24.69,19.01,23.68,21.46,21.73,14.37,17.01,22.68,18.85,18.93,15.38,15.35,12.53,31.82,13.83,20.41,12.06,11.69,20.15,17.63,19.77,31.46,13.23,20.97,21.52,19.59,16.01,11.7
2023-09-15,20.15,17.49,25.19,20.35,23.86,22.45,22.04,13.92,17.83,23.12,19.8,20.16,16.69,15.78,13.12,31.04,14.92,21.03,12.5,13.22,20.69,18.23,20.49,32.41,14.18,18.88,21.32,19.75,15.97,12.1
2023-09-18,20.1,17.47,25.77,22.58,24.86,22.67,22.58,13.59,17.65,23.91,20.25,21.81,17.2,15.96,13.43,31.61,15.81,20.89,12.2,13.06,21.19,18.4,21.25,33.02,15.52,21.53,21.35,19.59,15.73,13.0
2023-09-19,20.35,17.69,26.66,23.08,24.96,23.64,22.83,14.4,17.69,23.8,20.97,22.67,17.61,15.74,13.36,30.96,16.07,21.33,12.51,13.04,21.46,17.79,21.43,33.45,17.12,21.58,22.15,20.03,16.16,12.99
2023-09-20,21.74,18.55,27.53,24.5,25.32,25.02,23.47,14.82,18.18,23.91,20.95,24.11,18.4,16.42,15.49,32.37,16.21,21.85,12.87,13.8,22.08,18.1,23.14,33.75,18.1,20.72,21.45,19.98,16.64,13.22
2023-09-21,22.58,19.74,31.23,26.62,27.92,27.19,25.27,17.43,20.05,25.62,24.38,26.22,19.4,19.21,16.56,34.46,17.2,23.7,15.23,15.85,23.91,19.31,25.47,35.7,19.53,23.44,23.13,21.67,19.04,14.5
2023-09-22,22.68,19.73,31.35,26.12,28.45,26.48,25.32,16.1,19.73,25.45,24.76,26.47,19.24,19.44,17.41,35.08,17.57,24.0,14.47,15.48,24.32,20.13,25.45,34.13,19.91,22.39,22.32,21.73,19.16,14.25
2023-09-25,23.21,20.37,33.68,26.6,30.67,27.1,26.04,16.86,20.49,26.07,25.93,26.9,19.65,21.35,20.69,39.21,18.13,24.05,16.18,17.26,28.64,21.74,27.3,35.71,20.56,23.21,22.17,24.11,22.09,14.6
2023-09-26,25.43,21.39,38.46,28.36,32.91,28.78,27.83,18.87,22.0,27.21,27.53,28.51,21.19,23.93,24.06,42.7,18.86,25.62,17.53,16.01,30.28,22.95,30.22,36.07,21.3,24.59,23.17,25.44,23.83,15.67
2023-09-27,24.72,21.41,38.68,28.57,34.11,28.22,27.22,18.26,21.67,27.05,27.76,29.19,20.88,24.36,24.63,43.84,20.23,25.73,17.97,17.11,30.43,23.46,29.54,35.77,21.67,24.3,23.19,26.68,24.01,15.82
2023-09-28,24.63,21.31,37.74,27.03,35.09,27.97,26.69,17.57,21.28,26.81,27.2,28.28,19.75,23.83,24.75,43.07,19.2,24.52,17.33,16.84,29.92,23.09,29.97,36.26,21.27,24.15,22.76,26.1,22.98,15.32
2023-09-29,24.58,21.44,38.26,27.36,33.66,29.02,25.93,17.28,21.8,25.84,26.37,27.96,19.54,23.63,24.27,42.43,19.48,24.92,17.05,17.2,28.96,23.37,29.04,23.36,20.47,25.12,22.96,25.28,23.0,15.64
2023-10-02,26.09,22.1,39.96,27.67,34.78,31.95,27.25,17.72,23.23,26.3,27.37,28.97,20.33,24.35,25.04,43.58,18.88,26.18,18.14,19.94,31.3,23.84,29.07,24.0,21.98,26.62,23.82,25.99,23.23,15.85
2023-10-03,28.8,25.2,44.16,31.04,36.64,34.08,29.71,19.74,24.66,28.98,29.23,32.81,23.87,25.96,26.26,45.18,20.96,28.06,19.75,21.63,32.54,24.74,32.92,25.49,22.72,28.19,24.85,26.68,25.69,17.61
2023-10-04,27.68,24.65,42.78,29.58,35.94,34.57,28.18,19.18,25.39,27.66,28.15,31.21,22.31,24.47,25.99,45.17,19.99,27.24,18.75,20.47,31.94,23.83,31.39,23.64,22.28,26.11,24.27,26.5,24.15,16.35
2023-10-05,27.6,23.53,43.08,29.54,37.15,33.87,28.26,19.27,25.1,28.27,29.88,30.37,22.41,25.13,26.22,43.97,20.57,26.92,24.37,21.54,32.44,23.3,29.47,23.37,22.98,26.13,23.93,26.82,24.1,17.18
2023-10-06,26.26,23.75,40.8,29.32,36.62,33.43,26.69,18.02,24.82,28.49,28.43,29.32,21.49,23.99,25.67,42.59,20.15,25.27,22.88,22.05,30.73,23.55,28.2,22.05,24.61,26.17,23.08,27.69,23.12,18.38
2023-10-09,25.84,24.33,41.08,29.75,37.8,33.84,27.18,18.01,25.17,32.21,27.97,29.3,21.44,24.52,26.2,43.62,19.74,26.12,23.38,21.55,30.91,23.52,29.67,22.69,22.75,26.33,23.44,26.81,23.61,18.86
2023-10-10,25.7,24.21,39.83,28.34,36.01,32.61,26.86,17.73,24.16,32.55,26.68,28.17,20.52,24.41,26.42,42.88,19.27,25.24,19.68,20.75,30.27,23.45,29.29,22.08,21.7,25.96,23.96,26.41,22.99,16.98
2023-10-11,24.89,24.52,39.25,28.5,35.48,32.27,26.41,17.75,25.04,33.02,27.7,27.92,20.3,23.6,25.63,42.75,19.9,24.4,19.61,20.88,30.13,23.27,27.43,21.57,22.12,24.96,23.31,26.93,22.4,16.71
2023-10-12,25.09,24.19,39.39,28.05,35.83,33.39,26.61,18.54,23.95,33.33,27.36,27.73,21.74,24.42,26.59,42.59,19.66,24.06,21.55,21.61,30.33,23.41,28.42,21.67,21.89,25.49,22.02,27.29,22.35,17.12
2023-10-13,26.74,25.54,41.86,29.43,37.78,34.57,28.54,21.15,25.98,34.39,29.14,28.8,23.36,25.37,27.85,44.89,19.91,22.24,22.19,22.46,32.15,24.24,29.86,22.88,22.92,26.07,18.5,28.68,23.7,18.47
2023-10-16,26.66,24.74,39.7,27.58,36.56,33.01,26.7,23.57,24.77,33.7,27.33,25.59,24.05,24.22,26.39,44.8,19.33,19.93,20.12,21.18,31.08,23.75,28.3,22.47,21.22,25.69,17.86,26.47,22.76,19.76
2023-10-17,26.76,24.55,40.21,27.05,35.64,32.43,26.87,25.4,24.94,33.51,27.45,23.0,25.16,23.81,26.32,44.29,17.75,19.79,19.7,21.07,31.91,24.19,28.01,22.31,21.12,24.53,17.74,26.71,22.71,20.8
2023-10-18,28.01,25.44,42.55,29.22,37.21,35.64,29.19,27.96,26.58,34.85,29.43,25.01,28.26,25.58,27.92,46.32,18.37,21.68,20.51,21.88,33.66,25.61,30.4,23.08,16.56,21.25,18.32,28.69,24.41,22.41
2023-10-19,28.72,26.2,43.01,30.45,37.65,37.61,28.87,28.27,26.66,35.43,29.86,25.6,29.11,26.41,28.14,45.98,19.17,22.23,20.8,22.3,34.88,26.01,31.48,24.02,17.44,21.93,19.25,27.5,26.24,23.04
2023-10-20,29.09,26.26,44.53,27.5,37.7,37.63,30.51,28.62,27.02,36.1,30.69,25.42,29.04,26.35,27.74,46.68,19.32,23.13,20.77,22.32,35.31,26.16,31.91,24.14,17.3,22.42,18.95,28.06,25.87,23.11
2023-10-23,28.62,26.37,43.42,25.4,36.29,37.32,29.82,27.93,26.93,35.52,29.68,25.31,28.93,25.78,26.63,47.1,19.88,23.44,21.0,22.64,35.98,24.55,32.11,23.95,16.52,22.54,19.62,27.75,25.35,22.76
2023-10-24,27.79,24.94,42.51,23.26,36.19,35.11,28.62,26.52,26.21,35.42,25.59,23.61,28.49,25.27,25.59,44.56,18.4,21.63,15.95,20.8,27.57,22.79,28.74,22.49,15.07,21.68,19.09,20.47,23.7,22.01
2023-10-25,28.53,25.35,48.92,24.34,32.32,36.53,30.84,28.19,26.27,36.23,27.36,24.98,29.11,25.6,26.81,46.97,19.37,22.83,17.11,21.81,28.49,22.81,25.63,23.5,16.1,21.12,19.27,20.71,20.07,22.88
2023-10-26,31.11,26.17,48.33,24.55,32.26,36.92,32.71,29.08,26.2,37.27,26.75,25.73,30.49,22.58,18.26,44.19,20.31,23.13,17.79,21.94,28.57,20.76,26.68,25.56,16.59,21.85,20.33,20.76,21.15,23.83
2023-10-27,29.55,27.56,33.31,25.39,31.94,36.93,32.65,28.43,26.08,38.03,26.86,26.94,30.38,22.66,18.22,35.11,20.69,24.44,18.28,23.61,29.42,21.9,26.27,26.17,17.11,22.36,20.76,21.8,20.9,23.7
2023-10-30,29.3,27.0,32.34,23.74,31.1,34.55,35.97,27.82,24.29,37.39,27.54,25.59,29.73,21.38,16.98,34.26,19.42,23.13,17.39,17.98,26.89,21.32,25.89,25.26,16.06,21.21,19.93,20.79,19.53,22.6
2023-10-31,28.24,21.49,31.04,22.38,29.73,28.4,35.2,26.55,22.99,37.96,26.72,24.62,29.01,19.69,15.3,32.64,17.88,21.33,17.02,16.87,26.49,20.5,24.44,24.31,15.19,19.96,19.57,19.68,18.24,21.58
2023-11-01,25.94,21.19,28.67,21.89,28.15,25.81,35.89,26.24,22.29,37.51,26.13,23.22,28.04,18.74,14.76,30.57,18.01,20.43,16.68,15.84,24.7,19.64,23.39,23.85,14.86,18.36,19.78,19.07,16.88,20.71
2023-11-02,25.0,19.39,26.73,20.11,26.71,23.76,34.33,25.23,20.69,35.4,24.15,22.2,26.03,17.53,13.3,28.68,16.03,19.13,14.77,15.05,24.19,18.71,21.11,22.2,13.47,17.67,18.57,17.21,15.68,20.49
2023-11-03,19.25,18.9,25.29,19.19,25.74,22.64,33.44,24.74,20.87,34.6,23.03,21.78,25.85,16.61,12.9,27.58,15.73,18.4,15.36,15.09,23.24,17.48,20.36,21.31,13.39,17.03,18.39,17.1,15.21,20.1
2023-11-06,18.98,19.09,25.39,19.45,26.48,22.88,33.88,25.18,21.35,35.56,23.0,21.92,26.09,17.01,13.35,27.99,15.9,18.11,14.94,15.37,23.8,17.85,19.67,21.69,13.55,17.89,18.5,17.82,15.7,20.44
2023-11-07,18.51,19.19,25.57,19.18,26.29,22.49,33.83,26.18,21.49,35.36,23.76,21.33,25.9,17.16,13.56,27.52,15.83,17.99,14.24,15.44,23.94,20.05,20.11,21.29,13.3,17.35,17.87,17.23,14.95,20.73
2023-11-08,17.89,19.03,25.38,18.88,25.74,22.66,33.77,26.04,21.67,34.94,23.35,20.76,25.1,17.17,13.73,27.98,16.13,17.85,14.95,15.71,22.09,18.33,19.93,21.86,13.49,17.64,17.53,17.32,14.91,21.08
2023-11-09,18.72,21.05,26.0,19.59,26.7,23.31,34.56,27.13,21.53,23.16,23.65,21.52,26.04,17.75,14.82,28.51,16.89,18.39,16.03,16.17,23.27,18.78,19.96,22.78,14.01,18.07,18.26,17.87,15.86,21.17
2023-11-10,17.79,20.23,25.25,18.57,26.09,21.99,33.72,25.59,20.79,21.65,22.33,20.12,25.32,16.57,13.77,27.78,16.57,17.27,15.33,15.57,22.83,18.8,20.2,22.44,13.11,17.77,17.73,16.85,14.81,20.07
2023-11-13,18.49,19.76,26.28,19.98,27.15,22.99,34.23,25.64,20.72,21.59,22.7,20.83,24.75,17.45,14.81,28.53,16.84,18.24,14.71,15.29,23.13,19.5,20.35,23.45,14.23,17.48,17.71,17.8,15.87,19.62
2023-11-14,17.33,19.06,25.22,19.13,25.36,22.4,33.23,24.65,19.68,20.84,21.73,20.36,17.66,16.17,13.97,28.32,16.09,17.72,13.79,14.55,22.23,19.09,19.92,21.98,13.37,17.68,17.44,17.43,15.25,19.68
2023-11-15,17.2,18.91,26.31,18.84,25.53,22.44,32.8,25.97,19.57,21.56,21.51,20.3,17.06,16.71,14.16,29.42,16.24,17.46,13.62,14.79,22.58,19.0,19.77,23.34,13.48,17.87,17.58,16.73,15.28,20.27
2023-11-16,17.56,19.21,26.38,18.96,24.59,22.77,33.53,17.79,21.38,21.36,21.82,19.59,16.88,16.61,13.71,31.68,16.31,17.08,13.82,14.56,22.81,18.99,19.91,24.47,13.19,17.63,17.71,16.55,15.25,16.55
2023-11-17,17.17,18.94,25.67,18.29,23.72,22.49,33.43,16.13,20.27,21.31,20.86,19.16,16.26,16.18,13.97,30.11,16.03,16.65,13.66,14.11,22.07,18.91,20.27,25.27,13.09,16.43,17.34,16.11,14.84,15.09
2023-11-20,16.45,19.62,24.71,17.83,24.01,21.62,32.74,15.44,20.94,20.77,19.81,18.68,15.78,15.81,13.11,30.62,16.13,15.96,12.8,13.39,20.82,17.72,20.7,28.12,12.42,15.8,16.38,15.75,14.56,13.67
2023-11-21,16.28,18.67,25.27,17.87,23.43,21.34,32.58,15.06,19.94,20.15,19.74,18.69,15.41,15.52,12.93,30.85,15.44,15.62,12.1,13.39,20.65,18.08,20.59,29.36,12.54,15.2,16.07,15.65,14.51,13.64
2023-11-22,15.94,18.03,24.39,17.73,22.63,20.69,31.42,14.1,20.0,19.63,19.24,17.89,15.31,15.24,12.31,29.22,15.24,15.22,11.81,13.24,19.95,17.93,19.54,31.84,12.09,14.57,15.68,15.6,14.13,13.37
2023-11-24,16.09,18.82,24.02,16.96,22.15,20.46,30.53,13.99,19.53,19.63,19.0,17.46,15.19,14.72,12.5,28.3,14.88,15.13,12.01,13.08,19.75,18.21,18.48,31.71,11.82,15.1,15.3,16.14,13.75,13.1
2023-11-27,16.05,18.02,24.54,17.35,21.74,20.95,30.41,14.94,19.99,19.9,19.98,18.02,15.62,15.46,12.93,28.36,14.83,15.51,12.27,13.01,19.96,18.38,18.37,31.9,12.08,15.69,15.6,15.68,13.98,13.34
2023-11-28,15.74,18.73,23.7,17.5,21.91,20.97,30.75,14.69,19.92,19.55,19.85,18.1,15.21,15.26,12.63,27.53,14.94,14.93,11.75,12.94,19.31,18.81,18.26,32.27,11.63,16.01,15.91,15.16,14.22,13.58
2023-11-29,16.32,18.65,23.73,17.24,21.85,20.88,30.35,14.45,21.08,19.7,20.34,18.74,15.77,15.13,12.97,28.39,14.72,15.38,12.25,13.56,19.3,17.86,18.57,31.29,12.0,16.25,17.6,15.55,13.93,13.82
2023-11-30,16.01,17.28,23.67,17.48,22.23,20.95,21.03,14.57,19.5,19.4,19.52,18.15,15.02,14.93,12.77,28.32,14.08,14.78,12.17,13.31,19.37,17.43,18.03,31.26,11.44,15.63,15.23,14.92,13.81,13.3
2023-12-01,15.71,18.18,22.95,17.5,22.69,20.93,21.55,14.73,19.69,19.3,18.85,17.82,15.16,14.66,13.04,28.4,14.18,14.8,11.95,12.74,19.1,17.63,18.11,30.9,11.94,15.19,15.33,15.24,13.71,14.22
2023-12-04,16.5,18.1,24.69,18.8,23.14,21.79,21.8,15.81,20.41,20.8,19.79,18.35,15.57,15.07,14.49,29.94,15.26,15.99,12.78,13.49,20.25,17.83,19.64,32.98,13.16,17.04,15.48,16.09,14.56,14.35
2023-12-05,16.54,18.93,24.86,19.23,23.21,22.29,21.12,16.45,20.81,21.15,20.26,18.64,15.96,15.41,14.56,30.25,14.09,15.32,12.65,13.61,20.85,17.04,19.73,32.74,14.02,16.99,15.81,16.6,14.55,14.1
2023-12-06,16.52,18.52,24.98,20.04,23.54,22.39,21.61,16.19,21.77,21.95,20.29,18.69,15.63,15.55,14.37,30.17,14.08,16.24,12.3,12.67,21.82,17.23,19.54,32.89,13.99,16.23,15.45,16.42,14.46,15.01
2023-12-07,16.24,19.16,24.65,19.41,23.69,22.47,21.1,16.11,21.5,21.98,21.01,18.57,15.77,15.04,14.08,31.42,14.12,16.47,12.4,12.43,21.42,17.53,19.35,33.46,13.1,16.58,15.73,16.37,14.41,15.21
2023-12-08,15.66,18.59,23.52,18.21,23.58,20.82,19.98,15.3,20.46,21.51,20.05,17.56,15.44,15.04,13.06,30.12,14.05,15.8,11.95,12.29,21.33,17.23,18.04,33.01,12.88,15.4,15.24,16.33,14.0,14.89
2023-12-11,16.69,19.85,24.46,18.45,23.87,21.33,20.93,15.94,20.84,22.1,20.56,18.46,16.04,14.88,13.77,32.01,14.59,17.62,12.34,12.31,21.24,18.3,19.01,32.9,13.24,16.86,17.76,18.45,14.32,15.4
2023-12-12,15.56,19.91,23.14,18.51,23.47,20.8,20.34,14.9,20.9,21.26,20.51,17.45,15.25,14.61,13.68,31.1,14.4,17.19,11.79,11.68,20.93,17.62,18.53,32.64,12.97,17.37,18.03,18.29,13.51,14.96
2023-12-13,15.7,20.37,23.42,17.88,22.86,20.89,20.51,14.91,20.06,21.38,19.67,18.03,16.04,14.37,13.93,31.32,14.45,18.22,11.58,11.91,20.29,17.01,19.32,32.48,13.24,16.25,18.69,19.67,13.32,14.16
2023-12-14,16.11,19.89,24.35,18.88,23.66,22.34,20.31,15.54,20.37,22.0,20.89,20.83,16.72,17.43,14.4,32.43,15.07,18.27,12.95,12.66,22.16,17.75,20.15,32.31,13.76,16.56,20.02,19.75,14.93,15.51
2023-12-15,15.74,19.92,23.77,19.16,25.5,21.42,20.53,15.17,20.35,22.28,20.54,20.72,16.58,15.11,14.38,31.45,15.4,18.45,14.12,12.8,21.33,18.31,18.51,32.12,13.84,16.86,20.03,19.61,14.42,14.6
2023-12-18,16.29,19.87,24.11,18.8,24.96,22.23,21.3,15.33,20.83,22.0,19.63,21.66,16.93,14.99,14.56,30.59,15.26,18.74,12.89,12.9,21.86,18.13,19.29,31.58,13.92,17.16,19.84,18.74,14.62,14.39
2023-12-19,16.28,19.9,24.3,19.05,25.23,22.73,20.74,15.28,20.52,22.43,19.52,22.72,16.47,14.85,14.56,31.3,15.06,19.06,13.23,13.06,21.78,17.73,19.43,30.91,14.2,17.5,19.55,18.85,14.46,14.77
2023-12-20,17.03,21.18,25.13,19.96,26.42,24.14,21.88,15.65,21.38,23.83,20.53,23.54,17.56,15.91,15.45,32.07,16.32,20.08,14.48,14.17,22.61,18.66,20.74,33.5,15.06,18.18,21.41,19.56,15.61,15.4
2023-12-21,17.12,20.52,24.97,21.03,26.63,24.16,21.87,16.07,21.26,23.55,20.7,23.68,17.35,15.77,15.83,32.93,15.9,19.98,14.02,13.77,22.69,18.38,21.05,35.12,15.58,19.02,21.14,19.51,15.59,15.02
2023-12-22,17.48,19.99,24.54,20.88,25.83,23.4,21.19,15.08,21.08,23.06,19.24,23.27,16.88,15.99,16.63,33.21,15.61,19.21,13.57,13.31,22.91,17.45,20.53,21.12,15.31,18.66,20.74,19.68,15.49,14.59
2023-12-26,17.85,20.2,25.1,24.21,27.66,23.48,22.07,15.75,21.61,24.32,23.14,23.78,17.7,16.37,21.62,40.44,16.99,19.52,14.21,13.98,24.91,18.18,24.68,21.55,17.96,19.17,21.07,22.69,17.36,15.04
2023-12-27,17.93,20.22,24.65,24.02,26.93,23.2,21.62,15.4,21.05,23.35,22.67,23.52,17.47,15.82,22.19,40.81,17.18,18.96,14.38,12.66,25.19,16.99,23.91,20.72,18.33,18.85,20.29,22.42,17.99,14.58
2023-12-28,17.87,19.75,25.46,24.17,27.66,22.63,21.03,14.86,21.91,23.31,22.68,23.15,16.83,16.53,21.78,40.47,17.53,18.76,13.37,13.88,25.07,17.5,25.49,20.09,18.44,18.5,20.33,22.58,17.91,14.85
2023-12-29,18.02,19.43,26.66,23.78,27.02,22.59,20.68,14.46,21.91,22.95,22.59,22.63,16.63,15.91,21.43,40.43,17.21,18.64,13.39,13.36,24.62,17.07,25.16,19.76,17.39,18.28,20.31,22.17,17.96,14.71
2024-01-02,22.8,21.96,33.56,24.48,28.56,24.61,22.72,15.12,23.43,23.93,23.75,23.53,17.3,18.5,21.75,40.92,17.51,19.36,13.74,16.59,26.66,19.8,27.34,21.28,18.91,19.39,20.6,22.45,19.64,14.62
2024-01-03,23.44,23.16,34.54,22.7,29.78,23.79,23.26,15.17,24.08,24.64,24.0,24.96,18.3,20.13,21.58,41.99,17.84,20.52,12.7,15.3,26.93,19.72,27.65,21.42,20.27,20.0,20.92,22.29,19.17,15.12
2024-01-04,23.96,23.14,35.54,25.1,30.5,23.87,22.67,15.22,24.02,25.11,24.63,24.69,18.51,19.82,22.97,41.95,18.22,21.03,13.11,14.14,27.6,21.65,27.69,21.6,18.54,20.04,20.32,22.53,19.37,15.41
2024-01-05,23.61,22.54,34.98,25.18,30.05,24.43,22.16,14.83,23.44,25.51,24.39,24.1,17.8,19.45,23.27,41.22,17.88,20.25,13.59,14.12,26.29,20.24,27.01,20.77,17.78,19.56,21.82,22.66,18.52,15.64
2024-01-08,23.1,23.41,35.38,25.33,36.57,26.29,22.8,15.04,22.93,29.33,23.79,23.9,17.58,19.92,23.53,41.83,17.29,19.98,13.08,15.29,25.91,20.63,26.72,20.49,17.46,19.76,20.41,22.34,18.63,15.19
2024-01-09,23.16,23.12,35.13,25.16,33.41,26.66,22.47,14.72,24.15,30.63,23.54,24.11,17.32,19.66,23.94,41.77,17.43,19.98,13.31,15.71,25.36,19.75,27.39,19.96,17.32,19.39,20.12,21.91,18.64,14.04
2024-01-10,23.05,21.07,34.85,25.01,32.47,27.6,22.68,14.85,23.88,32.24,24.02,24.2,17.27,19.6,24.11,41.78,17.27,20.23,12.44,16.26,26.02,19.07,25.84,19.71,17.22,18.96,19.92,21.84,18.44,14.04
2024-01-11,22.71,22.63,35.0,24.32,32.96,27.54,22.87,15.51,23.58,32.19,23.78,23.09,17.01,19.67,23.56,41.07,16.82,20.94,12.79,16.17,26.53,19.49,27.55,20.27,16.89,17.8,20.14,25.3,18.85,13.44
2024-01-12,22.93,22.55,34.62,24.34,32.41,27.02,22.61,16.87,23.43,31.31,24.41,22.1,16.64,19.47,24.31,40.51,16.92,16.1,12.51,15.93,25.62,19.16,26.48,19.07,15.44,18.98,17.42,22.85,18.44,13.5
2024-01-16,23.86,23.88,35.59,25.23,36.83,28.46,23.68,23.2,25.94,33.81,24.68,20.78,17.97,20.47,25.36,42.25,17.95,16.78,14.79,17.03,28.23,19.49,26.98,21.25,17.01,19.42,17.95,23.05,19.42,14.15
2024-01-17,24.19,24.75,36.26,25.89,36.48,29.22,24.03,25.78,26.26,34.0,24.91,21.23,18.42,20.76,24.86,42.88,18.12,17.43,15.42,17.37,29.11,19.78,27.14,21.58,17.23,21.13,18.13,23.57,20.75,14.5
2024-01-18,23.16,24.23,35.53,26.19,36.22,29.07,23.82,25.46,26.17,33.16,24.56,20.54,18.7,20.59,24.68,42.72,17.88,16.34,15.07,16.74,29.09,18.96,26.55,21.37,17.75,20.18,19.41,22.83,19.88,14.83
2024-01-19,22.27,23.95,34.41,25.31,35.31,28.7,23.9,24.67,24.87,32.48,24.43,19.8,18.64,19.77,23.89,44.6,17.26,15.7,15.06,16.95,28.98,18.36,25.5,20.85,17.47,17.12,18.18,22.56,19.23,15.33
2024-01-22,22.38,24.19,35.77,25.31,34.96,28.92,23.49,24.12,24.36,33.15,24.54,20.46,21.27,20.29,24.14,43.84,17.31,16.05,14.86,16.97,29.33,18.94,26.69,20.97,17.62,15.62,18.27,24.37,18.71,18.13
2024-01-23,21.63,23.51,35.18,25.04,34.46,28.46,23.04,24.07,23.45,32.95,24.3,19.58,21.92,19.59,23.73,44.05,14.86,15.36,14.69,16.42,24.26,18.45,26.02,20.06,11.93,14.8,17.24,17.63,17.69,18.55
2024-01-24,22.03,23.81,35.71,24.49,34.56,28.94,23.55,24.24,23.05,32.78,25.97,19.39,22.42,20.47,24.99,44.25,16.85,15.46,15.31,16.63,23.2,19.29,26.76,20.89,12.21,14.24,17.07,18.45,18.22,20.36
2024-01-25,22.49,23.81,36.18,28.67,35.09,30.97,24.37,24.43,23.6,32.85,21.8,20.07,22.66,20.52,20.66,48.71,15.06,15.6,15.85,17.4,22.49,19.21,26.9,20.91,12.53,14.15,20.56,17.31,19.24,20.57
2024-01-26,22.96,24.41,36.34,20.22,32.54,30.51,25.62,24.82,23.2,31.79,20.6,19.56,22.92,20.05,17.94,35.41,14.3,15.87,15.25,16.63,21.69,18.51,26.82,21.14,11.86,14.11,19.26,16.79,14.17,20.24
2024-01-29,23.93,25.02,36.67,19.94,33.3,31.07,27.78,25.0,23.38,32.96,20.42,20.19,23.39,19.92,17.19,33.91,14.35,15.72,15.68,18.71,21.18,19.26,26.98,22.21,12.33,14.75,19.19,17.34,14.59,20.29
2024-01-30,24.18,26.61,41.31,19.65,33.99,31.8,29.44,25.26,23.14,33.86,21.86,21.27,23.72,20.18,17.09,34.88,14.19,16.0,16.33,18.62,21.83,18.71,28.35,22.51,12.42,15.08,18.93,17.56,14.46,21.08
2024-01-31,24.29,25.69,38.73,20.09,29.91,31.58,31.97,26.76,23.75,33.04,22.6,21.76,24.33,20.52,17.07,33.9,15.31,16.77,16.59,18.87,20.76,19.81,21.32,25.24,12.84,15.62,19.7,18.69,15.22,21.51
2024-02-01,25.39,25.37,36.28,20.06,28.65,30.29,32.25,26.89,23.87,33.04,22.02,21.27,23.88,15.97,16.54,32.98,14.03,17.12,16.08,18.34,21.5,16.29,19.15,23.13,11.97,15.78,17.73,17.25,14.8,21.25
2024-02-02,20.03,24.72,24.31,19.89,27.94,32.29,32.6,26.82,21.04,32.31,21.87,20.87,24.16,16.49,16.04,32.75,14.42,16.57,15.88,18.78,21.49,15.8,18.65,23.24,12.11,15.96,17.63,17.62,14.53,21.07
2024-02-05,19.81,27.76,24.55,20.45,29.65,25.72,34.58,28.67,20.76,33.42,23.32,21.79,25.18,16.77,16.1,34.0,14.52,17.11,16.51,14.98,21.35,16.52,19.9,24.3,12.24,16.98,19.58,18.29,14.52,21.3
2024-02-06,18.77,25.92,23.72,20.03,28.61,24.13,34.5,28.68,20.11,33.97,22.43,21.03,24.96,15.69,15.68,34.28,13.41,16.84,16.65,14.62,21.02,16.05,18.48,23.14,11.95,15.89,18.51,17.28,14.3,21.26
2024-02-07,18.27,19.34,22.93,19.67,28.38,23.93,35.04,27.99,19.25,34.92,21.3,20.96,24.42,15.33,15.15,33.05,14.05,16.65,14.85,14.28,20.57,15.71,18.14,23.21,11.75,14.99,18.33,16.94,13.88,21.14
2024-02-08,18.34,18.56,23.24,19.65,28.79,23.63,35.98,28.53,19.05,24.78,20.67,20.81,24.56,15.71,16.45,33.47,13.66,16.48,16.79,13.72,20.44,15.5,18.86,22.64,11.43,15.57,18.35,18.38,14.16,21.37
2024-02-09,17.91,18.82,23.48,19.29,28.64,24.21,36.99,28.73,19.64,23.0,20.54,20.31,24.59,15.14,16.5,33.57,13.53,16.31,16.61,14.43,19.59,15.74,18.25,22.61,11.31,16.25,18.14,17.99,14.16,21.6
2024-02-12,18.84,20.08,24.66,20.12,29.36,24.11,38.33,29.93,20.13,23.18,20.89,22.67,26.02,15.8,17.04,36.36,14.04,17.59,17.25,14.87,20.92,16.69,19.99,23.69,12.19,16.92,18.76,19.09,14.98,22.06
2024-02-13,19.86,20.95,25.98,21.29,30.72,25.38,39.9,29.22,20.97,23.78,22.45,23.36,26.89,16.76,17.44,36.8,15.14,18.39,15.58,15.22,23.25,17.49,20.49,24.87,12.69,17.6,19.4,19.35,15.87,23.14
2024-02-14,19.42,20.59,24.63,20.53,29.82,24.29,39.48,29.83,19.85,22.85,21.34,22.16,25.93,15.91,16.48,36.04,14.29,17.63,14.67,14.55,22.22,17.54,19.33,23.75,12.29,16.14,18.51,18.61,15.1,23.06
2024-02-15,20.29,20.41,25.13,20.32,29.66,24.12,39.74,18.14,20.01,22.82,21.56,22.34,26.06,16.11,17.39,36.28,14.2,17.64,13.51,14.12,22.03,16.95,19.97,24.9,12.18,16.52,18.55,18.33,14.74,23.12
2024-02-16,20.71,21.17,25.65,20.22,29.48,24.17,39.96,17.52,19.94,23.06,21.32,22.16,25.51,16.32,17.4,38.31,14.44,17.46,13.57,14.2,21.3,17.21,19.78,26.73,12.35,16.41,17.79,18.47,15.04,23.15
2024-02-20,21.18,20.98,27.04,21.09,30.07,25.68,41.79,17.55,20.63,22.84,21.81,22.35,20.46,16.89,18.25,38.48,14.89,17.83,13.8,15.16,22.26,17.64,20.74,30.27,13.08,16.97,17.93,19.05,16.01,16.62
2024-02-21,20.79,20.58,27.3,21.62,29.73,25.41,41.2,16.96,20.28,22.66,22.0,22.59,20.04,16.54,19.79,36.14,15.39,17.9,12.18,14.77,22.01,17.06,20.94,29.69,12.78,16.89,17.69,18.48,15.94,15.38
2024-02-22,19.28,20.62,26.11,21.24,29.73,24.52,39.31,16.35,19.87,22.06,20.44,21.94,18.8,16.8,17.98,34.08,14.71,18.02,12.86,14.41,21.7,17.58,19.72,32.16,12.29,17.31,17.25,18.94,15.26,14.63
2024-02-23,19.18,20.37,24.94,20.2,28.51,23.38,39.63,15.32,19.05,22.21,21.9,21.4,18.29,16.26,17.81,32.52,14.4,17.07,12.54,13.98,21.09,17.35,19.2,35.44,12.45,16.65,18.03,18.6,14.88,14.36
2024-02-26,19.27,20.09,25.81,21.61,29.14,23.85,43.01,18.9,19.26,23.13,19.69,21.44,18.52,15.85,17.31,32.53,13.35,16.86,12.96,14.28,21.32,16.82,19.54,35.03,12.35,17.17,17.81,18.92,15.12,15.43
2024-02-27,19.49,21.05,24.92,20.56,29.14,23.42,43.53,16.38,19.84,22.3,21.26,21.33,18.03,16.06,18.14,32.6,15.75,16.7,13.05,14.34,21.47,16.91,19.59,35.81,12.98,17.28,21.52,18.16,15.22,14.79
2024-02-28,19.66,20.89,24.84,20.72,28.78,24.02,43.33,16.56,19.85,21.63,21.43,21.47,18.37,16.41,18.6,31.98,14.57,17.11,12.58,14.49,23.23,16.82,19.17,36.73,12.25,17.04,21.35,18.03,15.43,14.27
2024-02-29,19.35,20.84,23.38,19.91,27.97,22.95,26.87,15.49,19.09,21.95,19.47,21.23,16.93,17.33,18.96,31.97,13.64,16.3,12.63,13.34,24.99,17.56,18.7,33.66,12.58,17.08,20.33,17.99,15.53,13.48
2024-03-01,19.62,20.65,23.64,20.37,29.28,23.36,25.97,16.13,19.51,22.71,20.11,21.49,16.53,16.55,19.2,34.37,14.2,16.75,12.77,14.37,26.74,17.19,18.49,38.2,12.07,17.47,20.39,18.24,15.14,13.86
2024-03-04,21.37,20.99,24.23,21.75,29.93,24.57,26.86,16.41,20.83,22.85,21.12,21.84,17.92,17.37,22.38,35.84,15.39,17.57,12.89,14.74,28.5,18.9,19.43,38.21,12.59,18.77,21.59,19.02,16.22,14.78
2024-03-05,22.56,20.91,25.38,21.91,30.06,24.73,28.71,19.33,21.0,24.34,21.11,22.8,18.47,17.92,21.16,35.63,15.49,18.88,13.58,14.51,30.26,21.34,21.5,40.64,13.16,18.77,21.92,20.24,16.4,15.1
2024-03-06,22.42,21.29,25.53,21.76,29.93,24.34,27.8,19.76,20.84,24.51,20.29,23.06,18.49,19.29,22.8,39.34,15.51,18.97,13.74,15.85,32.02,19.32,20.86,38.25,12.91,19.46,22.79,20.15,16.01,15.42
2024-03-07,22.28,22.23,25.41,21.9,28.89,24.07,27.53,19.79,20.79,24.5,20.65,23.16,18.04,17.88,22.9,41.95,18.79,19.52,13.33,15.34,33.78,20.7,21.28,39.26,13.24,19.34,20.96,21.28,16.76,16.73
2024-03-08,21.71,21.75,24.12,21.23,29.14,24.62,27.26,18.12,20.44,24.25,21.64,23.02,18.27,17.8,21.8,38.42,18.62,19.65,13.42,15.22,35.53,20.04,21.47,39.82,12.94,18.96,21.95,21.2,16.3,14.75
2024-03-11,21.67,21.29,25.81,22.3,31.47,24.41,27.21,17.95,20.49,24.11,21.65,22.28,18.48,18.11,21.89,39.02,16.55,20.71,12.98,15.18,37.29,21.49,21.99,38.7,13.02,19.67,22.89,22.93,16.62,14.78
2024-03-12,20.36,21.3,24.47,20.77,33.02,23.59,26.4,17.74,19.19,23.28,20.38,23.15,16.76,17.08,22.87,36.94,15.71,20.62,13.41,14.36,39.05,19.1,20.33,40.67,12.39,19.95,23.0,20.28,15.32,13.92
2024-03-13,21.48,21.9,24.3,20.45,32.64,23.42,25.42,17.54,18.94,23.31,20.84,21.57,17.27,16.9,20.03,36.45,15.0,21.08,11.97,15.91,40.81,22.1,20.44,40.89,11.96,20.22,24.14,21.66,16.65,14.68
2024-03-14,20.44,20.96,24.22,21.57,31.93,23.62,26.11,16.98,19.23,24.29,20.03,22.34,17.85,17.21,21.33,36.53,15.6,21.94,12.71,14.92,42.57,22.31,21.17,39.84,14.97,20.5,22.66,20.88,15.59,14.11
2024-03-15,19.37,21.08,24.87,22.03,31.32,24.68,26.15,18.48,18.89,23.82,18.96,22.76,17.74,17.1,21.07,36.24,15.25,21.52,12.97,15.38,44.32,20.99,21.03,39.17,12.98,19.97,22.15,22.36,15.83,14.49
2024-03-18,21.03,21.34,24.88,23.69,31.63,25.48,25.41,16.94,18.73,23.94,20.23,23.57,17.98,16.78,22.24,36.03,16.03,21.29,12.61,14.88,46.08,22.7,20.83,38.43,14.64,20.19,21.98,20.56,15.99,14.03
2024-03-19,19.95,20.72,23.44,23.71,30.55,24.29,24.25,16.42,18.25,23.24,19.66,23.71,17.48,16.09,19.91,34.49,15.59,20.87,12.1,14.56,47.84,21.96,19.76,38.23,14.95,20.35,21.62,19.33,15.52,13.86
2024-03-20,18.73,20.87,22.72,23.98,28.85,23.87,23.38,15.76,17.76,22.62,18.8,23.26,16.92,15.4,19.38,35.41,15.49,20.35,11.5,13.87,49.6,21.07,19.08,36.74,15.27,20.74,22.94,18.65,14.85,13.21
2024-03-21,22.15,21.25,24.58,24.69,28.97,25.11,23.47,15.61,17.32,23.26,19.32,23.92,17.2,16.28,21.21,37.31,15.94,20.5,12.17,14.41,51.36,21.74,19.44,41.61,15.67,19.77,22.99,19.9,15.55,13.3
2024-03-22,20.92,21.86,25.71,25.21,30.8,24.61,23.44,15.38,17.51,23.03,19.37,22.64,17.27,16.43,22.57,37.33,15.7,20.94,12.09,14.68,53.11,21.74,19.55,18.17,15.46,20.11,23.41,20.16,16.78,13.41
2024-03-25,21.09,24.69,30.8,27.0,33.1,26.71,24.42,14.59,18.42,23.68,20.83,23.94,17.88,19.77,28.04,43.1,16.6,21.3,13.78,16.08,54.87,24.37,22.09,21.1,16.37,20.94,24.77,22.85,19.26,13.89
2024-03-26,20.85,23.96,32.81,26.81,29.88,26.93,24.08,15.67,18.77,23.47,20.22,24.46,18.93,19.15,28.73,44.23,16.42,21.14,13.51,15.83,56.63,23.18,22.5,20.54,18.06,21.77,23.64,23.26,20.27,13.69
2024-03-27,19.83,20.78,33.97,27.24,34.27,28.2,23.85,14.83,18.66,22.9,20.77,23.27,17.34,18.67,31.85,45.62,15.89,20.52,13.54,13.11,58.39,20.89,22.36,20.07,15.74,20.72,23.23,20.09,19.32,13.08
2024-03-28,19.98,20.96,33.87,26.51,33.34,26.34,23.11,14.76,18.35,22.46,21.2,22.76,17.63,20.87,30.52,46.74,16.63,20.04,12.07,14.09,60.15,18.66,22.38,19.65,15.94,20.34,24.13,22.52,19.47,13.28
2024-04-01,24.1,24.67,35.55,27.49,35.66,28.23,24.68,15.77,19.32,24.32,22.54,23.87,20.36,20.68,31.14,47.31,15.43,21.2,13.26,16.82,61.9,21.16,25.03,20.78,15.74,21.48,24.49,22.86,20.38,13.76
2024-04-02,25.16,26.5,36.93,28.62,35.86,29.22,25.24,16.05,20.04,25.22,22.11,24.49,19.99,21.27,30.96,48.83,16.88,22.31,13.68,17.28,63.66,20.19,25.87,20.05,16.63,22.49,27.41,24.62,20.55,14.53
2024-04-03,25.84,27.2,36.85,29.68,36.91,29.61,25.31,16.51,19.95,23.08,27.87,24.83,19.68,21.17,31.02,47.29,17.32,22.39,14.83,18.31,65.42,20.74,26.59,20.83,18.19,23.05,24.2,28.25,22.33,13.43
2024-04-04,26.73,30.52,37.56,32.79,38.42,30.33,28.31,17.16,21.19,25.08,23.21,25.67,21.03,22.05,33.88,47.2,19.26,24.2,15.67,19.28,29.03,20.09,27.52,22.95,18.45,23.89,24.52,25.03,21.88,14.9
2024-04-05,25.89,30.76,37.64,31.5,37.56,30.95,26.84,16.95,20.99,24.99,22.9,25.21,20.08,21.93,33.32,46.85,17.06,23.67,15.26,19.44,30.64,20.71,26.88,22.72,17.7,23.6,24.76,25.37,21.98,14.53
2024-04-08,25.84,29.21,38.0,32.62,37.59,31.01,26.95,17.43,20.89,30.72,23.98,26.22,19.83,21.87,35.5,45.35,18.68,24.55,15.2,19.59,30.01,21.54,27.14,22.49,17.5,24.33,24.93,23.84,21.91,15.3
2024-04-09,25.17,29.53,37.67,32.54,37.31,31.02,26.75,15.89,20.4,30.23,22.2,26.39,20.3,22.05,35.38,42.94,17.62,23.76,14.89,18.42,31.61,21.74,26.72,21.19,16.54,24.8,25.01,23.4,22.49,14.36
2024-04-10,25.87,29.19,38.22,32.62,36.98,30.45,26.77,17.04,21.03,33.71,26.47,26.18,20.22,20.4,33.94,45.61,18.32,27.0,15.33,19.75,29.76,20.9,28.06,22.79,17.59,25.61,27.06,24.63,22.01,14.86
2024-04-11,25.46,30.06,37.72,31.87,37.02,31.03,27.04,18.38,20.85,32.86,22.64,26.3,20.16,21.33,35.91,42.75,19.18,25.15,14.92,18.67,28.83,20.95,27.41,21.62,17.95,25.74,27.03,26.57,22.26,15.48
2024-04-12,27.22,31.79,39.43,33.26,39.02,33.1,28.5,21.42,23.85,32.76,24.16,26.78,22.57,23.18,36.2,44.68,20.05,22.22,16.59,20.02,30.54,23.58,29.25,19.73,18.44,26.11,29.27,25.25,23.74,17.13
2024-04-15,28.29,32.73,40.18,33.01,39.22,34.62,31.73,26.87,24.74,34.87,25.9,24.15,24.75,23.45,36.01,44.57,20.42,20.96,16.99,20.76,32.28,23.58,30.61,24.14,18.97,27.57,29.53,25.37,24.5,21.62
2024-04-16,28.96,32.75,39.54,32.92,38.49,34.43,30.14,27.71,25.18,35.25,25.56,23.21,25.76,23.87,35.24,45.06,17.73,19.97,16.81,20.58,31.82,23.85,29.62,24.3,18.39,27.41,21.0,25.82,24.38,22.18
2024-04-17,29.18,32.34,40.08,33.26,37.29,35.56,28.92,29.16,24.84,35.11,25.46,22.93,26.09,23.95,35.11,44.24,16.99,19.57,16.65,20.36,31.99,22.84,30.68,23.75,17.41,17.93,20.53,25.92,23.35,24.23
2024-04-18,28.74,31.63,40.35,32.12,37.37,35.66,29.33,28.36,24.48,35.07,25.39,21.94,26.22,23.24,34.77,44.15,16.75,19.01,16.16,20.16,31.72,22.67,30.66,23.07,17.81,17.42,19.74,25.84,23.14,23.67
2024-04-19,28.99,31.0,41.4,23.08,37.11,35.37,28.78,28.75,24.96,34.73,25.34,21.77,25.02,23.83,33.85,46.71,16.89,19.33,15.65,19.61,31.87,22.83,30.93,23.15,13.96,17.93,19.43,24.88,23.21,23.19
2024-04-22,27.64,30.81,40.21,22.6,35.95,34.46,27.79,28.14,23.7,34.24,24.5,21.62,25.12,23.64,33.08,44.04,16.15,19.62,15.27,18.75,33.87,21.73,30.19,23.45,12.61,16.98,19.1,19.98,22.52,22.66
2024-04-23,27.23,30.2,39.54,21.47,37.55,32.93,28.61,27.02,23.22,33.6,23.65,20.83,24.45,21.36,34.24,53.56,16.11,19.34,14.85,18.14,33.63,22.12,29.27,20.17,12.54,17.0,18.47,18.09,21.8,22.81
2024-04-24,27.53,30.53,40.89,20.32,30.76,33.25,29.6,27.08,22.94,33.35,23.99,20.76,23.91,21.95,35.05,47.48,16.66,18.82,14.76,18.75,26.48,21.06,30.61,21.64,14.21,19.14,18.86,17.93,17.4,22.17
2024-04-25,27.75,30.76,42.92,19.61,29.46,26.8,32.78,28.41,22.64,33.28,21.4,20.18,24.71,17.9,22.6,45.49,16.34,20.14,15.33,18.67,31.68,17.31,35.36,21.49,12.9,17.37,18.18,18.16,17.42,22.22
2024-04-26,26.99,30.57,41.05,19.53,28.64,24.7,31.8,27.6,20.12,33.72,21.68,20.48,23.73,17.71,20.47,32.43,16.24,18.7,14.74,18.76,31.99,17.33,22.02,21.07,12.48,15.78,17.67,16.6,16.4,22.3
2024-04-29,27.59,31.08,42.98,19.74,28.63,24.57,34.6,27.29,19.67,31.65,23.05,21.13,24.73,16.87,20.46,33.47,16.43,18.56,14.63,19.94,33.37,17.48,22.8,23.4,12.17,17.05,18.03,17.36,16.79,22.1
2024-04-30,26.39,30.54,47.1,20.79,28.93,25.75,35.89,27.7,20.53,36.79,27.32,21.97,25.89,16.91,20.35,34.3,16.65,19.96,13.3,14.69,25.75,17.69,24.41,22.83,12.39,17.47,18.6,20.01,17.03,22.4
2024-05-01,28.52,30.55,27.71,20.28,30.29,24.45,36.66,29.0,22.09,34.19,25.35,19.63,25.97,15.33,19.88,33.29,16.42,19.38,14.4,15.68,19.88,16.29,23.01,22.0,11.28,17.05,18.63,19.65,17.3,22.54
2024-05-02,27.56,31.96,25.6,20.05,29.29,23.73,36.19,28.29,18.67,36.98,21.69,20.67,25.61,17.45,20.05,35.83,15.62,20.23,12.14,14.57,19.63,16.58,21.83,23.12,11.88,16.55,18.22,17.66,16.75,22.78
2024-05-03,18.09,22.77,23.61,18.4,28.62,22.62,35.45,28.04,19.02,35.71,22.93,20.85,25.33,14.86,17.92,30.55,15.25,18.19,11.76,14.52,21.13,16.01,19.62,21.87,11.2,14.69,17.86,19.61,15.47,22.28
2024-05-06,18.46,20.72,23.46,19.31,31.6,22.55,36.51,28.21,19.06,35.21,20.62,19.52,25.79,17.14,17.94,30.07,14.94,18.13,11.73,15.02,23.02,16.97,19.65,21.16,11.31,15.99,18.11,17.94,15.18,23.48
2024-05-07,17.57,19.57,22.68,18.96,30.19,21.81,37.06,30.39,18.19,21.87,20.52,17.96,25.52,15.34,16.98,31.47,14.73,17.72,11.33,15.78,20.55,15.92,19.75,22.77,11.09,15.72,17.42,16.71,14.96,22.95
2024-05-08,17.31,18.46,22.25,17.96,30.62,22.14,35.75,30.05,17.87,20.67,24.64,19.32,26.44,14.79,16.84,30.93,13.98,17.85,10.88,15.16,21.29,16.78,19.67,22.75,11.0,15.44,18.26,15.53,14.44,22.25
2024-05-09,16.9,19.4,22.47,16.85,28.55,21.38,37.12,28.93,16.94,19.98,19.83,18.87,25.3,14.49,16.62,30.17,12.14,17.78,10.45,14.63,18.76,14.96,18.74,23.27,10.91,14.33,17.64,16.08,14.07,23.37
2024-05-10,17.11,18.9,21.9,17.93,28.95,21.62,35.42,35.07,16.38,19.43,19.66,17.87,24.7,14.28,15.54,28.9,13.89,16.92,10.34,13.87,21.35,14.89,18.26,24.18,10.21,14.49,17.62,15.35,13.77,22.96
2024-05-13,19.48,19.34,22.99,19.31,29.1,22.31,36.32,30.76,17.14,19.09,20.36,19.17,24.83,14.46,16.71,31.02,13.65,17.59,11.11,14.67,19.84,17.99,19.24,20.42,11.5,14.62,19.03,16.08,14.79,23.54
2024-05-14,19.0,19.34,23.07,19.31,28.02,22.84,36.4,26.71,17.44,19.4,18.83,19.16,19.31,14.6,16.05,31.84,14.2,17.77,12.33,14.82,19.75,15.37,18.84,21.75,11.34,14.74,17.9,16.56,15.06,22.39
2024-05-15,18.59,19.79,23.68,17.45,29.36,21.15,36.35,32.53,16.46,18.84,20.77,18.22,17.46,15.75,15.11,29.05,13.05,16.91,12.27,14.97,19.7,15.16,17.76,20.97,10.92,14.86,18.68,16.44,14.94,21.77
2024-05-16,18.47,19.55,23.46,19.49,29.74,22.23,36.1,18.85,17.05,18.72,17.53,18.36,17.69,14.19,16.03,32.26,13.03,17.22,12.01,13.97,20.19,15.2,17.43,22.13,10.69,14.99,18.33,15.35,14.11,13.81
2024-05-17,17.89,18.16,22.33,18.3,28.73,21.35,35.31,16.82,16.3,17.81,16.01,17.53,16.6,13.76,15.58,30.69,13.95,16.64,11.81,13.76,19.84,14.99,17.0,21.21,10.43,14.21,17.46,16.16,13.75,12.85
2024-05-20,17.96,17.98,22.85,18.27,28.84,21.87,35.77,18.23,16.46,17.73,16.1,17.8,16.89,13.68,15.9,30.12,13.04,16.66,12.02,14.05,19.99,15.28,17.16,21.29,10.38,15.5,17.13,15.31,14.0,12.8
2024-05-21,17.67,17.81,22.63,18.22,28.65,22.03,36.09,16.76,16.31,17.36,15.94,18.01,16.43,13.66,16.24,29.97,12.76,16.13,11.8,13.96,19.33,15.44,16.97,20.49,10.22,15.46,16.95,15.67,13.95,12.68
2024-05-22,18.06,19.7,22.65,18.77,29.19,22.51,35.92,17.18,17.46,17.56,17.41,18.31,16.89,14.14,16.47,30.92,13.3,16.64,11.92,14.22,19.64,15.98,17.18,21.38,10.17,15.78,17.31,15.96,14.15,12.85
2024-05-23,19.07,20.07,22.96,19.76,31.68,23.09,36.36,17.34,17.51,18.04,17.01,18.79,17.38,14.94,16.5,30.92,14.05,16.99,12.32,14.91,20.09,16.54,17.31,23.03,10.92,16.63,17.55,16.68,14.7,12.78
2024-05-24,18.27,18.98,21.99,18.53,30.71,22.36,36.55,16.76,16.78,17.33,15.89,18.07,16.3,14.56,15.75,30.3,14.05,16.02,11.8,14.59,19.65,16.28,16.0,23.6,10.36,15.69,17.47,15.5,14.02,12.37
2024-05-28,20.0,20.17,23.09,19.76,31.63,22.52,38.04,17.0,17.35,18.61,16.57,19.5,17.89,15.88,17.73,32.26,14.85,18.01,12.47,15.3,21.09,17.65,17.86,30.74,12.34,16.57,19.13,15.94,15.12,12.95
2024-05-29,20.79,20.18,23.66,20.63,31.6,22.78,39.64,18.13,18.87,19.22,16.79,20.1,18.81,15.93,18.24,30.23,15.64,18.35,12.18,15.98,22.4,20.23,18.25,33.56,13.51,17.78,20.6,14.58,15.77,13.63
2024-05-30,21.78,21.06,24.32,20.91,31.07,23.5,30.34,19.95,19.01,19.16,17.43,20.88,18.61,15.54,18.92,33.26,15.31,18.51,12.98,16.35,20.7,22.03,20.27,35.68,13.3,18.34,20.71,17.15,15.31,13.95
2024-05-31,20.15,20.37,24.31,20.18,32.8,23.26,27.09,18.92,18.4,18.29,20.99,19.9,19.08,16.3,18.3,31.57,15.67,17.71,12.03,15.7,21.3,22.36,19.33,29.26,12.12,18.34,20.69,17.3,15.05,12.82
2024-06-03,21.2,20.63,23.99,20.5,23.82,23.49,25.87,18.81,18.72,19.2,18.12,20.5,19.19,16.63,18.92,33.9,13.93,18.77,12.54,16.43,21.0,19.02,19.37,35.18,12.52,18.73,20.17,16.79,15.33,12.98
2024-06-04,20.95,20.13,24.09,20.36,30.34,23.37,25.46,19.44,18.96,19.35,22.64,20.32,18.41,15.32,18.23,32.6,15.88,19.12,12.14,15.4,22.36,16.82,18.67,34.33,12.14,19.78,19.09,15.62,14.75,13.05
2024-06-05,20.75,19.01,22.88,20.48,28.38,22.29,23.55,19.65,18.94,19.71,18.18,19.5,17.64,14.81,17.69,31.91,14.85,18.94,11.0,16.01,21.47,16.64,17.54,36.55,11.31,19.46,18.47,15.57,14.53,12.53
2024-06-06,20.7,19.8,22.84,20.19,28.15,22.98,24.25,17.76,19.28,19.58,15.99,19.48,18.21,15.11,17.85,32.01,14.7,19.29,12.05,15.62,20.93,16.03,17.62,38.73,11.73,19.02,19.25,15.72,14.88,12.74
2024-06-07,20.37,19.14,22.16,20.13,26.06,22.75,23.34,17.93,18.39,19.25,19.99,19.25,17.97,14.74,17.45,31.49,14.49,19.13,11.63,15.97,20.53,16.46,17.52,36.88,11.52,18.74,19.39,16.46,14.06,13.41
2024-06-10,19.22,19.38,22.3,20.39,30.43,22.1,23.54,17.01,18.41,20.15,20.32,19.79,18.2,14.91,17.86,32.38,14.48,21.82,11.98,16.51,20.19,16.73,17.36,40.5,12.12,19.65,21.55,17.19,15.52,13.28
2024-06-11,20.78,19.9,22.13,20.96,26.79,22.67,23.92,16.39,18.58,19.93,18.67,20.61,19.23,15.25,17.6,32.85,16.01,22.66,12.33,17.17,22.91,17.74,17.72,33.88,12.16,20.91,20.58,18.04,14.58,13.55
2024-06-12,22.58,18.98,22.36,20.29,27.46,21.48,24.16,16.62,17.76,20.38,19.21,20.55,18.43,12.4,17.12,31.8,14.89,23.28,11.95,14.11,20.71,16.14,17.84,35.71,11.4,20.76,20.51,19.52,14.78,12.93
2024-06-13,21.59,19.32,23.06,20.48,28.43,21.86,23.63,16.63,18.26,20.64,17.83,21.35,18.44,15.1,17.17,31.89,16.0,23.26,11.38,15.54,20.65,17.89,17.75,37.36,11.35,20.62,21.23,22.77,15.6,13.11
2024-06-14,20.63,20.04,23.52,21.06,28.82,22.61,23.63,17.01,18.42,21.73,22.31,21.92,18.14,14.94,18.81,32.09,15.17,23.43,12.6,15.89,21.38,16.58,17.43,37.69,11.76,20.73,20.64,19.89,15.09,13.98
2024-06-17,21.91,20.17,24.17,23.12,30.22,23.22,23.88,17.5,19.48,21.81,19.69,24.49,18.95,15.01,18.61,33.22,17.02,23.11,12.85,16.24,21.51,17.32,18.29,39.51,12.69,21.56,24.46,19.3,15.31,14.12
2024-06-18,22.48,19.72,24.62,23.3,29.98,23.13,23.51,18.19,18.9,22.09,17.92,24.18,18.95,14.77,19.85,33.28,17.6,22.65,12.65,16.71,21.83,16.51,17.64,38.65,12.76,22.39,25.62,19.66,15.12,13.77
2024-06-20,21.62,20.37,25.18,26.32,30.8,23.41,24.02,17.46,18.86,21.54,18.57,25.3,19.28,15.84,20.51,35.61,17.63,23.0,13.09,17.32,22.93,17.32,19.05,40.21,13.37,22.6,26.25,20.06,15.58,13.96
2024-06-21,20.04,19.72,24.55,25.8,30.33,22.94,23.49,16.81,18.33,21.61,19.09,25.57,18.4,15.22,21.34,34.48,16.98,23.0,12.69,15.71,22.39,16.55,18.64,38.28,12.87,22.57,25.88,19.29,15.85,14.51
2024-06-24,20.34,20.06,28.13,26.11,31.84,23.01,24.03,16.94,18.41,21.21,20.69,25.76,18.63,15.93,26.7,43.33,15.62,22.09,13.29,16.59,23.21,16.6,21.03,37.5,12.61,21.89,24.54,20.25,17.87,13.23
2024-06-25,19.56,20.34,28.83,26.43,33.12,22.64,23.25,16.64,18.01,21.35,21.15,25.21,19.43,15.75,26.55,40.91,15.49,22.27,11.81,16.39,26.55,16.15,21.5,37.96,11.58,22.96,25.83,22.79,18.13,13.8
2024-06-26,19.88,20.63,29.63,26.64,32.98,22.87,23.04,16.47,18.29,22.14,21.75,25.85,18.97,16.72,29.59,44.41,18.7,22.98,13.78,15.73,25.84,16.4,22.03,39.96,12.42,23.74,25.64,22.15,17.71,13.5
2024-06-27,20.62,20.2,31.56,26.08,33.78,22.85,24.53,16.9,19.24,22.34,25.56,25.72,18.74,18.2,29.99,43.73,19.07,22.39,13.65,17.17,24.49,19.53,23.17,42.23,12.88,23.56,26.59,22.22,18.55,13.89
2024-06-28,22.46,20.11,34.47,26.29,33.22,22.03,25.0,17.67,19.27,22.15,17.76,26.3,20.29,17.66,26.87,43.89,16.33,22.35,13.44,17.26,24.82,20.49,22.73,26.2,14.21,24.48,27.21,22.7,21.03,13.62
2024-07-01,23.77,19.62,37.01,25.91,35.41,23.68,24.71,18.51,18.76,22.55,21.72,25.25,19.66,18.96,30.66,45.41,16.56,22.27,14.11,20.36,27.26,18.96,24.38,23.51,14.97,24.38,28.48,21.23,19.74,14.22
2024-07-02,24.3,20.74,38.04,26.39,32.68,22.85,24.12,16.49,21.03,22.01,21.45,24.99,20.41,19.46,29.84,44.14,17.06,20.7,13.86,20.26,26.55,19.9,24.22,21.62,15.11,24.3,28.27,22.1,19.26,13.67
2024-07-03,25.14,20.84,38.97,26.56,32.59,23.18,23.17,16.66,18.6,22.68,23.74,24.39,19.83,18.65,29.98,44.18,16.99,21.12,14.0,21.77,28.82,20.21,24.37,21.0,18.15,24.93,29.73,23.63,20.02,14.35
2024-07-05,25.76,22.43,37.75,26.55,33.73,24.41,24.6,16.49,20.31,25.32,24.31,24.43,20.01,18.78,30.45,47.42,17.56,20.5,14.18,21.56,27.41,20.89,24.88,21.14,16.58,24.87,29.37,23.2,20.18,16.33
2024-07-08,25.73,25.12,38.67,27.77,35.68,26.29,25.5,17.95,19.38,29.42,23.04,24.9,20.62,19.52,32.13,58.65,19.36,21.1,14.78,22.42,29.48,20.43,25.54,22.72,17.53,25.66,29.7,19.89,21.01,14.74
2024-07-09,25.47,25.62,38.08,28.17,34.6,28.32,25.84,18.0,19.54,31.26,22.45,25.65,21.52,18.7,31.28,49.59,18.96,21.41,13.5,22.91,28.57,21.59,25.59,22.85,18.46,26.71,28.77,22.18,21.02,15.05
2024-07-10,26.04,26.41,38.47,28.92,34.87,30.22,26.87,18.73,19.76,32.73,20.68,23.46,20.84,19.19,31.41,49.37,20.1,21.91,15.23,21.6,32.27,18.6,25.74,23.79,16.51,26.11,28.91,23.26,21.48,14.93
2024-07-11,26.78,26.61,38.93,28.47,34.65,28.52,26.48,19.15,21.19,32.3,22.02,26.5,21.32,21.08,32.33,47.69,18.9,21.67,15.55,20.83,30.75,22.99,26.5,22.62,16.99,26.42,29.21,22.43,20.81,16.34
2024-07-12,25.86,26.85,38.63,27.84,33.46,28.93,25.56,19.43,19.86,32.61,23.37,25.0,20.76,19.32,32.54,47.2,17.97,17.33,14.9,21.13,30.18,19.2,26.5,23.92,17.53,25.33,26.7,21.09,20.98,17.2
2024-07-15,27.28,27.35,39.61,28.6,35.4,30.1,26.06,24.36,21.08,33.53,21.35,21.72,23.98,19.83,32.05,47.49,17.64,18.06,15.29,21.97,31.05,21.13,26.59,24.03,16.65,25.77,26.85,22.22,21.39,21.12
2024-07-16,26.0,27.61,39.69,27.67,34.73,31.68,25.45,25.33,20.69,33.34,21.1,21.17,24.39,19.88,31.74,46.73,18.48,18.03,14.99,22.2,30.87,21.93,26.15,23.56,17.27,24.25,20.72,22.14,21.46,22.18
2024-07-17,27.14,28.54,43.01,28.19,36.96,31.81,27.01,28.22,21.38,34.96,22.42,21.62,25.93,20.2,33.11,46.46,16.45,18.53,15.65,23.09,31.29,22.28,27.31,24.68,17.73,25.13,20.5,22.14,22.85,23.42
2024-07-18,27.57,28.79,43.72,27.76,36.67,32.88,27.58,28.12,21.83,34.43,24.31,21.75,26.24,20.23,32.33,50.62,15.95,19.44,15.85,23.17,31.37,24.14,28.24,24.46,18.55,27.3,22.1,22.47,23.48,23.81
2024-07-19,27.52,28.65,42.95,21.99,37.15,32.84,28.87,29.18,22.37,34.73,26.83,21.66,26.13,20.43,32.91,49.16,16.25,19.19,16.51,22.99,30.81,24.18,28.93,24.07,18.86,20.3,21.77,24.28,23.49,23.78
2024-07-22,27.06,29.39,41.81,20.86,36.62,32.04,28.73,29.71,21.86,34.18,25.08,20.85,25.95,20.1,31.14,48.02,15.46,18.27,18.43,23.47,30.04,21.69,27.93,22.79,17.79,18.24,20.31,18.38,22.09,23.77
2024-07-23,26.52,29.54,40.66,20.79,37.93,32.41,28.97,29.63,23.09,36.27,21.9,21.2,25.91,19.62,33.5,47.36,15.99,17.71,14.81,23.87,28.58,23.35,27.25,23.39,17.42,16.92,20.24,17.91,23.02,23.38
2024-07-24,28.79,30.78,43.51,22.07,37.46,33.02,31.36,30.6,20.97,36.67,24.49,21.28,28.34,19.29,35.43,48.9,16.57,19.56,14.2,24.48,27.48,24.25,30.67,25.95,16.68,18.24,21.41,16.44,19.41,23.77
2024-07-25,29.47,31.22,44.31,22.62,36.95,34.74,31.54,31.12,23.79,36.19,26.07,22.14,29.46,19.07,23.27,47.76,17.47,21.8,13.93,25.39,31.78,23.67,32.61,28.39,17.31,19.53,20.34,17.32,19.24,24.65
2024-07-26,28.59,30.68,43.5,21.86,35.05,34.22,30.9,31.44,25.17,36.63,22.45,23.86,29.08,19.16,21.41,49.9,16.99,18.83,13.5,26.83,32.74,27.95,30.68,24.04,18.0,19.27,20.73,16.15,18.62,23.85
2024-07-29,28.96,30.87,43.4,22.28,36.55,34.97,36.54,30.86,23.3,36.46,27.08,23.25,29.68,18.65,20.96,47.79,18.78,19.78,13.19,20.35,25.53,25.75,31.82,24.75,19.02,19.19,20.41,17.25,18.96,23.78
2024-07-30,29.01,30.53,44.21,22.59,38.17,35.07,40.1,31.39,22.72,36.47,22.82,24.1,29.86,19.84,20.61,51.32,17.95,19.43,13.44,19.75,23.78,23.15,31.96,24.22,14.32,18.91,22.57,17.11,18.44,24.25
2024-07-31,28.34,30.63,40.92,22.47,32.74,36.04,40.9,29.65,23.47,37.63,21.02,23.42,28.47,18.57,18.73,50.53,18.69,18.72,13.82,18.29,21.7,20.78,24.12,24.41,14.15,19.87,20.82,17.78,17.41,24.12
2024-08-01,30.34,31.17,43.59,23.52,33.82,36.15,43.74,32.09,26.22,37.45,25.53,25.34,31.17,18.99,21.08,54.15,18.44,20.42,14.09,20.41,24.13,19.32,24.8,25.71,13.69,21.31,22.42,16.75,17.76,24.81
2024-08-02,28.47,32.62,36.37,30.03,38.25,38.74,44.17,35.08,25.37,41.49,29.48,30.88,34.92,22.03,22.7,56.05,20.78,25.61,16.89,20.91,24.43,23.24,27.41,26.53,16.2,22.41,24.11,20.24,21.78,27.23
2024-08-05,37.17,38.41,41.97,35.72,46.36,44.99,52.67,42.68,28.95,46.68,26.98,35.67,40.07,25.61,28.58,60.69,22.32,31.95,21.38,24.45,27.47,26.57,34.54,33.82,19.81,31.21,27.39,24.54,28.19,33.14
2024-08-06,30.1,34.17,35.34,27.05,40.63,32.45,48.1,39.19,25.62,42.38,31.24,29.36,34.88,21.83,22.53,51.26,20.42,26.27,17.83,19.71,26.58,22.44,27.61,26.49,16.91,24.8,26.28,19.18,22.99,27.34
2024-08-07,30.58,28.02,34.63,30.65,37.07,31.73,49.42,37.23,26.81,31.02,27.27,30.25,39.76,23.6,22.99,45.17,19.24,26.47,17.69,22.95,24.43,22.23,28.95,30.93,16.76,25.03,25.55,18.82,23.37,30.08
2024-08-08,26.65,25.27,31.37,27.56,36.75,28.25,46.96,35.16,22.51,25.92,27.14,26.73,35.17,20.58,20.87,45.84,18.35,23.35,15.95,21.53,25.51,21.81,25.71,27.69,16.56,23.63,23.45,18.7,20.94,29.59
2024-08-09,25.0,23.12,29.48,24.84,34.34,26.61,44.64,33.85,17.14,24.54,25.12,24.2,32.67,17.85,20.27,45.6,17.46,21.84,14.95,19.76,24.86,20.1,23.7,25.66,14.79,23.44,24.51,17.43,19.43,27.74
2024-08-12,25.32,23.74,29.64,25.32,34.97,26.93,45.26,40.74,22.06,24.63,24.48,25.56,31.13,18.84,20.54,44.93,18.82,22.09,16.21,19.53,22.26,21.49,23.44,25.43,15.68,23.26,24.33,18.08,19.26,27.59
2024-08-13,24.04,22.53,27.53,24.08,33.88,25.22,43.76,35.11,20.78,22.87,23.66,24.51,23.99,18.38,20.07,41.3,16.61,20.43,15.15,18.91,20.93,20.96,20.93,25.24,13.71,21.88,22.65,19.69,18.44,28.73
2024-08-14,22.97,21.6,27.46,22.78,31.2,23.96,42.6,33.14,19.27,21.18,20.24,22.55,22.52,16.55,17.79,40.62,17.12,19.67,14.98,18.37,25.15,20.61,20.25,25.17,13.31,20.51,22.3,17.6,16.39,29.36
2024-08-15,21.5,20.57,25.85,20.66,31.41,22.1,42.02,17.35,18.25,20.73,19.67,20.83,20.03,17.45,16.14,37.85,14.67,18.36,14.17,16.45,19.2,19.6,19.61,24.72,11.71,20.57,20.67,16.52,16.25,15.32
2024-08-16,21.25,20.24,24.95,20.03,31.02,22.03,42.69,15.5,17.86,20.43,17.53,19.96,19.26,15.52,15.79,39.95,15.15,17.72,13.41,16.53,21.12,19.72,19.65,24.19,13.68,17.29,20.15,14.4,15.51,14.88
2024-08-19,20.97,20.19,24.13,19.76,29.71,20.48,41.24,14.52,17.65,20.27,19.59,19.75,18.07,15.98,16.45,39.58,14.09,17.1,12.67,16.48,18.49,19.65,19.08,22.25,12.21,16.29,20.15,15.36,15.08,14.13
2024-08-20,21.35,20.29,24.85,20.6,32.71,22.06,42.09,15.12,17.79,20.74,20.41,21.05,19.13,16.65,16.32,39.95,14.87,18.23,13.38,17.25,19.88,20.41,19.81,23.19,12.45,17.51,20.83,15.7,15.75,14.44
2024-08-21,21.55,20.14,25.49,21.88,32.48,21.82,41.88,15.49,17.87,20.71,18.7,20.98,18.99,16.78,16.44,39.6,14.73,18.37,13.12,16.72,20.8,19.98,19.97,23.13,12.5,16.22,20.93,15.33,16.36,14.75
2024-08-22,22.67,21.02,27.46,22.46,32.93,22.47,43.71,17.07,18.12,21.75,19.94,21.93,20.1,18.75,17.45,43.03,14.73,19.32,13.17,17.62,20.64,20.38,22.38,24.77,13.15,18.39,22.04,15.75,16.84,15.59
2024-08-23,21.65,19.77,25.52,20.9,31.25,21.46,41.43,14.88,17.0,20.41,18.4,20.46,18.92,16.54,16.16,40.95,13.62,17.84,12.33,16.55,18.92,18.58,20.28,23.98,12.28,17.29,20.88,14.87,15.78,13.98
2024-08-26,22.85,20.46,26.6,21.6,32.57,22.52,42.87,15.55,17.89,21.29,20.57,20.91,19.54,17.12,16.89,42.79,13.9,18.22,12.74,17.49,19.84,19.46,21.53,31.71,12.75,17.76,20.82,15.48,16.52,14.51
2024-08-27,22.61,20.23,27.29,21.34,32.66,21.94,42.8,15.5,19.06,21.08,19.98,20.93,19.1,16.64,17.4,42.3,14.34,17.63,11.43,16.98,19.9,17.95,21.22,37.01,11.69,18.58,20.08,14.89,16.19,14.86
2024-08-28,23.76,20.98,27.75,22.57,32.61,23.44,45.44,16.41,18.2,21.57,21.17,21.65,19.12,18.21,18.04,45.46,14.65,19.26,13.01,17.1,20.34,18.55,23.17,34.69,13.02,18.67,21.21,15.7,17.29,15.02
2024-08-29,24.03,20.56,26.06,21.75,32.09,22.6,25.99,16.56,17.92,21.31,18.25,21.57,19.02,16.18,17.05,40.61,14.29,18.03,13.04,17.27,19.41,18.39,21.09,38.63,12.74,17.74,20.84,16.84,16.75,14.6
2024-08-30,22.61,19.78,24.87,21.48,31.09,21.78,23.62,14.37,18.81,20.49,21.17,20.0,18.16,15.55,15.82,43.07,13.47,17.56,12.26,16.02,18.87,18.81,19.55,37.23,12.33,17.11,18.74,14.59,16.07,14.13
2024-09-03,26.06,21.06,28.69,25.31,38.1,26.76,28.4,17.51,20.35,23.67,25.05,25.22,20.77,18.69,19.61,47.49,14.99,21.15,13.94,18.24,22.78,19.77,23.3,36.53,14.31,20.07,21.87,16.83,18.4,16.22
2024-09-04,26.6,22.03,29.1,25.56,37.8,27.14,28.29,18.79,21.34,24.4,21.5,25.53,21.88,19.66,18.57,49.36,15.5,21.41,14.79,18.82,24.24,22.1,23.67,41.22,14.19,20.72,21.01,15.69,18.08,16.37
2024-09-05,26.61,22.39,28.82,25.78,37.54,27.62,27.76,19.49,20.99,24.16,26.78,26.1,21.52,19.62,20.04,49.82,15.81,22.47,14.43,18.68,23.89,20.98,23.47,45.29,13.62,22.17,22.2,16.97,17.94,16.08
2024-09-06,28.28,23.78,31.59,27.83,39.37,28.03,29.29,19.94,22.62,25.6,23.16,27.94,22.93,20.5,19.87,52.66,15.31,24.14,15.85,18.83,25.43,21.26,25.14,41.92,14.29,21.77,23.09,18.25,18.81,16.45
2024-09-09,26.78,22.92,29.07,27.37,37.84,27.66,28.53,19.16,21.81,24.54,23.77,26.76,21.79,20.27,20.64,50.91,15.76,25.3,15.43,18.83,25.16,21.52,23.89,38.87,14.16,22.87,23.81,19.53,17.8,16.71
2024-09-10,25.69,22.39,28.92,30.47,38.78,26.94,28.08,19.83,22.9,24.42,24.63,27.42,22.22,20.63,19.13,49.39,14.79,27.82,15.24,18.43,24.48,18.82,22.93,43.8,14.4,23.1,23.37,25.56,18.39,16.65
2024-09-11,24.17,22.17,27.45,28.12,37.54,24.84,27.24,18.22,23.38,25.18,22.82,25.54,21.94,18.38,19.17,48.6,14.83,27.21,13.76,18.73,22.91,19.98,22.46,42.44,14.27,22.63,23.85,19.34,17.61,16.35
2024-09-12,23.37,22.12,26.73,28.22,38.23,25.57,26.42,17.42,20.62,23.35,23.05,25.5,20.94,18.69,19.43,50.1,15.04,26.29,13.69,18.04,23.33,18.81,21.51,43.06,15.99,22.45,23.25,20.42,16.92,15.47
2024-09-13,22.71,22.34,26.2,25.95,39.15,25.26,25.75,17.17,21.46,23.49,25.23,25.14,21.01,19.32,20.81,48.07,14.92,26.02,14.66,17.58,22.16,18.6,20.7,42.9,14.48,21.48,23.42,18.34,16.32,16.04
2024-09-16,24.11,22.94,27.1,27.95,38.72,26.3,26.73,18.92,21.79,24.77,21.72,26.59,22.55,18.53,20.97,51.66,18.45,26.06,15.08,17.95,23.26,19.33,21.47,43.38,16.81,23.04,25.24,19.34,16.8,16.73
2024-09-17,23.83,22.81,27.03,28.56,38.47,25.97,26.66,18.42,21.65,24.57,21.67,27.89,22.06,19.18,20.62,51.57,17.56,26.1,15.93,17.83,23.08,18.64,21.3,43.85,17.34,24.59,27.68,19.23,16.44,17.41
2024-09-18,24.19,22.13,26.75,29.62,38.18,26.22,25.75,18.19,21.25,24.28,20.48,28.05,21.67,19.17,20.18,52.05,18.97,26.28,15.2,17.46,22.11,18.08,21.15,42.89,18.86,26.15,26.89,18.05,16.35,17.52
2024-09-19,22.15,21.7,24.91,29.2,36.32,25.26,23.92,17.82,20.02,22.82,19.52,26.69,20.16,18.53,20.22,48.96,17.55,24.6,14.77,17.11,22.4,17.57,19.85,42.1,18.7,25.77,26.78,17.83,16.77,16.85
2024-09-20,21.72,21.19,23.9,28.36,37.4,23.37,23.83,16.45,20.08,21.62,19.77,26.34,19.38,17.6,21.82,59.51,17.54,24.35,14.6,16.89,22.61,17.29,19.53,39.17,17.8,25.5,25.31,18.89,16.77,16.9
2024-09-23,20.92,22.05,25.12,28.78,39.74,24.33,23.98,17.04,19.61,21.91,21.07,26.13,18.93,18.84,27.66,56.97,17.54,24.21,15.09,16.96,25.26,17.82,20.21,37.94,17.35,26.44,26.35,22.46,18.73,17.09
2024-09-24,20.6,23.88,25.03,28.86,38.95,24.57,24.55,15.57,19.85,21.8,21.39,26.34,19.5,20.89,28.17,56.22,18.53,23.16,15.23,16.85,28.14,17.32,21.53,34.88,17.13,27.14,27.05,20.47,21.65,16.65
2024-09-25,20.99,23.81,26.14,29.14,43.55,24.46,24.59,16.0,20.58,22.46,24.85,27.06,19.14,21.34,29.89,57.03,17.03,24.57,16.7,17.74,31.05,17.53,21.33,31.54,18.63,27.31,27.37,22.72,22.14,17.28
2024-09-26,21.54,23.76,28.29,29.11,41.87,25.86,24.22,16.78,21.55,23.1,23.35,26.59,19.13,19.96,31.91,55.43,18.7,24.62,16.32,16.56,26.28,18.94,22.02,33.64,18.17,27.67,28.19,22.19,21.48,17.95
2024-09-27,22.97,24.03,29.88,30.26,43.33,26.55,24.73,17.26,21.61,23.54,24.22,26.7,19.43,20.87,31.76,56.76,18.13,24.74,17.0,17.56,30.49,19.48,23.77,34.29,18.51,27.94,28.2,21.44,21.31,18.05
2024-09-30,24.17,27.99,34.58,30.18,45.62,28.31,25.48,17.05,22.87,23.53,23.32,27.75,19.91,21.32,32.28,61.51,17.72,26.0,16.81,18.88,30.07,23.18,25.69,37.24,18.57,28.48,28.73,21.6,21.91,18.59
2024-10-01,26.49,30.41,36.43,30.9,45.84,30.52,26.68,19.22,24.1,24.39,23.96,28.46,21.28,21.92,31.42,60.17,19.5,26.34,17.59,19.59,32.57,22.34,27.65,40.18,18.41,29.0,30.17,22.04,22.03,19.52
2024-10-02,27.33,31.54,37.89,30.96,45.45,31.37,26.14,15.34,24.65,24.48,28.67,27.71,21.51,22.72,31.65,62.48,19.85,26.14,18.13,20.25,34.14,25.85,27.71,22.55,18.32,28.84,31.55,21.45,22.58,19.42
2024-10-03,27.38,33.42,39.19,32.24,46.52,31.44,26.3,17.22,25.73,24.93,23.91,29.81,21.85,23.19,33.32,64.57,20.59,28.8,18.74,20.64,37.67,27.56,29.21,23.46,21.13,30.61,31.08,23.85,22.62,19.72
2024-10-04,26.23,33.24,37.95,31.72,44.75,30.21,25.75,18.7,26.25,23.79,23.67,29.37,20.79,21.79,32.26,64.89,19.29,26.08,17.97,20.59,34.57,25.72,28.18,22.69,20.26,29.67,32.71,22.74,22.12,16.69
2024-10-07,29.52,35.88,41.03,34.43,48.02,33.18,28.21,17.87,26.72,27.54,24.43,32.93,23.38,24.22,32.72,67.96,21.9,28.99,20.75,21.79,39.56,28.78,30.51,25.54,20.46,35.72,36.36,23.12,24.64,21.83
2024-10-08,28.14,35.29,39.4,33.88,47.76,33.38,27.59,17.71,26.92,27.63,26.82,32.64,23.73,24.35,33.57,66.47,21.2,29.07,19.44,21.91,37.59,28.27,29.55,26.11,19.83,32.21,36.88,23.93,23.82,21.13
2024-10-09,27.23,35.21,38.65,33.54,47.91,32.75,27.68,17.91,26.72,27.33,24.14,31.91,24.0,23.62,33.58,67.7,21.43,28.56,22.6,21.55,37.71,28.06,29.47,25.73,19.83,31.71,36.56,24.71,24.08,20.72
2024-10-10,27.21,35.54,38.34,34.21,48.12,32.27,26.95,18.27,26.24,27.42,25.95,31.8,24.32,23.37,33.29,68.08,21.52,28.04,19.2,21.18,36.53,28.59,29.32,25.69,19.83,30.94,35.95,24.34,24.28,20.71
2024-10-11,26.81,37.73,37.64,33.37,46.68,31.41,26.82,18.85,25.18,29.75,25.76,29.92,22.77,22.94,33.82,67.03,20.08,24.12,18.57,20.86,36.85,28.5,29.07,25.42,19.04,30.34,34.38,23.28,24.06,20.02
2024-10-14,25.86,39.22,37.83,33.26,46.65,30.94,26.1,24.03,24.48,34.2,24.75,28.52,23.48,23.3,32.83,66.33,19.72,22.74,18.92,20.89,38.18,28.37,29.14,25.37,19.85,30.41,32.56,24.34,23.57,20.38
2024-10-15,26.45,39.09,38.05,33.52,46.27,30.38,27.32,26.44,24.97,36.51,25.37,27.12,24.63,23.32,33.52,68.1,17.06,23.21,20.9,20.8,37.58,28.65,28.96,25.96,20.39,30.5,27.63,24.69,24.18,20.13
2024-10-16,25.52,38.51,37.96,34.19,44.76,31.16,26.37,24.85,25.0,38.15,25.52,26.27,25.15,23.49,32.59,69.05,15.38,22.65,18.5,19.96,39.07,28.78,29.12,25.28,19.79,30.91,24.75,24.69,23.49,20.72
2024-10-17,25.29,38.92,37.16,33.67,44.92,31.34,26.41,26.64,24.74,38.56,25.07,24.95,25.3,24.52,32.21,67.46,15.01,22.16,19.05,20.29,41.15,28.58,28.83,24.8,19.71,21.04,25.4,23.86,23.42,21.31
2024-10-18,24.51,39.37,36.74,25.1,44.5,30.19,26.21,25.79,24.84,37.94,25.0,23.92,24.92,23.66,32.12,65.73,14.72,21.41,18.3,20.12,39.52,28.33,27.87,24.4,14.46,19.59,24.01,23.44,22.35,21.78
2024-10-21,24.75,43.13,37.38,26.15,43.17,32.48,27.36,25.54,25.33,38.26,25.19,24.94,25.81,24.26,32.46,66.86,15.22,22.01,18.28,20.89,40.27,29.6,28.76,24.63,15.3,19.75,24.95,20.26,22.89,24.86
2024-10-22,24.9,44.64,38.2,25.96,47.94,31.9,27.53,26.14,26.41,37.94,23.8,25.0,25.89,24.29,34.21,66.59,14.82,23.28,22.47,20.45,24.78,27.57,28.85,26.24,16.39,20.02,24.91,20.14,23.19,26.5
2024-10-23,27.23,46.63,40.15,26.76,41.83,33.81,27.81,25.43,26.12,37.59,17.93,25.74,26.55,24.47,32.59,65.13,15.83,23.67,15.13,26.18,28.28,28.16,29.94,25.74,15.91,20.28,27.19,18.66,23.78,28.18
2024-10-24,26.95,46.5,39.55,26.37,38.6,33.59,28.96,22.52,27.43,37.88,23.62,26.03,26.66,20.68,20.89,65.78,16.08,23.36,16.36,23.02,26.64,30.08,31.22,23.46,15.45,20.87,26.3,17.91,23.71,28.16
2024-10-25,27.38,45.78,39.7,26.41,39.83,34.33,29.87,26.81,27.42,38.03,21.92,26.53,28.36,19.86,19.98,67.78,17.16,24.19,15.92,24.37,25.94,29.62,29.83,26.74,16.23,21.34,26.17,18.56,23.27,27.84
2024-10-28,26.82,47.28,39.83,25.62,39.77,33.13,32.14,26.31,26.89,38.66,25.7,26.9,27.96,20.36,19.92,66.05,17.67,23.89,17.11,23.47,25.01,30.44,30.27,24.16,15.81,21.93,25.86,19.57,23.52,27.9
2024-10-29,25.89,46.15,39.65,25.61,38.01,33.83,33.06,26.45,27.21,38.04,26.7,26.66,28.55,20.28,19.57,67.33,18.18,24.06,17.15,19.15,24.63,29.93,29.92,27.51,15.93,23.16,27.21,17.29,23.4,28.05
2024-10-30,27.47,47.72,39.65,26.14,37.24,28.98,34.86,27.5,27.89,44.21,23.08,27.12,30.46,19.81,21.27,71.42,18.69,24.01,17.37,19.16,24.08,26.84,31.05,27.18,17.2,23.66,27.26,19.58,19.36,28.57
2024-10-31,30.76,42.61,43.57,27.56,38.48,30.42,37.15,31.05,27.56,43.28,30.36,29.04,30.97,20.4,22.05,92.79,18.7,26.23,17.81,19.69,26.07,26.32,26.29,31.37,17.89,26.34,30.06,19.94,21.2,30.42
2024-11-01,24.55,41.82,27.67,27.35,38.69,29.28,35.45,29.33,23.92,41.85,26.61,28.98,31.11,19.71,20.5,51.75,18.5,25.72,17.55,18.84,25.37,23.76,23.42,30.75,17.03,25.7,29.13,19.67,20.52,30.56
2024-11-04,24.25,44.21,27.19,26.78,37.9,30.84,38.23,31.46,23.19,41.01,27.64,30.47,31.49,21.51,20.94,52.04,19.3,26.68,17.16,19.78,26.37,24.36,23.16,31.23,14.99,26.78,31.32,21.14,20.41,31.47
2024-11-05,22.98,42.6,26.14,27.29,36.13,29.46,39.64,32.14,22.51,41.99,23.86,29.12,30.2,19.82,19.73,50.38,17.83,24.88,17.66,18.6,23.98,23.34,20.44,28.86,15.97,26.93,32.58,19.46,19.49,31.13
2024-11-06,21.15,42.74,25.12,23.85,35.26,25.01,36.59,27.68,19.17,38.08,22.84,27.76,28.92,18.12,18.52,48.73,16.36,23.09,18.16,17.43,21.59,22.33,17.73,26.5,16.95,21.06,23.24,17.93,16.08,28.47
2024-11-07,18.68,42.76,23.62,23.29,34.75,24.03,36.11,28.17,19.36,37.46,22.05,22.76,28.21,18.75,16.8,48.07,15.92,20.94,16.59,17.39,21.48,20.12,18.47,26.42,15.71,20.77,21.74,19.62,15.18,27.97
2024-11-08,18.33,41.39,22.6,21.5,34.66,22.91,36.89,27.94,17.71,36.72,21.26,22.33,26.19,16.2,17.69,41.6,14.54,19.69,15.32,16.69,22.24,20.05,17.56,23.05,13.62,19.88,20.79,16.68,14.6,27.81
2024-11-11,19.49,43.06,23.96,22.9,35.79,23.28,40.51,30.19,18.36,38.64,25.07,24.34,25.12,17.87,18.14,44.75,15.41,20.38,15.55,17.37,20.83,19.88,19.1,24.4,14.92,21.94,23.03,18.21,15.68,29.04
2024-11-12,19.74,48.28,24.03,23.42,35.66,24.05,40.25,27.59,18.42,38.88,23.12,24.45,21.42,19.53,18.64,44.8,16.37,20.97,13.88,17.26,20.62,18.86,19.15,24.58,15.03,21.78,21.87,16.63,15.93,29.75
2024-11-13,18.91,47.3,23.98,22.58,35.98,24.34,40.29,25.6,18.27,37.61,21.62,23.2,20.41,18.57,19.79,44.0,14.19,20.58,16.25,16.51,21.98,17.55,18.82,24.46,15.06,22.61,22.1,19.09,15.38,29.53
2024-11-14,18.61,52.13,24.0,22.48,36.42,23.15,39.8,15.89,16.94,22.65,22.95,22.67,20.98,17.88,19.37,42.77,15.68,20.22,17.55,17.42,21.61,21.17,18.7,25.82,15.04,22.87,22.65,18.52,16.08,29.15
2024-11-15,20.09,55.47,27.24,23.59,35.71,23.53,40.64,18.7,18.43,23.73,29.1,23.77,20.22,18.15,20.81,43.59,16.35,20.96,18.16,18.08,24.39,23.17,20.57,28.52,15.24,21.21,22.11,18.02,15.96,29.72
2024-11-18,19.55,53.58,27.32,23.58,34.47,22.78,39.86,15.74,17.05,21.86,23.33,23.74,20.03,17.16,19.68,45.39,15.47,20.54,17.25,17.54,23.34,22.55,20.08,33.02,14.28,20.95,22.32,17.47,15.41,30.3
2024-11-19,20.05,53.48,26.62,23.83,34.96,23.59,40.88,15.49,18.06,21.31,22.75,23.68,20.6,17.32,19.88,45.19,15.82,20.4,17.03,17.54,23.89,22.87,19.81,35.23,15.11,20.18,23.02,18.07,15.62,19.46
2024-11-20,19.98,55.93,27.88,24.17,35.36,23.58,42.06,16.33,17.51,21.59,22.47,24.1,20.99,17.77,20.4,49.26,15.89,20.82,16.95,17.5,24.66,23.82,20.77,37.29,14.99,21.22,24.12,18.15,16.46,18.69
2024-11-21,20.17,54.27,29.02,23.14,34.32,24.32,43.53,17.11,17.71,20.14,23.32,24.4,21.07,17.58,20.3,48.0,14.9,20.95,16.71,17.38,23.99,24.33,20.39,37.81,15.75,19.83,23.53,17.93,16.52,18.58
2024-11-22,19.46,56.07,27.42,23.33,33.35,22.78,42.42,15.5,16.42,19.57,21.62,22.72,20.03,17.51,20.31,43.99,15.23,19.84,15.65,16.14,23.55,23.03,18.79,39.83,14.16,18.34,22.58,17.68,15.85,20.65
2024-11-25,17.94,54.78,26.28,22.09,33.28,22.77,40.14,16.04,16.18,18.17,22.0,22.52,19.24,16.69,18.59,44.81,15.28,19.12,14.89,16.42,23.07,20.84,17.75,39.96,14.81,19.03,21.6,17.13,15.7,18.14
2024-11-26,17.18,24.33,25.22,20.84,33.78,22.26,40.09,15.22,15.54,17.53,22.64,21.56,19.19,15.65,18.67,42.52,13.92,18.7,14.68,14.5,20.27,20.64,17.19,40.53,13.31,20.95,21.2,16.01,14.56,18.51
2024-11-27,16.79,21.98,24.9,21.5,30.6,21.25,38.92,15.1,17.55,18.62,19.95,20.87,18.2,16.52,18.26,42.56,14.31,18.13,16.09,14.99,20.25,22.53,17.83,40.98,12.99,19.67,20.75,16.23,13.22,18.2
2024-11-29,16.6,21.16,24.61,21.65,31.94,23.21,39.0,15.18,16.66,18.09,22.36,21.33,16.63,16.05,18.79,40.5,14.41,18.98,15.06,14.81,21.38,21.5,16.91,41.41,13.96,19.14,21.32,16.82,13.73,17.61
2024-12-02,16.76,21.27,24.27,22.61,33.54,22.53,38.25,16.6,15.88,18.44,22.9,21.17,17.94,17.25,17.3,46.06,14.32,18.33,14.92,15.79,20.26,20.86,17.37,42.8,13.61,19.85,21.68,16.77,14.57,18.68
2024-12-03,16.45,21.11,23.53,20.82,33.36,22.39,39.26,17.26,16.26,18.75,22.71,21.18,18.04,17.66,17.8,47.37,14.65,15.67,14.71,16.75,20.31,20.37,17.51,42.68,15.09,19.4,21.6,16.31,14.79,18.83
2024-12-04,16.52,21.64,23.66,19.57,31.6,21.93,26.18,16.0,17.65,18.07,21.83,20.14,17.15,16.68,18.63,49.22,15.05,21.06,15.82,15.04,24.55,20.83,17.32,39.46,12.91,17.61,20.93,18.36,14.75,18.65
2024-12-05,16.24,22.43,23.54,19.92,33.14,21.94,25.49,16.34,16.22,19.77,21.71,21.41,17.96,15.83,17.97,48.44,14.46,17.79,15.23,15.56,23.47,19.76,17.22,40.67,13.72,19.47,24.94,18.37,14.7,17.76
2024-12-06,14.97,22.24,23.44,20.69,31.24,22.17,24.9,14.89,18.13,16.78,22.37,20.87,17.55,17.51,18.17,45.76,17.85,18.49,16.34,15.64,23.02,21.22,17.12,42.07,13.6,19.34,29.43,15.63,16.18,17.66
2024-12-09,16.8,23.58,25.8,22.65,33.87,23.73,26.31,16.84,18.4,19.81,23.03,21.96,18.53,16.79,21.68,47.82,16.45,19.21,16.93,16.36,23.91,25.22,18.48,39.92,15.02,22.29,28.18,19.92,16.22,18.87
2024-12-10,17.36,24.16,25.31,23.05,35.13,24.08,26.74,15.76,19.0,18.96,23.37,22.41,19.4,20.04,21.87,49.03,15.64,20.54,16.4,16.68,26.3,26.77,18.21,44.62,14.95,24.42,25.68,21.74,16.12,18.87
2024-12-11,17.02,25.68,24.86,22.56,33.92,24.51,26.92,17.23,19.24,18.65,22.99,21.78,18.9,20.31,21.25,46.77,16.47,20.53,16.61,16.78,24.3,22.4,17.56,43.69,18.45,23.71,30.13,27.9,16.63,18.99
2024-12-12,16.91,26.8,24.98,22.44,34.57,24.04,26.95,17.79,18.39,19.05,24.16,22.77,19.01,20.16,22.25,49.4,16.19,19.69,13.84,16.95,24.2,24.56,18.67,43.74,15.11,23.01,30.68,21.67,16.5,18.69
2024-12-13,15.65,24.44,25.14,22.21,35.3,23.4,26.82,16.92,19.12,19.31,24.75,22.98,18.95,19.55,21.19,50.2,15.91,20.93,16.54,16.88,24.22,25.46,17.64,42.92,15.09,21.69,30.14,21.7,16.41,17.95
2024-12-16,17.64,25.25,25.96,23.77,35.82,24.96,28.59,17.95,20.24,20.38,26.41,25.79,20.13,22.51,22.62,51.78,18.17,23.57,17.74,18.66,25.21,25.25,18.06,45.01,15.39,24.26,35.03,22.6,17.32,18.84
2024-12-17,17.91,24.77,26.84,23.65,35.94,25.49,27.77,18.33,20.85,20.81,26.9,27.93,20.82,23.4,22.96,52.01,17.97,24.63,17.33,18.12,25.34,24.04,19.8,49.44,18.03,23.08,39.8,21.83,17.09,19.59
2024-12-18,21.04,26.75,30.47,27.2,37.25,28.21,29.96,18.98,21.47,23.63,27.83,33.61,23.59,23.42,24.34,52.29,20.8,28.56,18.9,19.36,26.88,25.02,23.25,38.35,18.47,21.89,39.44,24.2,19.26,21.47
2024-12-19,21.34,26.85,31.03,28.31,39.82,28.54,31.38,19.54,23.39,24.98,32.14,31.62,26.09,23.72,25.41,57.9,21.26,28.85,20.02,20.73,28.82,25.58,23.51,48.11,18.18,25.21,39.78,24.03,21.12,22.42
2024-12-20,17.91,22.28,26.92,25.82,35.19,25.18,26.97,17.83,20.45,22.78,30.39,28.87,21.64,22.07,22.9,48.82,18.58,25.77,18.71,18.61,26.99,23.14,20.73,27.45,17.59,22.48,33.5,22.12,18.31,18.25
2024-12-23,17.65,22.26,25.47,27.45,34.46,24.35,25.95,15.15,19.96,21.3,23.08,26.99,20.45,20.59,22.74,53.52,19.52,25.36,16.49,18.01,26.49,27.21,19.67,24.74,16.98,21.61,32.93,22.03,17.36,18.96
2024-12-24,16.66,20.22,23.02,26.84,32.04,22.78,24.21,15.86,15.97,20.04,29.01,25.53,18.95,21.0,19.55,47.29,19.42,23.27,15.55,17.07,25.84,21.18,18.21,25.04,18.0,21.44,31.8,22.71,16.68,17.38
2024-12-26,18.18,20.39,24.72,28.23,33.67,24.16,24.3,15.07,20.77,20.05,26.39,26.18,18.81,21.7,23.38,51.71,19.12,23.68,15.25,14.92,25.18,22.02,20.01,20.53,19.63,20.22,32.88,19.31,17.27,16.95
2024-12-27,19.21,21.13,26.44,28.96,33.4,24.44,25.38,14.81,18.72,20.34,22.73,26.48,20.08,21.37,23.84,53.9,18.82,23.87,15.76,16.93,29.55,20.85,21.3,23.25,19.38,20.22,32.89,23.3,18.84,18.29
2024-12-30,22.34,22.64,29.73,29.78,37.24,26.84,26.52,16.65,20.78,21.75,27.11,27.86,20.78,25.82,29.04,58.65,19.26,25.0,16.57,18.57,30.38,22.97,24.43,23.16,19.49,21.42,32.98,23.56,20.3,19.39
2024-12-31,23.67,24.11,30.11,29.24,37.65,27.91,26.39,15.8,19.72,20.89,28.82,27.43,21.16,26.68,30.09,57.82,19.88,25.42,16.83,18.41,33.97,22.97,26.21,23.48,19.5,21.78,32.23,20.96,21.19,18.85
2025-01-02,25.44,23.28,34.4,29.77,39.35,29.89,27.6,17.7,20.29,23.4,29.85,28.26,21.06,27.3,33.31,62.25,19.74,25.13,16.84,19.02,34.97,25.73,26.6,25.21,20.96,23.45,32.5,23.46,22.62,19.41
2025-01-03,24.68,21.96,32.04,28.29,37.88,28.27,25.98,16.79,20.17,22.62,28.99,27.61,19.93,27.07,33.86,60.97,19.17,23.02,16.08,18.81,33.37,23.12,25.93,23.7,19.5,22.55,31.99,23.21,20.4,18.33
2025-01-06,24.7,25.05,34.47,28.74,38.63,28.82,26.31,17.0,21.36,30.78,30.52,28.82,20.41,27.82,34.88,62.68,18.84,24.49,18.03,16.97,34.14,25.46,25.87,23.36,19.77,23.06,33.37,23.21,22.24,19.02
2025-01-07,25.55,24.42,36.65,29.43,37.87,29.37,27.51,16.61,20.64,31.61,31.16,29.75,21.36,30.87,36.02,63.74,20.37,25.25,18.03,17.49,40.14,25.75,26.64,23.59,19.87,23.49,33.39,23.82,21.92,19.4
2025-01-08,25.24,25.66,37.25,30.35,38.11,30.28,27.66,17.8,20.32,34.31,32.11,28.84,20.94,28.41,36.02,64.83,20.89,24.67,17.09,17.99,34.35,28.26,26.87,23.77,19.68,25.53,31.08,23.2,22.31,19.03
2025-01-10,27.15,28.4,38.24,31.68,36.95,31.47,28.13,20.1,21.13,34.42,40.21,30.78,22.27,28.12,37.8,66.85,23.11,25.35,19.27,19.85,35.49,29.08,27.38,23.75,20.74,31.24,36.76,23.21,23.33,17.19
2025-01-13,26.96,30.06,38.36,31.59,37.99,31.8,27.37,24.56,22.65,34.35,31.62,30.74,22.81,31.85,38.27,67.28,21.42,25.66,20.98,21.93,35.22,26.62,26.5,22.73,23.38,29.67,31.11,25.06,23.66,20.4
2025-01-14,27.15,28.83,38.28,31.78,37.53,31.24,28.25,26.16,22.72,36.79,33.36,29.05,22.5,29.28,38.6,66.86,20.69,25.92,18.22,23.26,35.77,28.31,27.75,24.01,21.09,27.72,32.19,24.51,23.27,20.5
2025-01-15,24.37,27.87,35.92,28.8,37.56,29.2,25.77,26.03,21.6,33.12,25.1,22.89,19.26,28.21,37.06,63.33,16.59,19.3,19.41,22.01,35.39,27.89,25.12,23.17,20.22,28.17,30.16,24.23,21.69,18.36
2025-01-16,27.6,27.49,36.33,28.14,36.86,29.0,26.23,27.04,21.31,33.6,28.06,20.67,18.69,27.1,36.67,62.96,17.98,18.23,19.16,22.48,34.2,27.04,25.77,23.65,18.87,28.63,24.08,25.0,21.57,19.91
2025-01-17,26.81,26.77,35.49,27.98,35.69,28.46,25.85,26.16,20.39,32.61,26.94,22.35,18.43,27.34,36.07,67.0,17.23,18.75,17.85,21.92,33.76,27.98,24.57,22.32,19.16,24.75,22.33,26.14,20.76,20.0
2025-01-21,28.26,25.9,35.51,26.89,35.47,29.32,24.95,26.27,21.64,32.32,26.36,20.68,17.75,28.09,36.77,64.24,19.31,17.54,17.67,21.94,21.99,28.93,24.66,23.01,20.67,26.29,21.6,23.43,20.56,25.8
2025-01-22,28.72,26.13,35.73,27.27,35.28,27.88,26.25,26.86,21.4,33.49,28.24,20.36,18.02,27.56,37.58,67.58,16.51,17.68,18.56,22.14,19.9,28.61,25.05,22.31,12.59,22.8,22.47,22.83,20.81,26.98
2025-01-23,28.52,26.51,35.64,27.09,35.85,28.1,26.73,27.92,21.09,34.82,26.79,20.52,18.61,30.1,36.68,62.88,15.77,17.61,18.19,21.86,20.7,29.74,24.48,22.88,13.62,21.02,22.15,22.65,21.14,27.24
2025-01-24,28.8,26.84,35.57,20.16,33.21,27.83,27.3,26.17,21.12,33.97,27.73,20.5,19.41,27.99,36.22,64.55,15.98,17.15,18.97,21.44,19.37,28.88,23.83,23.03,14.01,19.02,21.54,16.25,20.93,27.42
2025-01-27,29.58,26.0,37.74,22.49,33.85,30.64,36.15,30.78,22.89,34.07,30.39,22.91,22.71,30.01,39.43,64.81,16.19,18.21,18.5,20.72,23.09,30.11,26.14,24.14,14.27,20.44,21.56,16.41,21.82,26.8
2025-01-28,29.16,26.36,37.7,21.48,31.62,30.29,37.5,28.55,21.35,33.47,30.05,22.06,23.41,29.0,37.98,67.0,15.71,17.89,18.02,22.5,22.8,29.78,26.97,24.09,14.73,19.81,20.47,16.4,22.39,27.58
2025-01-29,28.9,24.94,38.61,21.35,31.39,30.22,38.48,28.75,22.04,37.4,27.82,22.55,25.14,29.51,39.07,70.13,17.16,18.87,19.92,20.98,24.17,32.49,27.02,32.29,15.13,20.94,21.92,17.07,21.51,28.57
2025-01-30,28.68,25.72,37.28,21.25,29.72,25.06,39.0,28.92,21.86,35.83,33.84,21.83,25.1,30.43,26.95,73.78,13.12,18.0,19.82,22.71,23.7,31.35,22.55,26.07,15.56,22.07,20.64,15.63,21.56,28.56
2025-01-31,23.89,25.99,38.01,22.07,30.96,24.38,38.98,28.42,19.74,37.21,32.78,22.06,24.98,30.22,24.31,48.99,15.18,18.88,19.75,23.08,25.9,28.7,22.46,27.71,14.24,20.59,21.61,16.53,17.04,28.84
2025-02-03,25.58,27.04,39.11,23.37,31.3,26.22,42.73,28.27,20.41,36.86,30.07,23.23,26.9,30.63,25.47,50.75,16.35,19.81,20.63,24.96,26.55,30.76,22.95,28.63,15.5,22.19,23.02,16.41,18.18,28.81
2025-02-04,23.05,26.34,38.58,22.74,30.0,26.12,43.43,26.82,20.13,33.07,29.12,22.48,26.4,30.05,23.15,48.01,15.36,19.4,20.0,23.3,25.06,23.59,21.61,28.21,14.34,21.79,22.75,16.75,17.39,29.07
2025-02-05,22.83,19.54,39.43,21.94,30.0,25.19,44.43,28.38,19.5,22.4,37.28,22.23,25.38,28.77,20.46,49.55,15.2,18.82,18.77,23.91,25.27,23.35,20.65,29.51,14.52,20.71,22.99,16.4,16.5,29.76
2025-02-06,21.42,18.97,37.97,21.34,29.42,23.96,44.86,28.29,19.72,20.98,29.07,22.19,25.59,20.71,21.19,49.67,14.55,19.22,18.67,22.35,24.0,21.52,19.73,28.94,14.05,20.59,25.1,16.43,15.92,29.44
2025-02-07,23.13,20.1,25.99,22.32,29.71,24.63,44.2,29.91,17.66,20.57,29.17,22.47,27.86,19.92,21.9,46.16,14.55,19.24,19.21,22.52,25.68,21.9,21.07,30.76,15.33,20.72,25.57,15.99,16.26,29.9
2025-02-10,22.49,19.81,25.1,22.79,30.35,24.36,43.75,28.18,19.04,20.56,32.38,22.79,27.4,19.82,21.17,49.75,14.66,19.55,19.75,17.31,24.15,22.98,20.25,28.21,14.95,21.84,24.39,13.77,15.49,29.82
2025-02-11,22.25,19.66,24.93,22.83,32.03,23.65,43.95,26.44,18.5,20.18,27.73,22.71,27.51,19.84,21.57,54.31,13.88,19.53,14.39,15.91,23.82,24.8,20.54,28.15,14.32,21.15,24.92,15.78,16.22,29.54
2025-02-12,22.34,19.92,25.71,22.99,29.9,24.7,44.43,26.41,20.15,20.18,32.16,22.08,28.96,20.13,22.0,54.16,12.5,19.54,15.63,16.87,24.5,23.55,19.44,28.04,14.64,21.04,26.41,16.45,15.6,30.87
2025-02-13,21.81,19.51,24.8,22.82,30.41,24.26,44.03,16.89,19.27,20.04,27.09,21.85,28.63,21.66,20.75,63.48,14.33,19.01,13.87,15.75,24.6,24.86,19.53,28.41,14.4,20.93,24.64,15.6,15.85,29.05
2025-02-14,21.28,19.32,24.8,22.29,30.47,23.74,44.46,16.43,18.73,19.53,27.65,21.28,28.43,19.56,20.7,56.79,13.9,18.19,14.92,15.69,25.19,24.6,19.82,29.01,16.82,20.72,25.38,15.09,15.73,30.08
2025-02-18,21.63,19.59,26.19,23.18,30.77,24.9,45.11,17.84,18.63,20.06,27.46,22.26,28.87,19.99,21.05,68.66,16.13,18.9,15.2,15.52,25.38,26.76,20.2,39.65,16.81,20.55,29.19,15.98,15.75,30.03
2025-02-19,20.65,19.34,25.91,23.05,30.34,24.57,45.37,15.88,18.54,20.45,27.28,22.19,28.56,21.02,21.15,62.88,14.84,19.12,14.33,16.15,24.83,27.08,20.88,40.83,15.85,20.38,28.81,15.38,16.53,30.19
2025-02-20,20.5,18.85,25.92,24.56,30.73,24.42,45.21,18.34,18.57,20.74,26.68,24.33,28.55,20.12,21.05,63.46,14.76,20.7,14.57,16.43,25.65,27.47,21.1,40.81,14.9,21.97,28.61,17.83,16.2,20.99
2025-02-21,22.04,20.3,28.07,25.69,34.25,26.76,47.02,18.04,19.72,23.67,26.1,27.21,29.8,21.29,22.74,58.61,15.82,22.38,16.67,17.24,29.05,27.62,21.68,44.05,14.97,19.55,34.7,17.35,16.95,21.3
2025-02-24,23.57,20.67,29.83,26.5,32.96,26.91,48.41,18.54,18.96,23.1,30.39,27.04,28.73,21.07,23.18,54.88,16.03,22.7,16.44,17.57,29.45,26.89,23.55,46.44,16.38,22.15,32.18,17.54,17.73,21.61
2025-02-25,24.56,22.05,31.3,27.38,33.6,27.07,49.45,19.24,20.64,23.81,28.41,28.87,23.37,21.89,23.64,55.05,16.49,24.06,18.52,17.85,30.74,24.2,23.92,42.39,16.36,24.15,32.95,21.06,18.21,23.14
2025-02-26,24.96,22.61,30.13,27.23,34.23,27.73,47.62,18.99,20.36,24.5,27.29,28.07,23.37,22.06,23.73,56.32,17.17,23.79,18.5,18.41,25.04,26.86,25.13,42.97,16.01,24.45,30.23,22.1,17.97,22.24
2025-02-27,26.4,22.8,32.42,28.6,35.14,28.8,32.25,20.73,22.78,24.58,26.9,30.45,24.49,21.56,23.88,54.84,17.46,24.24,18.58,18.54,27.59,25.4,25.93,45.17,15.19,24.38,32.49,19.37,19.39,23.93
2025-02-28,24.9,21.37,30.06,26.29,32.52,26.07,30.1,19.63,19.52,22.93,28.19,28.95,22.52,22.52,24.01,57.42,16.06,23.22,16.85,17.88,25.74,25.39,23.75,43.96,16.7,22.35,30.4,17.7,18.82,21.83
2025-03-03,27.33,22.53,33.68,29.54,36.04,29.47,32.56,21.89,23.79,25.53,29.69,32.59,25.47,23.5,26.27,58.06,17.71,26.89,18.2,19.79,25.84,27.28,26.93,45.43,16.83,25.04,31.7,17.98,20.62,23.97
2025-03-04,29.02,23.97,34.95,33.29,41.83,30.89,33.58,22.62,24.0,26.93,32.42,35.55,26.28,22.99,25.84,61.14,19.1,30.32,20.64,20.12,28.28,25.47,27.54,47.33,17.67,26.35,32.39,20.31,23.19,24.45
2025-03-05,27.37,22.98,32.01,31.64,38.73,29.67,32.43,21.16,25.82,26.6,31.42,32.4,25.22,22.88,25.04,65.68,17.02,27.62,18.02,18.75,27.31,27.04,25.01,50.65,19.72,26.3,30.31,20.13,21.78,23.66
2025-03-06,30.1,23.62,36.17,33.17,41.41,32.38,35.2,21.83,24.98,28.5,33.65,36.48,27.43,25.46,28.26,61.73,17.59,30.79,19.05,19.06,28.84,26.82,28.0,48.06,18.49,27.05,31.93,21.71,23.14,25.17
2025-03-07,27.79,23.41,35.22,32.21,41.32,30.84,34.79,21.96,23.81,27.63,33.72,34.98,25.95,24.59,26.26,58.86,18.26,30.76,18.2,20.03,30.38,26.35,26.68,45.87,19.4,26.61,30.37,23.29,22.67,24.83
2025-03-10,34.13,27.54,40.66,39.14,46.48,36.38,39.65,25.86,26.18,32.26,35.41,41.34,30.4,29.06,32.14,65.06,19.01,37.9,21.03,23.07,31.91,31.9,32.24,51.01,20.26,31.37,33.89,27.1,26.04,32.67
2025-03-11,34.01,27.36,39.05,38.48,44.26,35.38,38.43,26.86,28.23,32.38,39.39,40.39,30.08,28.19,33.65,65.85,19.33,36.46,21.31,23.76,33.45,34.97,30.93,52.96,20.03,30.61,34.12,23.24,27.33,30.29
2025-03-12,31.94,25.88,36.08,34.42,41.46,33.49,34.16,24.29,26.53,30.64,35.21,36.76,27.87,26.22,29.42,56.15,17.87,34.62,19.75,23.35,34.98,31.4,27.22,49.74,20.28,28.06,35.12,27.08,24.46,31.05
2025-03-13,34.76,24.93,37.53,35.59,41.18,33.18,37.82,25.75,26.21,29.7,34.18,37.42,30.76,25.33,30.44,56.16,18.54,34.72,19.15,23.84,36.52,30.19,28.66,51.15,20.26,27.7,36.51,26.33,25.93,31.42
2025-03-14,30.31,22.9,32.87,32.36,37.52,30.02,33.33,23.57,23.27,27.36,32.39,33.64,27.37,22.81,28.39,53.23,16.95,30.73,17.73,21.63,38.05,27.15,24.5,49.52,19.15,24.74,34.95,24.22,22.93,27.5
2025-03-17,29.13,22.42,33.04,34.23,36.18,28.51,32.66,21.73,21.82,26.3,29.9,34.75,25.76,22.44,26.45,54.91,17.22,30.03,16.45,19.95,39.58,26.12,24.29,46.57,17.34,26.04,36.15,21.31,21.73,26.24
2025-03-18,30.32,22.54,34.03,35.97,36.96,29.82,32.95,22.76,22.18,26.94,30.75,37.25,26.94,22.48,28.03,53.7,18.89,31.21,17.39,21.23,41.12,26.29,25.51,47.38,18.49,25.67,35.79,21.77,22.38,27.99
2025-03-19,28.01,21.75,31.49,33.87,35.1,28.22,30.51,20.87,20.67,25.36,29.94,34.71,25.0,22.17,27.29,53.34,18.7,29.09,16.6,19.46,42.65,25.19,23.35,45.91,17.9,26.3,36.4,21.73,20.6,25.0
2025-03-20,28.01,21.5,31.94,33.46,33.51,27.85,30.45,20.86,20.07,25.34,30.29,34.18,24.48,21.52,29.53,51.81,18.07,28.95,16.02,19.31,44.19,25.8,23.9,45.56,18.62,28.39,36.9,21.77,20.77,24.75
2025-03-21,26.17,21.33,29.94,32.95,34.02,27.26,29.34,18.76,19.17,24.25,27.89,32.87,23.8,22.1,30.28,54.34,18.47,27.98,16.83,18.05,45.72,27.2,22.32,28.03,18.8,27.36,34.99,21.67,21.0,23.83
2025-03-24,24.33,21.1,28.97,30.21,34.29,25.19,27.63,18.87,18.85,22.91,28.28,31.44,22.07,22.13,34.29,49.6,15.83,26.38,16.31,18.24,47.26,28.49,22.31,25.56,18.88,26.35,34.63,23.05,20.06,22.35
2025-03-25,23.48,22.96,28.51,30.29,34.75,24.78,27.99,19.48,18.15,23.13,32.51,30.95,22.7,22.34,36.79,49.22,17.53,26.01,15.95,17.99,48.79,36.15,21.69,26.17,18.88,25.55,34.23,24.14,19.71,24.07
2025-03-26,25.09,23.71,29.63,31.88,33.87,25.49,27.89,19.88,18.85,23.88,33.88,32.39,22.84,23.09,39.09,52.44,17.47,27.15,16.54,18.21,50.33,28.4,24.54,28.23,18.8,28.64,33.46,25.07,20.76,23.8
2025-03-27,25.5,24.24,30.66,33.06,34.98,27.18,29.44,20.83,18.02,24.13,32.36,32.98,23.08,24.62,39.35,51.53,17.43,26.59,17.27,18.27,51.86,32.21,24.56,27.59,20.62,27.34,34.41,24.51,19.71,23.07
2025-03-28,28.22,26.47,34.92,35.32,37.73,30.0,32.11,20.54,19.85,26.96,34.32,35.66,24.51,23.76,40.31,55.32,17.47,30.08,18.31,19.91,53.39,33.7,27.47,30.62,19.82,27.32,36.33,25.11,23.38,25.38
2025-03-31,31.44,29.87,39.65,34.89,40.0,33.04,33.51,20.58,20.7,27.33,37.83,35.82,25.09,26.58,41.43,64.18,20.13,29.92,19.52,21.98,54.93,32.91,30.04,29.88,21.98,28.21,35.45,24.63,25.28,25.17
2025-04-01,29.92,31.77,39.34,35.0,40.19,32.59,32.42,20.92,22.07,25.69,32.84,36.46,24.47,25.4,40.82,61.32,20.47,30.2,19.01,21.76,56.46,33.56,30.3,30.48,21.39,28.49,34.81,25.72,26.25,24.35
2025-04-02,30.4,33.15,40.86,33.87,40.12,33.17,32.23,20.54,21.62,27.89,38.29,35.21,24.43,25.85,40.65,64.51,19.68,29.75,19.24,22.27,58.0,35.22,31.12,29.76,21.6,28.17,35.94,24.59,26.4,23.88
2025-04-03,42.33,33.67,48.76,45.78,46.38,39.99,40.93,28.14,30.15,34.83,45.62,44.58,30.72,31.6,44.18,74.81,19.85,37.56,22.67,26.35,59.53,37.96,35.54,51.28,25.41,31.65,39.71,26.61,31.46,30.78
2025-04-04,54.56,46.57,60.26,64.46,70.31,52.79,50.46,37.67,45.14,50.28,59.31,60.03,38.07,46.85,54.3,84.71,25.53,54.2,28.08,35.27,61.07,43.61,40.77,55.84,29.12,46.13,47.58,31.9,45.74,43.14
2025-04-07,58.68,49.11,58.77,65.06,73.26,56.62,51.93,37.49,47.39,56.0,73.99,62.21,40.61,46.17,54.26,89.24,31.48,55.16,31.26,36.75,62.6,49.26,46.0,60.39,33.09,56.84,47.9,37.08,48.42,42.88
2025-04-08,67.15,50.32,64.18,67.19,72.82,61.89,56.56,39.08,58.33,57.69,79.32,66.53,49.35,50.82,60.1,95.75,35.18,58.0,32.16,38.6,60.99,53.23,49.85,62.21,36.97,57.55,42.29,35.72,48.65,49.54
2025-04-09,44.36,37.8,45.66,43.59,51.86,44.46,42.29,27.82,34.31,44.15,53.23,45.89,29.65,32.76,45.08,75.54,28.82,40.15,28.05,26.12,46.94,36.59,34.45,46.21,25.8,40.49,31.22,30.16,33.49,29.46
2025-04-10,54.76,46.1,55.44,55.67,61.63,49.58,49.03,36.35,49.55,55.95,66.66,56.97,37.67,44.66,50.56,83.47,33.2,48.67,27.4,32.22,55.06,54.41,41.16,62.29,28.02,42.38,36.67,31.51,41.83,39.0
2025-04-11,50.29,42.92,51.25,50.78,55.98,46.2,45.96,36.6,42.59,50.6,60.7,50.43,35.97,37.71,47.65,82.53,26.04,41.37,25.05,27.52,49.9,46.38,37.39,58.78,27.1,43.0,35.68,27.68,37.54,33.84
2025-04-14,44.15,37.61,47.85,41.85,49.95,41.32,39.52,33.92,35.29,48.19,52.28,42.05,31.3,34.81,44.85,75.71,23.35,34.42,22.73,27.27,45.55,44.0,34.25,50.88,24.98,32.86,32.12,26.18,32.52,34.48
2025-04-15,39.89,34.63,45.77,39.97,49.03,39.82,36.07,32.17,32.77,45.71,53.18,37.07,28.66,32.51,41.35,70.31,20.13,31.62,22.97,25.54,42.26,40.12,33.41,47.28,22.87,34.02,30.88,25.39,30.75,32.89
2025-04-16,43.82,39.84,48.77,42.85,49.75,40.61,39.64,34.87,34.26,46.6,55.9,40.7,33.55,35.9,42.64,72.39,21.99,34.25,23.33,27.32,45.71,43.01,35.57,48.68,27.94,24.82,31.16,27.34,33.62,38.72
2025-04-17,41.33,36.57,46.63,35.58,47.23,39.54,37.29,33.46,32.4,44.13,50.97,37.22,29.17,32.81,42.91,68.42,19.26,30.96,22.43,25.66,46.03,39.74,34.92,44.22,24.85,21.21,38.19,26.86,31.55,36.53
2025-04-21,44.79,38.1,50.09,40.37,52.85,42.61,42.55,37.05,36.12,49.82,53.92,42.71,35.97,35.72,45.23,70.75,21.13,36.2,25.24,27.17,51.04,40.69,38.0,49.29,28.78,27.43,41.59,35.6,35.55,39.22
2025-04-22,42.06,35.79,48.71,36.81,45.3,39.55,40.55,35.34,34.78,39.85,56.0,38.41,33.6,32.98,43.94,67.95,19.42,31.85,23.36,26.29,33.55,41.42,35.86,47.0,26.78,24.46,34.74,24.25,33.42,36.62
2025-04-23,39.45,35.39,45.98,34.95,39.03,36.9,39.12,35.1,34.52,44.47,49.71,37.31,34.27,31.15,41.48,64.4,21.39,30.99,23.96,26.12,34.93,40.06,34.82,46.28,28.55,25.33,33.25,21.54,32.38,35.5
2025-04-24,36.49,34.36,43.88,31.77,38.01,35.56,37.08,32.26,31.8,42.27,41.57,34.06,31.38,30.46,27.85,52.56,20.4,28.5,23.31,24.99,31.66,30.67,32.75,43.59,22.82,25.12,32.78,21.82,30.87,33.99
2025-04-25,34.04,33.32,41.64,31.53,35.12,35.83,37.91,31.39,30.14,39.68,43.1,33.0,31.04,30.11,26.8,50.2,19.82,26.51,17.18,24.36,29.27,40.63,30.28,41.63,19.41,21.74,32.21,20.07,30.17,36.63
2025-04-28,34.62,32.93,42.28,31.55,35.93,36.66,42.88,33.14,29.91,40.93,44.31,33.09,30.77,34.24,25.89,52.03,19.66,26.82,23.58,24.83,30.9,30.39,31.81,41.78,19.91,24.52,32.96,28.02,28.51,34.95
2025-04-29,33.68,33.05,41.9,29.94,34.88,35.12,42.97,32.0,28.33,39.35,44.41,31.99,30.77,23.67,26.03,47.83,18.68,25.94,18.71,24.79,28.29,30.97,30.83,39.97,19.9,22.87,33.49,19.69,26.58,33.01
2025-04-30,34.72,34.45,45.2,32.19,33.81,29.66,46.62,31.4,33.46,40.1,41.85,32.71,30.25,24.71,25.92,48.76,19.3,26.79,18.62,23.62,29.01,31.92,31.12,41.35,18.95,22.9,32.86,20.73,22.72,34.04
2025-05-01,34.11,34.75,43.04,30.22,34.33,29.25,45.4,31.81,32.89,41.3,41.77,31.93,30.36,23.71,25.27,48.42,21.3,26.26,18.91,20.74,27.95,31.19,23.45,40.14,21.53,22.96,33.38,19.61,22.66,34.55
2025-05-02,29.39,27.16,31.95,28.09,31.92,27.68,44.51,28.44,29.56,40.29,41.3,29.39,28.62,21.65,23.0,46.68,18.45,24.61,17.26,18.87,27.68,31.22,22.24,37.02,17.81,22.18,33.58,20.12,20.78,30.96
2025-05-05,32.69,26.83,32.71,28.55,31.82,28.81,45.72,29.14,27.54,41.61,43.34,30.86,30.0,22.09,25.0,46.86,18.73,25.07,16.35,20.81,26.91,32.49,22.48,39.87,19.69,23.07,33.4,20.55,21.55,31.64
2025-05-06,32.68,33.27,33.66,29.24,31.64,28.86,45.74,30.66,28.45,44.01,43.61,31.89,30.58,22.04,25.88,47.38,22.67,26.48,18.21,19.56,28.41,40.07,23.4,40.56,18.66,22.01,35.07,20.93,22.19,34.14
2025-05-07,33.38,31.93,32.92,28.86,32.99,28.83,45.26,31.17,27.89,27.51,42.3,30.57,30.52,21.98,24.06,45.17,18.9,29.11,17.85,19.22,27.67,33.1,22.33,36.75,18.78,22.61,34.84,19.91,21.32,30.8
2025-05-08,32.44,33.65,32.08,26.77,33.12,28.18,44.58,29.24,26.83,26.3,43.57,30.09,30.32,21.17,24.43,44.22,22.49,25.58,18.34,19.22,25.32,37.52,21.44,38.83,19.14,21.37,33.91,23.36,21.08,31.13
2025-05-09,30.93,33.3,31.31,25.5,31.73,27.41,44.38,28.52,25.76,24.72,42.91,29.26,30.63,21.61,24.43,43.33,21.03,24.59,18.02,18.45,27.85,38.3,20.44,39.58,18.56,20.57,34.86,20.46,20.17,32.59
2025-05-12,26.08,29.77,27.62,22.89,26.98,23.31,42.55,28.51,22.88,23.11,37.84,25.75,28.08,18.92,22.87,45.67,20.11,21.24,17.37,17.97,23.75,32.72,19.04,32.88,18.28,20.44,34.65,19.64,18.04,31.37
2025-05-13,26.29,28.86,27.8,23.08,29.14,25.15,41.1,27.52,23.1,25.41,38.85,25.22,28.28,18.09,22.3,42.05,20.34,20.35,18.21,17.74,23.9,36.16,19.13,32.06,16.95,21.69,58.32,17.27,17.86,30.98
2025-05-14,27.67,30.84,29.05,24.18,30.84,26.13,43.03,28.72,22.29,24.67,38.98,26.14,28.25,19.95,24.84,44.38,23.01,21.37,17.98,18.26,26.37,38.85,20.01,32.68,17.57,22.06,52.69,20.87,18.41,26.37
2025-05-15,26.87,28.91,28.99,24.39,29.41,24.15,43.37,19.96,23.17,24.37,40.79,25.23,28.32,19.95,24.57,43.46,18.33,21.63,17.74,17.08,23.93,39.65,19.12,33.05,15.74,22.42,74.96,20.26,17.71,22.87
2025-05-16,25.9,28.89,27.58,23.48,28.46,23.2,42.58,17.47,22.36,22.09,39.44,24.15,26.48,19.24,23.15,40.65,19.32,21.63,17.52,16.53,24.23,36.21,18.73,32.28,16.31,20.43,70.22,19.24,17.41,21.39
2025-05-19,27.15,27.61,28.45,24.62,27.39,24.42,43.65,18.51,23.01,22.16,38.78,25.55,26.66,19.59,22.98,40.03,18.83,20.13,17.02,17.44,24.65,36.03,18.81,33.59,17.56,20.42,58.54,19.41,17.78,23.42
2025-05-20,28.09,27.72,29.03,24.16,28.66,24.72,43.47,19.41,23.65,21.96,39.47,25.88,23.06,20.11,22.92,41.26,19.18,21.11,17.28,17.74,24.81,36.54,18.56,33.22,16.6,19.74,51.85,19.36,18.07,23.21
2025-05-21,31.29,30.01,30.77,28.8,29.24,25.93,44.72,18.5,25.77,24.11,41.79,29.19,23.03,21.59,25.19,43.73,19.06,22.47,17.93,17.96,25.95,37.39,20.82,35.08,18.3,21.33,53.07,19.13,21.11,23.5
2025-05-22,31.04,31.42,30.47,26.37,29.77,25.11,44.61,18.6,25.35,22.7,39.71,28.64,23.14,21.05,24.17,43.53,20.17,22.43,18.21,18.26,25.9,37.3,19.91,36.1,16.93,22.89,52.13,19.69,21.14,22.93
2025-05-23,34.19,30.62,31.73,28.52,26.68,26.73,46.96,18.29,25.74,23.48,41.82,29.15,23.99,21.16,24.15,45.18,19.68,23.85,18.06,18.03,26.46,35.38,20.95,39.06,16.98,21.24,49.12,20.1,21.78,23.86
2025-05-27,30.62,34.79,29.18,26.16,28.88,25.34,43.58,17.94,25.31,22.55,37.7,27.46,22.86,20.3,21.94,42.85,18.81,22.49,17.54,17.47,27.27,36.7,19.38,43.77,16.08,20.52,46.29,19.21,19.06,21.48
2025-05-28,30.47,40.05,29.56,25.96,28.94,25.21,42.79,18.39,26.24,22.63,38.77,27.7,23.13,21.01,24.26,44.17,19.51,23.41,17.18,17.66,26.9,36.98,20.13,45.08,17.5,20.2,43.24,19.91,19.76,22.44
2025-05-29,30.35,38.01,28.88,25.1,28.81,24.64,28.54,18.24,25.41,22.24,38.02,26.61,22.63,19.11,23.64,44.83,19.43,21.96,17.35,17.85,26.4,38.92,18.93,44.01,17.08,21.2,40.18,20.0,19.29,22.46
2025-05-30,29.92,37.98,28.67,25.48,28.26,25.4,28.48,18.23,24.71,20.43,40.16,26.91,21.88,18.6,22.73,44.18,16.51,22.01,16.79,17.22,26.85,38.37,18.65,47.42,16.63,20.0,39.98,18.35,19.14,22.97
2025-06-02,28.89,35.65,28.02,25.45,29.23,25.34,27.93,19.35,23.39,21.08,42.01,26.81,21.59,19.32,23.23,43.14,19.53,21.2,16.75,18.15,26.3,35.93,18.16,46.9,16.38,20.84,39.96,18.27,18.82,21.68
2025-06-03,27.65,34.66,27.6,25.55,27.57,25.06,25.57,20.1,23.03,20.68,41.07,25.77,20.72,18.95,22.07,46.31,18.51,20.85,17.03,18.17,25.98,37.37,17.33,46.46,17.57,20.87,37.94,18.02,17.75,21.59
2025-06-04,27.81,35.41,27.66,25.19,27.58,25.37,25.63,18.42,23.46,20.49,41.12,26.97,20.31,18.07,21.92,43.92,17.62,21.35,16.66,18.17,26.47,36.45,17.15,46.73,17.64,21.38,37.49,19.59,18.25,21.65
2025-06-05,28.35,35.17,29.69,24.3,28.79,25.33,26.17,18.1,24.04,21.0,40.71,26.98,21.5,17.54,21.53,42.16,18.3,22.24,17.47,18.14,23.9,35.86,17.34,47.09,18.03,21.03,36.28,20.18,18.27,21.61
2025-06-06,27.52,33.0,27.07,23.45,26.92,24.54,24.67,18.53,22.09,19.27,39.03,25.24,21.33,16.82,20.72,41.71,17.18,19.17,15.71,17.02,24.95,34.67,16.68,46.96,18.08,19.79,33.2,19.46,16.77,21.34
2025-06-09,28.22,34.03,27.34,23.67,27.97,24.06,25.65,18.07,23.08,19.28,37.64,25.57,20.99,18.2,21.18,41.99,19.35,20.42,16.27,16.84,25.27,33.57,17.03,48.39,17.34,22.15,35.8,21.09,18.25,21.06
2025-06-10,26.9,33.74,27.16,23.93,27.64,24.04,25.28,17.37,21.75,20.18,37.85,25.05,21.17,17.49,21.94,48.27,17.49,19.77,19.0,17.12,24.82,33.99,16.84,49.49,16.95,24.65,34.83,20.75,17.63,21.18
2025-06-11,27.92,32.59,27.36,24.61,28.46,23.62,26.66,19.68,25.13,21.41,36.59,25.52,21.99,17.51,23.72,45.03,17.44,20.14,16.48,17.95,25.28,31.74,17.24,48.41,16.83,22.21,36.02,21.1,17.65,21.03
2025-06-12,27.19,31.14,27.12,24.78,34.45,23.52,25.74,17.4,24.95,20.77,37.13,25.97,21.05,17.53,22.1,44.28,17.71,21.13,16.34,17.04,26.36,31.05,16.92,49.32,17.21,22.67,34.54,21.45,18.12,21.86
2025-06-13,27.98,30.62,28.21,28.41,34.13,25.34,27.42,21.07,27.16,22.66,39.34,28.78,24.02,18.16,22.74,44.49,18.12,23.14,16.82,17.97,27.09,30.85,17.91,49.87,17.16,25.43,34.84,21.31,22.71,23.28
2025-06-16,26.54,29.38,26.96,28.37,30.89,23.74,25.85,18.05,23.91,20.36,37.97,28.54,22.36,18.67,22.55,43.35,18.58,24.04,17.47,18.05,25.19,29.32,17.13,50.14,17.73,25.96,35.93,20.6,19.99,22.24
2025-06-17,28.0,30.6,28.12,30.73,33.52,26.16,27.59,18.05,27.07,22.36,38.53,31.02,23.67,19.32,24.25,44.18,20.42,26.25,19.53,18.42,27.4,29.41,18.04,51.93,18.68,26.22,34.56,21.8,21.47,23.15
2025-06-18,26.57,30.1,28.17,31.48,31.69,24.96,26.89,18.38,25.72,21.27,39.21,30.74,23.25,19.05,25.88,45.03,20.97,26.64,18.82,18.45,26.57,30.7,17.34,51.53,18.92,27.79,32.58,21.67,26.01,22.56
2025-06-20,25.98,31.81,28.58,31.12,31.58,25.54,26.64,18.16,24.62,20.95,40.22,30.45,23.0,18.89,27.46,45.93,18.8,26.2,19.99,18.47,28.38,29.65,18.12,47.23,17.26,27.67,32.94,22.62,24.78,24.36
2025-06-23,25.06,28.42,27.64,29.59,31.54,24.51,27.06,19.17,23.39,20.96,47.24,30.28,21.6,20.23,32.87,47.13,19.91,25.96,20.54,17.48,29.48,29.49,17.78,47.21,17.79,25.11,32.32,22.46,22.64,20.25
2025-06-24,24.77,25.31,25.95,28.75,29.68,21.77,25.74,17.28,24.22,19.8,45.76,30.02,20.57,18.85,33.18,44.35,17.09,24.19,19.04,17.34,27.91,28.29,17.04,45.66,16.73,26.09,31.46,21.72,20.38,20.35
2025-06-25,24.16,24.71,26.08,28.03,29.0,21.83,26.56,15.04,23.54,19.52,42.71,29.6,20.96,21.22,36.01,55.0,18.07,24.45,21.16,17.59,29.64,25.94,17.1,49.76,16.4,27.13,32.03,22.24,22.61,20.82
2025-06-26,24.95,24.09,27.52,28.45,31.21,21.33,26.07,17.12,22.6,18.25,44.15,30.37,20.73,23.63,34.96,54.33,19.8,25.27,20.47,17.58,29.8,29.69,18.09,46.21,16.85,25.61,33.27,24.8,22.43,21.21
2025-06-27,25.9,23.9,28.22,28.16,27.97,20.8,25.91,18.01,21.66,18.58,47.46,29.34,19.43,21.98,34.43,48.21,17.62,24.34,20.26,16.91,31.09,30.2,18.59,31.79,18.06,25.35,36.57,22.97,22.88,21.03
2025-06-30,29.08,23.42,33.12,29.19,32.9,21.27,27.33,17.03,24.22,19.33,45.78,29.23,20.36,22.78,35.19,49.78,18.15,24.41,21.4,18.31,32.33,34.55,22.38,28.51,18.68,25.31,45.94,22.7,23.69,19.83
2025-07-01,28.84,22.99,35.02,29.39,34.44,21.95,27.54,17.03,25.11,18.93,54.79,30.25,20.59,23.85,36.67,53.44,19.07,24.57,19.76,18.69,33.24,34.53,23.98,28.83,19.39,27.15,48.76,22.42,24.08,20.94
2025-07-02,29.06,24.01,36.74,29.58,35.49,22.28,27.66,16.72,24.86,19.17,47.44,29.79,20.18,23.44,34.9,55.12,17.51,23.96,20.52,17.99,32.36,34.12,25.28,29.59,19.26,27.15,54.67,21.44,24.46,20.55
2025-07-03,28.31,23.77,35.33,29.14,34.79,22.75,27.36,17.1,23.81,20.36,48.79,28.92,20.22,23.04,35.75,55.76,18.26,24.46,19.31,20.15,33.83,33.99,24.92,29.07,20.25,27.54,50.07,22.84,24.31,20.23
2025-07-07,30.7,28.34,37.27,29.83,36.57,27.22,29.23,18.26,26.17,27.98,51.89,29.7,21.41,23.47,37.04,52.67,18.44,25.05,20.28,20.78,33.05,35.49,25.93,30.02,19.57,28.82,52.6,22.95,25.15,21.64
2025-07-08,29.81,28.17,37.24,29.53,34.74,27.42,28.69,18.77,26.28,28.33,50.96,29.46,21.29,23.24,36.55,56.56,17.82,24.89,20.61,20.78,32.06,35.18,24.83,30.12,20.81,28.11,50.62,21.77,25.47,21.35
2025-07-09,29.65,28.6,35.87,29.29,35.3,27.66,27.49,17.9,25.08,30.67,50.82,27.07,20.07,22.83,36.11,54.39,15.3,23.49,19.15,21.44,33.87,36.03,24.81,27.7,20.87,28.34,50.84,21.9,24.46,22.26
2025-07-10,28.86,27.29,35.98,29.0,34.24,28.45,28.58,18.79,24.83,30.67,48.25,27.88,20.23,22.59,36.18,53.45,18.07,24.13,19.65,21.39,32.43,34.27,24.92,27.52,20.6,28.48,49.33,21.72,25.53,21.86
2025-07-11,28.81,26.97,34.92,28.55,33.33,27.96,27.54,20.42,27.02,31.57,49.99,28.32,20.33,22.62,37.1,55.02,18.58,24.14,19.68,22.21,32.47,32.0,24.83,27.68,20.32,28.14,48.15,22.74,26.27,20.82
2025-07-14,29.71,28.62,34.85,29.5,33.98,28.92,28.42,25.21,27.77,32.31,51.18,28.3,21.02,23.94,38.06,54.73,18.56,24.46,20.22,21.93,33.7,34.47,25.19,28.95,21.8,29.94,48.09,22.97,26.47,21.08
2025-07-15,29.9,29.36,35.02,29.94,33.79,29.06,27.48,25.81,27.44,31.93,51.72,27.93,21.95,24.35,38.82,53.75,18.27,21.62,20.76,22.17,32.61,35.14,25.32,28.92,22.06,27.73,49.94,22.98,26.71,20.92
2025-07-16,29.64,28.84,34.86,29.7,32.76,28.77,27.0,27.32,27.31,32.18,52.09,24.42,21.4,24.38,37.43,54.1,15.33,20.35,20.74,21.74,33.27,35.18,25.09,29.0,21.3,25.44,48.0,22.77,25.87,20.84
2025-07-17,29.74,29.05,34.38,27.47,32.76,27.38,27.13,28.11,28.1,32.1,50.76,23.73,21.55,23.97,36.66,53.74,14.18,19.72,19.68,21.84,31.31,34.76,24.62,27.59,21.29,18.97,48.16,23.53,25.27,21.29
2025-07-18,29.1,28.61,33.43,23.3,32.61,27.61,28.03,26.87,23.7,31.41,49.23,23.24,21.9,24.04,36.85,52.15,13.61,19.29,18.78,21.36,23.03,34.97,24.3,26.69,22.18,18.55,48.42,22.57,24.52,22.13
2025-07-21,29.1,26.81,33.21,23.59,31.94,27.6,28.52,27.27,24.77,30.89,49.33,23.45,24.34,24.04,34.84,51.62,13.07,19.22,19.32,21.73,22.37,34.09,24.13,28.84,21.31,19.94,46.41,17.19,24.52,24.6
2025-07-22,30.38,26.55,33.94,23.24,32.32,27.82,29.38,26.97,22.8,31.69,48.57,23.96,25.25,24.68,35.82,53.52,13.55,19.34,16.8,22.31,22.71,35.38,24.48,28.46,21.48,19.95,48.33,16.26,24.58,25.47
2025-07-23,30.05,25.9,32.89,22.87,34.0,28.78,29.12,26.46,23.5,32.32,62.61,23.59,26.65,24.68,33.92,54.09,13.33,18.89,17.38,23.09,23.42,33.9,24.69,27.93,20.55,19.31,48.82,16.22,25.4,26.72
2025-07-24,28.96,26.37,33.09,23.32,34.02,27.51,28.91,25.64,23.66,32.9,49.3,22.72,25.88,18.39,22.06,54.13,12.59,19.51,16.25,22.27,22.68,32.81,23.94,28.32,22.75,20.63,51.7,15.69,25.7,26.82
2025-07-25,28.1,25.75,31.84,22.11,31.89,26.99,29.15,26.41,22.13,31.61,46.89,22.5,25.48,17.53,20.03,38.9,13.32,18.4,14.8,22.16,22.83,31.88,24.27,27.64,21.03,19.4,48.61,15.73,23.99,26.04
2025-07-28,28.67,26.51,32.82,22.18,31.25,26.6,34.05,27.46,21.34,31.65,44.25,22.84,26.49,16.5,20.86,39.04,15.5,18.86,15.63,22.14,22.8,33.5,24.41,26.78,21.85,21.7,48.71,16.68,23.09,26.74
2025-07-29,30.43,26.17,33.41,23.95,27.96,27.44,35.95,27.42,21.14,31.55,44.21,24.77,25.64,17.07,21.02,39.4,15.51,20.3,15.06,22.42,23.04,26.76,24.7,27.24,17.93,21.08,35.69,15.24,23.2,26.88
2025-07-30,30.47,26.48,33.73,24.63,27.94,27.86,37.76,27.71,23.42,32.26,46.02,24.82,26.96,16.97,21.57,38.72,15.38,19.48,15.9,22.46,24.36,27.11,22.68,28.5,19.15,21.56,30.21,15.77,20.11,26.61
2025-07-31,32.57,27.76,36.16,24.52,28.03,28.0,40.1,28.51,22.82,33.42,46.97,25.26,27.54,17.19,22.24,38.32,16.76,21.12,16.49,23.39,24.32,28.74,19.47,29.43,19.46,22.1,37.05,18.18,20.82,27.11
2025-08-01,28.47,27.68,28.7,27.33,29.43,31.79,41.47,30.59,22.93,34.23,49.02,28.21,27.7,18.48,23.62,42.11,16.58,23.3,16.93,22.97,25.85,28.86,20.44,31.13,18.9,21.74,37.89,18.29,22.02,27.79
2025-08-04,26.83,27.72,26.28,25.3,26.81,28.7,42.09,28.69,21.52,34.01,49.69,25.79,26.5,17.22,22.15,38.33,15.53,20.61,15.9,22.53,24.55,27.56,18.08,29.69,17.77,20.91,37.43,17.1,19.8,26.84
2025-08-05,28.05,29.04,26.18,25.28,26.93,23.42,43.42,29.67,20.67,33.45,49.27,26.25,26.77,16.34,20.96,43.03,14.99,20.77,16.27,23.22,25.8,29.44,18.74,29.0,18.74,21.0,37.75,16.81,20.52,26.79
2025-08-06,26.61,23.84,25.19,24.22,26.24,23.71,41.91,29.69,21.71,21.01,48.07,24.52,26.53,16.99,21.99,41.2,16.29,21.17,15.29,18.41,23.73,26.98,18.53,28.74,17.85,19.89,36.79,14.88,19.51,26.55
2025-08-07,25.21,22.42,25.15,25.1,26.95,23.1,43.93,29.18,21.12,21.8,51.65,25.94,26.9,16.92,22.74,43.69,14.99,22.13,16.07,17.73,23.45,26.47,19.3,29.3,17.28,21.38,34.91,17.31,21.32,26.27
2025-08-08,25.25,21.54,24.04,23.25,26.33,21.87,44.07,28.31,19.7,21.2,46.01,24.32,25.17,16.09,22.29,42.02,14.2,20.81,14.99,17.12,23.42,26.24,17.71,29.32,16.16,21.54,33.97,15.68,19.31,25.92
2025-08-11,25.59,21.52,24.86,24.81,26.87,23.05,45.2,29.74,20.66,21.93,49.75,25.12,26.35,16.87,23.08,48.46,14.35,21.22,15.8,16.39,24.48,26.4,19.0,29.44,17.68,22.08,34.12,16.08,20.0,26.97
2025-08-12,24.64,21.99,24.55,23.22,25.73,22.3,45.57,28.7,19.41,20.58,46.97,23.7,24.99,16.25,23.42,45.57,14.48,20.28,15.39,16.16,23.11,25.82,18.38,27.61,14.06,20.88,35.21,16.49,18.94,25.38
2025-08-13,25.0,21.68,24.29,24.17,26.03,21.86,45.31,32.95,19.78,21.1,46.22,24.86,25.32,15.43,23.5,45.26,13.45,20.56,15.13,16.18,21.67,26.43,18.61,28.71,16.52,19.67,36.03,14.57,19.67,25.92
2025-08-14,23.45,20.12,24.02,23.85,27.86,23.2,45.22,18.99,19.79,21.68,48.81,24.58,25.06,18.71,23.8,57.65,14.68,20.96,15.86,16.38,22.8,28.79,18.2,28.37,17.78,21.43,38.27,15.77,19.55,26.8
2025-08-15,23.28,19.41,23.28,23.19,26.72,22.34,44.49,19.7,20.18,21.13,46.65,24.1,24.72,16.96,22.67,54.89,14.18,21.29,15.63,15.89,24.45,27.45,18.52,28.06,16.4,19.95,39.64,16.02,18.79,26.92
2025-08-18,23.84,19.77,23.3,23.56,27.71,23.43,44.99,19.16,20.11,21.72,46.82,24.45,24.66,16.73,22.34,51.97,14.15,20.84,16.05,15.76,24.52,28.45,19.21,28.34,17.39,19.61,37.93,15.59,19.17,26.8
2025-08-19,23.46,20.27,24.3,24.31,28.25,23.76,45.47,19.19,19.96,21.85,47.2,25.19,19.39,16.7,22.53,55.69,14.59,21.44,16.51,16.18,24.27,28.65,19.42,29.11,17.44,19.84,36.68,15.87,19.77,27.74
2025-08-20,24.29,19.99,25.48,24.78,28.28,23.5,45.13,19.17,19.99,22.49,45.21,25.93,19.02,17.15,22.26,52.47,14.49,21.68,16.49,16.5,24.84,27.91,19.45,29.31,17.24,18.74,37.12,15.4,19.55,28.21
2025-08-21,24.24,21.11,26.12,25.54,29.29,25.04,45.39,20.1,20.32,22.68,46.84,26.05,20.19,17.57,22.88,52.12,15.25,21.89,16.84,16.26,25.45,28.44,20.16,29.8,17.74,19.85,36.47,16.42,19.81,20.3
2025-08-22,23.26,19.56,23.64,23.14,27.22,23.68,44.62,18.22,18.84,20.5,44.27,23.66,18.19,16.09,20.65,54.33,14.38,20.18,15.65,14.86,23.36,25.73,18.22,28.99,16.63,17.31,33.65,16.09,18.12,19.14
2025-08-25,24.4,21.26,24.24,23.49,28.51,23.42,44.42,18.97,19.26,21.15,44.14,24.42,19.11,17.01,21.69,50.35,15.16,21.53,17.2,16.07,23.83,27.88,18.76,30.13,17.62,19.43,33.58,15.38,18.82,19.42
2025-08-26,24.22,21.15,23.86,23.1,30.33,23.76,45.43,18.56,19.57,22.36,45.01,24.94,18.03,15.53,21.64,48.36,15.93,20.92,17.19,16.07,25.71,27.43,18.76,33.34,17.24,18.48,35.15,16.46,18.72,18.98
2025-08-27,24.24,20.65,24.76,23.7,28.3,23.73,44.6,18.95,19.29,21.26,44.98,24.69,18.25,17.25,22.29,48.33,14.38,21.19,17.17,15.57,25.25,23.77,18.52,30.68,17.52,18.93,32.87,16.12,18.96,18.3
2025-08-28,23.55,20.75,23.13,22.44,27.24,23.0,43.9,17.87,19.4,20.17,44.28,23.99,18.5,16.45,21.14,44.8,14.9,20.16,17.07,15.49,23.72,27.8,17.78,29.59,17.33,18.32,32.3,16.59,18.49,18.81
2025-08-29,23.2,20.46,23.43,23.31,27.78,23.47,44.05,18.38,19.46,20.28,44.86,24.28,17.95,16.46,21.25,40.87,14.52,20.65,16.25,15.31,23.88,27.87,19.32,32.59,16.68,18.57,32.08,17.71,18.48,18.49
2025-09-02,24.44,20.32,25.69,25.29,27.77,26.77,45.29,20.63,19.11,22.03,52.13,25.85,18.94,18.33,23.2,41.94,14.8,21.13,17.14,16.8,26.17,28.64,19.5,42.31,18.1,20.46,33.97,22.7,19.55,19.41
2025-09-03,22.24,21.06,25.22,25.34,29.38,24.51,47.0,21.85,20.19,22.0,42.17,25.8,18.94,17.01,21.86,42.62,14.64,21.38,16.84,16.04,26.59,28.84,18.92,44.79,16.97,19.76,33.25,18.56,19.13,18.49
2025-09-04,21.02,20.95,24.35,24.65,27.97,23.81,27.52,21.18,20.17,21.49,46.65,25.46,18.41,17.55,22.73,42.59,15.38,21.33,17.47,15.58,24.84,28.34,18.27,44.81,17.08,19.16,33.77,18.01,19.0,18.99
2025-09-05,21.0,21.13,24.57,25.25,30.19,23.87,27.43,20.57,20.4,22.27,47.87,25.44,18.06,17.95,22.14,41.21,15.39,21.52,17.94,15.98,25.34,27.37,19.57,45.15,17.11,20.67,31.77,19.25,19.24,18.99
2025-09-08,21.88,22.3,25.14,25.73,29.66,24.16,27.76,20.17,20.23,22.09,46.9,25.71,18.01,17.48,23.53,41.64,15.82,22.56,17.23,16.89,25.64,27.8,19.38,45.24,17.56,20.54,34.31,20.49,19.67,19.17
2025-09-09,22.21,21.98,25.11,25.75,30.55,24.31,27.74,20.02,21.8,21.51,47.32,26.16,18.9,17.72,23.65,41.75,15.47,22.18,16.98,16.53,26.12,27.86,20.25,45.25,18.28,20.81,38.95,20.79,19.63,18.99
2025-09-10,23.6,22.32,26.46,25.15,29.72,25.1,29.15,20.77,20.82,23.07,47.54,26.17,19.75,20.53,24.52,48.22,14.5,22.32,17.72,17.77,27.72,28.13,20.11,45.27,18.59,22.48,38.1,20.3,20.68,19.69
2025-09-11,22.05,21.13,26.44,25.84,29.78,24.73,28.92,20.87,19.49,23.45,45.0,26.88,18.8,20.01,24.08,42.42,15.48,22.94,17.15,17.05,26.3,29.63,19.34,44.97,18.56,20.48,35.87,19.83,19.92,19.98
2025-09-12,22.44,22.11,26.23,26.13,29.15,24.59,28.67,20.33,20.53,24.15,45.38,26.47,18.66,20.15,24.68,40.22,16.04,22.68,16.89,17.35,26.37,30.49,20.07,46.12,18.19,21.08,35.47,19.53,20.22,19.65
2025-09-15,22.59,22.6,27.06,28.64,29.94,25.73,30.11,20.99,20.97,24.23,46.85,29.03,19.95,20.95,25.51,44.34,17.73,24.63,17.5,17.65,27.52,31.32,20.18,46.16,18.44,23.81,38.21,19.96,21.33,20.48
2025-09-16,22.96,22.99,26.74,29.88,29.82,25.88,30.66,21.83,20.94,24.33,46.92,29.85,20.62,20.73,25.65,45.13,17.92,26.16,17.84,17.98,29.32,31.41,20.7,46.1,18.63,26.26,35.51,19.72,21.51,20.74
2025-09-17,21.88,22.14,26.6,30.2,29.9,25.67,30.22,21.84,20.65,23.49,46.5,30.49,20.02,20.54,25.5,43.23,18.2,25.99,17.18,17.88,27.76,31.27,19.91,45.42,18.14,26.02,34.44,18.42,20.88,21.05
2025-09-18,22.18,21.7,26.7,30.24,31.06,26.86,30.59,21.7,20.86,23.83,48.98,29.42,19.8,20.03,27.59,58.62,18.65,25.65,17.53,18.75,28.23,30.67,20.38,45.51,19.23,24.88,35.63,20.22,21.53,21.65
2025-09-19,22.05,27.86,26.24,30.02,31.93,25.59,29.82,21.08,20.55,24.13,46.86,29.6,19.4,20.66,28.74,52.96,18.47,24.88,17.45,17.69,28.41,29.76,19.58,44.76,19.41,26.67,35.51,20.96,20.88,22.04
2025-09-22,23.61,25.45,27.87,30.23,34.18,26.45,30.81,22.73,21.08,25.2,50.9,29.8,19.49,22.0,35.63,54.24,19.47,25.8,18.07,17.76,30.74,29.3,21.18,46.51,21.78,27.27,37.04,21.8,21.29,21.89
2025-09-23,23.38,24.38,30.82,30.28,35.94,26.92,32.32,21.48,22.02,25.1,53.42,31.21,19.32,22.76,35.62,56.53,19.15,26.88,18.5,18.04,30.9,29.27,21.2,46.09,19.47,26.59,37.43,21.05,22.36,21.66
2025-09-24,23.0,26.28,30.5,30.93,36.8,25.53,31.7,21.16,21.53,26.37,54.28,31.29,19.96,22.59,37.34,62.77,18.92,26.98,19.69,18.08,31.77,28.44,20.86,45.11,21.3,26.13,37.2,22.58,21.44,21.37
2025-09-25,23.96,25.27,31.72,30.7,36.55,27.61,32.08,23.05,21.88,24.15,55.81,32.55,19.88,26.45,40.94,73.85,19.13,27.0,18.81,19.0,33.44,28.12,21.69,45.55,23.18,26.53,37.38,22.45,22.93,21.93
2025-09-26,23.21,24.39,31.18,29.68,34.89,27.3,31.0,21.13,21.06,23.08,54.42,30.59,18.81,25.5,39.51,74.83,19.12,25.78,17.94,17.51,34.32,28.85,21.64,45.57,21.99,26.19,37.09,20.19,21.7,20.51
2025-09-29,25.26,24.82,34.01,30.49,36.89,29.95,31.81,22.1,22.47,23.66,53.51,31.73,19.73,26.07,38.95,72.09,18.84,27.14,19.57,18.66,33.61,32.13,24.82,46.27,21.76,25.91,41.41,23.17,23.9,20.91
2025-09-30,25.66,25.76,35.5,31.84,37.98,30.7,33.07,23.12,22.74,24.18,51.26,31.85,20.15,25.07,40.23,66.96,19.23,27.23,19.44,18.48,32.46,30.88,26.0,50.09,21.97,27.98,43.68,21.22,24.35,20.71
2025-10-01,26.97,27.77,36.98,32.35,36.8,33.03,33.78,22.93,23.16,25.3,58.56,32.27,20.87,25.91,39.33,72.87,18.86,27.24,19.39,19.03,34.33,31.36,27.86,30.11,21.9,29.16,45.3,21.5,24.8,21.42
2025-10-02,26.73,25.91,37.24,32.02,36.97,33.8,34.16,22.49,23.53,25.4,58.27,31.33,20.98,26.98,37.94,72.04,20.28,27.07,20.16,19.59,34.65,31.1,28.02,30.21,22.32,27.15,45.27,21.75,24.59,21.68
2025-10-03,26.35,25.84,37.92,31.16,37.03,34.58,33.95,21.97,23.32,25.05,58.41,32.43,20.02,26.18,37.02,68.24,20.29,26.92,19.98,18.94,35.3,32.37,27.2,30.39,21.84,27.36,45.38,21.42,24.33,21.51
2025-10-06,27.77,28.68,40.41,32.42,38.83,36.28,37.6,24.21,23.98,26.2,60.03,32.96,22.01,25.65,38.78,69.65,21.15,28.2,20.4,21.22,35.29,32.11,28.8,31.7,22.73,29.66,44.86,25.97,25.6,22.15
2025-10-07,27.15,29.16,39.97,32.26,38.78,36.32,37.84,23.75,24.29,25.64,60.5,32.11,22.08,26.84,39.4,73.34,20.61,28.42,20.54,21.54,36.03,32.17,28.83,32.49,22.68,29.41,45.41,24.55,25.17,22.74
2025-10-08,26.9,29.32,40.41,32.68,38.11,38.1,37.79,24.87,24.34,26.41,61.89,33.27,22.1,27.22,39.27,74.31,21.39,28.49,20.44,21.33,36.19,32.19,28.97,30.97,22.37,29.28,45.39,23.92,25.23,22.22
2025-10-09,27.44,29.92,40.76,32.83,39.64,37.38,37.25,25.39,23.9,27.15,62.59,33.5,23.26,26.53,39.53,70.48,20.5,29.09,20.56,22.79,36.5,33.15,28.62,30.49,22.6,31.7,43.77,23.98,25.61,22.88
2025-10-10,31.55,31.34,45.39,34.68,42.48,40.69,39.37,28.51,26.36,31.21,63.63,37.62,24.46,27.84,40.28,72.67,21.18,32.03,21.57,22.93,39.49,33.38,31.32,34.46,24.13,30.84,44.08,25.18,28.44,24.33
2025-10-13,29.19,30.16,42.9,33.83,42.14,39.2,39.63,31.37,24.94,33.52,59.95,35.06,23.48,27.69,39.94,70.92,21.78,29.79,20.82,22.92,38.22,33.31,29.34,33.76,24.95,31.78,44.62,24.37,27.35,23.24
2025-10-14,29.9,29.64,44.16,33.88,42.4,40.18,38.72,33.1,25.22,36.51,61.03,30.54,24.1,27.58,39.95,73.36,18.25,25.73,20.06,22.26,38.4,32.16,29.43,33.82,23.48,34.82,44.06,23.93,27.57,24.2
2025-10-15,29.8,30.32,44.76,33.45,39.22,42.17,39.58,34.58,25.83,36.31,58.4,31.02,24.27,28.53,39.58,74.1,19.43,25.16,21.22,22.43,38.78,32.34,29.43,33.04,23.19,39.7,44.3,24.38,27.92,24.25
2025-10-16,31.02,31.81,46.51,38.38,42.14,45.14,40.48,36.29,27.01,40.13,62.71,37.58,26.25,32.29,41.84,76.04,18.48,30.62,22.47,24.5,41.22,34.89,30.26,36.39,24.42,29.31,44.98,24.22,32.33,26.35
2025-10-17,29.76,30.15,44.58,29.23,40.89,42.67,36.09,34.01,25.44,37.72,62.3,32.18,24.65,28.47,40.65,76.81,16.63,25.81,20.46,23.08,38.5,34.05,29.22,34.38,22.73,21.82,44.09,23.24,28.41,24.93
2025-10-20,29.18,29.49,43.03,25.18,37.02,40.29,33.95,33.15,24.52,35.37,57.33,29.75,24.99,27.14,39.11,76.05,17.66,22.78,19.79,21.44,35.87,33.93,28.73,32.32,22.07,20.21,42.28,21.8,26.1,26.6
2025-10-21,27.98,29.2,42.16,25.79,36.96,40.44,33.71,32.98,24.66,36.33,61.18,28.94,25.99,27.23,39.14,74.52,15.86,23.27,16.5,21.69,27.25,33.1,29.16,32.4,21.82,18.97,42.07,23.78,26.0,27.39
2025-10-22,28.54,30.04,42.96,27.4,36.7,41.37,34.09,33.46,25.48,36.33,56.34,30.33,27.33,29.19,40.76,72.85,15.89,25.12,14.85,22.68,25.36,33.62,29.39,33.43,22.88,20.34,42.61,23.35,26.61,29.33
2025-10-23,26.82,29.83,41.09,25.83,36.38,41.47,33.63,32.21,26.24,35.66,49.47,28.93,27.26,21.66,28.75,68.44,15.86,24.25,14.66,22.39,22.81,31.78,28.74,32.7,23.05,20.12,42.1,24.35,25.52,28.42
2025-10-24,26.38,29.2,39.98,23.1,35.7,39.83,32.47,31.42,25.61,36.42,44.29,27.02,26.59,19.74,33.37,57.96,16.48,22.65,14.01,21.78,21.91,30.78,28.4,31.29,18.76,19.31,40.14,23.94,24.85,28.56
2025-10-27,26.75,28.86,39.45,24.02,36.41,39.41,33.31,31.72,25.0,36.11,45.69,27.18,27.29,20.96,33.11,60.28,16.37,23.38,14.4,22.79,23.23,30.96,28.45,31.96,18.28,20.95,39.31,23.79,25.29,28.63
2025-10-28,26.24,30.6,41.05,23.62,35.54,39.34,34.94,32.26,24.6,35.98,45.92,27.54,27.05,21.37,32.11,64.77,17.72,23.32,14.79,21.99,23.08,31.42,29.51,32.84,17.56,20.48,34.28,25.37,26.38,29.58
2025-10-29,26.87,29.81,41.98,25.18,31.94,34.48,34.4,33.32,24.66,38.21,50.21,29.66,28.76,21.9,30.85,63.23,17.64,23.42,16.85,22.98,23.34,29.98,31.44,34.0,18.72,21.09,33.52,19.24,22.83,29.82
2025-10-30,26.18,29.78,44.38,24.52,30.44,32.61,35.19,32.86,25.83,38.46,48.38,29.2,27.51,22.62,30.64,56.26,18.52,23.7,15.99,22.9,23.76,26.36,22.69,33.59,18.49,21.46,32.88,19.14,22.74,29.2
2025-10-31,22.7,28.6,32.62,24.45,29.84,31.19,37.31,32.18,22.57,39.83,47.2,28.77,27.83,23.35,29.13,56.7,18.23,23.28,16.69,22.9,23.24,26.39,22.65,33.48,17.75,20.28,33.26,18.42,22.46,29.94
2025-11-03,22.5,29.99,30.98,25.03,29.77,31.34,43.17,31.83,22.67,40.31,50.76,28.84,28.38,23.31,28.98,56.52,19.03,23.45,17.02,23.32,24.44,26.94,21.56,34.9,18.07,20.18,35.11,18.56,21.9,31.05
2025-11-04,22.94,28.81,31.86,25.38,30.21,32.12,44.57,32.38,23.41,40.14,47.17,29.87,28.38,23.66,30.03,54.1,18.46,24.49,17.88,24.2,26.0,26.64,21.85,35.03,18.81,20.65,35.21,19.36,21.67,31.15
2025-11-05,22.31,23.88,29.99,24.03,29.85,30.0,47.19,31.66,22.5,39.16,46.65,28.67,28.29,22.11,28.55,55.02,17.21,23.12,16.8,19.84,24.33,27.31,22.8,36.01,19.73,19.59,33.86,18.22,20.71,29.14
2025-11-06,23.77,23.77,31.76,24.99,30.96,31.48,48.04,32.77,22.88,40.7,49.88,29.26,29.53,22.84,29.73,55.03,18.67,24.16,17.38,19.18,24.25,26.28,23.72,36.12,19.21,19.81,33.83,18.6,21.21,31.36
2025-11-07,23.4,23.83,31.1,24.46,30.9,31.36,47.83,32.85,22.5,40.71,47.05,29.72,29.45,22.29,29.08,56.2,18.89,23.84,17.32,18.68,24.69,25.56,22.97,34.98,18.64,19.88,34.07,18.36,21.01,30.62
2025-11-10,22.89,22.65,30.52,24.86,29.18,30.3,47.25,32.78,22.08,40.43,47.64,28.69,29.29,21.41,29.85,58.67,18.71,22.6,15.39,18.83,23.99,26.55,22.05,35.24,20.05,19.37,34.99,19.46,20.88,30.17
2025-11-11,22.36,22.92,29.76,24.43,29.13,29.69,46.17,34.26,22.21,41.56,48.9,27.87,29.49,20.98,29.35,54.14,18.34,22.19,15.66,18.47,23.19,25.06,21.18,33.88,19.96,18.57,34.79,17.82,19.77,31.03
2025-11-12,22.59,24.27,30.18,24.58,28.56,30.12,46.51,32.76,21.38,40.32,44.4,28.16,29.91,19.62,29.94,52.25,16.7,22.31,14.6,17.77,23.22,25.91,22.21,33.03,20.06,18.36,35.33,17.86,20.0,30.34
2025-11-13,24.36,25.36,32.58,26.95,29.98,34.16,47.92,25.54,22.1,27.34,46.51,29.27,30.3,21.96,29.47,52.94,18.44,24.46,16.38,17.91,24.61,28.48,23.89,36.86,19.83,20.0,36.37,18.85,22.14,30.46
2025-11-14,23.54,25.68,32.17,26.81,29.23,32.45,46.18,23.02,21.4,24.71,45.88,29.24,29.54,21.59,27.76,46.6,17.92,23.89,15.6,17.42,24.68,27.59,22.79,36.85,19.55,18.05,36.55,18.36,22.09,30.37
2025-11-17,24.77,26.74,34.01,30.26,30.82,33.27,48.5,25.51,22.06,24.8,49.07,32.59,30.6,22.34,30.63,54.34,19.5,26.26,16.99,19.2,26.36,29.07,24.21,42.9,19.97,20.18,35.5,19.45,24.84,30.73
2025-11-18,25.52,26.44,36.69,30.88,30.65,34.32,49.31,25.66,22.49,26.27,49.13,33.31,27.03,23.59,31.08,54.69,19.41,26.8,17.53,19.45,26.92,30.13,26.84,44.51,20.85,20.25,36.45,19.64,24.55,31.76
2025-11-19,24.92,26.52,35.66,30.13,31.87,34.79,50.68,26.61,22.69,26.65,49.47,32.56,26.61,23.86,31.7,55.47,19.6,26.22,17.62,19.28,27.2,28.31,25.98,47.22,20.63,20.36,36.09,19.83,24.2,31.51
2025-11-20,26.89,26.73,37.7,31.36,33.46,36.75,52.21,27.38,23.02,28.29,50.15,34.63,26.66,23.23,33.08,55.77,20.47,27.76,17.8,19.29,27.79,28.44,27.76,48.61,21.08,22.49,37.06,20.39,25.95,24.71
2025-11-21,24.42,26.02,34.24,28.65,33.65,33.17,49.24,26.51,21.68,26.37,46.73,31.87,26.2,23.09,30.85,53.8,18.69,25.89,16.48,17.8,26.19,27.87,26.29,47.84,20.46,19.31,34.97,18.82,23.34,22.59
2025-11-24,22.42,24.53,31.81,26.74,31.3,31.29,46.96,21.23,21.25,21.9,44.16,29.95,25.21,21.39,28.88,49.54,19.07,24.61,15.45,17.35,22.6,28.01,23.77,47.8,18.98,18.63,32.35,18.26,20.34,21.53
2025-11-25,21.41,25.94,30.78,25.43,29.97,31.29,47.28,22.89,19.89,23.96,40.54,29.31,24.35,20.16,29.57,47.76,18.99,24.03,14.81,16.7,22.95,27.86,23.24,46.2,19.34,18.11,34.41,18.34,19.91,21.03
2025-11-26,20.25,25.25,29.73,25.38,29.57,29.46,45.17,21.17,19.76,22.89,38.87,26.96,23.2,19.68,27.07,46.77,18.65,22.35,13.5,15.8,22.25,24.7,21.81,46.69,18.59,18.22,31.83,15.44,19.02,19.5
2025-11-28,20.09,25.48,28.59,24.0,28.33,28.69,44.77,19.62,19.36,21.44,39.52,26.39,23.12,18.83,26.91,55.41,16.39,21.71,13.91,15.8,21.46,24.35,20.72,45.48,18.14,17.53,30.22,15.92,18.65,18.97
2025-12-01,20.74,25.56,30.33,24.21,28.69,28.93,44.72,21.01,18.87,22.8,40.06,27.28,23.16,20.03,27.53,51.77,18.68,22.46,14.78,16.26,22.54,24.87,21.94,45.42,18.17,19.38,31.44,14.52,19.36,19.67
2025-12-02,20.12,25.45,29.3,23.95,28.19,28.69,45.35,21.08,19.88,22.82,40.8,26.4,22.69,18.85,27.4,55.89,16.91,21.71,14.81,16.68,21.98,23.18,21.44,46.04,18.07,18.81,29.13,17.03,19.11,19.06
2025-12-03,20.09,24.62,28.49,23.99,26.99,28.81,44.18,20.47,18.86,22.08,41.45,26.09,22.44,19.04,27.74,58.57,17.4,21.36,14.66,16.41,21.91,22.72,22.29,48.27,18.33,18.32,30.24,14.76,18.82,19.22
2025-12-04,19.88,22.16,28.29,23.73,28.5,29.31,31.09,20.41,18.85,22.62,43.11,24.99,23.28,18.87,26.47,49.33,16.54,21.52,14.99,16.42,21.52,21.93,22.09,47.75,17.96,18.98,30.25,16.49,18.56,19.86
2025-12-05,19.12,22.28,26.74,23.56,27.05,28.58,28.88,19.88,18.69,21.8,42.39,25.23,22.55,18.44,26.22,48.76,16.56,20.85,14.78,15.46,21.36,21.83,20.96,48.7,17.95,18.07,29.78,16.22,18.53,20.47
2025-12-08,20.13,22.24,28.52,24.85,28.07,30.09,29.09,20.07,19.43,23.34,43.55,26.45,24.92,19.31,26.95,49.55,17.06,21.67,15.58,16.2,23.39,21.38,21.64,49.78,19.32,19.92,29.91,16.77,19.62,20.08
2025-12-09,20.26,23.28,27.92,24.55,29.22,29.7,28.93,19.85,19.31,22.69,43.33,25.52,22.96,19.72,27.09,48.71,17.4,23.09,15.38,16.75,23.01,23.13,21.32,46.92,18.97,18.06,30.5,17.32,19.13,20.19
2025-12-10,19.37,23.39,27.76,23.19,28.85,30.26,28.56,19.77,18.04,22.39,41.15,25.91,22.57,19.77,26.38,53.23,19.01,22.09,15.49,17.62,23.96,23.21,22.99,45.51,18.72,19.79,29.74,17.87,19.08,20.78
2025-12-11,19.0,22.62,27.08,23.51,28.2,29.41,27.48,20.22,18.8,21.78,41.08,25.78,22.2,19.08,24.67,48.37,18.85,22.3,15.07,16.23,22.34,23.33,21.7,48.07,17.96,19.56,30.49,17.5,18.28,19.84
2025-12-12,19.23,21.58,27.07,23.16,27.53,29.56,26.66,20.39,18.38,20.76,42.6,26.4,20.76,18.46,24.38,47.67,19.01,22.28,14.55,15.17,22.79,22.26,21.62,45.22,17.9,17.77,31.26,17.12,17.61,19.86
2025-12-15,19.69,22.73,27.15,23.91,28.13,29.96,27.72,20.83,19.13,21.46,43.74,28.61,21.26,18.55,25.92,47.26,19.93,23.99,14.63,15.64,23.95,24.44,21.49,46.33,16.85,18.48,31.78,18.3,17.6,20.55
2025-12-16,19.23,22.89,26.59,24.24,27.58,29.56,27.17,20.85,19.02,21.37,43.14,28.14,20.95,18.96,24.87,46.72,18.9,24.21,15.08,15.44,24.39,24.39,20.89,45.99,17.25,18.17,31.48,19.49,18.04,20.62
2025-12-17,20.27,24.14,28.05,25.25,28.63,31.72,28.26,21.73,20.04,21.82,43.82,30.19,21.84,20.14,25.77,46.98,20.14,25.49,15.0,15.9,25.19,25.76,21.98,44.81,17.95,17.73,31.82,20.67,18.72,21.49
2025-12-18,19.74,23.28,26.81,24.42,27.44,31.07,26.63,20.66,19.11,21.2,42.17,29.6,21.8,19.48,25.12,47.06,19.19,24.87,14.64,15.24,24.92,24.07,21.08,45.39,18.17,17.65,30.62,19.98,17.88,20.74
2025-12-19,18.35,22.81,25.71,23.87,25.76,30.1,25.84,20.19,18.51,20.25,41.59,28.16,21.47,18.31,24.11,46.49,18.72,23.82,14.08,14.8,24.77,23.11,20.0,26.98,17.58,17.34,31.37,19.48,16.47,19.44
2025-12-22,18.18,22.52,25.02,21.18,23.61,28.91,25.48,19.23,18.69,20.71,39.39,27.28,21.16,19.15,23.15,46.41,19.83,23.47,13.39,14.68,24.14,25.92,19.59,25.19,19.35,18.02,28.6,17.34,16.17,19.39
2025-12-23,17.35,21.67,24.46,21.67,23.47,28.71,24.77,18.86,17.93,19.45,38.26,26.97,20.43,18.25,23.47,47.39,19.85,22.95,13.41,15.47,24.55,22.89,18.99,24.91,21.24,17.44,28.98,18.64,16.65,19.95
2025-12-24,17.39,21.32,24.06,21.15,24.68,28.57,24.38,19.0,18.06,20.2,38.7,28.12,20.48,18.36,22.89,47.44,21.44,23.01,14.0,14.95,24.96,22.68,18.55,25.45,21.18,17.28,28.78,18.07,15.72,19.57
2025-12-26,18.88,22.23,23.98,21.64,25.5,30.73,24.13,18.97,18.26,21.46,41.85,27.97,20.36,18.43,25.48,49.05,21.28,23.33,13.78,15.02,27.71,23.91,20.87,25.89,21.38,16.88,31.5,19.86,15.99,19.95
2025-12-29,21.42,22.19,24.51,24.76,28.58,34.03,25.98,19.25,20.17,20.38,47.55,28.61,20.44,18.4,30.88,51.42,20.54,24.15,13.69,15.37,29.35,23.72,24.52,26.64,21.8,18.0,34.16,20.86,19.58,20.13
2025-12-30,21.74,21.37,24.63,25.78,28.69,35.26,24.91,21.6,19.32,19.12,49.49,29.52,20.6,18.23,33.44,53.02,20.09,23.12,13.39,16.19,29.87,23.38,25.7,26.44,20.68,18.45,35.85,19.96,19.62,20.15
2025-12-31,22.8,21.53,25.09,27.9,29.66,36.22,25.04,19.76,20.52,21.06,50.43,28.47,20.53,18.37,36.06,57.55,20.99,24.17,14.24,16.47,30.67,22.86,26.54,29.55,20.7,18.23,37.69,24.49,21.6,19.98
2026-01-02,23.32,24.22,29.53,28.38,30.79,36.36,26.7,19.87,19.79,22.99,51.72,29.89,21.44,24.47,35.47,56.24,21.33,24.22,13.76,16.18,30.56,24.38,28.63,28.95,21.49,18.42,37.42,23.01,21.16,19.3
2026-01-05,24.21,27.13,34.18,27.99,30.25,38.63,27.97,20.22,24.44,29.61,50.99,31.29,21.85,24.93,35.37,58.25,22.35,24.38,15.85,17.73,30.4,27.07,28.61,29.79,21.29,19.57,39.28,23.16,22.64,21.3
2026-01-06,25.58,28.93,36.03,28.98,29.77,38.28,26.63,20.38,24.74,30.19,51.47,30.65,22.88,26.21,36.42,58.95,23.27,24.64,14.96,18.1,31.43,27.66,28.64,31.98,22.12,19.96,39.69,22.73,22.17,20.6
2026-01-07,26.43,30.88,37.22,29.85,30.83,39.5,27.63,21.16,22.58,32.98,51.88,31.46,22.72,28.0,37.49,61.81,23.33,25.45,15.49,18.96,32.84,28.64,29.0,32.09,23.11,20.92,40.5,22.3,23.15,21.73
2026-01-08,27.27,28.52,37.52,31.07,32.02,39.23,28.55,21.51,24.11,32.79,52.43,31.0,23.22,26.01,35.99,66.09,22.77,26.26,15.14,19.64,33.6,28.56,29.39,32.5,21.17,20.47,40.01,22.51,23.61,23.32
2026-01-09,26.18,30.86,37.33,30.45,30.05,38.26,27.74,21.82,22.64,33.41,52.37,30.16,23.05,25.9,36.28,66.74,21.77,24.98,15.57,17.96,32.24,27.39,29.36,32.56,22.74,20.25,40.62,20.63,22.0,21.87
2026-01-12,27.42,32.25,38.22,32.96,32.62,39.03,28.55,26.33,24.36,34.94,52.85,29.69,23.34,26.68,38.41,64.92,23.22,25.9,17.14,19.04,31.52,29.2,29.88,32.83,22.66,21.18,40.04,22.54,23.84,23.1
2026-01-13,26.85,30.28,38.91,33.45,33.27,38.65,31.67,26.32,24.36,34.92,52.56,30.45,22.61,25.07,37.4,70.38,20.08,23.07,17.87,19.91,32.16,29.51,31.58,32.91,23.52,24.57,40.31,24.58,26.94,23.4
2026-01-14,26.57,27.98,39.99,33.43,33.3,38.95,32.6,30.42,26.48,35.58,52.8,30.4,22.76,26.5,39.08,68.25,21.34,23.13,18.09,20.76,31.76,28.96,33.38,31.65,22.67,25.0,39.53,23.47,26.16,24.57
2026-01-15,26.92,27.51,40.21,33.01,30.49,36.92,31.04,29.89,25.11,34.26,50.0,28.08,23.06,26.47,40.52,64.12,22.82,23.02,18.22,20.63,33.22,27.69,32.88,31.07,23.05,26.04,40.83,23.95,24.81,24.95
2026-01-16,26.53,27.38,38.38,31.3,30.17,37.19,31.76,29.54,22.83,35.36,50.35,26.12,22.38,25.21,39.09,61.49,21.75,22.03,18.01,20.89,35.1,28.11,31.2,30.41,22.5,24.45,40.58,23.06,23.76,28.78
2026-01-20,31.04,28.19,42.0,34.26,34.18,39.84,35.14,31.78,24.37,37.11,51.48,29.39,25.71,28.76,41.44,68.36,22.82,24.76,19.51,22.3,25.51,29.86,32.64,32.31,21.17,25.99,39.62,23.6,26.94,29.96
2026-01-21,29.3,28.92,40.14,32.59,31.72,38.34,32.72,31.23,25.0,35.47,50.63,26.41,22.64,27.26,39.33,74.38,17.6,22.3,18.51,20.42,24.93,26.77,32.74,31.73,21.78,20.56,37.97,22.95,24.84,30.84
2026-01-22,28.56,29.66,39.35,32.17,31.26,36.65,34.4,29.4,24.61,35.08,48.48,25.51,23.05,25.26,37.45,68.47,18.21,21.6,17.63,21.14,22.69,27.53,31.21,30.63,17.69,18.57,37.98,23.23,23.86,28.87
2026-01-23,28.93,28.4,40.26,30.86,31.84,37.09,34.96,30.33,23.35,34.91,48.86,25.85,23.85,26.72,37.85,53.78,18.18,22.4,18.46,20.78,22.6,27.38,32.45,30.74,17.48,19.67,36.93,23.9,23.72,28.15
2026-01-26,28.85,27.07,41.49,30.8,29.81,37.67,40.18,29.3,24.5,34.61,50.87,25.23,26.17,26.22,38.54,51.58,16.98,22.14,19.19,20.18,23.75,28.61,32.39,32.21,17.55,18.27,38.48,22.04,23.97,28.3
