Date,AAPL,AMGN,AMZN,AXP,BA,CAT,CRM,CSCO,CVX,DIS,DOW,GS,HD,HON,IBM,INTC,JNJ,JPM,KO,MCD,MMM,MRK,MSFT,NKE,PG,TRV,UNH,VZ,V,WMT
2021-01-26,29.53,20.85,21.73,26.58,25.13,23.51,20.41,16.56,25.63,23.12,29.06,27.57,19.24,15.75,19.96,41.07,15.36,20.51,18.22,15.78,19.39,18.83,19.78,20.06,15.14,21.39,24.34,13.12,20.24,13.72
2021-01-27,29.49,21.9,21.9,27.81,26.17,24.38,20.53,17.52,26.59,23.62,29.97,27.58,20.0,16.28,20.38,41.37,15.82,20.68,18.63,16.76,22.59,20.61,21.68,20.31,17.38,22.39,24.84,14.85,20.68,14.82
2021-01-28,29.78,34.76,21.97,28.53,25.88,24.92,20.54,17.77,26.65,24.72,30.61,28.13,20.47,16.99,20.75,38.48,16.21,21.19,18.93,17.28,22.85,20.87,22.45,21.37,18.52,22.51,25.67,15.55,21.01,14.95
2021-01-29,31.28,35.11,21.91,28.73,27.13,26.28,21.16,18.02,26.84,24.54,32.38,28.52,21.11,18.22,21.08,38.99,17.53,21.91,19.3,18.35,24.74,21.34,22.91,21.66,18.76,22.96,26.08,15.53,23.27,15.7
2021-02-01,31.72,35.26,22.98,28.83,27.26,26.57,21.56,18.3,27.5,24.7,32.74,28.36,21.45,18.1,21.16,38.99,17.54,21.66,19.26,18.15,24.95,21.12,24.42,21.99,18.69,23.02,25.94,15.8,23.44,15.94
2021-02-02,31.07,34.7,22.8,29.03,27.1,27.09,21.43,18.01,27.2,25.47,32.87,28.68,21.38,18.01,20.87,38.38,17.41,21.71,19.04,18.39,24.55,20.86,24.04,21.96,18.52,22.76,25.73,15.88,23.31,16.07
2021-02-03,29.26,34.81,22.6,27.83,26.89,26.43,20.31,17.58,27.37,23.97,31.93,28.27,21.3,16.96,20.52,37.65,17.05,21.39,16.21,17.36,24.04,20.25,23.29,21.08,17.91,20.93,24.99,15.88,22.74,15.77
2021-02-04,29.1,34.75,22.7,28.64,25.82,26.05,19.9,18.6,26.05,24.16,31.4,27.34,21.39,16.88,20.59,37.62,16.61,21.53,16.14,17.54,23.93,20.29,23.26,20.83,17.51,21.78,25.03,15.99,23.23,15.59
2021-02-05,28.2,34.02,22.75,28.0,25.9,23.54,19.56,18.39,25.47,23.88,30.33,25.14,20.68,16.44,18.98,36.93,16.08,20.31,14.47,17.47,23.74,19.79,22.97,20.91,17.21,21.47,21.28,15.71,22.93,15.33
2021-02-08,28.14,34.68,23.13,24.39,25.68,23.26,19.72,17.78,25.88,25.38,30.47,24.71,21.06,15.67,18.9,37.34,16.22,20.13,13.75,17.54,21.73,19.33,22.75,21.37,17.37,21.87,20.7,15.71,23.57,15.5
2021-02-09,27.63,33.94,22.72,23.92,26.2,23.04,19.54,17.45,25.48,25.02,30.03,24.34,20.72,15.55,18.63,36.77,15.96,19.76,13.52,17.64,21.3,19.0,22.39,21.17,17.17,21.45,21.06,15.51,23.34,15.33
2021-02-10,27.79,33.68,22.87,23.86,26.02,22.66,19.46,18.33,24.57,25.19,30.2,23.63,20.28,15.61,18.72,36.84,15.86,18.95,13.7,17.73,21.22,18.24,22.71,21.07,17.06,21.47,21.19,15.39,23.31,15.45
2021-02-11,27.7,33.85,22.73,23.95,26.22,22.51,19.4,18.06,24.66,25.11,29.57,23.33,19.77,15.19,18.66,36.47,15.72,18.8,13.86,17.57,21.39,17.24,22.56,20.96,16.88,21.01,21.24,15.3,23.13,15.39
2021-02-12,27.44,33.9,22.49,23.83,26.14,22.14,19.26,18.03,24.6,25.91,29.17,23.35,19.22,15.19,18.01,35.18,15.96,18.77,13.88,17.51,21.37,17.07,22.5,20.81,17.01,20.75,21.18,15.36,23.26,15.27
2021-02-16,27.83,33.83,22.76,24.37,26.07,22.75,19.8,18.2,24.0,25.71,29.13,23.03,17.91,15.58,17.89,34.43,16.07,17.92,13.53,17.26,21.78,17.06,22.61,20.44,16.97,20.81,21.19,15.31,21.85,15.18
2021-02-17,27.51,33.27,22.55,24.18,26.09,22.44,19.62,17.92,24.05,25.84,28.8,22.86,18.12,15.39,17.66,33.76,15.83,17.79,13.43,16.99,21.41,17.29,22.25,20.93,17.01,20.51,21.07,16.09,21.57,15.42
2021-02-18,27.68,33.32,22.67,23.78,26.35,22.7,19.85,17.77,23.97,26.0,28.55,21.57,18.08,15.81,17.63,33.77,15.81,17.6,13.42,16.99,21.53,17.17,22.01,21.39,16.85,20.45,21.02,16.42,21.68,15.77
2021-02-19,27.13,32.83,22.34,24.22,27.28,24.05,19.58,18.29,24.1,25.45,29.76,20.83,17.86,16.08,17.66,33.86,15.99,17.61,13.7,16.74,22.03,17.22,20.75,21.66,16.83,20.32,20.91,16.66,21.87,15.48
2021-02-22,25.96,33.47,22.79,25.43,28.86,25.8,19.67,18.76,23.85,28.99,30.93,21.53,17.45,16.03,17.37,27.11,15.78,18.13,14.56,17.01,22.24,17.62,21.16,23.48,16.97,19.31,20.88,16.83,23.3,15.71
2021-02-23,29.01,33.25,23.42,25.57,29.29,26.17,21.14,18.57,24.34,30.37,30.58,21.91,19.52,15.92,17.16,27.64,15.81,18.09,14.89,17.38,21.96,17.69,21.37,24.31,17.15,19.24,20.89,17.04,23.88,15.74
2021-02-24,26.7,33.09,22.36,25.08,33.54,26.49,21.35,18.78,25.52,30.41,30.63,22.04,21.86,17.94,17.52,27.84,16.13,18.11,15.0,17.42,21.91,17.62,21.48,23.56,16.57,18.98,21.15,16.46,24.72,16.21
2021-02-25,28.18,33.08,23.75,24.61,35.33,26.7,23.1,19.14,25.07,31.04,29.74,22.45,22.24,18.58,16.32,29.69,15.44,18.82,14.96,17.4,21.51,17.61,22.01,24.13,16.84,18.84,20.83,16.68,25.72,16.35
2021-02-26,28.29,32.81,22.79,24.06,35.56,26.49,25.97,18.68,24.67,30.9,29.3,22.83,21.72,18.44,16.48,29.89,15.92,19.36,15.14,17.19,19.03,16.56,20.7,24.38,16.81,18.08,20.68,15.88,25.38,15.46
2021-03-01,27.24,19.05,22.86,23.37,35.77,24.68,26.18,18.7,24.65,30.61,27.27,22.4,20.94,17.17,15.99,28.45,14.53,18.72,15.03,15.78,16.43,15.98,19.58,23.98,15.55,18.47,19.35,15.36,23.38,14.68
2021-03-02,27.27,18.74,22.88,23.02,35.22,24.44,26.05,18.5,24.27,30.25,27.62,22.25,20.61,16.99,15.86,28.59,14.46,18.46,15.1,15.84,16.42,15.9,19.4,23.75,15.36,18.22,19.03,15.16,23.01,14.97
2021-03-03,27.16,18.5,23.02,23.5,36.12,24.43,26.8,18.12,23.82,30.31,27.34,22.36,20.5,17.11,16.04,28.6,14.54,19.13,15.35,15.9,16.43,16.11,18.2,23.89,15.36,18.41,19.02,15.78,22.97,15.07
2021-03-04,28.36,19.29,23.96,23.2,39.51,24.49,27.58,18.99,25.01,30.6,27.59,23.27,21.6,18.42,17.53,29.32,15.51,20.1,16.22,15.86,17.65,16.44,19.43,24.68,15.98,19.08,19.14,15.86,23.96,15.49
2021-03-05,29.17,18.83,24.41,24.56,41.72,25.93,28.87,19.92,24.98,31.49,28.18,26.06,22.18,19.13,18.29,30.56,16.03,21.21,16.69,16.61,17.86,16.71,19.76,25.5,17.02,19.55,20.49,16.38,24.64,16.1
2021-03-08,30.69,19.36,25.46,24.65,42.39,26.65,30.28,21.23,25.31,33.06,28.4,26.61,23.87,19.94,19.4,31.27,16.63,21.92,17.73,16.89,18.75,17.18,20.75,25.67,18.31,18.98,20.13,17.31,26.24,16.23
2021-03-09,30.48,19.29,25.52,25.07,42.67,26.66,29.89,20.91,25.27,33.17,28.35,26.85,23.74,19.76,19.3,31.5,17.0,22.23,17.83,16.74,18.65,17.17,20.52,25.35,18.46,19.01,20.48,17.23,26.0,16.04
2021-03-10,30.68,19.43,25.91,25.25,44.2,26.88,29.99,20.8,25.22,32.44,28.92,27.31,23.87,20.38,20.03,31.86,17.13,22.89,17.99,17.3,19.08,16.94,20.84,25.16,18.81,19.25,20.68,17.84,25.95,17.54
2021-03-11,30.7,19.82,25.99,25.42,44.32,26.91,30.03,21.05,25.19,32.48,28.81,27.61,23.88,20.49,20.08,31.98,17.15,23.09,18.09,17.16,19.28,16.93,21.08,25.47,18.7,19.61,20.13,18.79,25.97,17.63
2021-03-12,30.65,19.66,25.93,25.5,45.75,28.53,30.13,19.95,25.05,32.21,28.23,27.4,24.41,20.48,19.81,31.84,16.99,23.18,17.67,17.05,19.3,16.95,20.76,25.58,18.7,19.74,19.98,18.81,26.05,17.72
2021-03-15,31.62,20.14,26.47,25.91,47.75,29.36,30.74,20.02,25.54,32.03,29.06,28.29,25.08,21.17,20.09,31.26,17.11,23.5,17.9,18.56,19.59,17.61,21.22,26.66,19.14,19.98,20.36,19.31,26.57,18.27
2021-03-16,31.13,20.21,26.07,26.07,47.31,29.25,30.16,19.68,25.16,31.51,29.1,28.16,24.74,21.23,19.7,30.96,16.8,23.17,17.57,18.53,19.31,17.41,21.02,26.23,18.83,19.78,19.98,18.93,26.11,17.97
2021-03-17,30.96,20.53,26.34,25.81,46.87,29.26,29.71,19.45,24.86,31.13,30.02,27.79,24.4,20.88,19.5,31.31,16.65,23.19,17.27,18.65,19.13,17.49,21.04,25.96,18.54,19.62,19.84,18.74,25.83,17.65
2021-03-18,30.94,20.79,26.81,25.93,47.66,29.49,29.22,19.59,25.78,31.08,30.98,28.26,24.88,21.27,20.03,31.73,16.5,23.55,17.35,18.76,19.11,17.27,21.14,26.38,18.72,20.34,20.47,18.83,25.72,17.81
2021-03-19,30.79,20.95,26.85,25.77,47.7,29.75,29.25,19.8,25.57,30.82,31.4,28.24,24.89,21.39,20.08,32.25,16.56,24.17,17.56,19.02,19.11,17.66,21.13,27.8,18.56,22.41,21.07,18.02,28.49,17.78
2021-03-22,31.69,22.07,26.99,25.47,48.11,29.0,29.94,20.38,26.07,31.56,30.44,28.52,25.4,21.4,20.53,32.87,16.7,24.56,17.58,19.28,18.61,18.81,22.07,27.51,18.8,22.82,21.71,17.92,28.81,17.51
2021-03-23,31.15,21.97,26.66,25.71,48.02,29.41,29.4,20.16,26.45,31.18,30.69,28.58,25.01,21.35,20.25,33.37,16.58,24.38,17.49,18.99,18.63,18.69,21.83,27.54,19.07,22.59,21.35,17.89,28.25,17.58
2021-03-24,30.82,21.93,26.84,24.77,47.86,28.62,29.73,20.07,26.21,28.8,30.39,28.55,25.34,21.83,19.87,36.9,16.68,24.34,17.04,18.91,19.14,18.45,21.42,27.09,19.41,22.71,21.14,17.95,27.44,17.44
2021-03-25,27.92,21.17,26.3,25.46,49.09,28.95,28.69,20.33,26.04,27.71,30.76,28.51,23.86,22.35,20.42,36.38,16.46,24.55,16.85,18.41,19.16,18.33,21.26,26.65,19.07,23.48,21.21,17.64,26.67,17.27
2021-03-26,27.72,21.92,26.45,25.08,47.03,28.59,27.75,21.65,24.99,28.07,30.23,28.79,22.27,21.13,20.44,36.58,16.54,24.37,17.37,18.26,18.75,18.68,21.04,27.0,19.54,23.43,21.02,17.71,25.86,16.84
2021-03-29,26.03,21.74,25.33,24.24,45.81,28.49,24.02,21.34,23.84,26.89,29.85,28.92,22.33,20.51,19.95,35.3,16.34,23.74,17.38,17.9,18.24,18.3,20.47,26.67,17.98,23.62,20.77,17.35,25.32,16.89
2021-03-30,25.56,21.65,24.88,23.83,44.91,28.01,23.77,21.3,23.42,26.45,29.46,28.56,22.14,20.15,19.79,34.6,16.06,23.34,17.29,17.67,18.05,18.19,20.14,26.26,17.78,23.21,20.75,17.14,24.88,16.8
2021-03-31,24.49,21.62,24.94,23.86,44.46,28.7,23.53,20.93,23.14,25.95,29.28,28.51,22.07,19.79,19.59,34.4,15.9,23.22,16.96,17.56,18.1,18.09,20.62,25.93,17.76,23.15,20.71,17.04,24.84,16.9
2021-04-01,23.92,21.69,24.62,23.91,44.54,29.15,23.59,20.91,23.14,25.82,28.64,28.42,22.13,19.73,19.56,34.01,15.78,23.27,16.82,17.39,18.06,17.91,20.75,25.91,17.9,23.14,20.93,17.05,25.2,16.52
2021-04-05,21.8,20.41,21.9,21.95,39.56,27.61,20.12,20.41,21.49,23.79,27.4,25.5,20.79,17.96,18.08,33.38,14.18,21.11,15.92,16.61,16.31,17.58,19.5,24.75,16.99,22.35,19.57,15.72,24.03,16.34
2021-04-06,21.42,20.23,21.46,21.65,38.8,27.55,19.89,20.0,21.22,23.52,27.05,25.06,20.37,17.69,17.8,32.83,13.98,20.87,15.81,16.52,16.01,17.51,19.14,24.52,16.72,22.08,19.52,15.42,23.77,16.35
2021-04-07,20.22,19.78,20.62,20.95,38.6,27.29,18.79,17.64,20.9,21.76,26.76,24.77,18.66,17.09,16.63,32.35,13.32,20.16,14.96,16.22,15.14,16.55,18.56,24.16,15.75,21.21,19.11,14.63,21.82,16.1
2021-04-08,19.65,19.62,19.88,20.04,37.45,26.89,18.49,17.55,20.44,20.53,26.5,24.43,18.36,17.03,16.35,31.53,12.42,19.71,14.42,16.29,14.98,16.42,18.35,24.59,15.12,20.89,18.35,14.38,21.81,16.05
2021-04-09,19.91,19.4,19.7,19.78,35.56,26.82,19.31,17.47,20.23,20.19,25.82,23.8,18.25,16.59,15.3,31.32,12.64,18.88,14.05,15.59,14.61,16.33,18.05,24.58,14.56,20.51,18.79,13.52,21.54,14.45
2021-04-12,20.12,19.29,19.75,19.63,33.17,25.18,19.05,17.59,20.72,20.19,26.09,23.65,17.83,16.83,15.45,33.62,12.87,18.78,14.14,15.38,14.59,16.48,17.99,24.68,14.82,20.16,18.96,12.16,21.62,14.02
2021-04-13,20.09,19.02,19.4,19.56,33.11,25.06,19.12,17.3,20.4,19.81,25.79,23.38,17.58,16.57,15.92,33.13,13.33,18.71,13.92,15.11,14.39,16.26,17.66,24.41,14.66,19.84,18.7,12.07,21.14,13.78
2021-04-14,19.84,18.27,19.7,19.61,31.79,24.82,19.46,17.29,20.34,20.09,25.49,25.24,17.26,16.26,16.2,33.18,13.46,18.71,13.83,13.6,13.95,15.88,17.66,23.87,14.47,20.54,18.42,12.03,20.75,13.55
2021-04-15,19.52,18.45,19.57,19.06,30.97,24.23,19.48,17.28,20.22,20.02,24.91,24.97,17.02,15.62,16.29,33.13,13.62,18.84,13.85,13.17,13.82,16.02,17.38,23.74,14.56,20.48,19.48,11.97,20.82,13.49
2021-04-16,18.73,17.85,18.6,18.74,30.46,23.58,19.45,17.4,20.24,19.79,23.21,24.84,16.94,15.57,16.07,32.23,13.55,18.29,13.82,12.47,13.55,15.67,16.95,23.41,14.45,20.32,19.66,11.81,20.48,13.49
2021-04-19,18.57,16.86,18.1,18.38,29.07,22.61,19.58,16.88,19.04,20.09,21.33,24.89,15.73,14.56,15.4,32.07,13.79,16.61,13.95,11.76,13.25,14.76,17.03,20.61,14.35,17.93,17.82,11.82,16.18,12.83
2021-04-20,19.03,17.04,18.14,18.43,29.39,22.66,19.55,17.15,19.26,20.83,21.62,25.26,15.76,14.77,15.72,31.61,15.97,16.76,13.94,11.63,13.08,14.92,16.83,21.25,16.0,18.13,17.96,11.71,16.14,13.26
2021-04-21,18.41,16.06,17.97,19.19,29.32,23.2,19.15,16.23,19.63,20.96,22.82,25.39,15.33,14.84,17.48,31.45,15.72,16.99,13.72,11.09,13.21,13.52,15.96,21.37,15.6,17.86,17.58,11.58,15.67,13.17
2021-04-22,18.57,15.97,18.06,18.52,28.09,22.15,19.42,16.15,18.67,20.82,24.17,24.89,15.77,14.46,18.1,30.53,15.57,16.96,13.47,10.98,12.7,13.65,16.34,20.82,14.94,17.94,17.65,11.47,15.91,12.85
2021-04-23,18.51,16.09,17.84,19.21,27.26,21.55,18.84,16.24,18.03,19.9,24.22,25.09,15.26,14.23,18.35,26.07,15.41,17.47,13.23,10.8,11.84,13.63,16.53,19.65,14.68,17.49,17.47,11.37,16.02,12.82
2021-04-26,17.96,15.07,18.12,18.83,22.63,20.03,18.55,13.51,16.97,17.58,23.73,23.75,14.38,13.29,17.44,24.23,14.99,16.93,12.4,10.83,11.77,12.82,15.63,18.6,14.58,16.4,16.93,10.94,15.26,13.07
2021-04-27,17.64,14.88,18.08,18.59,22.36,19.71,18.44,13.25,16.87,17.26,23.46,23.29,14.1,13.2,17.22,23.84,14.74,16.65,12.19,10.95,13.9,12.66,15.44,18.28,14.45,16.2,16.66,10.85,15.02,12.92
2021-04-28,17.61,16.81,18.0,18.96,22.48,19.74,18.06,13.44,17.22,17.11,23.31,22.5,13.77,13.07,17.16,23.62,14.24,16.36,11.45,10.82,13.73,12.51,15.1,17.83,13.98,15.92,16.49,10.28,15.3,12.43
2021-04-29,18.81,16.85,18.43,19.2,22.76,22.32,18.3,12.92,17.44,17.12,23.28,22.4,13.55,13.1,18.71,23.64,14.47,16.39,11.52,10.89,13.82,14.49,16.01,18.09,13.94,15.83,16.16,10.56,15.54,12.41
2021-04-30,18.79,17.64,18.83,19.11,22.75,21.34,18.51,13.19,17.81,17.18,23.27,22.19,13.57,13.11,19.06,23.96,14.5,16.19,11.43,10.85,13.91,14.91,15.15,17.97,13.93,15.35,16.01,10.93,15.68,12.13
2021-05-03,18.9,18.24,19.81,18.98,22.3,20.55,19.31,13.09,18.21,17.31,23.74,22.09,13.72,13.1,19.15,23.88,14.62,16.21,11.36,10.79,13.82,15.62,14.81,17.79,13.76,15.46,15.85,10.8,15.27,12.72
2021-05-04,19.95,18.24,20.23,18.94,23.83,21.49,20.16,13.33,18.07,17.3,24.45,22.25,13.67,13.54,18.97,23.71,14.81,16.5,11.39,10.83,13.66,15.47,15.14,17.69,13.67,15.51,16.12,10.83,15.04,12.74
2021-05-05,19.69,18.32,20.43,18.92,23.82,21.48,20.35,12.55,17.93,17.22,24.34,21.6,13.15,13.51,18.35,23.05,14.6,16.27,10.9,10.71,13.71,15.39,14.23,17.56,13.24,15.52,15.96,10.63,14.9,11.37
2021-05-06,19.98,18.36,20.76,19.23,23.88,21.17,20.61,14.22,17.94,17.2,24.69,22.11,13.32,13.64,18.78,22.99,14.62,16.62,10.72,10.47,13.76,15.31,14.71,17.31,13.26,15.31,15.61,10.79,14.63,11.16
2021-05-07,19.67,18.45,20.32,19.54,24.53,22.04,21.18,15.12,18.6,17.27,24.76,22.61,13.29,13.75,18.82,22.85,14.66,17.24,10.86,10.48,13.93,15.33,14.6,18.42,13.3,15.65,15.52,10.66,14.63,11.58
2021-05-10,19.6,19.25,20.9,19.74,25.65,22.05,20.46,15.67,19.68,17.63,25.36,22.67,13.43,13.53,19.41,23.1,14.63,17.21,11.13,10.23,14.5,15.4,15.06,18.03,13.9,15.85,15.27,10.9,15.32,11.76
2021-05-11,19.98,19.13,21.61,20.03,25.69,22.23,21.29,15.79,20.25,17.76,25.29,22.84,14.42,13.96,19.24,23.09,14.62,17.7,11.61,11.11,14.86,15.55,15.09,18.32,14.0,17.06,15.97,11.83,15.49,12.07
2021-05-12,20.07,19.32,21.98,20.57,26.63,22.86,21.56,16.0,20.73,18.41,25.65,24.17,16.24,15.13,19.58,20.53,14.63,18.21,11.76,12.19,15.51,15.79,15.81,18.62,14.04,17.79,15.96,12.01,15.88,12.81
2021-05-13,19.87,19.45,22.34,20.59,27.35,23.02,21.68,16.26,21.08,19.16,25.63,24.29,16.96,16.01,19.62,20.35,14.67,18.84,12.15,12.39,16.4,16.0,16.09,18.61,14.61,19.28,16.34,12.56,16.24,13.57
2021-05-14,19.49,19.54,22.03,20.64,27.06,22.82,21.49,16.29,20.74,19.84,25.71,22.03,17.17,16.08,19.46,20.62,14.39,18.69,12.06,12.45,16.35,16.05,16.11,18.68,14.65,18.92,16.36,12.38,16.17,13.74
2021-05-17,19.93,19.27,22.46,20.62,27.17,23.29,21.96,16.22,21.01,20.39,26.19,22.21,17.86,16.46,19.78,20.73,14.38,18.69,12.21,12.61,16.6,16.39,16.37,19.08,14.8,19.12,14.82,13.08,16.16,14.02
2021-05-18,19.79,18.96,22.52,20.63,27.05,23.33,21.71,16.01,21.34,20.04,26.15,22.27,18.52,16.44,19.54,20.84,14.22,18.7,12.05,12.39,16.39,16.19,16.26,18.88,14.67,18.94,14.86,13.14,16.14,14.52
2021-05-19,19.82,18.85,22.29,20.9,27.11,23.59,22.51,16.21,21.59,19.59,26.38,22.05,18.77,16.95,19.72,21.0,14.16,18.85,11.57,12.4,16.61,16.47,16.48,18.83,14.57,18.55,14.99,13.13,16.23,15.16
2021-05-20,19.46,19.08,21.97,20.7,26.39,23.44,22.51,19.22,21.42,18.67,25.88,21.55,18.71,16.63,19.59,20.79,11.63,18.61,11.48,12.62,16.59,16.27,16.61,17.87,12.8,18.4,14.59,13.1,16.04,14.88
2021-05-21,19.61,19.09,22.0,20.04,26.12,23.01,22.41,19.26,20.85,18.07,24.66,21.32,18.8,16.52,17.67,20.41,11.67,18.1,11.81,12.79,16.45,16.45,16.66,17.45,12.58,18.57,14.96,12.97,15.59,14.93
2021-05-24,19.34,19.43,21.89,19.22,26.23,23.12,22.49,19.51,21.05,18.34,21.76,20.65,18.41,16.21,16.89,19.12,11.63,17.13,11.91,12.9,16.64,16.34,16.25,17.26,12.38,18.49,14.65,12.71,15.24,14.94
2021-05-25,19.16,19.62,21.78,19.02,25.91,23.01,22.18,19.13,20.94,18.07,21.7,20.87,18.08,15.98,16.69,19.12,11.46,17.51,11.77,12.73,16.34,16.62,15.95,16.98,12.36,18.59,14.52,12.7,14.97,14.77
2021-05-26,19.09,19.84,21.11,17.61,25.73,23.0,22.06,19.34,20.89,18.0,21.91,21.01,18.08,15.52,16.46,18.91,11.49,17.55,11.37,12.46,16.04,16.68,15.95,17.13,11.8,18.34,14.46,12.6,14.9,14.45
2021-05-27,19.43,20.16,20.87,17.49,25.87,23.17,22.09,19.52,21.15,18.19,22.19,21.17,18.14,16.0,16.34,18.93,11.55,17.65,11.65,12.36,14.17,17.19,15.88,17.21,12.73,18.31,14.5,12.6,14.89,14.58
2021-05-28,19.31,18.63,20.6,16.79,25.38,23.05,22.22,19.29,20.72,18.21,22.18,21.2,18.07,16.02,16.28,18.76,11.59,17.66,11.57,12.16,14.02,16.99,15.75,17.04,12.84,17.96,14.63,12.61,14.22,14.59
2021-06-01,18.16,19.47,19.99,16.89,25.41,20.84,22.39,19.6,20.74,18.28,22.41,21.46,18.48,16.18,14.0,18.86,12.71,17.84,11.26,12.28,13.88,15.04,15.18,17.61,13.81,18.05,15.04,12.18,14.09,14.71
2021-06-02,17.93,18.83,18.84,16.93,25.43,20.91,21.38,19.59,20.64,17.92,21.97,21.46,18.34,16.31,13.84,18.79,12.56,17.72,11.05,12.11,13.66,14.36,15.22,17.63,13.68,17.93,14.88,12.32,14.1,14.2
2021-06-03,16.44,18.62,17.96,16.8,23.8,19.96,20.39,19.56,20.6,17.62,21.58,21.59,18.27,15.94,13.71,18.67,12.05,17.38,11.0,12.06,13.81,14.47,14.79,17.64,14.09,18.08,14.6,12.29,14.16,14.01
2021-06-04,16.41,18.57,17.1,16.89,23.74,20.1,20.79,19.63,20.65,17.42,21.81,21.6,18.41,15.94,13.9,18.93,12.2,17.44,11.23,11.9,13.76,14.33,14.87,17.81,14.11,18.08,14.87,12.36,14.11,14.05
2021-06-07,16.17,18.95,16.93,15.85,23.11,19.19,20.14,18.01,20.19,17.06,21.53,20.67,18.7,15.94,13.38,18.98,12.4,16.3,11.22,12.17,14.13,14.76,14.78,16.71,14.25,18.34,15.53,12.35,14.63,13.83
2021-06-08,16.21,18.8,16.98,16.09,23.14,19.26,20.37,17.68,20.38,16.8,21.44,20.3,18.38,15.85,13.38,18.9,12.93,16.24,11.26,12.11,14.11,14.74,14.71,16.7,14.24,18.11,15.3,12.16,14.48,13.6
2021-06-09,15.72,18.42,15.99,16.1,22.3,19.52,20.41,17.37,19.57,16.57,20.88,19.96,18.45,15.71,13.24,18.33,12.9,16.09,11.1,12.13,13.33,14.99,14.32,17.11,13.87,18.15,15.05,11.96,13.3,13.42
2021-06-10,15.05,18.82,14.92,15.62,22.32,21.19,19.51,17.19,19.34,16.15,21.3,21.33,17.57,15.44,13.51,18.07,12.67,16.33,10.38,11.38,12.71,15.2,14.24,16.75,13.68,16.82,14.06,10.83,12.8,12.98
2021-06-11,14.66,18.76,14.23,14.97,21.15,21.63,19.11,17.03,18.31,15.26,20.97,19.63,15.72,14.41,12.93,17.81,12.97,15.82,10.25,10.31,12.15,15.24,13.25,16.04,13.83,16.15,14.42,10.68,12.13,12.21
2021-06-14,15.38,18.9,13.81,14.2,19.37,22.1,19.22,17.32,18.17,12.54,21.05,19.6,14.85,13.33,12.31,17.15,12.46,15.38,9.9,10.29,11.2,15.18,12.95,15.69,13.22,13.85,14.06,9.88,12.04,11.21
2021-06-15,15.14,18.62,13.63,14.39,19.14,21.99,18.97,17.05,18.18,12.76,20.77,19.61,14.96,13.17,12.15,16.89,12.3,15.47,9.92,10.22,11.2,15.1,12.77,15.62,13.01,14.01,13.97,9.7,11.91,11.1
2021-06-16,15.36,19.16,13.73,14.57,19.04,21.83,18.97,17.23,18.07,12.01,21.1,19.92,14.76,13.47,12.48,17.34,12.49,16.44,10.2,10.52,11.9,14.98,13.46,15.63,13.61,14.23,14.23,9.14,13.03,11.77
2021-06-17,15.61,19.35,13.97,15.49,19.06,23.49,19.34,17.19,32.47,12.15,23.27,21.54,13.78,14.03,12.75,17.16,12.59,17.98,10.23,10.75,12.6,15.32,13.91,15.67,13.57,15.47,13.94,8.72,13.11,10.98
2021-06-18,15.36,19.65,13.72,15.25,18.77,23.89,18.61,17.32,32.82,11.99,23.06,22.09,13.77,13.69,12.53,17.19,12.69,17.93,10.57,11.14,12.31,15.11,13.62,15.82,13.62,15.48,13.85,8.88,13.07,10.38
2021-06-21,15.27,19.38,13.73,16.94,19.62,24.03,19.02,13.66,33.59,12.12,23.57,22.1,13.61,13.89,12.77,17.26,12.85,18.12,10.04,11.14,12.6,14.97,13.91,16.0,13.56,15.58,14.14,8.87,13.63,10.12
2021-06-22,15.4,19.03,13.99,16.9,19.39,23.72,18.85,13.5,33.19,12.16,23.31,21.98,14.0,13.68,12.64,17.09,12.57,17.97,10.06,11.09,12.47,14.75,13.84,16.13,13.35,15.48,13.88,8.85,13.54,10.13
2021-06-23,15.14,18.56,13.84,16.91,18.94,23.88,18.85,13.24,33.2,11.86,23.46,22.03,13.88,13.62,12.82,16.93,12.52,17.97,10.1,11.1,12.82,14.76,13.63,16.12,13.36,15.35,13.87,9.02,13.46,10.14
2021-06-24,15.02,18.14,14.33,16.84,19.45,24.28,19.06,13.24,33.07,11.97,23.3,21.83,13.91,13.84,12.73,16.66,12.55,17.38,10.06,11.15,12.91,14.2,13.66,16.26,13.13,15.0,13.92,8.7,13.6,10.03
2021-06-25,15.03,18.04,14.76,16.81,19.61,24.92,19.18,13.06,33.07,11.95,23.03,21.8,13.81,14.01,12.97,16.67,12.58,17.52,10.06,11.1,13.0,14.96,13.68,16.62,13.65,15.12,14.87,8.72,13.46,10.32
2021-06-28,14.93,17.62,15.03,18.44,20.07,25.25,18.92,13.01,34.13,12.34,22.87,22.06,14.14,13.92,13.58,17.35,12.65,17.9,9.75,11.25,13.43,14.71,13.93,17.04,12.77,15.64,15.24,8.7,14.72,10.56
2021-06-29,14.94,17.27,14.81,18.41,20.99,24.96,18.83,12.8,33.42,12.63,22.68,21.92,14.14,13.88,13.46,18.37,12.44,17.84,9.81,11.08,13.29,14.42,13.88,17.28,12.84,15.54,15.16,8.73,14.52,10.47
2021-06-30,14.78,16.98,14.63,18.24,20.97,24.66,18.58,12.63,32.73,12.72,22.34,21.98,13.92,14.15,13.51,18.3,12.26,17.71,9.72,10.92,13.46,14.26,13.63,17.05,12.64,15.28,15.0,8.64,14.36,11.67
2021-07-01,14.78,15.26,14.66,18.26,20.89,24.75,18.16,12.37,32.58,12.93,22.02,22.03,13.51,14.1,13.25,17.99,10.91,17.76,9.79,10.65,13.37,14.05,13.27,17.02,11.61,15.63,14.62,8.48,14.08,11.92
2021-07-02,15.02,15.36,15.2,18.18,21.44,24.62,17.95,12.53,32.38,13.4,21.83,21.97,13.24,13.92,16.83,17.84,11.61,17.68,9.88,10.67,13.48,14.12,13.59,17.02,11.62,15.53,14.75,8.2,13.79,11.95
2021-07-06,15.29,15.72,17.82,18.96,21.61,25.19,17.56,12.61,33.29,14.56,22.05,21.95,13.86,14.69,17.56,17.99,11.79,18.28,9.7,10.87,13.66,14.18,13.71,16.92,11.07,15.77,14.58,8.1,14.12,12.17
2021-07-07,15.43,15.22,17.94,19.98,22.32,25.0,17.9,12.6,33.68,14.7,22.05,22.19,14.11,14.85,17.57,18.04,11.86,18.49,9.83,10.95,13.82,13.65,13.51,17.21,11.18,15.89,14.13,8.16,13.71,12.25
2021-07-08,15.78,15.27,19.17,20.25,23.96,24.9,17.57,12.85,33.5,15.29,22.13,22.47,14.4,14.92,18.17,17.98,11.19,18.52,9.61,10.82,13.69,13.55,13.52,17.43,11.0,16.24,14.28,8.15,13.68,12.67
2021-07-09,16.24,15.17,19.34,20.39,23.84,24.88,17.64,12.96,33.52,15.77,22.51,22.65,13.96,15.14,17.98,18.13,10.96,18.97,9.56,10.88,13.87,13.16,13.54,16.68,10.75,16.58,14.08,8.25,13.57,12.66
2021-07-12,16.41,14.75,19.5,20.99,23.56,22.48,18.02,13.02,33.96,18.2,22.41,23.03,14.14,14.9,18.0,17.91,10.92,19.46,9.55,10.64,14.09,12.39,13.64,16.64,10.34,16.77,13.84,8.28,13.73,12.96
2021-07-13,16.92,14.75,19.86,20.68,23.68,22.33,18.19,12.79,33.26,18.29,22.33,23.63,14.43,14.67,17.67,17.83,10.74,19.69,9.55,10.57,13.9,12.18,13.91,16.32,10.25,16.59,13.65,8.27,13.89,12.78
2021-07-14,16.19,14.82,19.88,20.99,24.02,21.92,18.22,12.64,33.78,18.75,22.35,23.91,14.25,15.13,17.57,17.96,10.78,19.95,10.7,10.46,13.9,12.12,13.87,16.14,10.5,16.62,14.22,8.26,13.92,13.04
2021-07-15,16.58,15.31,20.22,20.79,24.45,21.73,18.79,12.67,33.67,18.6,22.41,23.95,14.24,15.5,17.65,18.09,10.95,19.97,10.66,10.51,13.89,11.98,13.89,16.01,10.62,16.81,15.76,8.3,14.09,13.11
2021-07-16,17.02,14.46,20.29,21.21,25.02,22.31,18.38,12.64,34.25,19.71,22.56,24.25,13.95,15.44,17.65,18.72,10.66,20.32,10.32,10.51,13.91,11.57,13.41,16.04,9.92,16.72,15.57,7.95,13.18,12.39
2021-07-19,17.04,14.47,20.05,21.24,25.79,19.89,17.97,12.76,20.32,20.55,20.31,22.25,13.56,15.82,17.82,17.87,10.72,19.64,10.78,11.64,13.7,12.3,13.37,15.89,10.67,16.76,16.89,8.63,13.58,12.98
2021-07-20,17.66,14.66,20.04,22.52,27.29,20.44,18.54,12.78,20.85,20.8,20.59,23.55,14.17,17.86,19.64,18.11,11.55,20.31,10.94,12.31,14.05,13.37,13.51,16.31,10.98,18.55,16.87,9.58,13.85,12.91
2021-07-21,17.04,14.83,19.99,21.64,26.77,20.38,18.3,12.14,21.07,20.72,20.53,23.52,14.11,17.86,19.33,18.56,11.59,20.32,11.58,12.1,14.0,13.41,13.14,16.08,11.04,18.44,16.35,10.0,13.79,13.01
2021-07-22,16.94,14.91,19.86,21.94,26.85,20.26,18.57,12.31,20.67,20.8,22.58,23.33,13.5,18.15,19.33,18.61,11.92,20.62,11.64,12.55,14.19,13.4,13.05,15.97,11.17,18.57,16.35,10.13,13.69,12.96
2021-07-23,17.05,15.03,19.89,23.18,26.89,20.01,18.59,12.4,20.49,20.79,22.83,23.45,13.79,18.61,19.24,20.61,12.02,20.75,11.93,13.3,13.95,13.5,13.16,16.17,11.88,19.09,16.32,9.91,13.85,13.1
2021-07-26,17.43,15.04,19.42,23.78,27.31,18.59,18.47,12.55,21.01,21.41,23.85,23.34,14.04,19.05,19.58,21.94,12.03,20.88,12.16,13.67,14.24,12.65,13.39,15.64,11.67,19.36,15.82,10.1,14.01,13.45
2021-07-27,17.78,14.8,20.01,24.02,27.11,18.59,18.97,12.46,20.83,21.19,23.86,23.01,14.19,18.97,19.34,21.7,12.0,20.71,12.08,13.58,15.33,12.89,13.92,15.74,11.64,19.24,15.72,10.36,14.16,13.21
2021-07-28,18.66,15.02,20.17,23.4,27.13,18.88,18.85,13.07,20.01,21.0,23.93,23.01,14.26,18.81,19.15,21.44,11.95,20.63,12.15,13.89,15.28,13.03,14.47,15.52,11.8,19.78,15.78,10.55,13.76,13.05
2021-07-29,18.58,15.15,20.35,23.32,26.27,19.06,18.62,13.08,19.92,20.97,23.79,22.8,14.06,18.67,19.12,20.44,12.15,20.48,12.0,13.94,15.26,13.3,14.31,14.94,11.59,20.02,15.64,10.42,13.87,12.98
2021-07-30,18.7,15.18,20.58,23.49,26.41,19.5,18.57,13.09,20.88,21.27,24.18,22.54,14.16,18.29,18.92,20.27,12.12,20.51,11.95,14.13,14.98,13.36,14.39,14.86,12.28,20.19,15.55,10.44,13.84,11.91
2021-08-02,18.86,15.36,20.55,24.37,26.76,20.4,18.78,13.08,21.63,21.43,25.68,23.43,14.49,19.01,16.09,20.74,11.53,21.35,12.04,14.97,15.4,13.66,14.19,13.9,12.54,20.68,15.63,10.74,16.09,11.56
2021-08-03,18.84,15.59,20.84,24.58,27.09,20.77,18.66,13.45,21.6,21.83,26.07,23.47,14.49,18.78,16.31,20.54,11.52,21.48,11.78,15.18,15.85,13.44,14.04,14.05,12.84,20.6,15.65,10.58,16.97,11.5
2021-08-04,18.53,18.63,20.53,24.3,27.2,20.93,18.7,13.55,21.41,21.44,25.79,23.22,14.24,18.7,16.12,20.26,11.36,21.24,12.0,15.15,15.91,13.41,13.88,13.83,12.79,20.21,15.41,10.45,16.72,11.37
2021-08-05,18.14,18.92,18.76,23.78,27.38,20.29,19.31,13.08,21.11,21.4,25.09,22.9,13.85,18.25,15.46,19.77,11.26,20.87,11.87,15.08,15.72,13.41,13.6,13.83,13.05,19.92,16.72,10.33,16.79,11.43
2021-08-06,17.98,19.17,18.73,23.21,26.74,20.13,18.9,13.19,20.49,21.37,24.81,23.08,13.88,18.02,15.44,19.64,11.13,20.85,11.66,14.87,15.29,13.48,13.42,13.36,13.13,19.67,16.7,10.34,16.78,11.32
2021-08-09,17.27,19.32,17.3,22.98,25.87,20.17,18.99,13.13,20.5,21.08,24.59,23.6,13.8,17.84,14.91,19.7,11.18,20.81,11.87,14.97,15.3,13.8,13.53,12.88,13.25,19.38,17.05,10.28,17.32,11.03
2021-08-10,17.2,19.26,17.11,22.74,25.68,20.52,19.75,12.92,20.33,20.71,24.6,23.72,13.99,17.78,14.72,19.53,11.04,20.87,11.74,14.71,15.06,13.56,13.53,12.93,13.0,19.14,16.85,10.23,17.62,11.4
2021-08-11,16.97,19.05,17.19,22.32,25.77,21.48,19.88,12.54,20.21,18.99,24.28,22.26,14.17,17.65,14.59,19.49,10.63,19.97,11.8,14.76,14.83,13.4,13.47,13.03,12.96,19.14,16.88,10.15,17.89,11.67
2021-08-12,16.71,19.08,16.5,22.3,25.47,21.65,20.09,12.78,20.24,18.89,24.24,21.45,14.02,17.75,14.55,19.5,10.73,19.45,11.66,14.7,14.83,13.59,13.13,13.11,12.89,19.1,16.91,10.05,17.73,11.69
2021-08-13,16.58,19.01,16.26,22.15,25.29,21.4,19.79,12.42,19.05,19.74,23.88,21.14,14.27,17.31,14.4,19.18,10.6,18.89,10.66,14.74,14.55,13.49,13.18,13.46,12.73,19.01,16.44,10.0,17.5,11.45
2021-08-16,16.89,18.98,16.5,22.31,24.83,21.21,20.1,12.27,18.18,19.26,23.78,20.51,14.6,17.16,14.25,17.96,10.67,17.82,10.73,14.77,14.24,13.98,13.34,13.73,12.71,19.0,15.83,10.22,18.12,11.96
2021-08-17,16.87,18.61,16.48,22.11,24.96,21.45,19.82,12.08,18.23,19.25,23.92,20.46,14.94,17.42,14.23,17.93,10.72,18.01,10.66,14.6,14.61,14.03,13.14,13.69,12.65,18.75,15.73,10.11,17.83,12.55
2021-08-18,17.66,18.61,16.57,21.6,24.47,21.28,20.82,12.19,18.48,18.77,23.68,20.5,15.73,16.6,14.3,18.01,10.49,17.45,10.16,13.37,14.41,13.24,12.8,13.91,12.09,17.7,14.59,9.51,17.39,12.62
2021-08-19,17.38,18.64,16.34,20.4,23.04,21.11,20.77,15.86,18.16,18.15,23.41,18.79,15.64,14.37,11.66,17.88,10.05,16.52,10.41,12.67,13.92,12.5,13.76,13.57,11.99,15.94,16.13,8.57,17.22,12.9
2021-08-20,17.41,18.7,16.28,20.03,22.84,21.17,20.81,16.6,17.62,18.15,23.32,18.61,16.13,14.21,11.8,17.67,9.92,16.4,9.72,12.7,13.73,12.56,14.4,13.82,11.97,16.04,15.96,8.1,16.87,12.9
2021-08-23,17.61,19.0,16.76,18.35,23.27,21.69,20.99,16.79,17.69,18.26,21.25,18.65,16.17,13.9,11.89,15.74,9.6,15.89,9.17,11.6,13.81,12.67,14.56,13.4,11.3,15.64,16.41,7.86,17.11,12.96
2021-08-24,17.36,18.66,16.57,18.06,22.94,21.5,20.68,16.76,17.47,18.03,21.05,18.55,16.03,13.78,11.7,15.58,9.64,15.67,9.35,11.47,13.62,12.53,14.43,13.3,11.17,15.36,16.16,7.84,16.83,12.9
2021-08-25,17.46,18.73,16.32,19.56,22.42,21.62,20.71,17.07,17.57,17.7,20.61,18.84,15.91,13.53,11.55,14.17,9.8,16.29,9.27,11.3,13.54,12.95,14.55,12.95,11.0,15.53,15.94,7.77,16.88,12.55
2021-08-26,16.86,18.72,15.23,18.77,22.83,21.6,20.75,17.06,17.49,17.62,20.25,19.14,15.7,13.11,11.58,14.06,9.69,16.24,9.17,11.32,12.11,12.62,13.96,13.01,10.89,15.54,15.85,7.34,16.63,12.66
2021-08-27,15.89,18.98,15.07,18.8,22.79,21.21,21.01,16.64,17.46,18.0,20.56,19.27,15.69,13.1,11.53,14.1,9.74,16.21,9.05,10.82,12.18,12.41,13.51,13.0,10.63,14.69,15.53,7.06,16.18,12.63
2021-08-30,17.07,19.38,15.57,19.17,22.94,20.65,21.38,16.92,16.7,17.66,20.65,19.6,15.99,13.35,11.63,14.52,9.66,16.69,9.3,10.69,12.38,12.18,13.73,13.21,9.84,14.39,15.71,7.05,16.55,12.92
2021-08-31,16.8,19.05,15.88,19.02,22.76,20.25,21.12,16.66,16.73,17.96,20.53,19.38,15.89,13.17,11.73,14.53,9.72,16.51,9.28,10.77,12.25,12.24,13.56,13.59,9.84,14.31,15.67,7.19,16.41,12.73
2021-09-01,17.0,19.12,15.96,18.63,22.53,19.86,21.69,16.55,16.38,17.71,19.38,18.66,16.11,13.0,11.43,14.3,9.75,16.04,9.27,10.05,11.94,12.14,13.62,13.74,9.95,13.92,16.13,7.0,14.49,12.75
2021-09-02,16.81,18.8,15.33,18.29,22.05,19.4,21.8,16.18,16.22,17.14,18.31,18.1,16.06,12.76,10.69,14.03,9.57,15.46,9.49,9.31,11.0,12.3,13.59,13.66,9.33,13.53,16.04,7.03,15.16,12.65
2021-09-03,16.8,15.67,15.35,18.33,21.43,18.9,21.83,15.9,15.96,17.26,18.26,17.86,16.37,12.58,10.54,14.05,9.58,15.27,9.06,8.97,10.56,12.13,13.52,13.78,9.07,13.54,16.01,6.96,15.42,12.76
2021-09-07,17.34,15.42,15.46,18.38,21.71,19.08,21.54,16.04,16.02,17.73,18.36,17.49,16.35,13.34,10.86,14.34,10.31,15.36,10.13,9.13,14.4,12.96,13.69,13.77,8.51,13.82,14.71,7.4,15.37,13.03
2021-09-08,17.73,15.09,15.65,18.45,21.55,19.01,21.32,15.92,16.38,17.97,18.93,16.83,16.4,13.55,10.86,14.62,10.44,15.09,10.51,9.45,14.81,12.93,13.6,13.99,8.86,14.1,15.04,7.4,15.23,13.13
2021-09-09,17.64,15.4,15.96,18.67,21.81,18.39,20.33,16.03,16.72,18.16,18.54,16.06,16.05,13.31,10.85,14.38,11.31,14.74,10.59,9.83,15.19,13.59,13.75,14.15,8.95,14.11,15.15,7.32,14.61,12.81
2021-09-10,19.86,15.59,15.75,18.92,22.09,17.02,20.08,16.46,16.94,18.34,18.59,15.96,15.9,13.36,11.27,14.93,11.59,15.11,10.7,9.83,15.28,13.82,13.96,14.16,9.03,14.3,16.29,7.42,15.01,12.64
2021-09-13,20.1,15.82,16.23,19.09,22.47,16.95,19.89,16.8,17.36,16.88,18.98,15.44,15.81,13.74,11.54,15.29,12.22,15.14,11.03,9.81,16.21,14.08,14.17,15.13,9.62,14.86,17.24,7.78,15.44,13.2
2021-09-14,20.46,15.67,16.11,20.7,22.56,17.15,19.48,16.65,17.94,16.81,19.51,16.71,15.74,14.03,12.28,15.57,12.2,16.21,10.88,9.86,16.56,14.08,14.02,15.07,9.6,15.19,17.12,7.81,15.42,13.19
2021-09-15,19.84,15.85,15.89,20.68,22.47,17.46,18.95,18.86,18.04,16.63,19.22,16.79,15.26,13.89,12.51,15.7,12.16,16.2,10.97,9.99,16.68,14.07,13.81,15.11,9.53,15.1,17.4,7.71,15.03,12.73
2021-09-16,19.67,16.39,15.75,20.54,21.84,16.91,19.41,19.77,17.89,16.35,18.83,17.25,14.75,13.31,12.61,15.48,12.23,16.2,11.64,10.22,16.34,14.21,14.06,15.04,9.82,15.23,17.66,7.73,15.05,12.06
2021-09-17,19.09,16.28,15.6,20.45,21.64,16.95,18.07,19.65,17.36,16.52,19.42,17.66,13.91,13.17,12.12,15.46,12.03,16.03,11.68,10.34,16.55,14.14,14.1,15.92,9.95,15.06,17.78,7.53,15.39,11.44
2021-09-20,19.47,16.57,17.08,20.94,21.7,17.02,17.33,16.48,17.05,17.22,20.43,18.1,13.3,13.49,12.09,15.43,12.13,16.85,11.5,11.12,17.21,14.4,13.48,15.97,10.46,15.03,17.06,7.59,15.87,11.97
2021-09-21,19.18,16.57,16.93,20.96,21.56,17.76,17.34,16.63,17.13,22.96,20.85,18.13,13.34,13.4,12.53,15.25,12.04,16.66,11.72,11.15,17.25,14.3,13.38,15.96,10.48,15.06,16.97,7.79,15.78,12.0
2021-09-22,19.31,16.5,16.57,21.35,22.57,17.69,17.14,16.52,17.85,23.21,20.77,18.67,13.63,12.96,12.71,15.06,12.29,16.72,11.8,11.62,17.19,14.19,13.75,16.14,10.58,15.04,17.13,7.83,15.85,12.0
2021-09-23,19.27,16.68,16.64,22.01,22.95,18.03,19.61,16.84,18.44,23.29,21.13,18.57,13.56,13.31,13.15,15.09,12.25,17.39,11.72,11.67,17.4,14.66,13.72,16.17,10.59,15.16,17.41,8.01,16.22,11.86
2021-09-24,19.14,16.49,16.64,20.54,23.02,17.95,20.35,16.54,18.15,23.28,20.77,18.27,13.46,13.11,13.26,15.2,12.22,16.98,11.69,11.71,17.3,14.61,13.57,16.97,10.69,14.8,17.34,8.04,16.3,11.86
2021-09-27,19.53,16.21,17.39,20.53,22.38,18.46,19.76,16.86,18.2,23.48,23.87,17.94,13.9,13.23,13.31,15.28,12.36,17.23,12.08,11.97,17.62,14.87,13.62,17.16,10.94,14.67,17.87,8.01,16.87,12.01
2021-09-28,19.57,16.11,17.67,20.75,23.16,18.31,19.94,16.59,18.22,23.43,23.87,19.38,14.64,13.44,13.51,15.11,12.37,17.41,12.46,12.37,17.56,14.88,14.51,17.13,11.01,15.26,17.81,8.21,17.06,12.11
2021-09-29,18.72,16.55,17.13,20.36,23.18,18.44,20.25,16.7,18.4,23.42,23.64,19.45,14.78,13.41,14.41,14.88,12.47,16.94,12.51,12.45,17.54,15.93,14.61,17.27,11.53,15.63,18.04,8.42,16.94,11.99
2021-09-30,19.14,16.89,16.83,20.96,23.66,19.9,20.21,17.49,18.46,23.52,24.01,20.18,16.05,13.88,14.44,14.79,13.25,17.56,12.85,12.77,19.09,16.23,15.16,17.27,12.27,16.48,19.01,8.38,17.63,12.43
2021-10-01,19.63,16.84,16.88,22.1,24.02,20.04,20.17,18.17,18.91,24.21,24.51,20.32,16.48,14.21,15.31,15.16,13.77,18.37,12.95,13.23,19.36,18.55,16.23,17.74,12.28,16.98,19.36,8.63,19.03,13.5
2021-10-04,20.63,17.54,18.05,22.62,24.37,20.3,20.99,18.64,19.15,24.55,25.06,22.0,16.75,14.57,16.42,15.88,14.61,19.4,13.68,13.6,20.07,19.5,17.33,17.87,13.12,17.75,20.33,8.89,19.54,14.59
2021-10-05,20.57,17.35,18.01,22.45,24.07,20.2,20.57,18.51,19.24,24.16,24.92,22.56,16.76,14.6,16.39,15.85,14.48,19.41,13.52,13.67,19.91,19.75,17.53,18.0,13.08,17.91,20.16,8.87,19.33,14.5
2021-10-06,20.83,17.22,18.08,22.71,24.13,20.34,20.97,18.84,19.11,24.1,25.64,22.78,16.69,14.73,16.4,15.95,14.4,19.33,14.05,13.79,19.76,19.67,18.05,17.78,13.34,18.56,20.24,8.94,19.51,14.38
2021-10-07,20.6,16.92,18.03,22.85,23.9,20.4,21.14,19.13,19.05,23.46,26.2,23.03,16.77,14.18,16.35,16.15,14.23,19.23,13.5,13.73,17.6,19.57,18.04,18.19,13.36,18.42,20.93,8.78,19.56,14.37
2021-10-08,20.34,16.98,17.91,22.99,23.49,20.22,21.31,19.18,18.85,23.27,25.84,23.03,16.79,14.15,16.62,16.11,14.16,19.29,13.26,13.56,17.28,19.57,18.02,18.19,13.27,18.25,20.75,9.16,19.48,14.28
2021-10-11,18.92,16.63,17.99,23.08,23.48,20.76,21.58,19.14,18.98,23.6,26.48,24.02,17.36,14.28,16.68,16.18,13.68,19.78,13.26,13.56,17.22,19.82,18.2,18.67,13.45,18.44,20.19,10.45,19.81,14.31
2021-10-12,18.75,17.72,17.69,22.9,23.48,20.73,21.36,19.06,18.74,23.17,26.05,23.81,17.1,14.12,16.54,17.12,13.85,19.47,13.15,13.74,16.95,19.51,17.91,18.49,13.28,18.32,19.96,11.04,19.59,14.12
2021-10-13,18.68,17.55,17.42,24.24,23.27,20.71,21.43,19.02,18.75,23.26,26.12,24.2,17.04,14.21,16.59,16.88,13.69,20.21,13.16,14.04,16.73,19.46,17.83,18.15,13.1,18.4,19.63,11.05,20.39,13.95
2021-10-14,18.11,17.6,17.23,22.78,23.19,20.36,21.77,19.08,17.95,23.15,26.07,23.92,16.95,13.78,16.42,17.02,13.6,19.77,13.19,14.13,16.27,19.71,18.07,18.13,13.12,18.0,20.79,11.37,20.27,13.87
2021-10-15,17.72,17.41,17.72,23.07,23.07,20.26,21.7,17.24,17.7,23.46,26.03,24.26,16.99,13.7,16.37,16.99,13.56,19.91,13.21,14.36,16.18,19.59,18.11,17.95,13.15,18.18,20.42,11.71,20.39,13.9
2021-10-18,18.22,17.44,18.14,23.5,23.4,20.31,21.75,16.54,17.45,23.96,26.35,23.9,17.48,13.99,16.99,17.12,13.66,19.92,12.57,14.31,16.1,19.89,18.34,17.65,12.89,18.4,20.35,12.08,20.76,14.06
2021-10-19,18.17,17.45,17.83,23.04,22.97,20.07,21.44,16.39,17.41,23.47,25.87,23.55,17.21,13.85,16.96,17.02,14.44,19.63,12.39,14.12,15.79,19.77,17.97,17.7,12.94,18.51,19.99,11.96,20.44,14.01
2021-10-20,17.58,17.45,16.86,22.79,22.61,19.76,21.81,15.96,17.45,22.99,25.65,23.46,16.78,13.67,16.71,16.47,14.07,19.3,12.37,13.68,15.36,19.93,16.97,17.37,12.65,18.59,19.73,12.4,20.19,13.26
2021-10-21,17.56,17.27,16.76,22.74,22.64,18.96,21.61,15.56,17.34,17.41,27.25,23.46,16.94,13.85,18.4,16.92,14.15,19.39,12.05,13.63,15.13,19.92,17.08,17.81,12.76,18.57,19.77,12.6,20.37,13.07
2021-10-22,17.27,17.13,17.54,23.51,21.56,18.9,21.62,15.68,16.72,17.07,27.82,23.12,16.82,15.02,19.06,17.56,13.93,19.39,12.03,13.61,15.22,19.92,16.77,17.77,12.82,18.55,19.87,12.69,20.51,13.41
2021-10-25,17.52,17.34,17.84,23.91,21.28,18.65,19.01,15.34,16.16,17.58,28.09,23.59,17.29,15.06,19.19,17.86,14.32,19.04,12.12,13.86,15.67,20.15,17.0,17.39,13.15,18.85,20.15,12.97,20.52,13.95
2021-10-26,17.29,17.09,17.96,24.31,21.75,18.52,18.86,15.38,15.9,17.41,27.98,23.23,17.11,15.11,18.91,18.55,14.2,18.75,11.91,13.68,16.17,19.75,16.8,17.23,13.15,18.6,20.21,12.89,20.63,13.93
2021-10-27,17.11,17.54,17.81,25.02,22.47,18.56,18.76,15.48,16.11,17.23,26.95,23.34,16.91,15.23,19.32,18.56,14.4,18.87,12.01,14.21,16.66,19.8,17.81,17.12,13.24,18.67,20.13,13.15,21.91,13.89
2021-10-28,17.19,17.7,18.0,25.48,21.56,19.78,18.45,15.6,15.92,16.68,26.57,22.07,16.12,15.36,19.18,18.52,14.6,18.6,11.48,13.96,16.42,21.44,17.02,16.9,13.09,18.19,19.96,13.08,23.86,13.68
2021-10-29,17.52,17.41,18.76,25.64,21.28,20.49,18.26,15.65,15.94,16.68,26.65,21.79,16.02,15.55,18.62,19.09,14.78,18.77,11.52,14.12,16.53,21.32,17.54,17.56,12.75,17.79,20.07,13.14,24.22,13.94
2021-11-01,16.64,17.49,19.32,24.46,21.53,19.11,17.89,14.34,14.98,15.07,26.89,21.26,14.81,14.8,18.51,19.07,14.82,17.96,11.13,14.39,14.77,19.51,16.5,17.04,11.98,17.07,19.67,13.22,23.27,12.75
2021-11-02,16.73,18.22,19.1,24.09,21.57,19.27,17.68,15.11,14.74,14.89,26.79,21.76,14.63,14.67,18.45,18.83,15.3,17.86,11.04,14.44,14.7,20.21,16.25,16.84,12.15,17.09,19.41,13.12,23.35,12.51
2021-11-03,15.99,19.76,18.9,23.4,21.07,19.5,16.75,15.13,14.54,14.55,26.89,21.16,14.25,14.66,17.91,18.47,14.98,17.09,10.36,14.47,14.5,19.72,15.56,17.38,11.66,16.92,19.22,13.11,21.98,11.48
2021-11-04,15.62,20.58,20.16,23.22,20.94,19.25,17.12,15.3,14.04,14.38,27.61,21.06,13.94,14.52,18.51,18.36,15.05,17.17,10.38,14.47,14.39,19.63,15.5,17.36,12.15,17.21,19.11,14.6,22.18,11.49
2021-11-05,14.91,20.83,20.39,22.64,21.2,18.95,16.9,14.68,13.76,14.58,26.94,20.67,14.07,14.46,18.57,18.43,15.11,17.06,9.43,14.24,14.33,20.32,14.66,17.64,11.74,16.68,18.79,14.75,22.44,11.68
2021-11-08,15.05,21.1,21.28,23.04,21.77,19.73,16.85,14.73,13.66,14.91,27.18,20.67,13.85,14.84,18.55,18.65,15.24,17.32,9.7,14.62,14.59,21.53,14.87,18.72,12.02,16.86,18.54,14.82,22.96,11.75
2021-11-09,14.82,20.84,21.45,22.72,21.83,20.29,16.73,14.62,13.66,15.26,26.67,20.54,13.83,14.73,18.65,18.65,15.02,17.07,9.6,14.52,14.46,21.49,14.75,18.62,11.87,16.62,18.21,14.55,23.51,11.56
2021-11-10,14.53,20.78,22.71,22.84,22.36,20.04,17.86,14.88,13.46,15.25,26.26,20.03,13.44,14.67,18.97,18.47,15.15,16.21,9.76,14.54,14.54,21.27,14.59,18.84,12.02,16.81,18.34,13.81,23.25,11.61
2021-11-11,14.38,19.83,23.05,22.59,22.07,19.74,17.75,14.92,13.34,16.67,26.29,19.81,13.69,15.18,18.96,17.46,14.79,16.18,9.56,14.46,14.93,21.21,14.57,18.93,11.92,16.54,18.25,13.23,23.91,11.5
2021-11-12,14.58,19.78,23.62,21.21,22.05,19.52,17.52,15.01,12.93,17.38,26.08,19.35,14.02,15.03,19.06,17.48,14.95,15.23,9.38,14.17,15.89,21.27,14.49,18.56,11.75,16.12,17.96,13.08,23.06,11.41
2021-11-15,14.77,20.18,23.56,20.89,22.71,19.74,17.49,14.94,13.89,17.17,26.1,18.04,14.11,15.25,19.08,17.12,15.33,14.41,9.27,13.95,15.98,21.21,14.29,18.76,11.84,16.04,16.5,12.72,23.57,11.68
2021-11-16,14.72,20.06,23.21,20.81,23.15,19.5,17.4,15.16,13.74,16.91,25.8,17.96,15.99,15.04,18.81,17.04,15.13,14.28,9.45,13.7,15.7,21.01,14.3,19.18,11.77,15.85,16.62,12.63,23.34,12.97
2021-11-17,14.78,19.9,23.02,20.85,23.81,19.71,17.19,15.1,13.87,16.61,25.19,18.4,16.1,14.74,18.45,17.19,15.2,14.16,9.35,13.75,15.63,21.19,14.04,18.86,11.7,15.79,16.67,12.47,24.29,13.24
2021-11-18,16.1,19.69,24.29,21.39,24.41,19.71,17.66,18.5,13.87,17.18,25.19,18.65,16.82,14.69,18.47,17.68,14.46,14.22,9.65,13.74,16.16,21.05,14.33,18.79,11.53,15.36,16.73,12.49,25.02,13.41
2021-11-19,16.95,19.16,24.47,21.38,26.56,19.44,17.2,18.76,13.68,17.43,25.11,18.84,16.97,14.93,18.48,17.73,14.45,14.03,9.59,13.68,16.4,21.15,14.24,20.26,11.3,15.04,16.85,12.14,25.2,13.54
2021-11-22,18.06,20.15,25.59,20.69,27.23,19.98,18.14,20.6,14.62,17.94,23.23,19.67,17.17,13.81,16.87,17.57,14.98,14.19,10.12,13.58,16.78,21.8,15.33,20.26,11.3,16.72,16.64,13.03,26.27,14.15
2021-11-23,17.98,20.13,25.56,20.81,27.08,19.92,18.61,20.54,14.62,18.34,22.9,19.8,17.1,13.85,16.81,18.7,14.9,14.4,10.13,13.45,16.67,22.01,15.39,20.12,11.32,17.09,17.1,12.94,26.09,14.34
2021-11-24,18.1,20.07,25.75,20.54,27.32,20.37,18.98,20.54,14.68,18.2,22.84,20.11,17.52,14.03,16.72,19.05,14.63,14.56,10.42,13.57,16.35,21.67,15.49,20.75,11.11,17.16,17.04,12.86,26.77,14.07
2021-11-26,19.04,20.66,26.75,23.35,26.82,20.64,19.21,20.7,15.01,18.61,21.52,20.58,18.43,15.1,16.57,18.5,14.8,14.96,11.08,13.45,15.63,23.16,15.48,20.97,11.14,17.76,17.16,13.38,26.49,14.76
2021-11-29,18.49,20.76,26.28,24.24,28.62,20.46,21.51,21.46,15.19,20.1,22.84,22.08,18.75,14.88,16.98,18.88,14.53,15.96,11.34,13.22,15.68,23.3,15.03,20.65,11.82,18.42,17.99,13.47,25.12,15.24
2021-11-30,19.41,20.94,26.23,24.32,28.42,20.73,23.86,21.65,16.08,20.51,23.61,22.17,18.77,15.52,17.28,19.79,14.77,15.87,12.0,13.33,16.88,22.99,15.66,20.75,13.13,19.02,18.17,14.21,25.11,15.32
2021-12-01,20.52,21.73,26.65,25.99,30.97,21.85,30.98,22.15,17.53,22.27,25.44,23.27,18.81,16.88,17.18,21.02,14.45,16.9,12.82,13.49,17.35,23.8,16.51,22.01,13.68,20.28,17.78,14.9,25.86,16.16
2021-12-02,21.75,21.11,26.8,27.22,32.39,22.18,31.99,22.12,18.75,23.23,25.47,23.41,19.33,17.76,16.96,21.74,13.95,17.53,13.09,13.81,17.47,23.16,16.75,22.29,13.44,20.89,18.03,15.79,26.53,16.83
2021-12-03,22.57,19.26,27.32,27.82,32.61,21.98,32.77,22.34,19.59,23.81,25.28,23.45,20.05,17.82,17.12,22.2,13.9,18.38,13.15,13.79,17.79,23.42,19.02,22.65,13.64,21.01,17.89,16.13,26.73,17.2
2021-12-06,23.25,18.94,27.51,28.89,33.49,22.69,33.61,22.42,20.29,24.33,24.2,23.32,20.62,18.02,16.26,23.79,14.41,18.4,13.81,14.04,18.38,22.66,19.52,22.71,13.39,20.56,18.43,15.18,27.16,17.42
2021-12-07,23.04,19.15,27.3,28.87,33.1,22.37,33.2,22.31,19.96,24.11,23.99,23.21,20.31,18.01,16.24,25.62,14.26,18.19,13.64,14.07,18.11,22.39,19.38,22.45,13.19,20.2,18.16,15.25,26.59,17.2
2021-12-08,23.81,19.15,26.92,28.72,33.16,21.95,33.14,22.71,20.02,24.2,23.63,23.28,20.93,17.88,16.41,26.04,14.21,18.43,13.87,14.05,17.98,21.38,19.5,21.33,13.26,20.15,17.93,15.39,26.65,17.43
2021-12-09,23.97,19.39,26.58,28.68,32.95,21.39,33.15,22.79,19.87,24.01,23.72,23.27,21.03,18.19,16.2,26.15,14.41,18.52,13.93,14.3,17.93,21.04,19.52,21.38,13.6,20.32,18.1,15.47,26.15,17.91
2021-12-10,24.46,19.66,26.06,28.86,32.47,21.45,32.68,23.1,19.76,24.14,23.84,23.49,21.11,18.51,15.96,26.34,14.29,18.67,14.51,14.27,17.76,20.97,19.94,20.93,13.75,19.96,17.91,15.38,26.12,18.61
2021-12-13,25.81,20.13,25.94,29.86,33.65,22.05,33.46,23.38,20.51,23.21,24.68,24.17,21.88,18.27,16.91,27.05,15.63,19.12,15.17,14.37,16.67,21.64,20.42,21.57,14.71,20.49,18.3,16.08,26.07,19.7
2021-12-14,26.03,20.15,25.59,29.63,33.31,21.94,33.42,23.19,20.18,23.06,24.66,24.1,21.71,18.69,17.13,26.7,15.96,19.24,15.06,14.1,16.51,21.79,21.01,21.35,14.59,21.09,18.04,16.18,25.9,19.75
2021-12-15,27.18,20.72,27.31,30.12,33.39,21.98,33.96,24.17,20.06,23.25,24.85,24.73,21.93,19.26,17.4,27.29,15.87,19.4,15.14,14.27,16.56,22.2,21.94,21.79,14.72,21.54,18.85,16.24,25.92,20.03
2021-12-16,29.68,22.77,28.11,30.12,33.77,22.08,34.6,24.0,20.35,23.64,24.86,24.84,21.05,19.25,17.99,27.3,16.05,19.66,15.29,14.36,17.18,22.18,23.37,21.45,15.03,21.99,18.62,18.68,26.02,19.71
2021-12-17,29.53,22.91,28.75,30.38,33.97,22.02,35.05,24.05,20.76,23.91,25.19,25.13,21.3,19.94,18.66,27.33,16.28,20.25,15.83,14.52,17.62,22.41,23.76,21.45,15.98,22.31,18.68,18.89,25.33,20.93
2021-12-20,28.91,23.47,27.95,30.97,32.7,22.6,35.63,21.81,21.35,24.08,25.47,25.37,21.5,20.54,19.07,27.84,16.49,20.62,16.04,14.79,17.56,22.52,24.3,20.8,16.28,23.2,18.85,19.23,24.9,21.17
2021-12-21,28.64,23.11,27.99,30.57,33.54,22.18,35.37,21.7,21.08,24.16,25.1,25.09,21.72,20.21,18.81,27.43,16.31,20.31,15.73,14.63,17.27,22.31,24.25,21.83,15.99,22.94,18.62,18.96,24.95,20.85
2021-12-22,28.36,22.74,27.07,30.32,33.41,21.87,35.07,20.23,20.58,23.97,24.35,24.38,21.67,20.1,18.03,26.97,16.05,20.1,15.53,14.42,16.91,22.31,23.99,22.29,16.0,21.63,18.82,18.43,24.31,20.39
2021-12-23,28.2,22.51,26.61,30.1,33.23,21.87,34.83,20.13,20.51,23.52,24.69,23.98,21.57,20.13,17.86,26.03,15.91,19.86,15.55,14.33,16.97,21.74,23.82,22.09,15.91,21.13,18.16,18.35,23.9,20.1
2021-12-27,28.45,22.36,26.16,27.02,33.57,21.21,35.49,20.7,21.39,23.7,24.38,23.68,20.85,19.18,18.08,25.97,15.94,19.5,15.15,13.85,16.86,20.91,23.85,21.85,15.95,21.23,17.87,18.18,22.64,19.96
2021-12-28,27.96,21.89,25.8,26.57,33.58,20.81,34.95,20.3,21.0,23.78,24.13,23.27,20.45,18.82,17.83,25.42,15.61,19.23,14.96,13.6,16.58,20.56,23.37,21.46,15.67,20.84,17.55,17.85,22.45,19.79
2021-12-29,27.93,21.84,25.72,24.97,32.39,19.08,33.67,19.79,20.67,22.79,23.1,22.22,20.54,18.61,17.71,24.79,15.59,18.24,14.72,13.51,16.55,18.27,23.39,21.7,15.33,20.32,16.7,17.85,21.64,19.38
2021-12-30,27.15,21.41,25.29,24.43,32.14,18.48,31.82,19.14,19.85,22.09,22.11,21.74,20.26,17.9,17.08,23.8,15.09,18.15,14.07,13.24,15.05,18.05,22.89,21.43,14.21,19.48,16.18,17.12,21.03,19.11
2021-12-31,26.29,20.34,24.54,22.54,28.91,17.0,24.8,18.43,18.56,20.29,18.82,20.65,19.88,16.76,16.82,22.75,14.36,16.8,13.4,12.04,14.44,16.85,22.15,19.9,13.65,17.71,15.37,16.5,19.9,18.55
2022-01-03,25.37,20.75,24.08,20.96,28.1,15.99,23.4,17.65,17.05,18.87,18.37,20.01,20.27,16.04,17.18,22.71,14.38,15.51,13.5,11.87,14.13,16.69,20.9,19.65,13.99,16.61,15.14,15.51,18.66,18.09
2022-01-04,25.15,20.68,24.31,21.15,27.82,18.92,25.43,18.15,17.11,19.46,18.83,20.08,19.97,16.14,17.85,22.72,14.18,16.08,13.58,11.8,14.29,16.72,21.18,19.37,13.94,16.73,15.72,15.81,18.79,18.32
2022-01-05,25.58,20.44,23.12,21.06,27.68,18.87,26.33,18.58,16.83,19.45,19.07,20.77,19.77,17.03,18.72,22.89,13.55,16.6,13.49,11.5,14.47,17.78,21.53,19.97,13.83,16.5,15.32,15.92,18.25,18.59
2022-01-06,25.64,20.0,22.88,20.67,28.33,19.1,26.92,18.54,17.25,19.77,19.48,21.71,19.82,16.99,20.51,20.73,13.5,16.93,13.52,11.29,14.89,17.95,21.76,20.36,14.1,16.46,17.72,15.87,18.6,18.69
2022-01-07,25.14,20.17,23.07,20.71,28.49,19.24,27.34,17.95,17.57,19.71,19.68,21.67,19.83,17.64,20.54,20.43,13.81,16.75,13.19,11.16,15.1,18.37,21.98,20.98,13.86,17.53,18.26,16.18,18.72,18.63
2022-01-10,25.41,20.14,23.53,21.37,29.58,19.46,29.3,17.97,17.68,19.98,20.09,21.84,20.15,17.61,20.91,21.4,13.66,17.22,12.66,11.18,15.6,19.82,22.81,21.12,13.9,18.82,18.88,16.84,19.78,18.04
2022-01-11,25.34,20.06,24.06,21.21,30.08,19.69,29.91,17.85,18.03,19.73,19.96,21.63,20.07,17.98,22.07,21.49,13.91,17.03,12.56,11.28,15.66,19.95,22.7,21.1,14.24,19.21,18.94,16.82,20.24,17.73
2022-01-12,24.31,19.97,23.99,20.7,29.48,19.6,29.71,17.78,17.87,19.55,19.5,22.66,19.5,17.94,21.77,21.74,12.35,16.98,12.17,11.33,15.35,19.59,22.89,20.8,13.65,19.22,19.16,16.59,20.3,16.92
2022-01-13,24.11,19.63,24.57,20.44,29.64,19.72,30.43,17.57,17.88,19.58,19.1,22.43,19.62,17.42,21.63,22.05,11.68,16.48,12.06,11.53,15.33,19.18,24.62,21.43,13.57,18.22,19.55,16.45,20.49,16.71
2022-01-14,22.79,19.36,22.52,20.21,29.39,20.07,30.11,16.0,17.81,19.81,19.27,22.26,19.98,16.83,21.36,21.71,11.6,17.04,12.44,11.5,15.52,18.81,24.16,21.05,13.86,17.8,18.78,16.47,20.44,16.49
2022-01-18,19.49,16.45,20.96,20.09,28.27,20.07,29.73,15.9,17.29,19.68,19.42,22.9,19.4,16.65,20.69,21.88,10.94,17.56,11.68,11.36,14.61,18.24,23.23,21.21,12.78,17.17,19.09,13.91,19.84,14.17
2022-01-19,20.17,16.38,21.15,20.48,28.85,21.19,29.95,16.61,16.55,19.72,19.66,23.72,19.49,16.47,20.62,21.89,11.09,17.88,11.53,11.24,14.67,18.14,24.24,21.3,15.77,17.14,19.65,14.04,20.53,14.51
2022-01-20,20.75,16.7,22.14,21.03,28.12,21.8,30.38,16.73,16.95,20.43,21.02,24.3,20.14,17.26,20.77,23.22,11.39,18.25,11.69,11.79,16.17,18.05,24.78,20.91,16.61,19.3,19.92,14.19,20.47,15.11
2022-01-21,20.91,16.66,25.21,21.46,29.17,22.22,30.76,17.59,16.82,21.7,21.31,24.69,21.26,17.79,20.89,23.46,11.97,18.69,11.83,12.4,16.59,18.61,24.99,20.61,16.86,20.17,19.98,14.16,22.17,15.31
2022-01-24,23.19,18.58,29.04,23.0,31.77,23.38,34.28,19.0,18.56,25.34,22.34,27.08,24.51,18.5,22.37,25.12,14.15,20.52,13.21,13.36,17.11,20.68,29.41,22.83,18.2,22.75,21.21,15.31,23.35,15.96
2022-01-25,23.83,18.76,29.47,29.05,32.1,24.74,34.58,19.5,21.75,26.07,24.18,27.45,24.53,19.05,26.02,25.14,16.27,21.86,13.74,13.81,18.5,20.86,29.55,23.61,18.31,23.35,21.45,16.19,24.39,16.47
2022-01-26,25.0,19.35,31.34,29.8,35.13,25.49,36.35,20.0,21.45,27.4,24.72,28.32,25.2,20.35,26.58,26.19,16.63,22.66,14.09,14.68,20.26,21.16,31.13,25.08,18.7,23.4,21.91,18.1,25.24,17.26
2022-01-27,25.81,19.99,31.93,30.97,36.33,26.5,37.57,21.45,21.97,27.49,25.94,28.97,25.8,21.06,26.78,27.85,16.96,24.17,14.75,15.79,20.65,22.58,31.72,25.54,18.95,24.79,22.44,18.71,25.44,17.82
2022-01-28,27.32,20.76,33.01,32.16,37.03,28.79,39.04,22.93,22.75,28.49,26.8,30.03,26.85,21.91,26.96,29.02,17.05,24.98,16.15,17.47,23.03,22.98,33.04,26.43,19.39,25.14,22.9,19.86,27.78,18.58
2022-01-31,28.56,20.98,34.64,33.3,39.24,30.19,41.07,23.64,23.48,29.86,27.77,31.32,27.34,22.97,27.64,30.33,17.44,26.11,16.66,18.21,24.21,23.47,33.93,27.1,19.77,25.84,23.6,20.66,28.59,19.38
2022-02-01,28.04,20.75,34.28,33.01,39.24,29.95,40.5,23.25,24.33,29.36,28.21,31.16,27.1,22.84,27.5,29.74,17.3,25.86,16.61,18.11,23.96,23.05,33.32,26.75,19.85,25.49,23.66,20.89,28.87,19.18
2022-02-02,27.56,20.47,34.87,32.8,38.92,30.16,41.3,23.47,24.41,29.58,28.3,31.12,26.35,22.75,27.41,29.71,17.51,25.85,16.45,17.96,24.04,22.79,33.19,26.26,19.94,26.14,23.98,21.11,28.94,19.14
2022-02-03,27.65,20.61,35.4,32.59,38.94,28.81,40.99,23.13,24.31,29.2,28.05,31.08,26.69,24.54,27.09,29.92,17.66,25.7,16.63,17.96,23.97,24.16,33.58,26.58,20.19,25.93,24.4,20.88,28.69,18.79
2022-02-04,27.2,20.33,37.96,32.47,38.68,28.78,40.64,23.11,24.32,29.15,27.98,30.66,27.11,24.27,26.61,28.98,17.86,25.87,16.59,18.04,24.07,23.46,33.49,26.17,20.43,25.96,24.54,20.56,28.66,18.63
2022-02-07,27.49,20.56,39.16,32.97,39.39,29.17,40.76,23.33,25.11,29.29,28.18,30.58,27.2,24.28,25.53,29.03,17.89,26.22,16.94,18.27,24.14,23.33,34.14,25.77,20.84,25.99,22.73,20.6,28.95,18.84
2022-02-08,27.23,22.84,39.09,33.05,38.66,28.65,40.17,22.96,25.05,28.76,27.64,30.06,26.96,24.09,25.05,28.68,17.56,26.05,16.65,18.02,23.83,23.13,33.54,25.57,20.45,25.52,23.01,20.24,28.46,18.57
2022-02-09,26.79,22.99,38.73,32.67,37.99,28.32,39.37,22.72,25.1,28.95,27.44,29.74,26.84,23.8,24.78,28.06,17.5,25.71,17.18,17.85,23.75,22.14,33.0,25.43,20.17,24.73,22.5,20.09,27.56,18.34
2022-02-10,26.7,23.87,38.25,32.67,38.14,28.33,38.82,22.99,25.09,30.06,27.82,29.9,27.18,24.06,23.89,28.04,17.21,26.06,18.47,17.99,23.96,21.72,33.2,25.58,20.05,24.28,22.42,19.93,27.27,18.37
2022-02-11,27.25,23.78,39.03,33.31,39.35,28.51,40.98,23.35,25.34,31.01,27.98,29.85,27.41,24.98,23.67,28.35,17.37,26.81,19.42,18.05,24.18,22.13,33.68,26.55,20.34,24.4,22.87,20.03,27.51,18.89
2022-02-14,27.36,24.33,40.4,33.66,39.98,28.48,40.83,23.92,25.92,31.53,28.25,30.18,27.31,25.59,24.46,28.52,18.32,27.21,20.12,18.4,25.0,22.65,32.4,26.78,20.97,25.31,22.96,20.44,27.56,19.35
2022-02-15,26.9,24.18,39.68,33.15,39.42,28.16,40.28,23.49,25.63,30.93,27.92,29.56,26.89,25.25,24.09,28.37,18.07,26.7,20.02,18.16,24.68,22.22,31.73,26.32,20.9,24.8,22.56,20.02,27.2,19.11
2022-02-16,26.57,23.91,39.13,32.47,38.73,27.62,39.57,23.29,25.3,30.47,27.6,29.11,26.6,24.88,23.79,27.97,17.84,26.27,19.76,17.95,24.64,21.83,31.38,25.92,20.68,24.39,22.47,19.75,26.85,18.96
2022-02-17,26.62,24.03,39.76,32.25,38.83,28.45,40.57,23.92,25.29,30.37,27.53,28.93,26.37,24.92,24.28,28.0,17.99,25.66,20.56,17.97,24.82,21.71,31.28,26.38,20.79,24.33,22.68,19.63,27.06,20.44
2022-02-18,26.42,24.12,40.04,31.72,38.49,27.69,40.81,24.62,25.32,30.5,27.3,28.16,26.13,24.93,24.19,28.61,18.0,25.49,20.63,17.92,24.78,21.54,30.85,25.95,18.89,23.82,22.13,19.55,26.67,20.29
2022-02-22,26.29,24.23,38.49,31.68,38.59,27.76,41.36,24.51,27.16,29.57,26.65,28.02,29.07,24.94,24.45,28.59,18.02,25.57,20.97,17.92,24.32,21.23,30.61,26.42,18.92,21.87,22.22,19.54,25.29,20.21
2022-02-23,25.66,22.89,37.12,31.1,37.17,27.31,39.57,25.17,26.49,27.17,25.73,26.36,27.81,24.91,23.54,27.6,16.49,25.18,20.3,18.07,24.16,19.28,27.83,25.42,18.04,19.51,21.36,18.81,25.6,19.95
2022-02-24,28.43,22.98,40.24,27.22,38.46,26.37,44.36,25.23,25.63,29.31,24.06,26.77,28.92,26.0,19.65,30.7,15.21,24.8,20.33,18.23,23.62,19.77,32.04,26.2,18.97,18.81,21.21,18.66,29.08,19.79
2022-02-25,27.67,23.06,39.09,26.73,35.81,25.93,43.27,25.36,26.3,28.17,24.22,26.52,28.91,26.29,19.29,30.43,17.43,25.04,21.02,18.15,24.35,21.13,30.49,25.07,20.55,20.0,22.44,17.67,28.83,19.45
2022-02-28,25.92,22.42,38.62,24.98,35.5,23.27,41.77,23.59,26.83,27.39,22.36,25.17,28.07,25.88,19.23,28.62,17.58,23.87,20.01,15.99,22.48,20.13,29.22,24.32,20.67,18.89,22.39,16.04,27.22,18.57
2022-03-01,25.96,22.19,38.11,31.64,36.38,24.27,41.18,23.79,27.21,27.45,24.41,25.53,27.97,26.41,19.32,28.91,17.41,25.54,19.96,16.26,23.0,20.24,29.04,25.28,20.59,19.6,22.22,16.06,27.67,18.64
2022-03-02,25.71,22.7,37.59,31.48,35.1,24.99,43.12,24.32,28.01,26.81,24.95,25.43,28.77,26.16,19.71,28.85,17.85,25.39,20.01,15.97,22.75,20.35,29.27,25.62,20.74,20.62,22.24,15.82,27.72,18.13
2022-03-03,25.87,22.77,38.43,31.41,35.63,24.82,43.36,24.53,27.75,27.23,24.06,25.68,28.82,26.3,19.39,28.98,17.97,25.69,19.88,16.62,22.66,20.41,29.71,25.82,20.4,20.58,21.92,15.3,27.16,18.79
2022-03-04,26.06,23.1,37.92,32.05,36.8,25.17,42.72,24.91,28.1,27.7,23.9,25.29,28.93,26.34,19.76,28.55,17.9,25.81,20.28,16.83,22.42,20.84,30.04,26.09,20.29,20.23,23.19,15.44,28.41,20.28
2022-03-07,27.05,24.11,37.29,35.55,40.54,26.79,42.79,24.97,29.68,29.86,24.33,25.28,29.2,25.15,19.7,28.45,19.12,25.86,20.53,19.25,22.39,19.95,30.29,28.34,20.47,20.7,23.45,15.52,30.63,20.66
2022-03-08,27.97,24.19,37.97,37.29,42.61,28.7,42.64,25.3,31.43,30.72,24.41,25.84,29.62,25.16,20.08,28.88,19.48,26.26,22.49,20.03,23.57,19.9,31.36,28.76,21.85,20.95,23.57,17.24,31.72,20.96
2022-03-09,28.21,24.16,37.65,37.33,42.15,29.11,43.19,25.37,32.48,30.69,24.9,25.85,29.61,24.96,20.26,29.54,19.58,26.35,22.68,20.52,23.7,19.76,31.55,29.04,21.91,20.78,24.21,17.2,32.0,20.87
2022-03-10,28.41,21.92,37.35,37.34,42.65,30.34,43.0,25.61,33.0,30.79,25.53,25.99,29.9,24.8,20.66,29.65,19.66,26.36,22.97,20.77,23.73,19.47,31.63,29.0,22.66,20.93,24.4,17.18,32.04,21.53
2022-03-11,29.04,21.55,37.56,37.49,43.72,30.73,43.17,26.1,33.97,31.06,25.9,26.55,30.01,25.29,21.07,30.02,19.85,27.76,22.74,21.07,24.14,19.67,32.33,30.24,23.04,21.0,24.79,17.06,32.25,21.67
2022-03-14,29.23,20.7,38.56,37.99,42.97,31.14,42.57,26.34,34.45,30.32,26.47,26.1,30.14,24.21,21.02,30.55,20.46,27.7,21.54,21.59,24.61,19.76,32.63,31.08,23.27,21.32,24.73,17.72,32.96,21.97
2022-03-15,29.38,20.69,38.6,37.53,42.33,31.11,42.24,26.18,34.24,30.64,27.47,25.86,30.08,23.93,21.01,30.06,20.52,27.3,21.26,21.89,24.38,19.75,32.53,30.69,23.28,21.2,24.71,17.57,32.57,21.7
2022-03-16,30.05,20.24,38.35,38.11,42.58,31.65,42.83,26.44,34.4,30.62,27.6,25.91,30.49,24.1,20.67,30.33,20.52,27.61,21.13,21.83,24.23,19.65,33.33,31.08,23.33,21.11,25.28,17.67,32.97,21.61
2022-03-17,30.2,20.28,38.76,38.83,42.56,32.11,43.2,26.55,34.38,30.77,30.08,26.32,30.75,24.1,20.6,30.63,20.6,28.21,21.0,21.81,24.48,19.82,33.52,31.52,23.11,21.68,25.63,17.72,33.07,21.75
2022-03-18,30.54,20.18,39.07,39.35,42.5,32.21,44.37,26.44,34.4,30.73,30.26,26.68,30.89,24.5,20.73,30.88,20.81,28.26,20.91,21.81,24.36,19.89,33.64,32.27,23.16,21.81,25.51,18.51,33.97,21.59
2022-03-21,30.8,20.56,39.0,40.24,43.41,32.19,44.4,25.18,35.15,31.06,30.58,26.48,32.45,24.61,20.46,30.59,21.12,28.49,20.44,22.79,24.57,20.46,33.87,32.86,23.39,22.03,25.71,18.81,34.5,20.63
2022-03-22,30.58,20.24,38.48,39.54,43.35,31.7,44.22,24.68,34.47,30.7,30.14,26.11,32.0,24.2,20.1,30.21,20.82,27.99,20.18,22.3,24.19,20.14,33.33,33.37,23.22,21.76,25.25,18.48,33.75,20.33
2022-03-23,30.47,20.3,37.87,38.93,42.71,31.1,43.54,24.86,33.81,30.17,29.56,25.73,32.22,23.84,19.72,30.19,20.41,27.57,19.99,21.86,23.83,19.98,32.78,33.22,22.89,21.41,24.78,18.16,33.1,20.11
2022-03-24,30.3,20.3,37.72,38.86,42.01,30.92,42.96,24.63,32.47,29.98,29.44,25.4,28.57,23.52,19.5,31.86,20.06,27.4,19.86,21.82,23.69,19.84,32.64,32.56,22.33,21.48,24.89,18.11,33.03,20.03
2022-03-25,29.38,20.29,36.65,38.43,41.66,30.35,42.54,22.88,32.5,29.6,29.24,25.07,28.08,23.03,19.21,32.01,20.13,26.66,19.67,21.22,23.46,19.86,31.86,32.07,22.22,21.58,24.76,18.03,32.14,19.86
2022-03-28,26.25,19.39,32.92,37.71,40.66,30.3,37.47,21.8,30.84,27.12,29.19,23.67,26.5,20.1,18.47,28.84,17.59,25.57,18.55,20.68,21.17,17.27,27.62,31.19,19.65,20.2,23.5,16.7,28.11,19.75
2022-03-29,25.83,19.24,32.36,37.05,40.09,29.95,36.95,21.8,30.54,26.96,28.92,23.53,26.4,20.19,18.42,28.46,17.44,25.44,18.3,20.46,21.04,17.07,27.34,30.75,19.46,20.45,23.47,16.38,27.83,19.47
2022-03-30,25.78,19.0,32.28,36.73,39.18,29.8,37.16,21.86,29.74,27.03,28.78,23.53,26.82,19.92,18.19,28.6,17.27,24.94,18.18,20.41,20.94,16.42,27.17,30.53,19.24,19.91,23.17,16.31,27.53,19.63
2022-03-31,25.48,18.91,32.1,31.32,38.19,28.71,37.02,21.47,29.15,26.91,26.94,22.86,26.94,18.82,17.87,28.55,17.41,23.52,17.84,20.19,20.09,16.1,27.05,29.99,18.99,19.28,23.33,16.25,26.94,19.43
2022-04-01,25.13,18.4,31.89,31.15,38.03,28.03,33.74,21.13,28.5,26.95,26.18,22.3,26.14,18.48,17.59,29.85,17.16,23.6,17.7,20.19,19.95,16.51,26.69,29.67,19.24,18.23,23.23,16.81,26.9,19.55
2022-04-04,25.45,18.04,31.28,30.76,36.35,28.02,33.59,20.73,27.7,26.28,26.49,21.63,26.31,18.17,16.94,30.56,17.04,23.79,17.69,19.82,20.68,16.11,26.13,29.8,19.58,17.97,21.72,16.6,25.55,17.92
2022-04-05,25.27,18.11,31.13,30.75,37.08,28.19,34.06,20.54,27.65,26.37,26.17,21.49,26.11,18.1,17.03,30.13,17.09,23.52,17.51,19.69,20.41,16.41,25.73,29.4,19.77,18.02,22.22,16.49,25.18,17.81
2022-04-06,24.48,17.44,29.22,27.4,33.86,26.53,33.68,20.56,26.62,24.42,26.48,21.27,25.71,17.64,17.01,30.12,16.27,22.93,17.22,18.29,20.43,15.72,25.42,28.01,19.74,18.17,21.91,16.6,23.19,18.42
2022-04-07,23.13,16.82,28.18,24.37,30.63,24.01,32.93,19.91,24.39,23.03,26.56,20.51,25.58,17.66,16.54,29.51,15.62,22.36,14.36,17.64,18.94,16.02,23.79,27.31,18.02,17.61,21.54,14.96,21.28,18.0
2022-04-08,22.78,16.65,28.03,24.47,30.33,23.54,32.13,19.86,22.54,23.12,25.91,21.13,26.37,17.89,16.34,28.91,15.67,22.26,14.06,17.32,18.81,16.15,23.18,27.08,17.77,17.68,21.09,15.33,21.42,17.97
2022-04-11,22.12,17.67,27.67,23.93,29.21,21.86,32.25,19.41,20.45,22.52,25.66,21.2,26.57,17.36,15.63,28.55,16.42,20.68,13.49,16.82,18.37,17.74,22.78,26.23,16.84,17.64,20.36,15.84,21.43,18.2
2022-04-12,21.96,17.89,27.76,23.95,28.9,21.76,32.22,19.81,20.69,22.5,25.51,21.49,26.51,17.24,15.53,28.63,16.31,21.06,13.5,16.67,18.55,17.62,23.42,26.33,16.64,17.47,20.24,15.66,21.78,18.18
2022-04-13,21.9,17.94,27.53,24.22,29.09,21.35,32.09,19.47,20.6,21.54,24.58,21.4,26.34,17.46,15.25,27.79,15.79,20.92,13.14,16.12,17.87,17.61,22.96,24.91,16.35,17.66,20.12,15.22,21.81,18.65
2022-04-14,22.11,17.68,26.86,23.93,28.87,22.49,32.13,19.5,19.79,20.7,23.37,22.7,26.14,17.16,16.03,27.97,15.22,21.25,12.97,15.28,17.7,17.81,22.94,25.91,15.74,17.29,20.73,14.99,21.48,18.52
2022-04-18,20.92,17.54,25.37,21.81,28.69,21.79,29.59,19.36,19.4,20.73,19.68,23.31,26.12,16.62,15.71,27.89,14.78,20.93,12.58,15.42,16.85,18.18,21.5,24.7,15.27,16.11,20.15,14.27,19.42,18.68
2022-04-19,21.0,17.68,26.53,21.62,29.2,21.82,29.8,19.33,19.2,21.98,19.73,23.13,26.11,17.01,16.3,28.19,15.95,21.01,12.55,15.82,17.26,17.9,21.75,25.17,15.69,18.89,19.86,14.03,19.36,18.41
2022-04-20,20.86,17.21,26.68,21.36,28.66,21.34,29.72,19.88,19.02,22.33,19.65,22.9,25.06,17.12,18.44,28.15,15.83,21.07,12.49,15.1,17.16,17.74,21.66,24.89,16.44,19.24,19.87,13.95,19.34,17.84
2022-04-21,21.25,17.24,28.91,22.57,29.08,21.65,32.21,20.2,21.54,23.46,21.1,24.16,25.29,17.7,19.5,28.51,15.78,21.31,12.75,15.48,17.02,18.09,23.31,23.93,16.19,19.46,20.19,14.35,20.85,17.75
2022-04-22,21.89,17.27,29.74,22.82,29.4,25.22,33.1,20.36,22.12,24.11,22.75,25.31,24.95,18.01,19.97,28.23,15.81,21.91,12.83,15.93,17.17,18.19,24.14,25.02,16.23,19.58,20.71,16.42,22.3,18.12
2022-04-25,22.56,17.57,30.29,24.03,29.54,26.56,33.53,21.12,23.75,25.13,24.66,26.32,25.12,18.64,21.17,25.41,16.69,23.06,15.04,16.27,17.69,19.18,25.28,25.88,16.81,19.98,21.26,18.5,22.96,18.64
2022-04-26,23.2,17.36,30.81,24.24,30.44,27.31,33.58,21.06,23.76,25.3,24.57,26.33,25.09,18.55,21.4,25.52,16.5,23.27,15.27,16.24,18.24,19.23,25.47,27.93,17.15,19.87,21.37,18.82,23.66,18.6
2022-04-27,23.5,17.83,31.75,24.34,36.4,28.29,33.98,22.26,24.11,25.59,24.39,26.38,25.36,18.56,21.52,25.63,16.73,23.16,15.6,16.35,18.09,19.45,26.53,28.05,17.33,20.09,21.57,19.3,24.88,18.41
2022-04-28,24.38,20.31,32.59,25.08,37.51,29.99,34.79,22.71,25.83,25.79,24.63,26.44,25.99,18.9,21.44,26.47,16.71,23.03,16.39,17.42,18.39,21.91,27.05,29.13,17.95,19.62,21.63,19.59,25.01,18.62
2022-04-29,26.74,21.29,35.64,26.45,38.71,30.39,36.15,23.36,26.83,26.74,25.56,27.86,26.55,21.04,21.98,27.38,16.74,24.19,16.96,17.95,19.26,22.21,28.63,29.74,17.98,19.9,21.98,21.43,26.22,18.71
2022-05-02,27.65,22.27,37.61,28.0,39.85,30.65,36.92,23.38,27.52,26.96,25.92,28.65,26.98,23.16,22.5,25.6,17.17,23.71,19.27,19.56,19.71,22.54,29.5,30.05,19.25,20.54,23.3,22.05,26.55,19.66
2022-05-03,27.6,22.12,37.13,27.68,39.92,30.24,36.37,23.07,27.39,26.6,25.59,28.47,26.64,22.84,22.1,25.66,17.1,23.84,19.27,19.67,19.67,22.42,28.93,30.78,19.51,20.45,22.98,22.35,26.91,19.49
2022-05-04,28.7,22.46,38.35,28.72,40.48,31.23,38.05,24.1,27.77,27.67,26.25,29.4,27.6,24.43,23.68,27.03,17.26,24.28,20.22,20.51,21.06,22.96,30.53,32.27,19.32,20.66,23.78,22.92,28.23,19.54
2022-05-05,30.74,22.81,40.62,29.32,40.82,31.75,39.69,25.32,28.48,27.85,27.32,30.19,29.78,25.61,23.63,27.95,17.59,24.89,20.28,21.18,22.15,22.79,31.63,35.01,19.44,20.94,24.49,23.07,30.29,19.53
2022-05-06,31.23,22.7,41.51,29.75,41.17,32.22,39.86,25.42,29.1,28.33,27.01,30.46,29.98,25.66,23.65,28.33,17.18,25.32,20.42,20.87,22.08,22.77,31.41,35.73,19.18,20.72,24.72,23.16,30.54,19.94
2022-05-09,32.11,24.03,43.22,30.48,46.9,33.37,41.71,25.64,31.29,29.49,27.11,30.53,30.03,25.63,24.22,29.11,17.67,25.6,20.93,20.67,23.5,22.56,32.38,36.87,20.04,21.04,25.05,23.46,31.7,20.95
2022-05-10,31.75,23.69,43.43,30.85,47.23,33.59,41.9,25.43,31.61,30.08,27.65,31.37,30.8,25.58,26.07,29.0,17.53,27.19,20.96,20.78,24.33,22.53,32.31,37.22,19.89,21.05,25.29,23.98,31.78,21.09
2022-05-11,34.15,22.98,44.56,31.19,49.09,34.03,43.13,25.43,31.86,31.55,28.44,31.45,31.28,26.09,26.33,29.69,16.96,28.27,21.23,20.86,24.76,22.56,33.21,37.6,20.18,21.25,25.85,24.0,32.41,20.87
2022-05-12,35.6,23.02,47.03,32.28,50.78,34.32,45.42,25.39,32.31,33.14,28.55,31.53,32.11,26.72,26.65,29.28,17.12,28.1,21.46,21.14,24.82,23.07,33.35,38.27,20.66,21.25,26.43,24.11,32.5,21.14
2022-05-13,35.92,22.97,47.31,31.98,52.1,34.37,45.42,25.52,32.34,33.3,28.54,31.37,32.79,26.78,26.84,29.4,17.4,27.89,22.03,21.43,24.94,23.18,33.49,38.89,21.04,21.0,26.6,24.2,32.1,20.53
2022-05-16,35.41,23.0,47.41,32.22,53.87,33.4,45.07,25.23,33.05,33.35,28.69,30.34,33.08,26.9,26.73,29.23,17.64,27.64,22.1,21.64,25.52,23.16,33.8,38.07,21.54,21.17,26.02,24.92,32.21,20.9
2022-05-17,34.85,23.21,47.02,31.96,53.79,32.93,46.04,25.14,32.49,32.92,28.32,29.92,35.04,26.64,26.43,28.78,17.6,27.25,21.85,22.06,25.07,23.59,33.33,37.87,21.6,21.04,25.55,24.51,31.82,22.87
2022-05-18,36.22,23.24,48.33,32.26,54.99,33.93,47.06,26.64,33.84,33.28,28.62,29.44,36.1,26.77,27.51,29.34,17.77,26.91,26.12,23.45,25.2,23.42,34.27,38.49,25.48,21.26,26.74,24.42,32.19,25.11
2022-05-19,36.66,23.07,47.97,32.33,54.92,34.42,46.87,29.79,34.71,32.52,28.76,29.48,36.06,27.36,27.55,28.84,16.66,26.7,26.36,23.21,25.56,23.62,34.13,38.21,25.34,20.04,27.74,24.76,32.79,25.57
2022-05-20,38.44,23.24,48.58,32.92,58.06,36.57,46.91,30.07,35.63,33.45,29.8,30.44,36.66,28.58,26.97,30.27,16.83,27.69,26.77,23.58,27.19,23.68,35.36,38.95,25.16,20.14,28.25,24.74,33.56,26.15
2022-05-23,38.78,23.28,48.33,32.36,58.49,35.17,44.99,30.03,34.7,33.69,28.1,29.64,37.17,28.66,26.66,30.22,17.15,29.17,27.32,23.94,27.6,23.73,34.73,38.56,25.86,20.4,28.36,23.84,33.11,27.07
2022-05-24,38.49,22.99,47.92,32.3,57.87,34.64,44.24,30.24,34.19,33.74,28.08,29.6,36.83,28.71,26.75,29.78,17.01,29.37,27.09,24.42,27.96,23.34,34.49,38.19,25.63,20.83,27.98,24.62,32.85,27.06
2022-05-25,38.35,22.99,48.38,32.35,58.08,34.3,44.55,30.24,33.12,33.59,27.03,29.39,36.99,28.7,26.09,29.98,16.48,28.96,26.19,24.3,27.86,22.95,34.14,39.03,25.76,20.31,27.76,23.67,32.76,26.97
2022-05-26,39.09,23.01,48.6,32.18,58.13,33.4,44.62,30.69,32.9,33.3,26.91,29.24,37.07,28.66,25.91,30.37,16.5,28.55,26.11,24.26,27.41,23.65,33.85,37.79,25.5,20.06,27.49,23.25,32.3,26.9
2022-05-27,39.15,22.95,47.97,32.17,54.85,32.61,44.39,29.9,32.74,33.15,27.14,29.08,37.03,28.57,25.91,30.36,16.48,28.48,25.9,24.18,27.3,23.55,33.07,37.65,25.49,20.16,28.09,23.09,31.44,27.26
2022-05-31,38.08,20.62,47.32,31.09,54.3,31.07,44.15,29.24,32.0,32.91,26.32,28.13,36.51,27.27,26.12,29.26,17.47,28.21,25.76,23.72,27.21,21.63,31.96,38.05,25.52,20.49,28.0,21.74,31.01,27.52
2022-06-01,37.92,20.43,46.71,30.56,54.86,30.99,45.33,29.33,31.58,33.67,26.46,28.78,36.23,25.98,25.88,29.18,17.33,28.67,24.72,22.81,27.24,21.43,31.83,38.02,24.84,20.1,27.34,20.8,31.02,27.67
2022-06-02,37.98,21.35,47.32,30.5,55.72,30.86,48.38,29.42,31.25,33.93,26.79,28.53,36.68,26.35,26.27,28.93,17.41,28.58,24.95,22.59,27.46,21.71,33.28,37.59,25.17,20.36,27.7,20.51,30.43,27.96
2022-06-03,37.18,20.89,46.23,29.46,55.25,30.02,47.06,28.41,30.87,33.08,26.25,27.5,35.93,24.8,25.1,27.41,17.23,27.66,24.07,21.5,26.01,21.07,31.85,36.4,25.14,20.11,26.98,19.69,29.09,27.86
2022-06-06,35.77,20.39,44.42,28.52,55.15,28.71,46.09,27.82,29.71,32.7,25.03,26.71,34.38,23.57,25.44,26.47,16.89,27.4,24.38,20.72,25.25,21.06,31.21,33.24,25.3,19.99,25.29,19.51,27.32,27.35
2022-06-07,35.6,20.12,43.75,28.53,54.41,28.5,45.64,27.48,29.32,32.13,24.64,26.28,34.24,23.83,25.0,26.22,16.83,26.88,24.09,20.54,25.06,20.75,30.96,33.0,25.27,19.83,25.08,19.29,26.99,27.06
2022-06-08,35.27,19.0,42.57,27.94,50.38,28.6,44.85,27.52,26.94,31.42,24.47,25.99,33.3,23.79,24.87,26.17,16.46,26.77,23.81,20.6,23.96,20.82,30.26,32.74,24.77,19.75,25.01,18.81,25.52,26.4
2022-06-09,35.75,19.23,42.28,27.66,49.85,27.72,44.24,27.56,25.95,31.1,23.42,25.02,32.6,23.53,22.77,26.42,17.21,24.96,23.91,20.27,22.96,20.73,30.16,31.88,25.37,19.92,24.45,17.73,25.62,26.52
2022-06-10,33.64,19.32,42.04,27.01,48.22,27.48,43.41,27.39,25.85,29.91,24.31,25.51,32.14,22.96,22.57,25.85,17.44,24.47,24.07,20.14,23.43,19.42,29.38,31.56,25.5,19.82,23.81,17.71,24.92,26.62
2022-06-13,32.37,19.05,39.48,26.42,48.04,27.65,41.66,27.44,26.75,28.67,25.82,25.72,30.85,22.53,22.9,26.52,17.25,24.72,24.29,20.77,23.57,19.11,28.99,30.13,25.56,20.52,23.73,18.41,24.82,26.84
2022-06-14,31.82,19.16,39.15,26.46,49.61,27.36,41.72,27.33,27.29,28.83,25.9,25.75,30.97,22.58,22.58,26.14,17.49,25.23,24.95,20.6,23.78,18.87,28.53,29.62,26.12,20.72,23.75,18.39,24.38,26.39
2022-06-15,32.46,19.43,40.05,26.57,50.75,27.36,42.23,27.85,27.3,29.16,27.26,26.49,30.79,22.92,22.1,26.7,17.48,25.85,25.44,20.75,23.59,18.63,28.35,30.11,26.97,21.55,23.93,18.09,25.01,26.35
2022-06-16,32.61,19.02,39.53,27.51,49.88,28.26,41.3,27.55,28.51,29.09,27.39,26.67,27.92,22.81,21.89,26.88,17.44,25.96,25.6,19.97,23.69,18.13,28.22,30.31,27.42,21.48,24.0,18.33,25.0,24.91
2022-06-17,31.2,20.23,38.52,29.03,49.63,27.38,41.18,26.1,29.79,28.65,27.84,26.79,26.38,22.59,21.2,26.87,17.12,26.01,21.03,18.26,23.81,18.78,27.39,29.54,23.87,21.37,22.87,18.44,24.87,22.81
2022-06-21,28.93,20.51,40.77,29.29,46.56,23.88,41.29,21.31,28.6,27.67,27.39,25.75,25.68,19.82,19.89,25.39,17.75,25.29,21.37,18.47,21.29,19.95,26.06,28.51,24.24,20.36,24.42,19.47,23.08,23.2
2022-06-22,28.3,20.9,40.82,29.84,46.8,23.63,41.55,21.37,28.92,26.77,27.54,24.99,25.23,19.86,19.74,25.15,19.08,23.21,21.11,18.64,21.81,20.41,25.83,28.29,24.46,20.47,25.85,19.61,22.61,22.65
2022-06-23,27.79,20.79,41.1,30.04,47.27,26.65,41.96,20.27,31.52,26.29,28.39,24.83,24.79,19.94,18.97,25.15,19.24,23.06,20.69,17.59,20.82,21.11,25.45,28.5,24.64,20.75,26.0,18.35,22.25,22.36
2022-06-24,27.48,20.57,41.27,30.09,47.98,27.09,42.62,19.94,31.99,26.63,30.03,26.05,24.81,20.02,19.35,25.0,19.24,24.42,20.74,17.49,21.14,21.34,25.22,27.1,24.26,22.47,26.2,19.13,23.38,22.38
2022-06-27,25.33,20.48,41.97,30.88,48.11,27.81,43.02,19.15,32.81,26.89,30.46,26.27,24.32,20.59,19.05,24.03,19.33,25.14,20.92,17.54,21.68,21.17,25.35,27.48,24.65,22.6,26.85,19.35,23.58,22.24
2022-06-28,26.37,20.29,43.58,32.11,48.63,27.84,43.94,20.01,32.5,28.07,30.56,26.51,26.62,21.2,19.05,24.48,20.43,25.41,21.15,18.27,22.3,21.66,26.17,35.18,24.59,22.4,26.77,19.21,24.98,22.4
2022-06-29,26.43,20.01,43.24,31.7,47.86,27.86,43.44,19.72,32.81,27.63,30.61,26.38,26.58,21.56,19.51,24.11,20.06,25.08,20.76,18.11,21.9,21.28,26.03,35.29,24.13,22.16,26.63,18.96,24.63,22.23
2022-06-30,26.82,19.68,43.26,32.49,48.28,28.11,43.02,19.86,32.25,27.66,30.86,26.61,27.03,21.77,19.54,24.58,19.51,25.16,20.59,17.69,21.72,21.38,26.2,34.41,24.25,22.81,26.53,18.99,24.91,22.18
2022-07-01,26.71,19.46,43.23,32.15,47.82,29.14,41.9,20.07,32.68,26.77,31.61,25.88,27.12,21.75,19.65,24.84,19.28,24.99,20.64,18.15,21.65,21.48,25.89,34.51,24.11,23.06,26.64,19.45,24.95,21.27
2022-07-05,27.1,18.65,45.39,33.16,48.05,29.49,39.61,20.77,34.13,28.73,32.12,26.82,27.27,22.19,20.3,25.66,19.89,25.7,21.09,18.38,22.21,21.87,25.02,35.39,24.13,23.61,27.7,19.58,25.99,21.34
2022-07-06,26.96,18.35,45.02,33.03,48.06,30.14,38.68,20.8,35.39,28.96,32.39,27.02,27.4,22.37,20.13,25.83,19.81,25.6,20.97,18.52,22.63,22.14,24.83,35.37,24.0,24.03,28.05,19.65,25.74,21.41
2022-07-07,26.44,18.4,45.08,32.72,47.82,30.56,38.14,20.52,35.26,28.92,32.51,27.09,26.81,21.74,20.26,25.64,19.6,25.6,20.82,18.42,22.61,22.18,24.38,35.33,23.48,24.21,27.76,19.61,25.64,21.06
2022-07-08,26.48,18.36,45.09,32.82,47.75,30.25,37.96,20.47,35.76,28.8,33.01,27.03,26.76,21.73,19.99,25.21,19.52,25.53,20.78,18.26,22.6,22.17,24.54,35.09,23.61,24.13,28.37,19.61,25.78,20.93
2022-07-11,25.61,17.93,44.49,32.67,47.71,30.93,37.97,20.32,36.24,28.19,31.95,25.53,26.13,22.02,19.69,24.64,18.65,24.96,20.2,18.49,21.66,22.49,23.59,35.34,22.69,24.05,28.83,19.49,25.3,19.91
2022-07-12,25.45,17.89,44.37,32.69,50.1,30.67,38.73,20.63,35.51,27.82,31.63,25.83,26.57,22.35,19.72,24.35,18.6,24.94,19.96,18.48,21.67,22.06,25.68,34.89,22.43,24.07,28.32,19.53,25.27,19.83
2022-07-13,25.54,17.94,44.77,32.16,47.76,30.53,38.0,21.06,34.49,27.62,30.62,25.41,27.29,22.13,19.07,23.97,18.53,24.7,19.47,18.1,21.46,21.77,25.27,35.6,22.36,23.71,27.97,18.98,25.53,19.93
2022-07-14,26.58,17.63,44.75,31.96,45.92,30.53,37.17,21.09,34.01,27.02,30.21,25.19,27.05,21.71,19.99,25.97,18.45,23.9,18.06,17.94,21.03,22.05,26.19,35.65,21.12,23.94,28.05,18.88,26.77,20.89
2022-07-15,25.57,17.26,44.0,31.94,42.71,30.44,36.81,20.32,33.37,26.72,28.66,25.4,26.53,21.37,19.74,25.58,18.27,25.79,17.33,17.44,20.53,21.78,25.51,35.19,19.38,23.19,28.26,18.34,26.19,20.73
2022-07-18,26.04,16.07,44.52,29.63,43.46,29.35,35.14,20.8,30.13,26.78,28.07,26.29,26.7,21.46,19.29,24.6,18.76,27.07,17.16,17.59,20.42,22.05,26.04,35.22,18.11,23.74,28.78,18.32,26.47,19.86
2022-07-19,26.12,15.84,44.31,29.34,43.57,29.77,35.14,21.47,30.54,26.99,28.27,27.78,26.47,21.75,20.41,25.26,20.15,26.72,16.91,17.41,20.22,21.69,25.87,35.3,17.77,23.44,28.56,17.91,26.55,19.49
2022-07-20,25.9,15.79,44.15,28.89,43.06,29.38,35.49,21.18,30.33,27.77,27.8,27.37,26.1,21.42,20.37,25.32,19.95,26.18,17.19,17.22,19.9,22.41,25.69,34.84,18.11,23.07,28.8,18.62,26.07,19.24
2022-07-21,25.73,15.42,41.74,28.68,42.97,29.46,35.64,21.2,30.25,27.86,27.68,27.53,25.99,21.54,20.88,25.38,19.36,26.23,16.34,16.53,19.85,21.43,26.08,34.8,17.62,24.61,26.41,18.03,26.18,17.85
2022-07-22,25.34,15.05,41.19,29.84,42.75,29.61,35.58,20.95,29.88,27.7,27.81,27.63,25.73,21.34,21.06,26.5,17.97,26.44,15.98,15.74,19.23,20.87,25.96,35.03,16.95,24.34,25.03,20.84,26.18,17.6
2022-07-25,25.63,15.08,40.35,28.95,41.31,26.97,34.66,20.78,27.5,27.08,25.1,26.25,25.07,20.21,20.85,26.79,17.8,24.7,16.24,16.17,18.61,20.07,25.97,34.74,16.44,22.5,24.76,20.09,25.24,17.1
2022-07-26,25.21,15.3,39.91,28.97,40.61,26.55,34.96,20.62,27.46,27.05,24.73,25.96,24.68,20.04,20.53,26.4,17.62,24.55,16.39,17.98,20.99,19.82,26.7,34.54,16.54,22.06,24.3,20.04,24.85,17.29
2022-07-27,25.89,15.66,39.62,29.15,42.17,26.96,35.48,20.87,27.53,27.16,24.7,26.2,25.27,20.54,20.57,26.94,17.86,24.42,16.9,18.38,21.03,19.18,27.85,34.34,16.72,22.68,23.26,19.97,28.98,19.52
2022-07-28,24.64,16.06,37.72,27.93,41.33,26.9,33.81,20.35,27.37,25.73,24.11,25.85,23.03,20.08,20.24,26.65,17.04,23.95,16.6,18.02,20.15,20.04,27.61,27.43,16.68,24.1,23.12,20.15,27.76,19.95
2022-07-29,24.48,16.12,37.78,27.84,41.26,28.45,33.43,20.39,28.42,26.15,23.67,25.58,22.51,19.7,19.54,27.63,17.06,23.85,16.58,17.82,20.8,20.93,27.45,27.04,17.67,24.12,22.71,20.38,27.87,20.68
2022-08-01,23.72,15.71,37.12,26.98,41.16,27.36,33.19,19.78,27.82,26.06,22.42,25.07,22.25,19.09,19.37,27.92,16.76,23.21,16.11,17.18,20.4,20.74,27.56,26.79,18.99,23.24,22.77,20.22,28.02,21.26
2022-08-02,23.42,15.71,36.58,26.55,40.52,27.61,33.04,19.65,27.46,25.67,22.34,24.64,22.05,18.86,19.24,27.51,16.69,22.98,16.18,17.15,20.11,20.8,27.22,26.43,18.75,23.19,22.48,20.37,27.79,21.06
2022-08-03,24.01,15.72,36.33,26.19,40.1,27.31,32.79,19.74,27.79,26.17,21.99,24.34,22.15,18.94,18.94,27.91,16.81,22.86,16.0,16.93,19.91,20.53,27.06,26.21,19.34,23.0,22.17,20.0,27.35,21.12
2022-08-04,23.26,15.46,33.89,25.71,39.03,27.46,31.77,19.37,27.52,24.18,21.43,23.63,21.54,18.25,17.73,27.4,16.51,22.38,15.19,16.94,20.25,20.03,26.4,24.94,18.99,22.41,21.03,19.99,27.23,22.33
2022-08-05,23.12,15.81,33.65,25.55,38.71,26.9,31.94,19.01,27.09,23.88,21.27,23.59,21.48,18.08,17.66,27.04,16.48,23.22,15.23,16.86,19.9,19.96,26.3,24.75,18.89,21.8,20.59,19.97,27.44,22.26
2022-08-08,23.36,15.93,34.57,25.78,39.56,26.33,32.58,19.24,26.91,24.71,20.75,23.65,21.7,18.02,17.67,27.53,16.74,23.76,15.61,17.46,19.94,20.42,26.91,24.65,19.1,21.85,20.03,20.37,27.97,22.69
2022-08-09,23.04,15.7,34.02,25.28,38.83,25.89,32.84,18.91,26.62,24.49,20.48,23.21,21.65,17.67,17.46,27.41,16.44,23.39,15.32,17.33,19.64,21.46,26.59,24.68,18.77,21.7,19.88,20.01,27.56,22.34
2022-08-10,22.88,15.81,33.84,25.23,38.58,25.59,32.51,18.9,26.7,24.67,20.45,23.5,21.57,17.45,17.43,27.59,16.48,23.33,15.22,17.3,19.55,21.5,26.45,24.57,18.65,21.59,19.76,20.0,27.36,22.34
2022-08-11,22.64,16.0,33.32,24.47,34.7,25.31,31.35,18.31,26.86,26.3,20.08,22.84,20.6,16.62,16.98,27.69,16.45,22.96,15.17,17.24,19.2,22.1,24.32,24.58,18.6,21.39,19.77,19.67,26.99,22.18
2022-08-12,22.05,15.99,31.92,24.1,34.32,25.21,31.19,17.53,26.58,26.23,19.62,22.67,19.56,16.6,17.01,27.46,16.66,23.12,14.96,16.57,19.23,22.4,24.18,23.45,18.36,21.3,19.66,19.45,26.46,22.28
2022-08-15,20.88,16.02,31.27,23.56,33.31,25.17,30.94,17.0,26.98,27.21,19.43,21.96,19.1,16.71,16.43,25.93,16.43,20.48,15.11,16.9,19.03,22.5,23.28,23.64,18.63,20.95,18.45,19.67,26.12,21.72
2022-08-16,20.54,15.78,31.22,23.15,33.02,24.85,30.61,16.79,26.5,27.03,19.39,21.61,22.55,16.86,16.63,25.81,16.38,20.39,15.03,16.66,18.88,22.1,22.88,23.56,18.46,20.59,18.12,19.45,26.04,21.6
2022-08-17,19.88,15.01,30.6,22.43,31.2,24.61,30.06,16.66,26.59,26.9,19.37,20.12,22.36,16.52,16.52,25.87,15.83,18.85,14.7,16.52,18.69,21.29,22.26,22.99,18.3,20.25,17.52,19.14,25.53,22.25
2022-08-18,19.1,15.06,29.57,21.98,29.93,23.46,29.19,15.67,25.57,26.19,18.38,17.51,22.17,15.59,14.82,25.1,13.93,18.69,14.65,16.32,18.59,21.31,21.83,21.75,18.31,20.06,16.92,19.31,25.05,22.33
2022-08-19,18.79,15.15,28.65,21.79,29.65,23.34,28.12,15.84,25.12,24.96,18.29,17.29,22.26,15.46,14.43,24.92,14.04,19.19,13.96,16.18,18.74,20.33,21.49,21.65,17.77,20.03,15.67,18.43,25.04,22.37
2022-08-22,18.5,15.42,28.34,18.86,28.76,22.56,27.55,16.21,25.11,24.9,17.07,16.65,22.57,15.29,13.29,25.09,14.29,18.9,14.01,16.57,19.27,20.57,20.86,21.4,17.54,18.0,15.26,14.36,24.83,22.68
2022-08-23,18.24,15.4,27.86,18.69,28.3,22.82,27.17,16.08,24.96,24.52,17.28,16.54,22.39,15.03,13.15,24.68,14.17,18.77,13.86,16.33,18.99,20.3,20.54,21.31,17.51,17.74,15.38,14.41,24.41,22.32
2022-08-24,18.02,15.38,27.68,18.56,27.9,22.81,26.66,16.05,24.42,24.91,17.84,16.64,22.66,15.03,13.36,24.38,14.21,18.85,13.57,15.65,19.08,20.25,20.26,21.46,17.56,17.44,15.13,14.12,24.36,22.38
2022-08-25,17.89,14.95,27.35,18.04,28.43,22.99,27.24,15.84,23.92,24.43,17.93,16.36,22.6,14.85,13.25,25.0,14.26,19.05,13.19,13.33,16.51,20.29,18.81,20.77,17.21,17.49,15.47,13.66,24.38,21.99
2022-08-26,18.88,15.29,28.4,18.35,26.79,23.8,29.24,16.38,23.86,25.03,18.89,17.3,23.61,15.61,14.21,26.21,14.4,20.77,13.67,13.75,27.95,20.41,19.07,22.54,17.95,16.97,16.05,13.52,20.44,21.45
2022-08-29,18.51,14.7,27.17,17.11,25.83,21.35,29.65,15.78,21.46,24.81,18.95,16.79,23.64,14.71,14.46,25.26,13.65,20.72,13.25,13.1,28.4,18.19,17.75,20.85,16.69,14.86,15.94,12.7,20.22,20.37
2022-08-30,19.1,14.47,27.78,17.24,27.65,22.32,29.77,15.95,21.51,24.95,19.66,16.66,23.77,14.91,14.32,25.33,13.47,20.62,13.28,13.22,28.78,17.92,18.02,21.1,16.7,14.73,15.98,13.09,20.2,20.12
2022-08-31,19.3,14.58,27.3,17.82,26.47,22.31,29.92,16.63,22.27,24.6,19.58,16.62,23.28,15.23,14.21,23.98,13.64,20.52,13.18,13.3,28.94,18.12,18.14,21.12,15.22,14.54,15.56,13.44,19.76,19.7
2022-09-01,19.6,14.79,27.75,18.23,28.04,21.51,29.83,16.79,22.42,24.82,19.86,17.31,23.47,15.21,14.15,24.12,14.15,20.75,12.89,13.38,29.14,18.19,18.19,21.45,15.6,14.59,15.61,12.65,19.55,19.83
2022-09-02,19.49,15.35,28.1,19.11,28.25,22.08,30.2,17.76,21.44,24.29,21.09,18.05,23.36,16.47,14.9,24.42,14.51,21.65,14.06,13.79,30.21,18.49,19.25,21.79,15.82,15.03,16.54,13.53,20.09,19.86
2022-09-06,19.84,15.1,28.46,20.23,28.8,22.18,30.34,17.91,20.13,24.98,22.15,18.82,23.91,17.04,15.19,25.46,14.73,20.97,14.18,13.9,31.42,18.53,19.77,22.56,16.04,15.23,16.9,13.29,19.25,18.64
2022-09-07,19.75,15.04,28.02,20.48,28.67,22.17,30.19,18.05,20.44,24.84,22.43,19.45,24.22,17.41,15.26,25.57,14.8,21.36,14.29,13.73,32.53,18.59,19.69,23.23,16.06,15.5,17.0,13.34,19.17,19.12
2022-09-08,20.1,15.12,28.18,21.15,29.02,22.76,29.88,18.35,20.39,24.96,23.21,20.04,24.12,17.87,15.36,25.81,15.0,22.42,14.57,13.71,32.75,17.05,19.8,23.17,16.35,15.52,17.05,14.11,19.32,19.15
2022-09-09,20.29,15.19,28.08,21.66,28.86,22.5,30.3,18.27,20.24,24.79,23.17,19.55,24.15,18.09,15.36,25.51,15.03,22.31,14.8,13.63,33.18,16.57,20.08,23.32,17.23,15.51,16.88,14.61,19.69,19.05
2022-09-12,21.23,15.71,27.67,22.29,29.18,22.55,30.06,18.57,20.31,22.99,23.68,19.67,24.72,18.27,15.36,26.06,14.6,22.28,14.8,13.32,33.99,15.48,20.03,23.13,17.6,15.18,17.22,14.77,19.85,18.77
2022-09-13,22.79,18.0,28.25,22.72,30.56,23.18,29.67,20.12,20.46,22.96,24.75,20.14,27.04,18.82,15.83,27.96,14.99,22.45,15.87,13.69,34.0,15.52,20.82,23.56,17.98,15.34,17.63,15.31,19.95,18.94
2022-09-14,23.13,17.91,28.35,23.18,31.07,23.19,29.85,20.22,20.05,22.04,25.49,19.91,27.21,20.2,15.55,28.16,15.32,22.77,15.61,13.62,34.75,15.66,20.93,23.74,18.0,15.05,17.72,15.7,19.19,18.99
2022-09-15,23.59,18.02,28.69,23.35,31.72,23.55,30.33,20.41,20.04,22.52,25.61,20.31,24.59,20.22,15.48,28.16,15.17,23.32,15.76,13.62,34.9,15.76,21.67,24.15,18.05,15.42,18.46,15.67,19.42,18.85
2022-09-16,23.57,18.57,28.95,23.68,31.98,23.52,30.37,20.39,20.71,22.85,26.15,20.96,25.03,20.93,16.34,28.51,15.36,23.47,15.87,13.9,35.29,15.73,21.67,24.33,18.25,15.49,18.45,16.15,20.08,18.45
2022-09-19,25.06,18.8,29.47,24.94,32.73,24.7,31.03,20.42,21.51,23.44,27.24,21.93,25.7,21.65,16.67,28.76,15.24,23.98,16.34,14.47,35.98,15.78,22.26,25.65,18.48,16.2,19.02,16.34,20.39,18.74
2022-09-20,25.36,18.62,29.28,24.57,32.39,24.64,30.52,20.27,21.26,23.07,26.9,21.84,25.7,21.33,16.45,28.26,15.0,24.03,16.14,14.45,35.39,15.54,21.98,25.64,18.17,16.86,18.97,16.17,20.12,18.41
2022-09-21,26.05,19.08,30.2,25.81,33.61,26.53,31.11,20.82,21.4,23.67,27.72,22.5,25.98,22.1,16.75,28.28,15.51,25.02,16.5,14.97,35.65,16.03,22.89,26.6,18.47,17.68,19.78,17.69,20.98,18.58
2022-09-22,26.37,19.61,30.36,27.22,34.37,26.36,31.3,20.73,21.4,24.05,27.58,23.68,25.8,22.27,16.98,28.33,16.26,25.23,16.45,14.99,35.68,17.99,23.38,26.74,18.31,17.85,20.3,18.35,20.99,18.62
2022-09-23,26.58,19.86,30.78,27.48,35.76,27.53,31.53,21.39,23.06,24.33,27.5,24.89,25.72,22.78,17.57,28.73,16.53,25.71,16.82,15.45,35.88,18.48,23.9,26.78,18.48,18.11,20.5,18.68,20.99,19.71
2022-09-26,26.06,19.82,29.92,27.35,35.88,26.6,28.02,21.24,23.77,24.0,27.22,25.06,25.24,22.13,17.33,27.45,16.37,24.83,16.23,15.05,27.74,18.55,22.62,25.45,17.85,19.92,20.5,19.34,20.46,19.36
2022-09-27,26.26,19.86,30.7,27.46,35.89,26.46,28.02,21.66,23.7,25.08,26.9,25.57,25.17,22.16,17.6,27.81,16.5,25.19,17.52,16.37,27.53,18.7,22.98,25.53,19.21,19.71,20.72,19.5,21.9,19.52
2022-09-28,27.21,20.04,31.52,28.19,36.87,26.79,28.0,22.1,24.47,26.52,27.32,26.36,26.16,22.58,18.31,28.05,16.58,25.76,18.08,16.81,27.09,18.56,23.75,25.83,19.27,19.67,21.3,19.5,22.49,19.83
2022-09-29,27.88,20.39,30.87,28.25,37.25,25.81,27.67,22.24,24.39,26.31,27.06,26.75,25.69,23.11,18.49,27.82,16.97,26.07,18.44,17.1,26.15,18.63,23.72,26.39,19.78,20.43,21.57,19.45,22.44,19.98
2022-09-30,28.53,20.57,31.13,28.26,37.76,25.96,27.69,22.2,23.71,26.98,27.16,27.18,26.04,23.45,19.46,28.32,17.0,26.65,18.7,17.28,26.22,18.38,24.27,27.6,19.8,20.73,21.87,19.55,22.79,20.22
2022-10-03,29.02,20.28,31.04,29.02,37.76,27.05,27.57,21.62,24.24,27.56,26.74,27.4,26.22,23.38,19.41,28.83,16.08,26.8,18.1,17.34,25.58,18.09,23.78,29.08,18.89,21.24,21.73,19.92,23.04,20.1
2022-10-04,28.46,20.16,30.79,28.55,37.46,27.32,28.17,21.34,24.32,27.76,26.57,27.46,25.81,23.21,19.66,28.64,16.17,26.8,18.33,17.44,25.07,18.09,23.64,28.75,18.76,21.51,21.43,19.7,22.76,19.82
2022-10-05,28.47,20.08,30.86,28.26,37.51,27.0,28.3,21.25,24.6,27.6,26.28,27.18,25.66,23.32,19.55,28.86,15.96,26.47,18.38,17.42,24.95,17.76,23.71,29.94,18.6,21.13,21.24,19.63,23.33,19.62
2022-10-06,28.31,20.08,30.42,27.81,37.53,27.01,28.33,21.22,24.73,27.12,25.52,26.76,25.42,23.32,20.19,28.57,15.94,26.37,18.65,17.83,24.62,17.66,23.5,30.13,18.68,21.01,21.34,21.79,23.24,19.62
2022-10-07,28.51,20.09,30.53,27.59,37.05,27.05,28.41,21.7,25.12,26.98,25.63,26.5,25.29,23.36,21.01,28.56,16.15,26.11,18.52,17.55,23.94,17.28,24.1,29.75,19.06,20.88,21.7,22.09,23.08,19.81
2022-10-10,28.89,20.44,31.26,27.64,38.27,27.53,28.94,22.62,25.92,27.79,25.54,26.83,25.65,23.67,21.75,29.31,16.34,26.15,18.71,17.78,23.64,17.8,24.95,30.37,18.63,21.04,22.28,22.27,23.07,20.11
2022-10-11,28.59,22.57,31.89,27.59,38.45,27.86,29.32,22.51,26.42,27.65,25.74,26.87,25.34,23.85,21.62,29.35,16.63,26.09,18.64,17.93,23.56,17.83,24.78,30.24,18.52,21.38,22.27,22.17,22.88,20.77
2022-10-12,28.09,22.3,31.97,27.32,38.57,27.9,29.62,22.49,26.44,27.68,25.64,27.31,25.14,23.96,21.73,29.76,16.81,26.8,18.91,18.04,23.35,17.82,24.96,30.24,18.25,21.7,22.12,22.33,22.93,21.48
2022-10-13,29.74,21.76,34.39,31.92,40.55,30.35,31.86,23.64,28.68,30.45,29.14,30.26,25.09,25.58,23.98,32.74,17.45,30.55,19.0,21.53,26.36,19.1,28.36,30.77,18.57,25.36,23.91,23.47,25.53,22.14
2022-10-14,30.77,21.75,37.45,33.42,40.58,31.09,32.53,23.99,29.22,31.03,29.38,31.05,25.83,24.93,24.16,33.02,17.25,31.19,19.69,22.08,25.65,19.21,29.19,31.44,18.7,25.75,24.64,23.22,25.98,22.38
2022-10-17,31.02,21.73,37.88,33.79,40.65,31.74,32.56,24.14,29.29,30.83,29.44,31.27,25.38,24.61,23.71,33.1,17.33,31.43,19.83,22.46,25.56,19.59,29.29,31.61,19.02,26.18,24.76,23.5,25.96,22.35
2022-10-18,31.5,21.43,37.91,33.37,40.2,31.43,33.12,24.04,29.14,30.64,29.58,31.57,25.23,24.37,23.43,34.15,17.67,31.19,19.53,22.1,25.2,19.34,29.52,32.0,18.97,25.7,24.77,23.45,25.81,22.0
2022-10-19,31.03,21.63,38.08,33.36,40.22,30.98,33.6,24.12,29.44,31.12,29.69,31.4,25.6,24.29,23.48,34.17,17.67,31.17,19.52,22.02,25.41,19.49,29.66,31.37,19.64,26.76,24.65,23.7,25.77,21.88
2022-10-20,30.68,21.55,38.6,33.98,40.21,31.13,34.85,24.49,29.62,31.44,31.76,31.45,26.13,24.49,24.14,34.89,17.65,31.16,19.68,21.93,25.52,19.52,29.99,32.22,20.13,26.53,24.63,24.17,26.07,21.95
2022-10-21,30.81,21.27,38.58,35.64,39.73,31.97,34.72,24.33,29.79,31.98,32.14,32.63,25.99,24.92,24.23,35.34,18.13,31.98,19.61,21.94,25.83,20.25,29.97,31.65,20.17,26.56,24.87,24.01,26.04,22.14
2022-10-24,31.47,21.4,39.13,35.2,38.84,31.08,34.68,24.46,28.92,32.24,32.51,31.49,26.77,25.18,24.48,36.37,17.72,31.96,20.05,22.17,26.07,18.83,30.25,32.25,20.36,26.91,24.73,23.98,26.73,21.93
2022-10-25,31.03,21.22,38.44,35.35,38.59,31.19,34.31,24.54,28.44,31.94,32.34,31.13,26.57,24.92,24.11,35.77,17.58,31.48,20.15,21.78,27.21,18.84,29.86,32.8,20.34,26.51,24.46,23.74,26.54,21.65
2022-10-26,31.0,21.59,38.55,34.96,45.63,31.3,34.06,24.58,28.08,32.38,32.05,30.52,26.2,24.81,24.2,35.73,17.49,30.99,20.16,21.84,27.76,18.72,30.46,33.5,20.43,25.47,24.0,23.58,27.88,21.03
2022-10-27,31.09,21.3,38.24,34.69,45.95,32.28,34.19,24.03,28.03,31.56,32.07,29.82,25.92,25.32,23.91,36.68,17.15,30.43,18.86,20.99,27.62,18.59,30.63,33.78,19.0,25.43,23.55,23.33,26.87,20.64
2022-10-28,32.7,21.37,39.38,34.65,45.35,32.66,34.01,24.01,28.04,30.59,31.5,29.3,25.49,26.24,23.83,37.59,17.23,30.08,18.87,21.62,28.28,19.17,31.34,34.16,19.19,25.61,22.99,24.53,27.39,20.15
2022-10-31,31.57,21.22,40.12,34.72,44.58,33.06,33.87,23.6,28.86,30.39,31.81,29.09,25.81,25.62,23.45,38.5,17.0,29.75,18.52,21.42,28.35,19.53,31.14,32.94,18.33,25.42,22.68,24.53,27.27,19.9
2022-11-01,31.98,21.0,42.84,34.36,43.82,32.4,33.94,23.28,28.34,30.3,31.28,28.57,25.94,25.28,23.09,38.24,17.33,29.23,18.36,21.15,28.0,19.57,31.31,33.05,18.28,25.02,22.56,24.35,27.03,19.66
2022-11-02,32.53,21.09,43.85,34.17,45.77,32.02,35.62,23.87,28.3,30.67,31.72,28.39,26.75,25.43,23.21,38.58,17.55,28.87,18.81,21.21,28.26,19.52,32.37,32.78,18.74,24.25,22.43,24.64,27.15,19.61
2022-11-03,32.93,20.93,44.65,34.35,47.68,32.78,35.17,23.93,28.27,30.25,31.65,28.13,26.82,26.03,22.94,38.59,17.39,28.53,18.46,21.34,28.65,19.31,32.63,33.12,18.61,23.76,22.52,24.55,27.36,19.79
2022-11-04,34.57,21.81,45.22,34.88,47.7,32.98,37.93,24.25,28.05,30.45,32.21,28.09,27.63,25.72,23.04,38.41,17.68,28.5,18.33,21.19,28.48,19.45,33.08,32.74,18.72,23.95,23.56,24.44,27.16,20.14
2022-11-07,35.21,23.22,46.04,35.54,48.93,33.65,39.17,23.97,27.75,31.05,32.68,28.31,28.4,25.72,22.13,38.8,17.39,28.6,18.0,21.16,27.09,20.42,33.56,33.79,18.34,24.23,23.45,22.48,27.67,19.44
2022-11-08,34.88,24.86,45.67,35.19,48.29,33.3,39.29,24.01,27.24,31.36,32.14,27.84,28.03,25.35,21.86,38.6,17.24,28.1,17.82,20.79,26.8,20.55,33.19,33.68,18.1,23.82,23.4,22.41,27.39,19.34
2022-11-09,35.05,25.05,45.93,35.16,47.88,32.99,38.79,23.54,27.49,32.5,32.79,27.74,28.17,25.15,21.47,38.35,17.32,27.8,17.74,20.73,26.74,20.71,32.69,33.34,17.94,24.06,23.63,21.99,28.27,19.99
2022-11-10,36.29,23.61,47.46,35.2,47.84,32.66,39.01,23.72,26.88,32.75,32.39,27.72,30.28,24.75,21.58,38.7,16.98,27.6,17.95,21.31,26.61,20.8,33.15,33.6,18.3,23.69,24.08,21.93,28.59,19.09
2022-11-11,36.98,24.22,48.16,35.45,47.89,33.02,39.02,24.37,26.77,33.93,33.72,27.51,30.52,24.76,21.87,39.93,18.33,26.99,18.06,21.95,27.31,21.78,33.35,36.17,18.52,24.03,27.62,22.17,28.78,18.73
2022-11-14,34.22,23.77,44.51,29.6,45.66,30.0,37.64,21.76,23.68,31.22,29.51,22.77,28.43,22.54,19.43,36.36,17.72,21.11,16.54,17.79,23.94,21.45,29.62,35.3,18.12,19.94,25.92,20.9,26.76,18.58
2022-11-15,34.11,24.14,45.4,29.67,44.85,29.87,37.2,21.56,23.39,31.4,29.47,22.74,29.13,22.22,19.87,36.36,17.56,21.55,16.87,17.73,24.08,21.36,29.52,35.22,18.4,20.59,26.1,21.69,26.83,19.79
2022-11-16,34.08,24.13,45.22,29.99,44.57,29.51,38.05,21.59,23.35,31.36,29.35,22.38,29.98,22.15,19.77,36.48,17.48,21.16,16.9,17.95,24.17,21.11,29.47,35.11,18.2,20.5,26.09,21.47,26.21,19.94
2022-11-17,33.77,24.35,44.9,29.69,44.48,29.4,37.19,22.36,23.12,31.01,28.8,21.23,30.01,22.02,19.88,35.41,16.9,20.59,16.84,17.99,24.27,21.34,28.96,34.43,17.99,20.79,26.2,21.48,26.05,19.95
2022-11-18,33.61,24.14,45.14,29.27,44.18,29.35,37.64,22.62,22.48,30.66,28.41,20.97,29.39,22.13,19.89,35.41,16.81,20.18,16.69,17.91,24.2,21.33,28.87,34.81,17.3,19.06,26.47,21.17,26.21,19.87
2022-11-21,33.47,24.31,45.6,25.59,44.58,27.04,36.85,21.92,22.73,31.03,26.3,18.26,28.63,21.05,18.77,34.43,16.09,17.13,16.52,17.6,23.37,20.69,28.21,34.23,16.84,17.99,26.63,20.08,25.95,19.65
2022-11-22,33.05,24.11,44.89,25.12,43.8,26.66,37.11,21.6,22.54,30.97,25.95,18.0,28.36,20.66,18.62,34.09,15.75,16.9,16.21,17.21,22.93,20.31,27.82,33.75,16.51,17.85,26.09,19.77,25.85,19.28
2022-11-23,32.7,24.2,44.57,24.79,43.66,26.59,37.59,21.43,22.43,31.25,25.71,17.86,28.22,20.25,18.16,33.56,15.47,16.83,15.75,17.06,22.88,19.9,27.49,33.37,16.25,17.69,26.04,19.47,25.64,18.75
2022-11-25,32.83,24.15,44.8,23.63,35.66,25.75,37.61,20.93,22.48,30.78,25.46,17.55,28.56,20.26,17.81,33.62,15.39,16.36,15.11,17.02,20.42,19.85,26.86,31.97,15.72,17.49,26.42,19.43,23.83,18.72
2022-11-28,30.35,24.65,43.65,23.19,35.08,23.29,37.61,20.71,21.68,31.73,25.85,17.67,29.2,17.81,17.4,31.18,15.31,16.46,14.63,15.77,20.64,19.42,25.21,31.05,15.45,17.31,26.88,18.5,22.7,18.68
2022-11-29,30.32,24.21,43.12,23.26,34.47,23.03,36.89,20.36,21.31,31.45,25.52,17.52,28.64,17.52,17.1,30.6,15.26,16.42,14.42,15.51,20.51,19.18,24.92,30.49,15.24,17.12,26.49,18.2,22.33,18.3
2022-11-30,32.37,24.93,43.73,24.52,34.38,23.35,39.12,21.7,20.69,32.41,25.83,18.22,29.44,18.54,17.69,32.33,15.59,17.87,15.46,15.74,22.02,19.4,27.9,31.46,16.12,17.71,27.5,18.74,23.76,18.33
2022-12-01,31.39,25.41,40.31,24.49,34.53,23.63,39.15,21.68,20.78,32.17,25.74,18.27,28.97,18.63,17.84,32.24,14.96,18.25,15.29,15.57,22.39,19.35,27.2,30.81,15.88,17.78,27.94,19.78,23.52,18.51
2022-12-02,29.93,25.1,38.46,23.32,32.5,22.84,37.03,20.67,20.52,31.51,24.99,17.29,28.27,17.95,17.22,30.87,14.48,17.51,14.87,15.09,21.87,19.05,25.68,30.42,15.26,17.5,27.7,18.95,22.95,18.19
2022-12-05,28.19,24.56,37.3,22.55,29.45,20.5,38.02,20.08,21.85,32.21,24.34,17.33,27.66,16.77,16.92,31.13,14.01,18.24,14.53,14.52,21.49,19.2,24.75,29.13,15.02,17.46,27.17,20.2,22.34,17.79
2022-12-06,28.58,24.33,37.12,23.01,30.11,21.13,37.54,20.23,22.87,32.67,24.32,17.86,27.39,17.18,16.58,31.17,14.48,19.61,14.34,14.4,21.35,19.25,25.09,29.34,14.87,17.15,26.63,19.87,22.25,17.76
2022-12-07,28.53,23.37,36.89,22.65,29.44,20.61,36.9,20.16,22.8,32.41,24.18,18.14,27.19,17.02,16.45,31.02,14.31,19.88,14.3,14.6,21.79,18.69,24.44,28.13,14.64,17.47,26.37,20.03,22.33,17.89
2022-12-08,28.14,21.03,36.66,22.24,29.49,20.07,36.47,19.57,23.24,31.62,24.32,18.24,27.16,16.83,16.31,30.37,14.06,19.8,14.08,14.6,22.33,18.08,24.34,27.89,14.78,17.44,26.08,19.6,22.01,17.57
2022-12-09,28.31,21.06,35.85,21.85,29.39,20.36,36.79,19.43,22.88,30.28,23.62,18.16,26.94,16.82,16.16,30.12,13.94,19.68,13.95,14.59,22.3,18.06,24.27,27.84,14.76,17.19,25.7,19.73,20.55,16.95
2022-12-12,26.09,19.88,32.36,21.37,28.92,20.07,36.43,18.4,22.87,28.84,22.2,17.58,24.63,16.79,15.5,27.56,11.75,19.94,13.17,12.47,21.85,16.65,23.59,23.84,13.83,16.11,20.81,19.56,20.4,16.8
2022-12-13,26.72,21.1,34.07,22.02,29.06,20.24,36.64,18.99,22.44,29.35,22.51,18.64,26.28,17.65,15.78,29.55,11.67,20.41,13.18,13.05,22.09,16.8,24.62,25.13,14.29,16.19,21.2,19.56,21.13,17.1
2022-12-14,27.59,21.14,34.52,22.45,28.92,20.2,36.44,19.38,22.54,29.56,22.56,19.04,26.23,17.78,15.5,30.14,11.45,20.73,13.21,13.17,22.4,16.11,25.18,25.81,13.8,16.2,20.78,19.77,20.75,15.81
2022-12-15,28.07,20.91,32.37,22.89,29.51,19.89,36.66,19.84,22.63,29.37,22.25,19.04,25.01,18.4,17.79,29.83,11.75,20.3,13.07,13.26,22.33,15.81,25.12,25.01,13.17,15.06,20.03,18.68,20.44,14.16
2022-12-16,28.48,20.86,32.34,23.1,29.91,20.15,35.8,19.99,22.46,29.65,22.34,19.0,24.35,18.63,18.27,29.79,11.82,20.3,13.1,13.22,22.01,15.82,25.52,25.22,13.18,15.01,20.13,19.19,20.5,13.85
2022-12-19,28.59,21.03,32.43,23.63,30.01,20.46,35.31,18.55,22.35,31.35,22.96,19.19,24.42,18.76,18.57,29.62,11.88,20.61,13.48,13.35,22.23,15.29,25.97,25.11,13.37,14.92,19.1,19.52,20.46,14.0
2022-12-20,28.4,20.88,32.13,23.28,29.64,20.26,34.76,18.42,22.26,31.0,22.57,18.87,24.16,18.64,18.69,29.12,11.69,20.32,13.22,13.3,21.87,15.19,25.64,24.75,13.24,14.93,18.86,19.34,20.19,14.09
2022-12-21,28.84,20.85,30.94,23.27,30.2,20.01,35.44,18.3,21.45,29.71,21.1,18.79,24.18,18.52,18.83,28.71,11.89,20.22,13.17,13.38,22.06,15.16,25.9,25.4,13.06,15.02,18.1,19.36,19.79,14.04
2022-12-22,29.2,20.54,31.6,23.83,31.23,20.83,34.62,18.42,22.67,29.42,21.29,19.28,24.0,19.23,19.01,29.51,12.12,20.6,13.45,13.81,22.67,15.28,26.56,25.47,13.16,15.32,18.24,19.89,19.66,14.61
2022-12-23,29.33,19.8,32.13,23.95,31.43,20.83,34.01,18.32,22.95,28.95,21.52,19.31,23.86,19.36,19.07,29.5,12.17,20.64,13.53,13.93,23.15,15.33,26.7,25.36,13.18,15.56,18.3,19.92,19.65,14.64
2022-12-27,29.54,19.78,32.51,24.09,31.44,21.23,34.45,18.2,23.08,29.11,21.54,19.51,23.56,19.22,19.09,29.62,12.19,20.74,13.59,13.91,23.24,15.35,26.79,25.52,13.33,15.61,18.17,20.64,19.62,14.66
2022-12-28,30.34,19.6,32.17,23.99,31.06,21.55,34.49,18.37,23.06,28.73,21.78,19.21,22.81,19.19,19.28,29.66,12.29,20.73,13.99,13.86,22.56,15.35,26.77,25.98,13.73,15.62,18.36,20.78,19.62,14.98
2022-12-29,29.97,19.53,31.87,23.82,31.12,21.42,34.72,18.33,23.11,29.27,21.68,19.07,22.8,19.22,19.35,29.81,11.98,20.5,13.93,13.92,22.6,15.17,27.03,26.08,13.64,15.54,18.09,21.01,19.66,15.01
2022-12-30,27.87,18.61,30.13,22.58,30.63,20.86,32.16,16.81,22.86,28.28,20.78,18.28,21.5,18.2,18.65,27.2,11.7,19.24,12.61,13.85,21.22,14.48,23.87,24.89,12.77,14.58,16.39,20.58,17.73,14.96
2023-01-03,30.29,18.17,31.01,23.24,28.55,20.8,32.33,16.76,24.49,28.43,20.71,18.62,21.69,17.7,18.73,27.09,11.8,19.33,13.04,14.24,20.66,14.33,24.59,23.95,12.78,14.51,16.17,19.81,18.47,14.78
2023-01-04,29.98,18.24,31.43,23.15,28.66,20.77,27.81,17.63,22.79,28.51,20.83,18.1,21.72,17.84,18.78,27.0,11.87,18.54,13.21,14.4,21.03,14.43,24.94,24.13,12.98,14.5,17.44,19.54,18.43,14.66
2023-01-05,29.35,18.26,31.1,22.45,27.51,19.89,28.03,17.19,22.01,27.4,20.98,17.4,21.44,17.71,19.08,26.22,10.98,16.81,13.26,14.43,20.94,14.48,24.57,23.3,13.15,14.74,18.22,20.22,18.24,14.32
2023-01-06,30.28,19.0,33.06,23.26,28.81,20.62,28.94,18.02,21.98,28.24,21.82,17.6,21.74,18.37,19.32,28.28,10.95,17.31,13.67,14.96,21.02,14.35,25.09,23.77,13.53,15.21,18.2,20.19,18.48,14.73
2023-01-09,30.58,19.44,33.41,23.47,28.7,20.74,29.21,18.55,21.37,28.28,21.84,17.84,22.04,18.9,19.79,29.37,12.19,17.63,14.23,15.26,20.99,16.76,25.39,23.53,13.8,16.06,18.72,20.31,18.9,15.25
2023-01-10,30.25,19.27,33.3,23.24,28.68,20.57,28.96,18.28,21.15,27.87,21.83,17.89,21.95,18.52,19.5,28.95,12.09,17.32,14.15,14.97,20.61,16.84,25.03,23.17,13.68,16.0,18.56,20.22,18.87,15.08
2023-01-11,30.21,19.25,34.14,22.81,28.04,20.12,28.97,17.95,21.36,27.68,21.39,18.15,21.93,18.42,19.47,28.94,12.58,16.81,14.3,14.51,20.27,17.2,25.0,22.99,14.25,15.92,18.94,20.72,18.25,14.78
2023-01-12,29.4,17.52,32.59,22.12,28.17,20.14,28.8,16.99,21.43,27.14,20.99,17.11,19.37,17.81,19.18,26.87,12.59,15.77,14.6,14.0,19.68,17.1,24.03,21.1,13.78,15.8,18.81,20.7,17.02,14.23
2023-01-13,28.73,16.93,32.88,21.83,28.21,19.8,28.63,16.34,21.14,26.58,20.83,17.63,18.74,17.6,18.79,25.69,12.41,20.1,14.48,13.72,18.85,16.85,23.38,20.22,13.61,15.87,20.81,20.32,16.74,14.04
2023-01-17,27.78,16.41,33.29,20.0,27.46,19.47,28.72,15.75,21.23,26.09,20.66,22.15,18.54,17.32,15.4,25.38,12.13,20.16,14.06,13.46,19.09,17.3,22.81,19.85,13.47,20.7,21.02,20.67,16.15,13.57
2023-01-18,27.64,16.83,33.52,20.47,27.53,19.54,29.12,16.56,21.99,24.62,20.39,22.28,19.67,18.33,16.06,26.62,12.2,20.94,15.31,14.86,20.43,17.36,22.92,19.29,14.31,20.8,21.91,20.75,16.64,14.49
2023-01-19,27.37,16.49,33.55,20.98,27.58,20.16,29.22,16.46,21.98,24.6,20.66,22.53,20.59,18.51,15.79,26.65,12.54,21.05,15.62,15.3,21.47,17.6,23.01,19.21,15.35,20.67,22.08,20.92,16.81,14.66
2023-01-20,27.26,16.62,34.5,21.7,26.74,20.31,29.66,17.17,22.2,25.97,20.87,24.09,21.05,18.8,15.59,27.49,12.62,21.19,15.46,15.89,22.29,17.5,23.19,18.39,15.8,20.87,21.99,20.94,17.09,15.01
2023-01-23,28.0,17.29,33.68,21.65,25.32,19.55,30.43,17.79,20.6,26.28,20.92,25.54,21.31,18.72,15.24,28.01,12.68,21.59,15.46,15.86,22.17,17.72,22.65,18.33,16.66,20.79,22.45,21.09,16.85,15.14
2023-01-24,27.61,17.25,33.12,21.83,25.76,20.64,30.67,17.87,20.44,28.87,20.94,25.7,21.08,19.12,15.44,27.47,16.89,22.64,19.44,33.01,25.66,33.7,22.27,33.64,16.7,22.65,36.96,71.14,35.82,31.18
2023-01-25,27.47,17.42,34.77,21.87,27.77,20.52,31.26,17.83,20.41,29.25,20.83,25.32,21.03,18.97,15.26,27.27,16.75,22.25,19.31,32.35,25.84,33.0,24.4,32.99,16.91,22.81,36.27,69.62,35.1,30.62
2023-01-26,27.34,17.43,34.71,22.29,28.05,20.46,31.92,17.91,20.73,29.16,23.12,25.27,21.34,19.2,17.23,27.59,16.74,22.24,19.3,32.38,26.04,33.38,24.86,33.08,16.82,22.81,36.28,69.45,35.17,30.7
2023-01-27,26.67,17.23,35.39,25.24,27.92,20.11,31.89,17.87,21.65,28.55,22.98,25.3,21.49,18.81,16.9,29.38,16.66,22.02,19.02,32.39,25.94,33.35,24.49,32.68,16.68,22.95,36.25,69.37,35.34,30.69
2023-01-30,26.93,17.52,36.18,26.1,28.2,20.51,32.24,17.98,22.57,27.85,23.81,26.43,21.78,19.36,17.31,30.01,19.48,22.4,19.45,33.04,26.93,34.13,24.46,33.23,16.97,23.37,37.36,71.03,36.11,31.43
2023-01-31,26.43,17.41,35.57,25.78,27.93,22.05,31.79,17.75,22.36,27.26,23.95,26.31,22.1,19.13,17.14,29.82,19.24,22.01,19.18,32.39,26.73,33.41,24.23,32.54,16.74,23.23,36.79,69.3,35.26,30.81
2023-02-01,26.9,18.83,36.13,25.45,28.1,22.38,31.9,18.34,22.38,27.24,24.3,26.32,23.11,19.25,17.35,31.77,19.32,21.87,19.0,31.85,26.68,32.71,24.99,32.41,16.82,23.97,36.09,67.77,34.69,30.36
2023-02-02,24.91,20.56,36.77,25.07,28.47,22.99,32.1,18.76,21.31,27.71,24.25,26.51,23.22,21.89,17.46,33.05,19.59,21.74,18.83,31.77,28.02,33.55,24.66,32.68,16.58,25.35,38.15,67.72,34.56,30.4
2023-02-03,27.49,21.35,37.76,26.92,27.51,23.72,32.1,18.19,21.23,27.11,24.02,26.82,23.04,22.27,17.29,34.43,19.73,22.38,19.09,31.78,28.01,33.56,24.51,32.71,16.63,25.42,37.64,67.59,34.5,30.6
2023-02-06,26.4,20.75,36.73,26.47,26.5,23.37,31.16,17.73,20.71,26.54,22.95,27.04,22.52,21.94,16.99,34.24,20.18,22.14,19.18,32.18,28.0,34.15,23.91,32.84,16.47,25.85,38.22,69.02,34.86,31.06
2023-02-07,26.51,20.47,36.96,26.32,27.11,23.48,31.05,18.05,21.02,26.62,22.77,26.86,22.35,21.84,16.85,33.96,19.94,22.09,18.87,31.57,27.68,33.66,24.31,32.36,16.35,25.75,37.51,67.59,34.23,30.56
2023-02-08,26.33,20.07,37.4,26.25,26.74,23.41,29.84,17.87,21.24,26.76,22.43,26.77,22.24,21.78,16.75,33.82,19.32,22.03,18.53,31.59,27.3,32.65,25.24,32.41,15.99,25.39,37.45,67.63,34.08,30.29
2023-02-09,26.39,20.15,37.81,26.27,26.55,23.75,29.67,18.2,21.2,30.56,22.85,27.27,22.58,22.37,16.92,34.81,19.78,22.51,18.5,31.69,28.31,32.5,26.44,32.79,16.19,25.74,37.43,67.67,33.98,30.26
2023-02-10,26.11,19.76,36.97,26.43,26.57,23.65,29.75,18.31,20.84,30.77,22.97,27.09,22.34,22.34,17.02,34.6,19.39,22.73,18.45,31.67,28.33,32.35,26.23,32.78,16.02,25.71,37.27,67.45,34.07,30.29
2023-02-13,26.27,20.09,36.25,26.37,26.1,24.0,29.22,18.6,21.13,30.83,22.95,26.82,22.87,22.44,17.05,35.34,19.75,19.18,18.54,32.37,28.94,32.87,26.61,33.62,16.16,25.84,36.54,69.0,34.77,30.86
2023-02-14,25.94,19.89,36.09,26.03,26.65,23.91,29.15,18.51,21.06,30.52,22.68,26.52,22.82,22.37,16.97,34.9,19.34,19.0,18.67,31.67,28.51,32.27,26.33,33.1,15.95,25.79,35.86,67.43,34.15,30.33
2023-02-15,25.58,19.49,35.69,25.55,26.26,23.81,28.76,18.77,20.72,30.21,22.3,26.13,22.6,22.05,16.71,34.48,19.2,18.92,18.4,31.01,28.0,31.61,25.96,32.61,15.69,25.28,35.06,65.89,33.42,29.77
2023-02-16,25.44,19.6,35.46,25.42,26.26,23.76,28.27,19.89,20.6,30.26,22.21,22.84,22.75,21.82,16.57,34.47,19.1,18.78,18.45,30.93,27.84,31.45,26.02,32.93,15.71,22.03,34.96,65.71,33.46,29.81
2023-02-17,25.04,20.1,34.82,24.96,26.25,23.53,28.18,19.29,20.01,30.09,21.67,22.6,22.14,21.02,15.51,33.85,19.76,18.12,17.54,30.45,27.0,32.23,25.56,32.76,15.62,22.06,34.77,65.61,33.19,29.46
2023-02-21,25.0,20.48,34.12,24.61,26.86,24.01,26.8,19.39,19.88,29.36,21.73,21.5,22.73,21.4,15.9,35.04,19.98,18.36,17.59,30.58,26.55,32.74,25.42,33.51,14.57,22.25,35.5,67.07,33.62,30.93
2023-02-22,24.0,20.61,34.21,24.43,26.72,24.26,26.33,19.26,19.99,28.88,21.47,20.1,22.63,21.13,15.88,36.15,19.96,17.98,17.62,30.55,26.12,32.77,25.2,33.45,14.11,22.44,35.37,66.97,33.57,31.41
2023-02-23,24.02,20.48,34.45,24.24,26.05,23.49,25.71,19.39,19.84,26.41,21.57,19.7,22.64,20.73,16.01,36.53,16.87,16.44,13.34,13.13,22.96,18.2,25.55,19.96,13.93,20.93,21.38,17.46,14.79,18.22
2023-02-24,23.51,20.3,32.31,23.96,23.77,23.38,24.36,19.29,19.88,25.42,22.19,19.63,22.67,20.7,15.99,36.36,16.74,16.6,12.97,13.1,22.33,18.15,23.25,19.78,13.34,20.36,21.37,16.77,14.6,18.48
2023-02-27,23.18,20.53,31.78,20.65,23.56,23.44,22.91,19.58,18.4,25.71,19.8,19.96,22.63,21.09,14.14,35.55,17.21,16.82,13.15,13.15,22.56,17.79,23.22,19.58,13.55,20.51,21.76,16.38,13.81,18.62
2023-02-28,22.84,20.2,31.26,20.26,23.21,22.97,22.67,19.25,18.69,25.21,19.46,21.26,22.3,20.79,14.0,34.85,17.06,16.64,12.98,12.91,22.25,18.11,22.77,19.62,13.37,20.08,21.63,16.15,13.64,18.34
2023-03-01,22.72,20.76,31.51,19.87,23.4,23.81,23.21,19.34,18.26,25.26,19.47,20.83,22.4,20.85,13.89,35.15,14.34,16.72,13.07,12.85,21.9,18.27,23.0,19.8,13.38,20.02,21.36,16.18,13.94,18.48
2023-03-02,22.88,20.61,31.47,19.81,24.01,22.64,24.67,19.27,18.02,25.45,19.16,20.93,22.12,20.99,13.8,35.99,14.17,17.04,13.21,13.31,21.87,18.19,23.12,20.02,13.72,19.72,20.96,16.18,13.99,18.28
2023-03-03,22.2,19.06,30.25,20.04,23.94,22.25,24.29,18.45,18.52,25.23,18.28,20.68,20.79,20.76,13.13,33.85,13.53,16.98,12.91,12.97,21.62,18.17,21.94,19.26,13.26,18.5,20.75,15.76,13.83,17.92
2023-03-06,18.34,16.07,27.29,16.65,23.48,21.0,23.75,17.99,18.07,24.66,19.04,20.19,20.5,17.45,13.1,31.26,12.86,15.88,12.6,12.6,19.81,18.01,21.13,18.58,13.11,16.6,15.81,15.46,13.2,17.59
2023-03-07,18.33,16.85,27.12,16.86,23.53,21.76,23.44,18.19,18.04,24.44,19.56,20.67,20.92,17.41,13.28,30.76,13.14,16.88,12.62,13.23,20.15,17.79,20.91,18.4,13.71,16.86,16.19,15.6,13.48,17.7
2023-03-08,18.19,17.08,26.65,16.98,23.27,21.79,23.24,18.03,18.41,24.33,19.46,20.62,21.01,17.27,13.26,30.19,13.16,16.76,12.61,13.1,20.24,18.78,20.94,18.3,13.6,16.71,16.26,15.42,13.43,17.61
2023-03-09,18.07,17.3,26.62,18.96,23.54,22.57,23.18,17.78,18.74,25.12,20.07,21.51,21.16,17.43,13.57,30.62,13.38,20.52,13.13,13.76,20.68,18.95,20.83,19.26,13.78,16.53,16.4,15.7,13.62,17.45
2023-03-10,18.07,17.48,26.47,20.2,24.38,24.85,24.58,17.84,19.49,25.39,21.05,22.93,21.96,17.79,13.82,31.31,13.61,23.52,13.68,14.13,21.45,19.56,19.68,19.32,13.9,17.52,16.62,15.68,13.96,17.69
2023-03-13,19.06,18.24,28.52,20.79,26.26,25.44,25.73,17.78,21.81,21.79,20.75,23.36,22.64,17.48,14.31,30.74,14.26,24.27,14.47,15.12,20.64,21.44,20.65,19.02,14.77,18.16,17.31,16.15,14.52,18.06
2023-03-14,19.15,18.16,28.32,20.76,27.0,25.74,26.09,17.64,22.71,21.71,21.95,23.3,22.93,18.24,15.1,30.67,14.21,24.59,14.64,15.15,21.55,21.54,20.58,18.99,14.97,18.53,17.57,15.95,14.63,17.73
2023-03-15,19.15,19.1,28.81,21.13,28.53,26.6,26.38,17.73,23.93,21.89,22.49,23.6,22.81,19.07,15.17,30.67,14.41,25.37,14.83,15.15,21.92,21.94,20.59,18.86,15.56,19.14,17.77,16.21,14.61,18.19
2023-03-16,19.83,19.25,30.15,22.12,29.16,26.89,26.21,18.91,24.73,22.11,23.4,24.87,22.42,18.91,15.59,33.01,14.52,26.92,14.26,15.51,22.39,22.72,22.58,19.77,15.53,20.3,17.97,16.03,16.51,18.01
2023-03-17,19.79,19.77,30.37,22.53,29.22,27.1,26.18,18.5,25.45,21.76,23.73,25.31,22.48,19.14,15.67,34.32,14.55,27.11,14.27,15.74,22.75,23.83,22.9,20.01,15.65,21.82,18.09,16.4,16.78,18.0
2023-03-20,20.26,18.97,30.83,23.03,29.79,27.69,26.26,17.31,26.37,21.9,24.05,25.96,21.8,19.66,16.04,35.6,13.64,27.95,14.13,15.53,22.49,23.33,23.65,20.3,15.26,22.18,18.08,16.73,17.15,18.27
2023-03-21,20.12,18.89,30.67,22.78,29.35,27.11,26.08,17.38,26.06,21.68,23.82,25.54,21.61,19.46,15.85,35.8,13.58,27.38,14.11,15.37,22.34,23.0,23.46,20.47,15.28,21.8,17.82,16.48,17.12,18.04
2023-03-22,20.42,18.85,30.79,22.87,29.76,27.19,26.05,17.82,26.01,22.17,23.84,25.57,22.01,19.73,16.33,35.72,13.87,27.34,14.08,15.35,22.64,22.69,23.83,22.3,15.17,22.42,18.02,16.49,17.33,17.81
2023-03-23,20.63,18.95,31.45,23.55,29.93,27.24,26.33,17.55,26.75,22.37,24.48,25.91,20.63,19.46,16.24,35.11,13.67,27.65,14.15,15.45,22.28,22.69,24.01,22.64,15.13,22.7,18.46,16.15,17.78,15.86
2023-03-24,20.52,19.01,31.35,23.56,30.03,27.09,26.48,17.63,27.27,22.59,25.04,26.21,20.52,19.63,16.55,33.39,13.78,27.81,14.49,15.47,22.14,23.09,24.11,22.63,15.32,22.93,18.76,16.07,17.88,14.6
2023-03-27,20.8,19.43,31.62,23.71,30.29,27.58,26.64,17.22,27.64,22.64,24.44,26.32,20.41,19.62,17.28,33.74,13.84,28.49,14.67,15.57,22.24,23.34,24.4,23.49,15.41,22.88,18.8,15.72,18.04,13.51
2023-03-28,20.58,19.04,31.22,23.83,30.16,27.08,26.08,16.88,27.38,22.32,24.1,25.87,20.08,19.32,16.94,33.33,13.72,27.95,14.42,15.34,21.94,23.01,24.04,23.12,15.12,22.5,19.19,15.5,18.14,13.34
2023-03-29,20.55,19.13,31.25,23.95,30.0,27.04,26.32,16.75,27.44,22.38,24.06,25.8,19.83,19.13,16.82,35.74,13.62,28.12,14.34,15.24,21.61,22.96,23.96,23.25,14.93,22.57,19.41,15.38,18.2,13.05
2023-03-30,20.38,19.1,31.27,24.18,30.47,27.05,26.22,16.73,27.02,22.4,24.1,24.63,19.67,19.09,17.07,35.93,13.37,28.27,14.29,15.25,21.55,22.62,23.95,23.11,14.9,22.67,19.42,15.3,18.29,13.01
2023-03-31,20.5,18.5,30.69,24.05,30.3,26.46,25.67,16.98,26.83,22.45,23.83,24.52,20.3,18.8,17.09,35.88,13.5,28.27,14.06,15.26,21.45,22.5,23.99,23.13,14.73,22.71,19.39,15.24,18.08,13.0
2023-04-03,20.08,18.92,30.95,24.05,30.01,26.55,23.97,17.24,26.69,22.26,24.06,24.27,20.03,18.99,17.46,35.85,14.15,28.53,14.05,14.84,21.21,23.99,24.03,23.29,15.02,22.87,20.21,15.43,18.53,13.17
2023-04-04,19.73,18.83,30.52,24.12,29.69,28.61,23.52,17.06,26.39,22.01,23.98,24.09,19.92,18.93,17.17,35.55,14.16,28.32,13.9,14.66,21.45,23.54,23.72,23.16,14.84,23.51,19.82,15.25,18.33,13.09
2023-04-05,19.8,19.27,30.57,24.07,29.76,29.05,23.26,17.06,26.34,21.79,23.86,23.98,20.43,18.83,17.17,35.47,14.53,28.39,13.43,14.77,21.26,23.02,23.69,23.36,14.82,23.79,20.68,15.33,18.1,13.55
2023-04-06,19.76,18.42,30.61,23.89,29.57,28.43,23.49,16.75,26.22,21.7,23.31,23.27,19.94,18.78,17.17,35.42,14.33,27.69,13.32,14.05,20.68,23.32,24.49,23.6,14.18,23.41,20.32,15.17,17.77,13.33
2023-04-10,19.29,18.68,29.97,21.87,28.83,26.91,21.95,16.6,25.07,19.94,22.42,21.18,19.65,18.27,17.26,34.86,13.97,23.09,12.59,12.88,19.91,22.04,24.48,23.55,14.37,22.69,19.99,14.14,17.77,13.08
2023-04-11,18.97,18.31,29.54,21.54,28.25,27.02,21.7,16.51,24.62,19.74,22.05,20.97,19.32,17.89,16.91,34.38,13.72,22.65,12.33,12.73,19.65,21.59,24.1,23.24,14.08,22.36,19.71,13.98,17.54,12.9
2023-04-12,17.66,17.59,26.93,21.46,26.64,26.47,20.13,16.6,22.82,20.34,21.77,19.82,19.05,17.8,16.58,34.48,12.6,21.85,11.24,11.71,19.48,20.28,22.21,22.97,13.0,21.68,19.18,13.23,17.2,12.82
2023-04-13,17.96,17.47,27.6,21.47,25.33,26.11,19.31,16.58,21.64,20.57,20.44,19.59,18.56,17.07,16.04,34.26,12.67,21.14,10.8,11.47,18.5,20.01,22.35,22.92,12.67,21.41,18.97,13.17,17.2,12.92
2023-04-14,17.65,16.46,26.78,21.23,23.98,25.1,18.69,16.49,20.21,20.49,20.12,19.1,18.27,15.83,16.32,33.88,12.53,20.99,9.99,11.19,18.23,19.61,21.88,22.61,11.76,22.06,19.95,12.81,17.09,12.29
2023-04-17,16.57,15.94,24.27,20.01,22.7,24.32,18.14,14.89,18.24,20.08,18.67,16.79,18.33,15.2,16.04,30.5,12.17,18.82,9.75,10.3,17.04,17.67,19.49,21.35,11.61,19.53,19.94,12.42,14.94,12.06
2023-04-18,16.32,15.98,24.3,19.65,22.77,23.95,17.99,14.75,18.02,19.86,18.49,17.65,18.04,15.22,15.8,30.09,13.52,18.81,9.61,10.17,16.86,17.43,19.33,21.16,11.52,19.21,19.8,12.52,14.77,11.84
2023-04-19,15.9,15.47,24.73,19.55,22.53,23.53,18.05,15.15,17.08,19.64,18.41,17.5,18.03,14.37,15.7,28.85,13.46,18.02,9.45,9.85,16.77,17.12,18.73,20.67,11.2,19.85,20.82,12.01,14.47,11.64
2023-04-20,15.72,15.27,24.34,23.05,22.49,23.63,17.71,15.67,16.77,19.47,18.2,17.47,18.09,14.12,17.6,27.76,13.7,18.01,9.15,9.61,16.5,17.03,18.47,20.2,10.75,20.73,20.85,12.66,14.3,11.58
2023-04-21,14.88,14.8,24.0,22.86,21.39,23.02,17.05,15.17,16.01,18.75,17.66,16.96,17.15,13.21,16.95,27.08,13.61,17.41,8.81,9.14,15.45,16.84,17.39,17.84,11.44,19.97,20.64,12.3,13.66,11.39
2023-04-24,14.13,14.05,24.53,22.59,20.72,22.19,16.63,14.58,13.72,18.53,15.55,15.71,16.83,12.27,16.53,26.62,13.73,16.34,9.01,8.73,15.08,16.49,17.4,17.08,11.14,19.4,20.02,12.4,13.24,11.0
2023-04-25,14.16,13.84,24.68,22.47,20.6,22.16,16.66,14.49,13.61,18.43,18.0,15.64,17.04,12.4,16.31,26.46,13.48,16.33,8.97,9.4,15.96,16.18,17.61,17.27,11.24,19.28,19.82,12.89,13.86,11.23
2023-04-26,14.01,13.84,24.72,22.4,22.29,22.0,16.8,14.49,13.89,18.59,18.1,15.88,17.94,13.02,15.29,26.96,13.62,16.59,8.87,8.87,16.33,16.51,17.7,16.43,11.24,19.28,19.95,13.04,14.69,10.89
2023-04-27,14.24,14.52,25.5,21.98,22.21,24.88,17.3,14.9,13.42,19.66,18.38,15.86,18.44,13.96,15.44,28.39,13.52,16.74,8.98,9.35,16.68,18.38,18.74,16.88,11.35,19.78,19.48,15.82,14.28,10.83
2023-04-28,14.28,15.49,27.12,22.4,22.41,25.86,16.99,14.95,14.52,20.66,19.37,15.87,19.06,14.0,15.56,27.05,13.49,16.76,9.17,9.4,16.65,18.57,19.02,16.85,11.46,19.75,19.04,15.97,14.92,10.96
2023-05-01,14.16,15.69,28.17,22.56,22.36,26.65,16.98,14.73,14.93,20.78,19.56,16.21,18.43,14.09,15.22,26.96,13.75,16.93,9.42,9.65,16.41,18.78,18.94,16.73,11.7,20.12,19.13,16.28,15.08,10.85
2023-05-02,14.24,15.63,28.05,23.65,22.22,26.77,17.57,15.08,17.07,20.73,19.76,16.97,18.77,14.17,15.77,26.92,13.64,17.55,9.62,9.63,17.13,18.89,18.83,16.8,11.54,20.19,18.93,16.84,15.74,10.96
2023-05-03,14.75,16.7,28.3,23.81,22.18,26.71,17.54,15.23,17.27,20.97,19.94,17.06,19.15,13.85,15.97,26.79,13.81,17.8,9.57,9.51,17.25,17.57,18.81,18.19,11.13,20.33,18.42,17.0,15.25,11.06
2023-05-04,14.98,16.5,28.29,23.76,23.24,24.81,17.88,15.07,17.15,21.59,19.85,17.37,19.91,13.98,16.13,27.56,13.61,18.1,9.41,9.46,16.9,17.63,18.73,18.09,11.08,19.35,18.63,17.24,15.16,10.97
2023-05-05,15.02,16.46,27.9,23.88,22.71,24.25,17.97,15.01,17.1,22.1,19.49,17.62,19.54,13.98,16.16,27.62,13.24,18.13,9.44,9.34,17.0,17.02,19.19,17.72,11.17,19.15,17.86,17.3,15.73,10.71
2023-05-08,14.69,16.64,27.52,23.75,22.6,24.31,17.92,14.74,17.25,22.25,19.52,17.74,19.51,14.21,15.91,27.57,12.98,18.16,9.29,9.32,17.42,16.75,17.97,17.34,11.03,19.18,17.81,17.18,15.74,10.44
2023-05-09,14.53,16.37,27.07,23.33,22.85,23.97,18.9,14.64,17.15,21.81,19.16,17.5,19.43,14.3,15.7,27.31,12.79,17.94,9.2,9.27,17.24,16.51,17.73,17.11,11.23,19.05,17.8,16.92,15.65,10.27
2023-05-10,14.54,15.87,26.99,24.65,23.01,23.74,18.85,14.88,17.9,22.4,20.0,18.63,19.55,14.82,15.61,27.78,12.93,18.27,9.18,9.57,17.26,16.42,17.74,17.88,11.12,19.28,17.72,17.07,16.37,10.92
2023-05-11,14.63,16.28,27.16,24.67,23.32,22.98,19.29,14.83,17.97,23.24,20.25,18.46,19.66,15.1,15.8,27.99,13.32,18.36,9.59,9.68,17.2,16.51,17.75,17.86,11.23,19.12,17.61,17.01,16.41,10.89
2023-05-12,14.79,16.11,27.24,24.25,23.38,23.21,19.51,14.56,18.13,21.65,20.15,18.6,18.85,15.12,15.49,27.5,13.29,18.9,9.43,9.51,17.44,16.24,17.59,18.03,10.94,19.27,17.55,16.89,16.17,10.77
2023-05-15,13.88,16.12,26.98,24.26,23.48,23.17,19.27,14.68,18.34,21.7,20.09,18.68,18.7,15.0,14.99,28.27,13.25,18.08,9.47,9.36,17.04,16.41,17.04,18.12,11.1,17.91,16.2,17.68,16.09,10.98
2023-05-16,13.65,16.84,27.21,24.32,23.07,22.85,19.23,14.52,18.56,21.51,20.12,18.32,19.39,14.92,14.82,28.02,13.13,17.92,9.54,9.27,17.17,16.24,16.84,17.96,11.15,17.66,16.39,17.76,16.01,11.05
2023-05-17,13.87,17.31,27.02,24.54,23.19,23.27,19.6,14.65,18.64,21.86,20.25,18.5,21.23,15.4,15.02,28.16,13.36,18.17,9.72,9.34,17.67,16.72,16.57,18.13,11.58,17.28,16.5,17.73,16.05,11.42
2023-05-18,14.05,17.13,26.79,24.78,22.99,23.64,19.84,18.16,18.79,21.98,20.53,17.62,21.32,15.47,15.02,28.5,11.9,17.97,9.75,9.49,17.84,16.82,16.59,18.19,11.73,17.45,16.52,17.65,16.1,12.75
2023-05-19,13.79,17.25,26.16,24.81,22.96,24.4,19.79,17.79,18.96,22.08,20.55,17.88,21.59,15.74,15.03,28.8,11.97,18.23,9.79,9.75,18.13,17.07,16.35,18.59,11.79,16.49,14.98,17.69,16.12,12.95
2023-05-22,13.67,17.78,26.17,21.77,23.02,25.08,20.12,16.96,19.48,22.55,20.79,17.89,21.84,16.22,12.83,29.28,11.48,19.12,10.84,11.15,19.77,17.84,16.59,19.25,12.15,15.43,14.75,17.55,16.32,13.17
2023-05-23,13.59,17.75,26.25,21.7,23.04,24.79,19.9,16.86,19.68,22.59,20.6,17.69,22.13,16.09,12.92,29.01,11.48,19.06,10.72,11.11,19.8,17.7,16.89,19.54,12.13,15.45,15.13,18.24,16.78,13.1
2023-05-24,13.61,18.13,25.36,21.25,23.14,24.82,19.85,17.1,19.38,22.33,20.79,17.68,22.64,16.61,13.27,28.93,11.33,19.1,10.1,11.19,21.16,17.79,16.48,19.61,12.19,15.65,14.91,18.17,16.72,13.36
2023-05-25,13.49,18.67,25.08,21.02,23.42,24.59,19.87,18.03,19.43,22.42,19.09,17.87,22.56,16.54,13.55,30.42,11.73,18.96,10.14,10.61,20.65,18.24,16.42,19.33,12.15,15.46,14.9,18.27,16.44,13.37
2023-05-26,13.49,18.57,26.33,22.13,21.98,24.45,19.76,18.38,19.11,22.18,18.86,18.35,22.34,16.07,14.1,32.97,11.51,18.32,10.22,10.76,20.23,18.29,16.8,19.32,12.09,15.46,15.02,18.09,15.76,13.4
2023-05-30,13.24,17.88,24.35,21.77,21.88,21.27,20.32,18.48,18.57,20.85,17.88,18.62,22.06,15.99,14.25,30.9,11.89,18.17,10.27,10.47,20.49,16.49,15.63,19.53,12.25,15.03,15.3,15.93,16.01,13.56
2023-05-31,13.4,18.21,23.89,21.83,21.98,21.27,21.56,18.48,18.55,20.89,18.15,18.45,22.77,16.32,14.56,34.97,11.86,18.18,10.56,10.38,21.12,17.09,16.37,19.49,12.44,15.41,15.61,17.02,16.58,13.78
2023-06-01,13.46,19.87,24.01,21.38,21.99,20.8,22.69,18.24,17.18,20.96,17.78,18.73,23.13,16.48,14.09,35.03,11.88,17.71,10.26,10.68,20.81,16.78,16.92,19.38,12.56,15.35,16.2,16.32,16.11,13.77
2023-06-02,12.97,19.85,23.74,21.99,21.85,24.16,23.11,18.1,17.29,20.96,18.4,19.03,23.17,16.65,14.34,34.91,11.75,17.44,10.94,10.93,27.03,16.92,16.92,18.3,12.66,15.77,16.51,17.42,16.12,13.8
2023-06-05,14.53,20.15,24.0,21.84,20.73,23.93,23.32,18.49,17.4,20.4,18.42,18.47,22.7,16.7,14.35,35.96,11.91,16.57,11.38,11.0,28.84,17.2,16.4,18.67,12.99,15.35,16.31,17.53,15.91,13.83
2023-06-06,14.53,20.0,23.76,22.23,23.11,24.19,23.29,18.34,17.44,20.2,19.38,18.52,22.46,16.55,14.1,37.07,11.98,16.41,11.5,12.3,28.57,18.72,16.13,18.47,13.28,15.1,17.33,17.29,15.78,13.7
2023-06-07,15.07,19.85,26.16,22.4,23.43,25.47,25.66,18.35,17.75,19.88,19.67,19.66,22.4,16.69,14.35,37.06,12.01,16.66,11.55,12.49,29.17,19.16,17.61,19.06,13.44,15.35,17.56,17.53,16.79,13.57
2023-06-08,15.39,19.9,26.57,22.39,23.9,25.57,25.22,18.24,18.01,20.04,21.22,19.75,22.3,16.41,14.49,37.14,12.36,16.57,11.54,13.14,29.26,19.9,17.56,19.24,13.28,15.04,17.6,17.6,16.72,14.01
2023-06-09,15.29,19.86,26.46,20.45,23.58,25.23,26.17,18.08,17.13,19.18,20.56,18.62,21.93,15.98,14.6,37.62,12.22,16.02,11.47,12.94,29.79,20.21,17.55,17.95,13.36,14.88,18.03,17.47,16.02,13.65
2023-06-12,15.29,20.17,26.4,20.61,24.29,25.85,27.17,18.47,17.44,18.14,20.8,18.66,22.36,15.95,14.4,40.04,11.96,15.13,11.44,13.03,30.48,20.79,18.02,18.23,13.81,14.82,18.41,17.89,16.13,13.84
2023-06-13,15.05,20.34,26.31,20.24,23.97,25.93,27.74,18.14,17.29,17.84,21.22,18.55,22.14,16.0,14.43,39.45,11.88,15.3,11.38,12.81,30.11,20.88,18.06,17.94,13.63,14.92,18.14,17.59,16.29,13.64
2023-06-14,15.15,20.42,26.1,20.45,24.06,26.24,28.38,18.04,18.14,18.1,21.57,19.32,22.47,16.29,14.56,40.35,11.65,15.66,11.36,12.83,30.36,20.71,18.4,20.84,13.65,15.62,19.09,16.96,16.38,13.42
2023-06-15,15.37,20.22,25.78,20.57,24.46,26.37,28.7,18.57,17.75,18.23,21.57,19.91,21.63,16.47,14.57,40.66,11.86,16.14,11.58,13.27,30.47,20.76,19.76,21.2,13.82,15.71,19.22,17.04,16.94,13.25
2023-06-16,15.37,19.89,25.97,20.3,24.17,26.34,28.47,18.38,17.64,18.18,21.54,19.47,19.94,16.34,14.34,40.76,11.56,15.57,11.59,13.34,30.28,20.12,20.42,21.16,13.45,15.68,19.51,17.21,17.02,13.36
2023-06-20,15.43,20.28,26.28,20.31,25.17,25.65,29.84,14.51,18.35,17.92,21.9,19.54,20.0,16.48,14.38,43.33,11.62,15.52,11.91,13.6,30.8,20.29,20.92,22.1,13.68,15.66,20.37,17.35,17.37,12.0
2023-06-21,15.7,20.34,26.32,20.17,25.23,25.91,31.16,14.58,18.58,17.67,22.31,19.55,19.82,16.86,14.66,45.29,11.54,14.7,11.16,12.58,29.92,20.02,21.01,21.66,12.84,15.38,21.01,17.4,17.53,12.04
2023-06-22,15.96,20.19,27.01,20.1,25.19,26.0,31.37,14.52,17.96,17.08,22.67,19.66,18.98,16.85,14.76,45.6,11.53,15.19,11.16,12.64,29.79,20.2,20.85,21.12,12.79,15.29,20.58,16.28,16.96,11.96
2023-06-23,16.05,20.01,27.0,20.31,25.06,26.13,31.13,14.31,17.83,16.99,22.95,19.7,18.35,16.3,14.38,46.27,11.52,15.25,11.22,12.66,29.9,20.24,20.88,21.6,12.95,15.03,20.64,16.49,17.03,11.65
2023-06-26,16.23,20.52,26.41,19.48,24.91,26.73,31.8,12.56,18.44,17.17,23.22,19.09,18.15,16.75,13.84,43.79,12.17,15.52,11.62,12.83,30.44,20.35,20.55,22.3,13.27,15.49,20.72,16.42,17.16,11.43
2023-06-27,16.12,20.28,26.08,19.19,24.55,26.52,31.14,12.68,18.17,16.97,23.0,18.93,18.44,16.41,13.92,43.37,12.01,15.25,11.4,12.68,30.03,20.14,20.51,21.99,13.18,15.27,20.34,16.23,16.84,11.41
2023-06-28,15.93,20.09,25.91,19.02,24.11,26.14,30.73,12.6,18.14,16.68,22.87,18.69,18.58,16.14,13.73,42.6,11.84,15.0,11.34,12.53,29.48,20.05,20.18,21.67,13.27,15.98,20.16,16.23,16.54,11.22
2023-06-29,15.73,19.85,25.58,18.93,23.86,26.15,30.26,12.35,18.09,16.57,22.74,19.39,18.37,16.22,14.05,42.3,11.81,15.75,11.28,12.78,29.34,20.14,20.03,21.29,13.54,16.38,19.92,16.23,16.58,11.18
2023-06-30,15.82,19.45,25.36,18.53,23.55,25.77,29.46,12.58,17.95,16.55,22.44,19.21,17.54,15.81,13.9,38.55,11.72,15.67,10.95,13.0,28.89,19.89,19.58,21.62,13.56,15.99,19.65,15.02,15.91,11.3
2023-07-03,15.65,17.49,25.07,16.31,23.24,22.5,28.18,12.37,17.08,16.5,21.81,18.12,15.99,15.58,13.04,38.95,11.02,15.26,10.46,12.81,23.1,19.85,19.17,21.81,13.57,15.25,18.9,13.43,15.79,11.25
2023-07-05,13.63,17.55,24.79,16.33,23.93,22.07,28.04,12.45,17.06,15.8,21.81,18.29,15.76,15.42,13.16,37.77,10.9,15.24,10.52,12.83,21.78,19.72,19.51,21.79,13.29,15.52,19.0,12.98,16.44,11.27
2023-07-06,13.62,17.62,24.56,15.84,21.4,21.56,27.98,12.21,17.56,15.62,21.01,18.19,15.94,15.45,13.58,36.0,10.64,15.24,10.24,11.49,21.89,18.1,19.96,22.12,12.82,15.86,17.84,12.89,16.4,11.15
2023-07-07,13.09,17.87,22.15,15.84,21.09,20.58,25.43,12.61,17.73,15.87,21.43,16.91,15.87,15.13,13.53,36.09,10.76,15.36,10.42,11.38,21.42,18.03,18.63,21.59,13.36,15.89,17.78,12.59,15.32,11.67
2023-07-10,13.09,18.93,22.21,16.26,19.93,20.81,24.56,12.69,17.61,15.75,20.19,17.11,16.31,15.82,13.33,36.18,10.46,15.58,11.06,10.8,20.66,17.01,19.28,22.16,13.31,16.49,17.16,13.75,15.49,11.06
2023-07-11,13.12,18.72,22.02,16.34,20.85,20.66,24.44,12.62,17.57,15.73,19.79,17.23,16.11,15.56,13.16,35.7,10.82,15.49,11.09,10.87,21.58,16.93,19.17,21.97,13.32,16.71,16.91,13.75,15.27,11.02
2023-07-12,13.18,18.57,21.68,16.73,20.13,20.7,23.85,13.42,17.27,15.61,20.27,18.06,16.11,15.57,13.82,33.95,10.72,15.85,11.08,10.83,21.82,16.69,19.01,21.81,13.07,17.31,17.88,13.9,15.23,11.0
2023-07-13,13.12,18.05,21.22,16.79,19.96,20.01,22.56,13.87,17.84,15.97,19.42,17.84,15.99,15.25,13.67,33.75,10.74,15.49,10.98,10.78,21.49,16.25,18.78,21.86,13.04,17.08,18.06,13.99,14.64,11.14
2023-07-14,12.95,18.06,21.07,16.64,19.66,19.36,21.82,14.18,17.48,15.63,19.37,17.29,15.32,14.81,13.41,32.37,10.77,16.15,11.36,10.75,21.02,16.2,18.87,18.86,12.98,16.95,20.07,14.25,14.59,10.99
2023-07-17,12.8,17.66,20.7,15.98,19.03,19.56,21.41,13.87,17.52,16.61,19.19,16.82,15.09,14.66,13.37,33.08,10.69,16.33,11.08,10.13,20.8,16.68,16.82,18.95,12.82,17.61,19.5,21.05,13.58,10.53
2023-07-18,12.65,18.28,20.57,16.31,18.87,19.96,21.23,13.69,17.83,16.92,19.11,17.83,15.3,14.67,13.3,32.69,11.03,16.06,11.19,10.16,20.78,16.61,22.09,18.89,12.85,17.79,20.35,21.93,14.11,10.56
2023-07-19,13.7,17.99,20.78,16.18,18.76,19.65,21.63,13.68,17.72,17.0,18.76,19.57,15.08,14.49,13.12,32.05,11.49,16.19,11.55,10.03,20.42,16.46,22.34,18.7,12.83,17.54,20.47,22.28,13.93,10.48
2023-07-20,14.22,18.35,22.03,16.23,18.42,19.91,20.75,13.98,16.85,17.06,18.36,20.62,14.93,14.38,14.14,29.5,15.03,16.2,11.56,9.82,20.55,17.03,23.24,17.92,12.99,17.96,19.81,22.37,13.76,10.86
2023-07-21,14.43,18.18,22.01,17.57,18.48,19.21,18.73,13.91,16.36,17.35,17.83,20.95,14.83,13.79,14.09,26.67,15.11,15.96,11.38,10.08,20.5,17.15,23.82,17.97,13.39,18.09,19.22,22.49,13.42,10.67
2023-07-24,14.27,18.11,21.11,17.32,18.52,19.04,18.71,13.92,17.29,17.83,17.25,21.81,15.17,13.82,13.91,25.3,15.6,16.17,11.29,9.9,19.19,17.06,24.03,17.67,13.22,18.47,19.52,23.34,13.23,10.88
2023-07-25,14.02,17.79,20.67,17.2,18.5,18.91,18.38,13.81,17.27,17.62,19.01,21.65,14.93,13.79,13.73,25.36,15.63,15.95,11.07,9.94,20.11,16.87,23.8,17.48,13.04,18.22,19.17,23.97,13.06,11.01
2023-07-26,13.89,16.92,20.02,16.92,21.06,18.98,18.31,13.84,16.75,17.26,18.88,21.73,14.73,13.46,13.47,25.25,15.21,15.78,12.19,10.0,20.79,16.49,24.37,17.1,12.92,17.99,19.2,24.23,16.03,11.08
2023-07-27,14.44,17.0,21.07,18.01,21.61,18.67,18.92,14.04,17.08,17.53,19.04,21.78,14.12,16.0,13.22,24.72,15.34,16.24,12.47,11.09,20.9,16.83,25.17,17.65,13.19,18.07,19.29,24.96,16.7,10.99
2023-07-28,14.46,16.86,21.31,17.87,21.79,18.59,18.62,14.08,16.96,17.63,18.73,21.79,13.53,16.24,13.17,25.69,15.46,16.2,12.41,11.41,20.82,16.6,25.4,17.58,13.35,17.61,19.43,25.03,16.7,11.11
2023-07-31,14.38,17.23,21.39,18.29,21.93,18.47,18.94,14.1,17.66,18.39,19.25,21.42,13.49,15.91,12.65,27.11,16.1,15.54,12.67,11.24,21.08,16.19,25.84,17.46,13.25,17.23,19.79,25.52,16.18,10.76
2023-08-01,14.12,17.35,21.12,18.12,21.98,22.58,18.72,13.89,17.69,18.19,19.07,21.07,13.41,15.65,12.79,26.81,16.15,15.36,12.61,11.28,20.79,18.01,25.4,17.24,13.04,16.93,19.56,25.63,16.12,10.68
2023-08-02,14.39,16.96,21.65,17.98,22.54,23.11,19.0,14.09,18.07,18.24,19.1,20.91,13.62,15.54,12.91,26.94,16.32,15.4,12.91,11.37,20.82,19.0,25.67,16.86,12.95,16.89,19.73,25.7,16.0,10.61
2023-08-03,14.17,16.77,21.84,17.68,22.2,23.11,18.87,14.32,18.02,17.98,19.33,20.78,13.59,15.4,12.89,26.85,16.06,15.42,12.76,11.26,20.66,18.65,25.2,17.11,12.8,16.73,19.38,25.31,15.97,10.44
2023-08-04,15.19,18.01,22.53,17.82,21.74,23.69,18.79,14.41,18.4,18.22,19.37,20.84,13.75,15.56,12.96,27.09,16.98,15.58,13.07,11.89,20.62,18.92,25.32,16.95,13.16,16.86,19.52,25.38,15.5,10.6
2023-08-07,16.42,19.66,23.12,17.25,22.27,23.39,18.61,14.19,17.37,18.32,18.62,20.88,13.09,15.37,12.51,27.53,17.8,15.22,13.14,12.07,19.77,18.75,25.44,16.76,12.77,16.66,19.84,26.09,15.74,10.37
2023-08-08,16.33,20.04,22.86,17.11,22.13,23.8,18.42,14.18,17.58,18.64,18.47,21.22,13.19,15.18,12.56,27.87,17.57,15.53,13.07,11.98,19.66,18.54,25.11,17.05,12.56,16.48,19.66,25.6,15.74,10.48
2023-08-09,16.63,19.53,22.71,17.22,22.39,23.52,19.06,14.37,17.62,19.43,18.58,21.35,12.53,14.97,12.93,27.54,17.68,15.62,12.94,11.84,19.52,18.43,24.96,16.89,12.49,16.19,19.68,25.19,15.73,10.51
2023-08-10,16.75,19.58,22.79,17.43,21.55,23.67,18.85,14.64,17.63,21.97,18.6,21.4,12.52,15.09,13.05,27.26,18.07,15.65,13.08,11.83,18.69,18.4,25.09,17.62,12.61,15.89,19.89,25.2,15.91,10.51
2023-08-11,16.56,19.53,22.74,17.38,21.29,23.28,18.34,13.85,18.14,22.53,17.93,20.81,12.22,15.29,12.49,26.77,18.22,15.36,13.03,11.86,18.08,18.5,24.92,17.55,12.56,15.19,19.13,25.18,15.86,10.64
2023-08-14,17.03,19.84,23.12,17.53,21.41,23.67,18.82,13.18,17.21,22.41,17.66,20.76,12.41,15.59,12.62,27.53,19.01,14.52,13.06,12.1,18.31,18.9,25.11,17.68,12.74,14.79,15.98,25.57,16.25,11.47
2023-08-15,16.87,20.06,23.35,17.56,21.21,23.48,18.9,13.05,17.67,22.11,18.45,20.4,13.48,15.37,12.43,27.37,18.79,14.76,12.88,11.9,18.31,18.56,24.68,17.43,12.6,14.8,15.88,25.05,16.12,11.45
2023-08-16,16.82,19.89,23.3,17.35,21.54,23.51,18.97,12.88,18.07,20.94,18.52,20.45,13.78,15.13,12.42,26.71,18.91,14.15,12.8,12.11,18.3,18.24,24.69,17.42,13.05,14.75,15.96,20.26,16.57,11.82
2023-08-17,17.34,19.17,23.31,16.95,22.27,23.1,18.93,13.81,17.86,20.59,18.49,20.29,14.21,15.0,12.52,27.3,18.85,14.52,12.63,12.37,18.06,18.32,20.57,17.98,12.95,14.7,14.88,19.26,16.25,14.01
2023-08-18,16.75,19.1,23.15,16.88,22.47,23.22,18.7,13.86,18.01,20.46,18.57,18.51,14.33,15.08,12.73,27.52,18.7,14.26,12.32,12.53,18.01,18.26,20.25,17.89,12.88,14.64,14.39,18.6,16.43,14.97
2023-08-21,16.36,18.85,21.9,15.37,21.95,23.87,18.77,13.75,18.49,20.29,18.78,17.27,14.66,14.91,11.5,28.02,16.78,14.46,12.45,12.56,17.99,17.44,18.66,18.24,12.19,14.25,14.23,18.67,16.79,15.0
2023-08-22,16.07,18.57,21.59,15.39,21.67,23.56,18.77,13.58,18.3,19.9,18.7,17.09,14.58,14.72,11.57,28.01,16.66,15.06,12.33,12.34,17.89,17.62,18.46,18.12,12.02,14.28,14.08,18.43,16.57,14.72
2023-08-23,16.24,18.72,21.36,15.29,21.47,23.57,18.79,13.67,17.93,19.69,18.72,16.43,14.38,14.68,11.71,28.68,16.74,14.42,12.29,12.38,18.33,17.7,18.6,18.55,11.89,13.93,14.15,17.79,16.43,14.71
2023-08-24,17.17,18.88,22.58,15.69,22.12,23.68,19.74,14.21,17.82,21.24,16.94,16.74,14.85,14.96,11.67,29.77,16.74,14.62,12.53,12.36,17.45,18.31,19.9,18.65,12.1,14.11,14.41,16.61,16.7,14.77
2023-08-25,17.42,18.81,22.65,15.71,22.13,23.59,20.02,14.15,17.95,21.35,16.92,16.64,14.62,15.07,11.83,30.06,17.1,14.89,11.26,12.32,16.67,18.11,19.1,18.59,12.02,14.03,14.19,16.13,13.83,14.72
2023-08-28,17.08,18.86,21.31,14.66,21.82,23.87,19.83,13.85,17.89,21.49,16.69,16.71,14.82,12.51,12.01,29.27,17.54,14.7,11.06,11.16,17.24,18.08,17.73,18.23,11.24,13.83,13.67,14.79,13.28,14.84
2023-08-29,17.74,18.58,21.02,14.67,21.58,23.84,20.21,13.76,17.64,21.08,16.57,17.07,14.6,12.51,11.84,29.23,17.51,14.54,10.93,11.3,17.26,17.91,17.88,18.48,11.31,13.74,13.51,15.2,13.13,14.6
2023-08-30,18.02,18.59,21.06,14.53,21.81,23.86,20.79,13.72,17.21,20.4,16.27,17.17,14.7,12.73,11.85,28.47,17.19,14.51,10.77,11.09,17.61,17.89,17.81,18.36,10.89,13.6,13.3,15.29,13.09,14.54
2023-08-31,18.04,18.24,21.57,14.78,22.29,20.01,21.7,13.78,16.85,20.33,16.01,17.21,14.59,12.68,11.51,29.09,17.04,14.69,10.73,10.99,18.19,16.07,17.75,18.35,10.9,13.55,14.89,14.27,12.88,14.64
2023-09-01,17.79,17.99,21.37,14.75,22.02,19.41,21.61,13.73,16.56,20.2,16.0,17.17,14.39,12.49,11.27,29.18,17.08,14.88,10.76,11.01,18.38,14.96,17.48,18.47,10.89,13.38,14.91,14.08,12.88,14.87
2023-09-05,17.24,16.56,20.4,14.82,22.1,19.15,21.62,13.27,16.0,20.37,15.99,17.16,14.54,12.58,10.98,29.16,16.5,15.26,10.2,10.4,17.92,15.34,17.44,18.23,10.94,13.18,14.96,14.43,12.6,15.24
2023-09-06,17.93,14.97,20.17,15.26,22.24,19.04,21.69,13.26,15.89,20.54,16.03,17.31,14.56,12.62,10.88,29.34,16.15,15.33,10.1,10.45,17.85,15.44,17.5,18.12,10.79,13.25,14.8,14.09,12.51,15.28
2023-09-07,18.5,14.24,21.21,15.1,22.52,18.29,21.73,13.0,15.31,20.04,16.62,16.45,14.63,12.75,10.66,29.7,16.17,14.88,10.25,10.45,17.82,15.57,17.3,17.62,10.97,13.18,14.87,14.65,12.18,15.24
2023-09-08,18.15,14.42,20.89,14.75,22.76,18.41,20.79,12.77,15.22,19.53,16.65,16.29,14.5,12.36,10.12,29.87,16.07,14.78,9.91,10.53,17.74,15.75,17.37,17.4,10.93,13.19,14.85,14.79,12.08,15.17
2023-09-11,18.39,14.78,21.95,13.9,23.44,18.44,20.88,12.29,15.99,16.91,17.4,16.27,14.57,11.99,9.96,30.57,15.6,14.69,9.85,10.4,17.47,15.38,17.15,16.7,10.77,13.37,14.69,14.84,11.86,15.24
2023-09-12,18.99,15.0,21.71,13.88,23.16,18.36,20.64,12.14,15.82,17.31,17.24,17.4,14.33,12.5,10.21,30.76,15.53,15.08,10.03,10.54,17.38,15.46,17.06,16.43,11.57,13.5,15.19,14.67,11.67,14.92
2023-09-13,19.2,14.94,22.12,13.73,23.44,19.49,20.32,12.15,15.92,17.19,17.68,17.69,14.06,12.86,10.06,30.26,15.03,15.07,9.8,10.55,22.08,15.4,17.24,16.59,11.56,13.56,15.17,15.19,11.72,14.3
2023-09-14,19.22,14.46,21.68,13.38,23.28,19.45,19.93,12.05,15.01,17.41,16.77,18.26,13.1,13.2,10.09,29.99,14.93,14.86,9.73,10.69,22.24,15.57,17.23,16.86,11.57,13.35,15.13,15.31,12.78,14.19
2023-09-15,19.34,14.54,22.01,13.44,23.02,18.89,20.5,12.2,14.69,17.67,16.67,18.28,13.75,13.28,10.37,29.54,15.31,14.89,10.13,11.27,22.38,15.73,17.64,16.82,11.27,12.81,14.99,15.31,12.5,13.98
2023-09-18,19.2,14.82,22.02,14.55,22.23,18.89,20.03,10.79,14.05,17.72,16.67,17.61,13.02,13.44,9.89,29.22,15.32,14.54,10.22,10.97,22.91,15.61,17.26,16.08,11.1,12.99,14.65,15.0,12.48,10.43
2023-09-19,18.96,14.7,22.06,14.31,21.95,18.93,19.9,10.89,14.07,18.93,17.15,17.71,13.07,13.39,10.09,30.81,15.07,14.62,10.11,10.79,22.54,15.43,17.13,15.87,11.28,12.84,14.84,14.94,12.58,10.34
2023-09-20,19.41,16.07,22.62,14.83,22.19,19.12,19.63,10.87,13.86,19.23,17.51,17.73,13.29,13.53,11.22,31.4,14.48,14.63,10.25,10.71,22.65,15.46,17.7,15.21,11.25,12.68,16.25,15.1,12.58,10.31
2023-09-21,19.55,16.3,22.91,14.78,22.32,19.14,19.57,11.73,13.99,19.64,17.96,17.74,13.26,13.81,11.2,31.17,14.37,13.97,10.66,11.62,22.73,15.02,18.7,15.51,11.35,12.5,16.85,15.3,12.96,10.78
2023-09-22,19.53,16.17,23.2,14.95,22.41,18.99,19.57,11.61,13.65,20.31,18.06,17.76,13.22,13.94,11.0,30.35,13.93,14.04,10.75,11.67,22.27,14.72,18.66,15.01,11.58,12.61,17.3,15.56,13.12,10.62
2023-09-25,18.95,16.2,22.36,14.33,19.6,18.97,18.32,10.8,13.76,18.87,18.33,17.35,12.51,13.88,10.87,28.82,13.13,13.99,10.84,11.79,23.22,13.91,16.67,14.92,11.38,12.28,17.23,15.37,12.96,10.31
2023-09-26,18.97,16.15,23.35,14.51,19.58,18.8,18.64,10.91,13.54,18.57,18.28,17.24,12.54,14.1,11.54,28.97,12.92,13.85,10.73,11.7,22.9,13.87,16.73,14.72,11.32,12.3,16.94,15.17,12.94,10.18
2023-09-27,19.44,16.81,23.77,14.66,19.59,18.96,18.51,11.18,13.45,18.68,18.33,17.34,12.55,14.12,11.72,29.32,13.18,13.88,11.12,12.36,22.25,14.07,16.77,14.91,11.98,12.21,17.0,15.65,12.99,10.4
2023-09-28,19.21,17.05,24.32,14.53,20.1,18.83,18.46,11.36,13.52,18.86,18.28,17.12,12.72,14.09,12.01,29.64,12.86,14.26,11.23,12.24,22.14,13.95,16.63,14.28,12.11,12.3,17.28,14.94,13.08,10.37
2023-09-29,19.18,17.01,24.6,14.95,19.9,19.6,18.38,11.6,13.81,18.9,18.3,17.3,13.13,14.37,12.46,29.48,12.92,15.05,11.39,12.86,21.8,14.36,16.76,17.47,12.33,13.68,17.25,14.95,13.31,11.42
2023-10-02,19.92,17.43,24.91,14.81,19.69,20.35,17.76,11.51,14.44,18.86,18.83,17.66,13.7,15.11,12.77,29.21,12.81,15.28,11.42,13.19,22.71,14.52,17.22,18.43,12.53,14.1,16.32,15.81,13.55,11.08
2023-10-03,19.74,17.74,25.3,16.02,19.78,20.4,18.47,11.42,14.28,19.44,18.97,18.83,14.58,15.02,12.69,29.45,12.68,15.02,11.41,13.36,22.55,14.51,18.09,18.44,12.41,14.0,16.09,15.64,13.7,11.15
2023-10-04,19.66,17.79,24.87,16.04,20.5,20.3,18.33,11.41,14.61,19.19,19.22,18.76,14.49,14.95,12.52,29.56,12.52,14.83,11.34,13.18,22.32,14.35,18.09,18.18,12.27,14.04,15.86,15.71,13.61,11.19
2023-10-05,19.76,18.05,25.0,16.19,20.78,19.94,18.54,11.72,14.92,19.66,19.34,18.87,14.27,15.0,12.56,29.23,12.6,14.52,15.16,13.97,22.39,13.99,17.98,17.95,12.31,14.2,15.82,15.44,13.75,10.98
2023-10-06,18.86,18.05,25.6,16.76,21.02,21.06,20.12,12.26,16.23,20.69,19.78,19.37,15.0,16.07,13.1,29.59,12.33,15.32,16.53,14.33,23.19,13.73,19.56,18.62,13.02,14.04,16.03,16.26,14.0,14.31
2023-10-09,18.67,17.87,25.77,17.2,20.55,21.57,20.51,12.61,16.83,21.08,19.37,19.75,15.4,16.28,13.37,28.6,12.4,15.54,17.08,14.57,23.53,13.77,19.93,19.01,13.46,14.13,16.11,16.33,14.47,14.81
2023-10-10,18.35,17.71,25.53,17.21,20.92,21.21,20.25,12.43,16.58,20.85,19.16,19.52,15.51,16.41,13.29,28.43,12.24,15.32,16.94,14.43,23.34,13.69,19.59,18.87,13.32,14.26,15.86,16.26,14.53,14.8
2023-10-11,18.22,18.73,24.8,17.54,21.0,21.17,20.47,12.64,16.08,20.09,18.98,19.45,15.8,16.5,13.29,28.25,12.53,15.51,17.4,14.63,23.35,13.8,19.63,18.6,13.72,14.16,15.8,16.36,14.76,15.1
2023-10-12,17.57,18.54,25.06,17.65,21.56,21.64,20.88,12.78,16.15,19.79,19.79,18.62,16.42,16.7,13.25,27.67,12.32,15.04,17.99,15.25,23.59,13.47,19.6,18.75,13.27,14.21,15.22,16.88,14.89,15.19
2023-10-13,17.67,19.34,25.29,18.14,21.61,21.28,20.98,12.94,16.24,19.87,19.73,18.96,16.53,16.42,13.44,27.75,12.2,16.44,18.2,15.33,19.61,13.38,19.83,18.68,13.27,14.6,15.82,16.93,14.77,15.21
2023-10-16,17.81,19.4,25.37,18.36,22.2,21.41,21.13,12.95,16.43,19.91,20.01,18.93,15.98,16.4,13.37,28.22,11.52,16.84,18.51,14.99,19.51,13.23,19.84,19.23,13.32,15.07,16.28,17.48,13.66,15.46
2023-10-17,17.89,19.27,25.51,18.44,22.37,21.56,21.43,13.02,16.63,19.59,20.24,19.68,15.83,16.23,14.52,28.51,12.59,16.81,18.4,14.74,19.57,13.19,19.74,19.06,13.2,14.92,16.18,17.31,13.61,15.19
2023-10-18,17.74,19.34,25.73,17.82,22.89,22.79,21.99,13.11,16.65,19.86,20.39,19.83,15.76,16.28,14.43,28.31,13.26,16.96,18.37,15.02,19.61,13.97,20.08,19.02,13.58,15.67,16.36,17.4,13.49,15.14
2023-10-19,17.77,19.52,26.35,20.06,23.2,23.33,22.33,13.11,16.68,19.07,20.03,19.9,15.86,16.66,14.31,26.34,13.72,16.87,18.6,15.76,19.84,14.72,20.18,19.1,13.89,17.24,16.27,17.54,13.71,15.17
2023-10-20,17.38,18.67,26.12,21.62,23.2,22.92,22.75,13.27,16.91,18.79,19.8,19.7,15.65,16.7,13.72,25.93,13.67,17.17,18.54,15.74,19.58,16.04,19.78,18.95,14.02,17.42,15.13,17.6,13.77,15.32
2023-10-23,17.88,19.43,26.52,22.86,23.89,23.42,23.42,12.74,17.68,19.56,19.21,20.08,15.99,16.83,13.93,27.95,14.05,17.51,18.84,15.42,19.83,16.26,19.5,18.86,14.18,17.79,14.18,17.46,13.59,15.81
2023-10-24,17.66,19.49,26.2,22.72,23.51,23.17,23.18,13.03,18.25,20.04,20.08,19.8,16.18,16.73,13.91,28.04,13.95,17.22,18.68,15.27,20.13,16.12,19.23,18.83,14.12,18.09,14.25,19.28,13.64,15.67
2023-10-25,17.59,19.67,27.35,22.74,26.12,23.47,24.54,13.49,18.17,20.45,21.11,19.94,16.33,16.87,14.18,30.1,14.04,16.94,18.64,15.24,19.37,16.31,19.83,18.92,14.29,19.91,14.92,20.05,14.73,15.76
2023-10-26,18.43,19.67,26.7,22.59,26.8,23.84,24.77,13.6,18.2,20.53,21.12,20.03,16.58,18.84,14.06,30.08,14.56,17.09,18.85,15.41,19.78,18.04,21.41,19.56,14.3,20.11,15.1,20.9,15.18,15.94
2023-10-27,17.99,20.26,27.11,22.72,26.79,24.09,24.77,13.53,20.58,20.75,21.12,20.61,16.8,19.12,14.39,31.27,14.76,17.91,18.97,15.21,20.27,18.7,21.8,19.95,14.57,20.52,15.15,21.77,15.28,15.85
2023-10-30,17.52,20.41,27.64,22.94,27.21,23.74,24.29,13.38,20.85,21.16,21.8,21.19,16.95,19.4,14.19,31.38,14.73,17.28,19.39,15.89,20.89,18.96,22.26,18.48,14.56,20.53,15.25,22.86,15.42,15.65
2023-10-31,17.49,20.88,27.15,22.97,27.39,23.97,23.96,13.21,20.62,20.95,21.49,20.84,16.78,19.68,14.2,31.12,14.63,17.08,19.06,15.83,20.98,19.01,21.9,18.31,14.39,20.19,15.03,22.55,15.25,15.43
2023-11-01,17.71,21.19,26.99,22.96,26.98,24.72,23.85,13.16,20.44,21.1,21.46,20.75,16.79,19.5,14.31,31.12,14.48,16.82,18.88,15.66,19.86,19.01,21.96,18.24,14.33,20.31,14.69,22.18,15.34,15.51
2023-11-02,17.6,21.06,26.33,22.22,26.73,24.98,23.13,13.22,21.55,20.52,21.11,19.85,16.13,19.57,14.46,30.67,14.84,17.04,18.94,15.55,19.67,18.97,21.1,19.19,14.66,20.92,15.01,22.33,15.32,15.61
2023-11-03,17.65,21.02,26.36,22.03,26.09,25.2,23.09,13.37,21.37,20.77,20.64,20.77,16.1,19.51,14.44,30.12,15.01,17.12,19.09,15.63,19.71,19.07,21.14,19.28,14.97,21.3,15.11,22.16,15.33,15.55
2023-11-06,17.24,20.75,25.96,21.51,25.73,24.79,22.03,12.75,20.63,19.83,19.68,20.56,15.74,18.66,14.14,29.84,15.04,16.46,15.06,14.61,18.67,19.24,19.85,18.92,14.32,21.47,14.86,21.75,15.02,12.41
2023-11-07,17.29,20.57,25.7,21.1,25.3,24.42,21.94,12.58,20.43,19.45,19.41,20.34,15.47,18.32,13.92,29.56,14.84,16.21,14.91,14.33,18.34,18.89,19.59,18.91,14.07,21.05,14.84,21.41,14.74,12.23
2023-11-08,17.01,20.56,25.02,20.99,25.08,24.01,21.83,12.6,20.33,19.13,19.35,20.15,15.16,18.48,13.99,29.93,14.8,16.08,14.49,14.31,18.75,18.72,19.17,19.03,13.85,21.16,14.88,20.93,14.52,12.21
2023-11-09,17.08,21.59,24.99,20.86,24.83,24.35,22.06,12.9,20.45,20.56,19.25,20.41,15.11,18.19,13.99,29.74,15.35,16.18,14.46,14.23,18.64,19.21,19.22,19.55,13.79,20.96,14.94,20.97,14.42,11.9
2023-11-10,17.22,20.7,25.27,20.69,24.41,24.57,22.18,12.85,19.78,21.57,19.45,20.34,15.11,18.34,14.24,29.78,15.37,16.24,14.0,14.15,18.68,19.81,19.73,19.9,13.28,21.07,15.01,20.88,14.35,11.9
2023-11-13,16.77,20.23,24.69,20.39,24.17,24.01,22.11,12.78,19.86,22.32,18.46,19.97,14.55,17.95,14.11,29.73,15.6,14.79,13.01,13.43,18.34,20.27,19.45,20.14,13.07,20.98,14.57,20.69,14.37,12.05
2023-11-14,16.5,20.06,24.38,20.07,23.75,23.79,21.81,12.95,19.54,22.08,19.09,20.3,15.21,17.67,13.99,29.99,15.4,14.93,12.8,13.23,18.23,19.97,19.17,19.95,13.0,20.84,14.42,20.28,14.18,11.99
2023-11-15,16.34,20.15,24.93,20.09,23.63,23.82,21.65,12.88,19.64,22.1,19.29,20.26,15.2,17.77,14.37,30.28,15.57,14.61,12.68,13.44,18.25,20.02,19.16,19.53,13.09,20.89,14.25,19.81,14.23,12.15
2023-11-16,15.99,20.46,24.8,19.82,23.18,23.81,21.16,14.86,19.56,22.08,18.82,19.33,15.16,17.71,13.0,31.91,14.67,14.33,12.49,13.87,18.0,19.96,19.09,19.36,13.07,21.19,14.21,19.77,14.09,13.07
2023-11-17,15.86,20.56,24.59,19.83,22.63,22.72,20.59,14.93,19.79,21.95,18.63,19.0,15.09,17.54,13.02,32.29,13.93,14.14,12.48,13.42,17.82,19.53,19.0,19.93,12.88,20.36,14.59,19.58,13.76,13.32
2023-11-20,15.73,20.73,23.55,15.44,23.52,22.11,20.1,15.12,19.74,22.08,18.61,18.69,15.04,17.27,13.12,32.09,14.08,13.68,12.31,13.08,17.69,18.46,19.15,20.24,12.29,19.02,14.31,19.67,13.96,13.17
2023-11-21,15.49,20.7,23.3,15.38,23.19,21.64,19.76,15.06,19.42,21.68,18.25,18.47,14.91,16.95,12.91,31.97,13.95,13.44,12.29,12.88,17.42,18.38,18.91,19.94,12.12,19.03,14.26,19.5,13.9,13.35
2023-11-22,14.89,20.23,22.86,13.87,22.69,21.78,19.02,14.92,19.42,20.38,18.16,18.23,14.82,16.94,12.79,30.56,13.79,12.82,11.96,12.73,17.24,18.41,18.38,19.68,11.97,18.94,14.05,19.4,13.7,12.85
2023-11-24,14.82,19.93,21.24,13.44,19.63,21.42,17.16,14.25,18.87,19.55,15.4,18.2,14.39,16.53,12.49,28.28,13.85,12.83,11.64,12.69,16.37,18.47,17.94,19.55,11.62,16.69,13.23,16.57,12.11,12.8
2023-11-27,13.24,18.99,19.87,12.83,18.29,20.62,16.15,14.02,16.34,19.39,15.16,17.27,13.68,13.23,11.39,26.36,12.52,11.21,10.82,12.22,15.28,15.7,15.1,18.62,10.49,15.92,13.41,13.6,11.2,12.79
2023-11-28,13.05,18.68,19.61,12.87,18.55,20.27,16.05,13.78,16.33,19.84,15.81,17.0,13.79,13.22,11.18,25.95,12.29,11.05,10.69,12.03,15.88,15.57,14.97,18.47,10.48,15.77,13.27,13.38,11.13,12.83
2023-11-29,13.19,18.78,18.65,12.82,18.07,20.09,16.1,13.71,16.78,19.93,15.68,16.49,13.37,12.76,11.01,25.46,12.27,10.85,10.41,10.65,15.46,15.36,14.69,17.76,10.29,15.04,13.79,12.21,10.91,13.12
2023-11-30,12.88,17.85,18.79,12.55,18.27,19.35,17.4,13.78,17.44,19.98,15.62,16.55,13.53,11.75,10.79,25.06,12.74,10.77,10.64,10.65,15.13,15.53,14.67,17.76,11.16,15.42,15.63,12.26,11.04,13.18
2023-12-01,12.15,17.59,18.11,13.24,18.26,18.41,20.25,14.03,18.05,19.8,15.77,16.92,13.87,11.67,10.91,25.4,13.22,10.68,10.51,10.65,15.19,15.37,14.41,18.3,11.1,15.42,15.65,12.16,10.92,13.44
2023-12-04,11.75,17.17,18.31,13.3,18.65,17.24,20.86,13.88,16.92,19.51,16.06,15.31,14.14,11.38,11.06,26.52,12.85,10.41,9.98,10.31,16.48,15.55,14.43,17.42,10.08,14.1,15.65,11.99,10.56,13.35
2023-12-05,12.34,16.98,19.48,15.42,18.43,17.05,20.51,13.64,16.88,19.51,16.08,15.42,14.03,11.42,11.02,26.1,12.67,10.36,9.85,10.39,16.39,15.79,14.69,17.2,13.3,14.06,15.51,11.96,10.54,13.33
2023-12-06,12.09,16.81,19.82,16.55,18.49,16.66,20.6,13.76,16.93,19.24,16.31,15.15,14.09,11.4,11.27,26.97,13.01,11.01,9.84,10.69,16.73,15.76,14.89,17.26,13.38,14.37,15.44,12.5,10.72,13.51
2023-12-07,11.51,17.25,19.71,16.54,19.7,16.61,20.4,13.85,17.16,19.55,16.3,14.88,14.09,11.36,11.3,27.23,13.07,10.92,9.69,10.77,16.8,16.07,14.91,17.11,13.38,14.4,15.35,12.44,10.84,13.78
2023-12-08,11.58,17.14,19.82,16.55,20.55,16.77,20.48,13.65,16.95,19.69,16.29,15.61,13.89,11.71,11.22,27.11,13.19,11.04,9.59,10.75,16.54,16.09,15.2,17.08,13.4,14.19,15.33,12.77,10.86,13.62
2023-12-11,11.25,15.83,19.42,16.5,20.62,15.85,20.01,13.52,17.04,16.71,16.04,15.23,13.45,12.1,10.95,28.31,12.1,10.47,9.05,10.95,16.54,15.02,14.77,16.29,13.57,14.25,15.87,13.23,10.52,13.74
2023-12-12,11.45,15.74,19.21,16.61,20.3,15.7,20.05,13.35,16.84,16.58,15.97,15.09,13.38,11.9,11.53,27.89,12.02,10.47,9.02,10.93,16.38,14.91,14.58,16.08,13.34,14.27,15.6,13.18,10.61,13.56
2023-12-13,11.75,16.74,19.2,17.32,20.14,16.79,19.86,13.7,17.28,16.22,17.61,16.12,15.14,12.11,11.76,28.56,13.16,10.76,9.23,11.21,18.58,15.63,15.0,16.26,13.95,14.34,15.96,12.99,10.95,14.15
2023-12-14,12.13,17.6,20.12,17.86,20.99,19.74,20.12,13.7,18.06,16.23,17.68,19.1,14.41,12.11,12.28,29.63,13.28,10.82,10.12,12.22,18.99,15.93,15.74,16.6,14.95,14.9,16.89,13.62,12.09,14.22
2023-12-15,12.07,17.81,19.32,18.08,22.14,20.05,20.78,13.77,18.12,15.88,17.86,19.11,14.73,11.97,11.95,29.78,13.51,11.18,11.03,12.59,18.86,16.14,15.76,16.17,14.91,15.27,17.05,14.06,12.26,14.15
2023-12-18,12.17,17.21,19.71,18.09,22.43,19.76,21.39,11.63,18.05,15.95,18.12,19.67,14.97,12.02,12.26,27.17,13.65,11.28,11.16,12.37,19.06,16.42,15.38,15.65,15.65,14.78,16.72,14.37,12.42,13.3
2023-12-19,11.93,17.06,19.51,17.89,22.18,19.9,20.99,11.64,17.91,15.86,17.84,19.85,14.69,11.84,12.02,27.03,13.48,11.6,11.08,12.17,18.68,16.2,15.13,15.54,15.33,15.07,16.48,14.09,12.38,13.16
2023-12-20,12.11,16.79,20.09,18.65,21.33,20.55,20.72,11.31,18.27,16.83,17.96,20.18,14.94,11.86,11.83,27.08,13.73,11.9,11.54,11.82,19.32,16.09,14.8,15.81,15.54,15.3,16.77,13.8,11.93,13.52
2023-12-21,12.54,16.42,19.91,18.8,21.88,20.72,20.85,11.19,18.25,16.85,18.09,20.14,15.05,11.87,11.9,26.76,13.76,12.19,11.46,11.81,19.42,15.88,14.73,15.96,15.64,15.07,16.61,13.51,11.86,13.11
2023-12-22,12.61,16.61,19.52,18.75,21.78,20.32,20.84,11.29,17.59,17.06,18.14,20.14,15.13,11.71,11.86,26.59,13.72,12.18,11.47,11.86,19.53,15.73,14.56,17.03,15.64,15.08,16.66,13.58,12.0,13.19
2023-12-26,12.53,16.74,19.38,18.72,21.89,20.69,20.78,11.28,17.48,16.77,18.27,20.12,15.04,11.95,11.8,27.58,13.64,12.24,11.61,11.91,19.95,15.67,14.6,17.15,15.71,15.09,16.62,13.62,12.0,13.1
2023-12-27,12.65,16.7,19.22,18.74,22.02,20.86,20.73,11.17,17.39,16.68,18.17,20.17,14.98,12.12,11.72,27.62,13.59,12.41,11.58,11.82,19.87,15.52,14.44,17.28,15.72,15.22,16.3,13.62,11.88,13.18
2023-12-28,12.62,16.57,19.05,18.54,21.73,20.83,20.55,11.08,17.41,15.75,17.41,20.17,14.71,11.84,11.68,27.56,13.62,12.48,11.53,11.84,19.33,15.37,14.26,17.68,15.62,15.07,16.27,13.88,11.86,12.89
2023-12-29,12.49,16.24,19.11,18.42,21.56,20.96,20.32,11.04,16.84,15.31,17.08,19.78,14.81,11.63,11.64,27.55,13.59,12.36,11.41,11.69,19.27,15.14,13.91,17.64,15.59,14.98,15.53,13.95,11.76,12.25
2024-01-02,13.36,18.68,19.87,17.88,21.47,20.91,16.65,10.83,15.49,15.57,17.28,19.74,14.19,11.54,11.78,28.37,14.13,12.79,11.97,11.28,19.33,16.56,14.44,16.48,15.72,14.52,14.34,15.5,11.57,12.0
2024-01-03,13.33,19.02,19.89,17.71,21.89,21.16,16.17,11.13,16.35,16.21,17.53,20.07,14.13,12.12,11.52,27.55,14.04,12.61,11.92,11.46,18.6,16.53,14.18,17.38,15.94,14.41,14.21,15.54,11.41,11.94
2024-01-04,12.75,19.36,18.87,15.85,21.98,21.22,16.14,11.23,16.79,16.26,17.54,19.89,14.16,12.03,11.49,28.73,14.06,12.92,12.02,12.07,18.59,16.24,13.94,17.39,13.22,14.4,14.13,15.55,11.46,11.9
2024-01-05,12.78,19.42,18.39,14.83,22.0,21.14,15.86,11.15,16.6,15.8,17.56,20.15,14.4,12.11,11.35,28.33,13.88,12.39,12.26,11.92,18.54,16.14,13.86,17.55,13.45,14.23,14.95,15.97,11.34,12.01
2024-01-08,13.65,20.47,18.74,15.34,21.52,21.86,17.77,11.57,16.86,15.45,17.66,20.3,14.95,11.62,12.02,28.87,13.98,12.9,12.66,12.35,18.62,16.15,13.88,17.8,13.59,14.61,15.64,16.32,11.48,11.74
2024-01-09,13.6,20.15,18.93,15.07,21.63,21.54,17.82,11.57,17.59,15.47,17.51,19.92,14.76,11.72,11.79,28.34,14.08,12.75,12.48,12.29,18.55,16.49,13.81,17.45,13.39,14.58,15.52,16.12,11.37,11.64
2024-01-10,13.71,19.83,18.88,15.19,21.73,21.55,17.78,11.49,17.66,15.42,17.57,19.93,15.14,10.91,11.77,27.86,14.12,12.93,12.39,12.25,18.46,16.23,14.14,17.34,13.31,14.54,15.05,15.48,11.34,11.61
2024-01-11,13.87,19.85,19.43,15.1,22.21,21.84,18.25,11.46,17.59,15.32,17.67,20.07,15.59,11.28,11.2,28.03,14.05,12.9,12.41,12.42,18.58,16.33,15.07,17.77,13.37,14.62,15.09,17.32,11.42,11.65
2024-01-12,13.56,18.9,19.29,14.95,22.44,21.21,18.25,11.01,17.34,14.8,16.37,19.61,14.0,11.58,11.8,27.63,12.85,15.53,12.29,12.18,16.62,15.16,14.72,17.62,12.7,14.49,15.79,17.18,11.09,10.74
2024-01-16,13.87,18.21,18.37,13.97,23.79,17.89,17.15,10.68,16.94,16.93,15.14,16.62,13.34,11.98,11.17,25.08,12.49,15.69,10.73,10.77,16.07,14.59,13.98,18.22,11.77,12.77,14.65,17.45,9.62,10.4
2024-01-17,14.01,18.26,17.33,14.16,24.18,18.03,17.61,10.18,16.72,18.89,14.97,16.52,13.49,12.02,11.34,25.03,12.42,15.93,10.34,10.65,16.31,14.6,14.06,18.28,10.9,13.07,15.08,17.69,9.78,10.19
2024-01-18,14.48,18.52,17.21,14.13,25.98,17.68,17.68,10.07,17.28,19.28,14.99,16.17,13.7,12.43,11.55,25.27,12.43,15.75,10.44,10.79,16.47,14.86,14.09,18.27,11.03,12.78,17.07,17.91,9.61,10.59
2024-01-19,14.58,19.15,16.76,13.61,26.22,17.34,17.95,10.18,16.84,18.5,15.11,16.83,13.71,12.46,11.71,26.78,11.59,15.93,9.87,11.07,16.9,14.53,14.01,18.57,10.68,14.68,17.97,18.19,9.67,10.38
2024-01-22,14.57,19.38,17.44,13.59,26.47,17.61,18.48,9.93,17.18,19.32,15.56,17.56,13.83,13.01,11.96,27.55,11.82,16.26,10.0,11.67,17.21,14.61,14.62,17.82,10.86,14.78,19.76,18.58,9.39,10.33
2024-01-23,14.34,18.92,17.27,13.3,26.42,17.61,18.6,9.91,16.87,19.83,15.41,17.31,14.11,12.96,11.81,27.81,12.52,15.92,9.93,11.59,22.58,15.08,14.54,17.46,11.68,14.89,19.4,20.09,9.27,10.16
2024-01-24,14.15,19.1,17.06,13.33,27.03,17.45,18.42,10.2,16.94,19.84,15.65,17.14,14.2,13.36,11.76,27.89,12.64,15.74,10.23,11.46,24.05,14.94,14.44,17.18,11.77,14.75,19.25,20.44,9.14,10.54
2024-01-25,14.52,19.23,17.84,13.45,28.94,18.38,18.5,10.62,17.61,19.96,16.26,17.28,14.43,13.31,17.81,27.39,12.56,15.83,10.12,11.94,24.35,15.09,14.5,17.36,12.66,14.83,20.51,20.95,9.22,10.96
2024-01-26,14.61,19.06,18.09,18.93,29.04,18.36,18.79,10.87,17.76,19.94,17.27,17.17,14.78,13.33,19.1,28.76,12.61,15.73,10.12,12.24,24.32,15.04,14.58,17.55,12.63,14.59,21.29,20.99,10.06,10.92
2024-01-29,14.89,19.64,18.32,19.72,29.68,18.88,19.84,11.24,17.95,21.01,17.75,17.79,14.89,13.77,19.9,29.74,12.84,16.05,10.47,12.82,24.86,15.39,15.05,17.75,13.03,14.92,21.8,21.46,12.07,11.35
2024-01-30,15.31,19.38,18.37,19.68,29.37,18.76,19.45,11.09,17.88,20.76,17.77,17.69,14.8,14.49,19.52,29.34,12.71,16.36,10.41,12.96,24.54,15.25,15.06,17.47,13.02,14.82,21.44,21.29,12.25,11.42
2024-01-31,15.25,19.09,18.77,19.79,30.53,18.74,19.31,13.24,17.96,20.61,17.75,18.11,14.96,15.38,19.71,29.45,12.66,16.64,10.93,13.29,24.26,15.42,17.38,18.22,12.92,14.98,21.36,21.55,13.01,11.64
2024-02-01,14.8,18.1,18.75,19.92,30.85,18.83,18.71,13.27,18.04,20.68,18.04,18.64,15.45,17.43,20.11,28.75,11.12,16.67,11.57,14.32,24.32,14.65,16.92,18.33,12.67,15.19,20.96,20.71,13.18,11.9
2024-02-02,17.19,17.88,19.43,20.21,30.43,19.89,18.96,13.3,17.73,20.41,18.2,18.57,15.99,17.57,20.09,29.39,11.36,16.82,11.67,14.48,23.9,14.5,17.34,17.49,12.64,15.2,21.0,20.72,13.25,12.21
2024-02-05,17.59,19.23,19.4,20.47,31.16,23.29,19.87,13.82,17.53,20.38,18.44,18.39,16.04,17.83,20.53,28.5,11.38,16.93,11.5,15.16,24.28,14.85,17.54,17.63,12.48,15.3,21.57,20.78,13.35,11.98
2024-02-06,17.39,20.37,19.31,20.22,31.15,23.35,20.0,13.91,17.27,20.6,18.49,18.06,15.8,17.54,20.12,27.99,11.85,16.71,11.3,14.97,23.92,14.68,17.31,18.66,12.28,14.98,21.34,20.52,13.2,11.86
2024-02-07,16.97,23.5,18.91,20.27,30.82,23.14,18.52,14.0,17.09,21.25,18.46,17.83,15.87,17.54,19.71,27.02,11.76,16.5,11.02,15.34,23.92,14.59,17.32,18.67,12.23,14.8,21.07,20.51,13.16,11.8
2024-02-08,16.92,24.24,18.53,20.46,30.69,23.15,18.3,13.89,16.35,23.82,18.4,18.06,15.87,17.4,19.97,27.0,11.56,16.5,11.05,16.47,23.92,14.01,17.18,18.97,12.21,14.8,20.97,20.92,13.42,11.73
2024-02-09,16.84,24.42,18.97,20.62,30.56,23.46,18.31,13.98,17.16,24.18,18.21,17.99,15.53,17.46,20.21,26.89,11.6,16.38,11.12,16.48,23.88,14.05,16.88,19.01,12.3,14.88,20.94,21.23,13.48,11.51
2024-02-12,16.84,25.04,18.98,20.27,30.55,23.49,17.64,14.32,17.19,25.28,18.56,18.54,15.17,17.63,20.2,27.93,12.02,14.4,11.38,16.55,24.23,14.02,16.46,19.47,12.6,14.87,20.56,20.16,13.52,11.58
2024-02-13,16.71,25.2,19.61,20.06,30.33,23.18,17.99,14.37,17.44,25.1,19.25,19.62,15.15,17.8,19.9,27.58,12.26,14.7,12.87,16.44,24.36,14.23,16.43,19.25,13.14,15.21,20.69,20.08,13.77,11.81
2024-02-14,16.68,24.74,19.48,19.75,29.95,22.78,17.9,14.4,17.28,24.8,18.97,19.42,15.07,17.48,19.68,27.27,12.17,14.5,12.72,16.11,23.91,14.05,16.26,19.18,12.94,15.07,20.29,19.83,13.63,11.65
2024-02-15,16.63,24.54,19.59,19.71,27.88,23.08,17.89,15.54,18.25,23.68,19.35,19.04,15.19,17.29,19.89,27.62,12.34,14.5,12.66,16.19,23.98,13.99,16.1,18.55,12.55,15.19,20.18,19.25,13.64,11.78
2024-02-16,16.75,24.63,19.74,19.63,27.58,23.19,17.14,15.66,18.17,22.4,19.56,19.08,15.09,17.34,19.95,27.88,12.38,14.3,12.8,16.41,23.71,13.99,16.04,19.38,12.58,15.01,19.85,19.42,13.68,12.07
2024-02-20,16.62,24.51,19.96,19.67,26.02,23.23,17.34,15.89,17.91,22.24,19.92,18.29,15.95,17.44,21.05,27.21,12.63,13.9,13.48,16.54,23.69,14.1,16.41,19.24,12.75,13.45,17.72,19.53,13.78,13.57
2024-02-21,16.49,24.5,19.88,19.75,25.75,23.23,17.29,16.04,17.83,21.96,19.89,18.21,15.99,17.22,21.48,27.49,12.47,13.92,13.39,16.36,23.48,14.14,16.21,19.61,12.56,13.67,16.45,19.78,13.94,13.85
2024-02-22,16.61,24.67,19.98,19.93,25.43,22.99,16.86,16.08,18.1,21.23,19.79,18.36,15.81,17.29,21.61,28.49,12.18,14.05,13.51,16.4,18.77,13.72,16.1,19.89,12.07,13.87,16.59,18.43,14.35,14.02
2024-02-23,16.77,24.59,19.94,19.8,24.67,22.87,17.26,15.99,17.8,21.19,19.56,18.56,15.59,16.91,21.58,28.07,12.07,13.99,13.28,16.49,16.38,13.65,16.25,19.96,11.89,14.21,16.4,17.87,14.4,13.84
2024-02-26,16.73,25.17,19.52,15.64,22.66,22.31,18.29,16.01,17.38,21.64,18.52,19.1,15.49,17.05,16.24,26.73,12.28,14.2,13.59,16.27,15.68,13.77,16.56,20.26,11.15,14.52,14.39,18.65,14.21,14.89
2024-02-27,17.07,24.76,19.17,15.36,22.2,21.93,18.21,15.74,17.82,21.4,18.21,18.96,15.39,16.89,16.1,26.34,12.12,13.93,13.46,16.07,15.42,13.62,16.32,19.93,10.94,14.39,15.05,18.43,14.0,14.67
2024-02-28,17.18,24.76,19.04,15.02,23.4,21.71,17.69,15.71,17.8,21.19,18.12,18.91,15.49,16.82,15.78,25.87,12.15,14.04,13.36,15.93,15.35,13.79,16.19,19.49,10.81,14.29,16.05,18.16,12.79,14.56
2024-02-29,16.87,25.05,19.28,14.57,23.21,21.62,20.65,15.7,17.59,21.19,18.13,19.39,15.35,16.4,15.83,25.77,12.07,13.55,13.46,15.72,15.03,13.83,16.39,19.71,10.74,14.39,16.36,17.85,12.6,14.64
2024-03-01,16.99,25.46,18.72,13.89,21.61,21.4,21.88,14.11,17.3,20.96,17.88,18.86,15.13,15.54,15.42,25.42,11.95,12.81,12.99,15.34,14.75,13.44,13.74,19.11,10.64,14.08,16.72,17.12,11.7,14.44
2024-03-04,14.7,25.56,17.45,13.28,21.02,20.35,22.1,14.84,17.92,21.17,17.94,18.69,13.84,12.53,16.26,27.55,12.48,12.62,12.04,14.38,14.52,13.24,13.1,19.7,10.29,13.73,16.85,17.39,11.99,14.29
2024-03-05,14.64,25.19,17.56,13.23,20.95,20.36,24.31,14.64,17.79,21.34,17.97,18.63,13.68,12.6,16.29,28.81,12.46,12.74,11.99,14.41,14.75,13.67,14.56,19.38,10.17,13.47,17.29,17.79,11.96,14.19
2024-03-06,14.49,24.21,17.63,12.94,20.4,16.5,23.76,14.28,18.37,22.56,18.49,19.36,13.5,13.0,16.95,30.01,12.49,12.76,12.06,13.33,14.81,13.76,14.52,20.17,10.09,13.52,17.07,17.49,11.93,14.13
2024-03-07,14.48,23.53,17.94,13.08,19.52,15.78,23.5,14.14,18.5,22.2,18.43,19.65,13.57,12.92,17.07,30.37,12.1,13.22,12.13,13.42,14.69,13.85,14.8,18.89,10.14,13.82,17.03,17.84,12.32,14.21
2024-03-08,15.36,19.38,18.55,12.73,19.47,15.68,23.7,14.19,18.29,21.8,18.69,20.06,13.36,13.19,17.37,32.57,12.17,13.32,12.43,13.02,14.85,14.02,14.71,18.66,10.75,13.84,17.2,17.58,12.36,14.23
2024-03-11,15.64,18.73,18.3,12.6,20.33,15.65,24.45,14.5,17.7,19.28,19.38,20.31,13.53,13.61,17.73,33.32,12.42,13.61,12.68,11.58,14.76,14.68,14.89,19.07,10.97,13.75,18.54,17.11,12.16,14.74
2024-03-12,15.69,18.53,18.75,12.81,20.75,15.67,24.12,14.41,17.45,18.97,19.08,20.03,13.34,13.55,18.84,32.73,12.38,13.51,12.51,11.47,16.37,14.64,15.19,18.94,10.83,13.86,18.21,16.8,12.26,14.72
2024-03-13,15.83,18.24,18.33,12.68,21.09,15.47,24.15,14.2,17.52,18.22,18.73,19.34,13.62,13.13,18.87,32.8,12.63,13.16,12.28,13.79,18.67,15.1,15.28,18.46,10.61,13.91,18.6,16.63,12.23,14.76
2024-03-14,15.77,17.92,17.54,13.17,20.96,15.82,24.13,14.14,17.33,18.41,17.93,18.71,13.95,13.32,19.62,32.79,12.67,13.39,10.51,13.89,18.33,14.86,15.66,18.86,9.74,13.56,17.99,16.46,12.03,14.64
2024-03-15,15.64,18.56,17.82,13.59,20.82,16.05,24.28,14.46,17.44,18.25,18.02,18.62,14.03,13.48,19.54,32.74,12.78,14.12,10.7,14.5,18.99,15.45,16.18,18.84,9.72,13.56,17.98,16.72,12.02,14.74
2024-03-18,15.98,18.71,17.46,13.74,21.4,15.31,24.76,13.29,16.19,18.61,17.32,18.44,14.28,13.57,19.61,32.81,12.78,13.82,10.78,14.16,19.43,15.54,16.57,18.16,9.78,13.48,18.32,16.67,11.97,14.66
2024-03-19,16.17,18.47,17.31,13.63,21.03,15.17,24.43,13.24,15.99,18.5,17.07,18.39,14.37,13.64,19.47,32.29,12.57,13.59,10.57,14.47,19.56,15.48,16.45,18.04,9.63,13.35,18.04,16.32,11.86,14.39
2024-03-20,16.32,18.27,17.49,14.68,23.18,15.91,24.24,13.2,15.88,18.47,18.6,18.78,14.78,13.76,19.23,32.48,12.39,13.63,10.56,14.33,21.07,16.23,16.27,17.86,9.48,13.42,17.76,16.12,11.79,14.18
2024-03-21,17.87,18.14,17.51,14.5,23.21,16.11,24.05,13.19,15.8,18.36,18.6,20.05,14.2,13.6,18.53,32.05,12.31,13.8,9.81,14.26,20.78,16.0,16.03,18.08,9.39,13.11,17.72,16.1,11.71,12.5
2024-03-22,18.05,17.94,17.35,14.67,23.63,16.37,23.86,13.02,15.75,18.25,18.31,20.4,14.16,13.55,18.09,31.35,12.25,14.1,9.77,14.2,20.83,15.99,15.93,18.91,9.34,12.89,17.73,16.16,12.63,12.28
2024-03-25,18.23,18.06,17.75,14.67,24.42,16.68,24.08,12.98,15.75,18.62,18.51,20.47,14.44,13.56,18.29,31.24,11.71,14.3,9.66,14.27,21.37,16.15,16.03,19.73,9.12,11.94,17.96,15.74,12.51,12.18
2024-03-26,17.94,17.85,17.57,14.52,24.5,16.42,23.62,12.76,15.66,18.58,18.22,20.15,14.34,13.78,17.95,30.67,11.6,14.23,9.5,14.04,21.34,15.9,15.82,19.53,9.0,11.9,17.87,15.45,12.9,12.07
2024-03-27,18.26,17.84,17.67,14.17,24.66,16.59,23.93,12.71,15.63,18.71,18.26,20.1,14.47,13.96,17.98,31.04,12.01,14.45,9.59,14.28,21.5,16.45,15.86,19.41,9.06,11.91,17.66,14.58,13.13,10.86
2024-03-28,17.71,17.85,17.76,14.2,24.69,16.51,23.77,12.68,14.88,18.88,18.26,19.92,14.79,13.77,17.85,31.1,11.95,14.54,9.37,14.16,21.65,16.44,15.76,19.49,9.18,11.73,17.06,14.53,13.14,10.88
2024-04-01,17.63,17.44,17.79,14.53,23.73,16.84,20.67,12.68,15.28,19.04,18.69,19.81,17.21,14.09,18.2,32.31,12.29,14.87,9.43,14.47,26.45,16.83,15.87,19.94,9.35,11.67,15.53,15.3,13.39,10.95
2024-04-02,17.26,17.99,17.59,14.35,23.27,16.56,21.24,13.0,15.18,19.46,18.87,19.53,16.94,13.95,17.93,31.65,12.25,14.62,9.45,14.3,26.42,16.6,15.65,19.67,9.23,11.57,16.46,15.07,13.18,11.51
2024-04-03,17.06,17.06,17.67,14.29,23.31,17.45,21.25,12.11,13.66,21.06,18.09,18.95,16.88,14.2,16.85,29.89,12.52,14.28,9.34,14.32,26.69,16.34,15.58,19.01,11.16,11.66,16.52,14.56,13.01,11.14
2024-04-04,17.22,18.05,18.09,17.07,23.64,18.15,22.38,13.54,13.55,21.14,17.99,19.75,17.38,14.89,17.69,28.59,12.93,14.56,9.65,14.75,29.04,16.76,14.97,19.5,11.27,12.34,16.25,14.35,13.44,10.97
2024-04-05,17.03,18.78,18.34,17.3,23.64,18.72,23.37,13.83,12.56,20.25,17.12,19.3,17.35,14.78,17.0,27.57,12.88,14.66,9.79,14.97,29.1,16.53,15.1,18.72,11.62,12.19,15.84,14.6,13.47,10.95
2024-04-08,16.21,18.18,17.48,17.3,23.58,19.31,23.39,13.47,12.56,20.31,16.96,18.91,17.67,14.74,16.86,25.3,12.79,14.16,9.51,14.86,29.74,16.68,14.76,19.23,11.16,11.99,15.39,14.09,13.26,10.98
2024-04-09,15.96,17.87,17.42,17.79,24.21,19.94,23.24,14.94,12.55,20.03,16.76,18.72,17.56,14.85,17.21,25.63,12.67,14.45,9.52,14.86,29.14,16.47,14.71,19.0,10.98,13.83,15.39,14.13,13.42,10.97
2024-04-10,15.91,17.67,17.52,17.78,24.19,20.05,22.77,15.19,12.28,19.41,16.75,19.0,17.68,14.58,16.73,25.79,12.59,14.56,9.52,14.95,29.46,16.09,14.69,18.64,11.04,13.95,14.68,14.16,13.41,11.59
2024-04-11,17.83,17.76,17.22,17.98,23.76,20.07,22.74,15.14,13.0,19.55,16.74,19.09,17.95,14.66,15.17,25.73,12.8,14.78,9.56,14.96,28.52,16.05,14.41,18.64,11.18,13.87,15.17,14.17,13.46,11.51
2024-04-12,18.26,17.75,17.44,18.04,23.82,20.59,22.72,15.45,14.84,20.03,16.68,19.09,17.76,14.6,15.4,25.13,12.55,16.3,9.96,12.8,26.97,15.86,14.26,18.75,11.15,13.78,14.74,14.31,13.54,11.65
2024-04-15,18.95,17.33,18.02,18.21,23.99,21.39,24.95,16.36,14.8,20.24,17.62,19.89,18.17,14.92,16.21,25.54,12.34,16.26,10.09,11.98,27.05,15.6,14.5,18.4,11.33,14.02,15.19,13.89,14.52,11.65
2024-04-16,19.67,17.16,17.83,17.98,23.68,21.19,25.11,16.23,14.79,20.08,17.28,20.07,18.02,14.95,16.14,25.29,12.72,16.37,9.97,11.78,26.53,15.5,14.34,18.84,11.19,13.99,16.08,13.88,14.49,11.51
2024-04-17,19.31,17.35,18.41,18.15,23.53,21.73,25.06,16.16,14.86,19.84,17.19,20.07,17.96,15.0,16.16,25.39,12.68,16.5,9.89,12.2,26.58,15.51,14.56,18.94,11.12,15.68,16.92,13.65,14.45,11.76
2024-04-18,19.01,17.32,18.66,18.44,23.68,21.99,25.31,16.11,14.82,19.89,17.65,19.91,17.96,14.85,16.21,25.58,13.15,16.87,9.96,11.57,26.38,15.29,14.8,18.87,11.26,16.15,18.06,13.8,14.53,11.91
2024-04-19,18.77,18.38,19.24,20.95,21.17,21.79,25.16,15.97,14.92,19.75,15.66,19.28,17.45,14.76,16.15,25.0,14.01,17.33,10.8,11.41,24.95,14.2,15.11,19.02,12.81,16.5,18.58,14.05,14.63,12.02
2024-04-22,17.32,18.66,19.8,22.04,21.38,21.92,26.58,16.27,16.13,20.09,15.87,18.57,17.3,15.06,16.24,24.75,14.66,17.56,11.22,11.8,25.37,14.59,15.72,17.45,14.03,16.71,19.11,21.15,14.13,12.85
2024-04-23,17.11,18.39,19.87,22.1,21.13,21.71,26.38,15.98,16.01,19.79,15.67,18.68,17.05,14.84,17.13,24.29,14.66,17.24,11.11,11.76,24.92,14.41,15.57,17.12,13.86,16.54,19.07,21.78,13.89,14.03
2024-04-24,17.27,18.29,19.98,22.15,26.96,22.24,26.39,15.98,16.07,19.37,15.84,18.54,17.01,14.88,17.29,23.38,14.89,17.34,12.56,11.98,24.93,14.57,15.58,16.19,14.34,16.55,19.13,22.02,15.06,14.52
2024-04-25,17.39,18.88,21.84,22.19,28.43,23.28,26.51,16.58,16.23,19.54,18.84,18.88,17.23,17.67,19.13,23.66,15.45,17.37,13.16,12.46,24.71,15.79,16.63,16.7,14.56,16.67,19.25,22.44,15.1,14.57
2024-04-26,17.07,19.19,22.3,22.14,28.53,23.35,25.62,16.71,16.74,19.49,19.05,19.04,17.23,17.81,19.15,25.12,15.11,17.15,13.07,12.83,24.58,15.33,16.82,16.53,14.9,16.67,19.31,22.87,14.92,14.45
2024-04-29,17.3,19.85,22.62,22.27,29.44,23.62,25.71,16.93,16.84,20.11,19.06,19.15,16.8,17.87,19.23,25.38,15.15,17.11,13.15,12.81,24.47,15.85,17.17,16.45,14.89,16.83,19.54,23.25,15.01,14.38
2024-04-30,17.9,19.6,23.98,22.32,29.72,24.68,25.55,16.83,17.67,19.78,19.0,18.89,16.65,17.84,18.88,25.29,15.16,17.09,13.61,16.48,25.42,15.78,18.05,16.31,14.72,16.56,19.32,22.84,14.9,14.58
2024-05-01,18.28,19.86,25.62,22.53,30.4,24.95,26.05,17.21,17.63,19.86,19.48,19.06,14.9,18.24,18.92,25.58,16.11,17.35,14.14,17.02,22.04,15.89,18.78,16.06,14.65,16.65,19.76,22.66,14.94,14.5
2024-05-02,18.47,19.22,26.13,22.58,31.28,25.23,25.52,16.92,17.57,19.51,19.52,19.04,15.05,18.53,18.98,25.64,16.5,17.77,14.17,17.09,21.65,15.95,18.85,16.18,14.77,16.71,19.18,22.89,14.99,14.6
2024-05-03,18.91,21.1,26.04,22.82,31.03,24.76,25.58,16.93,18.11,17.51,19.43,19.15,15.42,18.48,18.84,24.75,15.99,18.2,14.2,17.5,21.3,15.45,18.93,16.44,13.55,16.84,19.13,22.94,14.89,14.75
2024-05-06,19.39,22.11,25.92,21.17,32.93,23.95,21.58,15.87,18.57,17.14,19.45,18.12,15.38,18.13,18.2,24.39,15.99,18.02,13.96,17.07,17.76,14.56,18.55,15.83,13.49,16.68,18.77,22.68,14.7,15.02
2024-05-07,19.35,21.81,25.49,20.8,32.27,23.6,21.38,15.63,18.2,18.16,19.97,17.83,15.34,17.86,17.86,24.45,15.72,17.66,13.76,16.91,17.7,15.18,18.33,15.65,13.3,16.34,18.53,22.31,14.83,14.89
2024-05-08,19.4,22.48,25.44,20.94,32.74,23.51,21.43,15.94,18.09,18.35,20.24,17.87,15.13,17.93,18.03,24.1,15.66,18.57,13.78,16.91,17.57,15.21,18.43,15.43,13.35,16.29,18.67,22.34,14.93,14.89
2024-05-09,19.5,23.03,25.62,20.48,32.03,23.04,21.24,14.48,18.23,18.45,20.27,18.18,15.74,17.82,17.46,23.47,15.6,18.3,13.69,16.65,17.64,15.22,18.29,15.3,13.37,15.02,18.54,22.23,14.63,14.86
2024-05-10,19.62,23.09,25.51,20.32,31.67,22.7,21.43,14.03,18.18,18.58,20.01,17.81,15.74,17.87,17.39,22.93,15.4,18.08,13.6,17.33,17.27,14.96,18.25,15.8,13.29,14.88,18.29,22.24,14.55,14.19
2024-05-13,17.58,23.5,25.62,20.74,31.97,22.35,21.57,13.96,17.03,18.05,20.11,17.6,16.25,18.17,17.25,23.66,15.47,16.8,13.48,18.07,18.01,14.94,18.56,15.7,13.59,15.0,18.24,22.67,14.54,14.46
2024-05-14,17.31,23.18,25.47,20.55,31.56,21.93,21.26,14.08,16.85,17.75,19.7,17.54,17.25,17.92,16.98,23.35,15.25,16.78,13.53,17.92,17.83,14.71,18.37,15.8,13.53,14.75,18.17,22.19,14.81,14.62
2024-05-15,17.0,23.3,25.08,19.93,31.67,21.05,19.2,13.1,16.99,19.18,19.16,16.2,16.76,17.24,15.38,23.22,15.13,16.02,13.32,18.09,17.52,15.24,17.47,16.0,13.52,14.84,18.19,22.17,14.12,14.46
2024-05-16,15.77,23.38,25.28,19.86,32.32,21.41,18.65,15.11,16.82,19.0,19.34,15.64,16.79,17.12,15.22,23.32,14.84,15.73,13.4,18.14,18.74,15.05,17.5,15.28,13.59,14.92,17.47,22.02,13.99,15.11
2024-05-17,15.55,23.24,24.81,19.58,32.49,20.82,18.54,15.04,16.75,18.91,19.26,15.47,16.68,16.96,15.03,23.16,14.68,15.47,13.37,17.95,18.43,15.04,17.15,15.12,13.54,13.24,16.68,22.06,14.02,15.35
2024-05-20,15.75,22.73,24.45,15.81,33.33,21.0,18.08,15.82,16.85,18.88,19.17,15.87,16.86,17.16,14.86,22.8,13.91,18.11,12.88,18.61,18.5,15.26,16.94,15.31,12.26,12.73,15.25,22.22,13.92,15.58
2024-05-21,15.51,22.42,24.05,15.56,32.77,20.77,17.88,15.63,16.6,18.55,18.81,16.01,16.97,16.89,15.68,22.63,13.8,18.02,12.7,18.39,18.67,15.33,16.99,15.28,12.07,12.63,15.29,22.13,13.84,15.4
2024-05-22,15.44,22.68,23.8,14.41,32.63,20.52,16.52,15.81,16.17,18.36,19.06,15.28,17.05,16.87,15.57,23.29,14.12,17.76,12.38,18.21,19.03,15.21,16.79,15.25,10.97,12.5,15.02,15.94,13.62,14.99
2024-05-23,15.93,23.09,23.95,14.39,36.36,21.44,17.27,15.99,16.19,18.98,19.08,14.94,17.17,16.91,15.4,25.75,14.54,17.82,12.53,19.1,19.12,15.26,17.03,15.48,11.28,12.92,14.64,14.85,13.91,14.0
2024-05-24,15.73,22.88,23.6,14.51,32.31,21.22,17.57,15.97,16.05,19.1,18.93,15.0,16.93,16.8,15.21,25.96,14.84,17.82,11.07,19.0,18.85,15.25,17.09,15.38,10.51,12.84,14.74,14.42,12.53,13.52
2024-05-28,16.16,22.59,21.84,14.62,31.53,20.23,18.1,15.93,15.44,19.13,16.0,14.23,17.14,13.55,13.2,24.38,14.87,17.98,10.67,19.22,19.48,14.97,16.05,14.71,10.22,12.82,14.46,13.29,12.29,13.76
2024-05-29,16.05,21.9,21.51,14.54,31.01,20.33,18.26,15.76,15.38,18.16,16.0,14.29,17.14,13.46,13.31,24.05,14.97,18.01,10.88,19.55,19.49,14.39,15.82,14.79,10.21,12.76,16.48,12.6,12.22,13.79
2024-05-30,14.98,22.42,19.6,13.76,30.27,18.62,21.58,15.58,14.07,18.15,15.66,14.55,17.14,13.54,13.55,23.7,14.77,17.71,10.0,16.35,17.61,16.45,15.12,15.14,10.08,13.25,16.56,13.8,12.19,13.27
2024-05-31,14.61,22.33,18.05,13.83,30.03,18.34,26.96,15.28,14.66,18.65,15.24,14.55,17.32,12.73,13.89,23.71,13.93,18.01,9.95,16.29,17.88,16.45,15.21,15.31,10.38,13.56,17.12,14.8,12.1,14.18
2024-06-03,14.03,21.33,17.57,15.07,30.99,20.4,28.82,15.44,15.64,18.77,16.65,14.78,17.54,12.38,14.38,24.96,13.57,17.66,9.88,16.24,18.09,17.31,15.56,14.96,10.37,14.47,16.91,14.78,12.61,13.6
2024-06-04,13.91,20.97,17.6,15.18,30.88,20.25,29.08,15.82,15.56,18.71,16.41,14.94,17.38,14.07,14.39,24.99,13.57,17.66,10.22,16.14,18.03,17.37,15.56,15.07,10.68,14.42,17.46,15.03,12.63,13.51
2024-06-05,13.4,18.42,17.33,15.31,29.25,20.38,29.38,18.02,15.34,18.5,16.59,14.99,17.24,14.1,14.32,25.42,13.58,17.73,10.36,16.18,18.23,17.56,15.56,15.36,10.76,14.68,17.93,15.24,12.58,13.61
2024-06-06,13.0,18.57,17.55,15.49,29.59,20.3,29.82,18.12,15.68,17.19,15.5,15.22,17.12,14.15,14.37,24.96,13.87,17.9,10.32,16.09,18.11,17.01,15.48,16.35,11.47,14.82,17.98,15.31,12.21,13.53
2024-06-07,13.21,17.75,17.71,15.36,28.95,20.61,29.82,17.84,15.92,17.08,15.17,15.26,17.32,14.29,14.63,25.1,14.07,17.33,10.28,16.66,19.31,16.75,15.31,17.19,11.63,15.74,18.5,15.3,12.18,14.65
2024-06-10,13.94,17.24,17.63,15.4,29.34,20.61,30.29,18.3,16.01,17.47,15.26,14.94,17.01,14.2,14.85,25.44,14.54,17.7,10.48,16.15,19.53,17.23,15.61,16.96,11.8,15.92,19.02,15.34,12.91,15.16
2024-06-11,19.56,16.93,17.58,16.49,29.57,20.36,30.26,18.05,15.91,17.6,15.09,15.11,17.02,14.12,15.02,25.06,14.4,17.88,10.4,15.9,19.62,17.25,15.67,16.86,11.66,16.01,18.82,15.08,12.76,14.91
2024-06-12,23.3,16.83,17.57,16.62,30.04,21.02,30.86,18.14,16.67,17.73,15.5,15.9,16.85,14.32,15.86,24.95,14.47,18.7,10.82,15.5,19.7,17.5,15.95,17.72,12.09,16.18,19.33,16.11,13.85,14.83
2024-06-13,23.73,16.74,17.82,16.5,30.2,21.32,31.36,17.9,16.63,17.87,15.72,15.77,15.73,14.36,15.8,24.9,14.64,18.79,10.53,15.47,19.94,17.57,15.78,17.38,12.21,16.38,20.39,16.26,13.31,14.55
2024-06-14,23.75,15.99,17.32,16.82,30.33,21.57,31.27,17.73,16.07,15.61,16.19,16.16,15.75,14.37,16.0,24.7,14.62,18.91,10.64,15.34,20.17,16.91,15.74,17.23,12.23,16.45,20.32,16.21,12.97,14.67
2024-06-17,24.99,16.48,17.6,17.57,30.13,21.46,31.93,16.35,16.41,15.96,16.46,16.59,16.0,15.08,16.31,25.24,14.83,19.33,10.85,15.55,19.42,17.27,16.48,18.65,12.96,16.69,20.47,16.63,13.09,13.97
2024-06-18,24.98,16.38,17.48,17.3,29.82,21.15,31.28,16.11,16.55,15.75,16.3,16.73,15.82,14.97,16.18,25.47,14.56,19.3,10.66,15.73,19.17,17.07,16.26,18.35,12.82,16.46,20.69,16.42,12.93,13.75
2024-06-20,25.89,16.99,17.78,18.17,30.38,21.05,33.33,16.3,17.57,16.17,16.85,16.31,15.66,15.05,15.67,25.81,15.08,16.35,10.95,16.24,19.35,18.05,16.0,18.91,13.2,16.75,20.92,16.5,13.42,13.81
2024-06-21,26.19,16.93,17.81,18.14,30.31,20.87,33.48,16.29,17.42,16.14,16.33,16.12,15.34,15.11,16.04,25.41,14.34,16.3,11.33,16.85,19.07,18.23,15.91,19.14,13.34,16.97,21.07,16.43,13.42,13.63
2024-06-24,26.98,17.86,18.41,17.93,25.48,20.09,33.41,16.67,18.05,15.38,16.64,17.21,15.83,15.59,15.93,23.06,13.27,16.33,11.82,16.02,19.46,18.53,15.72,19.51,13.33,17.16,21.31,17.06,13.83,13.91
2024-06-25,26.45,18.14,18.37,17.66,25.7,19.86,32.69,16.67,17.74,15.5,16.95,17.12,17.29,15.5,16.41,22.79,13.34,16.11,11.67,16.06,19.37,18.35,15.48,20.25,13.55,17.22,21.23,17.13,13.9,13.95
2024-06-26,26.14,18.11,20.2,17.5,25.79,19.55,32.06,16.49,17.67,15.25,17.0,16.89,17.15,15.32,16.25,22.41,13.17,15.82,11.74,15.93,19.08,18.16,15.31,19.98,13.49,17.22,20.88,16.88,13.73,14.27
2024-06-27,26.0,18.2,20.83,17.56,25.9,19.55,33.81,16.31,17.65,14.77,17.04,17.07,17.09,15.22,16.16,22.04,13.12,16.02,11.68,15.19,19.09,19.45,15.31,20.03,13.51,17.25,21.0,16.74,13.71,14.35
2024-06-28,26.44,18.51,21.7,17.9,25.77,19.35,34.05,16.33,17.73,16.93,17.0,17.13,17.2,15.9,16.27,22.06,13.04,16.23,11.49,15.65,19.5,25.56,15.65,23.26,13.81,17.85,20.77,17.15,14.71,14.44
2024-07-01,27.44,18.48,21.82,18.06,26.53,20.15,27.62,16.54,17.59,16.76,17.37,17.26,17.74,16.09,16.29,21.41,13.49,16.37,11.43,15.84,19.99,25.38,14.87,24.22,14.54,17.85,20.94,15.53,14.99,13.94
2024-07-02,27.25,18.32,21.81,17.86,26.42,19.87,27.12,16.54,17.43,16.51,17.18,17.11,17.51,15.87,16.33,21.45,13.32,16.49,11.28,15.76,19.74,24.9,14.81,24.02,14.5,17.67,20.55,15.95,15.32,13.84
2024-07-03,27.22,18.1,21.84,16.62,24.96,17.42,25.62,16.53,16.11,16.35,15.4,16.74,17.39,15.64,16.15,20.51,13.26,16.38,11.34,15.54,19.6,24.74,14.39,24.0,14.21,16.9,20.99,15.8,14.87,13.8
2024-07-05,28.07,18.46,21.91,16.44,24.65,17.75,24.93,13.57,16.34,15.81,15.6,16.84,17.52,13.91,16.24,20.58,13.21,16.28,11.15,15.56,19.48,24.98,14.43,24.3,14.16,16.99,20.37,15.46,14.9,15.02
2024-07-08,28.86,18.64,22.1,17.2,26.82,17.43,24.96,13.97,16.19,15.91,15.58,17.35,17.89,13.77,16.29,22.09,13.1,16.17,11.51,15.69,18.72,25.59,14.58,24.46,13.57,16.94,20.2,15.58,15.5,14.1
2024-07-09,28.27,19.07,21.6,17.37,26.38,17.22,24.82,13.78,16.13,15.81,15.96,18.72,17.6,13.51,16.09,23.45,13.08,16.37,11.43,15.66,18.73,25.28,14.85,24.38,13.39,16.88,20.1,15.46,15.38,13.85
2024-07-10,27.92,19.58,21.4,17.45,26.27,17.65,25.75,13.67,16.51,15.28,16.38,19.11,17.62,14.01,16.55,23.56,13.38,16.35,11.4,15.99,19.94,25.21,15.11,24.36,13.34,16.98,20.3,15.31,15.4,13.61
2024-07-11,24.71,20.15,22.56,16.22,25.36,17.66,25.16,13.82,16.56,14.88,16.62,18.93,18.08,14.05,16.4,25.97,13.44,15.9,11.8,16.57,20.03,25.03,15.88,24.5,13.42,17.06,20.58,15.52,15.44,13.95
2024-07-12,21.15,20.57,22.49,15.58,25.02,16.92,24.75,14.5,15.14,14.68,16.45,18.29,18.44,14.21,16.84,26.99,13.17,15.77,11.57,16.94,19.36,25.06,15.33,23.7,12.85,16.98,20.39,14.22,14.54,13.8
2024-07-15,21.03,20.96,23.05,15.61,24.89,17.38,24.14,14.66,15.8,14.65,15.84,19.49,18.6,14.33,17.17,27.99,13.09,15.97,11.68,17.35,19.49,25.57,15.53,24.59,12.88,16.63,20.49,14.73,15.02,13.81
2024-07-16,20.81,21.05,22.97,16.06,26.08,19.8,23.78,14.68,15.68,15.05,16.71,19.99,19.03,14.35,16.9,27.55,13.04,16.58,11.79,17.97,19.88,25.74,15.56,24.34,12.95,16.57,21.92,14.85,14.81,13.61
2024-07-17,20.38,21.02,23.41,15.78,26.16,19.9,24.01,15.52,16.01,15.48,16.84,20.13,19.47,13.84,16.99,31.58,15.31,16.81,11.98,18.16,20.1,25.86,15.02,23.42,12.75,16.62,23.41,14.82,15.1,13.66
2024-07-18,21.06,21.44,25.03,16.41,27.1,21.21,24.53,15.62,16.31,15.59,17.24,21.38,20.13,13.92,17.45,32.65,15.58,17.89,12.43,18.08,20.32,26.31,15.63,23.75,13.0,17.11,23.95,15.15,15.48,13.73
2024-07-19,20.81,21.21,25.04,16.76,26.87,21.49,24.15,15.81,16.86,15.51,17.57,21.25,19.91,14.09,17.96,33.61,15.54,17.79,12.41,18.18,20.1,25.85,15.86,23.34,12.9,20.71,23.58,15.4,15.96,13.55
2024-07-22,20.53,21.01,25.16,16.89,27.53,21.9,23.18,15.36,16.21,15.87,17.71,21.46,20.31,14.44,17.64,34.06,15.23,17.75,12.44,17.44,20.57,25.66,16.17,23.78,12.87,20.55,23.82,16.74,15.97,13.8
2024-07-23,20.41,20.81,25.4,16.81,28.38,21.82,22.81,15.12,16.25,16.06,17.46,21.33,20.12,14.32,17.42,33.33,15.1,17.45,12.72,17.85,20.19,25.16,15.97,23.75,12.83,20.37,23.36,16.59,15.87,13.58
2024-07-24,20.79,20.08,25.27,17.02,28.89,22.04,23.2,15.16,15.94,16.12,17.72,20.87,20.81,14.64,16.8,33.61,15.92,17.74,12.67,18.89,20.26,25.0,17.05,24.49,13.05,20.43,23.4,16.47,15.76,13.21
2024-07-25,21.45,21.21,26.29,17.5,29.9,23.47,25.09,15.51,16.51,15.93,20.33,21.32,20.16,15.69,19.96,34.1,16.72,17.7,12.95,18.98,20.8,25.05,17.96,23.94,13.12,20.47,23.37,17.08,16.05,13.04
2024-07-26,21.31,21.16,24.81,17.66,29.82,23.61,25.59,15.64,16.33,16.06,20.23,21.46,20.29,18.34,20.22,34.18,16.82,18.18,13.09,18.97,33.64,25.58,18.68,23.9,13.15,20.62,24.26,17.14,16.54,13.02
2024-07-29,21.08,21.0,23.85,17.6,29.72,24.25,23.4,15.88,16.96,14.86,20.58,21.93,20.35,18.62,20.76,35.0,16.92,18.28,13.27,21.77,34.62,18.41,18.92,21.41,12.97,20.33,23.43,16.93,15.91,13.02
2024-07-30,20.96,20.94,24.42,17.57,29.19,24.06,23.28,15.76,17.23,15.44,20.54,21.89,20.1,18.35,20.65,34.71,17.02,18.05,13.72,21.96,34.3,25.12,19.34,21.09,13.86,20.75,23.38,16.67,15.74,12.96
2024-07-31,20.46,20.45,24.03,17.6,31.47,24.02,23.52,15.78,16.99,15.17,20.32,22.0,20.02,18.39,20.92,34.83,16.81,17.85,13.53,21.75,34.07,26.26,19.17,20.11,13.73,20.75,23.41,16.9,15.43,12.93
2024-08-01,21.04,20.71,25.5,18.78,35.1,27.33,25.81,16.71,19.47,15.31,21.82,23.21,22.29,19.02,21.39,36.76,17.17,18.87,14.1,22.11,34.43,26.74,20.24,20.13,15.19,21.98,24.44,16.79,14.9,13.25
2024-08-02,22.18,21.74,27.32,22.63,36.37,27.51,26.24,17.69,20.63,16.77,22.24,25.97,22.59,20.51,21.49,39.72,17.65,20.34,15.14,22.82,34.64,26.91,20.9,20.94,16.43,22.34,24.65,18.36,15.38,15.12
2024-08-05,28.08,22.8,31.08,23.85,36.78,28.62,27.34,19.77,20.55,18.28,22.31,28.39,23.02,21.23,21.7,40.78,18.63,20.91,15.9,24.01,36.06,27.65,22.05,21.33,17.02,22.81,25.59,18.53,16.7,14.72
2024-08-06,28.82,23.03,31.46,24.04,36.63,31.14,27.15,19.93,20.26,19.97,22.85,28.8,23.42,21.08,21.96,40.82,18.48,22.25,15.85,23.77,35.67,27.3,21.84,21.4,16.89,22.56,25.57,18.47,16.74,14.66
2024-08-07,29.37,25.15,32.19,24.47,35.75,31.61,27.4,20.22,20.68,21.36,23.44,29.21,24.56,21.9,22.03,42.29,18.54,22.75,16.17,23.6,35.98,27.28,22.7,20.81,17.42,22.25,25.91,18.48,16.83,14.93
2024-08-08,29.7,25.77,32.56,24.27,36.19,31.96,27.49,20.6,20.65,21.93,23.07,28.54,24.84,22.02,22.78,44.97,18.65,22.58,16.32,23.75,36.22,27.17,22.53,20.49,17.57,22.2,25.78,18.47,16.71,15.3
2024-08-09,29.86,25.48,32.63,24.47,36.29,31.88,26.82,20.81,20.64,22.13,22.84,28.51,24.78,21.72,22.69,45.19,18.37,22.73,16.29,23.71,35.55,27.24,22.47,20.57,17.6,22.05,25.53,18.74,16.38,15.39
2024-08-12,29.98,25.41,32.48,24.96,37.16,32.57,27.14,21.16,23.11,22.52,23.04,29.19,24.75,21.69,22.23,44.9,18.87,22.73,16.27,23.65,36.0,27.6,22.16,20.66,18.25,22.38,25.5,19.17,16.46,15.53
2024-08-13,29.41,25.01,32.09,24.51,37.11,32.01,26.61,20.79,22.68,22.17,22.65,28.66,25.55,21.28,21.83,45.06,19.11,22.37,16.0,23.35,35.44,27.21,21.81,22.76,17.91,22.02,25.02,18.86,16.19,15.8
2024-08-14,29.35,25.01,31.85,24.56,36.83,31.74,26.56,20.81,22.46,22.21,22.52,28.16,25.98,21.22,21.83,45.32,19.22,22.14,16.05,23.18,35.34,27.5,21.81,22.63,18.26,22.13,24.29,18.73,16.05,15.93
2024-08-15,29.25,24.76,31.85,24.41,36.5,30.47,26.87,22.34,22.46,22.1,21.92,27.74,25.72,21.1,21.73,45.9,19.16,21.62,15.82,22.63,35.0,27.03,21.6,23.03,18.35,22.06,22.97,18.95,16.28,16.46
2024-08-16,29.08,24.42,31.36,24.34,36.46,30.4,26.61,22.15,22.26,21.88,21.74,27.63,25.24,21.13,21.56,43.4,17.56,21.37,15.64,22.67,34.82,26.88,21.53,23.2,18.13,21.96,21.68,18.88,16.07,16.4
2024-08-19,28.74,24.59,30.35,23.98,36.21,29.62,26.62,22.29,21.64,22.28,21.3,26.88,25.06,21.13,20.85,43.03,17.44,20.44,15.51,22.98,35.32,26.91,21.22,23.31,18.16,18.43,20.84,18.48,15.31,16.62
2024-08-20,28.12,24.14,29.71,23.5,36.44,29.05,26.24,22.0,21.32,21.99,21.17,26.45,24.8,20.81,20.53,42.22,17.12,20.09,15.26,22.74,34.56,26.33,20.83,22.94,17.99,18.12,20.57,18.13,15.06,16.48
2024-08-21,27.93,24.06,29.83,23.62,36.1,28.81,25.62,21.94,21.34,21.9,20.96,26.42,24.68,20.64,20.67,42.18,17.06,20.05,15.13,22.73,34.36,26.47,20.78,22.22,18.15,18.16,20.51,16.93,14.9,16.43
2024-08-22,27.95,24.13,29.88,23.54,35.14,28.56,25.89,22.07,21.1,21.83,20.98,26.2,24.82,20.6,20.65,44.18,17.0,20.08,15.04,22.22,34.37,26.5,21.47,21.95,18.15,17.95,20.85,16.91,14.78,16.6
2024-08-23,27.27,24.05,29.66,23.42,34.54,28.26,25.55,21.87,21.03,21.81,21.05,26.35,24.71,20.22,20.77,44.09,16.44,19.87,14.87,21.35,34.26,26.43,20.76,21.11,17.99,17.89,20.77,16.49,14.72,16.67
2024-08-26,27.24,23.05,29.28,23.43,33.58,27.55,23.65,21.61,21.11,22.03,18.34,26.4,24.53,17.18,17.25,44.9,15.71,19.78,14.89,21.51,22.39,26.32,19.77,21.18,17.97,17.48,19.77,15.72,13.81,16.45
2024-08-27,26.85,22.67,28.78,23.01,32.96,27.05,23.44,21.19,20.98,21.63,18.02,25.86,24.03,16.97,17.03,44.07,15.53,19.36,14.61,21.08,22.03,25.82,19.43,21.13,17.72,17.23,19.54,15.53,13.69,16.18
2024-08-28,26.91,22.79,29.21,23.14,33.13,27.08,23.5,21.46,20.64,21.41,18.02,25.78,24.1,16.64,16.66,44.27,15.59,19.34,14.56,18.52,20.92,25.54,19.48,22.34,17.76,17.32,19.48,15.45,13.7,16.11
2024-08-29,26.86,22.61,28.6,23.16,33.42,27.24,26.04,21.61,20.46,20.91,18.08,25.85,24.16,16.91,16.45,44.68,15.15,19.51,14.14,17.97,20.3,19.12,19.47,22.3,17.0,16.85,19.1,15.44,14.08,16.05
2024-08-30,26.82,22.57,29.27,23.38,30.54,26.84,26.34,21.64,20.62,20.88,18.04,25.48,23.79,16.62,16.11,45.75,15.01,19.46,13.99,17.74,19.95,16.57,19.08,22.38,16.57,16.48,18.07,15.31,14.13,16.14
2024-09-03,26.49,21.36,26.59,19.3,28.55,25.22,24.6,20.37,17.37,20.36,16.46,24.1,21.81,14.67,15.62,45.66,14.49,17.26,12.61,16.67,19.78,15.69,18.53,22.15,14.77,14.49,16.24,13.74,14.37,14.46
2024-09-04,20.05,20.1,22.32,18.21,28.97,23.81,23.39,18.35,17.92,19.16,16.66,21.33,21.45,13.59,15.63,44.93,13.35,16.95,12.25,14.91,17.23,14.65,17.0,21.79,14.11,13.62,14.95,16.79,12.87,13.67
2024-09-05,18.27,20.2,21.45,17.63,28.63,19.59,23.03,17.89,18.09,17.12,15.36,20.51,20.84,13.59,15.36,44.57,13.32,15.05,12.8,14.58,16.64,15.53,16.96,21.38,13.95,13.8,15.03,17.0,12.66,13.66
2024-09-06,17.56,17.8,21.76,18.37,29.07,19.52,23.42,17.71,18.5,15.31,15.2,20.84,19.41,13.13,15.74,43.38,13.14,15.78,12.33,14.53,16.66,15.85,16.46,21.2,13.34,14.2,14.33,17.11,11.99,13.44
2024-09-09,17.07,16.61,21.56,18.56,29.1,18.92,23.38,17.57,18.95,14.19,15.66,20.94,19.32,13.32,14.66,40.33,13.36,15.88,12.75,14.03,16.43,17.66,16.64,22.24,13.4,15.28,16.54,18.51,12.59,13.17
2024-09-10,17.26,16.79,21.48,20.72,29.43,18.88,23.07,17.3,19.43,14.01,15.68,23.75,19.55,13.28,14.62,39.91,13.21,23.68,12.71,14.18,16.26,17.94,16.82,22.35,13.3,15.37,16.83,19.14,12.45,13.56
2024-09-11,17.55,17.63,23.8,22.49,29.84,19.4,23.68,17.33,17.18,14.52,16.13,24.3,19.42,14.99,16.02,40.6,13.07,24.16,12.74,14.38,16.9,17.94,18.14,22.74,13.21,17.19,17.15,19.28,13.31,13.58
2024-09-12,17.69,17.75,23.7,22.64,29.35,19.6,23.87,17.5,17.32,14.5,16.93,24.45,17.67,15.2,16.44,39.58,12.39,24.33,12.78,14.31,16.82,17.76,18.33,20.45,13.36,17.37,17.17,19.26,13.59,13.25
2024-09-13,17.52,18.07,23.51,22.58,30.72,19.54,23.93,17.28,17.33,14.63,17.24,24.18,16.98,15.17,16.69,39.02,12.3,24.55,12.9,14.42,16.64,17.48,18.4,20.29,12.74,17.41,17.33,19.43,13.6,13.19
2024-09-16,17.83,18.21,23.65,22.83,30.43,19.81,23.85,15.18,17.55,14.43,17.47,24.52,16.91,15.44,17.15,41.08,12.33,25.02,13.13,14.45,16.8,18.03,18.84,19.77,12.88,17.63,17.61,19.29,13.43,12.45
2024-09-17,17.55,17.91,23.37,22.75,30.11,19.59,23.57,15.21,17.48,14.29,17.68,24.17,16.85,15.24,17.66,42.06,12.24,24.52,12.94,14.57,16.73,17.77,18.94,19.51,12.71,17.64,17.58,19.22,13.28,13.24
2024-09-18,18.02,18.07,23.6,23.06,30.28,20.26,23.76,15.35,17.63,14.18,17.97,24.52,17.9,15.73,17.83,42.08,12.57,24.9,13.22,14.16,17.05,17.81,18.95,19.72,13.26,17.76,17.98,19.46,13.36,13.45
2024-09-19,18.56,18.08,23.69,23.17,29.2,21.47,25.18,15.19,17.61,14.5,17.93,24.9,17.62,15.87,19.31,42.37,12.7,25.21,13.65,14.0,17.22,18.49,18.97,20.65,13.34,18.06,18.11,19.63,14.63,13.8
2024-09-20,19.02,18.21,23.85,22.79,29.08,21.58,26.04,15.47,17.71,14.4,18.86,24.89,17.64,15.86,19.42,49.97,12.72,25.19,14.07,14.22,17.15,18.22,18.98,21.89,13.55,18.23,18.29,19.93,14.82,14.1
2024-09-23,18.99,18.16,23.41,23.3,30.68,21.93,26.35,15.58,18.24,14.43,18.79,25.0,16.55,16.04,19.74,49.33,12.63,25.63,14.04,14.35,17.29,19.02,18.32,22.27,13.8,18.3,18.22,20.35,15.01,14.41
2024-09-24,18.82,17.98,23.53,23.14,30.09,22.06,26.15,15.37,18.06,14.39,18.79,24.51,16.62,16.02,19.47,48.73,12.57,25.14,14.16,14.25,17.05,18.88,18.22,22.08,13.66,18.03,18.25,20.1,15.92,14.17
2024-09-25,18.81,20.99,23.31,23.01,30.72,22.59,26.61,15.4,18.57,14.46,19.21,24.76,16.58,16.1,19.37,49.74,12.84,25.34,13.83,14.1,16.88,18.8,18.1,21.99,13.73,18.23,18.34,20.05,16.45,14.26
2024-09-26,18.67,21.24,23.72,22.98,31.19,23.17,26.68,15.43,18.54,14.71,19.78,24.8,16.65,16.01,19.36,50.59,12.77,25.46,13.94,14.22,17.33,18.74,18.23,21.86,14.06,18.39,18.21,20.06,16.46,15.01
2024-09-27,18.38,21.53,23.33,22.99,31.04,22.86,26.03,14.72,18.87,14.49,20.04,24.78,16.61,16.08,19.44,50.87,12.72,25.48,14.02,13.81,17.5,18.63,17.93,20.14,13.87,18.43,18.29,20.16,16.6,15.02
2024-09-30,18.52,21.75,22.67,23.01,31.59,22.68,23.06,14.56,19.18,15.17,20.46,24.97,16.65,16.26,19.47,50.74,12.76,26.25,13.95,13.8,17.79,18.81,17.38,20.51,13.89,18.48,18.56,20.39,16.43,15.09
2024-10-01,18.87,21.51,22.34,22.82,32.23,22.63,22.83,14.64,20.03,15.82,20.14,24.73,16.91,16.19,19.63,51.27,12.61,25.79,13.99,13.62,17.76,18.61,17.61,20.52,13.72,18.46,18.33,20.07,16.42,15.0
2024-10-02,18.85,21.21,22.0,22.64,31.6,22.41,23.76,14.56,19.99,15.6,19.84,24.33,16.83,15.99,19.61,50.5,12.46,25.39,13.98,13.65,17.57,18.78,17.46,21.74,13.5,18.32,19.2,19.7,16.12,14.82
2024-10-03,17.76,21.24,21.92,22.48,28.48,20.97,23.19,14.49,20.09,15.1,19.49,22.37,16.73,15.67,19.36,48.71,11.99,25.09,13.86,13.4,16.9,18.77,16.48,21.66,12.8,18.45,19.21,19.27,15.64,14.69
2024-10-04,17.65,21.31,21.99,22.54,27.89,20.9,23.37,14.49,19.59,15.18,19.16,22.43,17.53,15.93,19.14,48.38,11.71,25.11,13.2,13.57,16.85,18.42,16.29,21.65,12.69,18.73,19.09,16.81,15.68,14.9
2024-10-07,17.41,20.42,20.36,21.35,27.33,20.2,22.87,13.98,18.87,16.67,18.94,21.18,17.61,15.12,18.43,48.48,11.52,24.46,12.91,13.74,15.72,17.87,16.02,22.49,13.08,20.66,18.75,16.34,15.96,15.58
2024-10-08,17.19,20.07,20.04,21.41,26.91,20.43,23.14,13.84,18.61,16.9,18.77,20.81,17.54,15.87,18.12,48.94,11.38,24.06,12.73,13.57,15.59,17.55,16.08,22.29,13.08,20.62,18.62,16.11,15.67,15.34
2024-10-09,17.23,20.19,20.29,21.05,26.95,20.87,23.05,14.02,18.38,17.62,18.59,20.8,17.79,17.1,18.63,48.68,11.01,24.22,12.32,13.44,15.09,16.12,16.02,21.82,13.02,20.38,17.16,14.48,15.37,15.24
2024-10-10,16.79,19.88,20.01,18.76,26.17,20.77,23.15,13.92,17.58,17.69,18.48,17.37,17.4,17.07,18.73,48.5,10.95,17.06,12.35,13.09,15.04,15.67,15.58,21.47,12.92,20.44,16.65,13.7,15.33,14.81
2024-10-11,16.19,19.64,17.51,17.03,25.96,20.27,22.35,13.07,17.19,17.61,17.91,16.68,16.79,15.76,17.58,47.44,10.6,18.27,12.26,12.59,14.38,15.85,14.03,21.1,12.66,18.72,16.19,13.23,14.73,14.52
2024-10-14,16.33,19.4,17.37,16.78,24.8,20.43,22.48,13.08,17.28,17.82,17.05,16.63,16.82,15.85,17.24,48.35,10.25,18.19,12.39,12.79,14.06,15.91,13.9,21.13,12.77,19.12,16.41,12.9,14.73,14.37
2024-10-15,16.55,19.07,17.47,16.72,25.3,20.12,22.31,13.03,17.2,17.92,17.1,18.89,16.74,15.7,17.31,48.5,13.92,18.08,12.48,12.81,14.04,15.85,14.02,21.05,12.72,18.86,18.77,13.15,14.66,14.42
2024-10-16,16.38,19.16,17.43,16.75,25.29,20.08,22.66,13.27,16.97,18.88,17.22,19.0,16.74,15.63,17.34,47.29,14.11,18.05,12.53,12.56,14.11,15.73,14.1,21.38,12.4,18.85,19.88,13.03,15.94,14.48
2024-10-17,16.48,19.35,17.35,16.36,25.11,19.95,22.48,13.1,16.93,19.08,16.71,18.9,16.55,15.56,16.59,45.78,14.04,18.06,12.82,12.15,13.93,15.6,13.79,21.45,12.47,20.82,19.93,12.66,15.97,13.71
2024-10-18,15.89,18.85,17.54,17.53,24.87,19.54,22.32,12.85,16.74,19.1,16.46,18.38,15.48,15.53,16.44,44.81,13.78,17.68,12.73,11.85,13.66,15.59,13.63,21.35,12.66,21.47,19.67,12.43,15.88,13.65
2024-10-21,14.9,19.3,17.39,18.12,25.85,18.35,20.06,12.58,16.78,19.15,15.88,18.53,16.61,15.64,14.47,37.16,14.29,17.61,12.1,11.4,13.6,16.06,13.82,19.76,12.53,22.29,19.89,12.06,15.05,12.88
2024-10-22,14.89,19.39,17.68,17.99,25.43,18.17,19.83,12.85,16.51,18.84,15.76,18.29,16.59,15.54,14.28,36.78,14.15,17.62,12.23,11.25,20.58,15.85,14.78,19.53,12.52,22.26,19.61,14.96,14.86,13.06
2024-10-23,15.91,19.33,18.2,17.84,25.93,18.28,19.74,12.85,16.32,18.7,15.94,18.3,16.79,15.8,14.2,36.92,14.66,17.65,13.48,13.27,22.71,15.33,15.06,19.47,12.27,22.44,20.09,15.7,14.66,13.14
2024-10-24,15.73,19.23,17.7,17.44,26.28,17.81,19.36,12.94,16.29,18.76,16.44,18.36,16.64,16.96,14.72,36.37,14.7,17.75,13.43,13.32,23.11,15.17,14.77,19.62,12.13,22.64,20.1,15.9,13.41,13.16
2024-10-25,15.78,16.03,17.88,18.03,25.68,17.35,18.91,13.33,15.5,19.02,16.35,19.09,16.69,17.17,15.18,35.47,14.82,17.93,13.6,14.61,23.31,15.81,14.88,19.71,11.85,23.0,20.1,16.25,13.0,13.13
2024-10-28,15.89,15.37,17.18,18.19,25.98,16.57,18.88,13.72,15.23,19.09,15.72,19.35,16.82,17.49,15.4,34.46,14.85,18.07,13.79,14.76,24.38,16.02,15.04,19.81,11.37,23.15,20.25,16.36,12.67,12.42
2024-10-29,15.62,15.28,17.24,17.85,27.77,16.33,19.2,13.74,15.28,18.75,15.59,19.06,17.24,17.67,15.41,34.29,14.75,18.01,13.71,15.34,24.13,15.89,15.1,19.63,11.38,22.87,19.95,16.1,12.77,12.49
2024-10-30,15.72,15.73,17.05,17.92,27.85,19.63,18.69,13.72,14.87,18.59,15.28,19.04,17.2,17.45,16.68,34.02,14.91,17.66,14.14,15.69,24.0,16.24,15.21,19.59,11.4,22.76,20.05,16.01,13.66,12.26
2024-10-31,15.33,16.14,17.76,17.94,27.75,19.38,18.86,13.62,13.33,18.11,15.2,19.03,16.79,17.39,16.6,32.28,14.88,17.78,13.97,15.72,23.98,18.49,15.28,19.92,11.45,22.76,20.05,17.19,14.01,12.33
2024-11-01,15.53,16.18,17.9,17.74,28.34,19.33,17.66,14.15,13.87,18.29,15.39,19.18,16.83,17.61,16.26,34.98,14.84,17.76,13.87,15.62,23.97,18.13,15.5,18.31,11.46,22.74,18.95,17.84,14.43,12.38
2024-11-04,15.42,16.54,17.81,17.36,28.86,19.66,18.01,14.51,13.72,18.45,16.11,19.19,16.47,17.73,16.2,35.12,15.22,17.95,14.12,15.74,24.81,18.28,15.66,18.23,11.54,22.87,19.57,18.29,14.59,12.31
2024-11-05,15.29,16.69,17.84,17.36,29.67,19.99,17.82,14.45,13.7,18.27,16.05,20.8,16.79,18.54,16.24,35.8,15.44,19.26,14.35,15.98,25.27,18.16,15.78,17.95,12.53,22.44,19.81,18.0,14.43,12.41
2024-11-06,15.41,17.09,19.36,18.38,31.72,21.05,17.86,14.88,13.79,16.95,17.25,22.42,17.11,19.35,16.29,36.49,15.65,20.56,14.58,16.21,25.73,18.04,15.91,17.68,13.52,21.05,20.18,18.29,14.65,14.16
2024-11-07,15.5,17.17,19.82,18.7,32.2,21.08,17.31,14.95,13.71,16.6,17.38,22.79,17.39,18.66,16.35,35.61,15.83,21.85,14.7,16.19,25.83,18.03,15.83,17.56,13.58,20.84,20.27,18.48,14.72,14.23
2024-11-08,15.0,16.91,19.53,18.78,32.15,21.25,19.07,14.43,13.32,15.99,19.51,22.85,16.92,17.6,15.78,35.73,15.83,21.56,14.65,16.68,25.91,18.15,15.72,17.3,14.2,20.45,20.41,18.49,14.99,14.38
2024-11-11,15.58,16.56,19.84,18.7,32.54,21.49,22.47,14.81,13.39,16.14,20.01,23.14,17.08,18.54,15.64,37.37,16.39,20.08,14.9,17.07,26.56,18.88,16.42,17.48,14.53,20.44,21.45,18.5,15.17,14.76
2024-11-12,15.36,24.31,19.69,18.74,32.45,21.36,22.79,14.62,13.44,16.18,20.59,22.9,18.04,21.38,15.75,37.58,16.39,19.75,14.7,16.89,26.97,19.02,16.42,17.42,14.31,20.1,21.25,18.27,14.9,14.63
2024-11-13,15.51,24.82,20.32,18.78,33.27,20.99,23.28,15.27,14.46,16.89,20.59,23.0,18.12,21.58,15.71,38.46,16.56,19.51,14.62,16.65,27.05,19.11,16.97,17.28,14.16,19.65,21.17,18.96,14.84,14.71
2024-11-14,15.27,25.09,20.46,18.62,33.08,20.94,24.7,15.9,14.35,20.09,20.52,21.54,18.18,21.76,15.71,37.25,13.96,19.42,14.48,16.58,26.99,19.09,17.06,17.13,14.07,19.61,19.66,18.69,14.76,14.73
2024-11-15,15.32,26.26,21.74,18.72,33.08,20.82,24.53,15.13,14.45,20.92,20.54,21.36,18.28,21.71,16.12,36.85,14.44,19.7,14.89,17.74,26.98,20.03,17.4,17.26,14.62,19.73,18.4,19.18,13.45,14.64
2024-11-18,15.84,26.8,21.79,17.54,34.81,20.99,25.17,15.31,14.58,21.35,20.92,21.94,19.01,21.84,16.48,38.1,15.13,20.35,14.74,18.28,27.52,20.69,17.67,17.85,14.41,16.7,18.44,19.87,13.62,14.88
2024-11-19,15.78,26.55,22.27,17.55,34.32,20.69,25.21,15.16,14.4,21.08,20.66,21.68,19.21,21.47,16.6,37.41,15.0,20.11,14.76,18.13,26.96,20.79,17.55,17.71,14.2,16.5,18.36,19.52,13.52,15.56
2024-11-20,16.06,27.23,22.34,16.96,33.87,21.0,25.19,15.36,14.31,21.49,20.49,21.45,18.56,21.53,17.23,37.4,14.68,20.57,14.81,18.12,26.83,20.51,17.67,17.52,13.85,15.71,19.38,19.5,13.8,15.72
2024-11-21,16.24,27.29,23.18,17.27,34.5,21.9,26.47,15.18,14.27,21.8,21.46,22.0,19.05,21.65,18.42,37.76,15.12,20.41,14.74,18.42,22.04,21.64,17.26,18.43,14.15,16.02,19.35,17.54,13.92,15.83
2024-11-22,15.07,27.51,22.55,18.13,34.27,22.2,26.5,15.65,14.2,22.2,21.56,22.09,19.19,21.58,19.1,37.21,14.98,20.93,13.55,16.96,20.01,22.29,17.06,18.69,14.63,15.81,19.16,17.33,14.01,16.0
2024-11-25,15.24,28.05,22.77,17.84,34.7,22.4,27.32,15.57,14.71,22.31,21.22,21.68,19.37,20.67,18.8,37.55,14.69,21.17,13.46,16.17,20.03,22.53,17.41,18.75,14.99,15.25,19.62,17.16,14.15,16.71
2024-11-26,15.02,32.27,23.08,17.74,34.2,22.14,26.83,15.4,14.5,21.86,21.7,21.72,20.14,20.33,18.63,37.97,14.61,20.79,13.28,15.89,20.33,22.42,17.7,18.64,14.87,15.22,19.44,17.12,13.96,16.95
2024-11-27,14.99,32.33,23.12,17.76,33.84,22.47,27.22,15.48,14.59,22.16,21.65,21.6,20.14,20.22,18.85,38.19,14.8,20.74,13.32,16.02,19.51,22.61,17.67,18.9,14.92,15.34,19.66,17.09,14.48,17.02
2024-11-29,15.21,32.91,23.36,17.85,32.72,19.99,27.39,15.45,14.49,22.34,21.77,21.84,19.76,20.14,17.93,38.47,14.75,20.54,12.92,15.14,19.48,22.79,17.81,18.75,15.04,15.28,19.91,17.41,13.57,17.2
2024-12-02,14.57,33.44,23.11,18.2,32.14,20.25,27.34,14.85,13.94,22.64,22.22,21.93,20.06,20.39,17.77,39.59,14.99,20.95,13.09,15.3,19.56,21.17,18.0,18.71,15.32,15.12,20.58,15.93,12.63,17.31
2024-12-03,14.6,32.84,22.96,17.96,31.51,20.3,27.3,14.55,13.8,22.33,21.94,21.71,19.9,20.66,17.48,40.4,15.02,20.78,13.23,15.28,19.48,21.0,17.71,18.86,15.83,15.17,20.43,15.91,12.69,17.15
2024-12-04,14.52,32.87,23.09,17.9,31.98,20.2,27.74,14.39,14.54,22.37,22.33,21.65,19.34,20.75,17.82,39.92,14.95,20.5,13.87,15.41,19.1,20.85,17.86,18.85,15.81,15.0,20.55,16.68,12.86,17.31
2024-12-05,14.43,32.89,23.2,17.63,30.99,19.75,28.05,14.22,14.48,22.26,22.86,21.12,19.15,20.53,17.84,41.24,14.78,20.53,14.03,15.4,20.09,21.46,17.97,18.78,15.79,15.12,23.38,16.61,12.75,17.24
2024-12-06,13.87,32.69,22.39,16.36,29.23,18.74,28.02,13.66,14.92,22.16,22.01,17.74,18.46,19.17,17.8,40.42,14.25,17.25,13.22,14.88,18.88,20.93,17.39,19.09,14.1,14.66,26.79,16.51,12.3,15.03
2024-12-09,14.52,33.59,22.59,16.53,30.64,18.42,27.7,14.06,15.53,23.03,21.41,17.1,18.62,19.36,20.03,40.07,14.53,15.68,13.65,14.9,19.22,21.61,17.71,19.65,13.82,16.62,27.58,17.05,12.38,15.81
2024-12-10,14.37,33.04,22.49,17.16,31.31,18.73,27.45,13.96,15.61,22.59,21.26,17.26,18.4,19.43,20.43,40.17,14.6,16.06,13.95,15.33,19.37,21.97,17.69,19.57,13.97,17.17,27.21,16.87,12.81,15.76
2024-12-11,14.34,33.11,22.57,17.25,31.31,18.48,25.07,13.68,15.48,22.32,21.49,17.01,18.46,19.37,20.64,38.58,14.47,15.93,14.25,15.66,19.09,21.62,17.39,20.54,14.02,17.52,28.34,16.94,12.96,15.66
2024-12-12,14.42,27.56,22.51,16.96,30.85,18.79,24.62,14.07,15.46,22.07,20.61,16.82,17.72,15.68,20.5,38.8,14.24,15.98,14.29,15.62,17.81,21.9,17.32,20.63,14.07,17.67,29.19,16.81,12.93,15.86
2024-12-13,14.2,27.11,22.1,16.93,29.8,18.69,24.99,13.25,14.49,21.5,20.94,16.76,17.56,15.48,20.62,38.03,14.21,15.94,14.26,15.6,17.57,22.06,16.66,20.71,14.15,17.7,29.76,16.13,12.87,16.08
2024-12-16,14.23,26.45,21.06,16.94,31.49,18.88,23.86,12.28,15.82,15.95,21.05,16.39,17.78,16.73,20.55,39.88,14.2,15.74,14.69,14.54,17.79,21.56,16.24,21.13,13.75,17.82,31.59,17.28,12.88,16.35
2024-12-17,14.28,26.15,21.02,16.69,31.12,18.63,23.77,12.4,15.64,16.68,20.85,16.34,17.48,17.36,20.19,39.22,14.49,15.51,14.91,14.65,17.58,21.25,16.06,21.02,13.62,17.6,31.97,17.14,12.8,16.16
2024-12-18,14.69,26.77,23.14,20.42,30.75,21.13,26.17,12.87,16.7,18.34,21.67,20.53,19.16,18.83,21.63,41.12,14.22,17.1,15.04,15.43,18.53,21.93,17.36,21.12,13.37,19.23,32.97,17.1,14.86,17.02
2024-12-19,14.91,27.27,22.34,20.45,31.16,21.64,26.03,12.94,17.46,18.33,22.82,20.86,19.27,19.78,21.44,41.55,14.23,17.21,14.89,15.36,18.71,21.82,17.37,21.27,13.67,19.32,33.58,17.19,15.12,16.26
2024-12-20,16.39,26.91,23.1,21.65,31.95,22.73,27.47,13.65,17.65,18.16,23.8,21.71,19.73,20.08,21.56,42.18,14.63,17.75,14.75,15.95,20.07,21.65,18.5,22.7,13.85,20.24,33.26,17.16,15.42,16.65
2024-12-23,16.19,26.83,22.19,20.84,30.96,21.63,26.64,13.26,18.1,17.59,23.1,21.52,19.09,20.14,20.18,42.84,13.98,17.47,15.17,15.98,20.05,20.15,18.18,22.98,13.24,20.02,33.94,16.53,15.63,17.01
2024-12-24,15.98,26.3,21.83,20.71,30.47,21.29,26.12,13.46,17.85,17.4,22.88,21.4,18.87,19.93,19.88,42.06,13.81,17.31,15.06,15.79,19.9,19.75,17.93,22.52,13.1,19.68,33.2,16.33,15.5,17.43
2024-12-26,16.05,20.13,21.25,20.98,30.99,21.31,26.05,13.52,17.76,17.7,22.25,20.97,17.84,20.44,19.97,41.75,13.74,17.16,15.09,15.83,19.22,19.29,17.48,22.6,13.25,19.6,33.59,16.11,15.6,16.69
2024-12-27,16.63,19.96,21.64,21.17,30.85,21.05,25.85,13.47,17.64,17.14,22.51,21.1,17.86,20.35,19.64,41.35,13.75,17.29,15.04,15.73,18.82,19.07,17.83,22.47,13.23,19.66,33.45,16.24,15.11,16.83
2024-12-30,16.43,19.6,21.77,21.44,31.74,21.11,26.0,13.79,17.59,17.36,22.63,21.4,18.03,20.13,19.79,41.11,13.89,17.49,15.12,15.68,18.91,19.01,17.7,22.52,13.44,19.77,33.52,16.26,15.24,16.87
2024-12-31,16.35,19.25,21.63,21.04,31.25,20.73,25.54,13.63,17.41,17.02,22.52,21.02,17.74,19.72,19.47,40.48,13.69,17.2,14.91,15.42,18.59,18.7,17.53,22.42,13.25,19.46,32.86,16.07,14.96,16.59
2025-01-02,17.28,19.39,22.46,21.22,33.28,21.29,26.31,14.33,17.69,17.16,23.26,21.56,17.76,19.31,20.2,35.75,13.83,16.95,15.09,15.78,18.98,18.82,17.76,23.95,12.73,19.5,33.34,15.92,15.6,16.74
2025-01-03,17.21,19.0,22.35,21.54,32.69,21.3,25.43,14.48,16.96,17.16,22.45,21.74,17.92,19.12,20.02,35.62,13.67,17.21,14.35,15.79,18.74,18.84,17.57,23.88,12.9,19.51,33.2,14.64,15.57,16.63
2025-01-06,17.76,19.0,21.83,22.08,32.5,21.71,26.02,15.14,17.19,17.78,22.02,22.5,18.04,19.74,20.28,35.22,13.94,17.92,14.35,15.62,17.15,18.68,17.97,24.57,13.11,19.91,28.17,15.1,15.85,17.25
2025-01-07,17.7,19.12,22.27,22.17,32.1,21.36,25.97,14.92,17.25,17.94,21.88,23.12,18.24,19.48,20.11,34.65,14.57,17.88,14.5,15.98,17.32,19.21,18.19,24.33,13.02,19.64,27.67,15.98,15.67,17.17
2025-01-08,17.34,18.52,22.11,21.59,30.82,20.75,25.41,14.88,17.27,17.56,20.82,23.1,18.26,19.42,18.14,34.76,15.44,17.83,14.37,15.61,17.49,19.27,18.01,23.88,12.58,18.28,27.47,15.57,15.45,16.52
2025-01-10,18.38,18.26,22.3,21.85,30.42,21.36,25.49,14.95,17.89,18.68,20.46,24.15,18.75,18.82,18.04,35.13,15.77,18.06,13.81,15.25,17.89,18.39,18.49,23.29,12.8,19.21,26.88,15.86,15.47,16.69
2025-01-13,19.09,19.8,22.46,22.67,31.07,22.25,25.09,14.9,18.51,19.25,21.38,24.64,19.02,22.19,18.59,34.46,16.29,18.75,14.35,15.54,20.0,17.88,18.74,24.01,12.97,19.71,25.94,16.06,15.87,16.57
2025-01-14,18.89,20.03,22.57,22.24,31.68,22.03,25.07,14.67,18.35,18.93,20.95,24.2,18.69,22.4,18.44,34.48,16.13,18.91,14.23,15.82,20.15,18.23,18.85,23.93,12.85,20.03,25.46,15.92,15.56,16.48
2025-01-15,19.07,19.63,22.24,23.16,29.92,22.11,25.67,14.72,17.38,19.03,20.93,24.66,18.54,21.62,18.37,33.12,15.36,20.65,13.64,15.71,20.21,17.78,19.24,23.4,12.91,20.01,23.46,14.3,15.63,16.21
2025-01-16,20.95,19.29,22.17,23.2,29.94,22.26,25.77,14.53,17.38,18.63,21.22,24.71,18.71,21.2,18.95,33.3,15.88,20.92,13.41,15.63,20.58,17.62,19.22,23.18,12.82,19.97,25.01,14.12,15.6,16.44
2025-01-17,20.48,18.84,19.57,19.66,28.81,19.73,23.01,14.04,16.41,16.28,20.24,21.21,16.46,20.19,16.95,30.9,15.79,20.27,13.25,14.71,19.69,17.09,17.9,22.47,13.0,18.46,24.69,13.82,13.44,15.42
2025-01-21,19.48,17.51,18.96,18.3,28.17,18.54,21.24,13.39,16.29,16.52,17.5,21.82,15.2,19.38,16.68,29.91,15.64,19.54,13.45,14.24,19.72,17.39,16.53,21.73,12.6,17.23,23.85,14.37,12.43,15.42
2025-01-22,19.88,17.36,19.17,18.33,27.5,18.54,21.39,13.24,16.34,16.45,17.57,21.57,15.44,19.34,16.96,29.73,16.24,19.4,12.9,14.22,20.78,17.64,17.32,20.94,13.2,18.48,23.74,14.91,12.22,14.45
2025-01-23,20.27,17.76,19.32,18.08,27.87,19.54,21.59,13.08,16.43,17.0,17.39,21.46,15.44,19.29,16.95,29.61,16.75,19.31,12.74,14.39,20.63,18.11,17.3,21.82,13.68,18.75,24.17,14.77,12.32,13.75
2025-01-24,20.16,17.55,19.08,19.08,28.14,19.15,21.48,12.82,16.29,17.4,17.23,21.27,15.2,19.63,16.76,29.63,16.41,19.1,12.57,14.27,20.24,18.04,17.03,21.44,13.8,18.52,23.9,16.06,12.19,13.86
2025-01-27,21.55,18.56,21.09,19.45,28.72,20.0,26.1,16.07,16.55,18.22,17.3,21.74,16.59,20.52,17.3,30.87,18.38,19.49,13.96,15.4,20.69,19.22,17.82,22.81,14.64,19.79,24.71,16.61,13.14,15.09
2025-01-28,22.72,18.27,21.74,19.57,32.96,20.31,27.35,15.81,16.92,17.94,17.48,21.31,16.5,20.47,17.29,30.76,18.3,19.09,14.89,15.36,20.65,19.39,19.29,22.6,14.96,19.62,24.3,16.34,13.19,14.9
2025-01-29,23.23,18.32,21.62,19.49,34.67,20.49,27.54,15.84,16.92,17.89,17.4,21.33,16.97,20.48,17.73,30.82,18.26,19.23,14.97,15.43,20.6,19.57,19.34,23.74,14.78,19.8,24.29,16.77,13.02,14.87
2025-01-30,23.22,18.44,21.86,19.76,35.25,20.83,27.84,15.96,16.86,18.23,20.23,21.38,17.08,20.62,21.66,31.19,18.58,19.27,15.25,15.43,20.86,19.6,19.75,23.89,14.81,20.08,24.55,17.81,13.37,15.1
2025-01-31,25.71,18.32,21.58,19.7,35.1,20.66,27.75,15.76,18.3,17.93,20.28,21.25,16.94,20.36,21.58,32.07,18.18,19.03,14.97,15.31,20.72,19.37,19.47,23.99,14.55,20.04,24.12,17.71,14.29,14.98
2025-02-03,26.15,18.77,21.55,20.05,34.22,20.65,28.17,16.55,18.83,19.18,21.84,21.45,17.76,20.9,23.09,33.76,18.51,19.5,15.32,15.68,21.24,20.02,19.3,24.39,15.17,21.22,24.55,18.47,14.17,16.63
2025-02-04,26.18,18.82,21.38,19.75,33.57,21.0,27.94,16.41,19.5,19.12,22.64,21.1,17.64,20.51,23.24,33.39,18.6,19.15,15.55,15.37,21.26,21.62,18.93,24.48,15.27,20.92,24.1,18.06,13.98,16.42
2025-02-05,26.25,22.82,21.23,19.8,34.1,20.73,27.87,16.73,18.97,24.38,22.79,20.81,17.71,20.39,23.27,32.36,18.49,18.71,15.41,15.39,21.5,22.21,18.5,24.45,15.08,20.61,24.87,17.81,14.04,16.45
2025-02-06,26.18,23.95,20.46,19.49,34.0,20.73,27.83,16.83,19.42,24.87,22.72,19.75,17.21,22.14,24.61,32.45,17.84,18.86,15.19,15.42,21.18,21.75,17.96,26.44,15.07,20.64,25.25,17.01,14.01,16.23
2025-02-07,26.72,24.21,21.14,19.42,34.14,20.9,28.34,16.83,19.08,24.63,22.63,19.8,17.17,23.51,24.64,32.36,16.9,18.81,15.06,15.46,21.16,21.26,18.57,27.17,14.95,20.52,24.63,16.98,13.93,16.59
2025-02-10,26.12,24.39,20.98,20.37,33.54,20.2,28.18,16.93,18.61,24.52,23.01,19.51,16.86,23.6,24.42,32.58,16.55,18.98,15.08,16.01,20.8,21.4,18.06,27.46,14.34,19.02,24.05,16.68,13.58,16.66
2025-02-11,26.27,24.75,20.69,20.08,33.15,19.81,27.7,16.66,18.48,24.07,22.56,19.12,16.57,23.31,24.36,37.63,16.48,19.18,15.23,16.04,20.45,21.1,17.7,27.15,14.5,18.91,24.62,16.68,13.7,16.38
2025-02-12,26.49,23.81,20.68,19.73,33.93,19.18,28.1,17.06,18.34,24.04,21.9,19.15,16.45,20.77,24.18,40.34,16.1,18.74,15.9,16.02,18.94,20.77,17.72,27.34,14.57,18.78,24.88,16.69,13.79,16.54
2025-02-13,26.95,23.48,20.15,19.71,32.91,19.25,27.95,20.85,18.52,24.01,22.03,19.26,16.51,20.17,24.27,43.45,16.46,18.3,15.89,15.91,18.54,20.41,17.3,27.48,14.64,18.23,24.85,16.82,14.03,16.57
2025-02-14,26.93,23.5,20.13,18.83,32.73,19.33,27.36,21.36,18.58,23.87,22.31,18.85,16.88,20.09,24.24,47.48,16.37,16.41,16.04,15.77,18.53,21.33,16.68,27.37,17.37,18.72,24.76,16.68,13.83,16.79
2025-02-18,25.97,23.5,20.62,19.12,33.41,19.57,27.48,22.4,18.78,23.97,23.36,18.67,17.32,20.47,24.43,53.78,15.81,15.05,16.22,15.73,18.22,22.08,16.74,29.23,18.07,18.79,22.32,16.89,13.99,16.83
2025-02-19,25.46,23.12,20.33,18.97,33.17,19.27,27.17,21.96,18.59,23.91,23.02,18.38,17.16,20.32,24.08,52.94,16.13,14.86,16.09,15.63,18.06,22.61,16.81,28.85,17.75,18.61,22.5,16.92,13.76,16.76
2025-02-20,25.11,22.82,20.08,20.24,33.23,19.08,27.1,21.89,18.05,23.71,23.1,20.3,16.89,20.06,23.81,54.28,16.41,17.48,15.91,15.71,16.87,22.38,16.96,28.3,18.74,18.66,22.22,16.7,14.07,17.75
2025-02-21,24.95,23.4,21.34,21.4,34.24,20.77,27.82,22.01,18.04,24.67,23.38,21.69,17.98,20.21,23.69,55.13,16.59,18.0,16.35,15.82,17.09,22.81,16.9,28.49,19.04,17.65,26.21,17.02,14.33,18.43
2025-02-24,25.14,24.25,21.96,21.07,34.67,20.96,28.64,22.78,18.09,24.86,23.71,22.89,18.62,20.45,24.21,56.91,16.7,19.23,17.03,16.25,17.5,23.69,17.75,29.06,19.17,18.96,26.57,16.72,14.32,19.13
2025-02-25,24.9,24.25,23.3,21.5,34.44,21.01,28.45,22.64,18.26,24.84,23.35,23.91,20.24,20.14,24.22,57.13,16.6,20.31,16.89,16.06,17.36,23.87,17.54,28.78,19.09,19.21,27.56,16.47,14.52,20.29
2025-02-26,24.29,24.29,22.13,21.37,35.33,21.05,25.36,20.79,18.25,25.08,23.73,23.77,20.07,19.62,24.07,56.62,15.16,20.35,16.09,16.78,19.96,23.9,17.3,28.26,18.65,18.5,27.98,16.57,13.85,20.27
2025-02-27,23.3,24.74,23.88,21.57,31.47,20.95,24.95,21.26,18.16,25.24,23.56,24.41,20.17,19.42,24.07,57.47,14.98,20.78,15.36,17.24,20.38,23.74,16.87,28.47,18.38,18.73,28.16,16.6,14.42,20.7
2025-02-28,25.03,24.83,24.24,21.71,28.37,20.84,25.38,21.41,18.68,25.66,23.64,24.97,19.9,19.57,24.06,59.47,15.31,21.13,15.41,17.38,21.08,23.74,17.6,27.84,18.61,18.62,28.42,16.97,15.52,20.91
2025-03-03,23.41,25.26,26.75,22.74,29.28,23.5,26.32,22.31,20.6,26.75,26.01,27.23,20.75,20.19,21.85,63.79,15.45,22.39,17.2,18.15,21.75,24.21,18.43,28.64,19.16,18.46,29.08,16.46,14.96,21.77
2025-03-04,23.33,25.17,27.83,24.5,32.26,24.45,26.57,22.19,20.88,27.16,25.73,28.98,20.83,20.25,22.17,64.79,16.16,23.76,18.63,18.58,22.55,24.57,19.03,28.4,20.48,18.85,28.93,17.91,15.7,21.97
2025-03-05,23.58,25.44,28.09,24.28,32.48,24.86,26.31,21.87,21.05,26.77,26.16,29.39,20.68,20.29,21.12,65.02,16.41,23.61,18.4,18.26,22.44,25.05,19.91,27.18,20.11,18.1,28.73,17.79,15.46,21.12
2025-03-06,23.22,25.4,28.86,24.78,32.84,24.85,27.5,22.06,20.73,27.5,25.64,30.33,20.76,20.5,20.82,65.78,16.09,23.95,18.19,18.79,22.19,23.89,20.41,26.91,20.08,18.25,29.44,19.06,16.15,21.41
2025-03-07,23.59,22.82,30.51,25.58,34.39,25.78,28.63,22.51,21.23,23.43,25.78,31.35,21.47,20.46,24.7,66.05,16.65,24.69,19.14,20.4,23.73,24.27,20.93,26.65,20.64,18.39,29.35,20.8,16.55,22.2
2025-03-10,25.66,22.75,31.15,27.21,34.93,26.74,28.71,23.62,21.55,23.46,26.73,33.11,22.29,17.66,25.26,67.99,17.16,26.0,20.09,21.37,25.3,24.79,21.26,26.62,21.54,19.42,30.72,21.69,17.26,23.9
2025-03-11,26.25,23.24,31.23,27.11,36.57,26.64,28.73,23.89,22.07,24.1,27.47,32.89,22.36,18.51,26.23,66.85,16.98,26.07,20.05,22.2,25.28,24.52,21.33,26.86,21.47,19.53,30.26,22.03,17.96,23.89
2025-03-12,26.87,23.34,31.62,26.56,37.18,27.13,28.99,23.97,22.23,24.46,27.77,33.0,22.89,18.32,26.65,66.96,16.93,26.37,20.0,22.48,25.67,24.41,21.48,26.55,21.89,20.18,30.2,23.55,18.33,25.71
2025-03-13,27.37,22.55,32.37,27.19,37.27,27.62,30.37,24.27,22.22,25.01,29.13,33.71,24.85,18.18,26.69,65.02,16.78,26.33,19.83,22.6,26.62,25.07,21.84,26.98,21.7,20.4,29.53,23.81,18.76,25.92
2025-03-14,27.14,22.58,32.44,27.72,36.35,27.44,30.17,23.96,22.61,25.04,29.14,34.14,24.8,18.35,27.16,63.55,16.89,26.7,19.09,22.67,26.99,25.14,22.36,27.03,21.68,20.99,29.19,23.97,19.02,25.85
2025-03-17,27.36,23.09,33.43,28.43,37.12,27.75,30.74,20.67,22.79,25.68,29.59,35.16,24.94,18.54,27.75,60.85,16.74,27.58,19.28,23.06,27.92,25.09,23.06,27.45,20.04,21.19,30.15,24.49,19.6,27.06
2025-03-18,26.94,22.7,33.0,28.03,36.5,27.39,30.19,20.55,22.43,25.19,29.0,34.42,24.62,18.28,27.79,59.95,16.52,27.02,19.0,22.58,27.5,24.72,22.76,27.1,19.84,21.34,29.62,24.29,19.25,26.92
2025-03-19,26.74,22.46,32.52,28.58,37.33,26.95,29.71,20.39,22.39,24.8,28.57,34.3,24.26,18.24,27.74,59.4,16.36,27.15,18.73,22.26,27.17,24.46,22.44,26.67,19.48,21.04,29.05,23.89,19.21,26.44
2025-03-20,27.05,22.38,32.95,28.82,37.16,27.0,29.76,19.72,22.43,24.87,27.87,34.65,24.48,17.89,28.7,54.59,16.18,27.4,18.64,22.28,27.31,23.85,22.79,25.97,19.36,21.11,28.37,23.85,19.25,26.54
2025-03-21,27.88,22.46,33.16,28.91,39.47,27.2,30.0,19.89,22.33,24.79,27.86,35.04,24.65,17.7,29.06,55.11,15.64,27.76,19.17,22.38,27.38,23.15,22.94,27.82,19.88,21.15,28.37,23.79,19.32,26.57
2025-03-24,28.44,22.27,33.02,27.68,39.17,25.97,29.47,19.89,22.71,24.19,28.32,32.92,24.75,17.79,29.61,53.98,14.72,26.39,19.17,22.57,27.35,22.8,22.86,28.58,18.59,21.25,25.21,23.76,19.56,25.7
2025-03-25,28.03,22.87,32.4,27.17,38.46,25.48,28.99,19.5,22.43,23.79,28.36,32.31,24.35,17.58,29.01,53.01,15.09,26.01,18.79,22.26,26.9,25.23,22.41,28.46,18.58,21.18,24.8,23.43,19.33,25.9
2025-03-26,28.1,22.25,32.58,27.35,38.35,25.38,29.15,19.17,22.43,23.53,28.46,32.37,24.08,17.33,29.08,53.02,14.86,25.5,18.84,22.25,26.85,24.8,22.12,28.29,18.8,20.18,24.65,23.16,19.4,25.42
2025-03-27,28.08,21.75,31.66,26.91,38.12,25.15,28.9,18.83,22.15,23.13,28.67,31.66,22.57,17.35,28.85,51.99,14.94,24.5,18.79,22.45,27.37,24.26,22.1,28.43,18.65,19.81,23.11,23.44,19.52,24.42
2025-03-28,28.21,21.22,32.22,27.61,37.74,25.4,29.12,19.11,22.06,23.04,28.89,32.66,22.29,17.75,29.04,52.5,14.73,25.28,19.36,21.44,26.05,24.26,22.53,29.43,18.67,19.77,22.31,23.16,20.32,23.93
2025-03-31,27.94,21.7,31.44,28.79,38.82,26.0,28.67,19.25,21.81,23.59,30.13,33.01,24.09,17.81,29.88,50.84,14.54,25.91,19.78,21.92,26.48,24.62,21.85,29.59,18.95,19.73,22.07,23.11,21.96,25.49
2025-04-01,27.65,21.79,31.55,28.46,38.8,25.92,28.26,19.09,21.52,23.33,29.7,33.0,23.72,17.81,29.77,50.45,18.1,25.63,19.43,21.56,26.62,25.12,21.97,29.5,18.66,19.56,21.74,22.68,21.95,25.22
2025-04-02,27.09,21.99,31.57,28.72,37.82,24.36,27.69,18.5,18.75,22.78,26.37,33.09,23.74,17.59,29.46,46.04,18.1,25.23,18.3,21.22,26.2,25.26,21.45,28.7,18.64,19.57,21.35,22.65,21.81,25.04
2025-04-03,27.4,22.08,31.2,29.06,37.17,26.2,27.62,20.25,19.29,25.55,29.63,32.11,23.73,19.5,29.61,50.76,17.66,24.51,17.11,21.2,26.4,25.15,21.03,30.6,17.43,19.26,21.87,21.74,22.63,25.8
2025-04-04,29.73,24.65,33.7,30.17,41.29,26.92,28.6,22.63,22.95,27.21,32.48,34.18,25.03,23.93,31.44,55.07,19.47,25.55,19.24,23.35,29.49,27.37,21.65,38.89,21.03,24.14,23.87,25.32,26.53,27.97
2025-04-07,36.9,26.36,41.64,35.25,46.04,32.7,32.63,26.73,25.88,31.02,39.3,39.99,27.51,27.64,33.19,58.55,20.51,31.7,21.01,24.07,34.91,28.29,25.97,41.7,21.63,26.7,24.6,25.53,30.54,31.78
2025-04-08,43.26,28.31,45.29,38.34,47.35,36.22,34.81,28.66,28.9,33.72,47.28,42.54,30.5,29.27,35.41,64.21,21.4,33.76,21.55,25.17,36.95,31.21,28.58,47.0,22.72,27.39,27.56,26.0,33.14,34.21
2025-04-09,52.41,32.3,51.61,49.16,57.57,42.63,40.69,34.98,34.53,42.23,60.01,52.17,34.82,36.28,39.16,74.39,26.58,40.72,22.9,26.24,43.51,34.46,35.65,52.48,24.41,30.77,29.04,28.39,37.49,37.85
2025-04-10,53.37,34.46,52.6,50.83,57.07,44.26,41.55,36.03,37.05,43.89,61.57,53.22,35.65,37.41,39.32,75.86,27.72,41.35,23.44,26.18,44.54,36.76,36.38,55.22,24.63,31.38,29.73,28.54,38.5,38.43
2025-04-11,54.86,34.99,52.95,51.07,57.02,44.61,41.85,36.3,37.68,43.77,63.1,53.5,35.7,38.16,39.81,77.25,28.18,42.57,23.56,25.69,44.8,37.48,36.71,55.72,25.04,31.29,30.26,27.56,39.28,37.87
2025-04-14,56.63,36.28,54.36,51.71,58.29,45.45,41.75,37.04,38.59,44.66,64.46,54.24,35.14,38.96,40.17,78.52,29.02,43.35,24.32,26.13,45.33,37.94,37.29,56.8,25.95,31.37,30.89,27.95,39.84,38.84
2025-04-15,55.45,35.55,53.34,50.7,57.16,44.87,40.86,36.31,37.87,43.78,63.45,53.2,34.65,38.28,39.34,77.0,28.88,42.65,23.89,25.77,44.42,37.51,36.66,55.68,25.45,30.77,30.41,27.4,39.02,38.23
2025-04-16,55.89,36.58,53.87,51.08,57.28,45.11,41.36,36.69,37.94,44.2,63.7,53.25,34.98,38.65,39.58,76.04,29.15,42.7,23.95,25.93,44.67,37.91,37.21,55.84,25.64,31.28,30.08,27.9,39.16,38.44
2025-04-17,55.97,37.26,53.87,51.4,57.78,45.11,41.4,36.58,38.24,44.51,63.84,53.56,35.19,38.72,39.29,75.85,29.85,42.77,24.29,26.15,44.74,38.07,37.28,56.38,25.96,31.2,35.18,27.89,39.27,38.42
2025-04-21,57.95,39.13,55.86,53.67,57.58,47.26,43.5,38.4,40.07,46.6,66.87,55.39,36.86,40.3,40.08,78.42,31.28,44.07,25.11,27.17,47.24,39.55,38.73,58.66,27.32,33.43,38.66,29.82,41.63,40.33
2025-04-22,56.85,38.32,55.24,52.69,56.5,46.34,43.1,37.57,39.42,45.72,65.55,54.28,36.13,39.58,39.32,76.89,30.7,43.21,24.84,27.14,47.34,38.77,38.07,57.64,27.18,33.75,38.38,30.91,41.14,39.72
2025-04-23,57.03,38.6,55.71,53.3,56.89,46.81,43.56,37.93,39.67,46.09,66.85,54.92,36.12,39.79,39.54,76.89,30.83,43.45,25.14,27.25,48.26,39.05,38.17,57.95,27.47,33.97,38.96,31.07,41.18,39.95
2025-04-24,57.22,38.37,56.12,53.81,57.64,47.37,43.88,38.25,39.66,46.72,68.27,55.58,36.16,40.09,40.19,76.98,30.65,43.84,25.3,27.3,48.67,38.57,38.8,57.95,27.77,34.05,38.96,31.06,41.21,39.82
2025-04-25,57.17,38.47,55.99,53.65,57.47,47.18,43.5,38.23,39.7,46.63,68.49,55.12,36.14,39.96,40.5,76.81,30.74,43.77,25.46,27.33,48.65,40.58,38.85,58.02,27.85,34.08,39.17,31.53,41.21,40.01
2025-04-28,58.27,39.4,56.93,54.48,58.38,48.07,44.25,39.02,40.59,47.52,70.23,55.75,36.88,40.73,41.25,78.43,31.34,44.47,25.53,27.69,49.13,41.19,39.27,58.67,28.39,34.6,40.16,32.08,41.61,40.93
2025-04-29,57.0,39.26,55.77,53.35,57.08,47.07,43.26,38.2,39.67,46.57,68.85,54.53,36.15,40.13,40.39,76.8,30.8,43.5,25.9,27.13,48.08,40.85,38.41,57.37,28.01,33.9,39.7,31.54,40.77,40.13
2025-04-30,56.72,38.98,55.69,53.22,57.13,47.57,42.89,38.15,39.99,46.49,68.68,54.48,35.32,40.47,40.4,76.52,30.94,43.28,26.07,26.99,47.89,40.92,38.57,57.61,28.07,34.18,40.01,31.64,40.21,39.54
2025-05-01,56.82,38.87,55.41,53.25,56.6,47.56,42.93,38.11,40.11,46.42,68.67,54.23,35.31,40.32,40.13,76.33,28.83,43.41,26.09,27.34,47.62,40.39,38.65,57.4,28.12,34.13,40.39,31.69,40.08,39.42
2025-05-02,56.9,40.44,54.66,52.74,56.42,47.29,42.61,38.1,40.59,46.35,68.72,53.31,34.97,40.23,40.04,76.28,28.75,43.27,25.89,27.43,47.8,40.41,38.63,57.48,28.05,34.18,40.53,31.51,40.03,39.24
2025-05-05,56.61,39.22,53.36,52.25,52.59,45.85,42.22,36.11,38.55,44.62,67.04,52.15,34.21,37.18,38.93,68.07,27.74,43.03,24.38,25.69,46.12,38.95,38.49,51.72,25.53,31.25,39.93,28.76,37.36,37.5
2025-05-06,55.38,38.86,52.28,51.11,51.4,44.83,41.48,35.39,37.78,43.72,65.59,51.04,33.52,36.47,38.15,66.53,27.24,42.1,23.89,25.23,45.11,39.52,37.7,50.58,25.06,30.62,39.41,28.38,36.53,36.67
2025-05-07,51.22,37.58,45.47,47.44,46.1,40.21,36.66,31.99,35.54,41.08,62.03,45.82,31.17,33.83,34.67,62.9,26.62,37.42,21.79,23.24,40.49,38.35,34.64,48.75,24.12,28.54,38.39,26.59,33.15,32.97
2025-05-08,45.34,36.24,41.1,44.48,44.52,36.42,33.92,29.77,32.73,38.47,55.76,42.77,27.74,31.91,31.57,55.69,25.65,34.98,21.09,21.76,38.07,35.72,32.15,42.8,22.71,27.43,35.95,25.64,29.79,29.8
2025-05-09,32.14,32.05,31.97,30.29,28.95,27.65,26.35,21.05,25.94,27.97,40.62,28.22,21.12,22.8,25.23,39.76,19.86,25.01,18.87,19.32,28.79,32.82,23.18,34.02,20.34,22.47,33.9,22.25,23.44,23.34
2025-05-12,26.58,30.2,29.27,26.27,27.16,24.42,23.92,17.78,20.45,24.29,35.93,25.08,18.6,18.5,23.38,32.74,18.35,20.55,18.37,18.34,27.27,32.88,21.53,28.26,19.7,21.79,33.58,21.83,20.14,21.48
2025-05-13,26.3,29.76,28.94,25.8,27.23,24.22,23.5,17.49,20.24,24.01,35.31,25.0,18.68,18.19,23.45,32.4,18.6,20.23,18.1,18.07,26.7,32.53,21.16,27.71,19.73,21.73,38.95,21.59,19.81,21.44
2025-05-14,23.71,29.72,27.57,25.57,27.05,23.85,23.34,17.37,19.2,23.76,34.61,24.61,18.62,18.03,23.3,31.96,18.38,19.79,17.54,17.59,26.59,34.2,20.58,27.04,19.1,21.71,39.91,21.29,19.49,20.95
2025-05-15,23.64,30.16,27.43,25.36,26.76,23.0,23.4,19.38,19.35,23.61,33.92,24.36,18.52,18.25,24.16,31.52,17.79,19.46,18.44,17.91,26.89,33.95,20.33,27.71,19.72,22.11,45.41,21.65,19.73,23.02
2025-05-16,22.11,28.72,25.99,24.33,26.39,22.54,21.98,18.71,19.18,22.87,33.57,23.48,17.72,17.21,23.44,30.81,17.47,19.01,18.23,17.65,26.57,33.5,19.05,27.14,19.23,21.1,48.95,20.88,19.27,22.53
2025-05-19,22.24,27.82,26.07,23.57,25.6,22.32,21.73,18.77,18.67,22.17,33.68,23.69,17.31,17.35,23.34,30.64,16.16,19.37,17.63,17.36,26.53,33.39,19.02,25.7,18.62,20.68,46.93,20.58,19.3,22.59
2025-05-20,21.99,27.25,25.64,23.19,25.26,22.0,21.35,18.51,18.42,21.85,33.13,23.32,18.87,17.05,22.98,30.06,15.99,19.22,17.34,17.06,25.99,32.94,18.67,25.28,18.28,20.26,46.49,20.17,18.96,22.58
2025-05-21,22.48,26.88,25.33,22.24,25.28,21.52,20.21,17.9,17.58,21.59,33.52,23.36,18.17,16.9,22.33,30.65,15.71,18.98,16.77,16.72,25.17,32.95,18.19,23.81,17.06,18.59,45.04,18.96,17.82,22.08
2025-05-22,21.95,26.82,24.43,21.71,24.77,21.45,19.23,17.89,17.22,21.35,33.19,23.1,18.05,16.7,22.14,30.01,15.6,18.74,16.54,15.94,23.21,33.05,17.87,23.39,16.48,16.94,45.4,16.39,16.78,21.6
2025-05-23,21.79,26.43,23.56,20.42,23.93,20.97,19.24,17.21,16.95,20.53,30.47,22.36,17.26,16.19,21.88,29.36,15.27,18.47,16.36,15.65,20.98,32.64,17.55,21.89,16.26,16.6,45.18,16.12,16.2,21.22
2025-05-27,21.48,26.52,22.86,19.41,22.11,20.25,19.3,16.75,16.98,19.81,26.49,21.22,17.43,15.86,20.35,28.4,15.19,17.52,15.72,15.17,20.63,28.87,16.09,21.92,15.1,16.41,46.42,14.99,16.33,20.63
2025-05-28,21.3,26.58,22.32,19.05,21.81,19.73,19.1,16.59,17.43,19.56,25.82,21.08,17.25,15.75,20.34,26.6,15.13,17.02,15.67,15.14,20.47,29.27,15.96,22.04,15.0,16.51,46.8,14.84,16.2,20.47
2025-05-29,21.66,25.68,22.27,18.72,24.11,19.51,21.68,16.81,17.53,19.35,25.81,21.15,17.29,14.95,20.37,26.33,15.07,16.9,14.42,15.11,20.38,28.58,16.03,22.53,14.76,16.39,46.73,14.49,16.0,20.2
2025-05-30,21.09,25.96,21.56,17.12,23.29,17.52,22.34,16.23,16.77,18.73,25.5,20.26,16.69,14.08,19.24,27.38,14.85,15.99,13.7,14.54,19.4,28.64,14.91,21.75,14.47,15.85,46.8,14.4,14.15,19.87
2025-06-02,20.34,23.41,20.78,16.88,23.74,17.2,22.56,16.66,15.48,18.89,26.05,19.95,16.95,14.29,19.72,26.83,15.51,15.26,13.81,13.75,19.71,29.14,13.49,22.52,14.72,15.79,48.09,14.7,14.24,20.33
2025-06-03,20.06,23.7,20.66,16.93,23.5,17.16,22.16,16.44,16.25,18.85,28.09,19.95,16.95,14.1,19.38,28.23,15.29,15.16,14.01,13.87,19.7,28.84,13.25,22.88,14.49,16.33,47.1,14.5,14.23,20.42
2025-06-04,19.56,23.73,20.67,16.09,23.54,16.6,22.17,16.31,16.76,17.23,27.45,19.84,16.87,13.98,18.75,28.46,15.23,14.86,14.23,13.52,19.72,28.93,12.83,22.71,14.24,16.31,46.96,14.39,14.05,20.34
2025-06-05,19.76,23.23,20.82,16.0,23.84,16.72,22.01,16.1,16.57,17.39,27.47,20.3,16.76,13.57,18.53,29.13,15.07,14.97,14.18,13.51,19.76,27.04,12.69,22.95,14.47,16.31,46.95,13.89,14.15,20.64
2025-06-06,19.01,22.97,20.01,15.84,23.75,16.71,22.21,16.11,16.79,16.24,27.09,20.45,17.02,13.27,18.05,28.88,14.61,14.78,13.96,13.5,19.98,27.09,12.4,22.75,14.54,16.3,46.92,13.88,14.08,20.83
2025-06-09,19.36,21.85,19.8,15.4,23.4,16.88,21.79,15.66,17.01,16.18,27.32,20.34,16.87,13.27,18.5,29.29,14.47,14.91,13.76,13.5,20.36,26.7,12.06,22.87,14.7,18.29,47.97,13.86,14.76,20.95
2025-06-10,19.48,21.72,19.62,15.29,23.28,16.66,22.01,15.81,17.17,18.07,28.2,20.02,16.8,13.06,18.45,35.5,14.49,14.76,13.7,13.35,20.17,26.88,12.05,23.29,14.5,18.14,46.93,14.01,14.66,20.73
2025-06-11,19.97,19.39,19.46,15.33,22.81,15.67,21.85,16.16,16.94,17.86,27.24,19.95,17.49,13.63,17.51,37.55,13.56,14.55,12.92,13.12,19.3,23.1,11.48,23.81,13.4,17.37,47.02,13.72,13.69,20.54
2025-06-12,19.65,19.24,19.02,15.39,22.55,15.26,22.12,16.4,16.79,17.7,27.14,19.59,17.34,13.72,16.82,37.61,12.76,14.52,12.9,13.06,19.57,23.08,11.6,23.97,12.83,17.71,42.59,14.06,13.7,20.43
2025-06-13,19.98,18.33,19.27,15.97,23.01,15.35,22.43,16.23,17.21,17.14,27.99,19.45,18.07,13.74,16.72,36.75,12.38,14.51,13.13,13.16,19.25,20.21,11.64,25.22,13.28,17.6,41.44,13.76,17.21,20.38
2025-06-16,20.11,17.97,19.84,16.56,23.68,15.42,22.96,13.52,17.32,17.54,28.28,20.1,18.17,13.21,15.96,37.74,12.13,14.54,12.28,13.36,18.15,20.08,11.59,24.46,12.51,17.19,31.0,13.54,17.22,16.8
2025-06-17,19.91,18.08,19.56,16.37,24.05,15.37,23.35,13.67,17.6,17.37,28.8,19.82,18.2,13.12,15.82,37.8,12.6,14.35,12.27,13.37,18.18,20.67,11.49,24.51,12.5,16.92,30.4,13.9,17.2,16.61
2025-06-18,19.39,18.22,19.55,16.74,23.65,15.69,24.02,13.65,17.56,17.58,29.01,19.21,18.04,12.69,15.77,38.6,12.68,14.76,12.47,13.55,17.93,21.93,11.14,24.69,12.37,17.01,27.74,14.02,20.73,16.04
2025-06-20,18.92,18.66,20.58,15.71,23.69,15.54,24.19,13.71,17.84,17.61,29.76,18.52,15.53,12.81,16.19,39.32,13.0,14.42,12.75,14.06,17.75,21.98,11.29,24.42,12.5,18.56,26.92,14.08,20.87,15.35
2025-06-23,19.08,25.92,19.88,16.33,24.18,15.38,23.93,14.22,19.4,18.3,31.05,18.21,16.4,12.82,17.54,40.93,13.15,14.53,12.36,14.35,18.67,22.19,12.95,25.2,12.32,18.87,25.76,14.01,21.91,15.93
2025-06-24,18.91,26.67,19.66,16.66,23.83,15.4,24.15,14.03,19.5,17.99,30.94,18.07,16.38,12.71,17.64,42.03,13.04,14.36,12.22,14.23,18.54,22.53,12.81,25.11,12.33,18.6,25.52,13.86,21.73,16.08
2025-06-25,18.72,26.61,19.78,16.44,23.44,15.26,24.18,13.88,19.18,17.66,30.7,17.88,16.27,12.83,17.85,41.45,13.13,14.24,12.05,14.72,18.49,22.12,12.7,24.83,12.22,18.8,25.11,13.77,21.51,15.98
2025-06-26,18.69,26.88,20.1,16.16,23.54,15.59,23.78,13.9,19.19,17.25,30.82,18.28,16.2,12.81,17.66,41.32,13.01,14.42,12.12,14.74,18.66,22.46,12.7,24.75,12.15,18.55,24.2,13.73,21.47,16.06
2025-06-27,18.71,26.98,20.78,16.67,25.62,15.62,23.74,13.94,18.84,17.26,31.27,18.07,16.57,12.68,17.51,42.11,13.19,14.35,12.3,15.4,18.75,22.01,12.72,27.37,12.19,18.69,23.73,13.74,21.74,16.22
2025-06-30,19.49,26.85,20.77,16.68,24.48,15.52,21.05,13.69,18.94,17.16,31.31,18.03,16.77,13.28,17.75,42.13,12.77,14.62,12.0,15.4,18.89,21.74,12.58,27.7,11.92,19.07,22.91,14.38,22.23,16.21
2025-07-01,19.44,28.38,20.61,17.1,24.42,15.99,20.7,13.63,19.26,16.89,34.38,17.97,18.86,13.9,17.69,41.88,14.11,14.64,12.54,15.88,19.49,24.14,12.63,27.69,12.33,18.96,24.51,14.39,21.94,16.25
2025-07-02,20.0,28.8,20.28,16.98,24.77,16.17,20.9,13.28,19.29,16.82,34.74,18.24,18.7,13.99,17.01,43.24,13.51,14.6,12.79,16.14,18.69,23.84,12.57,28.87,11.97,20.61,25.32,14.2,22.02,16.03
2025-07-03,19.98,28.2,20.05,16.82,25.14,15.98,21.13,13.63,18.48,16.5,32.76,18.09,18.54,13.94,17.14,42.35,13.48,14.77,12.52,15.83,19.66,23.86,12.79,28.35,12.17,20.46,25.16,14.15,22.05,15.44
2025-07-07,20.98,29.07,19.89,17.85,25.78,16.97,21.41,13.88,18.53,16.81,35.19,18.14,19.41,14.42,18.06,43.65,13.64,15.42,12.52,16.06,20.21,24.33,13.05,29.45,11.85,21.48,25.16,15.01,23.02,15.6
2025-07-08,20.67,28.84,20.12,18.1,25.66,16.71,21.59,13.65,19.96,16.71,37.21,18.43,19.17,14.25,18.16,45.23,13.74,16.59,12.45,15.78,20.17,24.31,12.84,29.68,11.97,21.21,24.72,15.03,22.64,16.27
2025-07-09,20.13,29.55,19.85,18.01,26.32,16.66,21.83,13.78,19.72,16.52,37.35,18.48,19.43,14.79,17.49,44.72,13.76,16.56,12.86,15.42,19.92,24.77,13.0,29.48,12.08,19.8,24.57,15.18,22.31,16.22
2025-07-10,20.02,29.69,19.76,18.7,26.27,17.06,22.15,13.38,19.84,14.06,37.36,18.78,19.86,14.91,17.79,39.5,14.14,16.85,12.74,15.83,20.22,24.28,13.04,29.69,12.39,19.75,25.06,14.99,22.28,16.47
2025-07-11,19.1,29.88,19.43,18.71,26.16,16.84,22.4,12.95,19.75,13.89,37.18,18.13,19.2,14.2,17.38,36.96,14.17,16.81,12.91,15.7,19.67,24.34,13.14,28.98,12.5,19.68,24.59,14.85,22.7,16.17
2025-07-14,19.06,30.36,19.41,18.31,25.74,17.04,21.93,12.75,20.28,13.86,38.29,18.2,18.52,14.57,17.55,37.38,14.44,16.96,12.79,16.59,19.81,24.41,12.84,28.01,12.61,19.16,24.16,14.43,20.8,16.09
2025-07-15,18.82,29.87,19.0,18.85,25.54,16.88,21.71,12.64,19.97,13.72,37.93,18.28,19.42,14.37,17.3,37.31,14.45,17.2,12.53,16.36,19.54,25.06,12.72,27.57,12.65,19.12,24.56,14.32,20.38,15.81
2025-07-16,19.06,29.95,18.58,18.71,25.66,17.43,21.78,12.53,19.7,13.33,37.98,18.5,19.8,14.57,16.99,37.65,16.41,17.74,12.02,15.57,19.76,24.87,12.63,27.79,12.56,19.29,24.15,13.87,20.29,15.59
2025-07-17,18.88,29.72,18.46,19.02,25.15,17.52,20.92,12.35,19.6,13.79,37.24,18.69,19.67,14.52,16.86,36.88,16.12,18.32,12.26,15.54,19.61,24.19,12.88,27.42,12.52,21.28,24.89,13.18,20.02,15.44
2025-07-18,18.8,29.92,17.9,19.43,25.12,17.44,20.23,12.26,23.38,13.75,36.91,18.23,19.54,14.84,17.01,36.19,16.05,17.52,12.22,15.45,27.03,23.22,12.9,27.36,12.73,21.57,25.19,13.23,15.69,15.3
2025-07-21,18.54,29.71,17.04,19.78,25.22,17.62,20.13,12.17,23.48,13.35,36.23,18.29,19.67,14.8,16.37,35.31,15.94,17.51,12.17,15.2,27.5,23.23,12.85,27.72,12.66,20.63,24.88,14.82,15.69,15.48
2025-07-22,18.25,29.96,16.96,19.53,25.0,17.67,19.88,11.98,23.17,13.12,36.5,18.35,19.79,14.64,16.19,34.69,16.11,17.38,12.77,15.24,27.32,23.19,12.77,27.37,13.19,20.29,24.57,15.16,15.52,15.24
2025-07-23,18.15,24.77,16.75,18.94,25.08,17.37,19.86,11.55,22.0,12.33,36.15,18.23,19.46,14.61,15.46,34.25,16.24,16.97,12.98,15.16,26.89,23.37,11.22,26.88,12.97,20.6,24.71,15.32,14.83,14.61
2025-07-24,17.96,23.47,17.71,18.47,25.12,17.24,19.11,11.54,22.11,12.41,43.93,18.2,19.41,15.71,16.66,32.92,16.12,16.98,12.94,15.1,27.14,22.68,11.27,27.03,12.75,20.69,25.61,15.42,14.43,14.49
2025-07-25,17.77,23.01,17.09,18.64,25.27,17.3,18.6,11.53,22.18,12.55,44.85,18.27,19.24,15.87,16.37,33.09,16.09,16.92,12.9,14.52,27.03,22.8,11.55,26.88,12.71,20.29,25.82,15.36,14.23,14.38
2025-07-28,17.66,22.68,15.3,18.51,23.36,16.93,18.35,11.42,22.48,12.4,46.17,17.82,19.62,15.71,16.69,33.12,16.41,16.85,12.84,14.19,27.47,22.66,11.49,24.1,12.63,20.87,25.86,15.93,13.9,14.15
2025-07-29,17.67,22.55,15.44,18.47,27.57,17.28,18.63,11.48,22.06,12.36,45.35,17.71,19.33,15.96,16.72,32.73,16.29,16.82,13.1,14.19,26.94,27.44,11.47,23.9,13.31,20.67,27.01,15.79,14.26,14.11
2025-07-30,16.26,22.77,14.97,19.07,27.6,17.84,18.4,11.67,22.46,12.31,46.4,17.89,19.64,15.53,16.56,32.55,16.33,16.76,13.16,14.36,28.13,27.8,11.55,24.24,14.71,20.51,27.54,15.11,14.78,13.97
2025-07-31,15.98,21.03,15.2,18.77,27.37,17.44,19.09,11.98,22.12,12.33,44.14,17.94,17.58,14.87,17.35,32.11,15.35,16.88,12.67,13.63,27.99,27.03,14.35,24.17,14.42,20.66,27.95,15.5,15.16,13.74
2025-08-01,19.38,20.59,16.7,19.07,27.41,17.39,19.12,12.23,22.6,12.86,44.96,18.5,18.12,15.14,17.88,30.54,15.66,17.58,12.49,13.17,28.05,27.63,15.37,22.54,14.86,19.14,29.64,15.78,15.49,13.68
2025-08-04,20.19,20.87,17.52,18.97,27.17,17.52,18.82,11.92,22.7,13.04,45.19,18.45,18.45,15.32,17.9,30.06,16.53,17.45,12.4,13.67,27.4,27.51,15.62,22.4,14.72,18.84,29.87,15.88,15.39,13.97
2025-08-05,19.98,20.68,17.42,18.85,26.92,18.2,19.08,12.39,22.59,13.31,44.88,18.5,18.32,15.07,17.76,30.62,16.31,18.06,12.3,14.0,27.12,27.16,15.73,22.24,14.57,18.56,30.83,15.65,15.6,14.01
2025-08-06,20.93,23.39,19.22,18.32,26.74,17.98,18.77,13.09,22.64,14.66,45.94,17.91,17.93,15.09,17.9,30.85,16.47,17.72,12.66,14.98,26.97,27.43,15.95,22.3,15.02,18.09,31.11,15.06,15.74,15.97
2025-08-07,21.11,23.45,19.17,18.43,26.79,19.73,22.4,13.26,21.37,16.48,44.53,17.7,18.19,15.61,18.08,28.46,16.25,17.13,13.09,15.34,26.87,27.52,16.38,22.03,14.82,18.33,31.91,15.26,17.49,15.35
2025-08-08,23.28,22.73,18.93,18.48,25.35,19.65,22.33,13.91,21.48,16.73,44.24,17.67,17.93,15.11,19.1,28.56,16.66,17.42,12.75,15.56,26.79,26.91,16.26,22.06,14.63,18.32,32.22,15.07,17.57,15.59
2025-08-11,23.9,22.9,18.9,17.86,25.71,20.29,23.28,15.22,21.58,17.03,45.63,17.69,17.93,15.32,20.03,30.7,16.33,17.28,12.88,15.13,27.13,27.26,16.43,21.63,14.71,18.67,32.6,15.14,17.04,15.25
2025-08-12,23.58,22.53,18.91,18.01,25.7,20.27,23.6,15.12,21.38,16.99,45.98,18.48,17.93,15.06,19.97,31.78,16.32,17.16,12.81,15.25,26.76,26.83,16.37,21.46,14.46,18.37,32.66,14.94,16.79,15.02
2025-08-13,23.69,22.6,18.97,18.14,25.78,20.29,24.27,15.75,20.92,17.76,46.49,18.74,18.31,14.85,20.22,32.64,16.27,17.69,12.69,14.67,26.89,27.48,17.12,22.32,14.19,18.58,33.24,15.34,16.79,15.2
2025-08-14,23.81,22.45,19.65,17.58,25.52,20.97,24.27,18.12,20.84,17.99,46.86,18.51,17.13,14.8,20.25,37.67,16.35,17.39,13.0,15.12,27.1,26.8,17.13,22.27,14.03,18.34,32.98,15.27,16.87,15.17
2025-08-15,23.91,22.37,19.68,17.54,25.29,20.92,25.43,19.91,21.04,18.0,46.79,18.54,16.85,14.55,20.34,38.91,14.57,16.95,13.05,15.03,27.9,26.85,17.23,22.1,14.01,18.51,34.41,15.91,16.94,15.15
2025-08-18,24.46,22.56,20.07,16.54,25.73,21.13,26.05,20.43,16.81,17.87,47.66,18.38,17.05,14.26,20.51,41.77,14.53,16.56,12.98,15.05,21.98,26.88,17.46,22.44,14.35,16.16,34.71,16.04,17.44,15.37
2025-08-19,24.09,22.3,19.84,16.37,26.3,20.99,25.79,20.21,16.65,17.6,46.91,18.28,17.95,14.16,20.24,42.7,14.42,16.31,12.99,15.18,22.02,26.48,17.26,22.61,14.56,16.04,34.73,15.9,17.24,15.37
2025-08-20,24.13,22.5,20.35,16.21,26.12,21.21,25.84,20.16,16.43,17.79,47.74,18.71,18.27,14.23,20.21,44.41,14.48,16.66,13.36,15.19,21.42,26.56,17.27,22.32,14.87,16.37,35.38,14.85,17.19,15.41
2025-08-21,24.12,21.58,20.19,16.22,26.01,21.07,26.19,20.23,16.54,17.84,47.13,18.33,18.15,14.28,20.3,44.77,14.06,16.53,12.66,14.88,21.02,26.91,17.22,22.14,14.38,16.46,35.68,14.25,17.24,16.14
2025-08-22,24.21,21.68,21.5,17.61,26.56,22.3,26.17,20.34,16.77,18.2,48.06,19.08,19.57,14.57,19.95,46.26,14.34,16.96,12.61,14.91,21.33,26.69,17.37,23.1,14.61,15.82,35.49,14.72,17.4,16.68
2025-08-25,24.79,22.39,21.06,17.78,26.83,22.57,26.54,20.63,16.17,18.39,40.76,19.12,19.8,13.08,18.84,47.53,14.49,17.21,13.51,15.08,21.27,27.63,17.37,23.22,15.24,15.89,35.37,14.82,17.6,16.86
2025-08-26,24.59,22.0,20.75,17.89,26.9,22.18,26.4,20.74,16.41,18.09,39.94,19.15,19.44,13.07,18.81,46.74,14.24,17.2,13.28,14.85,20.97,27.09,17.17,22.86,14.99,15.59,35.96,14.8,17.53,16.62
2025-08-27,24.64,21.79,20.75,17.86,26.92,22.23,26.52,20.74,16.66,18.02,39.15,19.05,19.11,12.92,18.79,46.98,13.91,17.32,13.1,14.73,20.45,27.23,17.32,22.5,14.91,15.12,35.95,14.43,17.54,16.55
2025-08-28,24.61,21.44,20.81,17.8,22.39,21.73,26.41,20.88,16.64,18.11,39.35,18.85,19.04,12.33,18.54,46.91,13.77,17.06,12.68,14.58,20.44,22.47,17.29,22.25,14.31,14.93,34.87,14.36,17.06,16.4
2025-08-29,24.26,21.18,20.94,17.41,21.82,22.18,26.46,20.64,16.08,18.13,38.27,18.6,18.5,12.19,18.65,46.95,13.77,17.06,12.63,14.37,19.12,22.01,17.22,22.01,12.98,14.72,34.77,14.31,16.31,16.28
2025-09-02,21.78,20.47,20.02,17.6,22.17,22.19,26.51,20.7,15.25,18.39,37.19,18.16,18.17,11.8,17.56,47.51,13.45,16.66,12.84,14.65,18.79,19.68,14.46,21.64,12.56,14.21,30.77,14.02,15.47,16.49
2025-09-03,21.2,20.6,19.33,18.69,22.41,22.2,27.13,20.66,16.2,18.56,37.33,18.06,17.81,12.31,17.75,47.55,12.4,16.67,13.49,14.33,18.91,19.71,14.09,21.75,12.72,14.67,30.68,14.41,15.39,16.61
2025-09-04,21.13,20.77,19.55,19.08,22.21,21.53,28.16,20.43,15.85,18.85,37.06,18.24,17.79,12.66,18.29,47.35,12.28,16.08,14.1,13.8,18.99,19.61,13.68,21.62,12.74,14.64,29.43,14.44,14.94,16.66
2025-09-05,18.94,17.5,17.98,19.46,22.92,21.35,28.6,20.47,15.94,17.82,35.5,20.03,17.92,12.68,18.07,47.15,12.38,17.62,13.83,12.87,19.12,19.52,15.62,21.69,12.26,15.37,29.41,14.4,16.29,14.78
2025-09-08,15.72,17.06,17.93,19.11,22.92,20.09,25.82,20.17,15.99,16.03,36.6,20.05,17.9,12.25,18.51,47.58,12.16,16.99,13.5,12.33,19.46,19.32,15.5,20.9,12.61,14.95,28.94,14.41,14.18,14.9
2025-09-09,16.07,16.83,17.81,19.02,22.64,19.92,25.42,19.85,15.93,15.97,36.17,20.95,17.72,12.4,18.67,46.65,12.02,17.23,13.42,12.21,19.31,18.93,15.24,20.83,12.49,14.8,31.99,14.19,14.17,14.67
2025-09-10,16.51,16.5,19.23,19.06,22.55,19.36,25.91,19.13,15.91,16.6,34.77,21.11,17.4,12.52,17.74,45.49,12.18,17.66,13.43,12.88,19.38,18.38,15.16,21.1,12.82,14.63,31.87,14.29,14.52,15.07
2025-09-11,16.56,16.68,18.87,19.24,23.74,19.82,25.27,19.21,15.96,16.85,35.15,20.84,17.8,13.22,17.42,44.31,12.25,17.7,13.32,12.65,20.68,18.48,14.97,21.18,12.97,15.58,32.17,14.47,14.73,15.8
2025-09-12,16.79,17.09,19.12,19.25,23.43,19.8,24.9,18.88,16.16,16.28,33.46,20.53,17.33,13.44,17.4,43.68,12.29,17.1,13.45,12.56,20.81,18.19,14.45,21.14,12.8,15.19,31.87,13.99,14.36,15.63
2025-09-15,16.38,17.17,18.61,19.16,23.61,19.08,23.9,14.47,16.0,16.26,34.69,20.21,17.38,13.67,17.73,38.6,11.98,16.81,13.35,12.31,19.7,18.34,14.77,21.14,13.2,14.92,30.79,13.46,14.32,15.77
2025-09-16,16.54,17.33,18.45,18.9,23.27,18.87,23.8,14.36,15.83,16.0,34.36,19.91,17.09,13.61,17.54,38.05,11.92,16.59,13.11,12.23,19.9,18.06,14.83,20.96,13.04,14.93,30.74,13.5,14.64,15.54
2025-09-17,16.45,17.17,18.85,19.5,23.12,18.97,23.61,14.46,15.89,15.87,36.62,20.08,17.68,13.94,17.71,35.78,12.0,16.64,12.96,12.14,20.53,18.25,14.57,21.2,13.2,15.22,30.33,13.64,14.91,16.12
2025-09-18,16.62,16.93,19.06,19.85,22.02,20.44,23.51,14.64,15.89,16.02,36.89,20.16,16.54,14.08,18.72,36.51,12.3,16.7,12.81,11.99,20.22,18.05,14.49,21.14,12.81,15.7,30.08,13.47,15.26,16.56
2025-09-19,16.88,17.7,18.56,19.74,22.22,20.28,23.59,15.47,16.4,16.41,36.66,19.82,15.91,14.21,18.89,34.97,12.76,16.72,12.42,12.05,20.33,17.93,14.69,21.31,12.54,15.14,29.34,13.06,15.28,16.57
2025-09-22,18.21,17.89,17.41,18.93,21.52,19.53,23.92,15.48,15.84,16.48,35.66,18.86,13.34,14.04,19.46,33.75,12.49,16.43,12.27,12.27,20.07,17.45,14.65,21.03,12.89,15.14,29.79,12.33,15.4,15.58
2025-09-23,18.05,17.62,18.46,19.29,21.73,20.48,24.12,15.5,15.9,16.51,35.64,19.34,13.4,13.88,19.24,34.36,12.45,16.47,12.27,12.32,20.42,17.43,14.6,21.1,12.98,15.21,30.05,12.2,15.75,15.45
2025-09-24,18.25,18.0,18.96,19.46,21.72,20.65,24.52,15.74,16.1,16.73,35.65,19.93,13.58,13.91,19.67,36.38,12.32,16.65,11.69,12.39,20.4,16.54,14.68,20.82,12.68,15.02,30.02,12.13,15.68,15.24
2025-09-25,18.26,19.49,19.18,19.41,21.36,20.85,24.4,15.32,15.59,16.79,36.38,19.91,13.67,13.79,21.56,40.84,12.55,16.44,11.99,12.6,20.42,17.47,14.58,21.54,12.87,15.38,28.52,11.99,15.67,15.18
2025-09-26,18.34,19.81,19.31,19.42,21.59,20.82,24.34,15.56,15.34,16.73,36.78,20.14,13.77,13.76,22.28,41.44,12.78,16.42,12.22,12.53,20.53,17.35,14.56,21.41,12.84,15.36,28.75,11.91,15.65,15.24
2025-09-29,18.43,20.3,19.27,19.66,22.79,20.23,24.34,15.47,16.14,16.94,36.98,20.56,14.32,14.99,23.0,42.59,12.92,16.83,12.41,12.9,20.66,17.26,14.97,21.41,12.9,15.57,28.65,12.15,16.14,15.47
2025-09-30,18.14,21.39,19.25,21.28,22.73,20.0,25.11,15.45,15.93,16.77,36.58,20.95,14.09,14.86,22.8,42.24,13.78,17.13,12.29,12.7,20.51,22.14,15.0,21.3,12.76,15.42,28.27,12.42,16.33,15.29
2025-10-01,17.98,24.6,19.49,21.27,22.28,20.28,25.69,15.46,15.77,17.39,35.92,20.72,14.62,14.77,22.75,43.9,13.78,17.36,12.12,13.15,20.26,25.16,15.07,22.5,12.88,15.21,27.93,12.49,16.83,15.64
2025-10-02,17.95,24.67,19.42,20.87,21.56,20.6,25.68,15.64,16.04,17.48,36.56,20.85,14.45,14.82,22.95,45.23,13.8,17.12,11.94,13.13,20.3,25.79,15.23,23.32,12.75,15.19,28.34,11.9,16.79,16.05
2025-10-03,18.05,24.55,19.76,19.91,21.12,20.91,25.24,15.7,15.06,17.41,36.44,21.13,14.39,14.57,22.97,45.98,14.0,17.03,11.16,13.02,20.0,26.13,15.22,24.39,12.59,15.3,28.79,11.45,17.17,15.88
2025-10-06,18.39,24.51,20.14,19.73,21.19,21.52,26.78,15.36,14.7,16.95,35.7,20.1,14.81,14.48,22.81,47.86,14.1,15.76,10.65,13.2,20.32,26.36,14.06,24.54,12.6,14.86,28.43,15.07,16.27,15.64
2025-10-07,18.03,24.27,19.83,20.09,21.16,21.9,27.43,15.18,15.17,16.81,37.08,20.61,14.64,14.27,22.93,47.67,15.4,15.79,11.23,13.2,20.18,26.09,14.07,25.2,12.99,14.81,28.03,14.94,16.1,15.96
2025-10-08,17.84,24.26,20.19,20.27,21.28,23.13,27.47,15.89,15.1,16.64,35.85,21.12,14.57,14.17,22.09,48.52,15.22,15.8,11.29,13.21,20.27,26.14,13.93,25.19,13.07,15.13,27.99,14.79,16.13,15.63
2025-10-09,17.65,24.23,20.77,20.11,22.87,23.19,28.26,16.38,15.45,16.79,36.17,20.05,14.74,15.22,22.15,48.78,15.31,15.44,11.21,13.24,21.12,26.23,14.06,25.38,13.01,16.92,24.48,15.0,16.39,16.69
2025-10-10,19.25,24.49,22.39,21.4,23.65,24.36,27.29,18.12,15.35,17.23,39.07,21.03,14.77,15.69,23.59,51.75,15.27,16.18,11.33,12.77,22.22,26.67,14.86,27.05,12.71,17.46,25.92,15.22,16.51,16.7
2025-10-13,19.33,24.73,22.72,21.26,22.27,24.5,27.87,18.66,15.23,16.95,38.25,20.83,14.2,15.23,24.42,53.1,15.13,16.23,11.48,13.35,20.68,26.55,14.75,27.24,13.1,17.48,24.68,15.7,16.88,16.23
2025-10-14,19.19,24.5,23.08,22.97,22.42,27.17,28.19,19.53,15.73,17.26,39.05,23.49,15.03,16.58,24.14,52.95,17.36,18.01,11.49,13.54,21.07,26.19,14.88,27.25,13.14,17.57,24.64,15.89,17.47,18.57
2025-10-15,19.32,24.47,23.38,23.16,22.46,27.24,28.38,19.84,16.11,17.21,37.97,23.89,15.33,17.96,24.58,52.97,17.79,18.5,11.55,13.57,21.04,25.93,14.77,27.51,13.12,18.22,24.5,15.81,17.65,19.03
2025-10-16,19.14,24.67,23.79,24.25,22.6,27.34,30.25,20.16,16.26,18.32,38.43,24.96,15.52,17.96,24.94,53.44,17.86,19.91,11.81,13.5,21.07,26.22,14.78,28.25,13.41,20.78,24.06,15.64,18.46,20.31
2025-10-17,19.67,24.82,23.56,25.91,22.44,27.63,30.93,20.35,16.27,18.52,36.39,25.26,14.92,17.91,25.43,54.49,17.84,20.06,11.8,13.45,20.18,26.3,14.98,28.19,12.94,20.84,24.24,15.59,18.43,20.14
2025-10-20,20.29,24.82,23.59,26.36,22.5,26.78,32.61,19.91,15.89,18.3,35.89,25.62,15.16,17.76,25.15,53.28,17.44,20.24,11.89,13.2,20.42,27.02,14.88,28.03,12.92,20.74,23.95,16.0,18.53,19.88
2025-10-21,19.99,24.57,23.57,25.97,22.08,26.52,33.47,19.6,15.76,18.44,35.38,25.1,15.36,17.96,24.71,52.19,17.14,20.34,12.09,12.98,26.77,26.61,14.71,27.95,12.76,20.7,23.99,15.97,18.52,19.58
2025-10-22,19.67,24.75,23.63,26.09,21.93,26.56,33.24,19.76,15.86,18.19,35.4,25.46,15.45,18.15,24.87,52.36,16.98,20.82,12.39,13.25,26.98,26.59,14.85,27.64,12.64,20.9,23.41,17.1,18.28,19.82
2025-10-23,19.54,24.87,22.74,25.73,21.43,25.83,32.89,19.67,15.76,18.16,36.5,24.94,15.64,19.58,29.59,52.58,17.0,20.66,12.61,13.47,27.06,26.49,14.72,27.43,12.63,20.66,22.81,18.62,17.78,19.94
2025-10-24,19.56,24.18,22.47,25.63,21.4,25.72,32.74,19.61,15.76,18.2,36.73,25.54,15.53,20.32,35.16,52.73,17.22,20.98,12.41,13.35,27.61,26.5,14.66,27.47,14.63,20.64,22.7,18.62,17.87,20.09
2025-10-27,19.57,23.21,22.62,25.86,20.93,26.1,33.12,19.73,15.97,18.54,37.01,25.64,15.75,21.07,34.78,50.91,17.17,21.29,12.33,13.47,28.24,26.39,14.73,27.85,14.89,20.69,22.46,19.06,18.04,20.8
2025-10-28,19.17,22.89,22.59,25.32,20.63,25.72,32.57,19.83,15.9,18.21,36.66,25.21,15.85,20.7,34.37,51.83,17.07,21.05,12.35,13.45,27.71,25.93,15.17,27.61,14.94,20.52,25.15,18.85,17.74,20.47
2025-10-29,19.38,23.01,22.83,25.27,21.26,28.95,32.68,20.5,15.51,18.18,37.1,25.68,16.31,20.27,34.33,51.53,17.12,21.15,13.32,13.36,28.12,26.18,15.27,28.24,15.11,20.63,25.97,20.42,18.84,20.56
2025-10-30,19.71,21.97,23.05,24.03,23.11,29.46,32.56,20.84,15.55,19.41,37.13,25.9,16.85,20.82,34.61,51.43,16.44,21.2,13.43,13.57,28.44,24.07,15.69,28.27,15.1,21.07,26.42,21.39,18.93,20.6
2025-10-31,20.4,19.24,23.1,23.84,23.45,29.47,32.45,20.78,16.23,19.1,37.21,25.8,16.42,20.91,35.16,49.48,16.45,21.02,13.77,13.09,28.41,20.85,16.27,27.15,15.15,21.09,26.66,22.04,18.4,20.45
2025-11-03,20.48,19.95,23.38,24.2,23.88,29.59,33.04,21.02,16.72,18.97,37.22,25.83,16.73,21.39,35.9,48.87,16.76,21.58,14.06,13.28,29.23,21.53,16.44,26.47,15.67,21.02,27.22,22.66,18.64,20.34
2025-11-04,20.22,19.74,23.81,23.86,23.8,29.94,32.61,21.18,16.48,18.65,36.54,26.63,16.76,21.18,35.41,48.55,16.55,21.6,13.84,13.17,28.79,22.22,16.35,26.34,15.95,21.6,27.19,22.29,18.58,20.0
2025-11-05,20.29,23.74,23.55,24.26,23.4,30.71,30.32,21.3,16.48,18.57,36.56,26.6,17.55,21.5,35.67,47.75,16.53,21.73,13.83,14.71,28.77,22.66,15.94,26.86,15.92,21.54,27.28,20.22,18.49,20.12
2025-11-06,20.65,24.09,24.38,23.9,23.75,30.9,32.14,21.63,15.98,18.93,34.94,26.45,17.64,21.53,36.06,49.55,15.22,21.64,13.64,15.65,28.72,22.69,16.16,25.85,15.67,21.46,27.86,20.23,18.56,19.95
2025-11-07,20.98,24.27,24.45,24.1,23.8,30.3,32.08,21.23,16.2,18.89,35.07,26.68,17.85,21.63,36.45,48.96,15.35,21.82,14.07,15.75,29.35,22.56,16.28,26.5,15.64,21.32,28.22,20.37,18.54,19.99
2025-11-10,19.05,24.56,22.04,23.87,21.72,29.97,31.71,19.71,16.3,18.01,32.53,26.5,18.09,20.8,35.96,46.87,15.74,21.4,14.35,15.81,28.84,22.56,15.8,24.7,16.06,19.98,26.99,20.42,18.19,19.12
2025-11-11,19.15,25.73,21.63,23.62,21.33,29.51,31.21,19.53,16.15,18.17,32.02,26.22,17.88,21.15,35.67,45.96,16.22,21.05,14.36,16.04,28.62,23.69,15.71,25.32,16.22,19.81,26.85,20.29,18.13,18.89
2025-11-12,19.07,25.61,22.05,23.67,21.24,29.42,30.92,20.04,16.53,18.55,31.75,26.76,17.85,21.16,35.83,45.69,16.28,21.23,14.24,15.64,28.74,23.83,16.39,25.02,16.02,19.44,28.37,19.96,18.13,18.77
2025-11-13,19.09,26.08,21.99,22.31,20.8,28.93,30.47,20.19,16.0,19.8,31.23,25.66,17.31,20.17,36.35,45.64,13.76,20.77,14.15,15.39,28.38,24.67,16.7,24.69,15.85,19.45,28.3,20.12,17.54,16.51
2025-11-14,19.35,26.41,22.05,22.29,21.16,29.31,30.82,21.07,15.97,20.65,31.16,25.76,17.37,19.25,36.48,45.28,13.53,20.74,14.26,15.74,28.25,25.75,17.42,24.69,15.77,19.06,28.33,20.41,17.71,17.54
2025-11-17,19.22,26.48,22.1,21.58,21.48,29.61,29.06,21.02,16.41,20.29,32.54,25.59,17.76,19.82,37.07,44.51,14.16,20.1,14.37,16.14,28.55,25.99,17.41,24.06,16.17,16.33,28.83,20.78,17.08,16.01
2025-11-18,19.21,26.13,22.69,21.86,21.28,29.37,29.13,21.04,16.37,20.23,32.58,25.63,18.94,19.67,36.55,44.06,13.95,20.04,14.22,16.01,28.18,28.04,18.26,23.78,16.01,16.4,28.73,20.46,17.26,16.12
2025-11-19,18.66,26.01,23.01,21.58,22.18,29.64,28.43,21.4,16.41,21.11,32.94,25.6,19.77,19.75,36.46,44.62,14.37,20.0,14.18,16.03,28.11,28.4,18.86,24.01,16.11,16.6,29.19,20.56,17.14,16.34
2025-11-20,19.8,26.41,24.51,22.6,24.56,31.04,27.41,24.61,16.67,21.61,33.52,27.89,19.78,20.41,37.08,48.19,14.55,20.95,14.01,16.16,22.84,28.56,20.2,24.64,16.38,16.26,28.87,20.67,17.01,19.03
2025-11-21,19.75,26.4,25.16,23.13,24.89,31.16,27.7,24.71,16.66,21.87,35.14,28.36,21.31,20.3,37.13,48.69,14.97,21.18,14.45,16.0,22.98,30.05,20.51,25.1,16.56,16.14,29.75,20.45,17.39,19.74
2025-11-24,20.29,27.08,25.8,23.52,25.37,32.04,28.09,25.2,16.81,22.32,33.92,28.26,21.78,18.64,28.43,46.23,15.09,21.26,15.02,16.37,22.43,31.26,21.16,25.51,15.49,16.76,30.34,20.43,17.84,20.25
2025-11-25,20.17,26.73,25.91,23.47,25.68,32.11,28.37,24.76,16.57,22.13,33.75,28.49,22.84,18.39,28.43,45.93,14.95,21.63,14.84,16.29,22.05,32.17,21.57,25.96,15.28,16.8,29.98,20.06,17.97,20.71
2025-11-26,20.0,26.76,25.92,23.48,26.24,32.11,28.89,24.81,16.72,22.17,33.49,28.61,23.12,18.07,27.75,44.6,15.01,21.79,14.75,16.12,21.79,32.18,21.67,25.88,15.23,16.8,30.4,19.98,17.85,20.77
2025-11-28,20.28,27.02,25.84,23.79,25.35,29.7,29.3,24.53,16.83,22.63,33.07,28.73,22.86,18.21,27.79,46.16,15.05,22.08,13.79,16.16,21.62,32.64,21.47,25.22,14.95,16.74,27.64,18.49,16.76,21.16
2025-12-01,20.06,26.67,25.51,23.97,23.58,29.33,28.46,24.52,16.47,21.84,33.61,28.74,23.37,17.6,26.75,46.66,15.04,22.01,13.67,16.61,21.37,32.6,20.7,26.42,14.9,16.43,27.31,16.24,16.31,21.27
2025-12-02,19.88,26.3,25.35,23.67,25.36,29.23,28.13,24.15,16.67,21.59,33.34,28.19,23.08,17.77,26.8,48.98,14.9,21.6,13.93,16.48,21.03,31.97,20.43,25.94,15.48,16.22,26.92,15.97,16.31,21.04
2025-12-03,19.9,25.96,25.05,24.12,26.49,31.05,28.17,24.63,15.86,21.51,33.22,28.63,23.27,17.37,26.51,48.97,14.53,21.53,13.61,16.9,20.58,30.75,20.38,25.16,15.48,16.65,27.43,15.81,15.94,21.41
2025-12-04,20.19,26.15,24.83,24.06,26.43,30.5,29.41,24.03,15.88,21.67,34.65,27.38,23.38,17.22,26.48,50.62,14.68,21.3,13.8,17.3,20.63,30.16,20.25,24.92,15.37,15.37,27.91,15.97,16.32,21.51
2025-12-05,19.99,23.43,24.62,23.37,26.33,29.4,30.85,23.85,16.17,21.75,34.88,27.2,22.57,16.84,26.16,50.56,14.68,20.85,13.88,15.83,20.26,30.14,20.06,24.31,15.55,15.39,28.01,16.26,16.66,21.38
2025-12-08,19.72,23.57,23.92,23.66,26.19,29.0,28.65,24.04,16.24,22.52,34.91,26.68,22.99,16.97,24.88,50.02,14.72,20.72,13.25,15.0,19.5,30.62,20.25,25.27,16.92,15.42,27.24,16.62,17.19,21.97
2025-12-09,19.39,23.88,23.56,23.3,26.56,28.43,28.08,23.74,16.06,22.1,35.21,26.39,23.48,16.84,24.54,49.22,15.49,23.85,13.15,14.91,19.26,30.95,19.82,24.88,16.79,15.43,26.7,17.66,16.89,21.99
2025-12-10,18.94,23.68,23.26,24.24,26.52,28.75,27.95,24.0,15.9,22.65,36.31,26.86,23.62,16.8,24.82,49.72,16.5,25.14,12.84,15.09,18.61,30.94,19.94,25.45,16.59,15.13,26.95,17.66,16.82,22.67
2025-12-11,18.86,22.29,23.37,24.59,26.73,29.51,28.14,24.11,15.86,22.64,36.48,27.47,23.99,15.81,24.25,49.9,15.99,25.68,13.66,14.67,18.47,29.82,20.2,25.21,16.2,15.35,27.25,17.5,19.55,23.14
2025-12-12,18.7,22.1,23.15,24.78,26.95,31.18,27.99,23.54,15.27,22.48,36.95,27.47,24.01,15.74,23.87,51.33,16.1,25.49,14.37,15.31,18.25,29.96,19.71,25.53,16.37,15.23,25.77,18.04,19.23,23.32
2025-12-15,18.99,21.24,23.03,24.53,27.12,29.32,28.39,21.69,14.92,20.96,37.36,26.05,24.24,15.79,22.42,51.1,16.95,24.7,14.56,14.84,19.14,29.24,18.95,25.94,16.76,14.91,25.93,17.5,19.04,22.54
2025-12-16,18.74,20.91,22.6,24.16,26.82,28.94,27.88,21.42,14.93,20.79,37.06,25.93,24.0,15.57,22.39,50.2,17.53,24.34,14.49,15.05,19.4,29.51,18.75,25.72,16.58,14.82,26.04,17.18,18.73,22.27
2025-12-17,18.69,20.65,22.42,22.05,26.79,30.95,27.54,21.68,14.63,20.43,35.55,25.81,23.9,15.53,21.52,50.52,17.19,23.92,14.37,15.11,19.51,29.47,18.64,25.65,16.28,14.49,25.66,17.18,18.12,22.25
2025-12-18,18.93,20.7,21.7,21.57,26.7,30.87,26.9,21.59,14.55,20.5,35.08,25.55,23.58,15.89,21.77,51.05,17.4,23.84,14.31,14.98,19.42,27.34,18.07,25.86,16.34,14.51,25.25,17.2,17.66,22.15
2025-12-19,18.55,20.9,21.39,21.55,26.61,30.74,26.61,22.01,14.59,19.88,34.65,25.64,23.34,15.97,22.28,50.67,17.18,23.83,14.35,15.05,19.32,26.87,17.44,26.67,16.45,14.32,24.84,17.01,17.55,21.98
2025-12-22,16.6,20.17,18.3,19.52,24.37,29.02,25.99,18.24,14.21,18.99,32.73,22.49,22.0,15.02,20.9,47.23,17.05,22.41,13.69,15.11,18.19,26.66,15.5,26.17,16.08,14.23,24.43,15.91,17.25,19.07
2025-12-23,16.35,19.99,18.18,19.21,23.88,28.47,25.53,17.86,13.97,18.68,32.43,22.13,21.73,14.75,20.63,46.3,16.96,22.08,13.46,14.93,17.93,26.1,15.18,25.64,15.88,14.04,23.98,15.63,17.03,18.86
2025-12-24,15.87,19.66,17.62,18.98,23.81,28.0,25.46,17.6,13.63,18.29,31.97,21.78,21.45,14.51,19.62,46.05,16.83,21.95,12.72,14.45,17.32,25.44,14.78,26.04,15.18,13.73,23.59,14.32,16.85,18.32
2025-12-26,15.75,19.6,16.78,18.69,22.73,27.56,24.3,17.49,13.55,18.31,31.29,20.81,19.65,14.49,18.82,46.08,16.99,21.44,12.73,14.47,17.67,23.7,13.39,25.05,15.41,13.56,23.23,14.44,16.66,17.03
2025-12-29,15.65,19.66,16.62,18.92,22.7,27.71,24.28,17.33,13.35,18.19,31.25,20.89,19.78,14.23,18.69,42.89,16.88,21.29,12.78,14.49,17.62,23.67,13.26,25.28,15.35,13.36,23.46,14.37,16.63,16.86
2025-12-30,15.34,19.34,16.39,18.52,22.4,27.12,23.81,17.0,13.13,17.88,30.68,20.65,19.4,14.07,18.47,42.61,16.51,20.83,12.53,14.21,17.25,23.22,13.06,24.78,15.03,13.12,23.27,14.14,16.28,16.53
2025-12-31,14.43,18.82,16.29,18.33,22.26,27.05,23.3,17.02,12.75,17.43,30.28,20.4,18.69,14.03,18.7,42.6,16.38,20.59,12.24,13.72,17.09,21.92,13.03,24.71,14.93,12.88,22.93,14.06,16.38,16.41
2026-01-02,15.45,18.5,18.64,17.87,21.61,26.04,25.11,16.43,13.69,17.63,31.36,21.22,18.94,13.79,18.83,40.51,16.89,20.87,11.94,13.44,17.14,22.44,13.94,25.13,14.22,12.91,22.22,14.19,16.77,15.97
2026-01-05,15.56,17.49,18.99,18.97,21.75,26.45,22.06,17.19,15.81,19.58,30.6,23.74,18.88,15.5,18.72,40.14,17.6,22.38,12.01,12.88,17.08,22.36,14.31,26.09,13.72,14.43,22.38,13.94,17.65,16.06
2026-01-06,15.78,18.81,21.02,19.32,21.39,26.5,22.62,16.95,19.45,19.33,30.97,23.59,20.08,16.07,19.23,39.8,17.36,22.06,11.89,13.22,17.74,22.33,14.52,26.29,13.68,14.57,22.29,13.81,17.65,16.51
2026-01-07,15.87,19.05,21.2,19.14,21.7,28.03,21.94,16.95,19.6,18.8,31.91,23.96,20.53,17.78,19.4,43.92,17.52,22.5,11.84,13.06,17.95,23.0,15.02,26.18,12.09,14.53,23.15,13.8,17.27,16.47
2026-01-08,15.97,19.76,21.32,19.47,21.71,28.42,22.12,16.74,20.66,19.21,35.09,23.68,22.44,18.97,20.04,45.49,16.99,18.78,13.16,13.49,18.74,22.58,15.24,29.27,13.21,14.44,23.42,12.3,17.63,17.17
2026-01-09,16.1,20.24,21.57,18.53,22.38,27.92,21.77,16.11,20.52,18.62,32.93,22.9,23.39,19.52,19.57,48.54,15.76,16.71,13.8,13.43,18.44,22.69,15.08,29.06,13.14,14.58,23.0,12.16,17.81,17.16
2026-01-12,16.22,20.21,21.52,17.79,22.72,25.85,22.03,15.59,21.05,18.56,32.53,21.78,23.6,20.23,20.92,48.13,16.68,16.15,12.07,12.7,19.32,23.05,14.7,29.01,13.23,14.47,22.75,11.51,15.43,16.85
2026-01-13,16.05,20.38,21.95,17.53,23.05,25.49,27.67,15.9,20.84,18.34,32.07,21.64,23.61,19.93,21.75,48.9,17.18,19.14,12.12,12.76,19.1,22.84,15.0,28.55,13.06,16.25,22.89,12.74,17.44,17.16
2026-01-14,15.63,20.23,21.57,17.83,23.23,25.44,27.09,16.0,21.77,17.58,33.06,21.84,23.49,19.74,22.14,48.96,16.68,19.31,12.05,13.01,18.29,22.86,15.41,28.86,13.2,16.23,22.66,13.08,17.64,17.28
2026-01-15,15.71,20.59,21.73,17.8,23.19,25.2,27.68,15.97,21.7,17.55,33.52,24.69,23.34,19.95,23.94,49.86,16.02,19.33,12.26,12.82,17.91,22.37,15.57,28.94,13.21,16.49,22.95,13.38,17.81,17.34
2026-01-16,15.66,20.75,21.54,17.82,22.82,22.43,27.94,15.19,21.48,18.01,33.61,24.55,23.2,19.82,24.29,51.05,15.84,19.69,12.3,12.64,18.28,22.37,15.72,28.84,13.01,16.5,23.02,13.43,17.81,18.41
2026-01-20,17.74,21.36,22.02,18.65,22.76,23.01,29.16,14.25,21.88,17.77,34.33,24.98,22.25,19.87,24.94,52.83,16.09,20.58,13.71,12.86,23.32,22.5,15.48,28.51,13.29,16.44,24.27,13.63,18.56,19.67
2026-01-21,18.41,23.07,22.46,19.45,23.31,23.7,29.03,14.43,21.95,18.28,36.9,25.53,23.01,19.83,24.98,54.95,17.91,20.44,14.26,12.72,23.62,21.3,16.72,28.23,13.44,17.63,24.39,13.6,18.79,19.99
2026-01-22,18.43,23.3,22.63,19.78,23.51,24.03,29.8,14.59,22.01,18.57,36.96,25.76,23.43,20.1,25.36,55.1,18.03,20.55,14.26,12.63,25.01,21.87,17.12,28.46,14.11,18.99,24.77,13.7,18.83,20.02
2026-01-23,18.72,23.65,23.22,19.93,23.67,25.19,29.91,15.08,22.13,18.86,37.09,25.98,23.46,20.14,25.51,57.29,18.17,20.77,14.73,12.78,25.61,21.93,19.62,27.98,14.06,19.49,24.74,13.77,18.86,20.08
2026-01-26,19.51,23.95,23.37,20.05,23.82,26.04,29.98,15.88,22.12,18.82,37.14,26.19,23.56,20.17,25.61,58.21,18.23,20.81,14.84,12.93,25.83,22.0,20.41,27.86,14.34,19.77,24.9,13.77,19.33,20.23
